Timestamp,Vehicle_No,Latitude,Longitude,Speed,Status,Location,Branch
2026-01-04T00:00:27.607Z,GA 07 G 0680-PIL(QUICK RESPONSE VEHICLE),15.532985,73.7939533,0,STOP,At Fire Station Pilerne,Fire Station Pilerne
2026-01-04T00:00:27.607Z,GA07G2506 - Mid Size (Water Tender),15.500313,73.914154,0,STOP,At Fire Station Old Goa,Fire Station Old Goa
2026-01-04T00:00:27.607Z,GA 07 G 5115-POR(MINI WATER TENDER),15.523013,73.829475,0,STOP,At Porvorim Fire Station,Fire Station Porvorim
2026-01-04T00:00:27.607Z,GA 07 G 0350-MRG(WATER TENDER),15.269395,73.970535,0,STOP,At Fire Station Margoa,Fire Station Margao
2026-01-04T00:00:27.607Z,GA 07 G 2900-MAP(MINI RESCUE TENDER),15.589923,73.808792,0,STOP,At Fire Station Mapusa,Fire Station Mapusa
2026-01-04T00:00:27.607Z,GA 07 G 7600-FFHQ(WATER BOUSER),15.487193,73.817085,0,STOP,"Caculo Mall, 16 Shanta, St Inez Rd, Caculo Enclave, Santa Inez, Panaji, Goa (NW)",Fire Force Headquarters
2026-01-04T00:00:27.607Z,GA 07 G 2002-FFHQ(TURN TABLE LADDER),15.487275,73.817276,0,STOP,"Caculo Mall, 16 Shanta, St Inez Rd, Caculo Enclave, Santa Inez, Panaji, Goa (NW)",Fire Force Headquarters
2026-01-04T00:00:27.607Z,GA 07 G 7101-FFHQ(WATER TENDER),15.486918,73.817024,0,STOP,"Caculo Mall, 16 Shanta, St Inez Rd, Caculo Enclave, Santa Inez, Panaji, Goa (NW)",Fire Force Headquarters
2026-01-04T00:00:27.607Z,GA 07 G 7677-FFHQ(EMERGENCY RESCUE),15.48698,73.817253,0,STOP,"Caculo Mall, 16 Shanta, St Inez Rd, Caculo Enclave, Santa Inez, Panaji, Goa (NW)",Fire Force Headquarters
2026-01-04T00:00:27.607Z,GA 07 G 1121-PNJ(EMERGENCY RESCUE),15.487298,73.817154,0,STOP,"Caculo Mall, 16 Shanta, St Inez Rd, Caculo Enclave, Santa Inez, Panaji, Goa (NW)",Fire Station Panaji
2026-01-04T00:00:27.607Z,GA 07 G 1571-FFHQ(QUICK RESPONSE),15.486577,73.817474,0,STOP,"Caculo Mall, 16 Shanta, St Inez Rd, Caculo Enclave, Santa Inez, Panaji, Goa (SW)",Fire Force Headquarters
2026-01-04T00:00:27.607Z,GA 07 G 8101-MAP(WATER TENDER),15.58985,73.808739,0,STOP,At Fire Station Mapusa,Fire Station Mapusa
2026-01-04T00:00:27.607Z,GA 07 G 2317-MRG(EMERGENCY RESCUE TENDER),15.2694383,73.9700683,2,STOP,At Fire Station Margoa,Fire Station Margao
2026-01-04T00:00:27.607Z,GA 07 G 1570-VAS(QUICK RESPONSE FIRE TENDER),15.3887599,73.851335,0,STOP,At Fire Station Vasco,Fire Station Vasco
2026-01-04T00:00:27.607Z,GA 07 G 4101-VAS(MS WATER TENDER),15.388845,73.8513016,0,STOP,At Fire Station Vasco,Fire Station Vasco
2026-01-04T00:00:27.607Z,GA 07 G 0819-VAS(WATER/FOAM TENDER),15.3888617,73.85127,0,IDLE,At Fire Station Vasco,Fire Station Vasco
2026-01-04T00:00:27.607Z,GA 07 G 7100-MRG(WATER BOUSER),15.2693333,73.97015,0,STOP,At Fire Station Margoa,Fire Station Margao
2026-01-04T00:00:27.607Z,GA 07 G 1568-MRG(QUICK RESPONSE ),15.2693333,73.9705966,0,STOP,At Fire Station Margoa,Fire Station Margao
2026-01-04T00:00:27.607Z,GA 07 G 6101-MRG(WATER TENDER),15.2692683,73.97006,4,STOP,At Fire Station Margoa,Fire Station Margao
2026-01-04T00:00:27.607Z,GA 07 G 1001-MRG(AERIAL LADDER PLATFORM),15.2693116,73.970125,0,STOP,At Fire Station Margoa,Fire Station Margao
2026-01-04T00:00:27.607Z,GA 07 G 0820-BIC(WATER TEDNER),15.402795,74.0028044,0,STOP,At Fire Station Ponda ,Fire Station Bicholim
2026-01-04T00:00:27.607Z,GA 07 G 5101-OLG(MS WATER TENDER),15.50034,73.9140383,0,STOP,At Fire Station Old Goa,Fire Station Old Goa
2026-01-04T00:00:27.607Z,GA 07 G 3101-BIC(MS WATER TENDER),15.58917,73.9465649,0,STOP,At Fire Station Bicholim ,Fire Station Bicholim
2026-01-04T00:00:27.607Z,GA 07 G 1941-BIC(QUICK RESPONSE),15.5894883,73.9466966,0,STOP,At Fire Station Bicholim ,Fire Station Bicholim
2026-01-04T00:00:27.607Z,GA 07 G 2319-VAS (EMERGENCY RESCUE TENDER),15.3892083,73.8478433,0,STOP,"155/C, near railway bridge, airport road, Alto-dabolim, Dabolim, Goa (SW)",Fire Station Vasco
2026-01-04T00:00:27.607Z,GA 07 G 3737-VAP(WATER TENDER),15.5310816,74.1389166,0,STOP,At Fire Station Valpoi ,Fire Station Valpoi
2026-01-04T00:00:27.607Z,GA 07 G 2318-PND(EMERGENCY RESCUE TENDER),15.4027833,74.0029216,0,STOP,At Fire Station Ponda ,Fire Station Ponda
2026-01-04T00:00:27.607Z,GA 07 G 2004-PND(QUICK RESPONSE),15.4141016,73.9073083,0,INACTIVE,"Guru Hotel, Old Ferry Road, Agaçaim, Goa (SE)",Fire Station Ponda
2026-01-04T00:00:27.607Z,GA 07 G 9101-PND(WATER TENDER),15.4026116,74.0032633,0,STOP,At Fire Station Ponda ,Fire Station Ponda
2026-01-04T00:00:27.607Z,GA 07 G 9797-PND(WATER BOUSER),15.4031816,74.0027183,0,STOP,At Fire Station Ponda ,Fire Station Ponda
2026-01-04T00:00:27.607Z,GA 07 G 6363-CAN(WATER TENDER),15.02359,74.0440516,0,INACTIVE,"Canacona, The Lalitrajbaga ,Canacona, Canacona, Goa (NE)",Fire Station Canacona
2026-01-04T00:00:27.607Z,GA 07 G 1567-CAN(QUICK RESPONSE FT),15.02371,74.044075,0,INACTIVE,"Canacona, The Lalitrajbaga ,Canacona, Canacona, Goa (NE)",Fire Station Canacona
2026-01-04T00:00:27.607Z,GA 07 G 1569-VRN(QUICK RESPONSE),15.3695233,73.9355466,0,STOP,At Fire Station Verna,Fire Station Verna
2026-01-04T00:00:27.607Z,GA 07 G 9909-VRN(ADVANCE MULTI-PURPOSE),15.3697166,73.93553,0,STOP,At Fire Station Verna,Fire Station Verna
2026-01-04T00:00:27.607Z,GA 07 G 1942-VAP(QUICK RESPONSE),15.5311866,74.1388099,0,STOP,At Fire Station Valpoi ,Fire Station Valpoi
2026-01-04T00:00:27.607Z,GA 07 G 2003-CUR(QUICK RESPONSE),15.2603333,74.103695,0,STOP,At Fire Station Curchorem,Fire Station Curchorem
2026-01-04T00:00:27.607Z,GA 07 G 7447-CUR(EMERGENCY RESCUE),15.2605033,74.103735,0,STOP,At Fire Station Curchorem,Fire Station Curchorem
2026-01-04T00:00:27.607Z,GA 07 G 7557-CUR(WATER TENDER),15.2604466,74.10376,0,STOP,At Fire Station Curchorem,Fire Station Curchorem
2026-01-04T00:00:27.607Z,GA 07 G 7667-CUR(WATER BOUSER),15.2603416,74.103785,0,STOP,At Fire Station Curchorem,Fire Station Curchorem
2026-01-04T00:00:27.607Z,GA 07 G 4989-KUN(WATER TENDER),15.4631567,73.97233,0,STOP,At Fire Station Kundaim,Fire Station Kundaim
2026-01-04T00:00:27.607Z,GA 07 G 2242-PIL(WATER TENDER),15.532975,73.79416,0,STOP,At Fire Station Pilerne,Fire Station Pilerne
2026-01-04T00:00:27.607Z,GA 07 G 0681-MAP(QUICK RESPONSE),15.5899317,73.8086583,0,STOP,At Fire Station Mapusa,Fire Station Mapusa
2026-01-04T00:00:27.607Z,GA 07 G 0307-PER(QUICK RESPONSE),15.7164939,73.7974239,0,INACTIVE,At Fire Station Pernem,Fire Station Pernem
2026-01-04T00:00:27.607Z,GA 07 G 2101-PER(MS WATER TENDER),15.7163783,73.797585,0,STOP,At Fire Station Pernem,Fire Station Pernem
2026-01-04T00:00:27.607Z,GA 07 G 4600-PER(MINI RESCUE TENDER),15.716455,73.7975228,0,STOP,At Fire Station Pernem,Fire Station Pernem
2026-01-04T00:00:27.607Z,GA 07 G 7272-PNJ(WATER TENDER),15.48729,73.8168156,0,STOP,"Caculo Mall, 16 Shanta, St Inez Rd, Caculo Enclave, Santa Inez, Panaji, Goa (NW)",Fire Station Panaji
2026-01-04T00:00:27.607Z,GA07G2384- Cuncolim,15.1862661,74.021075,0,STOP,At Fire Station Cuncolim,Fire Station Cuncolim
2026-01-04T00:00:27.607Z,GA07G2507 - Mid Size (Water Tender),15.7162883,73.797745,0,STOP,At Fire Station Pernem,Fire Station Pernem
2026-01-04T00:00:27.607Z,GA07G2505 - Mid Size (Water Tender),15.5309567,74.1385983,0,STOP,At Fire Station Valpoi ,Fire Station Valpoi
2026-01-04T00:00:27.607Z,GA07G2504 - Mid Size (Water Tender),15.5893983,73.9466233,0,STOP,At Fire Station Bicholim ,Fire Station Bicholim
2026-01-04T00:00:27.607Z,GA07G2503-Mid Size (Water Tender),15.58996,73.8087483,0,STOP,At Fire Station Mapusa,Fire Station Mapusa
2026-01-04T00:00:27.607Z,GA07G2502 - Mid Size (Water Tender),15.5898217,73.8087733,0,STOP,At Fire Station Mapusa,Fire Force Headquarters
2026-01-04T00:01:23.217Z,GA 07 G 0680-PIL(QUICK RESPONSE VEHICLE),15.532985,73.7939533,0,STOP,At Fire Station Pilerne,Fire Station Pilerne
2026-01-04T00:01:23.217Z,GA07G2506 - Mid Size (Water Tender),15.500313,73.914154,0,STOP,At Fire Station Old Goa,Fire Station Old Goa
2026-01-04T00:01:23.217Z,GA 07 G 5115-POR(MINI WATER TENDER),15.522993,73.829407,0,STOP,At Porvorim Fire Station,Fire Station Porvorim
2026-01-04T00:01:23.217Z,GA 07 G 0350-MRG(WATER TENDER),15.269395,73.970535,0,STOP,At Fire Station Margoa,Fire Station Margao
2026-01-04T00:01:23.217Z,GA 07 G 2900-MAP(MINI RESCUE TENDER),15.589923,73.808792,0,STOP,At Fire Station Mapusa,Fire Station Mapusa
2026-01-04T00:01:23.217Z,GA 07 G 7600-FFHQ(WATER BOUSER),15.487193,73.817085,0,STOP,"Caculo Mall, 16 Shanta, St Inez Rd, Caculo Enclave, Santa Inez, Panaji, Goa (NW)",Fire Force Headquarters
2026-01-04T00:01:23.217Z,GA 07 G 2002-FFHQ(TURN TABLE LADDER),15.487275,73.817276,0,STOP,"Caculo Mall, 16 Shanta, St Inez Rd, Caculo Enclave, Santa Inez, Panaji, Goa (NW)",Fire Force Headquarters
2026-01-04T00:01:23.217Z,GA 07 G 7101-FFHQ(WATER TENDER),15.486952,73.817093,0,STOP,"Caculo Mall, 16 Shanta, St Inez Rd, Caculo Enclave, Santa Inez, Panaji, Goa (NW)",Fire Force Headquarters
2026-01-04T00:01:23.217Z,GA 07 G 7677-FFHQ(EMERGENCY RESCUE),15.48698,73.817253,0,STOP,"Caculo Mall, 16 Shanta, St Inez Rd, Caculo Enclave, Santa Inez, Panaji, Goa (NW)",Fire Force Headquarters
2026-01-04T00:01:23.217Z,GA 07 G 1121-PNJ(EMERGENCY RESCUE),15.487298,73.817154,0,STOP,"Caculo Mall, 16 Shanta, St Inez Rd, Caculo Enclave, Santa Inez, Panaji, Goa (NW)",Fire Station Panaji
2026-01-04T00:01:23.217Z,GA 07 G 1571-FFHQ(QUICK RESPONSE),15.486558,73.817429,0,STOP,"Caculo Mall, 16 Shanta, St Inez Rd, Caculo Enclave, Santa Inez, Panaji, Goa (SW)",Fire Force Headquarters
2026-01-04T00:01:23.217Z,GA 07 G 8101-MAP(WATER TENDER),15.58985,73.808739,0,STOP,At Fire Station Mapusa,Fire Station Mapusa
2026-01-04T00:01:23.217Z,GA 07 G 2317-MRG(EMERGENCY RESCUE TENDER),15.2694866,73.97006,0,STOP,At Fire Station Margoa,Fire Station Margao
2026-01-04T00:01:23.217Z,GA 07 G 1570-VAS(QUICK RESPONSE FIRE TENDER),15.3887599,73.851335,0,STOP,At Fire Station Vasco,Fire Station Vasco
2026-01-04T00:01:23.217Z,GA 07 G 4101-VAS(MS WATER TENDER),15.388845,73.8513016,0,STOP,At Fire Station Vasco,Fire Station Vasco
2026-01-04T00:01:23.217Z,GA 07 G 0819-VAS(WATER/FOAM TENDER),15.3888617,73.85127,0,IDLE,At Fire Station Vasco,Fire Station Vasco
2026-01-04T00:01:23.217Z,GA 07 G 7100-MRG(WATER BOUSER),15.2695583,73.9700516,2,STOP,At Fire Station Margoa,Fire Station Margao
2026-01-04T00:01:23.217Z,GA 07 G 1568-MRG(QUICK RESPONSE ),15.2693333,73.9705966,0,STOP,At Fire Station Margoa,Fire Station Margao
2026-01-04T00:01:23.217Z,GA 07 G 6101-MRG(WATER TENDER),15.269405,73.97006,0,STOP,At Fire Station Margoa,Fire Station Margao
2026-01-04T00:01:23.217Z,GA 07 G 1001-MRG(AERIAL LADDER PLATFORM),15.2693116,73.970125,0,STOP,At Fire Station Margoa,Fire Station Margao
2026-01-04T00:01:23.217Z,GA 07 G 0820-BIC(WATER TEDNER),15.402795,74.0028044,0,STOP,At Fire Station Ponda ,Fire Station Bicholim
2026-01-04T00:01:23.217Z,GA 07 G 5101-OLG(MS WATER TENDER),15.50034,73.9140383,0,STOP,At Fire Station Old Goa,Fire Station Old Goa
2026-01-04T00:01:23.217Z,GA 07 G 3101-BIC(MS WATER TENDER),15.5891716,73.9468349,0,STOP,At Fire Station Bicholim ,Fire Station Bicholim
2026-01-04T00:01:23.217Z,GA 07 G 1941-BIC(QUICK RESPONSE),15.5894883,73.9466966,0,STOP,At Fire Station Bicholim ,Fire Station Bicholim
2026-01-04T00:01:23.217Z,GA 07 G 2319-VAS (EMERGENCY RESCUE TENDER),15.3892083,73.8478433,0,STOP,"155/C, near railway bridge, airport road, Alto-dabolim, Dabolim, Goa (SW)",Fire Station Vasco
2026-01-04T00:01:23.217Z,GA 07 G 3737-VAP(WATER TENDER),15.5310816,74.1389166,0,STOP,At Fire Station Valpoi ,Fire Station Valpoi
2026-01-04T00:01:23.217Z,GA 07 G 2318-PND(EMERGENCY RESCUE TENDER),15.4027833,74.0029216,0,STOP,At Fire Station Ponda ,Fire Station Ponda
2026-01-04T00:01:23.217Z,GA 07 G 2004-PND(QUICK RESPONSE),15.4141016,73.9073083,0,INACTIVE,"Guru Hotel, Old Ferry Road, Agaçaim, Goa (SE)",Fire Station Ponda
2026-01-04T00:01:23.217Z,GA 07 G 9101-PND(WATER TENDER),15.4026116,74.0032633,0,STOP,At Fire Station Ponda ,Fire Station Ponda
2026-01-04T00:01:23.217Z,GA 07 G 9797-PND(WATER BOUSER),15.4031816,74.0027183,0,STOP,At Fire Station Ponda ,Fire Station Ponda
2026-01-04T00:01:23.217Z,GA 07 G 6363-CAN(WATER TENDER),15.02359,74.0440516,0,INACTIVE,"Canacona, The Lalitrajbaga ,Canacona, Canacona, Goa (NE)",Fire Station Canacona
2026-01-04T00:01:23.217Z,GA 07 G 1567-CAN(QUICK RESPONSE FT),15.02371,74.044075,0,INACTIVE,"Canacona, The Lalitrajbaga ,Canacona, Canacona, Goa (NE)",Fire Station Canacona
2026-01-04T00:01:23.217Z,GA 07 G 1569-VRN(QUICK RESPONSE),15.3695233,73.9355466,0,STOP,At Fire Station Verna,Fire Station Verna
2026-01-04T00:01:23.217Z,GA 07 G 9909-VRN(ADVANCE MULTI-PURPOSE),15.3697166,73.93553,0,STOP,At Fire Station Verna,Fire Station Verna
2026-01-04T00:01:23.217Z,GA 07 G 1942-VAP(QUICK RESPONSE),15.5311566,74.1388099,0,STOP,At Fire Station Valpoi ,Fire Station Valpoi
2026-01-04T00:01:23.217Z,GA 07 G 2003-CUR(QUICK RESPONSE),15.2603333,74.103695,0,STOP,At Fire Station Curchorem,Fire Station Curchorem
2026-01-04T00:01:23.217Z,GA 07 G 7447-CUR(EMERGENCY RESCUE),15.2605033,74.103735,0,STOP,At Fire Station Curchorem,Fire Station Curchorem
2026-01-04T00:01:23.217Z,GA 07 G 7557-CUR(WATER TENDER),15.2604466,74.10376,0,STOP,At Fire Station Curchorem,Fire Station Curchorem
2026-01-04T00:01:23.217Z,GA 07 G 7667-CUR(WATER BOUSER),15.2603416,74.103785,0,STOP,At Fire Station Curchorem,Fire Station Curchorem
2026-01-04T00:01:23.217Z,GA 07 G 4989-KUN(WATER TENDER),15.4631567,73.97233,0,STOP,At Fire Station Kundaim,Fire Station Kundaim
2026-01-04T00:01:23.217Z,GA 07 G 2242-PIL(WATER TENDER),15.5329883,73.7938717,0,STOP,At Fire Station Pilerne,Fire Station Pilerne
2026-01-04T00:01:23.217Z,GA 07 G 0681-MAP(QUICK RESPONSE),15.5899317,73.8086583,0,STOP,At Fire Station Mapusa,Fire Station Mapusa
2026-01-04T00:01:23.217Z,GA 07 G 0307-PER(QUICK RESPONSE),15.7164939,73.7974239,0,INACTIVE,At Fire Station Pernem,Fire Station Pernem
2026-01-04T00:01:23.217Z,GA 07 G 2101-PER(MS WATER TENDER),15.7163783,73.797585,0,STOP,At Fire Station Pernem,Fire Station Pernem
2026-01-04T00:01:23.217Z,GA 07 G 4600-PER(MINI RESCUE TENDER),15.716455,73.7975228,0,STOP,At Fire Station Pernem,Fire Station Pernem
2026-01-04T00:01:23.217Z,GA 07 G 7272-PNJ(WATER TENDER),15.48729,73.8168156,0,STOP,"Caculo Mall, 16 Shanta, St Inez Rd, Caculo Enclave, Santa Inez, Panaji, Goa (NW)",Fire Station Panaji
2026-01-04T00:01:23.217Z,GA07G2384- Cuncolim,15.1862661,74.021075,0,STOP,At Fire Station Cuncolim,Fire Station Cuncolim
2026-01-04T00:01:23.217Z,GA07G2507 - Mid Size (Water Tender),15.7162883,73.797745,0,STOP,At Fire Station Pernem,Fire Station Pernem
2026-01-04T00:01:23.217Z,GA07G2505 - Mid Size (Water Tender),15.5309567,74.1385983,0,STOP,At Fire Station Valpoi ,Fire Station Valpoi
2026-01-04T00:01:23.217Z,GA07G2504 - Mid Size (Water Tender),15.5893983,73.9466233,0,STOP,At Fire Station Bicholim ,Fire Station Bicholim
2026-01-04T00:01:23.217Z,GA07G2503-Mid Size (Water Tender),15.58996,73.8087483,0,STOP,At Fire Station Mapusa,Fire Station Mapusa
2026-01-04T00:01:23.217Z,GA07G2502 - Mid Size (Water Tender),15.5898217,73.8087733,0,STOP,At Fire Station Mapusa,Fire Force Headquarters
2026-01-04T00:02:01.342Z,GA 07 G 0680-PIL(QUICK RESPONSE VEHICLE),15.532985,73.7939533,0,STOP,At Fire Station Pilerne,Fire Station Pilerne
2026-01-04T00:02:01.342Z,GA07G2506 - Mid Size (Water Tender),15.500297,73.914055,0,STOP,At Fire Station Old Goa,Fire Station Old Goa
2026-01-04T00:02:01.342Z,GA 07 G 5115-POR(MINI WATER TENDER),15.522993,73.829407,0,STOP,At Porvorim Fire Station,Fire Station Porvorim
2026-01-04T00:02:01.342Z,GA 07 G 0350-MRG(WATER TENDER),15.269403,73.970535,0,STOP,At Fire Station Margoa,Fire Station Margao
2026-01-04T00:02:01.342Z,GA 07 G 2900-MAP(MINI RESCUE TENDER),15.589897,73.808853,0,STOP,At Fire Station Mapusa,Fire Station Mapusa
2026-01-04T00:02:01.342Z,GA 07 G 7600-FFHQ(WATER BOUSER),15.487243,73.817322,0,STOP,"Caculo Mall, 16 Shanta, St Inez Rd, Caculo Enclave, Santa Inez, Panaji, Goa (NW)",Fire Force Headquarters
2026-01-04T00:02:01.342Z,GA 07 G 2002-FFHQ(TURN TABLE LADDER),15.487275,73.817276,0,STOP,"Caculo Mall, 16 Shanta, St Inez Rd, Caculo Enclave, Santa Inez, Panaji, Goa (NW)",Fire Force Headquarters
2026-01-04T00:02:01.342Z,GA 07 G 7101-FFHQ(WATER TENDER),15.486952,73.817093,0,STOP,"Caculo Mall, 16 Shanta, St Inez Rd, Caculo Enclave, Santa Inez, Panaji, Goa (NW)",Fire Force Headquarters
2026-01-04T00:02:01.342Z,GA 07 G 7677-FFHQ(EMERGENCY RESCUE),15.487027,73.817001,0,STOP,"Caculo Mall, 16 Shanta, St Inez Rd, Caculo Enclave, Santa Inez, Panaji, Goa (NW)",Fire Force Headquarters
2026-01-04T00:02:01.342Z,GA 07 G 1121-PNJ(EMERGENCY RESCUE),15.487345,73.817307,0,STOP,"Caculo Mall, 16 Shanta, St Inez Rd, Caculo Enclave, Santa Inez, Panaji, Goa (NW)",Fire Station Panaji
2026-01-04T00:02:01.342Z,GA 07 G 1571-FFHQ(QUICK RESPONSE),15.486558,73.817429,0,STOP,"Caculo Mall, 16 Shanta, St Inez Rd, Caculo Enclave, Santa Inez, Panaji, Goa (SW)",Fire Force Headquarters
2026-01-04T00:02:01.342Z,GA 07 G 8101-MAP(WATER TENDER),15.5899,73.808701,0,STOP,At Fire Station Mapusa,Fire Station Mapusa
2026-01-04T00:02:01.342Z,GA 07 G 2317-MRG(EMERGENCY RESCUE TENDER),15.2694866,73.97006,0,STOP,At Fire Station Margoa,Fire Station Margao
2026-01-04T00:02:01.342Z,GA 07 G 1570-VAS(QUICK RESPONSE FIRE TENDER),15.3887599,73.851335,0,STOP,At Fire Station Vasco,Fire Station Vasco
2026-01-04T00:02:01.342Z,GA 07 G 4101-VAS(MS WATER TENDER),15.388845,73.8513016,0,STOP,At Fire Station Vasco,Fire Station Vasco
2026-01-04T00:02:01.342Z,GA 07 G 0819-VAS(WATER/FOAM TENDER),15.3888617,73.85127,0,IDLE,At Fire Station Vasco,Fire Station Vasco
2026-01-04T00:02:01.342Z,GA 07 G 7100-MRG(WATER BOUSER),15.2695583,73.9700516,2,STOP,At Fire Station Margoa,Fire Station Margao
2026-01-04T00:02:01.342Z,GA 07 G 1568-MRG(QUICK RESPONSE ),15.2693333,73.9705966,0,STOP,At Fire Station Margoa,Fire Station Margao
2026-01-04T00:02:01.342Z,GA 07 G 6101-MRG(WATER TENDER),15.2693416,73.9700683,6,STOP,At Fire Station Margoa,Fire Station Margao
2026-01-04T00:02:01.342Z,GA 07 G 1001-MRG(AERIAL LADDER PLATFORM),15.2693733,73.9701166,0,STOP,At Fire Station Margoa,Fire Station Margao
2026-01-04T00:02:01.342Z,GA 07 G 0820-BIC(WATER TEDNER),15.402795,74.0028044,0,STOP,At Fire Station Ponda ,Fire Station Bicholim
2026-01-04T00:02:01.342Z,GA 07 G 5101-OLG(MS WATER TENDER),15.50034,73.9140383,0,STOP,At Fire Station Old Goa,Fire Station Old Goa
2026-01-04T00:02:01.342Z,GA 07 G 3101-BIC(MS WATER TENDER),15.5891716,73.9468349,4,STOP,At Fire Station Bicholim ,Fire Station Bicholim
2026-01-04T00:02:01.342Z,GA 07 G 1941-BIC(QUICK RESPONSE),15.5894883,73.9466966,0,STOP,At Fire Station Bicholim ,Fire Station Bicholim
2026-01-04T00:02:01.342Z,GA 07 G 2319-VAS (EMERGENCY RESCUE TENDER),15.3892083,73.8478433,0,STOP,"155/C, near railway bridge, airport road, Alto-dabolim, Dabolim, Goa (SW)",Fire Station Vasco
2026-01-04T00:02:01.342Z,GA 07 G 3737-VAP(WATER TENDER),15.5310816,74.1389166,0,STOP,At Fire Station Valpoi ,Fire Station Valpoi
2026-01-04T00:02:01.342Z,GA 07 G 2318-PND(EMERGENCY RESCUE TENDER),15.4027833,74.0029216,0,STOP,At Fire Station Ponda ,Fire Station Ponda
2026-01-04T00:02:01.342Z,GA 07 G 2004-PND(QUICK RESPONSE),15.4141016,73.9073083,0,INACTIVE,"Guru Hotel, Old Ferry Road, Agaçaim, Goa (SE)",Fire Station Ponda
2026-01-04T00:02:01.342Z,GA 07 G 9101-PND(WATER TENDER),15.4026116,74.0032633,0,STOP,At Fire Station Ponda ,Fire Station Ponda
2026-01-04T00:02:01.342Z,GA 07 G 9797-PND(WATER BOUSER),15.4031816,74.0027183,0,STOP,At Fire Station Ponda ,Fire Station Ponda
2026-01-04T00:02:01.342Z,GA 07 G 6363-CAN(WATER TENDER),15.02359,74.0440516,0,INACTIVE,"Canacona, The Lalitrajbaga ,Canacona, Canacona, Goa (NE)",Fire Station Canacona
2026-01-04T00:02:01.342Z,GA 07 G 1567-CAN(QUICK RESPONSE FT),15.02371,74.044075,0,INACTIVE,"Canacona, The Lalitrajbaga ,Canacona, Canacona, Goa (NE)",Fire Station Canacona
2026-01-04T00:02:01.342Z,GA 07 G 1569-VRN(QUICK RESPONSE),15.3695233,73.9355466,0,STOP,At Fire Station Verna,Fire Station Verna
2026-01-04T00:02:01.342Z,GA 07 G 9909-VRN(ADVANCE MULTI-PURPOSE),15.3697166,73.93553,0,STOP,At Fire Station Verna,Fire Station Verna
2026-01-04T00:02:01.342Z,GA 07 G 1942-VAP(QUICK RESPONSE),15.5311566,74.1388099,0,STOP,At Fire Station Valpoi ,Fire Station Valpoi
2026-01-04T00:02:01.342Z,GA 07 G 2003-CUR(QUICK RESPONSE),15.2603333,74.103695,0,STOP,At Fire Station Curchorem,Fire Station Curchorem
2026-01-04T00:02:01.342Z,GA 07 G 7447-CUR(EMERGENCY RESCUE),15.2605033,74.103735,0,STOP,At Fire Station Curchorem,Fire Station Curchorem
2026-01-04T00:02:01.342Z,GA 07 G 7557-CUR(WATER TENDER),15.2604466,74.10376,0,STOP,At Fire Station Curchorem,Fire Station Curchorem
2026-01-04T00:02:01.342Z,GA 07 G 7667-CUR(WATER BOUSER),15.2603416,74.103785,0,STOP,At Fire Station Curchorem,Fire Station Curchorem
2026-01-04T00:02:01.342Z,GA 07 G 4989-KUN(WATER TENDER),15.4631567,73.97233,0,STOP,At Fire Station Kundaim,Fire Station Kundaim
2026-01-04T00:02:01.342Z,GA 07 G 2242-PIL(WATER TENDER),15.5329883,73.7938717,0,STOP,At Fire Station Pilerne,Fire Station Pilerne
2026-01-04T00:02:01.342Z,GA 07 G 0681-MAP(QUICK RESPONSE),15.5899317,73.8086583,0,STOP,At Fire Station Mapusa,Fire Station Mapusa
2026-01-04T00:02:01.342Z,GA 07 G 0307-PER(QUICK RESPONSE),15.7164939,73.7974239,0,INACTIVE,At Fire Station Pernem,Fire Station Pernem
2026-01-04T00:02:01.342Z,GA 07 G 2101-PER(MS WATER TENDER),15.7163783,73.797585,0,STOP,At Fire Station Pernem,Fire Station Pernem
2026-01-04T00:02:01.342Z,GA 07 G 4600-PER(MINI RESCUE TENDER),15.716455,73.7975228,0,STOP,At Fire Station Pernem,Fire Station Pernem
2026-01-04T00:02:01.342Z,GA 07 G 7272-PNJ(WATER TENDER),15.48729,73.8168156,0,STOP,"Caculo Mall, 16 Shanta, St Inez Rd, Caculo Enclave, Santa Inez, Panaji, Goa (NW)",Fire Station Panaji
2026-01-04T00:02:01.342Z,GA07G2384- Cuncolim,15.1862661,74.021075,0,STOP,At Fire Station Cuncolim,Fire Station Cuncolim
2026-01-04T00:02:01.342Z,GA07G2507 - Mid Size (Water Tender),15.7162883,73.797745,0,STOP,At Fire Station Pernem,Fire Station Pernem
2026-01-04T00:02:01.342Z,GA07G2505 - Mid Size (Water Tender),15.5309567,74.1385983,0,STOP,At Fire Station Valpoi ,Fire Station Valpoi
2026-01-04T00:02:01.342Z,GA07G2504 - Mid Size (Water Tender),15.5893983,73.9466233,0,STOP,At Fire Station Bicholim ,Fire Station Bicholim
2026-01-04T00:02:01.342Z,GA07G2503-Mid Size (Water Tender),15.58996,73.8087483,0,STOP,At Fire Station Mapusa,Fire Station Mapusa
2026-01-04T00:02:01.342Z,GA07G2502 - Mid Size (Water Tender),15.5898217,73.8087733,0,STOP,At Fire Station Mapusa,Fire Force Headquarters
2026-01-04T00:02:59.511Z,GA 07 G 0680-PIL(QUICK RESPONSE VEHICLE),15.532985,73.7939533,0,STOP,At Fire Station Pilerne,Fire Station Pilerne
2026-01-04T00:02:59.511Z,GA07G2506 - Mid Size (Water Tender),15.500297,73.914055,0,STOP,At Fire Station Old Goa,Fire Station Old Goa
2026-01-04T00:02:59.511Z,GA 07 G 5115-POR(MINI WATER TENDER),15.522993,73.829407,0,STOP,At Porvorim Fire Station,Fire Station Porvorim
2026-01-04T00:02:59.511Z,GA 07 G 0350-MRG(WATER TENDER),15.269403,73.970535,0,STOP,At Fire Station Margoa,Fire Station Margao
2026-01-04T00:02:59.511Z,GA 07 G 2900-MAP(MINI RESCUE TENDER),15.589897,73.808853,0,STOP,At Fire Station Mapusa,Fire Station Mapusa
2026-01-04T00:02:59.511Z,GA 07 G 7600-FFHQ(WATER BOUSER),15.487243,73.817322,0,STOP,"Caculo Mall, 16 Shanta, St Inez Rd, Caculo Enclave, Santa Inez, Panaji, Goa (NW)",Fire Force Headquarters
2026-01-04T00:02:59.511Z,GA 07 G 2002-FFHQ(TURN TABLE LADDER),15.487368,73.817284,0,STOP,"Caculo Mall, 16 Shanta, St Inez Rd, Caculo Enclave, Santa Inez, Panaji, Goa (NW)",Fire Force Headquarters
2026-01-04T00:02:59.511Z,GA 07 G 7101-FFHQ(WATER TENDER),15.486952,73.817093,0,STOP,"Caculo Mall, 16 Shanta, St Inez Rd, Caculo Enclave, Santa Inez, Panaji, Goa (NW)",Fire Force Headquarters
2026-01-04T00:02:59.511Z,GA 07 G 7677-FFHQ(EMERGENCY RESCUE),15.487027,73.817001,0,STOP,"Caculo Mall, 16 Shanta, St Inez Rd, Caculo Enclave, Santa Inez, Panaji, Goa (NW)",Fire Force Headquarters
2026-01-04T00:02:59.511Z,GA 07 G 1121-PNJ(EMERGENCY RESCUE),15.487345,73.817307,0,STOP,"Caculo Mall, 16 Shanta, St Inez Rd, Caculo Enclave, Santa Inez, Panaji, Goa (NW)",Fire Station Panaji
2026-01-04T00:02:59.511Z,GA 07 G 1571-FFHQ(QUICK RESPONSE),15.486558,73.817429,0,STOP,"Caculo Mall, 16 Shanta, St Inez Rd, Caculo Enclave, Santa Inez, Panaji, Goa (SW)",Fire Force Headquarters
2026-01-04T00:02:59.511Z,GA 07 G 8101-MAP(WATER TENDER),15.5899,73.808701,0,STOP,At Fire Station Mapusa,Fire Station Mapusa
2026-01-04T00:02:59.511Z,GA 07 G 2317-MRG(EMERGENCY RESCUE TENDER),15.2693766,73.9701166,0,STOP,At Fire Station Margoa,Fire Station Margao
2026-01-04T00:02:59.511Z,GA 07 G 1570-VAS(QUICK RESPONSE FIRE TENDER),15.3887599,73.851335,0,STOP,At Fire Station Vasco,Fire Station Vasco
2026-01-04T00:02:59.511Z,GA 07 G 4101-VAS(MS WATER TENDER),15.388845,73.8513016,0,STOP,At Fire Station Vasco,Fire Station Vasco
2026-01-04T00:02:59.511Z,GA 07 G 0819-VAS(WATER/FOAM TENDER),15.3888617,73.85127,0,IDLE,At Fire Station Vasco,Fire Station Vasco
2026-01-04T00:02:59.511Z,GA 07 G 7100-MRG(WATER BOUSER),15.2695583,73.9700516,0,STOP,At Fire Station Margoa,Fire Station Margao
2026-01-04T00:02:59.511Z,GA 07 G 1568-MRG(QUICK RESPONSE ),15.2693333,73.9705966,0,STOP,At Fire Station Margoa,Fire Station Margao
2026-01-04T00:02:59.511Z,GA 07 G 6101-MRG(WATER TENDER),15.2693616,73.97006,1,STOP,At Fire Station Margoa,Fire Station Margao
2026-01-04T00:02:59.511Z,GA 07 G 1001-MRG(AERIAL LADDER PLATFORM),15.2693733,73.9701166,0,STOP,At Fire Station Margoa,Fire Station Margao
2026-01-04T00:02:59.511Z,GA 07 G 0820-BIC(WATER TEDNER),15.402795,74.0028044,0,STOP,At Fire Station Ponda ,Fire Station Bicholim
2026-01-04T00:02:59.511Z,GA 07 G 5101-OLG(MS WATER TENDER),15.50034,73.9140383,0,STOP,At Fire Station Old Goa,Fire Station Old Goa
2026-01-04T00:02:59.511Z,GA 07 G 3101-BIC(MS WATER TENDER),15.5891716,73.9468349,4,STOP,At Fire Station Bicholim ,Fire Station Bicholim
2026-01-04T00:02:59.511Z,GA 07 G 1941-BIC(QUICK RESPONSE),15.5894883,73.9466966,0,STOP,At Fire Station Bicholim ,Fire Station Bicholim
2026-01-04T00:02:59.511Z,GA 07 G 2319-VAS (EMERGENCY RESCUE TENDER),15.3892083,73.8478433,0,STOP,"155/C, near railway bridge, airport road, Alto-dabolim, Dabolim, Goa (SW)",Fire Station Vasco
2026-01-04T00:02:59.511Z,GA 07 G 3737-VAP(WATER TENDER),15.5310816,74.1389166,0,STOP,At Fire Station Valpoi ,Fire Station Valpoi
2026-01-04T00:02:59.511Z,GA 07 G 2318-PND(EMERGENCY RESCUE TENDER),15.4027833,74.0029216,0,STOP,At Fire Station Ponda ,Fire Station Ponda
2026-01-04T00:02:59.511Z,GA 07 G 2004-PND(QUICK RESPONSE),15.4141016,73.9073083,0,INACTIVE,"Guru Hotel, Old Ferry Road, Agaçaim, Goa (SE)",Fire Station Ponda
2026-01-04T00:02:59.511Z,GA 07 G 9101-PND(WATER TENDER),15.4026116,74.0032633,0,STOP,At Fire Station Ponda ,Fire Station Ponda
2026-01-04T00:02:59.511Z,GA 07 G 9797-PND(WATER BOUSER),15.4031816,74.0027183,0,STOP,At Fire Station Ponda ,Fire Station Ponda
2026-01-04T00:02:59.511Z,GA 07 G 6363-CAN(WATER TENDER),15.02359,74.0440516,0,INACTIVE,"Canacona, The Lalitrajbaga ,Canacona, Canacona, Goa (NE)",Fire Station Canacona
2026-01-04T00:02:59.511Z,GA 07 G 1567-CAN(QUICK RESPONSE FT),15.02371,74.044075,0,INACTIVE,"Canacona, The Lalitrajbaga ,Canacona, Canacona, Goa (NE)",Fire Station Canacona
2026-01-04T00:02:59.511Z,GA 07 G 1569-VRN(QUICK RESPONSE),15.3695233,73.9355466,0,STOP,At Fire Station Verna,Fire Station Verna
2026-01-04T00:02:59.511Z,GA 07 G 9909-VRN(ADVANCE MULTI-PURPOSE),15.3697166,73.93553,0,STOP,At Fire Station Verna,Fire Station Verna
2026-01-04T00:02:59.511Z,GA 07 G 1942-VAP(QUICK RESPONSE),15.5311566,74.1388099,0,STOP,At Fire Station Valpoi ,Fire Station Valpoi
2026-01-04T00:02:59.511Z,GA 07 G 2003-CUR(QUICK RESPONSE),15.2603333,74.103695,0,STOP,At Fire Station Curchorem,Fire Station Curchorem
2026-01-04T00:02:59.511Z,GA 07 G 7447-CUR(EMERGENCY RESCUE),15.2605033,74.103735,0,STOP,At Fire Station Curchorem,Fire Station Curchorem
2026-01-04T00:02:59.511Z,GA 07 G 7557-CUR(WATER TENDER),15.2604466,74.10376,0,STOP,At Fire Station Curchorem,Fire Station Curchorem
2026-01-04T00:02:59.511Z,GA 07 G 7667-CUR(WATER BOUSER),15.2603416,74.103785,0,STOP,At Fire Station Curchorem,Fire Station Curchorem
2026-01-04T00:02:59.511Z,GA 07 G 4989-KUN(WATER TENDER),15.4631567,73.97233,0,STOP,At Fire Station Kundaim,Fire Station Kundaim
2026-01-04T00:02:59.511Z,GA 07 G 2242-PIL(WATER TENDER),15.5329883,73.7938717,0,STOP,At Fire Station Pilerne,Fire Station Pilerne
2026-01-04T00:02:59.511Z,GA 07 G 0681-MAP(QUICK RESPONSE),15.5899317,73.8086583,0,STOP,At Fire Station Mapusa,Fire Station Mapusa
2026-01-04T00:02:59.511Z,GA 07 G 0307-PER(QUICK RESPONSE),15.7164939,73.7974239,0,INACTIVE,At Fire Station Pernem,Fire Station Pernem
2026-01-04T00:02:59.511Z,GA 07 G 2101-PER(MS WATER TENDER),15.7163783,73.797585,0,STOP,At Fire Station Pernem,Fire Station Pernem
2026-01-04T00:02:59.511Z,GA 07 G 4600-PER(MINI RESCUE TENDER),15.716455,73.7975228,0,STOP,At Fire Station Pernem,Fire Station Pernem
2026-01-04T00:02:59.511Z,GA 07 G 7272-PNJ(WATER TENDER),15.48729,73.8168156,0,STOP,"Caculo Mall, 16 Shanta, St Inez Rd, Caculo Enclave, Santa Inez, Panaji, Goa (NW)",Fire Station Panaji
2026-01-04T00:02:59.511Z,GA07G2384- Cuncolim,15.1862661,74.021075,0,STOP,At Fire Station Cuncolim,Fire Station Cuncolim
2026-01-04T00:02:59.511Z,GA07G2507 - Mid Size (Water Tender),15.7162883,73.797745,0,STOP,At Fire Station Pernem,Fire Station Pernem
2026-01-04T00:02:59.511Z,GA07G2505 - Mid Size (Water Tender),15.5309567,74.1385983,0,STOP,At Fire Station Valpoi ,Fire Station Valpoi
2026-01-04T00:02:59.511Z,GA07G2504 - Mid Size (Water Tender),15.5893983,73.9466233,0,STOP,At Fire Station Bicholim ,Fire Station Bicholim
2026-01-04T00:02:59.511Z,GA07G2503-Mid Size (Water Tender),15.58996,73.8087483,0,STOP,At Fire Station Mapusa,Fire Station Mapusa
2026-01-04T00:02:59.511Z,GA07G2502 - Mid Size (Water Tender),15.5898217,73.8087733,0,STOP,At Fire Station Mapusa,Fire Force Headquarters
2026-01-04T00:03:58.826Z,GA 07 G 0680-PIL(QUICK RESPONSE VEHICLE),15.532985,73.7939533,0,STOP,At Fire Station Pilerne,Fire Station Pilerne
2026-01-04T00:03:58.826Z,GA07G2506 - Mid Size (Water Tender),15.500297,73.914055,0,STOP,At Fire Station Old Goa,Fire Station Old Goa
2026-01-04T00:03:58.826Z,GA 07 G 5115-POR(MINI WATER TENDER),15.522993,73.829407,0,STOP,At Porvorim Fire Station,Fire Station Porvorim
2026-01-04T00:03:58.826Z,GA 07 G 0350-MRG(WATER TENDER),15.269403,73.970535,0,STOP,At Fire Station Margoa,Fire Station Margao
2026-01-04T00:03:58.826Z,GA 07 G 2900-MAP(MINI RESCUE TENDER),15.589897,73.808853,0,STOP,At Fire Station Mapusa,Fire Station Mapusa
2026-01-04T00:03:58.826Z,GA 07 G 7600-FFHQ(WATER BOUSER),15.487243,73.817322,0,STOP,"Caculo Mall, 16 Shanta, St Inez Rd, Caculo Enclave, Santa Inez, Panaji, Goa (NW)",Fire Force Headquarters
2026-01-04T00:03:58.826Z,GA 07 G 2002-FFHQ(TURN TABLE LADDER),15.487368,73.817284,0,STOP,"Caculo Mall, 16 Shanta, St Inez Rd, Caculo Enclave, Santa Inez, Panaji, Goa (NW)",Fire Force Headquarters
2026-01-04T00:03:58.826Z,GA 07 G 7101-FFHQ(WATER TENDER),15.486952,73.817093,0,STOP,"Caculo Mall, 16 Shanta, St Inez Rd, Caculo Enclave, Santa Inez, Panaji, Goa (NW)",Fire Force Headquarters
2026-01-04T00:03:58.826Z,GA 07 G 7677-FFHQ(EMERGENCY RESCUE),15.487027,73.817001,0,STOP,"Caculo Mall, 16 Shanta, St Inez Rd, Caculo Enclave, Santa Inez, Panaji, Goa (NW)",Fire Force Headquarters
2026-01-04T00:03:58.826Z,GA 07 G 1121-PNJ(EMERGENCY RESCUE),15.487345,73.817307,0,STOP,"Caculo Mall, 16 Shanta, St Inez Rd, Caculo Enclave, Santa Inez, Panaji, Goa (NW)",Fire Station Panaji
2026-01-04T00:03:58.826Z,GA 07 G 1571-FFHQ(QUICK RESPONSE),15.486558,73.817429,0,STOP,"Caculo Mall, 16 Shanta, St Inez Rd, Caculo Enclave, Santa Inez, Panaji, Goa (SW)",Fire Force Headquarters
2026-01-04T00:03:58.826Z,GA 07 G 8101-MAP(WATER TENDER),15.5899,73.808701,0,STOP,At Fire Station Mapusa,Fire Station Mapusa
2026-01-04T00:03:58.826Z,GA 07 G 2317-MRG(EMERGENCY RESCUE TENDER),15.2694816,73.969995,1,STOP,At Fire Station Margoa,Fire Station Margao
2026-01-04T00:03:58.826Z,GA 07 G 1570-VAS(QUICK RESPONSE FIRE TENDER),15.3887599,73.851335,0,STOP,At Fire Station Vasco,Fire Station Vasco
2026-01-04T00:03:58.826Z,GA 07 G 4101-VAS(MS WATER TENDER),15.388845,73.8513016,0,STOP,At Fire Station Vasco,Fire Station Vasco
2026-01-04T00:03:58.826Z,GA 07 G 0819-VAS(WATER/FOAM TENDER),15.3888617,73.85127,0,IDLE,At Fire Station Vasco,Fire Station Vasco
2026-01-04T00:03:58.826Z,GA 07 G 7100-MRG(WATER BOUSER),15.2695583,73.9700516,0,STOP,At Fire Station Margoa,Fire Station Margao
2026-01-04T00:03:58.826Z,GA 07 G 1568-MRG(QUICK RESPONSE ),15.2693333,73.9705966,0,STOP,At Fire Station Margoa,Fire Station Margao
2026-01-04T00:03:58.826Z,GA 07 G 6101-MRG(WATER TENDER),15.2693616,73.97006,1,STOP,At Fire Station Margoa,Fire Station Margao
2026-01-04T00:03:58.826Z,GA 07 G 1001-MRG(AERIAL LADDER PLATFORM),15.2693733,73.9701166,0,STOP,At Fire Station Margoa,Fire Station Margao
2026-01-04T00:03:58.826Z,GA 07 G 0820-BIC(WATER TEDNER),15.402795,74.0028044,0,STOP,At Fire Station Ponda ,Fire Station Bicholim
2026-01-04T00:03:58.826Z,GA 07 G 5101-OLG(MS WATER TENDER),15.50034,73.9140383,0,STOP,At Fire Station Old Goa,Fire Station Old Goa
2026-01-04T00:03:58.826Z,GA 07 G 3101-BIC(MS WATER TENDER),15.5891716,73.9468349,4,STOP,At Fire Station Bicholim ,Fire Station Bicholim
2026-01-04T00:03:58.826Z,GA 07 G 1941-BIC(QUICK RESPONSE),15.5894883,73.9466966,0,STOP,At Fire Station Bicholim ,Fire Station Bicholim
2026-01-04T00:03:58.826Z,GA 07 G 2319-VAS (EMERGENCY RESCUE TENDER),15.3892083,73.8478433,0,STOP,"155/C, near railway bridge, airport road, Alto-dabolim, Dabolim, Goa (SW)",Fire Station Vasco
2026-01-04T00:03:58.826Z,GA 07 G 3737-VAP(WATER TENDER),15.5310816,74.1389166,0,STOP,At Fire Station Valpoi ,Fire Station Valpoi
2026-01-04T00:03:58.826Z,GA 07 G 2318-PND(EMERGENCY RESCUE TENDER),15.4027833,74.0029216,0,STOP,At Fire Station Ponda ,Fire Station Ponda
2026-01-04T00:03:58.826Z,GA 07 G 2004-PND(QUICK RESPONSE),15.4141016,73.9073083,0,INACTIVE,"Guru Hotel, Old Ferry Road, Agaçaim, Goa (SE)",Fire Station Ponda
2026-01-04T00:03:58.826Z,GA 07 G 9101-PND(WATER TENDER),15.4026116,74.0032633,0,STOP,At Fire Station Ponda ,Fire Station Ponda
2026-01-04T00:03:58.826Z,GA 07 G 9797-PND(WATER BOUSER),15.4031816,74.0027183,0,STOP,At Fire Station Ponda ,Fire Station Ponda
2026-01-04T00:03:58.826Z,GA 07 G 6363-CAN(WATER TENDER),15.02359,74.0440516,0,INACTIVE,"Canacona, The Lalitrajbaga ,Canacona, Canacona, Goa (NE)",Fire Station Canacona
2026-01-04T00:03:58.826Z,GA 07 G 1567-CAN(QUICK RESPONSE FT),15.02371,74.044075,0,INACTIVE,"Canacona, The Lalitrajbaga ,Canacona, Canacona, Goa (NE)",Fire Station Canacona
2026-01-04T00:03:58.826Z,GA 07 G 1569-VRN(QUICK RESPONSE),15.3695233,73.9355466,0,STOP,At Fire Station Verna,Fire Station Verna
2026-01-04T00:03:58.826Z,GA 07 G 9909-VRN(ADVANCE MULTI-PURPOSE),15.3697166,73.93553,0,STOP,At Fire Station Verna,Fire Station Verna
2026-01-04T00:03:58.826Z,GA 07 G 1942-VAP(QUICK RESPONSE),15.5311566,74.1388099,0,STOP,At Fire Station Valpoi ,Fire Station Valpoi
2026-01-04T00:03:58.826Z,GA 07 G 2003-CUR(QUICK RESPONSE),15.2603333,74.103695,0,STOP,At Fire Station Curchorem,Fire Station Curchorem
2026-01-04T00:03:58.826Z,GA 07 G 7447-CUR(EMERGENCY RESCUE),15.2605033,74.103735,0,STOP,At Fire Station Curchorem,Fire Station Curchorem
2026-01-04T00:03:58.826Z,GA 07 G 7557-CUR(WATER TENDER),15.2604466,74.10376,0,STOP,At Fire Station Curchorem,Fire Station Curchorem
2026-01-04T00:03:58.826Z,GA 07 G 7667-CUR(WATER BOUSER),15.2603416,74.103785,0,STOP,At Fire Station Curchorem,Fire Station Curchorem
2026-01-04T00:03:58.826Z,GA 07 G 4989-KUN(WATER TENDER),15.4631567,73.97233,0,STOP,At Fire Station Kundaim,Fire Station Kundaim
2026-01-04T00:03:58.826Z,GA 07 G 2242-PIL(WATER TENDER),15.5329883,73.7938717,0,STOP,At Fire Station Pilerne,Fire Station Pilerne
2026-01-04T00:03:58.826Z,GA 07 G 0681-MAP(QUICK RESPONSE),15.5899317,73.8086583,0,STOP,At Fire Station Mapusa,Fire Station Mapusa
2026-01-04T00:03:58.826Z,GA 07 G 0307-PER(QUICK RESPONSE),15.7164939,73.7974239,0,INACTIVE,At Fire Station Pernem,Fire Station Pernem
2026-01-04T00:03:58.826Z,GA 07 G 2101-PER(MS WATER TENDER),15.7163783,73.797585,0,STOP,At Fire Station Pernem,Fire Station Pernem
2026-01-04T00:03:58.826Z,GA 07 G 4600-PER(MINI RESCUE TENDER),15.716455,73.7975228,0,STOP,At Fire Station Pernem,Fire Station Pernem
2026-01-04T00:03:58.826Z,GA 07 G 7272-PNJ(WATER TENDER),15.48729,73.8168156,0,STOP,"Caculo Mall, 16 Shanta, St Inez Rd, Caculo Enclave, Santa Inez, Panaji, Goa (NW)",Fire Station Panaji
2026-01-04T00:03:58.826Z,GA07G2384- Cuncolim,15.1862661,74.021075,0,STOP,At Fire Station Cuncolim,Fire Station Cuncolim
2026-01-04T00:03:58.826Z,GA07G2507 - Mid Size (Water Tender),15.7162883,73.797745,0,STOP,At Fire Station Pernem,Fire Station Pernem
2026-01-04T00:03:58.826Z,GA07G2505 - Mid Size (Water Tender),15.5309567,74.1385983,0,STOP,At Fire Station Valpoi ,Fire Station Valpoi
2026-01-04T00:03:58.826Z,GA07G2504 - Mid Size (Water Tender),15.5893983,73.9466233,0,STOP,At Fire Station Bicholim ,Fire Station Bicholim
2026-01-04T00:03:58.826Z,GA07G2503-Mid Size (Water Tender),15.58996,73.8087483,0,STOP,At Fire Station Mapusa,Fire Station Mapusa
2026-01-04T00:03:58.826Z,GA07G2502 - Mid Size (Water Tender),15.5898217,73.8087733,0,STOP,At Fire Station Mapusa,Fire Force Headquarters
2026-01-04T00:05:04.743Z,GA 07 G 0680-PIL(QUICK RESPONSE VEHICLE),15.532985,73.7939533,0,STOP,At Fire Station Pilerne,Fire Station Pilerne
2026-01-04T00:05:04.743Z,GA07G2506 - Mid Size (Water Tender),15.500297,73.914055,0,STOP,At Fire Station Old Goa,Fire Station Old Goa
2026-01-04T00:05:04.743Z,GA 07 G 5115-POR(MINI WATER TENDER),15.522993,73.829407,0,STOP,At Porvorim Fire Station,Fire Station Porvorim
2026-01-04T00:05:04.743Z,GA 07 G 0350-MRG(WATER TENDER),15.269403,73.970535,0,STOP,At Fire Station Margoa,Fire Station Margao
2026-01-04T00:05:04.743Z,GA 07 G 2900-MAP(MINI RESCUE TENDER),15.589897,73.808853,0,STOP,At Fire Station Mapusa,Fire Station Mapusa
2026-01-04T00:05:04.743Z,GA 07 G 7600-FFHQ(WATER BOUSER),15.487243,73.817322,0,STOP,"Caculo Mall, 16 Shanta, St Inez Rd, Caculo Enclave, Santa Inez, Panaji, Goa (NW)",Fire Force Headquarters
2026-01-04T00:05:04.743Z,GA 07 G 2002-FFHQ(TURN TABLE LADDER),15.487368,73.817284,0,STOP,"Caculo Mall, 16 Shanta, St Inez Rd, Caculo Enclave, Santa Inez, Panaji, Goa (NW)",Fire Force Headquarters
2026-01-04T00:05:04.743Z,GA 07 G 7101-FFHQ(WATER TENDER),15.486952,73.817093,0,STOP,"Caculo Mall, 16 Shanta, St Inez Rd, Caculo Enclave, Santa Inez, Panaji, Goa (NW)",Fire Force Headquarters
2026-01-04T00:05:04.743Z,GA 07 G 7677-FFHQ(EMERGENCY RESCUE),15.487027,73.817001,0,STOP,"Caculo Mall, 16 Shanta, St Inez Rd, Caculo Enclave, Santa Inez, Panaji, Goa (NW)",Fire Force Headquarters
2026-01-04T00:05:04.743Z,GA 07 G 1121-PNJ(EMERGENCY RESCUE),15.487345,73.817307,0,STOP,"Caculo Mall, 16 Shanta, St Inez Rd, Caculo Enclave, Santa Inez, Panaji, Goa (NW)",Fire Station Panaji
2026-01-04T00:05:04.743Z,GA 07 G 1571-FFHQ(QUICK RESPONSE),15.486558,73.817429,0,STOP,"Caculo Mall, 16 Shanta, St Inez Rd, Caculo Enclave, Santa Inez, Panaji, Goa (SW)",Fire Force Headquarters
2026-01-04T00:05:04.743Z,GA 07 G 8101-MAP(WATER TENDER),15.5899,73.808701,0,STOP,At Fire Station Mapusa,Fire Station Mapusa
2026-01-04T00:05:04.743Z,GA 07 G 2317-MRG(EMERGENCY RESCUE TENDER),15.2694933,73.9701083,1,STOP,At Fire Station Margoa,Fire Station Margao
2026-01-04T00:05:04.743Z,GA 07 G 1570-VAS(QUICK RESPONSE FIRE TENDER),15.3887599,73.851335,0,STOP,At Fire Station Vasco,Fire Station Vasco
2026-01-04T00:05:04.743Z,GA 07 G 4101-VAS(MS WATER TENDER),15.388845,73.8513016,0,STOP,At Fire Station Vasco,Fire Station Vasco
2026-01-04T00:05:04.743Z,GA 07 G 0819-VAS(WATER/FOAM TENDER),15.3888617,73.85127,0,IDLE,At Fire Station Vasco,Fire Station Vasco
2026-01-04T00:05:04.743Z,GA 07 G 7100-MRG(WATER BOUSER),15.2695583,73.9700516,0,STOP,At Fire Station Margoa,Fire Station Margao
2026-01-04T00:05:04.743Z,GA 07 G 1568-MRG(QUICK RESPONSE ),15.2693333,73.9705966,0,STOP,At Fire Station Margoa,Fire Station Margao
2026-01-04T00:05:04.743Z,GA 07 G 6101-MRG(WATER TENDER),15.26934,73.9700033,5,STOP,At Fire Station Margoa,Fire Station Margao
2026-01-04T00:05:04.743Z,GA 07 G 1001-MRG(AERIAL LADDER PLATFORM),15.2693733,73.9701166,0,STOP,At Fire Station Margoa,Fire Station Margao
2026-01-04T00:05:04.743Z,GA 07 G 0820-BIC(WATER TEDNER),15.402795,74.0028044,0,STOP,At Fire Station Ponda ,Fire Station Bicholim
2026-01-04T00:05:04.743Z,GA 07 G 5101-OLG(MS WATER TENDER),15.50034,73.9140383,0,STOP,At Fire Station Old Goa,Fire Station Old Goa
2026-01-04T00:05:04.743Z,GA 07 G 3101-BIC(MS WATER TENDER),15.5891716,73.9468349,0,STOP,At Fire Station Bicholim ,Fire Station Bicholim
2026-01-04T00:05:04.743Z,GA 07 G 1941-BIC(QUICK RESPONSE),15.5894883,73.9466966,0,STOP,At Fire Station Bicholim ,Fire Station Bicholim
2026-01-04T00:05:04.743Z,GA 07 G 2319-VAS (EMERGENCY RESCUE TENDER),15.3892083,73.8478433,0,STOP,"155/C, near railway bridge, airport road, Alto-dabolim, Dabolim, Goa (SW)",Fire Station Vasco
2026-01-04T00:05:04.743Z,GA 07 G 3737-VAP(WATER TENDER),15.5310816,74.1389166,0,STOP,At Fire Station Valpoi ,Fire Station Valpoi
2026-01-04T00:05:04.743Z,GA 07 G 2318-PND(EMERGENCY RESCUE TENDER),15.4027833,74.0029216,0,STOP,At Fire Station Ponda ,Fire Station Ponda
2026-01-04T00:05:04.743Z,GA 07 G 2004-PND(QUICK RESPONSE),15.4141016,73.9073083,0,INACTIVE,"Guru Hotel, Old Ferry Road, Agaçaim, Goa (SE)",Fire Station Ponda
2026-01-04T00:05:04.743Z,GA 07 G 9101-PND(WATER TENDER),15.4026116,74.0032633,0,STOP,At Fire Station Ponda ,Fire Station Ponda
2026-01-04T00:05:04.743Z,GA 07 G 9797-PND(WATER BOUSER),15.4031816,74.0027183,0,STOP,At Fire Station Ponda ,Fire Station Ponda
2026-01-04T00:05:04.743Z,GA 07 G 6363-CAN(WATER TENDER),15.02359,74.0440516,0,INACTIVE,"Canacona, The Lalitrajbaga ,Canacona, Canacona, Goa (NE)",Fire Station Canacona
2026-01-04T00:05:04.743Z,GA 07 G 1567-CAN(QUICK RESPONSE FT),15.02371,74.044075,0,INACTIVE,"Canacona, The Lalitrajbaga ,Canacona, Canacona, Goa (NE)",Fire Station Canacona
2026-01-04T00:05:04.743Z,GA 07 G 1569-VRN(QUICK RESPONSE),15.3695233,73.9355466,0,STOP,At Fire Station Verna,Fire Station Verna
2026-01-04T00:05:04.743Z,GA 07 G 9909-VRN(ADVANCE MULTI-PURPOSE),15.3697166,73.93553,0,STOP,At Fire Station Verna,Fire Station Verna
2026-01-04T00:05:04.743Z,GA 07 G 1942-VAP(QUICK RESPONSE),15.5311566,74.1388099,0,STOP,At Fire Station Valpoi ,Fire Station Valpoi
2026-01-04T00:05:04.743Z,GA 07 G 2003-CUR(QUICK RESPONSE),15.2603333,74.103695,0,STOP,At Fire Station Curchorem,Fire Station Curchorem
2026-01-04T00:05:04.743Z,GA 07 G 7447-CUR(EMERGENCY RESCUE),15.2605033,74.103735,0,STOP,At Fire Station Curchorem,Fire Station Curchorem
2026-01-04T00:05:04.743Z,GA 07 G 7557-CUR(WATER TENDER),15.2604466,74.10376,0,STOP,At Fire Station Curchorem,Fire Station Curchorem
2026-01-04T00:05:04.743Z,GA 07 G 7667-CUR(WATER BOUSER),15.2603416,74.103785,0,STOP,At Fire Station Curchorem,Fire Station Curchorem
2026-01-04T00:05:04.743Z,GA 07 G 4989-KUN(WATER TENDER),15.4631567,73.97233,0,STOP,At Fire Station Kundaim,Fire Station Kundaim
2026-01-04T00:05:04.743Z,GA 07 G 2242-PIL(WATER TENDER),15.5329883,73.7938717,0,STOP,At Fire Station Pilerne,Fire Station Pilerne
2026-01-04T00:05:04.743Z,GA 07 G 0681-MAP(QUICK RESPONSE),15.5899317,73.8086583,0,STOP,At Fire Station Mapusa,Fire Station Mapusa
2026-01-04T00:05:04.743Z,GA 07 G 0307-PER(QUICK RESPONSE),15.7164939,73.7974239,0,INACTIVE,At Fire Station Pernem,Fire Station Pernem
2026-01-04T00:05:04.743Z,GA 07 G 2101-PER(MS WATER TENDER),15.7163783,73.797585,0,STOP,At Fire Station Pernem,Fire Station Pernem
2026-01-04T00:05:04.743Z,GA 07 G 4600-PER(MINI RESCUE TENDER),15.716455,73.7975228,0,STOP,At Fire Station Pernem,Fire Station Pernem
2026-01-04T00:05:04.743Z,GA 07 G 7272-PNJ(WATER TENDER),15.48729,73.8168156,0,STOP,"Caculo Mall, 16 Shanta, St Inez Rd, Caculo Enclave, Santa Inez, Panaji, Goa (NW)",Fire Station Panaji
2026-01-04T00:05:04.743Z,GA07G2384- Cuncolim,15.1862661,74.021075,0,STOP,At Fire Station Cuncolim,Fire Station Cuncolim
2026-01-04T00:05:04.743Z,GA07G2507 - Mid Size (Water Tender),15.7162883,73.797745,0,STOP,At Fire Station Pernem,Fire Station Pernem
2026-01-04T00:05:04.743Z,GA07G2505 - Mid Size (Water Tender),15.5309567,74.1385983,0,STOP,At Fire Station Valpoi ,Fire Station Valpoi
2026-01-04T00:05:04.743Z,GA07G2504 - Mid Size (Water Tender),15.5893983,73.9466233,0,STOP,At Fire Station Bicholim ,Fire Station Bicholim
2026-01-04T00:05:04.743Z,GA07G2503-Mid Size (Water Tender),15.58996,73.8087483,0,STOP,At Fire Station Mapusa,Fire Station Mapusa
2026-01-04T00:05:04.743Z,GA07G2502 - Mid Size (Water Tender),15.5898217,73.8087733,0,STOP,At Fire Station Mapusa,Fire Force Headquarters
2026-01-04T00:06:02.579Z,GA 07 G 0680-PIL(QUICK RESPONSE VEHICLE),15.532985,73.7939533,0,STOP,At Fire Station Pilerne,Fire Station Pilerne
2026-01-04T00:06:02.579Z,GA07G2506 - Mid Size (Water Tender),15.500297,73.914055,0,STOP,At Fire Station Old Goa,Fire Station Old Goa
2026-01-04T00:06:02.579Z,GA 07 G 5115-POR(MINI WATER TENDER),15.522993,73.829407,0,STOP,At Porvorim Fire Station,Fire Station Porvorim
2026-01-04T00:06:02.579Z,GA 07 G 0350-MRG(WATER TENDER),15.269403,73.970535,0,STOP,At Fire Station Margoa,Fire Station Margao
2026-01-04T00:06:02.579Z,GA 07 G 2900-MAP(MINI RESCUE TENDER),15.589897,73.808853,0,STOP,At Fire Station Mapusa,Fire Station Mapusa
2026-01-04T00:06:02.579Z,GA 07 G 7600-FFHQ(WATER BOUSER),15.487243,73.817322,0,STOP,"Caculo Mall, 16 Shanta, St Inez Rd, Caculo Enclave, Santa Inez, Panaji, Goa (NW)",Fire Force Headquarters
2026-01-04T00:06:02.579Z,GA 07 G 2002-FFHQ(TURN TABLE LADDER),15.487368,73.817284,0,STOP,"Caculo Mall, 16 Shanta, St Inez Rd, Caculo Enclave, Santa Inez, Panaji, Goa (NW)",Fire Force Headquarters
2026-01-04T00:06:02.579Z,GA 07 G 7101-FFHQ(WATER TENDER),15.486952,73.817093,0,STOP,"Caculo Mall, 16 Shanta, St Inez Rd, Caculo Enclave, Santa Inez, Panaji, Goa (NW)",Fire Force Headquarters
2026-01-04T00:06:02.579Z,GA 07 G 7677-FFHQ(EMERGENCY RESCUE),15.487027,73.817001,0,STOP,"Caculo Mall, 16 Shanta, St Inez Rd, Caculo Enclave, Santa Inez, Panaji, Goa (NW)",Fire Force Headquarters
2026-01-04T00:06:02.579Z,GA 07 G 1121-PNJ(EMERGENCY RESCUE),15.487345,73.817307,0,STOP,"Caculo Mall, 16 Shanta, St Inez Rd, Caculo Enclave, Santa Inez, Panaji, Goa (NW)",Fire Station Panaji
2026-01-04T00:06:02.579Z,GA 07 G 1571-FFHQ(QUICK RESPONSE),15.486558,73.817429,0,STOP,"Caculo Mall, 16 Shanta, St Inez Rd, Caculo Enclave, Santa Inez, Panaji, Goa (SW)",Fire Force Headquarters
2026-01-04T00:06:02.579Z,GA 07 G 8101-MAP(WATER TENDER),15.5899,73.808701,0,STOP,At Fire Station Mapusa,Fire Station Mapusa
2026-01-04T00:06:02.579Z,GA 07 G 2317-MRG(EMERGENCY RESCUE TENDER),15.269235,73.97002,0,STOP,At Fire Station Margoa,Fire Station Margao
2026-01-04T00:06:02.579Z,GA 07 G 1570-VAS(QUICK RESPONSE FIRE TENDER),15.3887599,73.851335,0,STOP,At Fire Station Vasco,Fire Station Vasco
2026-01-04T00:06:02.579Z,GA 07 G 4101-VAS(MS WATER TENDER),15.388845,73.8513016,0,STOP,At Fire Station Vasco,Fire Station Vasco
2026-01-04T00:06:02.579Z,GA 07 G 0819-VAS(WATER/FOAM TENDER),15.3888617,73.85127,0,IDLE,At Fire Station Vasco,Fire Station Vasco
2026-01-04T00:06:02.579Z,GA 07 G 7100-MRG(WATER BOUSER),15.2695583,73.9700516,0,STOP,At Fire Station Margoa,Fire Station Margao
2026-01-04T00:06:02.579Z,GA 07 G 1568-MRG(QUICK RESPONSE ),15.2693333,73.9705966,0,STOP,At Fire Station Margoa,Fire Station Margao
2026-01-04T00:06:02.579Z,GA 07 G 6101-MRG(WATER TENDER),15.2693383,73.9698483,3,STOP,At Fire Station Margoa,Fire Station Margao
2026-01-04T00:06:02.579Z,GA 07 G 1001-MRG(AERIAL LADDER PLATFORM),15.2693733,73.9701166,0,STOP,At Fire Station Margoa,Fire Station Margao
2026-01-04T00:06:02.579Z,GA 07 G 0820-BIC(WATER TEDNER),15.402795,74.0028044,0,STOP,At Fire Station Ponda ,Fire Station Bicholim
2026-01-04T00:06:02.579Z,GA 07 G 5101-OLG(MS WATER TENDER),15.50034,73.9140383,0,STOP,At Fire Station Old Goa,Fire Station Old Goa
2026-01-04T00:06:02.579Z,GA 07 G 3101-BIC(MS WATER TENDER),15.5891716,73.9468349,0,STOP,At Fire Station Bicholim ,Fire Station Bicholim
2026-01-04T00:06:02.579Z,GA 07 G 1941-BIC(QUICK RESPONSE),15.5894883,73.9466966,0,STOP,At Fire Station Bicholim ,Fire Station Bicholim
2026-01-04T00:06:02.579Z,GA 07 G 2319-VAS (EMERGENCY RESCUE TENDER),15.3892083,73.8478433,0,STOP,"155/C, near railway bridge, airport road, Alto-dabolim, Dabolim, Goa (SW)",Fire Station Vasco
2026-01-04T00:06:02.579Z,GA 07 G 3737-VAP(WATER TENDER),15.5310816,74.1389166,0,STOP,At Fire Station Valpoi ,Fire Station Valpoi
2026-01-04T00:06:02.579Z,GA 07 G 2318-PND(EMERGENCY RESCUE TENDER),15.4027833,74.0029216,0,STOP,At Fire Station Ponda ,Fire Station Ponda
2026-01-04T00:06:02.579Z,GA 07 G 2004-PND(QUICK RESPONSE),15.4141016,73.9073083,0,INACTIVE,"Guru Hotel, Old Ferry Road, Agaçaim, Goa (SE)",Fire Station Ponda
2026-01-04T00:06:02.579Z,GA 07 G 9101-PND(WATER TENDER),15.4026116,74.0032633,0,STOP,At Fire Station Ponda ,Fire Station Ponda
2026-01-04T00:06:02.579Z,GA 07 G 9797-PND(WATER BOUSER),15.4031816,74.0027183,0,STOP,At Fire Station Ponda ,Fire Station Ponda
2026-01-04T00:06:02.579Z,GA 07 G 6363-CAN(WATER TENDER),15.02359,74.0440516,0,INACTIVE,"Canacona, The Lalitrajbaga ,Canacona, Canacona, Goa (NE)",Fire Station Canacona
2026-01-04T00:06:02.579Z,GA 07 G 1567-CAN(QUICK RESPONSE FT),15.02371,74.044075,0,INACTIVE,"Canacona, The Lalitrajbaga ,Canacona, Canacona, Goa (NE)",Fire Station Canacona
2026-01-04T00:06:02.579Z,GA 07 G 1569-VRN(QUICK RESPONSE),15.3695233,73.9355466,0,STOP,At Fire Station Verna,Fire Station Verna
2026-01-04T00:06:02.579Z,GA 07 G 9909-VRN(ADVANCE MULTI-PURPOSE),15.3697166,73.93553,0,STOP,At Fire Station Verna,Fire Station Verna
2026-01-04T00:06:02.579Z,GA 07 G 1942-VAP(QUICK RESPONSE),15.5311566,74.1388099,0,STOP,At Fire Station Valpoi ,Fire Station Valpoi
2026-01-04T00:06:02.579Z,GA 07 G 2003-CUR(QUICK RESPONSE),15.2603333,74.103695,0,STOP,At Fire Station Curchorem,Fire Station Curchorem
2026-01-04T00:06:02.579Z,GA 07 G 7447-CUR(EMERGENCY RESCUE),15.2605033,74.103735,0,STOP,At Fire Station Curchorem,Fire Station Curchorem
2026-01-04T00:06:02.579Z,GA 07 G 7557-CUR(WATER TENDER),15.2604466,74.10376,0,STOP,At Fire Station Curchorem,Fire Station Curchorem
2026-01-04T00:06:02.579Z,GA 07 G 7667-CUR(WATER BOUSER),15.2603416,74.103785,0,STOP,At Fire Station Curchorem,Fire Station Curchorem
2026-01-04T00:06:02.579Z,GA 07 G 4989-KUN(WATER TENDER),15.4631567,73.97233,0,STOP,At Fire Station Kundaim,Fire Station Kundaim
2026-01-04T00:06:02.579Z,GA 07 G 2242-PIL(WATER TENDER),15.5329883,73.7938717,0,STOP,At Fire Station Pilerne,Fire Station Pilerne
2026-01-04T00:06:02.579Z,GA 07 G 0681-MAP(QUICK RESPONSE),15.5899317,73.8086583,0,STOP,At Fire Station Mapusa,Fire Station Mapusa
2026-01-04T00:06:02.579Z,GA 07 G 0307-PER(QUICK RESPONSE),15.7164939,73.7974239,0,INACTIVE,At Fire Station Pernem,Fire Station Pernem
2026-01-04T00:06:02.579Z,GA 07 G 2101-PER(MS WATER TENDER),15.7163783,73.797585,0,STOP,At Fire Station Pernem,Fire Station Pernem
2026-01-04T00:06:02.579Z,GA 07 G 4600-PER(MINI RESCUE TENDER),15.716455,73.7975228,0,STOP,At Fire Station Pernem,Fire Station Pernem
2026-01-04T00:06:02.579Z,GA 07 G 7272-PNJ(WATER TENDER),15.48729,73.8168156,0,STOP,"Caculo Mall, 16 Shanta, St Inez Rd, Caculo Enclave, Santa Inez, Panaji, Goa (NW)",Fire Station Panaji
2026-01-04T00:06:02.579Z,GA07G2384- Cuncolim,15.1862661,74.021075,0,STOP,At Fire Station Cuncolim,Fire Station Cuncolim
2026-01-04T00:06:02.579Z,GA07G2507 - Mid Size (Water Tender),15.7162883,73.797745,0,STOP,At Fire Station Pernem,Fire Station Pernem
2026-01-04T00:06:02.579Z,GA07G2505 - Mid Size (Water Tender),15.5309567,74.1385983,0,STOP,At Fire Station Valpoi ,Fire Station Valpoi
2026-01-04T00:06:02.579Z,GA07G2504 - Mid Size (Water Tender),15.5893983,73.9466233,0,STOP,At Fire Station Bicholim ,Fire Station Bicholim
2026-01-04T00:06:02.579Z,GA07G2503-Mid Size (Water Tender),15.58996,73.8087483,0,STOP,At Fire Station Mapusa,Fire Station Mapusa
2026-01-04T00:06:02.579Z,GA07G2502 - Mid Size (Water Tender),15.5898217,73.8087733,0,STOP,At Fire Station Mapusa,Fire Force Headquarters
2026-01-04T00:07:30.477Z,GA 07 G 0680-PIL(QUICK RESPONSE VEHICLE),15.532985,73.7939533,0,STOP,At Fire Station Pilerne,Fire Station Pilerne
2026-01-04T00:07:30.477Z,GA07G2506 - Mid Size (Water Tender),15.500297,73.914055,0,STOP,At Fire Station Old Goa,Fire Station Old Goa
2026-01-04T00:07:30.477Z,GA 07 G 5115-POR(MINI WATER TENDER),15.522993,73.829407,0,STOP,At Porvorim Fire Station,Fire Station Porvorim
2026-01-04T00:07:30.477Z,GA 07 G 0350-MRG(WATER TENDER),15.269403,73.970535,0,STOP,At Fire Station Margoa,Fire Station Margao
2026-01-04T00:07:30.477Z,GA 07 G 2900-MAP(MINI RESCUE TENDER),15.589897,73.808853,0,STOP,At Fire Station Mapusa,Fire Station Mapusa
2026-01-04T00:07:30.477Z,GA 07 G 7600-FFHQ(WATER BOUSER),15.487243,73.817322,0,STOP,"Caculo Mall, 16 Shanta, St Inez Rd, Caculo Enclave, Santa Inez, Panaji, Goa (NW)",Fire Force Headquarters
2026-01-04T00:07:30.477Z,GA 07 G 2002-FFHQ(TURN TABLE LADDER),15.487368,73.817284,0,STOP,"Caculo Mall, 16 Shanta, St Inez Rd, Caculo Enclave, Santa Inez, Panaji, Goa (NW)",Fire Force Headquarters
2026-01-04T00:07:30.477Z,GA 07 G 7101-FFHQ(WATER TENDER),15.486952,73.817093,0,STOP,"Caculo Mall, 16 Shanta, St Inez Rd, Caculo Enclave, Santa Inez, Panaji, Goa (NW)",Fire Force Headquarters
2026-01-04T00:07:30.477Z,GA 07 G 7677-FFHQ(EMERGENCY RESCUE),15.487027,73.817001,0,STOP,"Caculo Mall, 16 Shanta, St Inez Rd, Caculo Enclave, Santa Inez, Panaji, Goa (NW)",Fire Force Headquarters
2026-01-04T00:07:30.477Z,GA 07 G 1121-PNJ(EMERGENCY RESCUE),15.487345,73.817307,0,STOP,"Caculo Mall, 16 Shanta, St Inez Rd, Caculo Enclave, Santa Inez, Panaji, Goa (NW)",Fire Station Panaji
2026-01-04T00:07:30.477Z,GA 07 G 1571-FFHQ(QUICK RESPONSE),15.486558,73.817429,0,STOP,"Caculo Mall, 16 Shanta, St Inez Rd, Caculo Enclave, Santa Inez, Panaji, Goa (SW)",Fire Force Headquarters
2026-01-04T00:07:30.477Z,GA 07 G 8101-MAP(WATER TENDER),15.5899,73.808701,0,STOP,At Fire Station Mapusa,Fire Station Mapusa
2026-01-04T00:07:30.477Z,GA 07 G 2317-MRG(EMERGENCY RESCUE TENDER),15.26932,73.9701583,1,STOP,At Fire Station Margoa,Fire Station Margao
2026-01-04T00:07:30.477Z,GA 07 G 1570-VAS(QUICK RESPONSE FIRE TENDER),15.3887599,73.851335,0,STOP,At Fire Station Vasco,Fire Station Vasco
2026-01-04T00:07:30.477Z,GA 07 G 4101-VAS(MS WATER TENDER),15.388845,73.8513016,0,STOP,At Fire Station Vasco,Fire Station Vasco
2026-01-04T00:07:30.477Z,GA 07 G 0819-VAS(WATER/FOAM TENDER),15.3888617,73.85127,0,IDLE,At Fire Station Vasco,Fire Station Vasco
2026-01-04T00:07:30.477Z,GA 07 G 7100-MRG(WATER BOUSER),15.2695583,73.9700516,0,STOP,At Fire Station Margoa,Fire Station Margao
2026-01-04T00:07:30.477Z,GA 07 G 1568-MRG(QUICK RESPONSE ),15.2693333,73.9705966,0,STOP,At Fire Station Margoa,Fire Station Margao
2026-01-04T00:07:30.477Z,GA 07 G 6101-MRG(WATER TENDER),15.2693916,73.969905,4,STOP,At Fire Station Margoa,Fire Station Margao
2026-01-04T00:07:30.477Z,GA 07 G 1001-MRG(AERIAL LADDER PLATFORM),15.2693733,73.9701166,0,STOP,At Fire Station Margoa,Fire Station Margao
2026-01-04T00:07:30.477Z,GA 07 G 0820-BIC(WATER TEDNER),15.402795,74.0028044,0,STOP,At Fire Station Ponda ,Fire Station Bicholim
2026-01-04T00:07:30.477Z,GA 07 G 5101-OLG(MS WATER TENDER),15.50034,73.9140383,0,STOP,At Fire Station Old Goa,Fire Station Old Goa
2026-01-04T00:07:30.477Z,GA 07 G 3101-BIC(MS WATER TENDER),15.5891716,73.9468349,0,STOP,At Fire Station Bicholim ,Fire Station Bicholim
2026-01-04T00:07:30.477Z,GA 07 G 1941-BIC(QUICK RESPONSE),15.5894883,73.9466966,0,STOP,At Fire Station Bicholim ,Fire Station Bicholim
2026-01-04T00:07:30.477Z,GA 07 G 2319-VAS (EMERGENCY RESCUE TENDER),15.3892083,73.8478433,0,STOP,"155/C, near railway bridge, airport road, Alto-dabolim, Dabolim, Goa (SW)",Fire Station Vasco
2026-01-04T00:07:30.477Z,GA 07 G 3737-VAP(WATER TENDER),15.5310816,74.1389166,0,STOP,At Fire Station Valpoi ,Fire Station Valpoi
2026-01-04T00:07:30.477Z,GA 07 G 2318-PND(EMERGENCY RESCUE TENDER),15.4027833,74.0029216,0,STOP,At Fire Station Ponda ,Fire Station Ponda
2026-01-04T00:07:30.477Z,GA 07 G 2004-PND(QUICK RESPONSE),15.4141016,73.9073083,0,INACTIVE,"Guru Hotel, Old Ferry Road, Agaçaim, Goa (SE)",Fire Station Ponda
2026-01-04T00:07:30.477Z,GA 07 G 9101-PND(WATER TENDER),15.4026116,74.0032633,0,STOP,At Fire Station Ponda ,Fire Station Ponda
2026-01-04T00:07:30.477Z,GA 07 G 9797-PND(WATER BOUSER),15.4031816,74.0027183,0,STOP,At Fire Station Ponda ,Fire Station Ponda
2026-01-04T00:07:30.477Z,GA 07 G 6363-CAN(WATER TENDER),15.02359,74.0440516,0,INACTIVE,"Canacona, The Lalitrajbaga ,Canacona, Canacona, Goa (NE)",Fire Station Canacona
2026-01-04T00:07:30.477Z,GA 07 G 1567-CAN(QUICK RESPONSE FT),15.02371,74.044075,0,INACTIVE,"Canacona, The Lalitrajbaga ,Canacona, Canacona, Goa (NE)",Fire Station Canacona
2026-01-04T00:07:30.477Z,GA 07 G 1569-VRN(QUICK RESPONSE),15.3695233,73.9355466,0,STOP,At Fire Station Verna,Fire Station Verna
2026-01-04T00:07:30.477Z,GA 07 G 9909-VRN(ADVANCE MULTI-PURPOSE),15.3697166,73.93553,0,STOP,At Fire Station Verna,Fire Station Verna
2026-01-04T00:07:30.477Z,GA 07 G 1942-VAP(QUICK RESPONSE),15.5311566,74.1388099,0,STOP,At Fire Station Valpoi ,Fire Station Valpoi
2026-01-04T00:07:30.477Z,GA 07 G 2003-CUR(QUICK RESPONSE),15.2603333,74.103695,0,STOP,At Fire Station Curchorem,Fire Station Curchorem
2026-01-04T00:07:30.477Z,GA 07 G 7447-CUR(EMERGENCY RESCUE),15.2605033,74.103735,0,STOP,At Fire Station Curchorem,Fire Station Curchorem
2026-01-04T00:07:30.477Z,GA 07 G 7557-CUR(WATER TENDER),15.2604466,74.10376,0,STOP,At Fire Station Curchorem,Fire Station Curchorem
2026-01-04T00:07:30.477Z,GA 07 G 7667-CUR(WATER BOUSER),15.2603416,74.103785,0,STOP,At Fire Station Curchorem,Fire Station Curchorem
2026-01-04T00:07:30.477Z,GA 07 G 4989-KUN(WATER TENDER),15.4631567,73.97233,0,STOP,At Fire Station Kundaim,Fire Station Kundaim
2026-01-04T00:07:30.477Z,GA 07 G 2242-PIL(WATER TENDER),15.5329883,73.7938717,0,STOP,At Fire Station Pilerne,Fire Station Pilerne
2026-01-04T00:07:30.477Z,GA 07 G 0681-MAP(QUICK RESPONSE),15.5899317,73.8086583,0,STOP,At Fire Station Mapusa,Fire Station Mapusa
2026-01-04T00:07:30.477Z,GA 07 G 0307-PER(QUICK RESPONSE),15.7164939,73.7974239,0,INACTIVE,At Fire Station Pernem,Fire Station Pernem
2026-01-04T00:07:30.477Z,GA 07 G 2101-PER(MS WATER TENDER),15.7163783,73.797585,0,STOP,At Fire Station Pernem,Fire Station Pernem
2026-01-04T00:07:30.477Z,GA 07 G 4600-PER(MINI RESCUE TENDER),15.716455,73.7975228,0,STOP,At Fire Station Pernem,Fire Station Pernem
2026-01-04T00:07:30.477Z,GA 07 G 7272-PNJ(WATER TENDER),15.48729,73.8168156,0,STOP,"Caculo Mall, 16 Shanta, St Inez Rd, Caculo Enclave, Santa Inez, Panaji, Goa (NW)",Fire Station Panaji
2026-01-04T00:07:30.477Z,GA07G2384- Cuncolim,15.1862661,74.021075,0,STOP,At Fire Station Cuncolim,Fire Station Cuncolim
2026-01-04T00:07:30.477Z,GA07G2507 - Mid Size (Water Tender),15.7162883,73.797745,0,STOP,At Fire Station Pernem,Fire Station Pernem
2026-01-04T00:07:30.477Z,GA07G2505 - Mid Size (Water Tender),15.5309567,74.1385983,0,STOP,At Fire Station Valpoi ,Fire Station Valpoi
2026-01-04T00:07:30.477Z,GA07G2504 - Mid Size (Water Tender),15.5893983,73.9466233,0,STOP,At Fire Station Bicholim ,Fire Station Bicholim
2026-01-04T00:07:30.477Z,GA07G2503-Mid Size (Water Tender),15.58996,73.8087483,0,STOP,At Fire Station Mapusa,Fire Station Mapusa
2026-01-04T00:07:30.477Z,GA07G2502 - Mid Size (Water Tender),15.5898217,73.8087733,0,STOP,At Fire Station Mapusa,Fire Force Headquarters
2026-01-04T00:08:00.464Z,GA 07 G 0680-PIL(QUICK RESPONSE VEHICLE),15.532985,73.7939533,0,STOP,At Fire Station Pilerne,Fire Station Pilerne
2026-01-04T00:08:00.464Z,GA07G2506 - Mid Size (Water Tender),15.500297,73.914055,0,STOP,At Fire Station Old Goa,Fire Station Old Goa
2026-01-04T00:08:00.464Z,GA 07 G 5115-POR(MINI WATER TENDER),15.522993,73.829407,0,STOP,At Porvorim Fire Station,Fire Station Porvorim
2026-01-04T00:08:00.464Z,GA 07 G 0350-MRG(WATER TENDER),15.269403,73.970535,0,STOP,At Fire Station Margoa,Fire Station Margao
2026-01-04T00:08:00.464Z,GA 07 G 2900-MAP(MINI RESCUE TENDER),15.589897,73.808853,0,STOP,At Fire Station Mapusa,Fire Station Mapusa
2026-01-04T00:08:00.464Z,GA 07 G 7600-FFHQ(WATER BOUSER),15.487243,73.817322,0,STOP,"Caculo Mall, 16 Shanta, St Inez Rd, Caculo Enclave, Santa Inez, Panaji, Goa (NW)",Fire Force Headquarters
2026-01-04T00:08:00.464Z,GA 07 G 2002-FFHQ(TURN TABLE LADDER),15.487368,73.817284,0,STOP,"Caculo Mall, 16 Shanta, St Inez Rd, Caculo Enclave, Santa Inez, Panaji, Goa (NW)",Fire Force Headquarters
2026-01-04T00:08:00.464Z,GA 07 G 7101-FFHQ(WATER TENDER),15.486952,73.817093,0,STOP,"Caculo Mall, 16 Shanta, St Inez Rd, Caculo Enclave, Santa Inez, Panaji, Goa (NW)",Fire Force Headquarters
2026-01-04T00:08:00.464Z,GA 07 G 7677-FFHQ(EMERGENCY RESCUE),15.487027,73.817001,0,STOP,"Caculo Mall, 16 Shanta, St Inez Rd, Caculo Enclave, Santa Inez, Panaji, Goa (NW)",Fire Force Headquarters
2026-01-04T00:08:00.464Z,GA 07 G 1121-PNJ(EMERGENCY RESCUE),15.487345,73.817307,0,STOP,"Caculo Mall, 16 Shanta, St Inez Rd, Caculo Enclave, Santa Inez, Panaji, Goa (NW)",Fire Station Panaji
2026-01-04T00:08:00.464Z,GA 07 G 1571-FFHQ(QUICK RESPONSE),15.486558,73.817429,0,STOP,"Caculo Mall, 16 Shanta, St Inez Rd, Caculo Enclave, Santa Inez, Panaji, Goa (SW)",Fire Force Headquarters
2026-01-04T00:08:00.464Z,GA 07 G 8101-MAP(WATER TENDER),15.5899,73.808701,0,STOP,At Fire Station Mapusa,Fire Station Mapusa
2026-01-04T00:08:00.464Z,GA 07 G 2317-MRG(EMERGENCY RESCUE TENDER),15.26932,73.9701583,1,STOP,At Fire Station Margoa,Fire Station Margao
2026-01-04T00:08:00.464Z,GA 07 G 1570-VAS(QUICK RESPONSE FIRE TENDER),15.3887599,73.851335,0,STOP,At Fire Station Vasco,Fire Station Vasco
2026-01-04T00:08:00.464Z,GA 07 G 4101-VAS(MS WATER TENDER),15.388845,73.8513016,0,STOP,At Fire Station Vasco,Fire Station Vasco
2026-01-04T00:08:00.464Z,GA 07 G 0819-VAS(WATER/FOAM TENDER),15.3888617,73.85127,0,IDLE,At Fire Station Vasco,Fire Station Vasco
2026-01-04T00:08:00.464Z,GA 07 G 7100-MRG(WATER BOUSER),15.2695583,73.9700516,0,STOP,At Fire Station Margoa,Fire Station Margao
2026-01-04T00:08:00.464Z,GA 07 G 1568-MRG(QUICK RESPONSE ),15.2693333,73.9705966,0,STOP,At Fire Station Margoa,Fire Station Margao
2026-01-04T00:08:00.464Z,GA 07 G 6101-MRG(WATER TENDER),15.2693883,73.969865,5,STOP,At Fire Station Margoa,Fire Station Margao
2026-01-04T00:08:00.464Z,GA 07 G 1001-MRG(AERIAL LADDER PLATFORM),15.2693733,73.9701166,0,STOP,At Fire Station Margoa,Fire Station Margao
2026-01-04T00:08:00.464Z,GA 07 G 0820-BIC(WATER TEDNER),15.402795,74.0028044,0,STOP,At Fire Station Ponda ,Fire Station Bicholim
2026-01-04T00:08:00.464Z,GA 07 G 5101-OLG(MS WATER TENDER),15.50034,73.9140383,0,STOP,At Fire Station Old Goa,Fire Station Old Goa
2026-01-04T00:08:00.464Z,GA 07 G 3101-BIC(MS WATER TENDER),15.5891716,73.9468349,0,STOP,At Fire Station Bicholim ,Fire Station Bicholim
2026-01-04T00:08:00.464Z,GA 07 G 1941-BIC(QUICK RESPONSE),15.5894883,73.9466966,0,STOP,At Fire Station Bicholim ,Fire Station Bicholim
2026-01-04T00:08:00.464Z,GA 07 G 2319-VAS (EMERGENCY RESCUE TENDER),15.3892083,73.8478433,0,STOP,"155/C, near railway bridge, airport road, Alto-dabolim, Dabolim, Goa (SW)",Fire Station Vasco
2026-01-04T00:08:00.464Z,GA 07 G 3737-VAP(WATER TENDER),15.5310816,74.1389166,0,STOP,At Fire Station Valpoi ,Fire Station Valpoi
2026-01-04T00:08:00.464Z,GA 07 G 2318-PND(EMERGENCY RESCUE TENDER),15.4027833,74.0029216,0,STOP,At Fire Station Ponda ,Fire Station Ponda
2026-01-04T00:08:00.464Z,GA 07 G 2004-PND(QUICK RESPONSE),15.4141016,73.9073083,0,INACTIVE,"Guru Hotel, Old Ferry Road, Agaçaim, Goa (SE)",Fire Station Ponda
2026-01-04T00:08:00.464Z,GA 07 G 9101-PND(WATER TENDER),15.4026116,74.0032633,0,STOP,At Fire Station Ponda ,Fire Station Ponda
2026-01-04T00:08:00.464Z,GA 07 G 9797-PND(WATER BOUSER),15.4031816,74.0027183,0,STOP,At Fire Station Ponda ,Fire Station Ponda
2026-01-04T00:08:00.464Z,GA 07 G 6363-CAN(WATER TENDER),15.02359,74.0440516,0,INACTIVE,"Canacona, The Lalitrajbaga ,Canacona, Canacona, Goa (NE)",Fire Station Canacona
2026-01-04T00:08:00.464Z,GA 07 G 1567-CAN(QUICK RESPONSE FT),15.02371,74.044075,0,INACTIVE,"Canacona, The Lalitrajbaga ,Canacona, Canacona, Goa (NE)",Fire Station Canacona
2026-01-04T00:08:00.464Z,GA 07 G 1569-VRN(QUICK RESPONSE),15.3695233,73.9355466,0,STOP,At Fire Station Verna,Fire Station Verna
2026-01-04T00:08:00.464Z,GA 07 G 9909-VRN(ADVANCE MULTI-PURPOSE),15.3697166,73.93553,0,STOP,At Fire Station Verna,Fire Station Verna
2026-01-04T00:08:00.464Z,GA 07 G 1942-VAP(QUICK RESPONSE),15.5311566,74.1388099,0,STOP,At Fire Station Valpoi ,Fire Station Valpoi
2026-01-04T00:08:00.464Z,GA 07 G 2003-CUR(QUICK RESPONSE),15.2603333,74.103695,0,STOP,At Fire Station Curchorem,Fire Station Curchorem
2026-01-04T00:08:00.464Z,GA 07 G 7447-CUR(EMERGENCY RESCUE),15.2605033,74.103735,0,STOP,At Fire Station Curchorem,Fire Station Curchorem
2026-01-04T00:08:00.464Z,GA 07 G 7557-CUR(WATER TENDER),15.2604466,74.10376,0,STOP,At Fire Station Curchorem,Fire Station Curchorem
2026-01-04T00:08:00.464Z,GA 07 G 7667-CUR(WATER BOUSER),15.2603416,74.103785,0,STOP,At Fire Station Curchorem,Fire Station Curchorem
2026-01-04T00:08:00.464Z,GA 07 G 4989-KUN(WATER TENDER),15.4631567,73.97233,0,STOP,At Fire Station Kundaim,Fire Station Kundaim
2026-01-04T00:08:00.464Z,GA 07 G 2242-PIL(WATER TENDER),15.5329883,73.7938717,0,STOP,At Fire Station Pilerne,Fire Station Pilerne
2026-01-04T00:08:00.464Z,GA 07 G 0681-MAP(QUICK RESPONSE),15.5899317,73.8086583,0,STOP,At Fire Station Mapusa,Fire Station Mapusa
2026-01-04T00:08:00.464Z,GA 07 G 0307-PER(QUICK RESPONSE),15.7164939,73.7974239,0,INACTIVE,At Fire Station Pernem,Fire Station Pernem
2026-01-04T00:08:00.464Z,GA 07 G 2101-PER(MS WATER TENDER),15.7163783,73.797585,0,STOP,At Fire Station Pernem,Fire Station Pernem
2026-01-04T00:08:00.464Z,GA 07 G 4600-PER(MINI RESCUE TENDER),15.716455,73.7975228,0,STOP,At Fire Station Pernem,Fire Station Pernem
2026-01-04T00:08:00.464Z,GA 07 G 7272-PNJ(WATER TENDER),15.48729,73.8168156,0,STOP,"Caculo Mall, 16 Shanta, St Inez Rd, Caculo Enclave, Santa Inez, Panaji, Goa (NW)",Fire Station Panaji
2026-01-04T00:08:00.464Z,GA07G2384- Cuncolim,15.1862661,74.021075,0,STOP,At Fire Station Cuncolim,Fire Station Cuncolim
2026-01-04T00:08:00.464Z,GA07G2507 - Mid Size (Water Tender),15.7162883,73.797745,0,STOP,At Fire Station Pernem,Fire Station Pernem
2026-01-04T00:08:00.464Z,GA07G2505 - Mid Size (Water Tender),15.5309567,74.1385983,0,STOP,At Fire Station Valpoi ,Fire Station Valpoi
2026-01-04T00:08:00.464Z,GA07G2504 - Mid Size (Water Tender),15.5893983,73.9466233,0,STOP,At Fire Station Bicholim ,Fire Station Bicholim
2026-01-04T00:08:00.464Z,GA07G2503-Mid Size (Water Tender),15.58996,73.8087483,0,STOP,At Fire Station Mapusa,Fire Station Mapusa
2026-01-04T00:08:00.464Z,GA07G2502 - Mid Size (Water Tender),15.5898217,73.8087733,0,STOP,At Fire Station Mapusa,Fire Force Headquarters
2026-01-04T00:09:01.165Z,GA 07 G 0680-PIL(QUICK RESPONSE VEHICLE),15.532985,73.7939533,0,STOP,At Fire Station Pilerne,Fire Station Pilerne
2026-01-04T00:09:01.165Z,GA07G2506 - Mid Size (Water Tender),15.500297,73.914055,0,STOP,At Fire Station Old Goa,Fire Station Old Goa
2026-01-04T00:09:01.165Z,GA 07 G 5115-POR(MINI WATER TENDER),15.522993,73.829407,0,STOP,At Porvorim Fire Station,Fire Station Porvorim
2026-01-04T00:09:01.165Z,GA 07 G 0350-MRG(WATER TENDER),15.269403,73.970535,0,STOP,At Fire Station Margoa,Fire Station Margao
2026-01-04T00:09:01.165Z,GA 07 G 2900-MAP(MINI RESCUE TENDER),15.589897,73.808853,0,STOP,At Fire Station Mapusa,Fire Station Mapusa
2026-01-04T00:09:01.165Z,GA 07 G 7600-FFHQ(WATER BOUSER),15.487243,73.817322,0,STOP,"Caculo Mall, 16 Shanta, St Inez Rd, Caculo Enclave, Santa Inez, Panaji, Goa (NW)",Fire Force Headquarters
2026-01-04T00:09:01.165Z,GA 07 G 2002-FFHQ(TURN TABLE LADDER),15.487368,73.817284,0,STOP,"Caculo Mall, 16 Shanta, St Inez Rd, Caculo Enclave, Santa Inez, Panaji, Goa (NW)",Fire Force Headquarters
2026-01-04T00:09:01.165Z,GA 07 G 7101-FFHQ(WATER TENDER),15.486952,73.817093,0,STOP,"Caculo Mall, 16 Shanta, St Inez Rd, Caculo Enclave, Santa Inez, Panaji, Goa (NW)",Fire Force Headquarters
2026-01-04T00:09:01.165Z,GA 07 G 7677-FFHQ(EMERGENCY RESCUE),15.487027,73.817001,0,STOP,"Caculo Mall, 16 Shanta, St Inez Rd, Caculo Enclave, Santa Inez, Panaji, Goa (NW)",Fire Force Headquarters
2026-01-04T00:09:01.165Z,GA 07 G 1121-PNJ(EMERGENCY RESCUE),15.487345,73.817307,0,STOP,"Caculo Mall, 16 Shanta, St Inez Rd, Caculo Enclave, Santa Inez, Panaji, Goa (NW)",Fire Station Panaji
2026-01-04T00:09:01.165Z,GA 07 G 1571-FFHQ(QUICK RESPONSE),15.486558,73.817429,0,STOP,"Caculo Mall, 16 Shanta, St Inez Rd, Caculo Enclave, Santa Inez, Panaji, Goa (SW)",Fire Force Headquarters
2026-01-04T00:09:01.165Z,GA 07 G 8101-MAP(WATER TENDER),15.5899,73.808701,0,STOP,At Fire Station Mapusa,Fire Station Mapusa
2026-01-04T00:09:01.165Z,GA 07 G 2317-MRG(EMERGENCY RESCUE TENDER),15.269425,73.97006,1,STOP,At Fire Station Margoa,Fire Station Margao
2026-01-04T00:09:01.165Z,GA 07 G 1570-VAS(QUICK RESPONSE FIRE TENDER),15.3887599,73.851335,0,STOP,At Fire Station Vasco,Fire Station Vasco
2026-01-04T00:09:01.165Z,GA 07 G 4101-VAS(MS WATER TENDER),15.388845,73.8513016,0,STOP,At Fire Station Vasco,Fire Station Vasco
2026-01-04T00:09:01.165Z,GA 07 G 0819-VAS(WATER/FOAM TENDER),15.3888617,73.85127,0,IDLE,At Fire Station Vasco,Fire Station Vasco
2026-01-04T00:09:01.165Z,GA 07 G 7100-MRG(WATER BOUSER),15.2695583,73.9700516,0,STOP,At Fire Station Margoa,Fire Station Margao
2026-01-04T00:09:01.165Z,GA 07 G 1568-MRG(QUICK RESPONSE ),15.2693333,73.9705966,0,STOP,At Fire Station Margoa,Fire Station Margao
2026-01-04T00:09:01.165Z,GA 07 G 6101-MRG(WATER TENDER),15.2693566,73.96993,4,STOP,At Fire Station Margoa,Fire Station Margao
2026-01-04T00:09:01.165Z,GA 07 G 1001-MRG(AERIAL LADDER PLATFORM),15.2693733,73.9701166,0,STOP,At Fire Station Margoa,Fire Station Margao
2026-01-04T00:09:01.165Z,GA 07 G 0820-BIC(WATER TEDNER),15.402795,74.0028044,0,STOP,At Fire Station Ponda ,Fire Station Bicholim
2026-01-04T00:09:01.165Z,GA 07 G 5101-OLG(MS WATER TENDER),15.50034,73.9140383,0,STOP,At Fire Station Old Goa,Fire Station Old Goa
2026-01-04T00:09:01.165Z,GA 07 G 3101-BIC(MS WATER TENDER),15.5891716,73.9468349,0,STOP,At Fire Station Bicholim ,Fire Station Bicholim
2026-01-04T00:09:01.165Z,GA 07 G 1941-BIC(QUICK RESPONSE),15.5894883,73.9466966,0,STOP,At Fire Station Bicholim ,Fire Station Bicholim
2026-01-04T00:09:01.165Z,GA 07 G 2319-VAS (EMERGENCY RESCUE TENDER),15.3892083,73.8478433,0,STOP,"155/C, near railway bridge, airport road, Alto-dabolim, Dabolim, Goa (SW)",Fire Station Vasco
2026-01-04T00:09:01.165Z,GA 07 G 3737-VAP(WATER TENDER),15.5310816,74.1389166,0,STOP,At Fire Station Valpoi ,Fire Station Valpoi
2026-01-04T00:09:01.165Z,GA 07 G 2318-PND(EMERGENCY RESCUE TENDER),15.4027833,74.0029216,0,STOP,At Fire Station Ponda ,Fire Station Ponda
2026-01-04T00:09:01.165Z,GA 07 G 2004-PND(QUICK RESPONSE),15.4141016,73.9073083,0,INACTIVE,"Guru Hotel, Old Ferry Road, Agaçaim, Goa (SE)",Fire Station Ponda
2026-01-04T00:09:01.165Z,GA 07 G 9101-PND(WATER TENDER),15.4026116,74.0032633,0,STOP,At Fire Station Ponda ,Fire Station Ponda
2026-01-04T00:09:01.165Z,GA 07 G 9797-PND(WATER BOUSER),15.4031816,74.0027183,0,STOP,At Fire Station Ponda ,Fire Station Ponda
2026-01-04T00:09:01.165Z,GA 07 G 6363-CAN(WATER TENDER),15.02359,74.0440516,0,INACTIVE,"Canacona, The Lalitrajbaga ,Canacona, Canacona, Goa (NE)",Fire Station Canacona
2026-01-04T00:09:01.165Z,GA 07 G 1567-CAN(QUICK RESPONSE FT),15.02371,74.044075,0,INACTIVE,"Canacona, The Lalitrajbaga ,Canacona, Canacona, Goa (NE)",Fire Station Canacona
2026-01-04T00:09:01.165Z,GA 07 G 1569-VRN(QUICK RESPONSE),15.3695233,73.9355466,0,STOP,At Fire Station Verna,Fire Station Verna
2026-01-04T00:09:01.165Z,GA 07 G 9909-VRN(ADVANCE MULTI-PURPOSE),15.3697166,73.93553,0,STOP,At Fire Station Verna,Fire Station Verna
2026-01-04T00:09:01.165Z,GA 07 G 1942-VAP(QUICK RESPONSE),15.5311566,74.1388099,0,STOP,At Fire Station Valpoi ,Fire Station Valpoi
2026-01-04T00:09:01.165Z,GA 07 G 2003-CUR(QUICK RESPONSE),15.2603333,74.103695,0,STOP,At Fire Station Curchorem,Fire Station Curchorem
2026-01-04T00:09:01.165Z,GA 07 G 7447-CUR(EMERGENCY RESCUE),15.2605033,74.103735,0,STOP,At Fire Station Curchorem,Fire Station Curchorem
2026-01-04T00:09:01.165Z,GA 07 G 7557-CUR(WATER TENDER),15.2604466,74.10376,0,STOP,At Fire Station Curchorem,Fire Station Curchorem
2026-01-04T00:09:01.165Z,GA 07 G 7667-CUR(WATER BOUSER),15.2603416,74.103785,0,STOP,At Fire Station Curchorem,Fire Station Curchorem
2026-01-04T00:09:01.165Z,GA 07 G 4989-KUN(WATER TENDER),15.4631567,73.97233,0,STOP,At Fire Station Kundaim,Fire Station Kundaim
2026-01-04T00:09:01.165Z,GA 07 G 2242-PIL(WATER TENDER),15.5329883,73.7938717,0,STOP,At Fire Station Pilerne,Fire Station Pilerne
2026-01-04T00:09:01.165Z,GA 07 G 0681-MAP(QUICK RESPONSE),15.5899317,73.8086583,0,STOP,At Fire Station Mapusa,Fire Station Mapusa
2026-01-04T00:09:01.165Z,GA 07 G 0307-PER(QUICK RESPONSE),15.7164939,73.7974239,0,INACTIVE,At Fire Station Pernem,Fire Station Pernem
2026-01-04T00:09:01.165Z,GA 07 G 2101-PER(MS WATER TENDER),15.7163783,73.797585,0,STOP,At Fire Station Pernem,Fire Station Pernem
2026-01-04T00:09:01.165Z,GA 07 G 4600-PER(MINI RESCUE TENDER),15.716455,73.7975228,0,STOP,At Fire Station Pernem,Fire Station Pernem
2026-01-04T00:09:01.165Z,GA 07 G 7272-PNJ(WATER TENDER),15.48729,73.8168156,0,STOP,"Caculo Mall, 16 Shanta, St Inez Rd, Caculo Enclave, Santa Inez, Panaji, Goa (NW)",Fire Station Panaji
2026-01-04T00:09:01.165Z,GA07G2384- Cuncolim,15.1862661,74.021075,0,STOP,At Fire Station Cuncolim,Fire Station Cuncolim
2026-01-04T00:09:01.165Z,GA07G2507 - Mid Size (Water Tender),15.7162883,73.797745,0,STOP,At Fire Station Pernem,Fire Station Pernem
2026-01-04T00:09:01.165Z,GA07G2505 - Mid Size (Water Tender),15.5309567,74.1385983,0,STOP,At Fire Station Valpoi ,Fire Station Valpoi
2026-01-04T00:09:01.165Z,GA07G2504 - Mid Size (Water Tender),15.5893983,73.9466233,0,STOP,At Fire Station Bicholim ,Fire Station Bicholim
2026-01-04T00:09:01.165Z,GA07G2503-Mid Size (Water Tender),15.58996,73.8087483,0,STOP,At Fire Station Mapusa,Fire Station Mapusa
2026-01-04T00:09:01.165Z,GA07G2502 - Mid Size (Water Tender),15.5898217,73.8087733,0,STOP,At Fire Station Mapusa,Fire Force Headquarters
2026-01-04T00:09:59.704Z,GA 07 G 0680-PIL(QUICK RESPONSE VEHICLE),15.532985,73.7939533,0,STOP,At Fire Station Pilerne,Fire Station Pilerne
2026-01-04T00:09:59.704Z,GA07G2506 - Mid Size (Water Tender),15.500297,73.914055,0,STOP,At Fire Station Old Goa,Fire Station Old Goa
2026-01-04T00:09:59.704Z,GA 07 G 5115-POR(MINI WATER TENDER),15.522993,73.829407,0,STOP,At Porvorim Fire Station,Fire Station Porvorim
2026-01-04T00:09:59.704Z,GA 07 G 0350-MRG(WATER TENDER),15.269403,73.970535,0,STOP,At Fire Station Margoa,Fire Station Margao
2026-01-04T00:09:59.704Z,GA 07 G 2900-MAP(MINI RESCUE TENDER),15.589897,73.808853,0,STOP,At Fire Station Mapusa,Fire Station Mapusa
2026-01-04T00:09:59.704Z,GA 07 G 7600-FFHQ(WATER BOUSER),15.487243,73.817322,0,STOP,"Caculo Mall, 16 Shanta, St Inez Rd, Caculo Enclave, Santa Inez, Panaji, Goa (NW)",Fire Force Headquarters
2026-01-04T00:09:59.704Z,GA 07 G 2002-FFHQ(TURN TABLE LADDER),15.487368,73.817284,0,STOP,"Caculo Mall, 16 Shanta, St Inez Rd, Caculo Enclave, Santa Inez, Panaji, Goa (NW)",Fire Force Headquarters
2026-01-04T00:09:59.704Z,GA 07 G 7101-FFHQ(WATER TENDER),15.486952,73.817093,0,STOP,"Caculo Mall, 16 Shanta, St Inez Rd, Caculo Enclave, Santa Inez, Panaji, Goa (NW)",Fire Force Headquarters
2026-01-04T00:09:59.704Z,GA 07 G 7677-FFHQ(EMERGENCY RESCUE),15.487027,73.817001,0,STOP,"Caculo Mall, 16 Shanta, St Inez Rd, Caculo Enclave, Santa Inez, Panaji, Goa (NW)",Fire Force Headquarters
2026-01-04T00:09:59.704Z,GA 07 G 1121-PNJ(EMERGENCY RESCUE),15.487345,73.817307,0,STOP,"Caculo Mall, 16 Shanta, St Inez Rd, Caculo Enclave, Santa Inez, Panaji, Goa (NW)",Fire Station Panaji
2026-01-04T00:09:59.704Z,GA 07 G 1571-FFHQ(QUICK RESPONSE),15.486558,73.817429,0,STOP,"Caculo Mall, 16 Shanta, St Inez Rd, Caculo Enclave, Santa Inez, Panaji, Goa (SW)",Fire Force Headquarters
2026-01-04T00:09:59.704Z,GA 07 G 8101-MAP(WATER TENDER),15.5899,73.808701,0,STOP,At Fire Station Mapusa,Fire Station Mapusa
2026-01-04T00:09:59.704Z,GA 07 G 2317-MRG(EMERGENCY RESCUE TENDER),15.2694116,73.9701016,0,STOP,At Fire Station Margoa,Fire Station Margao
2026-01-04T00:09:59.704Z,GA 07 G 1570-VAS(QUICK RESPONSE FIRE TENDER),15.3887599,73.851335,0,STOP,At Fire Station Vasco,Fire Station Vasco
2026-01-04T00:09:59.704Z,GA 07 G 4101-VAS(MS WATER TENDER),15.388845,73.8513016,0,STOP,At Fire Station Vasco,Fire Station Vasco
2026-01-04T00:09:59.704Z,GA 07 G 0819-VAS(WATER/FOAM TENDER),15.3888617,73.85127,0,IDLE,At Fire Station Vasco,Fire Station Vasco
2026-01-04T00:09:59.704Z,GA 07 G 7100-MRG(WATER BOUSER),15.2695583,73.9700516,4,STOP,At Fire Station Margoa,Fire Station Margao
2026-01-04T00:09:59.704Z,GA 07 G 1568-MRG(QUICK RESPONSE ),15.2693333,73.9705966,0,STOP,At Fire Station Margoa,Fire Station Margao
2026-01-04T00:09:59.704Z,GA 07 G 6101-MRG(WATER TENDER),15.2693566,73.96993,0,STOP,At Fire Station Margoa,Fire Station Margao
2026-01-04T00:09:59.704Z,GA 07 G 1001-MRG(AERIAL LADDER PLATFORM),15.2693733,73.9701166,0,STOP,At Fire Station Margoa,Fire Station Margao
2026-01-04T00:09:59.704Z,GA 07 G 0820-BIC(WATER TEDNER),15.402795,74.0028044,0,STOP,At Fire Station Ponda ,Fire Station Bicholim
2026-01-04T00:09:59.704Z,GA 07 G 5101-OLG(MS WATER TENDER),15.50034,73.9140383,0,STOP,At Fire Station Old Goa,Fire Station Old Goa
2026-01-04T00:09:59.704Z,GA 07 G 3101-BIC(MS WATER TENDER),15.5891716,73.9468349,0,STOP,At Fire Station Bicholim ,Fire Station Bicholim
2026-01-04T00:09:59.704Z,GA 07 G 1941-BIC(QUICK RESPONSE),15.5894883,73.9466966,0,STOP,At Fire Station Bicholim ,Fire Station Bicholim
2026-01-04T00:09:59.704Z,GA 07 G 2319-VAS (EMERGENCY RESCUE TENDER),15.3892083,73.8478433,0,STOP,"155/C, near railway bridge, airport road, Alto-dabolim, Dabolim, Goa (SW)",Fire Station Vasco
2026-01-04T00:09:59.704Z,GA 07 G 3737-VAP(WATER TENDER),15.5310816,74.1389166,0,STOP,At Fire Station Valpoi ,Fire Station Valpoi
2026-01-04T00:09:59.704Z,GA 07 G 2318-PND(EMERGENCY RESCUE TENDER),15.4027833,74.0029216,0,STOP,At Fire Station Ponda ,Fire Station Ponda
2026-01-04T00:09:59.704Z,GA 07 G 2004-PND(QUICK RESPONSE),15.4141016,73.9073083,0,INACTIVE,"Guru Hotel, Old Ferry Road, Agaçaim, Goa (SE)",Fire Station Ponda
2026-01-04T00:09:59.704Z,GA 07 G 9101-PND(WATER TENDER),15.4026116,74.0032633,0,STOP,At Fire Station Ponda ,Fire Station Ponda
2026-01-04T00:09:59.704Z,GA 07 G 9797-PND(WATER BOUSER),15.4031816,74.0027183,0,STOP,At Fire Station Ponda ,Fire Station Ponda
2026-01-04T00:09:59.704Z,GA 07 G 6363-CAN(WATER TENDER),15.02359,74.0440516,0,INACTIVE,"Canacona, The Lalitrajbaga ,Canacona, Canacona, Goa (NE)",Fire Station Canacona
2026-01-04T00:09:59.704Z,GA 07 G 1567-CAN(QUICK RESPONSE FT),15.02371,74.044075,0,INACTIVE,"Canacona, The Lalitrajbaga ,Canacona, Canacona, Goa (NE)",Fire Station Canacona
2026-01-04T00:09:59.704Z,GA 07 G 1569-VRN(QUICK RESPONSE),15.3695233,73.9355466,0,STOP,At Fire Station Verna,Fire Station Verna
2026-01-04T00:09:59.704Z,GA 07 G 9909-VRN(ADVANCE MULTI-PURPOSE),15.3697166,73.93553,0,STOP,At Fire Station Verna,Fire Station Verna
2026-01-04T00:09:59.704Z,GA 07 G 1942-VAP(QUICK RESPONSE),15.5311566,74.1388099,0,STOP,At Fire Station Valpoi ,Fire Station Valpoi
2026-01-04T00:09:59.704Z,GA 07 G 2003-CUR(QUICK RESPONSE),15.2603333,74.103695,0,STOP,At Fire Station Curchorem,Fire Station Curchorem
2026-01-04T00:09:59.704Z,GA 07 G 7447-CUR(EMERGENCY RESCUE),15.2605033,74.103735,0,STOP,At Fire Station Curchorem,Fire Station Curchorem
2026-01-04T00:09:59.704Z,GA 07 G 7557-CUR(WATER TENDER),15.2604466,74.10376,0,STOP,At Fire Station Curchorem,Fire Station Curchorem
2026-01-04T00:09:59.704Z,GA 07 G 7667-CUR(WATER BOUSER),15.2603416,74.103785,0,STOP,At Fire Station Curchorem,Fire Station Curchorem
2026-01-04T00:09:59.704Z,GA 07 G 4989-KUN(WATER TENDER),15.4631567,73.97233,0,STOP,At Fire Station Kundaim,Fire Station Kundaim
2026-01-04T00:09:59.704Z,GA 07 G 2242-PIL(WATER TENDER),15.5329883,73.7938717,0,STOP,At Fire Station Pilerne,Fire Station Pilerne
2026-01-04T00:09:59.704Z,GA 07 G 0681-MAP(QUICK RESPONSE),15.5899317,73.8086583,0,STOP,At Fire Station Mapusa,Fire Station Mapusa
2026-01-04T00:09:59.704Z,GA 07 G 0307-PER(QUICK RESPONSE),15.7164939,73.7974239,0,INACTIVE,At Fire Station Pernem,Fire Station Pernem
2026-01-04T00:09:59.704Z,GA 07 G 2101-PER(MS WATER TENDER),15.7163783,73.797585,0,STOP,At Fire Station Pernem,Fire Station Pernem
2026-01-04T00:09:59.704Z,GA 07 G 4600-PER(MINI RESCUE TENDER),15.716455,73.7975228,0,STOP,At Fire Station Pernem,Fire Station Pernem
2026-01-04T00:09:59.704Z,GA 07 G 7272-PNJ(WATER TENDER),15.48729,73.8168156,0,STOP,"Caculo Mall, 16 Shanta, St Inez Rd, Caculo Enclave, Santa Inez, Panaji, Goa (NW)",Fire Station Panaji
2026-01-04T00:09:59.704Z,GA07G2384- Cuncolim,15.1862661,74.021075,0,STOP,At Fire Station Cuncolim,Fire Station Cuncolim
2026-01-04T00:09:59.704Z,GA07G2507 - Mid Size (Water Tender),15.7162883,73.797745,0,STOP,At Fire Station Pernem,Fire Station Pernem
2026-01-04T00:09:59.704Z,GA07G2505 - Mid Size (Water Tender),15.5309567,74.1385983,0,STOP,At Fire Station Valpoi ,Fire Station Valpoi
2026-01-04T00:09:59.704Z,GA07G2504 - Mid Size (Water Tender),15.5893983,73.9466233,0,STOP,At Fire Station Bicholim ,Fire Station Bicholim
2026-01-04T00:09:59.704Z,GA07G2503-Mid Size (Water Tender),15.58996,73.8087483,0,STOP,At Fire Station Mapusa,Fire Station Mapusa
2026-01-04T00:09:59.704Z,GA07G2502 - Mid Size (Water Tender),15.5898217,73.8087733,0,STOP,At Fire Station Mapusa,Fire Force Headquarters
2026-01-04T00:11:01.209Z,GA 07 G 0680-PIL(QUICK RESPONSE VEHICLE),15.532985,73.7939533,0,STOP,At Fire Station Pilerne,Fire Station Pilerne
2026-01-04T00:11:01.209Z,GA07G2506 - Mid Size (Water Tender),15.500297,73.914055,0,STOP,At Fire Station Old Goa,Fire Station Old Goa
2026-01-04T00:11:01.209Z,GA 07 G 5115-POR(MINI WATER TENDER),15.522993,73.829407,0,STOP,At Porvorim Fire Station,Fire Station Porvorim
2026-01-04T00:11:01.209Z,GA 07 G 0350-MRG(WATER TENDER),15.269403,73.970535,0,STOP,At Fire Station Margoa,Fire Station Margao
2026-01-04T00:11:01.209Z,GA 07 G 2900-MAP(MINI RESCUE TENDER),15.589897,73.808853,0,STOP,At Fire Station Mapusa,Fire Station Mapusa
2026-01-04T00:11:01.209Z,GA 07 G 7600-FFHQ(WATER BOUSER),15.487243,73.817322,0,STOP,"Caculo Mall, 16 Shanta, St Inez Rd, Caculo Enclave, Santa Inez, Panaji, Goa (NW)",Fire Force Headquarters
2026-01-04T00:11:01.209Z,GA 07 G 2002-FFHQ(TURN TABLE LADDER),15.487368,73.817284,0,STOP,"Caculo Mall, 16 Shanta, St Inez Rd, Caculo Enclave, Santa Inez, Panaji, Goa (NW)",Fire Force Headquarters
2026-01-04T00:11:01.209Z,GA 07 G 7101-FFHQ(WATER TENDER),15.486952,73.817093,0,STOP,"Caculo Mall, 16 Shanta, St Inez Rd, Caculo Enclave, Santa Inez, Panaji, Goa (NW)",Fire Force Headquarters
2026-01-04T00:11:01.209Z,GA 07 G 7677-FFHQ(EMERGENCY RESCUE),15.487027,73.817001,0,STOP,"Caculo Mall, 16 Shanta, St Inez Rd, Caculo Enclave, Santa Inez, Panaji, Goa (NW)",Fire Force Headquarters
2026-01-04T00:11:01.209Z,GA 07 G 1121-PNJ(EMERGENCY RESCUE),15.487345,73.817307,0,STOP,"Caculo Mall, 16 Shanta, St Inez Rd, Caculo Enclave, Santa Inez, Panaji, Goa (NW)",Fire Station Panaji
2026-01-04T00:11:01.209Z,GA 07 G 1571-FFHQ(QUICK RESPONSE),15.486558,73.817429,0,STOP,"Caculo Mall, 16 Shanta, St Inez Rd, Caculo Enclave, Santa Inez, Panaji, Goa (SW)",Fire Force Headquarters
2026-01-04T00:11:01.209Z,GA 07 G 8101-MAP(WATER TENDER),15.5899,73.808701,0,STOP,At Fire Station Mapusa,Fire Station Mapusa
2026-01-04T00:11:01.209Z,GA 07 G 2317-MRG(EMERGENCY RESCUE TENDER),15.2692966,73.970215,0,STOP,At Fire Station Margoa,Fire Station Margao
2026-01-04T00:11:01.209Z,GA 07 G 1570-VAS(QUICK RESPONSE FIRE TENDER),15.3887599,73.851335,0,STOP,At Fire Station Vasco,Fire Station Vasco
2026-01-04T00:11:01.209Z,GA 07 G 4101-VAS(MS WATER TENDER),15.388845,73.8513016,0,STOP,At Fire Station Vasco,Fire Station Vasco
2026-01-04T00:11:01.209Z,GA 07 G 0819-VAS(WATER/FOAM TENDER),15.3888617,73.85127,0,IDLE,At Fire Station Vasco,Fire Station Vasco
2026-01-04T00:11:01.209Z,GA 07 G 7100-MRG(WATER BOUSER),15.2695583,73.9700516,0,STOP,At Fire Station Margoa,Fire Station Margao
2026-01-04T00:11:01.209Z,GA 07 G 1568-MRG(QUICK RESPONSE ),15.2693333,73.9705966,0,STOP,At Fire Station Margoa,Fire Station Margao
2026-01-04T00:11:01.209Z,GA 07 G 6101-MRG(WATER TENDER),15.2693316,73.969955,9,STOP,At Fire Station Margoa,Fire Station Margao
2026-01-04T00:11:01.209Z,GA 07 G 1001-MRG(AERIAL LADDER PLATFORM),15.2693733,73.9701166,0,STOP,At Fire Station Margoa,Fire Station Margao
2026-01-04T00:11:01.209Z,GA 07 G 0820-BIC(WATER TEDNER),15.402795,74.0028044,0,STOP,At Fire Station Ponda ,Fire Station Bicholim
2026-01-04T00:11:01.209Z,GA 07 G 5101-OLG(MS WATER TENDER),15.50034,73.9140383,0,STOP,At Fire Station Old Goa,Fire Station Old Goa
2026-01-04T00:11:01.209Z,GA 07 G 3101-BIC(MS WATER TENDER),15.5891716,73.9468349,0,STOP,At Fire Station Bicholim ,Fire Station Bicholim
2026-01-04T00:11:01.209Z,GA 07 G 1941-BIC(QUICK RESPONSE),15.5894883,73.9466966,0,STOP,At Fire Station Bicholim ,Fire Station Bicholim
2026-01-04T00:11:01.209Z,GA 07 G 2319-VAS (EMERGENCY RESCUE TENDER),15.3892083,73.8478433,0,STOP,"155/C, near railway bridge, airport road, Alto-dabolim, Dabolim, Goa (SW)",Fire Station Vasco
2026-01-04T00:11:01.209Z,GA 07 G 3737-VAP(WATER TENDER),15.5310816,74.1389166,0,STOP,At Fire Station Valpoi ,Fire Station Valpoi
2026-01-04T00:11:01.209Z,GA 07 G 2318-PND(EMERGENCY RESCUE TENDER),15.4027833,74.0029216,0,STOP,At Fire Station Ponda ,Fire Station Ponda
2026-01-04T00:11:01.209Z,GA 07 G 2004-PND(QUICK RESPONSE),15.4141016,73.9073083,0,INACTIVE,"Guru Hotel, Old Ferry Road, Agaçaim, Goa (SE)",Fire Station Ponda
2026-01-04T00:11:01.209Z,GA 07 G 9101-PND(WATER TENDER),15.4026116,74.0032633,0,STOP,At Fire Station Ponda ,Fire Station Ponda
2026-01-04T00:11:01.209Z,GA 07 G 9797-PND(WATER BOUSER),15.4031816,74.0027183,0,STOP,At Fire Station Ponda ,Fire Station Ponda
2026-01-04T00:11:01.209Z,GA 07 G 6363-CAN(WATER TENDER),15.02359,74.0440516,0,INACTIVE,"Canacona, The Lalitrajbaga ,Canacona, Canacona, Goa (NE)",Fire Station Canacona
2026-01-04T00:11:01.209Z,GA 07 G 1567-CAN(QUICK RESPONSE FT),15.02371,74.044075,0,INACTIVE,"Canacona, The Lalitrajbaga ,Canacona, Canacona, Goa (NE)",Fire Station Canacona
2026-01-04T00:11:01.209Z,GA 07 G 1569-VRN(QUICK RESPONSE),15.3695233,73.9355466,0,STOP,At Fire Station Verna,Fire Station Verna
2026-01-04T00:11:01.209Z,GA 07 G 9909-VRN(ADVANCE MULTI-PURPOSE),15.3697166,73.93553,0,STOP,At Fire Station Verna,Fire Station Verna
2026-01-04T00:11:01.209Z,GA 07 G 1942-VAP(QUICK RESPONSE),15.5311566,74.1388099,0,STOP,At Fire Station Valpoi ,Fire Station Valpoi
2026-01-04T00:11:01.209Z,GA 07 G 2003-CUR(QUICK RESPONSE),15.2603333,74.103695,0,STOP,At Fire Station Curchorem,Fire Station Curchorem
2026-01-04T00:11:01.209Z,GA 07 G 7447-CUR(EMERGENCY RESCUE),15.2605033,74.103735,0,STOP,At Fire Station Curchorem,Fire Station Curchorem
2026-01-04T00:11:01.209Z,GA 07 G 7557-CUR(WATER TENDER),15.2604466,74.10376,0,STOP,At Fire Station Curchorem,Fire Station Curchorem
2026-01-04T00:11:01.209Z,GA 07 G 7667-CUR(WATER BOUSER),15.2603416,74.103785,0,STOP,At Fire Station Curchorem,Fire Station Curchorem
2026-01-04T00:11:01.209Z,GA 07 G 4989-KUN(WATER TENDER),15.4631567,73.97233,0,STOP,At Fire Station Kundaim,Fire Station Kundaim
2026-01-04T00:11:01.209Z,GA 07 G 2242-PIL(WATER TENDER),15.5329883,73.7938717,0,STOP,At Fire Station Pilerne,Fire Station Pilerne
2026-01-04T00:11:01.209Z,GA 07 G 0681-MAP(QUICK RESPONSE),15.5899317,73.8086583,0,STOP,At Fire Station Mapusa,Fire Station Mapusa
2026-01-04T00:11:01.209Z,GA 07 G 0307-PER(QUICK RESPONSE),15.7164939,73.7974239,0,INACTIVE,At Fire Station Pernem,Fire Station Pernem
2026-01-04T00:11:01.209Z,GA 07 G 2101-PER(MS WATER TENDER),15.7163783,73.797585,0,STOP,At Fire Station Pernem,Fire Station Pernem
2026-01-04T00:11:01.209Z,GA 07 G 4600-PER(MINI RESCUE TENDER),15.716455,73.7975228,0,STOP,At Fire Station Pernem,Fire Station Pernem
2026-01-04T00:11:01.209Z,GA 07 G 7272-PNJ(WATER TENDER),15.48729,73.8168156,0,STOP,"Caculo Mall, 16 Shanta, St Inez Rd, Caculo Enclave, Santa Inez, Panaji, Goa (NW)",Fire Station Panaji
2026-01-04T00:11:01.209Z,GA07G2384- Cuncolim,15.1862661,74.021075,0,STOP,At Fire Station Cuncolim,Fire Station Cuncolim
2026-01-04T00:11:01.209Z,GA07G2507 - Mid Size (Water Tender),15.7162883,73.797745,0,STOP,At Fire Station Pernem,Fire Station Pernem
2026-01-04T00:11:01.209Z,GA07G2505 - Mid Size (Water Tender),15.5309567,74.1385983,0,STOP,At Fire Station Valpoi ,Fire Station Valpoi
2026-01-04T00:11:01.209Z,GA07G2504 - Mid Size (Water Tender),15.5893983,73.9466233,0,STOP,At Fire Station Bicholim ,Fire Station Bicholim
2026-01-04T00:11:01.209Z,GA07G2503-Mid Size (Water Tender),15.58996,73.8087483,0,STOP,At Fire Station Mapusa,Fire Station Mapusa
2026-01-04T00:11:01.209Z,GA07G2502 - Mid Size (Water Tender),15.5898217,73.8087733,0,STOP,At Fire Station Mapusa,Fire Force Headquarters
2026-01-04T00:12:00.728Z,GA 07 G 0680-PIL(QUICK RESPONSE VEHICLE),15.532985,73.7939533,0,STOP,At Fire Station Pilerne,Fire Station Pilerne
2026-01-04T00:12:00.728Z,GA07G2506 - Mid Size (Water Tender),15.500297,73.914055,0,STOP,At Fire Station Old Goa,Fire Station Old Goa
2026-01-04T00:12:00.728Z,GA 07 G 5115-POR(MINI WATER TENDER),15.522993,73.829407,0,STOP,At Porvorim Fire Station,Fire Station Porvorim
2026-01-04T00:12:00.728Z,GA 07 G 0350-MRG(WATER TENDER),15.269403,73.970535,0,STOP,At Fire Station Margoa,Fire Station Margao
2026-01-04T00:12:00.728Z,GA 07 G 2900-MAP(MINI RESCUE TENDER),15.589897,73.808853,0,STOP,At Fire Station Mapusa,Fire Station Mapusa
2026-01-04T00:12:00.728Z,GA 07 G 7600-FFHQ(WATER BOUSER),15.487243,73.817322,0,STOP,"Caculo Mall, 16 Shanta, St Inez Rd, Caculo Enclave, Santa Inez, Panaji, Goa (NW)",Fire Force Headquarters
2026-01-04T00:12:00.728Z,GA 07 G 2002-FFHQ(TURN TABLE LADDER),15.487368,73.817284,0,STOP,"Caculo Mall, 16 Shanta, St Inez Rd, Caculo Enclave, Santa Inez, Panaji, Goa (NW)",Fire Force Headquarters
2026-01-04T00:12:00.728Z,GA 07 G 7101-FFHQ(WATER TENDER),15.486952,73.817093,0,STOP,"Caculo Mall, 16 Shanta, St Inez Rd, Caculo Enclave, Santa Inez, Panaji, Goa (NW)",Fire Force Headquarters
2026-01-04T00:12:00.728Z,GA 07 G 7677-FFHQ(EMERGENCY RESCUE),15.487027,73.817001,0,STOP,"Caculo Mall, 16 Shanta, St Inez Rd, Caculo Enclave, Santa Inez, Panaji, Goa (NW)",Fire Force Headquarters
2026-01-04T00:12:00.728Z,GA 07 G 1121-PNJ(EMERGENCY RESCUE),15.487345,73.817307,0,STOP,"Caculo Mall, 16 Shanta, St Inez Rd, Caculo Enclave, Santa Inez, Panaji, Goa (NW)",Fire Station Panaji
2026-01-04T00:12:00.728Z,GA 07 G 1571-FFHQ(QUICK RESPONSE),15.486558,73.817429,0,STOP,"Caculo Mall, 16 Shanta, St Inez Rd, Caculo Enclave, Santa Inez, Panaji, Goa (SW)",Fire Force Headquarters
2026-01-04T00:12:00.728Z,GA 07 G 8101-MAP(WATER TENDER),15.5899,73.808701,0,STOP,At Fire Station Mapusa,Fire Station Mapusa
2026-01-04T00:12:00.728Z,GA 07 G 2317-MRG(EMERGENCY RESCUE TENDER),15.2692966,73.970215,1,STOP,At Fire Station Margoa,Fire Station Margao
2026-01-04T00:12:00.728Z,GA 07 G 1570-VAS(QUICK RESPONSE FIRE TENDER),15.3887599,73.851335,0,STOP,At Fire Station Vasco,Fire Station Vasco
2026-01-04T00:12:00.728Z,GA 07 G 4101-VAS(MS WATER TENDER),15.388845,73.8513016,0,STOP,At Fire Station Vasco,Fire Station Vasco
2026-01-04T00:12:00.728Z,GA 07 G 0819-VAS(WATER/FOAM TENDER),15.3888617,73.85127,0,IDLE,At Fire Station Vasco,Fire Station Vasco
2026-01-04T00:12:00.728Z,GA 07 G 7100-MRG(WATER BOUSER),15.2695583,73.9700516,0,STOP,At Fire Station Margoa,Fire Station Margao
2026-01-04T00:12:00.728Z,GA 07 G 1568-MRG(QUICK RESPONSE ),15.2693333,73.9705966,0,STOP,At Fire Station Margoa,Fire Station Margao
2026-01-04T00:12:00.728Z,GA 07 G 6101-MRG(WATER TENDER),15.269325,73.9699383,0,STOP,At Fire Station Margoa,Fire Station Margao
2026-01-04T00:12:00.728Z,GA 07 G 1001-MRG(AERIAL LADDER PLATFORM),15.2693733,73.9701166,0,STOP,At Fire Station Margoa,Fire Station Margao
2026-01-04T00:12:00.728Z,GA 07 G 0820-BIC(WATER TEDNER),15.402795,74.0028044,0,STOP,At Fire Station Ponda ,Fire Station Bicholim
2026-01-04T00:12:00.728Z,GA 07 G 5101-OLG(MS WATER TENDER),15.50034,73.9140383,0,STOP,At Fire Station Old Goa,Fire Station Old Goa
2026-01-04T00:12:00.728Z,GA 07 G 3101-BIC(MS WATER TENDER),15.5891716,73.9468349,0,STOP,At Fire Station Bicholim ,Fire Station Bicholim
2026-01-04T00:12:00.728Z,GA 07 G 1941-BIC(QUICK RESPONSE),15.5894883,73.9466966,0,STOP,At Fire Station Bicholim ,Fire Station Bicholim
2026-01-04T00:12:00.728Z,GA 07 G 2319-VAS (EMERGENCY RESCUE TENDER),15.3892083,73.8478433,0,STOP,"155/C, near railway bridge, airport road, Alto-dabolim, Dabolim, Goa (SW)",Fire Station Vasco
2026-01-04T00:12:00.728Z,GA 07 G 3737-VAP(WATER TENDER),15.5310816,74.1389166,0,STOP,At Fire Station Valpoi ,Fire Station Valpoi
2026-01-04T00:12:00.728Z,GA 07 G 2318-PND(EMERGENCY RESCUE TENDER),15.4027833,74.0029216,0,STOP,At Fire Station Ponda ,Fire Station Ponda
2026-01-04T00:12:00.728Z,GA 07 G 2004-PND(QUICK RESPONSE),15.4141016,73.9073083,0,INACTIVE,"Guru Hotel, Old Ferry Road, Agaçaim, Goa (SE)",Fire Station Ponda
2026-01-04T00:12:00.728Z,GA 07 G 9101-PND(WATER TENDER),15.4026116,74.0032633,0,STOP,At Fire Station Ponda ,Fire Station Ponda
2026-01-04T00:12:00.728Z,GA 07 G 9797-PND(WATER BOUSER),15.4031816,74.0027183,0,STOP,At Fire Station Ponda ,Fire Station Ponda
2026-01-04T00:12:00.728Z,GA 07 G 6363-CAN(WATER TENDER),15.02359,74.0440516,0,INACTIVE,"Canacona, The Lalitrajbaga ,Canacona, Canacona, Goa (NE)",Fire Station Canacona
2026-01-04T00:12:00.728Z,GA 07 G 1567-CAN(QUICK RESPONSE FT),15.02371,74.044075,0,INACTIVE,"Canacona, The Lalitrajbaga ,Canacona, Canacona, Goa (NE)",Fire Station Canacona
2026-01-04T00:12:00.728Z,GA 07 G 1569-VRN(QUICK RESPONSE),15.3695233,73.9355466,0,STOP,At Fire Station Verna,Fire Station Verna
2026-01-04T00:12:00.728Z,GA 07 G 9909-VRN(ADVANCE MULTI-PURPOSE),15.3697166,73.93553,0,STOP,At Fire Station Verna,Fire Station Verna
2026-01-04T00:12:00.728Z,GA 07 G 1942-VAP(QUICK RESPONSE),15.5311566,74.1388099,0,STOP,At Fire Station Valpoi ,Fire Station Valpoi
2026-01-04T00:12:00.728Z,GA 07 G 2003-CUR(QUICK RESPONSE),15.2603333,74.103695,0,STOP,At Fire Station Curchorem,Fire Station Curchorem
2026-01-04T00:12:00.728Z,GA 07 G 7447-CUR(EMERGENCY RESCUE),15.2605033,74.103735,0,STOP,At Fire Station Curchorem,Fire Station Curchorem
2026-01-04T00:12:00.728Z,GA 07 G 7557-CUR(WATER TENDER),15.2604466,74.10376,0,STOP,At Fire Station Curchorem,Fire Station Curchorem
2026-01-04T00:12:00.728Z,GA 07 G 7667-CUR(WATER BOUSER),15.2603416,74.103785,0,STOP,At Fire Station Curchorem,Fire Station Curchorem
2026-01-04T00:12:00.728Z,GA 07 G 4989-KUN(WATER TENDER),15.4631567,73.97233,0,STOP,At Fire Station Kundaim,Fire Station Kundaim
2026-01-04T00:12:00.728Z,GA 07 G 2242-PIL(WATER TENDER),15.5329883,73.7938717,0,STOP,At Fire Station Pilerne,Fire Station Pilerne
2026-01-04T00:12:00.728Z,GA 07 G 0681-MAP(QUICK RESPONSE),15.5899317,73.8086583,0,STOP,At Fire Station Mapusa,Fire Station Mapusa
2026-01-04T00:12:00.728Z,GA 07 G 0307-PER(QUICK RESPONSE),15.7164939,73.7974239,0,INACTIVE,At Fire Station Pernem,Fire Station Pernem
2026-01-04T00:12:00.728Z,GA 07 G 2101-PER(MS WATER TENDER),15.7163783,73.797585,0,STOP,At Fire Station Pernem,Fire Station Pernem
2026-01-04T00:12:00.728Z,GA 07 G 4600-PER(MINI RESCUE TENDER),15.716455,73.7975228,0,STOP,At Fire Station Pernem,Fire Station Pernem
2026-01-04T00:12:00.728Z,GA 07 G 7272-PNJ(WATER TENDER),15.48729,73.8168156,0,STOP,"Caculo Mall, 16 Shanta, St Inez Rd, Caculo Enclave, Santa Inez, Panaji, Goa (NW)",Fire Station Panaji
2026-01-04T00:12:00.728Z,GA07G2384- Cuncolim,15.1862661,74.021075,0,STOP,At Fire Station Cuncolim,Fire Station Cuncolim
2026-01-04T00:12:00.728Z,GA07G2507 - Mid Size (Water Tender),15.7162883,73.797745,0,STOP,At Fire Station Pernem,Fire Station Pernem
2026-01-04T00:12:00.728Z,GA07G2505 - Mid Size (Water Tender),15.5309567,74.1385983,0,STOP,At Fire Station Valpoi ,Fire Station Valpoi
2026-01-04T00:12:00.728Z,GA07G2504 - Mid Size (Water Tender),15.5893983,73.9466233,0,STOP,At Fire Station Bicholim ,Fire Station Bicholim
2026-01-04T00:12:00.728Z,GA07G2503-Mid Size (Water Tender),15.58996,73.8087483,0,STOP,At Fire Station Mapusa,Fire Station Mapusa
2026-01-04T00:12:00.728Z,GA07G2502 - Mid Size (Water Tender),15.5898217,73.8087733,0,STOP,At Fire Station Mapusa,Fire Force Headquarters
2026-01-04T00:13:03.574Z,GA 07 G 0680-PIL(QUICK RESPONSE VEHICLE),15.532985,73.7939533,0,STOP,At Fire Station Pilerne,Fire Station Pilerne
2026-01-04T00:13:03.574Z,GA07G2506 - Mid Size (Water Tender),15.500297,73.914055,0,STOP,At Fire Station Old Goa,Fire Station Old Goa
2026-01-04T00:13:03.574Z,GA 07 G 5115-POR(MINI WATER TENDER),15.522993,73.829407,0,STOP,At Porvorim Fire Station,Fire Station Porvorim
2026-01-04T00:13:03.574Z,GA 07 G 0350-MRG(WATER TENDER),15.269403,73.970535,0,STOP,At Fire Station Margoa,Fire Station Margao
2026-01-04T00:13:03.574Z,GA 07 G 2900-MAP(MINI RESCUE TENDER),15.589897,73.808853,0,STOP,At Fire Station Mapusa,Fire Station Mapusa
2026-01-04T00:13:03.574Z,GA 07 G 7600-FFHQ(WATER BOUSER),15.487243,73.817322,0,STOP,"Caculo Mall, 16 Shanta, St Inez Rd, Caculo Enclave, Santa Inez, Panaji, Goa (NW)",Fire Force Headquarters
2026-01-04T00:13:03.574Z,GA 07 G 2002-FFHQ(TURN TABLE LADDER),15.487368,73.817284,0,STOP,"Caculo Mall, 16 Shanta, St Inez Rd, Caculo Enclave, Santa Inez, Panaji, Goa (NW)",Fire Force Headquarters
2026-01-04T00:13:03.574Z,GA 07 G 7101-FFHQ(WATER TENDER),15.486952,73.817093,0,STOP,"Caculo Mall, 16 Shanta, St Inez Rd, Caculo Enclave, Santa Inez, Panaji, Goa (NW)",Fire Force Headquarters
2026-01-04T00:13:03.574Z,GA 07 G 7677-FFHQ(EMERGENCY RESCUE),15.487027,73.817001,0,STOP,"Caculo Mall, 16 Shanta, St Inez Rd, Caculo Enclave, Santa Inez, Panaji, Goa (NW)",Fire Force Headquarters
2026-01-04T00:13:03.574Z,GA 07 G 1121-PNJ(EMERGENCY RESCUE),15.487345,73.817307,0,STOP,"Caculo Mall, 16 Shanta, St Inez Rd, Caculo Enclave, Santa Inez, Panaji, Goa (NW)",Fire Station Panaji
2026-01-04T00:13:03.574Z,GA 07 G 1571-FFHQ(QUICK RESPONSE),15.486558,73.817429,0,STOP,"Caculo Mall, 16 Shanta, St Inez Rd, Caculo Enclave, Santa Inez, Panaji, Goa (SW)",Fire Force Headquarters
2026-01-04T00:13:03.574Z,GA 07 G 8101-MAP(WATER TENDER),15.5899,73.808701,0,STOP,At Fire Station Mapusa,Fire Station Mapusa
2026-01-04T00:13:03.574Z,GA 07 G 2317-MRG(EMERGENCY RESCUE TENDER),15.2693416,73.9701816,1,STOP,At Fire Station Margoa,Fire Station Margao
2026-01-04T00:13:03.574Z,GA 07 G 1570-VAS(QUICK RESPONSE FIRE TENDER),15.3887599,73.851335,0,STOP,At Fire Station Vasco,Fire Station Vasco
2026-01-04T00:13:03.574Z,GA 07 G 4101-VAS(MS WATER TENDER),15.388845,73.8513016,0,STOP,At Fire Station Vasco,Fire Station Vasco
2026-01-04T00:13:03.574Z,GA 07 G 0819-VAS(WATER/FOAM TENDER),15.3888617,73.85127,0,IDLE,At Fire Station Vasco,Fire Station Vasco
2026-01-04T00:13:03.574Z,GA 07 G 7100-MRG(WATER BOUSER),15.2695583,73.9700516,0,STOP,At Fire Station Margoa,Fire Station Margao
2026-01-04T00:13:03.574Z,GA 07 G 1568-MRG(QUICK RESPONSE ),15.2693333,73.9705966,0,STOP,At Fire Station Margoa,Fire Station Margao
2026-01-04T00:13:03.574Z,GA 07 G 6101-MRG(WATER TENDER),15.2694683,73.9689933,0,STOP,At Fire Station Margoa,Fire Station Margao
2026-01-04T00:13:03.574Z,GA 07 G 1001-MRG(AERIAL LADDER PLATFORM),15.2693733,73.9701166,0,STOP,At Fire Station Margoa,Fire Station Margao
2026-01-04T00:13:03.574Z,GA 07 G 0820-BIC(WATER TEDNER),15.402795,74.0028044,0,STOP,At Fire Station Ponda ,Fire Station Bicholim
2026-01-04T00:13:03.574Z,GA 07 G 5101-OLG(MS WATER TENDER),15.50034,73.9140383,0,STOP,At Fire Station Old Goa,Fire Station Old Goa
2026-01-04T00:13:03.574Z,GA 07 G 3101-BIC(MS WATER TENDER),15.5891716,73.9468349,0,STOP,At Fire Station Bicholim ,Fire Station Bicholim
2026-01-04T00:13:03.574Z,GA 07 G 1941-BIC(QUICK RESPONSE),15.5894883,73.9466966,0,STOP,At Fire Station Bicholim ,Fire Station Bicholim
2026-01-04T00:13:03.574Z,GA 07 G 2319-VAS (EMERGENCY RESCUE TENDER),15.3892083,73.8478433,0,STOP,"155/C, near railway bridge, airport road, Alto-dabolim, Dabolim, Goa (SW)",Fire Station Vasco
2026-01-04T00:13:03.574Z,GA 07 G 3737-VAP(WATER TENDER),15.5310816,74.1389166,0,STOP,At Fire Station Valpoi ,Fire Station Valpoi
2026-01-04T00:13:03.574Z,GA 07 G 2318-PND(EMERGENCY RESCUE TENDER),15.4027833,74.0029216,0,STOP,At Fire Station Ponda ,Fire Station Ponda
2026-01-04T00:13:03.574Z,GA 07 G 2004-PND(QUICK RESPONSE),15.4141016,73.9073083,0,INACTIVE,"Guru Hotel, Old Ferry Road, Agaçaim, Goa (SE)",Fire Station Ponda
2026-01-04T00:13:03.574Z,GA 07 G 9101-PND(WATER TENDER),15.4026116,74.0032633,0,STOP,At Fire Station Ponda ,Fire Station Ponda
2026-01-04T00:13:03.574Z,GA 07 G 9797-PND(WATER BOUSER),15.4031816,74.0027183,0,STOP,At Fire Station Ponda ,Fire Station Ponda
2026-01-04T00:13:03.574Z,GA 07 G 6363-CAN(WATER TENDER),15.02359,74.0440516,0,INACTIVE,"Canacona, The Lalitrajbaga ,Canacona, Canacona, Goa (NE)",Fire Station Canacona
2026-01-04T00:13:03.574Z,GA 07 G 1567-CAN(QUICK RESPONSE FT),15.02371,74.044075,0,INACTIVE,"Canacona, The Lalitrajbaga ,Canacona, Canacona, Goa (NE)",Fire Station Canacona
2026-01-04T00:13:03.574Z,GA 07 G 1569-VRN(QUICK RESPONSE),15.3695233,73.9355466,0,STOP,At Fire Station Verna,Fire Station Verna
2026-01-04T00:13:03.574Z,GA 07 G 9909-VRN(ADVANCE MULTI-PURPOSE),15.3697166,73.93553,0,STOP,At Fire Station Verna,Fire Station Verna
2026-01-04T00:13:03.574Z,GA 07 G 1942-VAP(QUICK RESPONSE),15.5311566,74.1388099,0,STOP,At Fire Station Valpoi ,Fire Station Valpoi
2026-01-04T00:13:03.574Z,GA 07 G 2003-CUR(QUICK RESPONSE),15.2603333,74.103695,0,STOP,At Fire Station Curchorem,Fire Station Curchorem
2026-01-04T00:13:03.574Z,GA 07 G 7447-CUR(EMERGENCY RESCUE),15.2605033,74.103735,0,STOP,At Fire Station Curchorem,Fire Station Curchorem
2026-01-04T00:13:03.574Z,GA 07 G 7557-CUR(WATER TENDER),15.2604466,74.10376,0,STOP,At Fire Station Curchorem,Fire Station Curchorem
2026-01-04T00:13:03.574Z,GA 07 G 7667-CUR(WATER BOUSER),15.2603416,74.103785,0,STOP,At Fire Station Curchorem,Fire Station Curchorem
2026-01-04T00:13:03.574Z,GA 07 G 4989-KUN(WATER TENDER),15.4631567,73.97233,0,STOP,At Fire Station Kundaim,Fire Station Kundaim
2026-01-04T00:13:03.574Z,GA 07 G 2242-PIL(WATER TENDER),15.5329883,73.7938717,0,STOP,At Fire Station Pilerne,Fire Station Pilerne
2026-01-04T00:13:03.574Z,GA 07 G 0681-MAP(QUICK RESPONSE),15.5899317,73.8086583,0,STOP,At Fire Station Mapusa,Fire Station Mapusa
2026-01-04T00:13:03.574Z,GA 07 G 0307-PER(QUICK RESPONSE),15.7164939,73.7974239,0,INACTIVE,At Fire Station Pernem,Fire Station Pernem
2026-01-04T00:13:03.574Z,GA 07 G 2101-PER(MS WATER TENDER),15.7163783,73.797585,0,STOP,At Fire Station Pernem,Fire Station Pernem
2026-01-04T00:13:03.574Z,GA 07 G 4600-PER(MINI RESCUE TENDER),15.716455,73.7975228,0,STOP,At Fire Station Pernem,Fire Station Pernem
2026-01-04T00:13:03.574Z,GA 07 G 7272-PNJ(WATER TENDER),15.48729,73.8168156,0,STOP,"Caculo Mall, 16 Shanta, St Inez Rd, Caculo Enclave, Santa Inez, Panaji, Goa (NW)",Fire Station Panaji
2026-01-04T00:13:03.574Z,GA07G2384- Cuncolim,15.1862661,74.021075,0,STOP,At Fire Station Cuncolim,Fire Station Cuncolim
2026-01-04T00:13:03.574Z,GA07G2507 - Mid Size (Water Tender),15.7162883,73.797745,0,STOP,At Fire Station Pernem,Fire Station Pernem
2026-01-04T00:13:03.574Z,GA07G2505 - Mid Size (Water Tender),15.5309567,74.1385983,0,STOP,At Fire Station Valpoi ,Fire Station Valpoi
2026-01-04T00:13:03.574Z,GA07G2504 - Mid Size (Water Tender),15.5893983,73.9466233,0,STOP,At Fire Station Bicholim ,Fire Station Bicholim
2026-01-04T00:13:03.574Z,GA07G2503-Mid Size (Water Tender),15.58996,73.8087483,0,STOP,At Fire Station Mapusa,Fire Station Mapusa
2026-01-04T00:13:03.574Z,GA07G2502 - Mid Size (Water Tender),15.5898217,73.8087733,0,STOP,At Fire Station Mapusa,Fire Force Headquarters
2026-01-04T00:14:03.703Z,GA 07 G 0680-PIL(QUICK RESPONSE VEHICLE),15.532985,73.7939533,0,STOP,At Fire Station Pilerne,Fire Station Pilerne
2026-01-04T00:14:03.703Z,GA07G2506 - Mid Size (Water Tender),15.500297,73.914055,0,STOP,At Fire Station Old Goa,Fire Station Old Goa
2026-01-04T00:14:03.703Z,GA 07 G 5115-POR(MINI WATER TENDER),15.522993,73.829407,0,STOP,At Porvorim Fire Station,Fire Station Porvorim
2026-01-04T00:14:03.703Z,GA 07 G 0350-MRG(WATER TENDER),15.269403,73.970535,0,STOP,At Fire Station Margoa,Fire Station Margao
2026-01-04T00:14:03.703Z,GA 07 G 2900-MAP(MINI RESCUE TENDER),15.589897,73.808853,0,STOP,At Fire Station Mapusa,Fire Station Mapusa
2026-01-04T00:14:03.703Z,GA 07 G 7600-FFHQ(WATER BOUSER),15.487243,73.817322,0,STOP,"Caculo Mall, 16 Shanta, St Inez Rd, Caculo Enclave, Santa Inez, Panaji, Goa (NW)",Fire Force Headquarters
2026-01-04T00:14:03.703Z,GA 07 G 2002-FFHQ(TURN TABLE LADDER),15.487368,73.817284,0,STOP,"Caculo Mall, 16 Shanta, St Inez Rd, Caculo Enclave, Santa Inez, Panaji, Goa (NW)",Fire Force Headquarters
2026-01-04T00:14:03.703Z,GA 07 G 7101-FFHQ(WATER TENDER),15.486952,73.817093,0,STOP,"Caculo Mall, 16 Shanta, St Inez Rd, Caculo Enclave, Santa Inez, Panaji, Goa (NW)",Fire Force Headquarters
2026-01-04T00:14:03.703Z,GA 07 G 7677-FFHQ(EMERGENCY RESCUE),15.487027,73.817001,0,STOP,"Caculo Mall, 16 Shanta, St Inez Rd, Caculo Enclave, Santa Inez, Panaji, Goa (NW)",Fire Force Headquarters
2026-01-04T00:14:03.703Z,GA 07 G 1121-PNJ(EMERGENCY RESCUE),15.487345,73.817307,0,STOP,"Caculo Mall, 16 Shanta, St Inez Rd, Caculo Enclave, Santa Inez, Panaji, Goa (NW)",Fire Station Panaji
2026-01-04T00:14:03.703Z,GA 07 G 1571-FFHQ(QUICK RESPONSE),15.486558,73.817429,0,STOP,"Caculo Mall, 16 Shanta, St Inez Rd, Caculo Enclave, Santa Inez, Panaji, Goa (SW)",Fire Force Headquarters
2026-01-04T00:14:03.703Z,GA 07 G 8101-MAP(WATER TENDER),15.5899,73.808701,0,STOP,At Fire Station Mapusa,Fire Station Mapusa
2026-01-04T00:14:03.703Z,GA 07 G 2317-MRG(EMERGENCY RESCUE TENDER),15.2694616,73.9703283,0,STOP,At Fire Station Margoa,Fire Station Margao
2026-01-04T00:14:03.703Z,GA 07 G 1570-VAS(QUICK RESPONSE FIRE TENDER),15.3887599,73.851335,0,STOP,At Fire Station Vasco,Fire Station Vasco
2026-01-04T00:14:03.703Z,GA 07 G 4101-VAS(MS WATER TENDER),15.388845,73.8513016,0,STOP,At Fire Station Vasco,Fire Station Vasco
2026-01-04T00:14:03.703Z,GA 07 G 0819-VAS(WATER/FOAM TENDER),15.3888617,73.85127,0,IDLE,At Fire Station Vasco,Fire Station Vasco
2026-01-04T00:14:03.703Z,GA 07 G 7100-MRG(WATER BOUSER),15.2695583,73.9700516,0,STOP,At Fire Station Margoa,Fire Station Margao
2026-01-04T00:14:03.703Z,GA 07 G 1568-MRG(QUICK RESPONSE ),15.2693333,73.9705966,0,STOP,At Fire Station Margoa,Fire Station Margao
2026-01-04T00:14:03.703Z,GA 07 G 6101-MRG(WATER TENDER),15.2694683,73.9689933,0,STOP,At Fire Station Margoa,Fire Station Margao
2026-01-04T00:14:03.703Z,GA 07 G 1001-MRG(AERIAL LADDER PLATFORM),15.2693733,73.9701166,0,STOP,At Fire Station Margoa,Fire Station Margao
2026-01-04T00:14:03.703Z,GA 07 G 0820-BIC(WATER TEDNER),15.402795,74.0028044,0,STOP,At Fire Station Ponda ,Fire Station Bicholim
2026-01-04T00:14:03.703Z,GA 07 G 5101-OLG(MS WATER TENDER),15.50034,73.9140383,0,STOP,At Fire Station Old Goa,Fire Station Old Goa
2026-01-04T00:14:03.703Z,GA 07 G 3101-BIC(MS WATER TENDER),15.58919,73.9464933,1,STOP,At Fire Station Bicholim ,Fire Station Bicholim
2026-01-04T00:14:03.703Z,GA 07 G 1941-BIC(QUICK RESPONSE),15.5894883,73.9466966,0,STOP,At Fire Station Bicholim ,Fire Station Bicholim
2026-01-04T00:14:03.703Z,GA 07 G 2319-VAS (EMERGENCY RESCUE TENDER),15.3892083,73.8478433,0,STOP,"155/C, near railway bridge, airport road, Alto-dabolim, Dabolim, Goa (SW)",Fire Station Vasco
2026-01-04T00:14:03.703Z,GA 07 G 3737-VAP(WATER TENDER),15.5310816,74.1389166,0,STOP,At Fire Station Valpoi ,Fire Station Valpoi
2026-01-04T00:14:03.703Z,GA 07 G 2318-PND(EMERGENCY RESCUE TENDER),15.4027833,74.0029216,0,STOP,At Fire Station Ponda ,Fire Station Ponda
2026-01-04T00:14:03.703Z,GA 07 G 2004-PND(QUICK RESPONSE),15.4141016,73.9073083,0,INACTIVE,"Guru Hotel, Old Ferry Road, Agaçaim, Goa (SE)",Fire Station Ponda
2026-01-04T00:14:03.703Z,GA 07 G 9101-PND(WATER TENDER),15.4026116,74.0032633,0,STOP,At Fire Station Ponda ,Fire Station Ponda
2026-01-04T00:14:03.703Z,GA 07 G 9797-PND(WATER BOUSER),15.4031816,74.0027183,0,STOP,At Fire Station Ponda ,Fire Station Ponda
2026-01-04T00:14:03.703Z,GA 07 G 6363-CAN(WATER TENDER),15.02359,74.0440516,0,INACTIVE,"Canacona, The Lalitrajbaga ,Canacona, Canacona, Goa (NE)",Fire Station Canacona
2026-01-04T00:14:03.703Z,GA 07 G 1567-CAN(QUICK RESPONSE FT),15.02371,74.044075,0,INACTIVE,"Canacona, The Lalitrajbaga ,Canacona, Canacona, Goa (NE)",Fire Station Canacona
2026-01-04T00:14:03.703Z,GA 07 G 1569-VRN(QUICK RESPONSE),15.3695233,73.9355466,0,STOP,At Fire Station Verna,Fire Station Verna
2026-01-04T00:14:03.703Z,GA 07 G 9909-VRN(ADVANCE MULTI-PURPOSE),15.3697166,73.93553,0,STOP,At Fire Station Verna,Fire Station Verna
2026-01-04T00:14:03.703Z,GA 07 G 1942-VAP(QUICK RESPONSE),15.5311566,74.1388099,0,STOP,At Fire Station Valpoi ,Fire Station Valpoi
2026-01-04T00:14:03.703Z,GA 07 G 2003-CUR(QUICK RESPONSE),15.2603333,74.103695,0,STOP,At Fire Station Curchorem,Fire Station Curchorem
2026-01-04T00:14:03.703Z,GA 07 G 7447-CUR(EMERGENCY RESCUE),15.2605033,74.103735,0,STOP,At Fire Station Curchorem,Fire Station Curchorem
2026-01-04T00:14:03.703Z,GA 07 G 7557-CUR(WATER TENDER),15.2604466,74.10376,0,STOP,At Fire Station Curchorem,Fire Station Curchorem
2026-01-04T00:14:03.703Z,GA 07 G 7667-CUR(WATER BOUSER),15.2603416,74.103785,0,STOP,At Fire Station Curchorem,Fire Station Curchorem
2026-01-04T00:14:03.703Z,GA 07 G 4989-KUN(WATER TENDER),15.4631567,73.97233,0,STOP,At Fire Station Kundaim,Fire Station Kundaim
2026-01-04T00:14:03.703Z,GA 07 G 2242-PIL(WATER TENDER),15.5329883,73.7938717,0,STOP,At Fire Station Pilerne,Fire Station Pilerne
2026-01-04T00:14:03.703Z,GA 07 G 0681-MAP(QUICK RESPONSE),15.5899317,73.8086583,0,STOP,At Fire Station Mapusa,Fire Station Mapusa
2026-01-04T00:14:03.703Z,GA 07 G 0307-PER(QUICK RESPONSE),15.7164939,73.7974239,0,INACTIVE,At Fire Station Pernem,Fire Station Pernem
2026-01-04T00:14:03.703Z,GA 07 G 2101-PER(MS WATER TENDER),15.7163783,73.797585,0,STOP,At Fire Station Pernem,Fire Station Pernem
2026-01-04T00:14:03.703Z,GA 07 G 4600-PER(MINI RESCUE TENDER),15.716455,73.7975228,0,STOP,At Fire Station Pernem,Fire Station Pernem
2026-01-04T00:14:03.703Z,GA 07 G 7272-PNJ(WATER TENDER),15.48729,73.8168156,0,STOP,"Caculo Mall, 16 Shanta, St Inez Rd, Caculo Enclave, Santa Inez, Panaji, Goa (NW)",Fire Station Panaji
2026-01-04T00:14:03.703Z,GA07G2384- Cuncolim,15.1862661,74.021075,0,STOP,At Fire Station Cuncolim,Fire Station Cuncolim
2026-01-04T00:14:03.703Z,GA07G2507 - Mid Size (Water Tender),15.7162883,73.797745,0,STOP,At Fire Station Pernem,Fire Station Pernem
2026-01-04T00:14:03.703Z,GA07G2505 - Mid Size (Water Tender),15.5309567,74.1385983,0,STOP,At Fire Station Valpoi ,Fire Station Valpoi
2026-01-04T00:14:03.703Z,GA07G2504 - Mid Size (Water Tender),15.5893983,73.9466233,0,STOP,At Fire Station Bicholim ,Fire Station Bicholim
2026-01-04T00:14:03.703Z,GA07G2503-Mid Size (Water Tender),15.58996,73.8087483,0,STOP,At Fire Station Mapusa,Fire Station Mapusa
2026-01-04T00:14:03.703Z,GA07G2502 - Mid Size (Water Tender),15.5898217,73.8087733,0,STOP,At Fire Station Mapusa,Fire Force Headquarters
2026-01-04T00:15:01.143Z,GA 07 G 0680-PIL(QUICK RESPONSE VEHICLE),15.532985,73.7939533,0,STOP,At Fire Station Pilerne,Fire Station Pilerne
2026-01-04T00:15:01.143Z,GA07G2506 - Mid Size (Water Tender),15.500297,73.914055,0,STOP,At Fire Station Old Goa,Fire Station Old Goa
2026-01-04T00:15:01.143Z,GA 07 G 5115-POR(MINI WATER TENDER),15.522993,73.829407,0,STOP,At Porvorim Fire Station,Fire Station Porvorim
2026-01-04T00:15:01.143Z,GA 07 G 0350-MRG(WATER TENDER),15.269403,73.970535,0,STOP,At Fire Station Margoa,Fire Station Margao
2026-01-04T00:15:01.143Z,GA 07 G 2900-MAP(MINI RESCUE TENDER),15.589897,73.808853,0,STOP,At Fire Station Mapusa,Fire Station Mapusa
2026-01-04T00:15:01.143Z,GA 07 G 7600-FFHQ(WATER BOUSER),15.487243,73.817322,0,STOP,"Caculo Mall, 16 Shanta, St Inez Rd, Caculo Enclave, Santa Inez, Panaji, Goa (NW)",Fire Force Headquarters
2026-01-04T00:15:01.143Z,GA 07 G 2002-FFHQ(TURN TABLE LADDER),15.487368,73.817284,0,STOP,"Caculo Mall, 16 Shanta, St Inez Rd, Caculo Enclave, Santa Inez, Panaji, Goa (NW)",Fire Force Headquarters
2026-01-04T00:15:01.143Z,GA 07 G 7101-FFHQ(WATER TENDER),15.486952,73.817093,0,STOP,"Caculo Mall, 16 Shanta, St Inez Rd, Caculo Enclave, Santa Inez, Panaji, Goa (NW)",Fire Force Headquarters
2026-01-04T00:15:01.143Z,GA 07 G 7677-FFHQ(EMERGENCY RESCUE),15.487027,73.817001,0,STOP,"Caculo Mall, 16 Shanta, St Inez Rd, Caculo Enclave, Santa Inez, Panaji, Goa (NW)",Fire Force Headquarters
2026-01-04T00:15:01.143Z,GA 07 G 1121-PNJ(EMERGENCY RESCUE),15.487345,73.817307,0,STOP,"Caculo Mall, 16 Shanta, St Inez Rd, Caculo Enclave, Santa Inez, Panaji, Goa (NW)",Fire Station Panaji
2026-01-04T00:15:01.143Z,GA 07 G 1571-FFHQ(QUICK RESPONSE),15.486558,73.817429,0,STOP,"Caculo Mall, 16 Shanta, St Inez Rd, Caculo Enclave, Santa Inez, Panaji, Goa (SW)",Fire Force Headquarters
2026-01-04T00:15:01.143Z,GA 07 G 8101-MAP(WATER TENDER),15.5899,73.808701,0,STOP,At Fire Station Mapusa,Fire Station Mapusa
2026-01-04T00:15:01.143Z,GA 07 G 2317-MRG(EMERGENCY RESCUE TENDER),15.2693683,73.9702316,1,STOP,At Fire Station Margoa,Fire Station Margao
2026-01-04T00:15:01.143Z,GA 07 G 1570-VAS(QUICK RESPONSE FIRE TENDER),15.3887599,73.851335,0,STOP,At Fire Station Vasco,Fire Station Vasco
2026-01-04T00:15:01.143Z,GA 07 G 4101-VAS(MS WATER TENDER),15.388845,73.8513016,0,STOP,At Fire Station Vasco,Fire Station Vasco
2026-01-04T00:15:01.143Z,GA 07 G 0819-VAS(WATER/FOAM TENDER),15.3888617,73.85127,0,IDLE,At Fire Station Vasco,Fire Station Vasco
2026-01-04T00:15:01.143Z,GA 07 G 7100-MRG(WATER BOUSER),15.2695583,73.9700516,0,STOP,At Fire Station Margoa,Fire Station Margao
2026-01-04T00:15:01.143Z,GA 07 G 1568-MRG(QUICK RESPONSE ),15.2693333,73.9705966,0,STOP,At Fire Station Margoa,Fire Station Margao
2026-01-04T00:15:01.143Z,GA 07 G 6101-MRG(WATER TENDER),15.2694683,73.9689933,0,STOP,At Fire Station Margoa,Fire Station Margao
2026-01-04T00:15:01.143Z,GA 07 G 1001-MRG(AERIAL LADDER PLATFORM),15.2693733,73.9701166,0,STOP,At Fire Station Margoa,Fire Station Margao
2026-01-04T00:15:01.143Z,GA 07 G 0820-BIC(WATER TEDNER),15.402795,74.0028044,0,STOP,At Fire Station Ponda ,Fire Station Bicholim
2026-01-04T00:15:01.143Z,GA 07 G 5101-OLG(MS WATER TENDER),15.50034,73.9140383,0,STOP,At Fire Station Old Goa,Fire Station Old Goa
2026-01-04T00:15:01.143Z,GA 07 G 3101-BIC(MS WATER TENDER),15.589165,73.9464933,3,STOP,At Fire Station Bicholim ,Fire Station Bicholim
2026-01-04T00:15:01.143Z,GA 07 G 1941-BIC(QUICK RESPONSE),15.5894883,73.9466966,0,STOP,At Fire Station Bicholim ,Fire Station Bicholim
2026-01-04T00:15:01.143Z,GA 07 G 2319-VAS (EMERGENCY RESCUE TENDER),15.3892083,73.8478433,0,STOP,"155/C, near railway bridge, airport road, Alto-dabolim, Dabolim, Goa (SW)",Fire Station Vasco
2026-01-04T00:15:01.143Z,GA 07 G 3737-VAP(WATER TENDER),15.5310816,74.1389166,0,STOP,At Fire Station Valpoi ,Fire Station Valpoi
2026-01-04T00:15:01.143Z,GA 07 G 2318-PND(EMERGENCY RESCUE TENDER),15.4027833,74.0029216,0,STOP,At Fire Station Ponda ,Fire Station Ponda
2026-01-04T00:15:01.143Z,GA 07 G 2004-PND(QUICK RESPONSE),15.4141016,73.9073083,0,INACTIVE,"Guru Hotel, Old Ferry Road, Agaçaim, Goa (SE)",Fire Station Ponda
2026-01-04T00:15:01.143Z,GA 07 G 9101-PND(WATER TENDER),15.4026116,74.0032633,0,STOP,At Fire Station Ponda ,Fire Station Ponda
2026-01-04T00:15:01.143Z,GA 07 G 9797-PND(WATER BOUSER),15.4031816,74.0027183,0,STOP,At Fire Station Ponda ,Fire Station Ponda
2026-01-04T00:15:01.143Z,GA 07 G 6363-CAN(WATER TENDER),15.02359,74.0440516,0,INACTIVE,"Canacona, The Lalitrajbaga ,Canacona, Canacona, Goa (NE)",Fire Station Canacona
2026-01-04T00:15:01.143Z,GA 07 G 1567-CAN(QUICK RESPONSE FT),15.02371,74.044075,0,INACTIVE,"Canacona, The Lalitrajbaga ,Canacona, Canacona, Goa (NE)",Fire Station Canacona
2026-01-04T00:15:01.143Z,GA 07 G 1569-VRN(QUICK RESPONSE),15.3695233,73.9355466,0,STOP,At Fire Station Verna,Fire Station Verna
2026-01-04T00:15:01.143Z,GA 07 G 9909-VRN(ADVANCE MULTI-PURPOSE),15.3697166,73.93553,0,STOP,At Fire Station Verna,Fire Station Verna
2026-01-04T00:15:01.143Z,GA 07 G 1942-VAP(QUICK RESPONSE),15.5311566,74.1388099,0,STOP,At Fire Station Valpoi ,Fire Station Valpoi
2026-01-04T00:15:01.143Z,GA 07 G 2003-CUR(QUICK RESPONSE),15.2603333,74.103695,0,STOP,At Fire Station Curchorem,Fire Station Curchorem
2026-01-04T00:15:01.143Z,GA 07 G 7447-CUR(EMERGENCY RESCUE),15.2605033,74.103735,0,STOP,At Fire Station Curchorem,Fire Station Curchorem
2026-01-04T00:15:01.143Z,GA 07 G 7557-CUR(WATER TENDER),15.2604466,74.10376,0,STOP,At Fire Station Curchorem,Fire Station Curchorem
2026-01-04T00:15:01.143Z,GA 07 G 7667-CUR(WATER BOUSER),15.2603416,74.103785,0,STOP,At Fire Station Curchorem,Fire Station Curchorem
2026-01-04T00:15:01.143Z,GA 07 G 4989-KUN(WATER TENDER),15.4631567,73.97233,0,STOP,At Fire Station Kundaim,Fire Station Kundaim
2026-01-04T00:15:01.143Z,GA 07 G 2242-PIL(WATER TENDER),15.5329883,73.7938717,0,STOP,At Fire Station Pilerne,Fire Station Pilerne
2026-01-04T00:15:01.143Z,GA 07 G 0681-MAP(QUICK RESPONSE),15.5899317,73.8086583,0,STOP,At Fire Station Mapusa,Fire Station Mapusa
2026-01-04T00:15:01.143Z,GA 07 G 0307-PER(QUICK RESPONSE),15.7164939,73.7974239,0,INACTIVE,At Fire Station Pernem,Fire Station Pernem
2026-01-04T00:15:01.143Z,GA 07 G 2101-PER(MS WATER TENDER),15.7163783,73.797585,0,STOP,At Fire Station Pernem,Fire Station Pernem
2026-01-04T00:15:01.143Z,GA 07 G 4600-PER(MINI RESCUE TENDER),15.716455,73.7975228,0,STOP,At Fire Station Pernem,Fire Station Pernem
2026-01-04T00:15:01.143Z,GA 07 G 7272-PNJ(WATER TENDER),15.48729,73.8168156,0,STOP,"Caculo Mall, 16 Shanta, St Inez Rd, Caculo Enclave, Santa Inez, Panaji, Goa (NW)",Fire Station Panaji
2026-01-04T00:15:01.143Z,GA07G2384- Cuncolim,15.1862661,74.021075,0,STOP,At Fire Station Cuncolim,Fire Station Cuncolim
2026-01-04T00:15:01.143Z,GA07G2507 - Mid Size (Water Tender),15.7162883,73.797745,0,STOP,At Fire Station Pernem,Fire Station Pernem
2026-01-04T00:15:01.143Z,GA07G2505 - Mid Size (Water Tender),15.5309567,74.1385983,0,STOP,At Fire Station Valpoi ,Fire Station Valpoi
2026-01-04T00:15:01.143Z,GA07G2504 - Mid Size (Water Tender),15.5893983,73.9466233,0,STOP,At Fire Station Bicholim ,Fire Station Bicholim
2026-01-04T00:15:01.143Z,GA07G2503-Mid Size (Water Tender),15.58996,73.8087483,0,STOP,At Fire Station Mapusa,Fire Station Mapusa
2026-01-04T00:15:01.143Z,GA07G2502 - Mid Size (Water Tender),15.5898217,73.8087733,0,STOP,At Fire Station Mapusa,Fire Force Headquarters
2026-01-04T00:16:03.979Z,GA 07 G 0680-PIL(QUICK RESPONSE VEHICLE),15.532985,73.7939533,0,STOP,At Fire Station Pilerne,Fire Station Pilerne
2026-01-04T00:16:03.979Z,GA07G2506 - Mid Size (Water Tender),15.500297,73.914055,0,STOP,At Fire Station Old Goa,Fire Station Old Goa
2026-01-04T00:16:03.979Z,GA 07 G 5115-POR(MINI WATER TENDER),15.522993,73.829407,0,STOP,At Porvorim Fire Station,Fire Station Porvorim
2026-01-04T00:16:03.979Z,GA 07 G 0350-MRG(WATER TENDER),15.269403,73.970535,0,STOP,At Fire Station Margoa,Fire Station Margao
2026-01-04T00:16:03.979Z,GA 07 G 2900-MAP(MINI RESCUE TENDER),15.589897,73.808853,0,STOP,At Fire Station Mapusa,Fire Station Mapusa
2026-01-04T00:16:03.979Z,GA 07 G 7600-FFHQ(WATER BOUSER),15.487243,73.817322,0,STOP,"Caculo Mall, 16 Shanta, St Inez Rd, Caculo Enclave, Santa Inez, Panaji, Goa (NW)",Fire Force Headquarters
2026-01-04T00:16:03.979Z,GA 07 G 2002-FFHQ(TURN TABLE LADDER),15.487368,73.817284,0,STOP,"Caculo Mall, 16 Shanta, St Inez Rd, Caculo Enclave, Santa Inez, Panaji, Goa (NW)",Fire Force Headquarters
2026-01-04T00:16:03.979Z,GA 07 G 7101-FFHQ(WATER TENDER),15.486952,73.817093,0,STOP,"Caculo Mall, 16 Shanta, St Inez Rd, Caculo Enclave, Santa Inez, Panaji, Goa (NW)",Fire Force Headquarters
2026-01-04T00:16:03.979Z,GA 07 G 7677-FFHQ(EMERGENCY RESCUE),15.487027,73.817001,0,STOP,"Caculo Mall, 16 Shanta, St Inez Rd, Caculo Enclave, Santa Inez, Panaji, Goa (NW)",Fire Force Headquarters
2026-01-04T00:16:03.979Z,GA 07 G 1121-PNJ(EMERGENCY RESCUE),15.487345,73.817307,0,STOP,"Caculo Mall, 16 Shanta, St Inez Rd, Caculo Enclave, Santa Inez, Panaji, Goa (NW)",Fire Station Panaji
2026-01-04T00:16:03.979Z,GA 07 G 1571-FFHQ(QUICK RESPONSE),15.486558,73.817429,0,STOP,"Caculo Mall, 16 Shanta, St Inez Rd, Caculo Enclave, Santa Inez, Panaji, Goa (SW)",Fire Force Headquarters
2026-01-04T00:16:03.979Z,GA 07 G 8101-MAP(WATER TENDER),15.5899,73.808701,0,STOP,At Fire Station Mapusa,Fire Station Mapusa
2026-01-04T00:16:03.979Z,GA 07 G 2317-MRG(EMERGENCY RESCUE TENDER),15.2693983,73.97006,0,STOP,At Fire Station Margoa,Fire Station Margao
2026-01-04T00:16:03.979Z,GA 07 G 1570-VAS(QUICK RESPONSE FIRE TENDER),15.3887599,73.851335,0,STOP,At Fire Station Vasco,Fire Station Vasco
2026-01-04T00:16:03.979Z,GA 07 G 4101-VAS(MS WATER TENDER),15.388845,73.8513016,0,STOP,At Fire Station Vasco,Fire Station Vasco
2026-01-04T00:16:03.979Z,GA 07 G 0819-VAS(WATER/FOAM TENDER),15.3888617,73.85127,0,IDLE,At Fire Station Vasco,Fire Station Vasco
2026-01-04T00:16:03.979Z,GA 07 G 7100-MRG(WATER BOUSER),15.2695583,73.9700516,0,STOP,At Fire Station Margoa,Fire Station Margao
2026-01-04T00:16:03.979Z,GA 07 G 1568-MRG(QUICK RESPONSE ),15.2693333,73.9705966,0,STOP,At Fire Station Margoa,Fire Station Margao
2026-01-04T00:16:03.979Z,GA 07 G 6101-MRG(WATER TENDER),15.2694683,73.9689933,0,STOP,At Fire Station Margoa,Fire Station Margao
2026-01-04T00:16:03.979Z,GA 07 G 1001-MRG(AERIAL LADDER PLATFORM),15.2693733,73.9701166,0,STOP,At Fire Station Margoa,Fire Station Margao
2026-01-04T00:16:03.979Z,GA 07 G 0820-BIC(WATER TEDNER),15.402795,74.0028044,0,STOP,At Fire Station Ponda ,Fire Station Bicholim
2026-01-04T00:16:03.979Z,GA 07 G 5101-OLG(MS WATER TENDER),15.50034,73.9140383,0,STOP,At Fire Station Old Goa,Fire Station Old Goa
2026-01-04T00:16:03.979Z,GA 07 G 3101-BIC(MS WATER TENDER),15.589165,73.9464933,0,STOP,At Fire Station Bicholim ,Fire Station Bicholim
2026-01-04T00:16:03.979Z,GA 07 G 1941-BIC(QUICK RESPONSE),15.5894883,73.9466966,0,STOP,At Fire Station Bicholim ,Fire Station Bicholim
2026-01-04T00:16:03.979Z,GA 07 G 2319-VAS (EMERGENCY RESCUE TENDER),15.3892083,73.8478433,0,STOP,"155/C, near railway bridge, airport road, Alto-dabolim, Dabolim, Goa (SW)",Fire Station Vasco
2026-01-04T00:16:03.979Z,GA 07 G 3737-VAP(WATER TENDER),15.5310816,74.1389166,0,STOP,At Fire Station Valpoi ,Fire Station Valpoi
2026-01-04T00:16:03.979Z,GA 07 G 2318-PND(EMERGENCY RESCUE TENDER),15.4027833,74.0029216,0,STOP,At Fire Station Ponda ,Fire Station Ponda
2026-01-04T00:16:03.979Z,GA 07 G 2004-PND(QUICK RESPONSE),15.4141016,73.9073083,0,INACTIVE,"Guru Hotel, Old Ferry Road, Agaçaim, Goa (SE)",Fire Station Ponda
2026-01-04T00:16:03.979Z,GA 07 G 9101-PND(WATER TENDER),15.4026116,74.0032633,0,STOP,At Fire Station Ponda ,Fire Station Ponda
2026-01-04T00:16:03.979Z,GA 07 G 9797-PND(WATER BOUSER),15.4031816,74.0027183,0,STOP,At Fire Station Ponda ,Fire Station Ponda
2026-01-04T00:16:03.979Z,GA 07 G 6363-CAN(WATER TENDER),15.02359,74.0440516,0,INACTIVE,"Canacona, The Lalitrajbaga ,Canacona, Canacona, Goa (NE)",Fire Station Canacona
2026-01-04T00:16:03.979Z,GA 07 G 1567-CAN(QUICK RESPONSE FT),15.02371,74.044075,0,STOP,"Canacona, The Lalitrajbaga ,Canacona, Canacona, Goa (NE)",Fire Station Canacona
2026-01-04T00:16:03.979Z,GA 07 G 1569-VRN(QUICK RESPONSE),15.3695233,73.9355466,0,STOP,At Fire Station Verna,Fire Station Verna
2026-01-04T00:16:03.979Z,GA 07 G 9909-VRN(ADVANCE MULTI-PURPOSE),15.3697166,73.93553,0,STOP,At Fire Station Verna,Fire Station Verna
2026-01-04T00:16:03.979Z,GA 07 G 1942-VAP(QUICK RESPONSE),15.5311566,74.1388099,0,STOP,At Fire Station Valpoi ,Fire Station Valpoi
2026-01-04T00:16:03.979Z,GA 07 G 2003-CUR(QUICK RESPONSE),15.2603333,74.103695,0,STOP,At Fire Station Curchorem,Fire Station Curchorem
2026-01-04T00:16:03.979Z,GA 07 G 7447-CUR(EMERGENCY RESCUE),15.2605033,74.103735,0,STOP,At Fire Station Curchorem,Fire Station Curchorem
2026-01-04T00:16:03.979Z,GA 07 G 7557-CUR(WATER TENDER),15.2604466,74.10376,0,STOP,At Fire Station Curchorem,Fire Station Curchorem
2026-01-04T00:16:03.979Z,GA 07 G 7667-CUR(WATER BOUSER),15.2603416,74.103785,0,STOP,At Fire Station Curchorem,Fire Station Curchorem
2026-01-04T00:16:03.979Z,GA 07 G 4989-KUN(WATER TENDER),15.4631567,73.97233,0,STOP,At Fire Station Kundaim,Fire Station Kundaim
2026-01-04T00:16:03.979Z,GA 07 G 2242-PIL(WATER TENDER),15.5329883,73.7938717,0,STOP,At Fire Station Pilerne,Fire Station Pilerne
2026-01-04T00:16:03.979Z,GA 07 G 0681-MAP(QUICK RESPONSE),15.5899317,73.8086583,0,STOP,At Fire Station Mapusa,Fire Station Mapusa
2026-01-04T00:16:03.979Z,GA 07 G 0307-PER(QUICK RESPONSE),15.7164939,73.7974239,0,INACTIVE,At Fire Station Pernem,Fire Station Pernem
2026-01-04T00:16:03.979Z,GA 07 G 2101-PER(MS WATER TENDER),15.7163783,73.797585,0,STOP,At Fire Station Pernem,Fire Station Pernem
2026-01-04T00:16:03.979Z,GA 07 G 4600-PER(MINI RESCUE TENDER),15.716455,73.7975228,0,STOP,At Fire Station Pernem,Fire Station Pernem
2026-01-04T00:16:03.979Z,GA 07 G 7272-PNJ(WATER TENDER),15.48729,73.8168156,0,STOP,"Caculo Mall, 16 Shanta, St Inez Rd, Caculo Enclave, Santa Inez, Panaji, Goa (NW)",Fire Station Panaji
2026-01-04T00:16:03.979Z,GA07G2384- Cuncolim,15.1862661,74.021075,0,STOP,At Fire Station Cuncolim,Fire Station Cuncolim
2026-01-04T00:16:03.979Z,GA07G2507 - Mid Size (Water Tender),15.7162883,73.797745,0,STOP,At Fire Station Pernem,Fire Station Pernem
2026-01-04T00:16:03.979Z,GA07G2505 - Mid Size (Water Tender),15.5309567,74.1385983,0,STOP,At Fire Station Valpoi ,Fire Station Valpoi
2026-01-04T00:16:03.979Z,GA07G2504 - Mid Size (Water Tender),15.5893983,73.9466233,0,STOP,At Fire Station Bicholim ,Fire Station Bicholim
2026-01-04T00:16:03.979Z,GA07G2503-Mid Size (Water Tender),15.58996,73.8087483,0,STOP,At Fire Station Mapusa,Fire Station Mapusa
2026-01-04T00:16:03.979Z,GA07G2502 - Mid Size (Water Tender),15.5898217,73.8087733,0,STOP,At Fire Station Mapusa,Fire Force Headquarters
2026-01-04T00:17:04.679Z,GA 07 G 0680-PIL(QUICK RESPONSE VEHICLE),15.532985,73.7939533,0,STOP,At Fire Station Pilerne,Fire Station Pilerne
2026-01-04T00:17:04.679Z,GA07G2506 - Mid Size (Water Tender),15.500297,73.914055,0,STOP,At Fire Station Old Goa,Fire Station Old Goa
2026-01-04T00:17:04.679Z,GA 07 G 5115-POR(MINI WATER TENDER),15.522993,73.829407,0,STOP,At Porvorim Fire Station,Fire Station Porvorim
2026-01-04T00:17:04.679Z,GA 07 G 0350-MRG(WATER TENDER),15.269403,73.970535,0,STOP,At Fire Station Margoa,Fire Station Margao
2026-01-04T00:17:04.679Z,GA 07 G 2900-MAP(MINI RESCUE TENDER),15.589897,73.808853,0,STOP,At Fire Station Mapusa,Fire Station Mapusa
2026-01-04T00:17:04.679Z,GA 07 G 7600-FFHQ(WATER BOUSER),15.487243,73.817322,0,STOP,"Caculo Mall, 16 Shanta, St Inez Rd, Caculo Enclave, Santa Inez, Panaji, Goa (NW)",Fire Force Headquarters
2026-01-04T00:17:04.679Z,GA 07 G 2002-FFHQ(TURN TABLE LADDER),15.487368,73.817284,0,STOP,"Caculo Mall, 16 Shanta, St Inez Rd, Caculo Enclave, Santa Inez, Panaji, Goa (NW)",Fire Force Headquarters
2026-01-04T00:17:04.679Z,GA 07 G 7101-FFHQ(WATER TENDER),15.486952,73.817093,0,STOP,"Caculo Mall, 16 Shanta, St Inez Rd, Caculo Enclave, Santa Inez, Panaji, Goa (NW)",Fire Force Headquarters
2026-01-04T00:17:04.679Z,GA 07 G 7677-FFHQ(EMERGENCY RESCUE),15.487027,73.817001,0,STOP,"Caculo Mall, 16 Shanta, St Inez Rd, Caculo Enclave, Santa Inez, Panaji, Goa (NW)",Fire Force Headquarters
2026-01-04T00:17:04.679Z,GA 07 G 1121-PNJ(EMERGENCY RESCUE),15.487345,73.817307,0,STOP,"Caculo Mall, 16 Shanta, St Inez Rd, Caculo Enclave, Santa Inez, Panaji, Goa (NW)",Fire Station Panaji
2026-01-04T00:17:04.679Z,GA 07 G 1571-FFHQ(QUICK RESPONSE),15.486558,73.817429,0,STOP,"Caculo Mall, 16 Shanta, St Inez Rd, Caculo Enclave, Santa Inez, Panaji, Goa (SW)",Fire Force Headquarters
2026-01-04T00:17:04.679Z,GA 07 G 8101-MAP(WATER TENDER),15.5899,73.808701,0,STOP,At Fire Station Mapusa,Fire Station Mapusa
2026-01-04T00:17:04.679Z,GA 07 G 2317-MRG(EMERGENCY RESCUE TENDER),15.2693983,73.97006,1,STOP,At Fire Station Margoa,Fire Station Margao
2026-01-04T00:17:04.679Z,GA 07 G 1570-VAS(QUICK RESPONSE FIRE TENDER),15.3887599,73.851335,0,STOP,At Fire Station Vasco,Fire Station Vasco
2026-01-04T00:17:04.679Z,GA 07 G 4101-VAS(MS WATER TENDER),15.388845,73.8513016,0,STOP,At Fire Station Vasco,Fire Station Vasco
2026-01-04T00:17:04.679Z,GA 07 G 0819-VAS(WATER/FOAM TENDER),15.3888617,73.85127,0,IDLE,At Fire Station Vasco,Fire Station Vasco
2026-01-04T00:17:04.679Z,GA 07 G 7100-MRG(WATER BOUSER),15.2695583,73.9700516,4,STOP,At Fire Station Margoa,Fire Station Margao
2026-01-04T00:17:04.679Z,GA 07 G 1568-MRG(QUICK RESPONSE ),15.2693333,73.9705966,0,STOP,At Fire Station Margoa,Fire Station Margao
2026-01-04T00:17:04.679Z,GA 07 G 6101-MRG(WATER TENDER),15.2694683,73.9689933,1,STOP,At Fire Station Margoa,Fire Station Margao
2026-01-04T00:17:04.679Z,GA 07 G 1001-MRG(AERIAL LADDER PLATFORM),15.2693733,73.9701166,0,STOP,At Fire Station Margoa,Fire Station Margao
2026-01-04T00:17:04.679Z,GA 07 G 0820-BIC(WATER TEDNER),15.402795,74.0028044,0,STOP,At Fire Station Ponda ,Fire Station Bicholim
2026-01-04T00:17:04.679Z,GA 07 G 5101-OLG(MS WATER TENDER),15.50034,73.9140383,0,STOP,At Fire Station Old Goa,Fire Station Old Goa
2026-01-04T00:17:04.679Z,GA 07 G 3101-BIC(MS WATER TENDER),15.589165,73.9464933,0,STOP,At Fire Station Bicholim ,Fire Station Bicholim
2026-01-04T00:17:04.679Z,GA 07 G 1941-BIC(QUICK RESPONSE),15.5894883,73.9466966,0,STOP,At Fire Station Bicholim ,Fire Station Bicholim
2026-01-04T00:17:04.679Z,GA 07 G 2319-VAS (EMERGENCY RESCUE TENDER),15.3892083,73.8478433,0,STOP,"155/C, near railway bridge, airport road, Alto-dabolim, Dabolim, Goa (SW)",Fire Station Vasco
2026-01-04T00:17:04.679Z,GA 07 G 3737-VAP(WATER TENDER),15.5310816,74.1389166,0,STOP,At Fire Station Valpoi ,Fire Station Valpoi
2026-01-04T00:17:04.679Z,GA 07 G 2318-PND(EMERGENCY RESCUE TENDER),15.4027833,74.0029216,0,STOP,At Fire Station Ponda ,Fire Station Ponda
2026-01-04T00:17:04.679Z,GA 07 G 2004-PND(QUICK RESPONSE),15.4141016,73.9073083,0,INACTIVE,"Guru Hotel, Old Ferry Road, Agaçaim, Goa (SE)",Fire Station Ponda
2026-01-04T00:17:04.679Z,GA 07 G 9101-PND(WATER TENDER),15.4026116,74.0032633,0,STOP,At Fire Station Ponda ,Fire Station Ponda
2026-01-04T00:17:04.679Z,GA 07 G 9797-PND(WATER BOUSER),15.4031816,74.0027183,0,STOP,At Fire Station Ponda ,Fire Station Ponda
2026-01-04T00:17:04.679Z,GA 07 G 6363-CAN(WATER TENDER),15.02359,74.0440516,0,INACTIVE,"Canacona, The Lalitrajbaga ,Canacona, Canacona, Goa (NE)",Fire Station Canacona
2026-01-04T00:17:04.679Z,GA 07 G 1567-CAN(QUICK RESPONSE FT),15.02371,74.044075,0,STOP,"Canacona, The Lalitrajbaga ,Canacona, Canacona, Goa (NE)",Fire Station Canacona
2026-01-04T00:17:04.679Z,GA 07 G 1569-VRN(QUICK RESPONSE),15.3695233,73.9355466,0,STOP,At Fire Station Verna,Fire Station Verna
2026-01-04T00:17:04.679Z,GA 07 G 9909-VRN(ADVANCE MULTI-PURPOSE),15.3697166,73.93553,0,STOP,At Fire Station Verna,Fire Station Verna
2026-01-04T00:17:04.679Z,GA 07 G 1942-VAP(QUICK RESPONSE),15.5311566,74.1388099,0,STOP,At Fire Station Valpoi ,Fire Station Valpoi
2026-01-04T00:17:04.679Z,GA 07 G 2003-CUR(QUICK RESPONSE),15.2603333,74.103695,0,STOP,At Fire Station Curchorem,Fire Station Curchorem
2026-01-04T00:17:04.679Z,GA 07 G 7447-CUR(EMERGENCY RESCUE),15.2605033,74.103735,0,STOP,At Fire Station Curchorem,Fire Station Curchorem
2026-01-04T00:17:04.679Z,GA 07 G 7557-CUR(WATER TENDER),15.2604466,74.10376,0,STOP,At Fire Station Curchorem,Fire Station Curchorem
2026-01-04T00:17:04.679Z,GA 07 G 7667-CUR(WATER BOUSER),15.2603416,74.103785,0,STOP,At Fire Station Curchorem,Fire Station Curchorem
2026-01-04T00:17:04.679Z,GA 07 G 4989-KUN(WATER TENDER),15.4631567,73.97233,0,STOP,At Fire Station Kundaim,Fire Station Kundaim
2026-01-04T00:17:04.679Z,GA 07 G 2242-PIL(WATER TENDER),15.5329883,73.7938717,0,STOP,At Fire Station Pilerne,Fire Station Pilerne
2026-01-04T00:17:04.679Z,GA 07 G 0681-MAP(QUICK RESPONSE),15.5899317,73.8086583,0,STOP,At Fire Station Mapusa,Fire Station Mapusa
2026-01-04T00:17:04.679Z,GA 07 G 0307-PER(QUICK RESPONSE),15.7164939,73.7974239,0,INACTIVE,At Fire Station Pernem,Fire Station Pernem
2026-01-04T00:17:04.679Z,GA 07 G 2101-PER(MS WATER TENDER),15.7163783,73.797585,0,STOP,At Fire Station Pernem,Fire Station Pernem
2026-01-04T00:17:04.679Z,GA 07 G 4600-PER(MINI RESCUE TENDER),15.716455,73.7975228,0,STOP,At Fire Station Pernem,Fire Station Pernem
2026-01-04T00:17:04.679Z,GA 07 G 7272-PNJ(WATER TENDER),15.48729,73.8168156,0,STOP,"Caculo Mall, 16 Shanta, St Inez Rd, Caculo Enclave, Santa Inez, Panaji, Goa (NW)",Fire Station Panaji
2026-01-04T00:17:04.679Z,GA07G2384- Cuncolim,15.1862661,74.021075,0,STOP,At Fire Station Cuncolim,Fire Station Cuncolim
2026-01-04T00:17:04.679Z,GA07G2507 - Mid Size (Water Tender),15.7162883,73.797745,0,STOP,At Fire Station Pernem,Fire Station Pernem
2026-01-04T00:17:04.679Z,GA07G2505 - Mid Size (Water Tender),15.5309567,74.1385983,0,STOP,At Fire Station Valpoi ,Fire Station Valpoi
2026-01-04T00:17:04.679Z,GA07G2504 - Mid Size (Water Tender),15.5893983,73.9466233,0,STOP,At Fire Station Bicholim ,Fire Station Bicholim
2026-01-04T00:17:04.679Z,GA07G2503-Mid Size (Water Tender),15.58996,73.8087483,0,STOP,At Fire Station Mapusa,Fire Station Mapusa
2026-01-04T00:17:04.679Z,GA07G2502 - Mid Size (Water Tender),15.5898217,73.8087733,0,STOP,At Fire Station Mapusa,Fire Force Headquarters
2026-01-04T00:18:01.377Z,GA 07 G 0680-PIL(QUICK RESPONSE VEHICLE),15.532985,73.7939533,0,STOP,At Fire Station Pilerne,Fire Station Pilerne
2026-01-04T00:18:01.377Z,GA07G2506 - Mid Size (Water Tender),15.500297,73.914055,0,STOP,At Fire Station Old Goa,Fire Station Old Goa
2026-01-04T00:18:01.377Z,GA 07 G 5115-POR(MINI WATER TENDER),15.522993,73.829407,0,STOP,At Porvorim Fire Station,Fire Station Porvorim
2026-01-04T00:18:01.377Z,GA 07 G 0350-MRG(WATER TENDER),15.269403,73.970535,0,STOP,At Fire Station Margoa,Fire Station Margao
2026-01-04T00:18:01.377Z,GA 07 G 2900-MAP(MINI RESCUE TENDER),15.589897,73.808853,0,STOP,At Fire Station Mapusa,Fire Station Mapusa
2026-01-04T00:18:01.377Z,GA 07 G 7600-FFHQ(WATER BOUSER),15.487243,73.817322,0,STOP,"Caculo Mall, 16 Shanta, St Inez Rd, Caculo Enclave, Santa Inez, Panaji, Goa (NW)",Fire Force Headquarters
2026-01-04T00:18:01.377Z,GA 07 G 2002-FFHQ(TURN TABLE LADDER),15.487368,73.817284,0,STOP,"Caculo Mall, 16 Shanta, St Inez Rd, Caculo Enclave, Santa Inez, Panaji, Goa (NW)",Fire Force Headquarters
2026-01-04T00:18:01.377Z,GA 07 G 7101-FFHQ(WATER TENDER),15.486952,73.817093,0,STOP,"Caculo Mall, 16 Shanta, St Inez Rd, Caculo Enclave, Santa Inez, Panaji, Goa (NW)",Fire Force Headquarters
2026-01-04T00:18:01.377Z,GA 07 G 7677-FFHQ(EMERGENCY RESCUE),15.487027,73.817001,0,STOP,"Caculo Mall, 16 Shanta, St Inez Rd, Caculo Enclave, Santa Inez, Panaji, Goa (NW)",Fire Force Headquarters
2026-01-04T00:18:01.377Z,GA 07 G 1121-PNJ(EMERGENCY RESCUE),15.487345,73.817307,0,STOP,"Caculo Mall, 16 Shanta, St Inez Rd, Caculo Enclave, Santa Inez, Panaji, Goa (NW)",Fire Station Panaji
2026-01-04T00:18:01.377Z,GA 07 G 1571-FFHQ(QUICK RESPONSE),15.486558,73.817429,0,STOP,"Caculo Mall, 16 Shanta, St Inez Rd, Caculo Enclave, Santa Inez, Panaji, Goa (SW)",Fire Force Headquarters
2026-01-04T00:18:01.377Z,GA 07 G 8101-MAP(WATER TENDER),15.5899,73.808701,0,STOP,At Fire Station Mapusa,Fire Station Mapusa
2026-01-04T00:18:01.377Z,GA 07 G 2317-MRG(EMERGENCY RESCUE TENDER),15.2693983,73.9700933,0,STOP,At Fire Station Margoa,Fire Station Margao
2026-01-04T00:18:01.377Z,GA 07 G 1570-VAS(QUICK RESPONSE FIRE TENDER),15.3887599,73.851335,0,STOP,At Fire Station Vasco,Fire Station Vasco
2026-01-04T00:18:01.377Z,GA 07 G 4101-VAS(MS WATER TENDER),15.388845,73.8513016,0,STOP,At Fire Station Vasco,Fire Station Vasco
2026-01-04T00:18:01.377Z,GA 07 G 0819-VAS(WATER/FOAM TENDER),15.3888617,73.85127,0,IDLE,At Fire Station Vasco,Fire Station Vasco
2026-01-04T00:18:01.377Z,GA 07 G 7100-MRG(WATER BOUSER),15.2695583,73.9700516,0,STOP,At Fire Station Margoa,Fire Station Margao
2026-01-04T00:18:01.377Z,GA 07 G 1568-MRG(QUICK RESPONSE ),15.2693333,73.9705966,0,STOP,At Fire Station Margoa,Fire Station Margao
2026-01-04T00:18:01.377Z,GA 07 G 6101-MRG(WATER TENDER),15.2694683,73.9689933,4,STOP,At Fire Station Margoa,Fire Station Margao
2026-01-04T00:18:01.377Z,GA 07 G 1001-MRG(AERIAL LADDER PLATFORM),15.2693733,73.9701166,0,STOP,At Fire Station Margoa,Fire Station Margao
2026-01-04T00:18:01.377Z,GA 07 G 0820-BIC(WATER TEDNER),15.402795,74.0028044,0,STOP,At Fire Station Ponda ,Fire Station Bicholim
2026-01-04T00:18:01.377Z,GA 07 G 5101-OLG(MS WATER TENDER),15.50034,73.9140383,0,STOP,At Fire Station Old Goa,Fire Station Old Goa
2026-01-04T00:18:01.377Z,GA 07 G 3101-BIC(MS WATER TENDER),15.589165,73.9464933,0,STOP,At Fire Station Bicholim ,Fire Station Bicholim
2026-01-04T00:18:01.377Z,GA 07 G 1941-BIC(QUICK RESPONSE),15.5894883,73.9466966,0,STOP,At Fire Station Bicholim ,Fire Station Bicholim
2026-01-04T00:18:01.377Z,GA 07 G 2319-VAS (EMERGENCY RESCUE TENDER),15.3892083,73.8478433,0,STOP,"155/C, near railway bridge, airport road, Alto-dabolim, Dabolim, Goa (SW)",Fire Station Vasco
2026-01-04T00:18:01.377Z,GA 07 G 3737-VAP(WATER TENDER),15.5310816,74.1389166,0,STOP,At Fire Station Valpoi ,Fire Station Valpoi
2026-01-04T00:18:01.377Z,GA 07 G 2318-PND(EMERGENCY RESCUE TENDER),15.4027833,74.0029216,0,STOP,At Fire Station Ponda ,Fire Station Ponda
2026-01-04T00:18:01.377Z,GA 07 G 2004-PND(QUICK RESPONSE),15.4141016,73.9073083,0,INACTIVE,"Guru Hotel, Old Ferry Road, Agaçaim, Goa (SE)",Fire Station Ponda
2026-01-04T00:18:01.377Z,GA 07 G 9101-PND(WATER TENDER),15.4026116,74.0032633,0,STOP,At Fire Station Ponda ,Fire Station Ponda
2026-01-04T00:18:01.377Z,GA 07 G 9797-PND(WATER BOUSER),15.4031816,74.0027183,0,STOP,At Fire Station Ponda ,Fire Station Ponda
2026-01-04T00:18:01.377Z,GA 07 G 6363-CAN(WATER TENDER),15.02359,74.0440516,0,INACTIVE,"Canacona, The Lalitrajbaga ,Canacona, Canacona, Goa (NE)",Fire Station Canacona
2026-01-04T00:18:01.377Z,GA 07 G 1567-CAN(QUICK RESPONSE FT),15.02371,74.044075,0,STOP,"Canacona, The Lalitrajbaga ,Canacona, Canacona, Goa (NE)",Fire Station Canacona
2026-01-04T00:18:01.377Z,GA 07 G 1569-VRN(QUICK RESPONSE),15.3695233,73.9355466,0,STOP,At Fire Station Verna,Fire Station Verna
2026-01-04T00:18:01.377Z,GA 07 G 9909-VRN(ADVANCE MULTI-PURPOSE),15.3697166,73.93553,0,STOP,At Fire Station Verna,Fire Station Verna
2026-01-04T00:18:01.377Z,GA 07 G 1942-VAP(QUICK RESPONSE),15.5311566,74.1388099,0,STOP,At Fire Station Valpoi ,Fire Station Valpoi
2026-01-04T00:18:01.377Z,GA 07 G 2003-CUR(QUICK RESPONSE),15.2603333,74.103695,0,STOP,At Fire Station Curchorem,Fire Station Curchorem
2026-01-04T00:18:01.377Z,GA 07 G 7447-CUR(EMERGENCY RESCUE),15.2605033,74.103735,0,STOP,At Fire Station Curchorem,Fire Station Curchorem
2026-01-04T00:18:01.377Z,GA 07 G 7557-CUR(WATER TENDER),15.2604466,74.10376,0,STOP,At Fire Station Curchorem,Fire Station Curchorem
2026-01-04T00:18:01.377Z,GA 07 G 7667-CUR(WATER BOUSER),15.2603416,74.103785,0,STOP,At Fire Station Curchorem,Fire Station Curchorem
2026-01-04T00:18:01.377Z,GA 07 G 4989-KUN(WATER TENDER),15.4631567,73.97233,0,STOP,At Fire Station Kundaim,Fire Station Kundaim
2026-01-04T00:18:01.377Z,GA 07 G 2242-PIL(WATER TENDER),15.5329883,73.7938717,0,STOP,At Fire Station Pilerne,Fire Station Pilerne
2026-01-04T00:18:01.377Z,GA 07 G 0681-MAP(QUICK RESPONSE),15.5899317,73.8086583,0,STOP,At Fire Station Mapusa,Fire Station Mapusa
2026-01-04T00:18:01.377Z,GA 07 G 0307-PER(QUICK RESPONSE),15.7164939,73.7974239,0,INACTIVE,At Fire Station Pernem,Fire Station Pernem
2026-01-04T00:18:01.377Z,GA 07 G 2101-PER(MS WATER TENDER),15.7163783,73.797585,0,STOP,At Fire Station Pernem,Fire Station Pernem
2026-01-04T00:18:01.377Z,GA 07 G 4600-PER(MINI RESCUE TENDER),15.716455,73.7975228,0,STOP,At Fire Station Pernem,Fire Station Pernem
2026-01-04T00:18:01.377Z,GA 07 G 7272-PNJ(WATER TENDER),15.48729,73.8168156,0,STOP,"Caculo Mall, 16 Shanta, St Inez Rd, Caculo Enclave, Santa Inez, Panaji, Goa (NW)",Fire Station Panaji
2026-01-04T00:18:01.377Z,GA07G2384- Cuncolim,15.1862661,74.021075,0,STOP,At Fire Station Cuncolim,Fire Station Cuncolim
2026-01-04T00:18:01.377Z,GA07G2507 - Mid Size (Water Tender),15.7162883,73.797745,0,STOP,At Fire Station Pernem,Fire Station Pernem
2026-01-04T00:18:01.377Z,GA07G2505 - Mid Size (Water Tender),15.5309567,74.1385983,0,STOP,At Fire Station Valpoi ,Fire Station Valpoi
2026-01-04T00:18:01.377Z,GA07G2504 - Mid Size (Water Tender),15.5893983,73.9466233,0,STOP,At Fire Station Bicholim ,Fire Station Bicholim
2026-01-04T00:18:01.377Z,GA07G2503-Mid Size (Water Tender),15.58996,73.8087483,0,STOP,At Fire Station Mapusa,Fire Station Mapusa
2026-01-04T00:18:01.377Z,GA07G2502 - Mid Size (Water Tender),15.5898217,73.8087733,0,STOP,At Fire Station Mapusa,Fire Force Headquarters
2026-01-04T00:19:02.946Z,GA 07 G 0680-PIL(QUICK RESPONSE VEHICLE),15.532985,73.7939533,0,STOP,At Fire Station Pilerne,Fire Station Pilerne
2026-01-04T00:19:02.946Z,GA07G2506 - Mid Size (Water Tender),15.500297,73.914055,0,STOP,At Fire Station Old Goa,Fire Station Old Goa
2026-01-04T00:19:02.946Z,GA 07 G 5115-POR(MINI WATER TENDER),15.522993,73.829407,0,STOP,At Porvorim Fire Station,Fire Station Porvorim
2026-01-04T00:19:02.946Z,GA 07 G 0350-MRG(WATER TENDER),15.269403,73.970535,0,STOP,At Fire Station Margoa,Fire Station Margao
2026-01-04T00:19:02.946Z,GA 07 G 2900-MAP(MINI RESCUE TENDER),15.589897,73.808853,0,STOP,At Fire Station Mapusa,Fire Station Mapusa
2026-01-04T00:19:02.946Z,GA 07 G 7600-FFHQ(WATER BOUSER),15.487243,73.817322,0,STOP,"Caculo Mall, 16 Shanta, St Inez Rd, Caculo Enclave, Santa Inez, Panaji, Goa (NW)",Fire Force Headquarters
2026-01-04T00:19:02.946Z,GA 07 G 2002-FFHQ(TURN TABLE LADDER),15.487368,73.817284,0,STOP,"Caculo Mall, 16 Shanta, St Inez Rd, Caculo Enclave, Santa Inez, Panaji, Goa (NW)",Fire Force Headquarters
2026-01-04T00:19:02.946Z,GA 07 G 7101-FFHQ(WATER TENDER),15.486952,73.817093,0,STOP,"Caculo Mall, 16 Shanta, St Inez Rd, Caculo Enclave, Santa Inez, Panaji, Goa (NW)",Fire Force Headquarters
2026-01-04T00:19:02.946Z,GA 07 G 7677-FFHQ(EMERGENCY RESCUE),15.487027,73.817001,0,STOP,"Caculo Mall, 16 Shanta, St Inez Rd, Caculo Enclave, Santa Inez, Panaji, Goa (NW)",Fire Force Headquarters
2026-01-04T00:19:02.946Z,GA 07 G 1121-PNJ(EMERGENCY RESCUE),15.487345,73.817307,0,STOP,"Caculo Mall, 16 Shanta, St Inez Rd, Caculo Enclave, Santa Inez, Panaji, Goa (NW)",Fire Station Panaji
2026-01-04T00:19:02.946Z,GA 07 G 1571-FFHQ(QUICK RESPONSE),15.486558,73.817429,0,STOP,"Caculo Mall, 16 Shanta, St Inez Rd, Caculo Enclave, Santa Inez, Panaji, Goa (SW)",Fire Force Headquarters
2026-01-04T00:19:02.946Z,GA 07 G 8101-MAP(WATER TENDER),15.5899,73.808701,0,STOP,At Fire Station Mapusa,Fire Station Mapusa
2026-01-04T00:19:02.946Z,GA 07 G 2317-MRG(EMERGENCY RESCUE TENDER),15.2692416,73.9706949,4,STOP,At Fire Station Margoa,Fire Station Margao
2026-01-04T00:19:02.946Z,GA 07 G 1570-VAS(QUICK RESPONSE FIRE TENDER),15.3887599,73.851335,0,STOP,At Fire Station Vasco,Fire Station Vasco
2026-01-04T00:19:02.946Z,GA 07 G 4101-VAS(MS WATER TENDER),15.388845,73.8513016,0,STOP,At Fire Station Vasco,Fire Station Vasco
2026-01-04T00:19:02.946Z,GA 07 G 0819-VAS(WATER/FOAM TENDER),15.3888617,73.85127,0,IDLE,At Fire Station Vasco,Fire Station Vasco
2026-01-04T00:19:02.946Z,GA 07 G 7100-MRG(WATER BOUSER),15.2695583,73.9700516,0,STOP,At Fire Station Margoa,Fire Station Margao
2026-01-04T00:19:02.946Z,GA 07 G 1568-MRG(QUICK RESPONSE ),15.2693333,73.9705966,0,STOP,At Fire Station Margoa,Fire Station Margao
2026-01-04T00:19:02.946Z,GA 07 G 6101-MRG(WATER TENDER),15.2694566,73.9698816,5,STOP,At Fire Station Margoa,Fire Station Margao
2026-01-04T00:19:02.946Z,GA 07 G 1001-MRG(AERIAL LADDER PLATFORM),15.2693733,73.9701166,0,STOP,At Fire Station Margoa,Fire Station Margao
2026-01-04T00:19:02.946Z,GA 07 G 0820-BIC(WATER TEDNER),15.402795,74.0028044,0,STOP,At Fire Station Ponda ,Fire Station Bicholim
2026-01-04T00:19:02.946Z,GA 07 G 5101-OLG(MS WATER TENDER),15.50034,73.9140383,0,STOP,At Fire Station Old Goa,Fire Station Old Goa
2026-01-04T00:19:02.946Z,GA 07 G 3101-BIC(MS WATER TENDER),15.589165,73.9464933,0,STOP,At Fire Station Bicholim ,Fire Station Bicholim
2026-01-04T00:19:02.946Z,GA 07 G 1941-BIC(QUICK RESPONSE),15.5894883,73.9466966,0,STOP,At Fire Station Bicholim ,Fire Station Bicholim
2026-01-04T00:19:02.946Z,GA 07 G 2319-VAS (EMERGENCY RESCUE TENDER),15.3892083,73.8478433,0,STOP,"155/C, near railway bridge, airport road, Alto-dabolim, Dabolim, Goa (SW)",Fire Station Vasco
2026-01-04T00:19:02.946Z,GA 07 G 3737-VAP(WATER TENDER),15.5310816,74.1389166,0,STOP,At Fire Station Valpoi ,Fire Station Valpoi
2026-01-04T00:19:02.946Z,GA 07 G 2318-PND(EMERGENCY RESCUE TENDER),15.4027833,74.0029216,0,STOP,At Fire Station Ponda ,Fire Station Ponda
2026-01-04T00:19:02.946Z,GA 07 G 2004-PND(QUICK RESPONSE),15.4141016,73.9073083,0,INACTIVE,"Guru Hotel, Old Ferry Road, Agaçaim, Goa (SE)",Fire Station Ponda
2026-01-04T00:19:02.946Z,GA 07 G 9101-PND(WATER TENDER),15.4026116,74.0032633,0,STOP,At Fire Station Ponda ,Fire Station Ponda
2026-01-04T00:19:02.946Z,GA 07 G 9797-PND(WATER BOUSER),15.4031816,74.0027183,0,STOP,At Fire Station Ponda ,Fire Station Ponda
2026-01-04T00:19:02.946Z,GA 07 G 6363-CAN(WATER TENDER),15.02359,74.0440516,0,INACTIVE,"Canacona, The Lalitrajbaga ,Canacona, Canacona, Goa (NE)",Fire Station Canacona
2026-01-04T00:19:02.946Z,GA 07 G 1567-CAN(QUICK RESPONSE FT),15.02371,74.044075,0,STOP,"Canacona, The Lalitrajbaga ,Canacona, Canacona, Goa (NE)",Fire Station Canacona
2026-01-04T00:19:02.946Z,GA 07 G 1569-VRN(QUICK RESPONSE),15.3695233,73.9355466,0,STOP,At Fire Station Verna,Fire Station Verna
2026-01-04T00:19:02.946Z,GA 07 G 9909-VRN(ADVANCE MULTI-PURPOSE),15.3697166,73.93553,0,STOP,At Fire Station Verna,Fire Station Verna
2026-01-04T00:19:02.946Z,GA 07 G 1942-VAP(QUICK RESPONSE),15.5311566,74.1388099,0,STOP,At Fire Station Valpoi ,Fire Station Valpoi
2026-01-04T00:19:02.946Z,GA 07 G 2003-CUR(QUICK RESPONSE),15.2603333,74.103695,0,STOP,At Fire Station Curchorem,Fire Station Curchorem
2026-01-04T00:19:02.946Z,GA 07 G 7447-CUR(EMERGENCY RESCUE),15.2605033,74.103735,0,STOP,At Fire Station Curchorem,Fire Station Curchorem
2026-01-04T00:19:02.946Z,GA 07 G 7557-CUR(WATER TENDER),15.2604466,74.10376,0,STOP,At Fire Station Curchorem,Fire Station Curchorem
2026-01-04T00:19:02.946Z,GA 07 G 7667-CUR(WATER BOUSER),15.2603416,74.103785,0,STOP,At Fire Station Curchorem,Fire Station Curchorem
2026-01-04T00:19:02.946Z,GA 07 G 4989-KUN(WATER TENDER),15.4631567,73.97233,0,STOP,At Fire Station Kundaim,Fire Station Kundaim
2026-01-04T00:19:02.946Z,GA 07 G 2242-PIL(WATER TENDER),15.5329883,73.7938717,0,STOP,At Fire Station Pilerne,Fire Station Pilerne
2026-01-04T00:19:02.946Z,GA 07 G 0681-MAP(QUICK RESPONSE),15.5899317,73.8086583,0,STOP,At Fire Station Mapusa,Fire Station Mapusa
2026-01-04T00:19:02.946Z,GA 07 G 0307-PER(QUICK RESPONSE),15.7164939,73.7974239,0,INACTIVE,At Fire Station Pernem,Fire Station Pernem
2026-01-04T00:19:02.946Z,GA 07 G 2101-PER(MS WATER TENDER),15.7163783,73.797585,0,STOP,At Fire Station Pernem,Fire Station Pernem
2026-01-04T00:19:02.946Z,GA 07 G 4600-PER(MINI RESCUE TENDER),15.716455,73.7975228,0,STOP,At Fire Station Pernem,Fire Station Pernem
2026-01-04T00:19:02.946Z,GA 07 G 7272-PNJ(WATER TENDER),15.48729,73.8168156,0,STOP,"Caculo Mall, 16 Shanta, St Inez Rd, Caculo Enclave, Santa Inez, Panaji, Goa (NW)",Fire Station Panaji
2026-01-04T00:19:02.946Z,GA07G2384- Cuncolim,15.1862661,74.021075,0,STOP,At Fire Station Cuncolim,Fire Station Cuncolim
2026-01-04T00:19:02.946Z,GA07G2507 - Mid Size (Water Tender),15.7162883,73.797745,0,STOP,At Fire Station Pernem,Fire Station Pernem
2026-01-04T00:19:02.946Z,GA07G2505 - Mid Size (Water Tender),15.5309567,74.1385983,0,STOP,At Fire Station Valpoi ,Fire Station Valpoi
2026-01-04T00:19:02.946Z,GA07G2504 - Mid Size (Water Tender),15.5893983,73.9466233,0,STOP,At Fire Station Bicholim ,Fire Station Bicholim
2026-01-04T00:19:02.946Z,GA07G2503-Mid Size (Water Tender),15.58996,73.8087483,0,STOP,At Fire Station Mapusa,Fire Station Mapusa
2026-01-04T00:19:02.946Z,GA07G2502 - Mid Size (Water Tender),15.5898217,73.8087733,0,STOP,At Fire Station Mapusa,Fire Force Headquarters
2026-01-04T00:20:02.481Z,GA 07 G 0680-PIL(QUICK RESPONSE VEHICLE),15.532985,73.7939533,0,STOP,At Fire Station Pilerne,Fire Station Pilerne
2026-01-04T00:20:02.481Z,GA07G2506 - Mid Size (Water Tender),15.500297,73.914055,0,STOP,At Fire Station Old Goa,Fire Station Old Goa
2026-01-04T00:20:02.481Z,GA 07 G 5115-POR(MINI WATER TENDER),15.522993,73.829407,0,STOP,At Porvorim Fire Station,Fire Station Porvorim
2026-01-04T00:20:02.481Z,GA 07 G 0350-MRG(WATER TENDER),15.269403,73.970535,0,STOP,At Fire Station Margoa,Fire Station Margao
2026-01-04T00:20:02.481Z,GA 07 G 2900-MAP(MINI RESCUE TENDER),15.589897,73.808853,0,STOP,At Fire Station Mapusa,Fire Station Mapusa
2026-01-04T00:20:02.481Z,GA 07 G 7600-FFHQ(WATER BOUSER),15.487243,73.817322,0,STOP,"Caculo Mall, 16 Shanta, St Inez Rd, Caculo Enclave, Santa Inez, Panaji, Goa (NW)",Fire Force Headquarters
2026-01-04T00:20:02.481Z,GA 07 G 2002-FFHQ(TURN TABLE LADDER),15.487368,73.817284,0,STOP,"Caculo Mall, 16 Shanta, St Inez Rd, Caculo Enclave, Santa Inez, Panaji, Goa (NW)",Fire Force Headquarters
2026-01-04T00:20:02.481Z,GA 07 G 7101-FFHQ(WATER TENDER),15.486952,73.817093,0,STOP,"Caculo Mall, 16 Shanta, St Inez Rd, Caculo Enclave, Santa Inez, Panaji, Goa (NW)",Fire Force Headquarters
2026-01-04T00:20:02.481Z,GA 07 G 7677-FFHQ(EMERGENCY RESCUE),15.487027,73.817001,0,STOP,"Caculo Mall, 16 Shanta, St Inez Rd, Caculo Enclave, Santa Inez, Panaji, Goa (NW)",Fire Force Headquarters
2026-01-04T00:20:02.481Z,GA 07 G 1121-PNJ(EMERGENCY RESCUE),15.487345,73.817307,0,STOP,"Caculo Mall, 16 Shanta, St Inez Rd, Caculo Enclave, Santa Inez, Panaji, Goa (NW)",Fire Station Panaji
2026-01-04T00:20:02.481Z,GA 07 G 1571-FFHQ(QUICK RESPONSE),15.486558,73.817429,0,STOP,"Caculo Mall, 16 Shanta, St Inez Rd, Caculo Enclave, Santa Inez, Panaji, Goa (SW)",Fire Force Headquarters
2026-01-04T00:20:02.481Z,GA 07 G 8101-MAP(WATER TENDER),15.5899,73.808701,0,STOP,At Fire Station Mapusa,Fire Station Mapusa
2026-01-04T00:20:02.481Z,GA 07 G 2317-MRG(EMERGENCY RESCUE TENDER),15.2693866,73.9701166,0,STOP,At Fire Station Margoa,Fire Station Margao
2026-01-04T00:20:02.481Z,GA 07 G 1570-VAS(QUICK RESPONSE FIRE TENDER),15.3887599,73.851335,0,STOP,At Fire Station Vasco,Fire Station Vasco
2026-01-04T00:20:02.481Z,GA 07 G 4101-VAS(MS WATER TENDER),15.388845,73.8513016,0,STOP,At Fire Station Vasco,Fire Station Vasco
2026-01-04T00:20:02.481Z,GA 07 G 0819-VAS(WATER/FOAM TENDER),15.3888617,73.85127,0,IDLE,At Fire Station Vasco,Fire Station Vasco
2026-01-04T00:20:02.481Z,GA 07 G 7100-MRG(WATER BOUSER),15.2695583,73.9700516,0,STOP,At Fire Station Margoa,Fire Station Margao
2026-01-04T00:20:02.481Z,GA 07 G 1568-MRG(QUICK RESPONSE ),15.2693333,73.9705966,0,STOP,At Fire Station Margoa,Fire Station Margao
2026-01-04T00:20:02.481Z,GA 07 G 6101-MRG(WATER TENDER),15.2694716,73.969865,0,STOP,At Fire Station Margoa,Fire Station Margao
2026-01-04T00:20:02.481Z,GA 07 G 1001-MRG(AERIAL LADDER PLATFORM),15.2693733,73.9701166,0,STOP,At Fire Station Margoa,Fire Station Margao
2026-01-04T00:20:02.481Z,GA 07 G 0820-BIC(WATER TEDNER),15.402795,74.0028044,0,STOP,At Fire Station Ponda ,Fire Station Bicholim
2026-01-04T00:20:02.481Z,GA 07 G 5101-OLG(MS WATER TENDER),15.50034,73.9140383,0,STOP,At Fire Station Old Goa,Fire Station Old Goa
2026-01-04T00:20:02.481Z,GA 07 G 3101-BIC(MS WATER TENDER),15.589165,73.9464933,0,STOP,At Fire Station Bicholim ,Fire Station Bicholim
2026-01-04T00:20:02.481Z,GA 07 G 1941-BIC(QUICK RESPONSE),15.5894883,73.9466966,0,STOP,At Fire Station Bicholim ,Fire Station Bicholim
2026-01-04T00:20:02.481Z,GA 07 G 2319-VAS (EMERGENCY RESCUE TENDER),15.3892083,73.8478433,0,STOP,"155/C, near railway bridge, airport road, Alto-dabolim, Dabolim, Goa (SW)",Fire Station Vasco
2026-01-04T00:20:02.481Z,GA 07 G 3737-VAP(WATER TENDER),15.5310816,74.1389166,0,STOP,At Fire Station Valpoi ,Fire Station Valpoi
2026-01-04T00:20:02.481Z,GA 07 G 2318-PND(EMERGENCY RESCUE TENDER),15.4027833,74.0029216,0,STOP,At Fire Station Ponda ,Fire Station Ponda
2026-01-04T00:20:02.481Z,GA 07 G 2004-PND(QUICK RESPONSE),15.4141016,73.9073083,0,INACTIVE,"Guru Hotel, Old Ferry Road, Agaçaim, Goa (SE)",Fire Station Ponda
2026-01-04T00:20:02.481Z,GA 07 G 9101-PND(WATER TENDER),15.4026116,74.0032633,0,STOP,At Fire Station Ponda ,Fire Station Ponda
2026-01-04T00:20:02.481Z,GA 07 G 9797-PND(WATER BOUSER),15.4031816,74.0027183,0,STOP,At Fire Station Ponda ,Fire Station Ponda
2026-01-04T00:20:02.481Z,GA 07 G 6363-CAN(WATER TENDER),15.02359,74.0440516,0,INACTIVE,"Canacona, The Lalitrajbaga ,Canacona, Canacona, Goa (NE)",Fire Station Canacona
2026-01-04T00:20:02.481Z,GA 07 G 1567-CAN(QUICK RESPONSE FT),15.02371,74.044075,0,STOP,"Canacona, The Lalitrajbaga ,Canacona, Canacona, Goa (NE)",Fire Station Canacona
2026-01-04T00:20:02.481Z,GA 07 G 1569-VRN(QUICK RESPONSE),15.3695233,73.9355466,0,STOP,At Fire Station Verna,Fire Station Verna
2026-01-04T00:20:02.481Z,GA 07 G 9909-VRN(ADVANCE MULTI-PURPOSE),15.3697166,73.93553,0,STOP,At Fire Station Verna,Fire Station Verna
2026-01-04T00:20:02.481Z,GA 07 G 1942-VAP(QUICK RESPONSE),15.5311566,74.1388099,0,STOP,At Fire Station Valpoi ,Fire Station Valpoi
2026-01-04T00:20:02.481Z,GA 07 G 2003-CUR(QUICK RESPONSE),15.2603333,74.103695,0,STOP,At Fire Station Curchorem,Fire Station Curchorem
2026-01-04T00:20:02.481Z,GA 07 G 7447-CUR(EMERGENCY RESCUE),15.2605033,74.103735,0,STOP,At Fire Station Curchorem,Fire Station Curchorem
2026-01-04T00:20:02.481Z,GA 07 G 7557-CUR(WATER TENDER),15.2604466,74.10376,0,STOP,At Fire Station Curchorem,Fire Station Curchorem
2026-01-04T00:20:02.481Z,GA 07 G 7667-CUR(WATER BOUSER),15.2603416,74.103785,0,STOP,At Fire Station Curchorem,Fire Station Curchorem
2026-01-04T00:20:02.481Z,GA 07 G 4989-KUN(WATER TENDER),15.4631567,73.97233,0,STOP,At Fire Station Kundaim,Fire Station Kundaim
2026-01-04T00:20:02.481Z,GA 07 G 2242-PIL(WATER TENDER),15.5329883,73.7938717,0,STOP,At Fire Station Pilerne,Fire Station Pilerne
2026-01-04T00:20:02.481Z,GA 07 G 0681-MAP(QUICK RESPONSE),15.5899317,73.8086583,0,STOP,At Fire Station Mapusa,Fire Station Mapusa
2026-01-04T00:20:02.481Z,GA 07 G 0307-PER(QUICK RESPONSE),15.7164939,73.7974239,0,INACTIVE,At Fire Station Pernem,Fire Station Pernem
2026-01-04T00:20:02.481Z,GA 07 G 2101-PER(MS WATER TENDER),15.7163783,73.797585,0,STOP,At Fire Station Pernem,Fire Station Pernem
2026-01-04T00:20:02.481Z,GA 07 G 4600-PER(MINI RESCUE TENDER),15.716455,73.7975228,0,STOP,At Fire Station Pernem,Fire Station Pernem
2026-01-04T00:20:02.481Z,GA 07 G 7272-PNJ(WATER TENDER),15.48729,73.8168156,0,STOP,"Caculo Mall, 16 Shanta, St Inez Rd, Caculo Enclave, Santa Inez, Panaji, Goa (NW)",Fire Station Panaji
2026-01-04T00:20:02.481Z,GA07G2384- Cuncolim,15.1862661,74.021075,0,STOP,At Fire Station Cuncolim,Fire Station Cuncolim
2026-01-04T00:20:02.481Z,GA07G2507 - Mid Size (Water Tender),15.7162883,73.797745,0,STOP,At Fire Station Pernem,Fire Station Pernem
2026-01-04T00:20:02.481Z,GA07G2505 - Mid Size (Water Tender),15.5309567,74.1385983,0,STOP,At Fire Station Valpoi ,Fire Station Valpoi
2026-01-04T00:20:02.481Z,GA07G2504 - Mid Size (Water Tender),15.5893983,73.9466233,0,STOP,At Fire Station Bicholim ,Fire Station Bicholim
2026-01-04T00:20:02.481Z,GA07G2503-Mid Size (Water Tender),15.58996,73.8087483,0,STOP,At Fire Station Mapusa,Fire Station Mapusa
2026-01-04T00:20:02.481Z,GA07G2502 - Mid Size (Water Tender),15.5898217,73.8087733,0,STOP,At Fire Station Mapusa,Fire Force Headquarters
2026-01-04T00:21:00.036Z,GA 07 G 0680-PIL(QUICK RESPONSE VEHICLE),15.532985,73.7939533,0,STOP,At Fire Station Pilerne,Fire Station Pilerne
2026-01-04T00:21:00.036Z,GA07G2506 - Mid Size (Water Tender),15.500297,73.914055,0,STOP,At Fire Station Old Goa,Fire Station Old Goa
2026-01-04T00:21:00.036Z,GA 07 G 5115-POR(MINI WATER TENDER),15.522993,73.829407,0,STOP,At Porvorim Fire Station,Fire Station Porvorim
2026-01-04T00:21:00.036Z,GA 07 G 0350-MRG(WATER TENDER),15.269403,73.970535,0,STOP,At Fire Station Margoa,Fire Station Margao
2026-01-04T00:21:00.036Z,GA 07 G 2900-MAP(MINI RESCUE TENDER),15.589897,73.808853,0,STOP,At Fire Station Mapusa,Fire Station Mapusa
2026-01-04T00:21:00.036Z,GA 07 G 7600-FFHQ(WATER BOUSER),15.487243,73.817322,0,STOP,"Caculo Mall, 16 Shanta, St Inez Rd, Caculo Enclave, Santa Inez, Panaji, Goa (NW)",Fire Force Headquarters
2026-01-04T00:21:00.036Z,GA 07 G 2002-FFHQ(TURN TABLE LADDER),15.487368,73.817284,0,STOP,"Caculo Mall, 16 Shanta, St Inez Rd, Caculo Enclave, Santa Inez, Panaji, Goa (NW)",Fire Force Headquarters
2026-01-04T00:21:00.036Z,GA 07 G 7101-FFHQ(WATER TENDER),15.486952,73.817093,0,STOP,"Caculo Mall, 16 Shanta, St Inez Rd, Caculo Enclave, Santa Inez, Panaji, Goa (NW)",Fire Force Headquarters
2026-01-04T00:21:00.036Z,GA 07 G 7677-FFHQ(EMERGENCY RESCUE),15.487027,73.817001,0,STOP,"Caculo Mall, 16 Shanta, St Inez Rd, Caculo Enclave, Santa Inez, Panaji, Goa (NW)",Fire Force Headquarters
2026-01-04T00:21:00.036Z,GA 07 G 1121-PNJ(EMERGENCY RESCUE),15.487345,73.817307,0,STOP,"Caculo Mall, 16 Shanta, St Inez Rd, Caculo Enclave, Santa Inez, Panaji, Goa (NW)",Fire Station Panaji
2026-01-04T00:21:00.036Z,GA 07 G 1571-FFHQ(QUICK RESPONSE),15.486558,73.817429,0,STOP,"Caculo Mall, 16 Shanta, St Inez Rd, Caculo Enclave, Santa Inez, Panaji, Goa (SW)",Fire Force Headquarters
2026-01-04T00:21:00.036Z,GA 07 G 8101-MAP(WATER TENDER),15.5899,73.808701,0,STOP,At Fire Station Mapusa,Fire Station Mapusa
2026-01-04T00:21:00.036Z,GA 07 G 2317-MRG(EMERGENCY RESCUE TENDER),15.2694066,73.9701166,0,STOP,At Fire Station Margoa,Fire Station Margao
2026-01-04T00:21:00.036Z,GA 07 G 1570-VAS(QUICK RESPONSE FIRE TENDER),15.3887599,73.851335,0,STOP,At Fire Station Vasco,Fire Station Vasco
2026-01-04T00:21:00.036Z,GA 07 G 4101-VAS(MS WATER TENDER),15.388845,73.8513016,0,STOP,At Fire Station Vasco,Fire Station Vasco
2026-01-04T00:21:00.036Z,GA 07 G 0819-VAS(WATER/FOAM TENDER),15.3888617,73.85127,0,IDLE,At Fire Station Vasco,Fire Station Vasco
2026-01-04T00:21:00.036Z,GA 07 G 7100-MRG(WATER BOUSER),15.2695583,73.9700516,0,STOP,At Fire Station Margoa,Fire Station Margao
2026-01-04T00:21:00.036Z,GA 07 G 1568-MRG(QUICK RESPONSE ),15.2693333,73.9705966,0,STOP,At Fire Station Margoa,Fire Station Margao
2026-01-04T00:21:00.036Z,GA 07 G 6101-MRG(WATER TENDER),15.2694716,73.969865,0,STOP,At Fire Station Margoa,Fire Station Margao
2026-01-04T00:21:00.036Z,GA 07 G 1001-MRG(AERIAL LADDER PLATFORM),15.2693733,73.9701166,0,STOP,At Fire Station Margoa,Fire Station Margao
2026-01-04T00:21:00.036Z,GA 07 G 0820-BIC(WATER TEDNER),15.402795,74.0028044,0,STOP,At Fire Station Ponda ,Fire Station Bicholim
2026-01-04T00:21:00.036Z,GA 07 G 5101-OLG(MS WATER TENDER),15.50034,73.9140383,0,STOP,At Fire Station Old Goa,Fire Station Old Goa
2026-01-04T00:21:00.036Z,GA 07 G 3101-BIC(MS WATER TENDER),15.589165,73.9464933,0,STOP,At Fire Station Bicholim ,Fire Station Bicholim
2026-01-04T00:21:00.036Z,GA 07 G 1941-BIC(QUICK RESPONSE),15.5894883,73.9466966,0,STOP,At Fire Station Bicholim ,Fire Station Bicholim
2026-01-04T00:21:00.036Z,GA 07 G 2319-VAS (EMERGENCY RESCUE TENDER),15.3892083,73.8478433,0,STOP,"155/C, near railway bridge, airport road, Alto-dabolim, Dabolim, Goa (SW)",Fire Station Vasco
2026-01-04T00:21:00.036Z,GA 07 G 3737-VAP(WATER TENDER),15.5310816,74.1389166,0,STOP,At Fire Station Valpoi ,Fire Station Valpoi
2026-01-04T00:21:00.036Z,GA 07 G 2318-PND(EMERGENCY RESCUE TENDER),15.4027833,74.0029216,0,STOP,At Fire Station Ponda ,Fire Station Ponda
2026-01-04T00:21:00.036Z,GA 07 G 2004-PND(QUICK RESPONSE),15.4141016,73.9073083,0,INACTIVE,"Guru Hotel, Old Ferry Road, Agaçaim, Goa (SE)",Fire Station Ponda
2026-01-04T00:21:00.036Z,GA 07 G 9101-PND(WATER TENDER),15.4026116,74.0032633,0,STOP,At Fire Station Ponda ,Fire Station Ponda
2026-01-04T00:21:00.036Z,GA 07 G 9797-PND(WATER BOUSER),15.4031816,74.0027183,0,STOP,At Fire Station Ponda ,Fire Station Ponda
2026-01-04T00:21:00.036Z,GA 07 G 6363-CAN(WATER TENDER),15.02359,74.0440516,0,INACTIVE,"Canacona, The Lalitrajbaga ,Canacona, Canacona, Goa (NE)",Fire Station Canacona
2026-01-04T00:21:00.036Z,GA 07 G 1567-CAN(QUICK RESPONSE FT),15.02371,74.044075,0,STOP,"Canacona, The Lalitrajbaga ,Canacona, Canacona, Goa (NE)",Fire Station Canacona
2026-01-04T00:21:00.036Z,GA 07 G 1569-VRN(QUICK RESPONSE),15.3695233,73.9355466,0,STOP,At Fire Station Verna,Fire Station Verna
2026-01-04T00:21:00.036Z,GA 07 G 9909-VRN(ADVANCE MULTI-PURPOSE),15.3697166,73.93553,0,STOP,At Fire Station Verna,Fire Station Verna
2026-01-04T00:21:00.036Z,GA 07 G 1942-VAP(QUICK RESPONSE),15.5311566,74.1388099,0,STOP,At Fire Station Valpoi ,Fire Station Valpoi
2026-01-04T00:21:00.036Z,GA 07 G 2003-CUR(QUICK RESPONSE),15.2603333,74.103695,0,STOP,At Fire Station Curchorem,Fire Station Curchorem
2026-01-04T00:21:00.036Z,GA 07 G 7447-CUR(EMERGENCY RESCUE),15.2605033,74.103735,0,STOP,At Fire Station Curchorem,Fire Station Curchorem
2026-01-04T00:21:00.036Z,GA 07 G 7557-CUR(WATER TENDER),15.2604466,74.10376,0,STOP,At Fire Station Curchorem,Fire Station Curchorem
2026-01-04T00:21:00.036Z,GA 07 G 7667-CUR(WATER BOUSER),15.2603416,74.103785,0,STOP,At Fire Station Curchorem,Fire Station Curchorem
2026-01-04T00:21:00.036Z,GA 07 G 4989-KUN(WATER TENDER),15.4631567,73.97233,0,STOP,At Fire Station Kundaim,Fire Station Kundaim
2026-01-04T00:21:00.036Z,GA 07 G 2242-PIL(WATER TENDER),15.5329883,73.7938717,0,STOP,At Fire Station Pilerne,Fire Station Pilerne
2026-01-04T00:21:00.036Z,GA 07 G 0681-MAP(QUICK RESPONSE),15.5899317,73.8086583,0,STOP,At Fire Station Mapusa,Fire Station Mapusa
2026-01-04T00:21:00.036Z,GA 07 G 0307-PER(QUICK RESPONSE),15.7164939,73.7974239,0,INACTIVE,At Fire Station Pernem,Fire Station Pernem
2026-01-04T00:21:00.036Z,GA 07 G 2101-PER(MS WATER TENDER),15.7163783,73.797585,0,STOP,At Fire Station Pernem,Fire Station Pernem
2026-01-04T00:21:00.036Z,GA 07 G 4600-PER(MINI RESCUE TENDER),15.716455,73.7975228,0,STOP,At Fire Station Pernem,Fire Station Pernem
2026-01-04T00:21:00.036Z,GA 07 G 7272-PNJ(WATER TENDER),15.48729,73.8168156,0,STOP,"Caculo Mall, 16 Shanta, St Inez Rd, Caculo Enclave, Santa Inez, Panaji, Goa (NW)",Fire Station Panaji
2026-01-04T00:21:00.036Z,GA07G2384- Cuncolim,15.1862661,74.021075,0,STOP,At Fire Station Cuncolim,Fire Station Cuncolim
2026-01-04T00:21:00.036Z,GA07G2507 - Mid Size (Water Tender),15.7162883,73.797745,0,STOP,At Fire Station Pernem,Fire Station Pernem
2026-01-04T00:21:00.036Z,GA07G2505 - Mid Size (Water Tender),15.5309567,74.1385983,0,STOP,At Fire Station Valpoi ,Fire Station Valpoi
2026-01-04T00:21:00.036Z,GA07G2504 - Mid Size (Water Tender),15.5893983,73.9466233,0,STOP,At Fire Station Bicholim ,Fire Station Bicholim
2026-01-04T00:21:00.036Z,GA07G2503-Mid Size (Water Tender),15.58996,73.8087483,0,STOP,At Fire Station Mapusa,Fire Station Mapusa
2026-01-04T00:21:00.036Z,GA07G2502 - Mid Size (Water Tender),15.5898217,73.8087733,0,STOP,At Fire Station Mapusa,Fire Force Headquarters
2026-01-04T00:22:00.675Z,GA 07 G 0680-PIL(QUICK RESPONSE VEHICLE),15.532985,73.7939533,0,STOP,At Fire Station Pilerne,Fire Station Pilerne
2026-01-04T00:22:00.675Z,GA07G2506 - Mid Size (Water Tender),15.500297,73.914055,0,STOP,At Fire Station Old Goa,Fire Station Old Goa
2026-01-04T00:22:00.675Z,GA 07 G 5115-POR(MINI WATER TENDER),15.522993,73.829407,0,STOP,At Porvorim Fire Station,Fire Station Porvorim
2026-01-04T00:22:00.675Z,GA 07 G 0350-MRG(WATER TENDER),15.269403,73.970535,0,STOP,At Fire Station Margoa,Fire Station Margao
2026-01-04T00:22:00.675Z,GA 07 G 2900-MAP(MINI RESCUE TENDER),15.589897,73.808853,0,STOP,At Fire Station Mapusa,Fire Station Mapusa
2026-01-04T00:22:00.675Z,GA 07 G 7600-FFHQ(WATER BOUSER),15.487243,73.817322,0,STOP,"Caculo Mall, 16 Shanta, St Inez Rd, Caculo Enclave, Santa Inez, Panaji, Goa (NW)",Fire Force Headquarters
2026-01-04T00:22:00.675Z,GA 07 G 2002-FFHQ(TURN TABLE LADDER),15.487368,73.817284,0,STOP,"Caculo Mall, 16 Shanta, St Inez Rd, Caculo Enclave, Santa Inez, Panaji, Goa (NW)",Fire Force Headquarters
2026-01-04T00:22:00.675Z,GA 07 G 7101-FFHQ(WATER TENDER),15.486952,73.817093,0,STOP,"Caculo Mall, 16 Shanta, St Inez Rd, Caculo Enclave, Santa Inez, Panaji, Goa (NW)",Fire Force Headquarters
2026-01-04T00:22:00.675Z,GA 07 G 7677-FFHQ(EMERGENCY RESCUE),15.487027,73.817001,0,STOP,"Caculo Mall, 16 Shanta, St Inez Rd, Caculo Enclave, Santa Inez, Panaji, Goa (NW)",Fire Force Headquarters
2026-01-04T00:22:00.675Z,GA 07 G 1121-PNJ(EMERGENCY RESCUE),15.487345,73.817307,0,STOP,"Caculo Mall, 16 Shanta, St Inez Rd, Caculo Enclave, Santa Inez, Panaji, Goa (NW)",Fire Station Panaji
2026-01-04T00:22:00.675Z,GA 07 G 1571-FFHQ(QUICK RESPONSE),15.486558,73.817429,0,STOP,"Caculo Mall, 16 Shanta, St Inez Rd, Caculo Enclave, Santa Inez, Panaji, Goa (SW)",Fire Force Headquarters
2026-01-04T00:22:00.675Z,GA 07 G 8101-MAP(WATER TENDER),15.5899,73.808701,0,STOP,At Fire Station Mapusa,Fire Station Mapusa
2026-01-04T00:22:00.675Z,GA 07 G 2317-MRG(EMERGENCY RESCUE TENDER),15.2694066,73.9701166,0,STOP,At Fire Station Margoa,Fire Station Margao
2026-01-04T00:22:00.675Z,GA 07 G 1570-VAS(QUICK RESPONSE FIRE TENDER),15.3887599,73.851335,0,STOP,At Fire Station Vasco,Fire Station Vasco
2026-01-04T00:22:00.675Z,GA 07 G 4101-VAS(MS WATER TENDER),15.388845,73.8513016,0,STOP,At Fire Station Vasco,Fire Station Vasco
2026-01-04T00:22:00.675Z,GA 07 G 0819-VAS(WATER/FOAM TENDER),15.3888617,73.85127,0,IDLE,At Fire Station Vasco,Fire Station Vasco
2026-01-04T00:22:00.675Z,GA 07 G 7100-MRG(WATER BOUSER),15.2695583,73.9700516,0,STOP,At Fire Station Margoa,Fire Station Margao
2026-01-04T00:22:00.675Z,GA 07 G 1568-MRG(QUICK RESPONSE ),15.2693333,73.9705966,0,STOP,At Fire Station Margoa,Fire Station Margao
2026-01-04T00:22:00.675Z,GA 07 G 6101-MRG(WATER TENDER),15.2694799,73.969865,4,STOP,At Fire Station Margoa,Fire Station Margao
2026-01-04T00:22:00.675Z,GA 07 G 1001-MRG(AERIAL LADDER PLATFORM),15.2693733,73.9701166,0,STOP,At Fire Station Margoa,Fire Station Margao
2026-01-04T00:22:00.675Z,GA 07 G 0820-BIC(WATER TEDNER),15.402795,74.0028044,0,STOP,At Fire Station Ponda ,Fire Station Bicholim
2026-01-04T00:22:00.675Z,GA 07 G 5101-OLG(MS WATER TENDER),15.50034,73.9140383,0,STOP,At Fire Station Old Goa,Fire Station Old Goa
2026-01-04T00:22:00.675Z,GA 07 G 3101-BIC(MS WATER TENDER),15.589165,73.9464933,0,STOP,At Fire Station Bicholim ,Fire Station Bicholim
2026-01-04T00:22:00.675Z,GA 07 G 1941-BIC(QUICK RESPONSE),15.5894883,73.9466966,0,STOP,At Fire Station Bicholim ,Fire Station Bicholim
2026-01-04T00:22:00.675Z,GA 07 G 2319-VAS (EMERGENCY RESCUE TENDER),15.3892083,73.8478433,0,STOP,"155/C, near railway bridge, airport road, Alto-dabolim, Dabolim, Goa (SW)",Fire Station Vasco
2026-01-04T00:22:00.675Z,GA 07 G 3737-VAP(WATER TENDER),15.5310816,74.1389166,0,STOP,At Fire Station Valpoi ,Fire Station Valpoi
2026-01-04T00:22:00.675Z,GA 07 G 2318-PND(EMERGENCY RESCUE TENDER),15.4027833,74.0029216,0,STOP,At Fire Station Ponda ,Fire Station Ponda
2026-01-04T00:22:00.675Z,GA 07 G 2004-PND(QUICK RESPONSE),15.4141016,73.9073083,0,INACTIVE,"Guru Hotel, Old Ferry Road, Agaçaim, Goa (SE)",Fire Station Ponda
2026-01-04T00:22:00.675Z,GA 07 G 9101-PND(WATER TENDER),15.4026116,74.0032633,0,STOP,At Fire Station Ponda ,Fire Station Ponda
2026-01-04T00:22:00.675Z,GA 07 G 9797-PND(WATER BOUSER),15.4031816,74.0027183,0,STOP,At Fire Station Ponda ,Fire Station Ponda
2026-01-04T00:22:00.675Z,GA 07 G 6363-CAN(WATER TENDER),15.02359,74.0440516,0,INACTIVE,"Canacona, The Lalitrajbaga ,Canacona, Canacona, Goa (NE)",Fire Station Canacona
2026-01-04T00:22:00.675Z,GA 07 G 1567-CAN(QUICK RESPONSE FT),15.02371,74.044075,0,STOP,"Canacona, The Lalitrajbaga ,Canacona, Canacona, Goa (NE)",Fire Station Canacona
2026-01-04T00:22:00.675Z,GA 07 G 1569-VRN(QUICK RESPONSE),15.3695233,73.9355466,0,STOP,At Fire Station Verna,Fire Station Verna
2026-01-04T00:22:00.675Z,GA 07 G 9909-VRN(ADVANCE MULTI-PURPOSE),15.3697166,73.93553,0,STOP,At Fire Station Verna,Fire Station Verna
2026-01-04T00:22:00.675Z,GA 07 G 1942-VAP(QUICK RESPONSE),15.5311566,74.1388099,0,STOP,At Fire Station Valpoi ,Fire Station Valpoi
2026-01-04T00:22:00.675Z,GA 07 G 2003-CUR(QUICK RESPONSE),15.2603333,74.103695,0,STOP,At Fire Station Curchorem,Fire Station Curchorem
2026-01-04T00:22:00.675Z,GA 07 G 7447-CUR(EMERGENCY RESCUE),15.2605033,74.103735,0,STOP,At Fire Station Curchorem,Fire Station Curchorem
2026-01-04T00:22:00.675Z,GA 07 G 7557-CUR(WATER TENDER),15.2604466,74.10376,0,STOP,At Fire Station Curchorem,Fire Station Curchorem
2026-01-04T00:22:00.675Z,GA 07 G 7667-CUR(WATER BOUSER),15.2603416,74.103785,0,STOP,At Fire Station Curchorem,Fire Station Curchorem
2026-01-04T00:22:00.675Z,GA 07 G 4989-KUN(WATER TENDER),15.4631567,73.97233,0,STOP,At Fire Station Kundaim,Fire Station Kundaim
2026-01-04T00:22:00.675Z,GA 07 G 2242-PIL(WATER TENDER),15.5329883,73.7938717,0,STOP,At Fire Station Pilerne,Fire Station Pilerne
2026-01-04T00:22:00.675Z,GA 07 G 0681-MAP(QUICK RESPONSE),15.5899317,73.8086583,0,STOP,At Fire Station Mapusa,Fire Station Mapusa
2026-01-04T00:22:00.675Z,GA 07 G 0307-PER(QUICK RESPONSE),15.7164939,73.7974239,0,INACTIVE,At Fire Station Pernem,Fire Station Pernem
2026-01-04T00:22:00.675Z,GA 07 G 2101-PER(MS WATER TENDER),15.7163783,73.797585,0,STOP,At Fire Station Pernem,Fire Station Pernem
2026-01-04T00:22:00.675Z,GA 07 G 4600-PER(MINI RESCUE TENDER),15.716455,73.7975228,0,STOP,At Fire Station Pernem,Fire Station Pernem
2026-01-04T00:22:00.675Z,GA 07 G 7272-PNJ(WATER TENDER),15.48729,73.8168156,0,STOP,"Caculo Mall, 16 Shanta, St Inez Rd, Caculo Enclave, Santa Inez, Panaji, Goa (NW)",Fire Station Panaji
2026-01-04T00:22:00.675Z,GA07G2384- Cuncolim,15.1862661,74.021075,0,STOP,At Fire Station Cuncolim,Fire Station Cuncolim
2026-01-04T00:22:00.675Z,GA07G2507 - Mid Size (Water Tender),15.7162883,73.797745,0,STOP,At Fire Station Pernem,Fire Station Pernem
2026-01-04T00:22:00.675Z,GA07G2505 - Mid Size (Water Tender),15.5309567,74.1385983,0,STOP,At Fire Station Valpoi ,Fire Station Valpoi
2026-01-04T00:22:00.675Z,GA07G2504 - Mid Size (Water Tender),15.5893983,73.9466233,0,STOP,At Fire Station Bicholim ,Fire Station Bicholim
2026-01-04T00:22:00.675Z,GA07G2503-Mid Size (Water Tender),15.58996,73.8087483,0,STOP,At Fire Station Mapusa,Fire Station Mapusa
2026-01-04T00:22:00.675Z,GA07G2502 - Mid Size (Water Tender),15.5898217,73.8087733,0,STOP,At Fire Station Mapusa,Fire Force Headquarters
