Timestamp,Vehicle_No,Latitude,Longitude,Speed,Status,Location,Branch
2026-01-30T17:31:36.976Z,GA 07 G 0680-PIL(QUICK RESPONSE VEHICLE),15.486505,73.8169917,0,STOP,At Fire Station panaji,Fire Station Pilerne
2026-01-30T17:31:36.976Z,GA07G2506 - OLG Mid Size (Water Tender),15.500312,73.914017,0,STOP,At Fire Station Old Goa,Fire Station Old Goa
2026-01-30T17:31:36.976Z,GA 07 G 5115-POR(MINI WATER TENDER),15.523012,73.829247,0,STOP,At Porvorim Fire Station,Fire Station Porvorim
2026-01-30T17:31:36.976Z,GA 07 G 0350-MRG(WATER TENDER),15.26939,73.970581,0,STOP,At Fire Station Margoa,Fire Station Margao
2026-01-30T17:31:36.976Z,GA 07 G 2900-MAP(MINI RESCUE TENDER),15.589847,73.808868,0,STOP,At Fire Station Mapusa,Fire Station Mapusa
2026-01-30T17:31:36.976Z,GA 07 G 7600-FFHQ(WATER BOUSER),15.487187,73.817146,0,STOP,"Caculo Mall, 16 Shanta, St Inez Rd, Caculo Enclave, Santa Inez, Panaji, Goa (NW)",Fire Force Headquarters
2026-01-30T17:31:36.976Z,GA 07 G 2002-FFHQ(TURN TABLE LADDER),15.487437,73.817352,0,STOP,"Caculo Mall, 16 Shanta, St Inez Rd, Caculo Enclave, Santa Inez, Panaji, Goa (NW)",Fire Force Headquarters
2026-01-30T17:31:36.976Z,GA 07 G 7101-FFHQ(WATER TENDER),15.486877,73.816963,0,STOP,"Caculo Mall, 16 Shanta, St Inez Rd, Caculo Enclave, Santa Inez, Panaji, Goa (NW)",Fire Force Headquarters
2026-01-30T17:31:36.976Z,GA 07 G 7677-FFHQ(EMERGENCY RESCUE),15.486953,73.817261,0,INACTIVE,"Caculo Mall, 16 Shanta, St Inez Rd, Caculo Enclave, Santa Inez, Panaji, Goa (NW)",Fire Force Headquarters
2026-01-30T17:31:36.976Z,GA 07 G 1121-PNJ(EMERGENCY RESCUE),15.487097,73.817223,0,STOP,"Caculo Mall, 16 Shanta, St Inez Rd, Caculo Enclave, Santa Inez, Panaji, Goa (NW)",Fire Station Panaji
2026-01-30T17:31:36.976Z,GA 07 G 1571-FFHQ(QUICK RESPONSE),15.486663,73.81739,0,STOP,"Caculo Mall, 16 Shanta, St Inez Rd, Caculo Enclave, Santa Inez, Panaji, Goa (NW)",Fire Force Headquarters
2026-01-30T17:31:36.976Z,GA 07 G 8101-MAP(WATER TENDER),15.590058,73.808762,0,STOP,At Fire Station Mapusa,Fire Station Mapusa
2026-01-30T17:31:36.976Z,GA 07 G 2317-MRG(EMERGENCY RESCUE TENDER),15.2693516,73.9702233,4,STOP,At Fire Station Margoa,Fire Station Margao
2026-01-30T17:31:36.976Z,GA 07 G 1570-VAS(QUICK RESPONSE FIRE TENDER),15.3887566,73.8513433,0,STOP,At Fire Station Vasco,Fire Station Vasco
2026-01-30T17:31:36.976Z,GA 07 G 4101-VAS(MS WATER TENDER),15.3888833,73.8513516,0,STOP,At Fire Station Vasco,Fire Station Vasco
2026-01-30T17:31:36.976Z,GA 07 G 0819-VAS(WATER/FOAM TENDER),15.3887567,73.85127,0,IDLE,At Fire Station Vasco,Fire Station Vasco
2026-01-30T17:31:36.976Z,GA 07 G 7100-MRG(WATER BOUSER),15.2695133,73.9702966,0,STOP,At Fire Station Margoa,Fire Station Margao
2026-01-30T17:31:36.976Z,GA 07 G 1568-MRG(QUICK RESPONSE ),15.2694166,73.9704266,0,STOP,At Fire Station Margoa,Fire Station Margao
2026-01-30T17:31:36.976Z,GA 07 G 6101-MRG(WATER TENDER),15.26936,73.9702883,0,STOP,At Fire Station Margoa,Fire Station Margao
2026-01-30T17:31:36.976Z,GA 07 G 1001-MRG(AERIAL LADDER PLATFORM),15.2695333,73.969905,0,INACTIVE,At Fire Station Margoa,Fire Station Margao
2026-01-30T17:31:36.976Z,GA 07 G 0820-BIC(WATER TEDNER),15.4027733,74.002805,0,STOP,At Fire Station Ponda ,Fire Station Bicholim
2026-01-30T17:31:36.976Z,GA 07 G 5101-OLG(MS WATER TENDER),15.5002983,73.9140383,0,STOP,At Fire Station Old Goa,Fire Station Old Goa
2026-01-30T17:31:36.976Z,GA 07 G 3101-BIC(MS WATER TENDER),15.589315,73.9468266,0,STOP,At Fire Station Bicholim ,Fire Station Bicholim
2026-01-30T17:31:36.976Z,GA 07 G 1941-BIC(QUICK RESPONSE),15.5894883,73.9467283,0,STOP,At Fire Station Bicholim ,Fire Station Bicholim
2026-01-30T17:31:36.976Z,GA 07 G 2319-VAS (EMERGENCY RESCUE TENDER),15.388815,73.8512783,0,STOP,At Fire Station Vasco,Fire Station Vasco
2026-01-30T17:31:36.976Z,GA 07 G 3737-VAP(WATER TENDER),15.53101,74.1386633,0,STOP,At Fire Station Valpoi ,Fire Station Valpoi
2026-01-30T17:31:36.976Z,GA 07 G 2318-PND(EMERGENCY RESCUE TENDER),15.402675,74.003035,0,STOP,At Fire Station Ponda ,Fire Station Ponda
2026-01-30T17:31:36.976Z,GA 07 G 2004-PND(QUICK RESPONSE),15.40267,74.00284,0,STOP,At Fire Station Ponda ,Fire Station Ponda
2026-01-30T17:31:36.976Z,GA 07 G 9101-PND(WATER TENDER),15.4396016,74.061605,26,RUNNING,"Mharudev Temple, Marvasoddo,, Usgao, Goa (SE)",Fire Station Ponda
2026-01-30T17:31:36.976Z,GA 07 G 9797-PND(WATER BOUSER),15.4027366,74.0028816,0,STOP,At Fire Station Ponda ,Fire Station Ponda
2026-01-30T17:31:36.976Z,GA 07 G 6363-CAN(WATER TENDER),15.0236416,74.0440433,0,STOP,"Canacona, The Lalitrajbaga ,Canacona, Canacona, Goa (NE)",Fire Station Canacona
2026-01-30T17:31:36.976Z,GA 07 G 1567-CAN(QUICK RESPONSE FT),15.0236833,74.0440666,0,STOP,"Canacona, The Lalitrajbaga ,Canacona, Canacona, Goa (NE)",Fire Station Canacona
2026-01-30T17:31:36.976Z,GA 07 G 1569-VRN(QUICK RESPONSE),15.369755,73.935465,0,STOP,At Fire Station Verna,Fire Station Verna
2026-01-30T17:31:36.976Z,GA 07 G 9909-VRN(ADVANCE MULTI-PURPOSE),15.3693883,73.9361083,0,STOP,At Fire Station Verna,Fire Station Verna
2026-01-30T17:31:36.976Z,GA 07 G 1942-VAP(QUICK RESPONSE),15.5310133,74.1387783,0,STOP,At Fire Station Valpoi ,Fire Station Valpoi
2026-01-30T17:31:36.976Z,GA 07 G 2003-CUR(QUICK RESPONSE),15.26046,74.1037433,0,STOP,At Fire Station Curchorem,Fire Station Curchorem
2026-01-30T17:31:36.976Z,GA 07 G 7447-CUR(EMERGENCY RESCUE),15.2604166,74.103735,0,STOP,At Fire Station Curchorem,Fire Station Curchorem
2026-01-30T17:31:36.976Z,GA 07 G 7557-CUR(WATER TENDER),15.2603916,74.1034266,0,STOP,At Fire Station Curchorem,Fire Station Curchorem
2026-01-30T17:31:36.976Z,GA 07 G 7667-CUR(WATER BOUSER),15.26036,74.103735,0,STOP,At Fire Station Curchorem,Fire Station Curchorem
2026-01-30T17:31:36.976Z,GA 07 G 4989-KUN(WATER TENDER),15.4628883,73.9726967,0,STOP,At Fire Station Kundaim,Fire Station Kundaim
2026-01-30T17:31:36.976Z,GA 07 G 2242-PIL(WATER TENDER),15.533075,73.7940172,0,STOP,At Fire Station Pilerne,Fire Station Pilerne
2026-01-30T17:31:36.976Z,GA 07 G 0681-MAP(QUICK RESPONSE),15.5898267,73.8086667,0,STOP,At Fire Station Mapusa,Fire Station Mapusa
2026-01-30T17:31:36.976Z,GA 07 G 2101-PER(MS WATER TENDER),15.7164428,73.7974983,0,STOP,At Fire Station Pernem,Fire Station Pernem
2026-01-30T17:31:36.976Z,GA 07 G 4600-PER(MINI RESCUE TENDER),15.7164817,73.7975244,0,STOP,At Fire Station Pernem,Fire Station Pernem
2026-01-30T17:31:36.976Z,GA 07 G 7272-PNJ(WATER TENDER),15.4869706,73.8172022,0,STOP,"Caculo Mall, 16 Shanta, St Inez Rd, Caculo Enclave, Santa Inez, Panaji, Goa (NW)",Fire Station Panaji
2026-01-30T17:31:36.976Z,GA07G2384-CAN(WATER TENDER),15.1862872,74.0210394,0,STOP,At Fire Station Cuncolim,Fire Station Cuncolim
2026-01-30T17:31:36.976Z,GA07G2507 - PER Mid Size (Water Tender),15.7164517,73.7974767,0,STOP,At Fire Station Pernem,Fire Station Pernem
2026-01-30T17:31:36.976Z,GA07G2505 - VAP Mid Size (Water Tender),15.4026267,74.0027833,0,STOP,At Fire Station Ponda ,Fire Station Valpoi
2026-01-30T17:31:36.976Z,GA07G2504 - BIC Mid Size (Water Tender),15.5895017,73.9465983,0,STOP,At Fire Station Bicholim ,Fire Station Bicholim
2026-01-30T17:31:36.976Z,GA07G2503- MAP Mid Size (Water Tender),15.5900233,73.80852,0,STOP,At Fire Station Mapusa,Fire Station Mapusa
2026-01-30T17:31:36.976Z,GA07G2502 - FFHQ Mid Size (Water Tender),15.48778,73.8459317,69,RUNNING,"Panvel - Kochi - Kanyakumari Hwy, Neugi Nagar, Goa (NW)",Fire Force Headquarters
2026-01-30T17:32:44.596Z,GA 07 G 0680-PIL(QUICK RESPONSE VEHICLE),15.486505,73.8169917,0,STOP,At Fire Station panaji,Fire Station Pilerne
2026-01-30T17:32:44.596Z,GA07G2506 - OLG Mid Size (Water Tender),15.500312,73.914017,0,STOP,At Fire Station Old Goa,Fire Station Old Goa
2026-01-30T17:32:44.596Z,GA 07 G 5115-POR(MINI WATER TENDER),15.523012,73.829247,0,STOP,At Porvorim Fire Station,Fire Station Porvorim
2026-01-30T17:32:44.596Z,GA 07 G 0350-MRG(WATER TENDER),15.26939,73.970581,0,STOP,At Fire Station Margoa,Fire Station Margao
2026-01-30T17:32:44.596Z,GA 07 G 2900-MAP(MINI RESCUE TENDER),15.589847,73.808868,0,STOP,At Fire Station Mapusa,Fire Station Mapusa
2026-01-30T17:32:44.596Z,GA 07 G 7600-FFHQ(WATER BOUSER),15.487187,73.817146,0,STOP,"Caculo Mall, 16 Shanta, St Inez Rd, Caculo Enclave, Santa Inez, Panaji, Goa (NW)",Fire Force Headquarters
2026-01-30T17:32:44.596Z,GA 07 G 2002-FFHQ(TURN TABLE LADDER),15.487437,73.817352,0,STOP,"Caculo Mall, 16 Shanta, St Inez Rd, Caculo Enclave, Santa Inez, Panaji, Goa (NW)",Fire Force Headquarters
2026-01-30T17:32:44.596Z,GA 07 G 7101-FFHQ(WATER TENDER),15.486877,73.816963,0,STOP,"Caculo Mall, 16 Shanta, St Inez Rd, Caculo Enclave, Santa Inez, Panaji, Goa (NW)",Fire Force Headquarters
2026-01-30T17:32:44.596Z,GA 07 G 7677-FFHQ(EMERGENCY RESCUE),15.486953,73.817261,0,INACTIVE,"Caculo Mall, 16 Shanta, St Inez Rd, Caculo Enclave, Santa Inez, Panaji, Goa (NW)",Fire Force Headquarters
2026-01-30T17:32:44.596Z,GA 07 G 1121-PNJ(EMERGENCY RESCUE),15.487097,73.817223,0,STOP,"Caculo Mall, 16 Shanta, St Inez Rd, Caculo Enclave, Santa Inez, Panaji, Goa (NW)",Fire Station Panaji
2026-01-30T17:32:44.596Z,GA 07 G 1571-FFHQ(QUICK RESPONSE),15.486663,73.81739,0,STOP,"Caculo Mall, 16 Shanta, St Inez Rd, Caculo Enclave, Santa Inez, Panaji, Goa (NW)",Fire Force Headquarters
2026-01-30T17:32:44.596Z,GA 07 G 8101-MAP(WATER TENDER),15.590058,73.808762,0,STOP,At Fire Station Mapusa,Fire Station Mapusa
2026-01-30T17:32:44.596Z,GA 07 G 2317-MRG(EMERGENCY RESCUE TENDER),15.269365,73.9700766,2,STOP,At Fire Station Margoa,Fire Station Margao
2026-01-30T17:32:44.596Z,GA 07 G 1570-VAS(QUICK RESPONSE FIRE TENDER),15.3887566,73.8513433,0,STOP,At Fire Station Vasco,Fire Station Vasco
2026-01-30T17:32:44.596Z,GA 07 G 4101-VAS(MS WATER TENDER),15.3888833,73.8513516,0,STOP,At Fire Station Vasco,Fire Station Vasco
2026-01-30T17:32:44.596Z,GA 07 G 0819-VAS(WATER/FOAM TENDER),15.3887567,73.85127,0,IDLE,At Fire Station Vasco,Fire Station Vasco
2026-01-30T17:32:44.596Z,GA 07 G 7100-MRG(WATER BOUSER),15.2695133,73.9702966,0,STOP,At Fire Station Margoa,Fire Station Margao
2026-01-30T17:32:44.596Z,GA 07 G 1568-MRG(QUICK RESPONSE ),15.2694166,73.9704266,0,STOP,At Fire Station Margoa,Fire Station Margao
2026-01-30T17:32:44.596Z,GA 07 G 6101-MRG(WATER TENDER),15.26936,73.9702883,0,STOP,At Fire Station Margoa,Fire Station Margao
2026-01-30T17:32:44.596Z,GA 07 G 1001-MRG(AERIAL LADDER PLATFORM),15.2695333,73.969905,0,INACTIVE,At Fire Station Margoa,Fire Station Margao
2026-01-30T17:32:44.596Z,GA 07 G 0820-BIC(WATER TEDNER),15.4027733,74.002805,0,STOP,At Fire Station Ponda ,Fire Station Bicholim
2026-01-30T17:32:44.596Z,GA 07 G 5101-OLG(MS WATER TENDER),15.5002983,73.9140383,0,STOP,At Fire Station Old Goa,Fire Station Old Goa
2026-01-30T17:32:44.596Z,GA 07 G 3101-BIC(MS WATER TENDER),15.589315,73.9468266,0,STOP,At Fire Station Bicholim ,Fire Station Bicholim
2026-01-30T17:32:44.596Z,GA 07 G 1941-BIC(QUICK RESPONSE),15.5894883,73.9467283,0,STOP,At Fire Station Bicholim ,Fire Station Bicholim
2026-01-30T17:32:44.596Z,GA 07 G 2319-VAS (EMERGENCY RESCUE TENDER),15.388815,73.8512783,0,STOP,At Fire Station Vasco,Fire Station Vasco
2026-01-30T17:32:44.596Z,GA 07 G 3737-VAP(WATER TENDER),15.53101,74.1386633,0,STOP,At Fire Station Valpoi ,Fire Station Valpoi
2026-01-30T17:32:44.596Z,GA 07 G 2318-PND(EMERGENCY RESCUE TENDER),15.402675,74.003035,0,STOP,At Fire Station Ponda ,Fire Station Ponda
2026-01-30T17:32:44.596Z,GA 07 G 2004-PND(QUICK RESPONSE),15.40267,74.00284,0,STOP,At Fire Station Ponda ,Fire Station Ponda
2026-01-30T17:32:44.596Z,GA 07 G 9101-PND(WATER TENDER),15.4354983,74.06014,31,RUNNING,"Coelho Bar And Restaurant, Candepar – Usgao - Gangem – Guleli – Codqui - Valpoi, Usgao, Goa (SW)",Fire Station Ponda
2026-01-30T17:32:44.596Z,GA 07 G 9797-PND(WATER BOUSER),15.4027366,74.0028816,0,STOP,At Fire Station Ponda ,Fire Station Ponda
2026-01-30T17:32:44.596Z,GA 07 G 6363-CAN(WATER TENDER),15.0236416,74.0440433,0,STOP,"Canacona, The Lalitrajbaga ,Canacona, Canacona, Goa (NE)",Fire Station Canacona
2026-01-30T17:32:44.596Z,GA 07 G 1567-CAN(QUICK RESPONSE FT),15.0236833,74.0440666,0,STOP,"Canacona, The Lalitrajbaga ,Canacona, Canacona, Goa (NE)",Fire Station Canacona
2026-01-30T17:32:44.596Z,GA 07 G 1569-VRN(QUICK RESPONSE),15.369755,73.935465,0,STOP,At Fire Station Verna,Fire Station Verna
2026-01-30T17:32:44.596Z,GA 07 G 9909-VRN(ADVANCE MULTI-PURPOSE),15.3693883,73.9361083,0,STOP,At Fire Station Verna,Fire Station Verna
2026-01-30T17:32:44.596Z,GA 07 G 1942-VAP(QUICK RESPONSE),15.5310133,74.1387783,0,STOP,At Fire Station Valpoi ,Fire Station Valpoi
2026-01-30T17:32:44.596Z,GA 07 G 2003-CUR(QUICK RESPONSE),15.26046,74.1037433,0,STOP,At Fire Station Curchorem,Fire Station Curchorem
2026-01-30T17:32:44.596Z,GA 07 G 7447-CUR(EMERGENCY RESCUE),15.2604166,74.103735,0,STOP,At Fire Station Curchorem,Fire Station Curchorem
2026-01-30T17:32:44.596Z,GA 07 G 7557-CUR(WATER TENDER),15.2603916,74.1034266,0,STOP,At Fire Station Curchorem,Fire Station Curchorem
2026-01-30T17:32:44.596Z,GA 07 G 7667-CUR(WATER BOUSER),15.26036,74.103735,0,STOP,At Fire Station Curchorem,Fire Station Curchorem
2026-01-30T17:32:44.596Z,GA 07 G 4989-KUN(WATER TENDER),15.4628883,73.9726967,0,STOP,At Fire Station Kundaim,Fire Station Kundaim
2026-01-30T17:32:44.596Z,GA 07 G 2242-PIL(WATER TENDER),15.533075,73.7940172,0,STOP,At Fire Station Pilerne,Fire Station Pilerne
2026-01-30T17:32:44.596Z,GA 07 G 0681-MAP(QUICK RESPONSE),15.5898267,73.8086667,0,STOP,At Fire Station Mapusa,Fire Station Mapusa
2026-01-30T17:32:44.596Z,GA 07 G 2101-PER(MS WATER TENDER),15.7164428,73.7974983,0,STOP,At Fire Station Pernem,Fire Station Pernem
2026-01-30T17:32:44.596Z,GA 07 G 4600-PER(MINI RESCUE TENDER),15.7164817,73.7975244,0,STOP,At Fire Station Pernem,Fire Station Pernem
2026-01-30T17:32:44.596Z,GA 07 G 7272-PNJ(WATER TENDER),15.4869706,73.8172022,0,STOP,"Caculo Mall, 16 Shanta, St Inez Rd, Caculo Enclave, Santa Inez, Panaji, Goa (NW)",Fire Station Panaji
2026-01-30T17:32:44.596Z,GA07G2384-CAN(WATER TENDER),15.1862872,74.0210394,0,STOP,At Fire Station Cuncolim,Fire Station Cuncolim
2026-01-30T17:32:44.596Z,GA07G2507 - PER Mid Size (Water Tender),15.7164517,73.7974767,0,STOP,At Fire Station Pernem,Fire Station Pernem
2026-01-30T17:32:44.596Z,GA07G2505 - VAP Mid Size (Water Tender),15.4026267,74.0027833,0,STOP,At Fire Station Ponda ,Fire Station Valpoi
2026-01-30T17:32:44.596Z,GA07G2504 - BIC Mid Size (Water Tender),15.5895017,73.9465983,0,STOP,At Fire Station Bicholim ,Fire Station Bicholim
2026-01-30T17:32:44.596Z,GA07G2503- MAP Mid Size (Water Tender),15.5900233,73.80852,0,STOP,At Fire Station Mapusa,Fire Station Mapusa
2026-01-30T17:32:44.596Z,GA07G2502 - FFHQ Mid Size (Water Tender),15.4949517,73.8387783,42,RUNNING,"Panaji KTC Bus Stand, Patto Centre, Goa (NE)",Fire Force Headquarters
2026-01-30T17:34:17.628Z,GA 07 G 0680-PIL(QUICK RESPONSE VEHICLE),15.486505,73.8169917,0,STOP,At Fire Station panaji,Fire Station Pilerne
2026-01-30T17:34:17.628Z,GA07G2506 - OLG Mid Size (Water Tender),15.500312,73.914017,0,STOP,At Fire Station Old Goa,Fire Station Old Goa
2026-01-30T17:34:17.628Z,GA 07 G 5115-POR(MINI WATER TENDER),15.523012,73.829247,0,STOP,At Porvorim Fire Station,Fire Station Porvorim
2026-01-30T17:34:17.628Z,GA 07 G 0350-MRG(WATER TENDER),15.26939,73.970581,0,STOP,At Fire Station Margoa,Fire Station Margao
2026-01-30T17:34:17.628Z,GA 07 G 2900-MAP(MINI RESCUE TENDER),15.589847,73.808868,0,STOP,At Fire Station Mapusa,Fire Station Mapusa
2026-01-30T17:34:17.628Z,GA 07 G 7600-FFHQ(WATER BOUSER),15.487187,73.817146,0,STOP,"Caculo Mall, 16 Shanta, St Inez Rd, Caculo Enclave, Santa Inez, Panaji, Goa (NW)",Fire Force Headquarters
2026-01-30T17:34:17.628Z,GA 07 G 2002-FFHQ(TURN TABLE LADDER),15.487437,73.817352,0,STOP,"Caculo Mall, 16 Shanta, St Inez Rd, Caculo Enclave, Santa Inez, Panaji, Goa (NW)",Fire Force Headquarters
2026-01-30T17:34:17.628Z,GA 07 G 7101-FFHQ(WATER TENDER),15.486877,73.816963,0,STOP,"Caculo Mall, 16 Shanta, St Inez Rd, Caculo Enclave, Santa Inez, Panaji, Goa (NW)",Fire Force Headquarters
2026-01-30T17:34:17.628Z,GA 07 G 7677-FFHQ(EMERGENCY RESCUE),15.486953,73.817261,0,INACTIVE,"Caculo Mall, 16 Shanta, St Inez Rd, Caculo Enclave, Santa Inez, Panaji, Goa (NW)",Fire Force Headquarters
2026-01-30T17:34:17.628Z,GA 07 G 1121-PNJ(EMERGENCY RESCUE),15.487097,73.817223,0,STOP,"Caculo Mall, 16 Shanta, St Inez Rd, Caculo Enclave, Santa Inez, Panaji, Goa (NW)",Fire Station Panaji
2026-01-30T17:34:17.628Z,GA 07 G 1571-FFHQ(QUICK RESPONSE),15.486663,73.81739,0,STOP,"Caculo Mall, 16 Shanta, St Inez Rd, Caculo Enclave, Santa Inez, Panaji, Goa (NW)",Fire Force Headquarters
2026-01-30T17:34:17.628Z,GA 07 G 8101-MAP(WATER TENDER),15.590058,73.808762,0,STOP,At Fire Station Mapusa,Fire Station Mapusa
2026-01-30T17:34:17.628Z,GA 07 G 2317-MRG(EMERGENCY RESCUE TENDER),15.2693766,73.970125,1,STOP,At Fire Station Margoa,Fire Station Margao
2026-01-30T17:34:17.628Z,GA 07 G 1570-VAS(QUICK RESPONSE FIRE TENDER),15.3887566,73.8513433,0,STOP,At Fire Station Vasco,Fire Station Vasco
2026-01-30T17:34:17.628Z,GA 07 G 4101-VAS(MS WATER TENDER),15.3888833,73.8513516,0,STOP,At Fire Station Vasco,Fire Station Vasco
2026-01-30T17:34:17.628Z,GA 07 G 0819-VAS(WATER/FOAM TENDER),15.3887567,73.85127,0,IDLE,At Fire Station Vasco,Fire Station Vasco
2026-01-30T17:34:17.628Z,GA 07 G 7100-MRG(WATER BOUSER),15.2695133,73.9702966,0,STOP,At Fire Station Margoa,Fire Station Margao
2026-01-30T17:34:17.628Z,GA 07 G 1568-MRG(QUICK RESPONSE ),15.2694166,73.9704266,0,STOP,At Fire Station Margoa,Fire Station Margao
2026-01-30T17:34:17.628Z,GA 07 G 6101-MRG(WATER TENDER),15.26936,73.9702883,0,STOP,At Fire Station Margoa,Fire Station Margao
2026-01-30T17:34:17.628Z,GA 07 G 1001-MRG(AERIAL LADDER PLATFORM),15.2695333,73.969905,0,INACTIVE,At Fire Station Margoa,Fire Station Margao
2026-01-30T17:34:17.628Z,GA 07 G 0820-BIC(WATER TEDNER),15.4027733,74.002805,0,STOP,At Fire Station Ponda ,Fire Station Bicholim
2026-01-30T17:34:17.628Z,GA 07 G 5101-OLG(MS WATER TENDER),15.5002983,73.9140383,0,STOP,At Fire Station Old Goa,Fire Station Old Goa
2026-01-30T17:34:17.628Z,GA 07 G 3101-BIC(MS WATER TENDER),15.589315,73.9468266,0,STOP,At Fire Station Bicholim ,Fire Station Bicholim
2026-01-30T17:34:17.628Z,GA 07 G 1941-BIC(QUICK RESPONSE),15.5894883,73.9467283,0,STOP,At Fire Station Bicholim ,Fire Station Bicholim
2026-01-30T17:34:17.628Z,GA 07 G 2319-VAS (EMERGENCY RESCUE TENDER),15.388815,73.8512783,0,STOP,At Fire Station Vasco,Fire Station Vasco
2026-01-30T17:34:17.628Z,GA 07 G 3737-VAP(WATER TENDER),15.53101,74.1386633,0,STOP,At Fire Station Valpoi ,Fire Station Valpoi
2026-01-30T17:34:17.628Z,GA 07 G 2318-PND(EMERGENCY RESCUE TENDER),15.402675,74.003035,0,STOP,At Fire Station Ponda ,Fire Station Ponda
2026-01-30T17:34:17.628Z,GA 07 G 2004-PND(QUICK RESPONSE),15.40267,74.00284,0,STOP,At Fire Station Ponda ,Fire Station Ponda
2026-01-30T17:34:17.628Z,GA 07 G 9101-PND(WATER TENDER),15.427675,74.05699,45,RUNNING,"Candepar – Usgao - Gangem – Guleli – Codqui - Valpoi, Tisk, Goa (NE)",Fire Station Ponda
2026-01-30T17:34:17.628Z,GA 07 G 9797-PND(WATER BOUSER),15.4027366,74.0028816,0,STOP,At Fire Station Ponda ,Fire Station Ponda
2026-01-30T17:34:17.628Z,GA 07 G 6363-CAN(WATER TENDER),15.0236416,74.0440433,0,STOP,"Canacona, The Lalitrajbaga ,Canacona, Canacona, Goa (NE)",Fire Station Canacona
2026-01-30T17:34:17.628Z,GA 07 G 1567-CAN(QUICK RESPONSE FT),15.0236833,74.0440666,0,STOP,"Canacona, The Lalitrajbaga ,Canacona, Canacona, Goa (NE)",Fire Station Canacona
2026-01-30T17:34:17.628Z,GA 07 G 1569-VRN(QUICK RESPONSE),15.369755,73.935465,0,STOP,At Fire Station Verna,Fire Station Verna
2026-01-30T17:34:17.628Z,GA 07 G 9909-VRN(ADVANCE MULTI-PURPOSE),15.3693883,73.9361083,0,STOP,At Fire Station Verna,Fire Station Verna
2026-01-30T17:34:17.628Z,GA 07 G 1942-VAP(QUICK RESPONSE),15.5310133,74.1387783,0,STOP,At Fire Station Valpoi ,Fire Station Valpoi
2026-01-30T17:34:17.628Z,GA 07 G 2003-CUR(QUICK RESPONSE),15.26046,74.1037433,0,STOP,At Fire Station Curchorem,Fire Station Curchorem
2026-01-30T17:34:17.628Z,GA 07 G 7447-CUR(EMERGENCY RESCUE),15.2604166,74.103735,0,STOP,At Fire Station Curchorem,Fire Station Curchorem
2026-01-30T17:34:17.628Z,GA 07 G 7557-CUR(WATER TENDER),15.2603916,74.1034266,0,STOP,At Fire Station Curchorem,Fire Station Curchorem
2026-01-30T17:34:17.628Z,GA 07 G 7667-CUR(WATER BOUSER),15.26036,74.103735,0,STOP,At Fire Station Curchorem,Fire Station Curchorem
2026-01-30T17:34:17.628Z,GA 07 G 4989-KUN(WATER TENDER),15.4628883,73.9726967,0,STOP,At Fire Station Kundaim,Fire Station Kundaim
2026-01-30T17:34:17.628Z,GA 07 G 2242-PIL(WATER TENDER),15.533075,73.7940172,0,STOP,At Fire Station Pilerne,Fire Station Pilerne
2026-01-30T17:34:17.628Z,GA 07 G 0681-MAP(QUICK RESPONSE),15.5898267,73.8086667,0,STOP,At Fire Station Mapusa,Fire Station Mapusa
2026-01-30T17:34:17.628Z,GA 07 G 2101-PER(MS WATER TENDER),15.7164428,73.7974983,0,STOP,At Fire Station Pernem,Fire Station Pernem
2026-01-30T17:34:17.628Z,GA 07 G 4600-PER(MINI RESCUE TENDER),15.7164817,73.7975244,0,STOP,At Fire Station Pernem,Fire Station Pernem
2026-01-30T17:34:17.628Z,GA 07 G 7272-PNJ(WATER TENDER),15.4869706,73.8172022,0,STOP,"Caculo Mall, 16 Shanta, St Inez Rd, Caculo Enclave, Santa Inez, Panaji, Goa (NW)",Fire Station Panaji
2026-01-30T17:34:17.628Z,GA07G2384-CAN(WATER TENDER),15.1862872,74.0210394,0,STOP,At Fire Station Cuncolim,Fire Station Cuncolim
2026-01-30T17:34:17.628Z,GA07G2507 - PER Mid Size (Water Tender),15.7164517,73.7974767,0,STOP,At Fire Station Pernem,Fire Station Pernem
2026-01-30T17:34:17.628Z,GA07G2505 - VAP Mid Size (Water Tender),15.4026267,74.0027833,0,STOP,At Fire Station Ponda ,Fire Station Valpoi
2026-01-30T17:34:17.628Z,GA07G2504 - BIC Mid Size (Water Tender),15.5895017,73.9465983,0,STOP,At Fire Station Bicholim ,Fire Station Bicholim
2026-01-30T17:34:17.628Z,GA07G2503- MAP Mid Size (Water Tender),15.5900233,73.80852,0,STOP,At Fire Station Mapusa,Fire Station Mapusa
2026-01-30T17:34:17.628Z,GA07G2502 - FFHQ Mid Size (Water Tender),15.4994667,73.8353183,34,RUNNING,"Kapaaleshwar B-2 Bungalow, beside Goa Konkani Akadami, Patto Colony, Panaji, Goa (NW)",Fire Force Headquarters
2026-01-30T17:36:01.356Z,GA 07 G 0680-PIL(QUICK RESPONSE VEHICLE),15.486505,73.8169917,0,STOP,At Fire Station panaji,Fire Station Pilerne
2026-01-30T17:36:01.356Z,GA07G2506 - OLG Mid Size (Water Tender),15.500312,73.914017,0,STOP,At Fire Station Old Goa,Fire Station Old Goa
2026-01-30T17:36:01.356Z,GA 07 G 5115-POR(MINI WATER TENDER),15.523012,73.829247,0,STOP,At Porvorim Fire Station,Fire Station Porvorim
2026-01-30T17:36:01.356Z,GA 07 G 0350-MRG(WATER TENDER),15.26939,73.970581,0,STOP,At Fire Station Margoa,Fire Station Margao
2026-01-30T17:36:01.356Z,GA 07 G 2900-MAP(MINI RESCUE TENDER),15.589847,73.808868,0,STOP,At Fire Station Mapusa,Fire Station Mapusa
2026-01-30T17:36:01.356Z,GA 07 G 7600-FFHQ(WATER BOUSER),15.487187,73.817146,0,STOP,"Caculo Mall, 16 Shanta, St Inez Rd, Caculo Enclave, Santa Inez, Panaji, Goa (NW)",Fire Force Headquarters
2026-01-30T17:36:01.356Z,GA 07 G 2002-FFHQ(TURN TABLE LADDER),15.487437,73.817352,0,STOP,"Caculo Mall, 16 Shanta, St Inez Rd, Caculo Enclave, Santa Inez, Panaji, Goa (NW)",Fire Force Headquarters
2026-01-30T17:36:01.356Z,GA 07 G 7101-FFHQ(WATER TENDER),15.486877,73.816963,0,STOP,"Caculo Mall, 16 Shanta, St Inez Rd, Caculo Enclave, Santa Inez, Panaji, Goa (NW)",Fire Force Headquarters
2026-01-30T17:36:01.356Z,GA 07 G 7677-FFHQ(EMERGENCY RESCUE),15.486953,73.817261,0,INACTIVE,"Caculo Mall, 16 Shanta, St Inez Rd, Caculo Enclave, Santa Inez, Panaji, Goa (NW)",Fire Force Headquarters
2026-01-30T17:36:01.356Z,GA 07 G 1121-PNJ(EMERGENCY RESCUE),15.487097,73.817223,0,STOP,"Caculo Mall, 16 Shanta, St Inez Rd, Caculo Enclave, Santa Inez, Panaji, Goa (NW)",Fire Station Panaji
2026-01-30T17:36:01.356Z,GA 07 G 1571-FFHQ(QUICK RESPONSE),15.486663,73.81739,0,STOP,"Caculo Mall, 16 Shanta, St Inez Rd, Caculo Enclave, Santa Inez, Panaji, Goa (NW)",Fire Force Headquarters
2026-01-30T17:36:01.356Z,GA 07 G 8101-MAP(WATER TENDER),15.590058,73.808762,0,STOP,At Fire Station Mapusa,Fire Station Mapusa
2026-01-30T17:36:01.356Z,GA 07 G 2317-MRG(EMERGENCY RESCUE TENDER),15.2692166,73.97006,1,STOP,At Fire Station Margoa,Fire Station Margao
2026-01-30T17:36:01.356Z,GA 07 G 1570-VAS(QUICK RESPONSE FIRE TENDER),15.3887566,73.8513433,0,STOP,At Fire Station Vasco,Fire Station Vasco
2026-01-30T17:36:01.356Z,GA 07 G 4101-VAS(MS WATER TENDER),15.3888833,73.8513516,0,STOP,At Fire Station Vasco,Fire Station Vasco
2026-01-30T17:36:01.356Z,GA 07 G 0819-VAS(WATER/FOAM TENDER),15.3887567,73.85127,0,IDLE,At Fire Station Vasco,Fire Station Vasco
2026-01-30T17:36:01.356Z,GA 07 G 7100-MRG(WATER BOUSER),15.2695133,73.9702966,0,STOP,At Fire Station Margoa,Fire Station Margao
2026-01-30T17:36:01.356Z,GA 07 G 1568-MRG(QUICK RESPONSE ),15.2694166,73.9704266,0,STOP,At Fire Station Margoa,Fire Station Margao
2026-01-30T17:36:01.356Z,GA 07 G 6101-MRG(WATER TENDER),15.26936,73.9702883,0,STOP,At Fire Station Margoa,Fire Station Margao
2026-01-30T17:36:01.356Z,GA 07 G 1001-MRG(AERIAL LADDER PLATFORM),15.2695333,73.969905,0,INACTIVE,At Fire Station Margoa,Fire Station Margao
2026-01-30T17:36:01.356Z,GA 07 G 0820-BIC(WATER TEDNER),15.4027733,74.002805,0,STOP,At Fire Station Ponda ,Fire Station Bicholim
2026-01-30T17:36:01.356Z,GA 07 G 5101-OLG(MS WATER TENDER),15.5002983,73.9140383,0,STOP,At Fire Station Old Goa,Fire Station Old Goa
2026-01-30T17:36:01.356Z,GA 07 G 3101-BIC(MS WATER TENDER),15.589315,73.9468266,0,STOP,At Fire Station Bicholim ,Fire Station Bicholim
2026-01-30T17:36:01.356Z,GA 07 G 1941-BIC(QUICK RESPONSE),15.5894883,73.9467283,0,STOP,At Fire Station Bicholim ,Fire Station Bicholim
2026-01-30T17:36:01.356Z,GA 07 G 2319-VAS (EMERGENCY RESCUE TENDER),15.388815,73.8512783,0,STOP,At Fire Station Vasco,Fire Station Vasco
2026-01-30T17:36:01.356Z,GA 07 G 3737-VAP(WATER TENDER),15.53101,74.1386633,0,STOP,At Fire Station Valpoi ,Fire Station Valpoi
2026-01-30T17:36:01.356Z,GA 07 G 2318-PND(EMERGENCY RESCUE TENDER),15.402675,74.003035,0,STOP,At Fire Station Ponda ,Fire Station Ponda
2026-01-30T17:36:01.356Z,GA 07 G 2004-PND(QUICK RESPONSE),15.40267,74.00284,0,STOP,At Fire Station Ponda ,Fire Station Ponda
2026-01-30T17:36:01.356Z,GA 07 G 9101-PND(WATER TENDER),15.4218183,74.0514083,26,RUNNING,"Chowgule Workshop, NH 4A, Tisk, Goa (NW)",Fire Station Ponda
2026-01-30T17:36:01.356Z,GA 07 G 9797-PND(WATER BOUSER),15.4027366,74.0028816,0,STOP,At Fire Station Ponda ,Fire Station Ponda
2026-01-30T17:36:01.356Z,GA 07 G 6363-CAN(WATER TENDER),15.0236416,74.0440433,0,STOP,"Canacona, The Lalitrajbaga ,Canacona, Canacona, Goa (NE)",Fire Station Canacona
2026-01-30T17:36:01.356Z,GA 07 G 1567-CAN(QUICK RESPONSE FT),15.0236833,74.0440666,0,STOP,"Canacona, The Lalitrajbaga ,Canacona, Canacona, Goa (NE)",Fire Station Canacona
2026-01-30T17:36:01.356Z,GA 07 G 1569-VRN(QUICK RESPONSE),15.369755,73.935465,0,STOP,At Fire Station Verna,Fire Station Verna
2026-01-30T17:36:01.356Z,GA 07 G 9909-VRN(ADVANCE MULTI-PURPOSE),15.3693883,73.9361083,0,STOP,At Fire Station Verna,Fire Station Verna
2026-01-30T17:36:01.356Z,GA 07 G 1942-VAP(QUICK RESPONSE),15.5310133,74.1387783,0,STOP,At Fire Station Valpoi ,Fire Station Valpoi
2026-01-30T17:36:01.356Z,GA 07 G 2003-CUR(QUICK RESPONSE),15.26046,74.1037433,0,STOP,At Fire Station Curchorem,Fire Station Curchorem
2026-01-30T17:36:01.356Z,GA 07 G 7447-CUR(EMERGENCY RESCUE),15.2604166,74.103735,0,STOP,At Fire Station Curchorem,Fire Station Curchorem
2026-01-30T17:36:01.356Z,GA 07 G 7557-CUR(WATER TENDER),15.2603916,74.1034266,0,STOP,At Fire Station Curchorem,Fire Station Curchorem
2026-01-30T17:36:01.356Z,GA 07 G 7667-CUR(WATER BOUSER),15.26036,74.103735,0,STOP,At Fire Station Curchorem,Fire Station Curchorem
2026-01-30T17:36:01.356Z,GA 07 G 4989-KUN(WATER TENDER),15.4628883,73.9726967,0,STOP,At Fire Station Kundaim,Fire Station Kundaim
2026-01-30T17:36:01.356Z,GA 07 G 2242-PIL(WATER TENDER),15.533075,73.7940172,0,STOP,At Fire Station Pilerne,Fire Station Pilerne
2026-01-30T17:36:01.356Z,GA 07 G 0681-MAP(QUICK RESPONSE),15.5898267,73.8086667,0,STOP,At Fire Station Mapusa,Fire Station Mapusa
2026-01-30T17:36:01.356Z,GA 07 G 2101-PER(MS WATER TENDER),15.7164428,73.7974983,0,STOP,At Fire Station Pernem,Fire Station Pernem
2026-01-30T17:36:01.356Z,GA 07 G 4600-PER(MINI RESCUE TENDER),15.7164817,73.7975244,0,STOP,At Fire Station Pernem,Fire Station Pernem
2026-01-30T17:36:01.356Z,GA 07 G 7272-PNJ(WATER TENDER),15.4869706,73.8172022,0,STOP,"Caculo Mall, 16 Shanta, St Inez Rd, Caculo Enclave, Santa Inez, Panaji, Goa (NW)",Fire Station Panaji
2026-01-30T17:36:01.356Z,GA07G2384-CAN(WATER TENDER),15.1862872,74.0210394,0,STOP,At Fire Station Cuncolim,Fire Station Cuncolim
2026-01-30T17:36:01.356Z,GA07G2507 - PER Mid Size (Water Tender),15.7164517,73.7974767,0,STOP,At Fire Station Pernem,Fire Station Pernem
2026-01-30T17:36:01.356Z,GA07G2505 - VAP Mid Size (Water Tender),15.4026267,74.0027833,0,STOP,At Fire Station Ponda ,Fire Station Valpoi
2026-01-30T17:36:01.356Z,GA07G2504 - BIC Mid Size (Water Tender),15.5895017,73.9465983,0,STOP,At Fire Station Bicholim ,Fire Station Bicholim
2026-01-30T17:36:01.356Z,GA07G2503- MAP Mid Size (Water Tender),15.5900233,73.80852,0,STOP,At Fire Station Mapusa,Fire Station Mapusa
2026-01-30T17:36:01.356Z,GA07G2502 - FFHQ Mid Size (Water Tender),15.501155,73.825895,46,RUNNING,"Mahalakshmi Building, Dr TB Cunha Rd, Panaji, Goa (NW)",Fire Force Headquarters
2026-01-30T17:37:06.263Z,GA 07 G 0680-PIL(QUICK RESPONSE VEHICLE),15.486505,73.8169917,0,STOP,At Fire Station panaji,Fire Station Pilerne
2026-01-30T17:37:06.263Z,GA07G2506 - OLG Mid Size (Water Tender),15.500312,73.914017,0,STOP,At Fire Station Old Goa,Fire Station Old Goa
2026-01-30T17:37:06.263Z,GA 07 G 5115-POR(MINI WATER TENDER),15.523012,73.829247,0,STOP,At Porvorim Fire Station,Fire Station Porvorim
2026-01-30T17:37:06.263Z,GA 07 G 0350-MRG(WATER TENDER),15.26939,73.970581,0,STOP,At Fire Station Margoa,Fire Station Margao
2026-01-30T17:37:06.263Z,GA 07 G 2900-MAP(MINI RESCUE TENDER),15.589847,73.808868,0,STOP,At Fire Station Mapusa,Fire Station Mapusa
2026-01-30T17:37:06.263Z,GA 07 G 7600-FFHQ(WATER BOUSER),15.487187,73.817146,0,STOP,"Caculo Mall, 16 Shanta, St Inez Rd, Caculo Enclave, Santa Inez, Panaji, Goa (NW)",Fire Force Headquarters
2026-01-30T17:37:06.263Z,GA 07 G 2002-FFHQ(TURN TABLE LADDER),15.487437,73.817352,0,STOP,"Caculo Mall, 16 Shanta, St Inez Rd, Caculo Enclave, Santa Inez, Panaji, Goa (NW)",Fire Force Headquarters
2026-01-30T17:37:06.263Z,GA 07 G 7101-FFHQ(WATER TENDER),15.486877,73.816963,0,STOP,"Caculo Mall, 16 Shanta, St Inez Rd, Caculo Enclave, Santa Inez, Panaji, Goa (NW)",Fire Force Headquarters
2026-01-30T17:37:06.263Z,GA 07 G 7677-FFHQ(EMERGENCY RESCUE),15.486953,73.817261,0,INACTIVE,"Caculo Mall, 16 Shanta, St Inez Rd, Caculo Enclave, Santa Inez, Panaji, Goa (NW)",Fire Force Headquarters
2026-01-30T17:37:06.263Z,GA 07 G 1121-PNJ(EMERGENCY RESCUE),15.487097,73.817223,0,STOP,"Caculo Mall, 16 Shanta, St Inez Rd, Caculo Enclave, Santa Inez, Panaji, Goa (NW)",Fire Station Panaji
2026-01-30T17:37:06.263Z,GA 07 G 1571-FFHQ(QUICK RESPONSE),15.486663,73.81739,0,STOP,"Caculo Mall, 16 Shanta, St Inez Rd, Caculo Enclave, Santa Inez, Panaji, Goa (NW)",Fire Force Headquarters
2026-01-30T17:37:06.263Z,GA 07 G 8101-MAP(WATER TENDER),15.590058,73.808762,0,STOP,At Fire Station Mapusa,Fire Station Mapusa
2026-01-30T17:37:06.263Z,GA 07 G 2317-MRG(EMERGENCY RESCUE TENDER),15.2693733,73.9700516,1,STOP,At Fire Station Margoa,Fire Station Margao
2026-01-30T17:37:06.263Z,GA 07 G 1570-VAS(QUICK RESPONSE FIRE TENDER),15.3887566,73.8513433,0,STOP,At Fire Station Vasco,Fire Station Vasco
2026-01-30T17:37:06.263Z,GA 07 G 4101-VAS(MS WATER TENDER),15.3888833,73.8513516,0,STOP,At Fire Station Vasco,Fire Station Vasco
2026-01-30T17:37:06.263Z,GA 07 G 0819-VAS(WATER/FOAM TENDER),15.3887567,73.85127,0,IDLE,At Fire Station Vasco,Fire Station Vasco
2026-01-30T17:37:06.263Z,GA 07 G 7100-MRG(WATER BOUSER),15.2695133,73.9702966,0,STOP,At Fire Station Margoa,Fire Station Margao
2026-01-30T17:37:06.263Z,GA 07 G 1568-MRG(QUICK RESPONSE ),15.2694166,73.9704266,0,STOP,At Fire Station Margoa,Fire Station Margao
2026-01-30T17:37:06.263Z,GA 07 G 6101-MRG(WATER TENDER),15.26936,73.9702883,0,STOP,At Fire Station Margoa,Fire Station Margao
2026-01-30T17:37:06.263Z,GA 07 G 1001-MRG(AERIAL LADDER PLATFORM),15.2695333,73.969905,0,INACTIVE,At Fire Station Margoa,Fire Station Margao
2026-01-30T17:37:06.263Z,GA 07 G 0820-BIC(WATER TEDNER),15.4027733,74.002805,0,STOP,At Fire Station Ponda ,Fire Station Bicholim
2026-01-30T17:37:06.263Z,GA 07 G 5101-OLG(MS WATER TENDER),15.5002983,73.9140383,0,STOP,At Fire Station Old Goa,Fire Station Old Goa
2026-01-30T17:37:06.263Z,GA 07 G 3101-BIC(MS WATER TENDER),15.589315,73.9468266,0,STOP,At Fire Station Bicholim ,Fire Station Bicholim
2026-01-30T17:37:06.263Z,GA 07 G 1941-BIC(QUICK RESPONSE),15.5894883,73.9467283,0,STOP,At Fire Station Bicholim ,Fire Station Bicholim
2026-01-30T17:37:06.263Z,GA 07 G 2319-VAS (EMERGENCY RESCUE TENDER),15.388815,73.8512783,0,STOP,At Fire Station Vasco,Fire Station Vasco
2026-01-30T17:37:06.263Z,GA 07 G 3737-VAP(WATER TENDER),15.53101,74.1386633,0,STOP,At Fire Station Valpoi ,Fire Station Valpoi
2026-01-30T17:37:06.263Z,GA 07 G 2318-PND(EMERGENCY RESCUE TENDER),15.402675,74.003035,0,STOP,At Fire Station Ponda ,Fire Station Ponda
2026-01-30T17:37:06.263Z,GA 07 G 2004-PND(QUICK RESPONSE),15.40267,74.00284,0,STOP,At Fire Station Ponda ,Fire Station Ponda
2026-01-30T17:37:06.263Z,GA 07 G 9101-PND(WATER TENDER),15.4243833,74.0469083,42,RUNNING,"SH 3, Tisk, Goa (SW)",Fire Station Ponda
2026-01-30T17:37:06.263Z,GA 07 G 9797-PND(WATER BOUSER),15.4027366,74.0028816,0,STOP,At Fire Station Ponda ,Fire Station Ponda
2026-01-30T17:37:06.263Z,GA 07 G 6363-CAN(WATER TENDER),15.0236416,74.0440433,0,STOP,"Canacona, The Lalitrajbaga ,Canacona, Canacona, Goa (NE)",Fire Station Canacona
2026-01-30T17:37:06.263Z,GA 07 G 1567-CAN(QUICK RESPONSE FT),15.0236833,74.0440666,0,STOP,"Canacona, The Lalitrajbaga ,Canacona, Canacona, Goa (NE)",Fire Station Canacona
2026-01-30T17:37:06.263Z,GA 07 G 1569-VRN(QUICK RESPONSE),15.369755,73.935465,0,STOP,At Fire Station Verna,Fire Station Verna
2026-01-30T17:37:06.263Z,GA 07 G 9909-VRN(ADVANCE MULTI-PURPOSE),15.3693883,73.9361083,0,STOP,At Fire Station Verna,Fire Station Verna
2026-01-30T17:37:06.263Z,GA 07 G 1942-VAP(QUICK RESPONSE),15.5310133,74.1387783,0,STOP,At Fire Station Valpoi ,Fire Station Valpoi
2026-01-30T17:37:06.263Z,GA 07 G 2003-CUR(QUICK RESPONSE),15.26046,74.1037433,0,STOP,At Fire Station Curchorem,Fire Station Curchorem
2026-01-30T17:37:06.263Z,GA 07 G 7447-CUR(EMERGENCY RESCUE),15.2604166,74.103735,0,STOP,At Fire Station Curchorem,Fire Station Curchorem
2026-01-30T17:37:06.263Z,GA 07 G 7557-CUR(WATER TENDER),15.2603916,74.1034266,0,STOP,At Fire Station Curchorem,Fire Station Curchorem
2026-01-30T17:37:06.263Z,GA 07 G 7667-CUR(WATER BOUSER),15.26036,74.103735,0,STOP,At Fire Station Curchorem,Fire Station Curchorem
2026-01-30T17:37:06.263Z,GA 07 G 4989-KUN(WATER TENDER),15.4628883,73.9726967,0,STOP,At Fire Station Kundaim,Fire Station Kundaim
2026-01-30T17:37:06.263Z,GA 07 G 2242-PIL(WATER TENDER),15.533075,73.7940172,0,STOP,At Fire Station Pilerne,Fire Station Pilerne
2026-01-30T17:37:06.263Z,GA 07 G 0681-MAP(QUICK RESPONSE),15.5898267,73.8086667,0,STOP,At Fire Station Mapusa,Fire Station Mapusa
2026-01-30T17:37:06.263Z,GA 07 G 2101-PER(MS WATER TENDER),15.7164428,73.7974983,0,STOP,At Fire Station Pernem,Fire Station Pernem
2026-01-30T17:37:06.263Z,GA 07 G 4600-PER(MINI RESCUE TENDER),15.7164817,73.7975244,0,STOP,At Fire Station Pernem,Fire Station Pernem
2026-01-30T17:37:06.263Z,GA 07 G 7272-PNJ(WATER TENDER),15.4869706,73.8172022,0,STOP,"Caculo Mall, 16 Shanta, St Inez Rd, Caculo Enclave, Santa Inez, Panaji, Goa (NW)",Fire Station Panaji
2026-01-30T17:37:06.263Z,GA07G2384-CAN(WATER TENDER),15.1862872,74.0210394,0,STOP,At Fire Station Cuncolim,Fire Station Cuncolim
2026-01-30T17:37:06.263Z,GA07G2507 - PER Mid Size (Water Tender),15.7164517,73.7974767,0,STOP,At Fire Station Pernem,Fire Station Pernem
2026-01-30T17:37:06.263Z,GA07G2505 - VAP Mid Size (Water Tender),15.4026267,74.0027833,0,STOP,At Fire Station Ponda ,Fire Station Valpoi
2026-01-30T17:37:06.263Z,GA07G2504 - BIC Mid Size (Water Tender),15.5895017,73.9465983,0,STOP,At Fire Station Bicholim ,Fire Station Bicholim
2026-01-30T17:37:06.263Z,GA07G2503- MAP Mid Size (Water Tender),15.5900233,73.80852,0,STOP,At Fire Station Mapusa,Fire Station Mapusa
2026-01-30T17:37:06.263Z,GA07G2502 - FFHQ Mid Size (Water Tender),15.4983317,73.819555,42,RUNNING,"Panaji INOX, Panaji, Goa (NW)",Fire Force Headquarters
2026-01-30T17:38:04.249Z,GA 07 G 0680-PIL(QUICK RESPONSE VEHICLE),15.486505,73.8169917,0,STOP,At Fire Station panaji,Fire Station Pilerne
2026-01-30T17:38:04.249Z,GA07G2506 - OLG Mid Size (Water Tender),15.500312,73.914017,0,STOP,At Fire Station Old Goa,Fire Station Old Goa
2026-01-30T17:38:04.249Z,GA 07 G 5115-POR(MINI WATER TENDER),15.523012,73.829247,0,STOP,At Porvorim Fire Station,Fire Station Porvorim
2026-01-30T17:38:04.249Z,GA 07 G 0350-MRG(WATER TENDER),15.26939,73.970581,0,STOP,At Fire Station Margoa,Fire Station Margao
2026-01-30T17:38:04.249Z,GA 07 G 2900-MAP(MINI RESCUE TENDER),15.589847,73.808868,0,STOP,At Fire Station Mapusa,Fire Station Mapusa
2026-01-30T17:38:04.249Z,GA 07 G 7600-FFHQ(WATER BOUSER),15.487187,73.817146,0,STOP,"Caculo Mall, 16 Shanta, St Inez Rd, Caculo Enclave, Santa Inez, Panaji, Goa (NW)",Fire Force Headquarters
2026-01-30T17:38:04.249Z,GA 07 G 2002-FFHQ(TURN TABLE LADDER),15.487437,73.817352,0,STOP,"Caculo Mall, 16 Shanta, St Inez Rd, Caculo Enclave, Santa Inez, Panaji, Goa (NW)",Fire Force Headquarters
2026-01-30T17:38:04.249Z,GA 07 G 7101-FFHQ(WATER TENDER),15.486877,73.816963,0,STOP,"Caculo Mall, 16 Shanta, St Inez Rd, Caculo Enclave, Santa Inez, Panaji, Goa (NW)",Fire Force Headquarters
2026-01-30T17:38:04.249Z,GA 07 G 7677-FFHQ(EMERGENCY RESCUE),15.486953,73.817261,0,INACTIVE,"Caculo Mall, 16 Shanta, St Inez Rd, Caculo Enclave, Santa Inez, Panaji, Goa (NW)",Fire Force Headquarters
2026-01-30T17:38:04.249Z,GA 07 G 1121-PNJ(EMERGENCY RESCUE),15.487097,73.817223,0,STOP,"Caculo Mall, 16 Shanta, St Inez Rd, Caculo Enclave, Santa Inez, Panaji, Goa (NW)",Fire Station Panaji
2026-01-30T17:38:04.249Z,GA 07 G 1571-FFHQ(QUICK RESPONSE),15.486663,73.81739,0,STOP,"Caculo Mall, 16 Shanta, St Inez Rd, Caculo Enclave, Santa Inez, Panaji, Goa (NW)",Fire Force Headquarters
2026-01-30T17:38:04.249Z,GA 07 G 8101-MAP(WATER TENDER),15.590058,73.808762,0,STOP,At Fire Station Mapusa,Fire Station Mapusa
2026-01-30T17:38:04.249Z,GA 07 G 2317-MRG(EMERGENCY RESCUE TENDER),15.2694216,73.9701166,1,STOP,At Fire Station Margoa,Fire Station Margao
2026-01-30T17:38:04.249Z,GA 07 G 1570-VAS(QUICK RESPONSE FIRE TENDER),15.3887566,73.8513433,0,STOP,At Fire Station Vasco,Fire Station Vasco
2026-01-30T17:38:04.249Z,GA 07 G 4101-VAS(MS WATER TENDER),15.3888833,73.8513516,0,STOP,At Fire Station Vasco,Fire Station Vasco
2026-01-30T17:38:04.249Z,GA 07 G 0819-VAS(WATER/FOAM TENDER),15.3887567,73.85127,0,IDLE,At Fire Station Vasco,Fire Station Vasco
2026-01-30T17:38:04.249Z,GA 07 G 7100-MRG(WATER BOUSER),15.2695133,73.9702966,0,STOP,At Fire Station Margoa,Fire Station Margao
2026-01-30T17:38:04.249Z,GA 07 G 1568-MRG(QUICK RESPONSE ),15.2694166,73.9704266,0,STOP,At Fire Station Margoa,Fire Station Margao
2026-01-30T17:38:04.249Z,GA 07 G 6101-MRG(WATER TENDER),15.26936,73.9702883,0,STOP,At Fire Station Margoa,Fire Station Margao
2026-01-30T17:38:04.249Z,GA 07 G 1001-MRG(AERIAL LADDER PLATFORM),15.2695333,73.969905,0,INACTIVE,At Fire Station Margoa,Fire Station Margao
2026-01-30T17:38:04.249Z,GA 07 G 0820-BIC(WATER TEDNER),15.4027733,74.002805,0,STOP,At Fire Station Ponda ,Fire Station Bicholim
2026-01-30T17:38:04.249Z,GA 07 G 5101-OLG(MS WATER TENDER),15.5002983,73.9140383,0,STOP,At Fire Station Old Goa,Fire Station Old Goa
2026-01-30T17:38:04.249Z,GA 07 G 3101-BIC(MS WATER TENDER),15.589315,73.9468266,0,STOP,At Fire Station Bicholim ,Fire Station Bicholim
2026-01-30T17:38:04.249Z,GA 07 G 1941-BIC(QUICK RESPONSE),15.5894883,73.9467283,0,STOP,At Fire Station Bicholim ,Fire Station Bicholim
2026-01-30T17:38:04.249Z,GA 07 G 2319-VAS (EMERGENCY RESCUE TENDER),15.388815,73.8512783,0,STOP,At Fire Station Vasco,Fire Station Vasco
2026-01-30T17:38:04.249Z,GA 07 G 3737-VAP(WATER TENDER),15.53101,74.1386633,0,STOP,At Fire Station Valpoi ,Fire Station Valpoi
2026-01-30T17:38:04.249Z,GA 07 G 2318-PND(EMERGENCY RESCUE TENDER),15.402675,74.003035,0,STOP,At Fire Station Ponda ,Fire Station Ponda
2026-01-30T17:38:04.249Z,GA 07 G 2004-PND(QUICK RESPONSE),15.40267,74.00284,0,STOP,At Fire Station Ponda ,Fire Station Ponda
2026-01-30T17:38:04.249Z,GA 07 G 9101-PND(WATER TENDER),15.4212516,74.0415616,34,RUNNING,"Holy Cross Chapel, khandepar, Ponda, Goa (SE)",Fire Station Ponda
2026-01-30T17:38:04.249Z,GA 07 G 9797-PND(WATER BOUSER),15.4027366,74.0028816,0,STOP,At Fire Station Ponda ,Fire Station Ponda
2026-01-30T17:38:04.249Z,GA 07 G 6363-CAN(WATER TENDER),15.0236416,74.0440433,0,STOP,"Canacona, The Lalitrajbaga ,Canacona, Canacona, Goa (NE)",Fire Station Canacona
2026-01-30T17:38:04.249Z,GA 07 G 1567-CAN(QUICK RESPONSE FT),15.0236833,74.0440666,0,STOP,"Canacona, The Lalitrajbaga ,Canacona, Canacona, Goa (NE)",Fire Station Canacona
2026-01-30T17:38:04.249Z,GA 07 G 1569-VRN(QUICK RESPONSE),15.369755,73.935465,0,STOP,At Fire Station Verna,Fire Station Verna
2026-01-30T17:38:04.249Z,GA 07 G 9909-VRN(ADVANCE MULTI-PURPOSE),15.3693883,73.9361083,0,STOP,At Fire Station Verna,Fire Station Verna
2026-01-30T17:38:04.249Z,GA 07 G 1942-VAP(QUICK RESPONSE),15.5310133,74.1387783,0,STOP,At Fire Station Valpoi ,Fire Station Valpoi
2026-01-30T17:38:04.249Z,GA 07 G 2003-CUR(QUICK RESPONSE),15.26046,74.1037433,0,STOP,At Fire Station Curchorem,Fire Station Curchorem
2026-01-30T17:38:04.249Z,GA 07 G 7447-CUR(EMERGENCY RESCUE),15.2604166,74.103735,0,STOP,At Fire Station Curchorem,Fire Station Curchorem
2026-01-30T17:38:04.249Z,GA 07 G 7557-CUR(WATER TENDER),15.2603916,74.1034266,0,STOP,At Fire Station Curchorem,Fire Station Curchorem
2026-01-30T17:38:04.249Z,GA 07 G 7667-CUR(WATER BOUSER),15.26036,74.103735,0,STOP,At Fire Station Curchorem,Fire Station Curchorem
2026-01-30T17:38:04.249Z,GA 07 G 4989-KUN(WATER TENDER),15.4628883,73.9726967,0,STOP,At Fire Station Kundaim,Fire Station Kundaim
2026-01-30T17:38:04.249Z,GA 07 G 2242-PIL(WATER TENDER),15.533075,73.7940172,0,STOP,At Fire Station Pilerne,Fire Station Pilerne
2026-01-30T17:38:04.249Z,GA 07 G 0681-MAP(QUICK RESPONSE),15.5898267,73.8086667,0,STOP,At Fire Station Mapusa,Fire Station Mapusa
2026-01-30T17:38:04.249Z,GA 07 G 2101-PER(MS WATER TENDER),15.7164428,73.7974983,0,STOP,At Fire Station Pernem,Fire Station Pernem
2026-01-30T17:38:04.249Z,GA 07 G 4600-PER(MINI RESCUE TENDER),15.7164817,73.7975244,0,STOP,At Fire Station Pernem,Fire Station Pernem
2026-01-30T17:38:04.249Z,GA 07 G 7272-PNJ(WATER TENDER),15.4869706,73.8172022,0,STOP,"Caculo Mall, 16 Shanta, St Inez Rd, Caculo Enclave, Santa Inez, Panaji, Goa (NW)",Fire Station Panaji
2026-01-30T17:38:04.249Z,GA07G2384-CAN(WATER TENDER),15.1862872,74.0210394,0,STOP,At Fire Station Cuncolim,Fire Station Cuncolim
2026-01-30T17:38:04.249Z,GA07G2507 - PER Mid Size (Water Tender),15.7164517,73.7974767,0,STOP,At Fire Station Pernem,Fire Station Pernem
2026-01-30T17:38:04.249Z,GA07G2505 - VAP Mid Size (Water Tender),15.4026267,74.0027833,0,STOP,At Fire Station Ponda ,Fire Station Valpoi
2026-01-30T17:38:04.249Z,GA07G2504 - BIC Mid Size (Water Tender),15.5895017,73.9465983,0,STOP,At Fire Station Bicholim ,Fire Station Bicholim
2026-01-30T17:38:04.249Z,GA07G2503- MAP Mid Size (Water Tender),15.5900233,73.80852,0,STOP,At Fire Station Mapusa,Fire Station Mapusa
2026-01-30T17:38:04.249Z,GA07G2502 - FFHQ Mid Size (Water Tender),15.4928367,73.8177,55,RUNNING,"Dayanand Bandodkar Marg, Panaji, Goa (SW)",Fire Force Headquarters
2026-01-30T17:39:31.763Z,GA 07 G 0680-PIL(QUICK RESPONSE VEHICLE),15.486505,73.8169917,0,STOP,At Fire Station panaji,Fire Station Pilerne
2026-01-30T17:39:31.763Z,GA07G2506 - OLG Mid Size (Water Tender),15.500312,73.914017,0,STOP,At Fire Station Old Goa,Fire Station Old Goa
2026-01-30T17:39:31.763Z,GA 07 G 5115-POR(MINI WATER TENDER),15.523012,73.829247,0,STOP,At Porvorim Fire Station,Fire Station Porvorim
2026-01-30T17:39:31.763Z,GA 07 G 0350-MRG(WATER TENDER),15.26939,73.970581,0,STOP,At Fire Station Margoa,Fire Station Margao
2026-01-30T17:39:31.763Z,GA 07 G 2900-MAP(MINI RESCUE TENDER),15.589847,73.808868,0,STOP,At Fire Station Mapusa,Fire Station Mapusa
2026-01-30T17:39:31.763Z,GA 07 G 7600-FFHQ(WATER BOUSER),15.487187,73.817146,0,STOP,"Caculo Mall, 16 Shanta, St Inez Rd, Caculo Enclave, Santa Inez, Panaji, Goa (NW)",Fire Force Headquarters
2026-01-30T17:39:31.763Z,GA 07 G 2002-FFHQ(TURN TABLE LADDER),15.487437,73.817352,0,STOP,"Caculo Mall, 16 Shanta, St Inez Rd, Caculo Enclave, Santa Inez, Panaji, Goa (NW)",Fire Force Headquarters
2026-01-30T17:39:31.763Z,GA 07 G 7101-FFHQ(WATER TENDER),15.486877,73.816963,0,STOP,"Caculo Mall, 16 Shanta, St Inez Rd, Caculo Enclave, Santa Inez, Panaji, Goa (NW)",Fire Force Headquarters
2026-01-30T17:39:31.763Z,GA 07 G 7677-FFHQ(EMERGENCY RESCUE),15.486953,73.817261,0,INACTIVE,"Caculo Mall, 16 Shanta, St Inez Rd, Caculo Enclave, Santa Inez, Panaji, Goa (NW)",Fire Force Headquarters
2026-01-30T17:39:31.763Z,GA 07 G 1121-PNJ(EMERGENCY RESCUE),15.487097,73.817223,0,STOP,"Caculo Mall, 16 Shanta, St Inez Rd, Caculo Enclave, Santa Inez, Panaji, Goa (NW)",Fire Station Panaji
2026-01-30T17:39:31.763Z,GA 07 G 1571-FFHQ(QUICK RESPONSE),15.486663,73.81739,0,STOP,"Caculo Mall, 16 Shanta, St Inez Rd, Caculo Enclave, Santa Inez, Panaji, Goa (NW)",Fire Force Headquarters
2026-01-30T17:39:31.763Z,GA 07 G 8101-MAP(WATER TENDER),15.590058,73.808762,0,STOP,At Fire Station Mapusa,Fire Station Mapusa
2026-01-30T17:39:31.763Z,GA 07 G 2317-MRG(EMERGENCY RESCUE TENDER),15.2694233,73.970215,1,STOP,At Fire Station Margoa,Fire Station Margao
2026-01-30T17:39:31.763Z,GA 07 G 1570-VAS(QUICK RESPONSE FIRE TENDER),15.3887566,73.8513433,0,STOP,At Fire Station Vasco,Fire Station Vasco
2026-01-30T17:39:31.763Z,GA 07 G 4101-VAS(MS WATER TENDER),15.3888833,73.8513516,0,STOP,At Fire Station Vasco,Fire Station Vasco
2026-01-30T17:39:31.763Z,GA 07 G 0819-VAS(WATER/FOAM TENDER),15.3887567,73.85127,0,IDLE,At Fire Station Vasco,Fire Station Vasco
2026-01-30T17:39:31.763Z,GA 07 G 7100-MRG(WATER BOUSER),15.2695133,73.9702966,0,STOP,At Fire Station Margoa,Fire Station Margao
2026-01-30T17:39:31.763Z,GA 07 G 1568-MRG(QUICK RESPONSE ),15.2694166,73.9704266,0,STOP,At Fire Station Margoa,Fire Station Margao
2026-01-30T17:39:31.763Z,GA 07 G 6101-MRG(WATER TENDER),15.26936,73.9702883,0,STOP,At Fire Station Margoa,Fire Station Margao
2026-01-30T17:39:31.763Z,GA 07 G 1001-MRG(AERIAL LADDER PLATFORM),15.2695333,73.969905,0,INACTIVE,At Fire Station Margoa,Fire Station Margao
2026-01-30T17:39:31.763Z,GA 07 G 0820-BIC(WATER TEDNER),15.4027733,74.002805,0,STOP,At Fire Station Ponda ,Fire Station Bicholim
2026-01-30T17:39:31.763Z,GA 07 G 5101-OLG(MS WATER TENDER),15.5002983,73.9140383,0,STOP,At Fire Station Old Goa,Fire Station Old Goa
2026-01-30T17:39:31.763Z,GA 07 G 3101-BIC(MS WATER TENDER),15.589315,73.9468266,0,STOP,At Fire Station Bicholim ,Fire Station Bicholim
2026-01-30T17:39:31.763Z,GA 07 G 1941-BIC(QUICK RESPONSE),15.5894883,73.9467283,0,STOP,At Fire Station Bicholim ,Fire Station Bicholim
2026-01-30T17:39:31.763Z,GA 07 G 2319-VAS (EMERGENCY RESCUE TENDER),15.388815,73.8512783,0,STOP,At Fire Station Vasco,Fire Station Vasco
2026-01-30T17:39:31.763Z,GA 07 G 3737-VAP(WATER TENDER),15.53101,74.1386633,0,STOP,At Fire Station Valpoi ,Fire Station Valpoi
2026-01-30T17:39:31.763Z,GA 07 G 2318-PND(EMERGENCY RESCUE TENDER),15.402675,74.003035,0,STOP,At Fire Station Ponda ,Fire Station Ponda
2026-01-30T17:39:31.763Z,GA 07 G 2004-PND(QUICK RESPONSE),15.40267,74.00284,0,STOP,At Fire Station Ponda ,Fire Station Ponda
2026-01-30T17:39:31.763Z,GA 07 G 9101-PND(WATER TENDER),15.4157816,74.0358483,33,RUNNING,"SH 3, Candepar, Goa (SW)",Fire Station Ponda
2026-01-30T17:39:31.763Z,GA 07 G 9797-PND(WATER BOUSER),15.4027366,74.0028816,0,STOP,At Fire Station Ponda ,Fire Station Ponda
2026-01-30T17:39:31.763Z,GA 07 G 6363-CAN(WATER TENDER),15.0236416,74.0440433,0,STOP,"Canacona, The Lalitrajbaga ,Canacona, Canacona, Goa (NE)",Fire Station Canacona
2026-01-30T17:39:31.763Z,GA 07 G 1567-CAN(QUICK RESPONSE FT),15.0236833,74.0440666,0,STOP,"Canacona, The Lalitrajbaga ,Canacona, Canacona, Goa (NE)",Fire Station Canacona
2026-01-30T17:39:31.763Z,GA 07 G 1569-VRN(QUICK RESPONSE),15.369755,73.935465,0,STOP,At Fire Station Verna,Fire Station Verna
2026-01-30T17:39:31.763Z,GA 07 G 9909-VRN(ADVANCE MULTI-PURPOSE),15.3693883,73.9361083,0,STOP,At Fire Station Verna,Fire Station Verna
2026-01-30T17:39:31.763Z,GA 07 G 1942-VAP(QUICK RESPONSE),15.5310133,74.1387783,0,STOP,At Fire Station Valpoi ,Fire Station Valpoi
2026-01-30T17:39:31.763Z,GA 07 G 2003-CUR(QUICK RESPONSE),15.26046,74.1037433,0,STOP,At Fire Station Curchorem,Fire Station Curchorem
2026-01-30T17:39:31.763Z,GA 07 G 7447-CUR(EMERGENCY RESCUE),15.2604166,74.103735,0,STOP,At Fire Station Curchorem,Fire Station Curchorem
2026-01-30T17:39:31.763Z,GA 07 G 7557-CUR(WATER TENDER),15.2603916,74.1034266,0,STOP,At Fire Station Curchorem,Fire Station Curchorem
2026-01-30T17:39:31.763Z,GA 07 G 7667-CUR(WATER BOUSER),15.26036,74.103735,0,STOP,At Fire Station Curchorem,Fire Station Curchorem
2026-01-30T17:39:31.763Z,GA 07 G 4989-KUN(WATER TENDER),15.4628883,73.9726967,0,STOP,At Fire Station Kundaim,Fire Station Kundaim
2026-01-30T17:39:31.763Z,GA 07 G 2242-PIL(WATER TENDER),15.533075,73.7940172,0,STOP,At Fire Station Pilerne,Fire Station Pilerne
2026-01-30T17:39:31.763Z,GA 07 G 0681-MAP(QUICK RESPONSE),15.5898267,73.8086667,0,STOP,At Fire Station Mapusa,Fire Station Mapusa
2026-01-30T17:39:31.763Z,GA 07 G 2101-PER(MS WATER TENDER),15.7164428,73.7974983,0,STOP,At Fire Station Pernem,Fire Station Pernem
2026-01-30T17:39:31.763Z,GA 07 G 4600-PER(MINI RESCUE TENDER),15.7164817,73.7975244,0,STOP,At Fire Station Pernem,Fire Station Pernem
2026-01-30T17:39:31.763Z,GA 07 G 7272-PNJ(WATER TENDER),15.4869706,73.8172022,0,STOP,"Caculo Mall, 16 Shanta, St Inez Rd, Caculo Enclave, Santa Inez, Panaji, Goa (NW)",Fire Station Panaji
2026-01-30T17:39:31.763Z,GA07G2384-CAN(WATER TENDER),15.1862872,74.0210394,0,STOP,At Fire Station Cuncolim,Fire Station Cuncolim
2026-01-30T17:39:31.763Z,GA07G2507 - PER Mid Size (Water Tender),15.7164517,73.7974767,0,STOP,At Fire Station Pernem,Fire Station Pernem
2026-01-30T17:39:31.763Z,GA07G2505 - VAP Mid Size (Water Tender),15.4026267,74.0027833,0,STOP,At Fire Station Ponda ,Fire Station Valpoi
2026-01-30T17:39:31.763Z,GA07G2504 - BIC Mid Size (Water Tender),15.5895017,73.9465983,0,STOP,At Fire Station Bicholim ,Fire Station Bicholim
2026-01-30T17:39:31.763Z,GA07G2503- MAP Mid Size (Water Tender),15.5900233,73.80852,0,STOP,At Fire Station Mapusa,Fire Station Mapusa
2026-01-30T17:39:31.763Z,GA07G2502 - FFHQ Mid Size (Water Tender),15.487055,73.8177083,18,RUNNING,"Caculo Mall, 16 Shanta, St Inez Rd, Caculo Enclave, Santa Inez, Panaji, Goa (NW)",Fire Force Headquarters
2026-01-30T17:41:04.071Z,GA 07 G 0680-PIL(QUICK RESPONSE VEHICLE),15.486505,73.8169917,0,STOP,At Fire Station panaji,Fire Station Pilerne
2026-01-30T17:41:04.071Z,GA07G2506 - OLG Mid Size (Water Tender),15.500312,73.914017,0,STOP,At Fire Station Old Goa,Fire Station Old Goa
2026-01-30T17:41:04.071Z,GA 07 G 5115-POR(MINI WATER TENDER),15.523012,73.829247,0,STOP,At Porvorim Fire Station,Fire Station Porvorim
2026-01-30T17:41:04.071Z,GA 07 G 0350-MRG(WATER TENDER),15.26939,73.970581,0,STOP,At Fire Station Margoa,Fire Station Margao
2026-01-30T17:41:04.071Z,GA 07 G 2900-MAP(MINI RESCUE TENDER),15.589847,73.808868,0,STOP,At Fire Station Mapusa,Fire Station Mapusa
2026-01-30T17:41:04.071Z,GA 07 G 7600-FFHQ(WATER BOUSER),15.487187,73.817146,0,STOP,"Caculo Mall, 16 Shanta, St Inez Rd, Caculo Enclave, Santa Inez, Panaji, Goa (NW)",Fire Force Headquarters
2026-01-30T17:41:04.071Z,GA 07 G 2002-FFHQ(TURN TABLE LADDER),15.487437,73.817352,0,STOP,"Caculo Mall, 16 Shanta, St Inez Rd, Caculo Enclave, Santa Inez, Panaji, Goa (NW)",Fire Force Headquarters
2026-01-30T17:41:04.071Z,GA 07 G 7101-FFHQ(WATER TENDER),15.486877,73.816963,0,STOP,"Caculo Mall, 16 Shanta, St Inez Rd, Caculo Enclave, Santa Inez, Panaji, Goa (NW)",Fire Force Headquarters
2026-01-30T17:41:04.071Z,GA 07 G 7677-FFHQ(EMERGENCY RESCUE),15.486953,73.817261,0,INACTIVE,"Caculo Mall, 16 Shanta, St Inez Rd, Caculo Enclave, Santa Inez, Panaji, Goa (NW)",Fire Force Headquarters
2026-01-30T17:41:04.071Z,GA 07 G 1121-PNJ(EMERGENCY RESCUE),15.487097,73.817223,0,STOP,"Caculo Mall, 16 Shanta, St Inez Rd, Caculo Enclave, Santa Inez, Panaji, Goa (NW)",Fire Station Panaji
2026-01-30T17:41:04.071Z,GA 07 G 1571-FFHQ(QUICK RESPONSE),15.486663,73.81739,0,STOP,"Caculo Mall, 16 Shanta, St Inez Rd, Caculo Enclave, Santa Inez, Panaji, Goa (NW)",Fire Force Headquarters
2026-01-30T17:41:04.071Z,GA 07 G 8101-MAP(WATER TENDER),15.590058,73.808762,0,STOP,At Fire Station Mapusa,Fire Station Mapusa
2026-01-30T17:41:04.071Z,GA 07 G 2317-MRG(EMERGENCY RESCUE TENDER),15.2695266,73.9700433,4,STOP,At Fire Station Margoa,Fire Station Margao
2026-01-30T17:41:04.071Z,GA 07 G 1570-VAS(QUICK RESPONSE FIRE TENDER),15.3887566,73.8513433,0,STOP,At Fire Station Vasco,Fire Station Vasco
2026-01-30T17:41:04.071Z,GA 07 G 4101-VAS(MS WATER TENDER),15.3888833,73.8513516,0,STOP,At Fire Station Vasco,Fire Station Vasco
2026-01-30T17:41:04.071Z,GA 07 G 0819-VAS(WATER/FOAM TENDER),15.3887567,73.85127,0,IDLE,At Fire Station Vasco,Fire Station Vasco
2026-01-30T17:41:04.071Z,GA 07 G 7100-MRG(WATER BOUSER),15.2695133,73.9702966,0,STOP,At Fire Station Margoa,Fire Station Margao
2026-01-30T17:41:04.071Z,GA 07 G 1568-MRG(QUICK RESPONSE ),15.2694166,73.9704266,0,STOP,At Fire Station Margoa,Fire Station Margao
2026-01-30T17:41:04.071Z,GA 07 G 6101-MRG(WATER TENDER),15.26936,73.9702883,0,STOP,At Fire Station Margoa,Fire Station Margao
2026-01-30T17:41:04.071Z,GA 07 G 1001-MRG(AERIAL LADDER PLATFORM),15.2695333,73.969905,0,INACTIVE,At Fire Station Margoa,Fire Station Margao
2026-01-30T17:41:04.071Z,GA 07 G 0820-BIC(WATER TEDNER),15.4027733,74.002805,0,STOP,At Fire Station Ponda ,Fire Station Bicholim
2026-01-30T17:41:04.071Z,GA 07 G 5101-OLG(MS WATER TENDER),15.5002983,73.9140383,0,STOP,At Fire Station Old Goa,Fire Station Old Goa
2026-01-30T17:41:04.071Z,GA 07 G 3101-BIC(MS WATER TENDER),15.589315,73.9468266,0,STOP,At Fire Station Bicholim ,Fire Station Bicholim
2026-01-30T17:41:04.071Z,GA 07 G 1941-BIC(QUICK RESPONSE),15.5894883,73.9467283,0,STOP,At Fire Station Bicholim ,Fire Station Bicholim
2026-01-30T17:41:04.071Z,GA 07 G 2319-VAS (EMERGENCY RESCUE TENDER),15.388815,73.8512783,0,STOP,At Fire Station Vasco,Fire Station Vasco
2026-01-30T17:41:04.071Z,GA 07 G 3737-VAP(WATER TENDER),15.53101,74.1386633,0,STOP,At Fire Station Valpoi ,Fire Station Valpoi
2026-01-30T17:41:04.071Z,GA 07 G 2318-PND(EMERGENCY RESCUE TENDER),15.402675,74.003035,0,STOP,At Fire Station Ponda ,Fire Station Ponda
2026-01-30T17:41:04.071Z,GA 07 G 2004-PND(QUICK RESPONSE),15.40267,74.00284,0,STOP,At Fire Station Ponda ,Fire Station Ponda
2026-01-30T17:41:04.071Z,GA 07 G 9101-PND(WATER TENDER),15.4116216,74.0262283,48,RUNNING,"Curti, Curti, Ponda, Goa (NE)",Fire Station Ponda
2026-01-30T17:41:04.071Z,GA 07 G 9797-PND(WATER BOUSER),15.4027366,74.0028816,0,STOP,At Fire Station Ponda ,Fire Station Ponda
2026-01-30T17:41:04.071Z,GA 07 G 6363-CAN(WATER TENDER),15.0236416,74.0440433,0,STOP,"Canacona, The Lalitrajbaga ,Canacona, Canacona, Goa (NE)",Fire Station Canacona
2026-01-30T17:41:04.071Z,GA 07 G 1567-CAN(QUICK RESPONSE FT),15.0236833,74.0440666,0,STOP,"Canacona, The Lalitrajbaga ,Canacona, Canacona, Goa (NE)",Fire Station Canacona
2026-01-30T17:41:04.071Z,GA 07 G 1569-VRN(QUICK RESPONSE),15.369755,73.935465,0,STOP,At Fire Station Verna,Fire Station Verna
2026-01-30T17:41:04.071Z,GA 07 G 9909-VRN(ADVANCE MULTI-PURPOSE),15.3693883,73.9361083,0,STOP,At Fire Station Verna,Fire Station Verna
2026-01-30T17:41:04.071Z,GA 07 G 1942-VAP(QUICK RESPONSE),15.5310133,74.1387783,0,STOP,At Fire Station Valpoi ,Fire Station Valpoi
2026-01-30T17:41:04.071Z,GA 07 G 2003-CUR(QUICK RESPONSE),15.26046,74.1037433,0,STOP,At Fire Station Curchorem,Fire Station Curchorem
2026-01-30T17:41:04.071Z,GA 07 G 7447-CUR(EMERGENCY RESCUE),15.2604166,74.103735,0,STOP,At Fire Station Curchorem,Fire Station Curchorem
2026-01-30T17:41:04.071Z,GA 07 G 7557-CUR(WATER TENDER),15.2603916,74.1034266,0,STOP,At Fire Station Curchorem,Fire Station Curchorem
2026-01-30T17:41:04.071Z,GA 07 G 7667-CUR(WATER BOUSER),15.26036,74.103735,0,STOP,At Fire Station Curchorem,Fire Station Curchorem
2026-01-30T17:41:04.071Z,GA 07 G 4989-KUN(WATER TENDER),15.4628883,73.9726967,0,STOP,At Fire Station Kundaim,Fire Station Kundaim
2026-01-30T17:41:04.071Z,GA 07 G 2242-PIL(WATER TENDER),15.533075,73.7940172,0,STOP,At Fire Station Pilerne,Fire Station Pilerne
2026-01-30T17:41:04.071Z,GA 07 G 0681-MAP(QUICK RESPONSE),15.5898267,73.8086667,0,STOP,At Fire Station Mapusa,Fire Station Mapusa
2026-01-30T17:41:04.071Z,GA 07 G 2101-PER(MS WATER TENDER),15.7164428,73.7974983,0,STOP,At Fire Station Pernem,Fire Station Pernem
2026-01-30T17:41:04.071Z,GA 07 G 4600-PER(MINI RESCUE TENDER),15.7164817,73.7975244,0,STOP,At Fire Station Pernem,Fire Station Pernem
2026-01-30T17:41:04.071Z,GA 07 G 7272-PNJ(WATER TENDER),15.4869706,73.8172022,0,STOP,"Caculo Mall, 16 Shanta, St Inez Rd, Caculo Enclave, Santa Inez, Panaji, Goa (NW)",Fire Station Panaji
2026-01-30T17:41:04.071Z,GA07G2384-CAN(WATER TENDER),15.1862872,74.0210394,0,STOP,At Fire Station Cuncolim,Fire Station Cuncolim
2026-01-30T17:41:04.071Z,GA07G2507 - PER Mid Size (Water Tender),15.7164517,73.7974767,0,STOP,At Fire Station Pernem,Fire Station Pernem
2026-01-30T17:41:04.071Z,GA07G2505 - VAP Mid Size (Water Tender),15.4026267,74.0027833,0,STOP,At Fire Station Ponda ,Fire Station Valpoi
2026-01-30T17:41:04.071Z,GA07G2504 - BIC Mid Size (Water Tender),15.5895017,73.9465983,0,STOP,At Fire Station Bicholim ,Fire Station Bicholim
2026-01-30T17:41:04.071Z,GA07G2503- MAP Mid Size (Water Tender),15.5900233,73.80852,0,STOP,At Fire Station Mapusa,Fire Station Mapusa
2026-01-30T17:41:04.071Z,GA07G2502 - FFHQ Mid Size (Water Tender),15.48706,73.8171217,12,RUNNING,"Caculo Mall, 16 Shanta, St Inez Rd, Caculo Enclave, Santa Inez, Panaji, Goa (NW)",Fire Force Headquarters
2026-01-30T17:42:32.462Z,GA 07 G 0680-PIL(QUICK RESPONSE VEHICLE),15.486505,73.8169917,0,STOP,At Fire Station panaji,Fire Station Pilerne
2026-01-30T17:42:32.462Z,GA07G2506 - OLG Mid Size (Water Tender),15.500312,73.914017,0,STOP,At Fire Station Old Goa,Fire Station Old Goa
2026-01-30T17:42:32.462Z,GA 07 G 5115-POR(MINI WATER TENDER),15.523012,73.829247,0,STOP,At Porvorim Fire Station,Fire Station Porvorim
2026-01-30T17:42:32.462Z,GA 07 G 0350-MRG(WATER TENDER),15.26939,73.970581,0,STOP,At Fire Station Margoa,Fire Station Margao
2026-01-30T17:42:32.462Z,GA 07 G 2900-MAP(MINI RESCUE TENDER),15.589847,73.808868,0,STOP,At Fire Station Mapusa,Fire Station Mapusa
2026-01-30T17:42:32.462Z,GA 07 G 7600-FFHQ(WATER BOUSER),15.487187,73.817146,0,STOP,"Caculo Mall, 16 Shanta, St Inez Rd, Caculo Enclave, Santa Inez, Panaji, Goa (NW)",Fire Force Headquarters
2026-01-30T17:42:32.462Z,GA 07 G 2002-FFHQ(TURN TABLE LADDER),15.487437,73.817352,0,STOP,"Caculo Mall, 16 Shanta, St Inez Rd, Caculo Enclave, Santa Inez, Panaji, Goa (NW)",Fire Force Headquarters
2026-01-30T17:42:32.462Z,GA 07 G 7101-FFHQ(WATER TENDER),15.486877,73.816963,0,STOP,"Caculo Mall, 16 Shanta, St Inez Rd, Caculo Enclave, Santa Inez, Panaji, Goa (NW)",Fire Force Headquarters
2026-01-30T17:42:32.462Z,GA 07 G 7677-FFHQ(EMERGENCY RESCUE),15.486953,73.817261,0,INACTIVE,"Caculo Mall, 16 Shanta, St Inez Rd, Caculo Enclave, Santa Inez, Panaji, Goa (NW)",Fire Force Headquarters
2026-01-30T17:42:32.462Z,GA 07 G 1121-PNJ(EMERGENCY RESCUE),15.487097,73.817223,0,STOP,"Caculo Mall, 16 Shanta, St Inez Rd, Caculo Enclave, Santa Inez, Panaji, Goa (NW)",Fire Station Panaji
2026-01-30T17:42:32.462Z,GA 07 G 1571-FFHQ(QUICK RESPONSE),15.486663,73.81739,0,STOP,"Caculo Mall, 16 Shanta, St Inez Rd, Caculo Enclave, Santa Inez, Panaji, Goa (NW)",Fire Force Headquarters
2026-01-30T17:42:32.462Z,GA 07 G 8101-MAP(WATER TENDER),15.590058,73.808762,0,STOP,At Fire Station Mapusa,Fire Station Mapusa
2026-01-30T17:42:32.462Z,GA 07 G 2317-MRG(EMERGENCY RESCUE TENDER),15.269515,73.97002,1,STOP,At Fire Station Margoa,Fire Station Margao
2026-01-30T17:42:32.462Z,GA 07 G 1570-VAS(QUICK RESPONSE FIRE TENDER),15.3887566,73.8513433,0,STOP,At Fire Station Vasco,Fire Station Vasco
2026-01-30T17:42:32.462Z,GA 07 G 4101-VAS(MS WATER TENDER),15.3888833,73.8513516,0,STOP,At Fire Station Vasco,Fire Station Vasco
2026-01-30T17:42:32.462Z,GA 07 G 0819-VAS(WATER/FOAM TENDER),15.3887567,73.85127,0,IDLE,At Fire Station Vasco,Fire Station Vasco
2026-01-30T17:42:32.462Z,GA 07 G 7100-MRG(WATER BOUSER),15.2695133,73.9702966,0,STOP,At Fire Station Margoa,Fire Station Margao
2026-01-30T17:42:32.462Z,GA 07 G 1568-MRG(QUICK RESPONSE ),15.2694166,73.9704266,0,STOP,At Fire Station Margoa,Fire Station Margao
2026-01-30T17:42:32.462Z,GA 07 G 6101-MRG(WATER TENDER),15.26936,73.9702883,0,STOP,At Fire Station Margoa,Fire Station Margao
2026-01-30T17:42:32.462Z,GA 07 G 1001-MRG(AERIAL LADDER PLATFORM),15.2695333,73.969905,0,INACTIVE,At Fire Station Margoa,Fire Station Margao
2026-01-30T17:42:32.462Z,GA 07 G 0820-BIC(WATER TEDNER),15.4027733,74.002805,0,STOP,At Fire Station Ponda ,Fire Station Bicholim
2026-01-30T17:42:32.462Z,GA 07 G 5101-OLG(MS WATER TENDER),15.5002983,73.9140383,0,STOP,At Fire Station Old Goa,Fire Station Old Goa
2026-01-30T17:42:32.462Z,GA 07 G 3101-BIC(MS WATER TENDER),15.589315,73.9468266,0,STOP,At Fire Station Bicholim ,Fire Station Bicholim
2026-01-30T17:42:32.462Z,GA 07 G 1941-BIC(QUICK RESPONSE),15.5894883,73.9467283,0,STOP,At Fire Station Bicholim ,Fire Station Bicholim
2026-01-30T17:42:32.462Z,GA 07 G 2319-VAS (EMERGENCY RESCUE TENDER),15.388815,73.8512783,0,STOP,At Fire Station Vasco,Fire Station Vasco
2026-01-30T17:42:32.462Z,GA 07 G 3737-VAP(WATER TENDER),15.53101,74.1386633,0,STOP,At Fire Station Valpoi ,Fire Station Valpoi
2026-01-30T17:42:32.462Z,GA 07 G 2318-PND(EMERGENCY RESCUE TENDER),15.402675,74.003035,0,STOP,At Fire Station Ponda ,Fire Station Ponda
2026-01-30T17:42:32.462Z,GA 07 G 2004-PND(QUICK RESPONSE),15.40267,74.00284,0,STOP,At Fire Station Ponda ,Fire Station Ponda
2026-01-30T17:42:32.462Z,GA 07 G 9101-PND(WATER TENDER),15.4084466,74.0158283,41,RUNNING,"Goa Dairy, Curti, Jayceenagar, Ponda, Goa (SE)",Fire Station Ponda
2026-01-30T17:42:32.462Z,GA 07 G 9797-PND(WATER BOUSER),15.4027366,74.0028816,0,STOP,At Fire Station Ponda ,Fire Station Ponda
2026-01-30T17:42:32.462Z,GA 07 G 6363-CAN(WATER TENDER),15.0236416,74.0440433,0,STOP,"Canacona, The Lalitrajbaga ,Canacona, Canacona, Goa (NE)",Fire Station Canacona
2026-01-30T17:42:32.462Z,GA 07 G 1567-CAN(QUICK RESPONSE FT),15.0236833,74.0440666,0,STOP,"Canacona, The Lalitrajbaga ,Canacona, Canacona, Goa (NE)",Fire Station Canacona
2026-01-30T17:42:32.462Z,GA 07 G 1569-VRN(QUICK RESPONSE),15.369755,73.935465,0,STOP,At Fire Station Verna,Fire Station Verna
2026-01-30T17:42:32.462Z,GA 07 G 9909-VRN(ADVANCE MULTI-PURPOSE),15.3693883,73.9361083,0,STOP,At Fire Station Verna,Fire Station Verna
2026-01-30T17:42:32.462Z,GA 07 G 1942-VAP(QUICK RESPONSE),15.5310133,74.1387783,0,STOP,At Fire Station Valpoi ,Fire Station Valpoi
2026-01-30T17:42:32.462Z,GA 07 G 2003-CUR(QUICK RESPONSE),15.26046,74.1037433,0,STOP,At Fire Station Curchorem,Fire Station Curchorem
2026-01-30T17:42:32.462Z,GA 07 G 7447-CUR(EMERGENCY RESCUE),15.2604166,74.103735,0,STOP,At Fire Station Curchorem,Fire Station Curchorem
2026-01-30T17:42:32.462Z,GA 07 G 7557-CUR(WATER TENDER),15.2603916,74.1034266,0,STOP,At Fire Station Curchorem,Fire Station Curchorem
2026-01-30T17:42:32.462Z,GA 07 G 7667-CUR(WATER BOUSER),15.26036,74.103735,0,STOP,At Fire Station Curchorem,Fire Station Curchorem
2026-01-30T17:42:32.462Z,GA 07 G 4989-KUN(WATER TENDER),15.4628883,73.9726967,0,STOP,At Fire Station Kundaim,Fire Station Kundaim
2026-01-30T17:42:32.462Z,GA 07 G 2242-PIL(WATER TENDER),15.533075,73.7940172,0,STOP,At Fire Station Pilerne,Fire Station Pilerne
2026-01-30T17:42:32.462Z,GA 07 G 0681-MAP(QUICK RESPONSE),15.5898267,73.8086667,0,STOP,At Fire Station Mapusa,Fire Station Mapusa
2026-01-30T17:42:32.462Z,GA 07 G 2101-PER(MS WATER TENDER),15.7164428,73.7974983,0,STOP,At Fire Station Pernem,Fire Station Pernem
2026-01-30T17:42:32.462Z,GA 07 G 4600-PER(MINI RESCUE TENDER),15.7164817,73.7975244,0,STOP,At Fire Station Pernem,Fire Station Pernem
2026-01-30T17:42:32.462Z,GA 07 G 7272-PNJ(WATER TENDER),15.4869706,73.8172022,0,STOP,"Caculo Mall, 16 Shanta, St Inez Rd, Caculo Enclave, Santa Inez, Panaji, Goa (NW)",Fire Station Panaji
2026-01-30T17:42:32.462Z,GA07G2384-CAN(WATER TENDER),15.1862872,74.0210394,0,STOP,At Fire Station Cuncolim,Fire Station Cuncolim
2026-01-30T17:42:32.462Z,GA07G2507 - PER Mid Size (Water Tender),15.7164517,73.7974767,0,STOP,At Fire Station Pernem,Fire Station Pernem
2026-01-30T17:42:32.462Z,GA07G2505 - VAP Mid Size (Water Tender),15.4026267,74.0027833,0,STOP,At Fire Station Ponda ,Fire Station Valpoi
2026-01-30T17:42:32.462Z,GA07G2504 - BIC Mid Size (Water Tender),15.5895017,73.9465983,0,STOP,At Fire Station Bicholim ,Fire Station Bicholim
2026-01-30T17:42:32.462Z,GA07G2503- MAP Mid Size (Water Tender),15.5900233,73.80852,0,STOP,At Fire Station Mapusa,Fire Station Mapusa
2026-01-30T17:42:32.462Z,GA07G2502 - FFHQ Mid Size (Water Tender),15.487435,73.8172117,0,IDLE,"Caculo Mall, 16 Shanta, St Inez Rd, Caculo Enclave, Santa Inez, Panaji, Goa (NW)",Fire Force Headquarters
2026-01-30T17:44:33.179Z,GA 07 G 0680-PIL(QUICK RESPONSE VEHICLE),15.486505,73.8169917,0,STOP,At Fire Station panaji,Fire Station Pilerne
2026-01-30T17:44:33.179Z,GA07G2506 - OLG Mid Size (Water Tender),15.500312,73.914017,0,STOP,At Fire Station Old Goa,Fire Station Old Goa
2026-01-30T17:44:33.179Z,GA 07 G 5115-POR(MINI WATER TENDER),15.523012,73.829247,0,STOP,At Porvorim Fire Station,Fire Station Porvorim
2026-01-30T17:44:33.179Z,GA 07 G 0350-MRG(WATER TENDER),15.26939,73.970581,0,STOP,At Fire Station Margoa,Fire Station Margao
2026-01-30T17:44:33.179Z,GA 07 G 2900-MAP(MINI RESCUE TENDER),15.589847,73.808868,0,STOP,At Fire Station Mapusa,Fire Station Mapusa
2026-01-30T17:44:33.179Z,GA 07 G 7600-FFHQ(WATER BOUSER),15.487187,73.817146,0,STOP,"Caculo Mall, 16 Shanta, St Inez Rd, Caculo Enclave, Santa Inez, Panaji, Goa (NW)",Fire Force Headquarters
2026-01-30T17:44:33.179Z,GA 07 G 2002-FFHQ(TURN TABLE LADDER),15.487437,73.817352,0,STOP,"Caculo Mall, 16 Shanta, St Inez Rd, Caculo Enclave, Santa Inez, Panaji, Goa (NW)",Fire Force Headquarters
2026-01-30T17:44:33.179Z,GA 07 G 7101-FFHQ(WATER TENDER),15.486877,73.816963,0,STOP,"Caculo Mall, 16 Shanta, St Inez Rd, Caculo Enclave, Santa Inez, Panaji, Goa (NW)",Fire Force Headquarters
2026-01-30T17:44:33.179Z,GA 07 G 7677-FFHQ(EMERGENCY RESCUE),15.486953,73.817261,0,INACTIVE,"Caculo Mall, 16 Shanta, St Inez Rd, Caculo Enclave, Santa Inez, Panaji, Goa (NW)",Fire Force Headquarters
2026-01-30T17:44:33.179Z,GA 07 G 1121-PNJ(EMERGENCY RESCUE),15.487097,73.817223,0,STOP,"Caculo Mall, 16 Shanta, St Inez Rd, Caculo Enclave, Santa Inez, Panaji, Goa (NW)",Fire Station Panaji
2026-01-30T17:44:33.179Z,GA 07 G 1571-FFHQ(QUICK RESPONSE),15.486663,73.81739,0,STOP,"Caculo Mall, 16 Shanta, St Inez Rd, Caculo Enclave, Santa Inez, Panaji, Goa (NW)",Fire Force Headquarters
2026-01-30T17:44:33.179Z,GA 07 G 8101-MAP(WATER TENDER),15.590058,73.808762,0,STOP,At Fire Station Mapusa,Fire Station Mapusa
2026-01-30T17:44:33.179Z,GA 07 G 2317-MRG(EMERGENCY RESCUE TENDER),15.2694883,73.9701983,1,STOP,At Fire Station Margoa,Fire Station Margao
2026-01-30T17:44:33.179Z,GA 07 G 1570-VAS(QUICK RESPONSE FIRE TENDER),15.3887566,73.8513433,0,STOP,At Fire Station Vasco,Fire Station Vasco
2026-01-30T17:44:33.179Z,GA 07 G 4101-VAS(MS WATER TENDER),15.3888833,73.8513516,0,STOP,At Fire Station Vasco,Fire Station Vasco
2026-01-30T17:44:33.179Z,GA 07 G 0819-VAS(WATER/FOAM TENDER),15.3887567,73.85127,0,IDLE,At Fire Station Vasco,Fire Station Vasco
2026-01-30T17:44:33.179Z,GA 07 G 7100-MRG(WATER BOUSER),15.2695133,73.9702966,0,STOP,At Fire Station Margoa,Fire Station Margao
2026-01-30T17:44:33.179Z,GA 07 G 1568-MRG(QUICK RESPONSE ),15.2694166,73.9704266,0,STOP,At Fire Station Margoa,Fire Station Margao
2026-01-30T17:44:33.179Z,GA 07 G 6101-MRG(WATER TENDER),15.26936,73.9702883,0,STOP,At Fire Station Margoa,Fire Station Margao
2026-01-30T17:44:33.179Z,GA 07 G 1001-MRG(AERIAL LADDER PLATFORM),15.2695333,73.969905,0,INACTIVE,At Fire Station Margoa,Fire Station Margao
2026-01-30T17:44:33.179Z,GA 07 G 0820-BIC(WATER TEDNER),15.4027733,74.002805,0,STOP,At Fire Station Ponda ,Fire Station Bicholim
2026-01-30T17:44:33.179Z,GA 07 G 5101-OLG(MS WATER TENDER),15.5002983,73.9140383,0,STOP,At Fire Station Old Goa,Fire Station Old Goa
2026-01-30T17:44:33.179Z,GA 07 G 3101-BIC(MS WATER TENDER),15.589315,73.9468266,0,STOP,At Fire Station Bicholim ,Fire Station Bicholim
2026-01-30T17:44:33.179Z,GA 07 G 1941-BIC(QUICK RESPONSE),15.5894883,73.9467283,0,STOP,At Fire Station Bicholim ,Fire Station Bicholim
2026-01-30T17:44:33.179Z,GA 07 G 2319-VAS (EMERGENCY RESCUE TENDER),15.388815,73.8512783,0,STOP,At Fire Station Vasco,Fire Station Vasco
2026-01-30T17:44:33.179Z,GA 07 G 3737-VAP(WATER TENDER),15.53101,74.1386633,0,STOP,At Fire Station Valpoi ,Fire Station Valpoi
2026-01-30T17:44:33.179Z,GA 07 G 2318-PND(EMERGENCY RESCUE TENDER),15.402675,74.003035,0,STOP,At Fire Station Ponda ,Fire Station Ponda
2026-01-30T17:44:33.179Z,GA 07 G 2004-PND(QUICK RESPONSE),15.40267,74.00284,0,STOP,At Fire Station Ponda ,Fire Station Ponda
2026-01-30T17:44:33.179Z,GA 07 G 9101-PND(WATER TENDER),15.4051833,74.0046216,35,RUNNING,"NH748, Varkhande, Electricity Dept Staff Residential Colony, Ponda, Goa (SE)",Fire Station Ponda
2026-01-30T17:44:33.179Z,GA 07 G 9797-PND(WATER BOUSER),15.4027366,74.0028816,0,STOP,At Fire Station Ponda ,Fire Station Ponda
2026-01-30T17:44:33.179Z,GA 07 G 6363-CAN(WATER TENDER),15.0236416,74.0440433,0,STOP,"Canacona, The Lalitrajbaga ,Canacona, Canacona, Goa (NE)",Fire Station Canacona
2026-01-30T17:44:33.179Z,GA 07 G 1567-CAN(QUICK RESPONSE FT),15.0236833,74.0440666,0,STOP,"Canacona, The Lalitrajbaga ,Canacona, Canacona, Goa (NE)",Fire Station Canacona
2026-01-30T17:44:33.179Z,GA 07 G 1569-VRN(QUICK RESPONSE),15.369755,73.935465,0,STOP,At Fire Station Verna,Fire Station Verna
2026-01-30T17:44:33.179Z,GA 07 G 9909-VRN(ADVANCE MULTI-PURPOSE),15.3693883,73.9361083,0,STOP,At Fire Station Verna,Fire Station Verna
2026-01-30T17:44:33.179Z,GA 07 G 1942-VAP(QUICK RESPONSE),15.5310133,74.1387783,0,STOP,At Fire Station Valpoi ,Fire Station Valpoi
2026-01-30T17:44:33.179Z,GA 07 G 2003-CUR(QUICK RESPONSE),15.26046,74.1037433,0,STOP,At Fire Station Curchorem,Fire Station Curchorem
2026-01-30T17:44:33.179Z,GA 07 G 7447-CUR(EMERGENCY RESCUE),15.2604166,74.103735,0,STOP,At Fire Station Curchorem,Fire Station Curchorem
2026-01-30T17:44:33.179Z,GA 07 G 7557-CUR(WATER TENDER),15.2603916,74.1034266,0,STOP,At Fire Station Curchorem,Fire Station Curchorem
2026-01-30T17:44:33.179Z,GA 07 G 7667-CUR(WATER BOUSER),15.26036,74.103735,0,STOP,At Fire Station Curchorem,Fire Station Curchorem
2026-01-30T17:44:33.179Z,GA 07 G 4989-KUN(WATER TENDER),15.4628883,73.9726967,0,STOP,At Fire Station Kundaim,Fire Station Kundaim
2026-01-30T17:44:33.179Z,GA 07 G 2242-PIL(WATER TENDER),15.533075,73.7940172,0,STOP,At Fire Station Pilerne,Fire Station Pilerne
2026-01-30T17:44:33.179Z,GA 07 G 0681-MAP(QUICK RESPONSE),15.5898267,73.8086667,0,STOP,At Fire Station Mapusa,Fire Station Mapusa
2026-01-30T17:44:33.179Z,GA 07 G 2101-PER(MS WATER TENDER),15.7164428,73.7974983,0,STOP,At Fire Station Pernem,Fire Station Pernem
2026-01-30T17:44:33.179Z,GA 07 G 4600-PER(MINI RESCUE TENDER),15.7164817,73.7975244,0,STOP,At Fire Station Pernem,Fire Station Pernem
2026-01-30T17:44:33.179Z,GA 07 G 7272-PNJ(WATER TENDER),15.4869706,73.8172022,0,STOP,"Caculo Mall, 16 Shanta, St Inez Rd, Caculo Enclave, Santa Inez, Panaji, Goa (NW)",Fire Station Panaji
2026-01-30T17:44:33.179Z,GA07G2384-CAN(WATER TENDER),15.1862872,74.0210394,0,STOP,At Fire Station Cuncolim,Fire Station Cuncolim
2026-01-30T17:44:33.179Z,GA07G2507 - PER Mid Size (Water Tender),15.7164517,73.7974767,0,STOP,At Fire Station Pernem,Fire Station Pernem
2026-01-30T17:44:33.179Z,GA07G2505 - VAP Mid Size (Water Tender),15.4026267,74.0027833,0,STOP,At Fire Station Ponda ,Fire Station Valpoi
2026-01-30T17:44:33.179Z,GA07G2504 - BIC Mid Size (Water Tender),15.5895017,73.9465983,0,STOP,At Fire Station Bicholim ,Fire Station Bicholim
2026-01-30T17:44:33.179Z,GA07G2503- MAP Mid Size (Water Tender),15.5900233,73.80852,0,STOP,At Fire Station Mapusa,Fire Station Mapusa
2026-01-30T17:44:33.179Z,GA07G2502 - FFHQ Mid Size (Water Tender),15.4870117,73.8172283,0,STOP,"Caculo Mall, 16 Shanta, St Inez Rd, Caculo Enclave, Santa Inez, Panaji, Goa (NW)",Fire Force Headquarters
2026-01-30T17:45:44.630Z,GA 07 G 0680-PIL(QUICK RESPONSE VEHICLE),15.486505,73.8169917,0,STOP,At Fire Station panaji,Fire Station Pilerne
2026-01-30T17:45:44.630Z,GA07G2506 - OLG Mid Size (Water Tender),15.500312,73.914017,0,STOP,At Fire Station Old Goa,Fire Station Old Goa
2026-01-30T17:45:44.630Z,GA 07 G 5115-POR(MINI WATER TENDER),15.523012,73.829247,0,STOP,At Porvorim Fire Station,Fire Station Porvorim
2026-01-30T17:45:44.630Z,GA 07 G 0350-MRG(WATER TENDER),15.26939,73.970581,0,STOP,At Fire Station Margoa,Fire Station Margao
2026-01-30T17:45:44.630Z,GA 07 G 2900-MAP(MINI RESCUE TENDER),15.589847,73.808868,0,STOP,At Fire Station Mapusa,Fire Station Mapusa
2026-01-30T17:45:44.630Z,GA 07 G 7600-FFHQ(WATER BOUSER),15.487187,73.817146,0,STOP,"Caculo Mall, 16 Shanta, St Inez Rd, Caculo Enclave, Santa Inez, Panaji, Goa (NW)",Fire Force Headquarters
2026-01-30T17:45:44.630Z,GA 07 G 2002-FFHQ(TURN TABLE LADDER),15.487437,73.817352,0,STOP,"Caculo Mall, 16 Shanta, St Inez Rd, Caculo Enclave, Santa Inez, Panaji, Goa (NW)",Fire Force Headquarters
2026-01-30T17:45:44.630Z,GA 07 G 7101-FFHQ(WATER TENDER),15.486877,73.816963,0,STOP,"Caculo Mall, 16 Shanta, St Inez Rd, Caculo Enclave, Santa Inez, Panaji, Goa (NW)",Fire Force Headquarters
2026-01-30T17:45:44.630Z,GA 07 G 7677-FFHQ(EMERGENCY RESCUE),15.486953,73.817261,0,INACTIVE,"Caculo Mall, 16 Shanta, St Inez Rd, Caculo Enclave, Santa Inez, Panaji, Goa (NW)",Fire Force Headquarters
2026-01-30T17:45:44.630Z,GA 07 G 1121-PNJ(EMERGENCY RESCUE),15.487097,73.817223,0,STOP,"Caculo Mall, 16 Shanta, St Inez Rd, Caculo Enclave, Santa Inez, Panaji, Goa (NW)",Fire Station Panaji
2026-01-30T17:45:44.630Z,GA 07 G 1571-FFHQ(QUICK RESPONSE),15.486663,73.81739,0,STOP,"Caculo Mall, 16 Shanta, St Inez Rd, Caculo Enclave, Santa Inez, Panaji, Goa (NW)",Fire Force Headquarters
2026-01-30T17:45:44.630Z,GA 07 G 8101-MAP(WATER TENDER),15.590058,73.808762,0,STOP,At Fire Station Mapusa,Fire Station Mapusa
2026-01-30T17:45:44.630Z,GA 07 G 2317-MRG(EMERGENCY RESCUE TENDER),15.26937,73.9701666,0,STOP,At Fire Station Margoa,Fire Station Margao
2026-01-30T17:45:44.630Z,GA 07 G 1570-VAS(QUICK RESPONSE FIRE TENDER),15.3887566,73.8513433,0,STOP,At Fire Station Vasco,Fire Station Vasco
2026-01-30T17:45:44.630Z,GA 07 G 4101-VAS(MS WATER TENDER),15.3888833,73.8513516,0,STOP,At Fire Station Vasco,Fire Station Vasco
2026-01-30T17:45:44.630Z,GA 07 G 0819-VAS(WATER/FOAM TENDER),15.3887567,73.85127,0,IDLE,At Fire Station Vasco,Fire Station Vasco
2026-01-30T17:45:44.630Z,GA 07 G 7100-MRG(WATER BOUSER),15.2695133,73.9702966,0,STOP,At Fire Station Margoa,Fire Station Margao
2026-01-30T17:45:44.630Z,GA 07 G 1568-MRG(QUICK RESPONSE ),15.2694166,73.9704266,0,STOP,At Fire Station Margoa,Fire Station Margao
2026-01-30T17:45:44.630Z,GA 07 G 6101-MRG(WATER TENDER),15.26936,73.9702883,0,STOP,At Fire Station Margoa,Fire Station Margao
2026-01-30T17:45:44.630Z,GA 07 G 1001-MRG(AERIAL LADDER PLATFORM),15.2695333,73.969905,0,INACTIVE,At Fire Station Margoa,Fire Station Margao
2026-01-30T17:45:44.630Z,GA 07 G 0820-BIC(WATER TEDNER),15.4027733,74.002805,0,STOP,At Fire Station Ponda ,Fire Station Bicholim
2026-01-30T17:45:44.630Z,GA 07 G 5101-OLG(MS WATER TENDER),15.5002983,73.9140383,0,STOP,At Fire Station Old Goa,Fire Station Old Goa
2026-01-30T17:45:44.630Z,GA 07 G 3101-BIC(MS WATER TENDER),15.589315,73.9468266,0,STOP,At Fire Station Bicholim ,Fire Station Bicholim
2026-01-30T17:45:44.630Z,GA 07 G 1941-BIC(QUICK RESPONSE),15.5894883,73.9467283,0,STOP,At Fire Station Bicholim ,Fire Station Bicholim
2026-01-30T17:45:44.630Z,GA 07 G 2319-VAS (EMERGENCY RESCUE TENDER),15.388815,73.8512783,0,STOP,At Fire Station Vasco,Fire Station Vasco
2026-01-30T17:45:44.630Z,GA 07 G 3737-VAP(WATER TENDER),15.53101,74.1386633,0,STOP,At Fire Station Valpoi ,Fire Station Valpoi
2026-01-30T17:45:44.630Z,GA 07 G 2318-PND(EMERGENCY RESCUE TENDER),15.402675,74.003035,0,STOP,At Fire Station Ponda ,Fire Station Ponda
2026-01-30T17:45:44.630Z,GA 07 G 2004-PND(QUICK RESPONSE),15.40267,74.00284,0,STOP,At Fire Station Ponda ,Fire Station Ponda
2026-01-30T17:45:44.630Z,GA 07 G 9101-PND(WATER TENDER),15.4037683,74.0036383,30,RUNNING,At Fire Station Ponda ,Fire Station Ponda
2026-01-30T17:45:44.630Z,GA 07 G 9797-PND(WATER BOUSER),15.4027366,74.0028816,0,STOP,At Fire Station Ponda ,Fire Station Ponda
2026-01-30T17:45:44.630Z,GA 07 G 6363-CAN(WATER TENDER),15.0236416,74.0440433,0,STOP,"Canacona, The Lalitrajbaga ,Canacona, Canacona, Goa (NE)",Fire Station Canacona
2026-01-30T17:45:44.630Z,GA 07 G 1567-CAN(QUICK RESPONSE FT),15.0236833,74.0440666,0,STOP,"Canacona, The Lalitrajbaga ,Canacona, Canacona, Goa (NE)",Fire Station Canacona
2026-01-30T17:45:44.630Z,GA 07 G 1569-VRN(QUICK RESPONSE),15.369755,73.935465,0,STOP,At Fire Station Verna,Fire Station Verna
2026-01-30T17:45:44.630Z,GA 07 G 9909-VRN(ADVANCE MULTI-PURPOSE),15.3693883,73.9361083,0,STOP,At Fire Station Verna,Fire Station Verna
2026-01-30T17:45:44.630Z,GA 07 G 1942-VAP(QUICK RESPONSE),15.5310133,74.1387783,0,STOP,At Fire Station Valpoi ,Fire Station Valpoi
2026-01-30T17:45:44.630Z,GA 07 G 2003-CUR(QUICK RESPONSE),15.26046,74.1037433,0,STOP,At Fire Station Curchorem,Fire Station Curchorem
2026-01-30T17:45:44.630Z,GA 07 G 7447-CUR(EMERGENCY RESCUE),15.2604166,74.103735,0,STOP,At Fire Station Curchorem,Fire Station Curchorem
2026-01-30T17:45:44.630Z,GA 07 G 7557-CUR(WATER TENDER),15.2603916,74.1034266,0,STOP,At Fire Station Curchorem,Fire Station Curchorem
2026-01-30T17:45:44.630Z,GA 07 G 7667-CUR(WATER BOUSER),15.26036,74.103735,0,STOP,At Fire Station Curchorem,Fire Station Curchorem
2026-01-30T17:45:44.630Z,GA 07 G 4989-KUN(WATER TENDER),15.4628883,73.9726967,0,STOP,At Fire Station Kundaim,Fire Station Kundaim
2026-01-30T17:45:44.630Z,GA 07 G 2242-PIL(WATER TENDER),15.533075,73.7940172,0,STOP,At Fire Station Pilerne,Fire Station Pilerne
2026-01-30T17:45:44.630Z,GA 07 G 0681-MAP(QUICK RESPONSE),15.5898267,73.8086667,0,STOP,At Fire Station Mapusa,Fire Station Mapusa
2026-01-30T17:45:44.630Z,GA 07 G 2101-PER(MS WATER TENDER),15.7164428,73.7974983,0,STOP,At Fire Station Pernem,Fire Station Pernem
2026-01-30T17:45:44.630Z,GA 07 G 4600-PER(MINI RESCUE TENDER),15.7164817,73.7975244,0,STOP,At Fire Station Pernem,Fire Station Pernem
2026-01-30T17:45:44.630Z,GA 07 G 7272-PNJ(WATER TENDER),15.4869706,73.8172022,0,STOP,"Caculo Mall, 16 Shanta, St Inez Rd, Caculo Enclave, Santa Inez, Panaji, Goa (NW)",Fire Station Panaji
2026-01-30T17:45:44.630Z,GA07G2384-CAN(WATER TENDER),15.1862872,74.0210394,0,STOP,At Fire Station Cuncolim,Fire Station Cuncolim
2026-01-30T17:45:44.630Z,GA07G2507 - PER Mid Size (Water Tender),15.7164517,73.7974767,0,STOP,At Fire Station Pernem,Fire Station Pernem
2026-01-30T17:45:44.630Z,GA07G2505 - VAP Mid Size (Water Tender),15.4026267,74.0027833,0,STOP,At Fire Station Ponda ,Fire Station Valpoi
2026-01-30T17:45:44.630Z,GA07G2504 - BIC Mid Size (Water Tender),15.5895017,73.9465983,0,STOP,At Fire Station Bicholim ,Fire Station Bicholim
2026-01-30T17:45:44.630Z,GA07G2503- MAP Mid Size (Water Tender),15.5900233,73.80852,0,STOP,At Fire Station Mapusa,Fire Station Mapusa
2026-01-30T17:45:44.630Z,GA07G2502 - FFHQ Mid Size (Water Tender),15.4870117,73.8172283,0,STOP,"Caculo Mall, 16 Shanta, St Inez Rd, Caculo Enclave, Santa Inez, Panaji, Goa (NW)",Fire Force Headquarters
2026-01-30T17:47:31.670Z,GA 07 G 0680-PIL(QUICK RESPONSE VEHICLE),15.486505,73.8169917,0,STOP,At Fire Station panaji,Fire Station Pilerne
2026-01-30T17:47:31.670Z,GA07G2506 - OLG Mid Size (Water Tender),15.500312,73.914017,0,STOP,At Fire Station Old Goa,Fire Station Old Goa
2026-01-30T17:47:31.670Z,GA 07 G 5115-POR(MINI WATER TENDER),15.523012,73.829247,0,STOP,At Porvorim Fire Station,Fire Station Porvorim
2026-01-30T17:47:31.670Z,GA 07 G 0350-MRG(WATER TENDER),15.26939,73.970581,0,STOP,At Fire Station Margoa,Fire Station Margao
2026-01-30T17:47:31.670Z,GA 07 G 2900-MAP(MINI RESCUE TENDER),15.589847,73.808868,0,STOP,At Fire Station Mapusa,Fire Station Mapusa
2026-01-30T17:47:31.670Z,GA 07 G 7600-FFHQ(WATER BOUSER),15.487187,73.817146,0,STOP,"Caculo Mall, 16 Shanta, St Inez Rd, Caculo Enclave, Santa Inez, Panaji, Goa (NW)",Fire Force Headquarters
2026-01-30T17:47:31.670Z,GA 07 G 2002-FFHQ(TURN TABLE LADDER),15.487437,73.817352,0,STOP,"Caculo Mall, 16 Shanta, St Inez Rd, Caculo Enclave, Santa Inez, Panaji, Goa (NW)",Fire Force Headquarters
2026-01-30T17:47:31.670Z,GA 07 G 7101-FFHQ(WATER TENDER),15.486877,73.816963,0,STOP,"Caculo Mall, 16 Shanta, St Inez Rd, Caculo Enclave, Santa Inez, Panaji, Goa (NW)",Fire Force Headquarters
2026-01-30T17:47:31.670Z,GA 07 G 7677-FFHQ(EMERGENCY RESCUE),15.486953,73.817261,0,INACTIVE,"Caculo Mall, 16 Shanta, St Inez Rd, Caculo Enclave, Santa Inez, Panaji, Goa (NW)",Fire Force Headquarters
2026-01-30T17:47:31.670Z,GA 07 G 1121-PNJ(EMERGENCY RESCUE),15.487097,73.817223,0,STOP,"Caculo Mall, 16 Shanta, St Inez Rd, Caculo Enclave, Santa Inez, Panaji, Goa (NW)",Fire Station Panaji
2026-01-30T17:47:31.670Z,GA 07 G 1571-FFHQ(QUICK RESPONSE),15.486663,73.81739,0,STOP,"Caculo Mall, 16 Shanta, St Inez Rd, Caculo Enclave, Santa Inez, Panaji, Goa (NW)",Fire Force Headquarters
2026-01-30T17:47:31.670Z,GA 07 G 8101-MAP(WATER TENDER),15.590058,73.808762,0,STOP,At Fire Station Mapusa,Fire Station Mapusa
2026-01-30T17:47:31.670Z,GA 07 G 2317-MRG(EMERGENCY RESCUE TENDER),15.269385,73.9701583,0,STOP,At Fire Station Margoa,Fire Station Margao
2026-01-30T17:47:31.670Z,GA 07 G 1570-VAS(QUICK RESPONSE FIRE TENDER),15.3887566,73.8513433,0,STOP,At Fire Station Vasco,Fire Station Vasco
2026-01-30T17:47:31.670Z,GA 07 G 4101-VAS(MS WATER TENDER),15.3888833,73.8513516,0,STOP,At Fire Station Vasco,Fire Station Vasco
2026-01-30T17:47:31.670Z,GA 07 G 0819-VAS(WATER/FOAM TENDER),15.3887567,73.85127,0,IDLE,At Fire Station Vasco,Fire Station Vasco
2026-01-30T17:47:31.670Z,GA 07 G 7100-MRG(WATER BOUSER),15.2695133,73.9702966,0,STOP,At Fire Station Margoa,Fire Station Margao
2026-01-30T17:47:31.670Z,GA 07 G 1568-MRG(QUICK RESPONSE ),15.2694166,73.9704266,0,STOP,At Fire Station Margoa,Fire Station Margao
2026-01-30T17:47:31.670Z,GA 07 G 6101-MRG(WATER TENDER),15.26936,73.9702883,0,STOP,At Fire Station Margoa,Fire Station Margao
2026-01-30T17:47:31.670Z,GA 07 G 1001-MRG(AERIAL LADDER PLATFORM),15.2695333,73.969905,0,INACTIVE,At Fire Station Margoa,Fire Station Margao
2026-01-30T17:47:31.670Z,GA 07 G 0820-BIC(WATER TEDNER),15.4027733,74.002805,0,STOP,At Fire Station Ponda ,Fire Station Bicholim
2026-01-30T17:47:31.670Z,GA 07 G 5101-OLG(MS WATER TENDER),15.5002983,73.9140383,0,STOP,At Fire Station Old Goa,Fire Station Old Goa
2026-01-30T17:47:31.670Z,GA 07 G 3101-BIC(MS WATER TENDER),15.589315,73.9468266,0,STOP,At Fire Station Bicholim ,Fire Station Bicholim
2026-01-30T17:47:31.670Z,GA 07 G 1941-BIC(QUICK RESPONSE),15.5894883,73.9467283,0,STOP,At Fire Station Bicholim ,Fire Station Bicholim
2026-01-30T17:47:31.670Z,GA 07 G 2319-VAS (EMERGENCY RESCUE TENDER),15.388815,73.8512783,0,STOP,At Fire Station Vasco,Fire Station Vasco
2026-01-30T17:47:31.670Z,GA 07 G 3737-VAP(WATER TENDER),15.53101,74.1386633,0,STOP,At Fire Station Valpoi ,Fire Station Valpoi
2026-01-30T17:47:31.670Z,GA 07 G 2318-PND(EMERGENCY RESCUE TENDER),15.402675,74.003035,0,STOP,At Fire Station Ponda ,Fire Station Ponda
2026-01-30T17:47:31.670Z,GA 07 G 2004-PND(QUICK RESPONSE),15.40267,74.00284,0,STOP,At Fire Station Ponda ,Fire Station Ponda
2026-01-30T17:47:31.670Z,GA 07 G 9101-PND(WATER TENDER),15.4031233,74.002685,0,STOP,At Fire Station Ponda ,Fire Station Ponda
2026-01-30T17:47:31.670Z,GA 07 G 9797-PND(WATER BOUSER),15.4027366,74.0028816,0,STOP,At Fire Station Ponda ,Fire Station Ponda
2026-01-30T17:47:31.670Z,GA 07 G 6363-CAN(WATER TENDER),15.0236416,74.0440433,0,STOP,"Canacona, The Lalitrajbaga ,Canacona, Canacona, Goa (NE)",Fire Station Canacona
2026-01-30T17:47:31.670Z,GA 07 G 1567-CAN(QUICK RESPONSE FT),15.0236833,74.0440666,0,STOP,"Canacona, The Lalitrajbaga ,Canacona, Canacona, Goa (NE)",Fire Station Canacona
2026-01-30T17:47:31.670Z,GA 07 G 1569-VRN(QUICK RESPONSE),15.369755,73.935465,0,STOP,At Fire Station Verna,Fire Station Verna
2026-01-30T17:47:31.670Z,GA 07 G 9909-VRN(ADVANCE MULTI-PURPOSE),15.3693883,73.9361083,0,STOP,At Fire Station Verna,Fire Station Verna
2026-01-30T17:47:31.670Z,GA 07 G 1942-VAP(QUICK RESPONSE),15.5310133,74.1387783,0,STOP,At Fire Station Valpoi ,Fire Station Valpoi
2026-01-30T17:47:31.670Z,GA 07 G 2003-CUR(QUICK RESPONSE),15.26046,74.1037433,0,STOP,At Fire Station Curchorem,Fire Station Curchorem
2026-01-30T17:47:31.670Z,GA 07 G 7447-CUR(EMERGENCY RESCUE),15.2604166,74.103735,0,STOP,At Fire Station Curchorem,Fire Station Curchorem
2026-01-30T17:47:31.670Z,GA 07 G 7557-CUR(WATER TENDER),15.2603916,74.1034266,0,STOP,At Fire Station Curchorem,Fire Station Curchorem
2026-01-30T17:47:31.670Z,GA 07 G 7667-CUR(WATER BOUSER),15.26036,74.103735,0,STOP,At Fire Station Curchorem,Fire Station Curchorem
2026-01-30T17:47:31.670Z,GA 07 G 4989-KUN(WATER TENDER),15.4628883,73.9726967,0,STOP,At Fire Station Kundaim,Fire Station Kundaim
2026-01-30T17:47:31.670Z,GA 07 G 2242-PIL(WATER TENDER),15.533075,73.7940172,0,STOP,At Fire Station Pilerne,Fire Station Pilerne
2026-01-30T17:47:31.670Z,GA 07 G 0681-MAP(QUICK RESPONSE),15.5898267,73.8086667,0,STOP,At Fire Station Mapusa,Fire Station Mapusa
2026-01-30T17:47:31.670Z,GA 07 G 2101-PER(MS WATER TENDER),15.7164428,73.7974983,0,STOP,At Fire Station Pernem,Fire Station Pernem
2026-01-30T17:47:31.670Z,GA 07 G 4600-PER(MINI RESCUE TENDER),15.7164817,73.7975244,0,STOP,At Fire Station Pernem,Fire Station Pernem
2026-01-30T17:47:31.670Z,GA 07 G 7272-PNJ(WATER TENDER),15.4869706,73.8172022,0,STOP,"Caculo Mall, 16 Shanta, St Inez Rd, Caculo Enclave, Santa Inez, Panaji, Goa (NW)",Fire Station Panaji
2026-01-30T17:47:31.670Z,GA07G2384-CAN(WATER TENDER),15.1862872,74.0210394,0,STOP,At Fire Station Cuncolim,Fire Station Cuncolim
2026-01-30T17:47:31.670Z,GA07G2507 - PER Mid Size (Water Tender),15.7164517,73.7974767,0,STOP,At Fire Station Pernem,Fire Station Pernem
2026-01-30T17:47:31.670Z,GA07G2505 - VAP Mid Size (Water Tender),15.4026267,74.0027833,0,STOP,At Fire Station Ponda ,Fire Station Valpoi
2026-01-30T17:47:31.670Z,GA07G2504 - BIC Mid Size (Water Tender),15.5895017,73.9465983,0,STOP,At Fire Station Bicholim ,Fire Station Bicholim
2026-01-30T17:47:31.670Z,GA07G2503- MAP Mid Size (Water Tender),15.5900233,73.80852,0,STOP,At Fire Station Mapusa,Fire Station Mapusa
2026-01-30T17:47:31.670Z,GA07G2502 - FFHQ Mid Size (Water Tender),15.4870117,73.8172283,0,STOP,"Caculo Mall, 16 Shanta, St Inez Rd, Caculo Enclave, Santa Inez, Panaji, Goa (NW)",Fire Force Headquarters
2026-01-30T17:48:46.282Z,GA 07 G 0680-PIL(QUICK RESPONSE VEHICLE),15.486505,73.8169917,0,STOP,At Fire Station panaji,Fire Station Pilerne
2026-01-30T17:48:46.282Z,GA07G2506 - OLG Mid Size (Water Tender),15.500312,73.914017,0,STOP,At Fire Station Old Goa,Fire Station Old Goa
2026-01-30T17:48:46.282Z,GA 07 G 5115-POR(MINI WATER TENDER),15.523012,73.829247,0,STOP,At Porvorim Fire Station,Fire Station Porvorim
2026-01-30T17:48:46.282Z,GA 07 G 0350-MRG(WATER TENDER),15.26939,73.970581,0,STOP,At Fire Station Margoa,Fire Station Margao
2026-01-30T17:48:46.282Z,GA 07 G 2900-MAP(MINI RESCUE TENDER),15.589847,73.808868,0,STOP,At Fire Station Mapusa,Fire Station Mapusa
2026-01-30T17:48:46.282Z,GA 07 G 7600-FFHQ(WATER BOUSER),15.487187,73.817146,0,STOP,"Caculo Mall, 16 Shanta, St Inez Rd, Caculo Enclave, Santa Inez, Panaji, Goa (NW)",Fire Force Headquarters
2026-01-30T17:48:46.282Z,GA 07 G 2002-FFHQ(TURN TABLE LADDER),15.487437,73.817352,0,STOP,"Caculo Mall, 16 Shanta, St Inez Rd, Caculo Enclave, Santa Inez, Panaji, Goa (NW)",Fire Force Headquarters
2026-01-30T17:48:46.282Z,GA 07 G 7101-FFHQ(WATER TENDER),15.486877,73.816963,0,STOP,"Caculo Mall, 16 Shanta, St Inez Rd, Caculo Enclave, Santa Inez, Panaji, Goa (NW)",Fire Force Headquarters
2026-01-30T17:48:46.282Z,GA 07 G 7677-FFHQ(EMERGENCY RESCUE),15.486953,73.817261,0,INACTIVE,"Caculo Mall, 16 Shanta, St Inez Rd, Caculo Enclave, Santa Inez, Panaji, Goa (NW)",Fire Force Headquarters
2026-01-30T17:48:46.282Z,GA 07 G 1121-PNJ(EMERGENCY RESCUE),15.487097,73.817223,0,STOP,"Caculo Mall, 16 Shanta, St Inez Rd, Caculo Enclave, Santa Inez, Panaji, Goa (NW)",Fire Station Panaji
2026-01-30T17:48:46.282Z,GA 07 G 1571-FFHQ(QUICK RESPONSE),15.486663,73.81739,0,STOP,"Caculo Mall, 16 Shanta, St Inez Rd, Caculo Enclave, Santa Inez, Panaji, Goa (NW)",Fire Force Headquarters
2026-01-30T17:48:46.282Z,GA 07 G 8101-MAP(WATER TENDER),15.590058,73.808762,0,STOP,At Fire Station Mapusa,Fire Station Mapusa
2026-01-30T17:48:46.282Z,GA 07 G 2317-MRG(EMERGENCY RESCUE TENDER),15.2694966,73.9700516,2,STOP,At Fire Station Margoa,Fire Station Margao
2026-01-30T17:48:46.282Z,GA 07 G 1570-VAS(QUICK RESPONSE FIRE TENDER),15.3887566,73.8513433,0,STOP,At Fire Station Vasco,Fire Station Vasco
2026-01-30T17:48:46.282Z,GA 07 G 4101-VAS(MS WATER TENDER),15.3888833,73.8513516,0,STOP,At Fire Station Vasco,Fire Station Vasco
2026-01-30T17:48:46.282Z,GA 07 G 0819-VAS(WATER/FOAM TENDER),15.3887567,73.85127,0,IDLE,At Fire Station Vasco,Fire Station Vasco
2026-01-30T17:48:46.282Z,GA 07 G 7100-MRG(WATER BOUSER),15.2695133,73.9702966,0,STOP,At Fire Station Margoa,Fire Station Margao
2026-01-30T17:48:46.282Z,GA 07 G 1568-MRG(QUICK RESPONSE ),15.2694166,73.9704266,0,STOP,At Fire Station Margoa,Fire Station Margao
2026-01-30T17:48:46.282Z,GA 07 G 6101-MRG(WATER TENDER),15.26936,73.9702883,0,STOP,At Fire Station Margoa,Fire Station Margao
2026-01-30T17:48:46.282Z,GA 07 G 1001-MRG(AERIAL LADDER PLATFORM),15.2695333,73.969905,0,INACTIVE,At Fire Station Margoa,Fire Station Margao
2026-01-30T17:48:46.282Z,GA 07 G 0820-BIC(WATER TEDNER),15.4027733,74.002805,0,STOP,At Fire Station Ponda ,Fire Station Bicholim
2026-01-30T17:48:46.282Z,GA 07 G 5101-OLG(MS WATER TENDER),15.5002983,73.9140383,0,STOP,At Fire Station Old Goa,Fire Station Old Goa
2026-01-30T17:48:46.282Z,GA 07 G 3101-BIC(MS WATER TENDER),15.589315,73.9468266,0,STOP,At Fire Station Bicholim ,Fire Station Bicholim
2026-01-30T17:48:46.282Z,GA 07 G 1941-BIC(QUICK RESPONSE),15.5894883,73.9467283,0,STOP,At Fire Station Bicholim ,Fire Station Bicholim
2026-01-30T17:48:46.282Z,GA 07 G 2319-VAS (EMERGENCY RESCUE TENDER),15.388815,73.8512783,0,STOP,At Fire Station Vasco,Fire Station Vasco
2026-01-30T17:48:46.282Z,GA 07 G 3737-VAP(WATER TENDER),15.53101,74.1386633,0,STOP,At Fire Station Valpoi ,Fire Station Valpoi
2026-01-30T17:48:46.282Z,GA 07 G 2318-PND(EMERGENCY RESCUE TENDER),15.402675,74.003035,0,STOP,At Fire Station Ponda ,Fire Station Ponda
2026-01-30T17:48:46.282Z,GA 07 G 2004-PND(QUICK RESPONSE),15.40267,74.00284,0,STOP,At Fire Station Ponda ,Fire Station Ponda
2026-01-30T17:48:46.282Z,GA 07 G 9101-PND(WATER TENDER),15.4031316,74.0027016,0,STOP,At Fire Station Ponda ,Fire Station Ponda
2026-01-30T17:48:46.282Z,GA 07 G 9797-PND(WATER BOUSER),15.4027366,74.0028816,0,STOP,At Fire Station Ponda ,Fire Station Ponda
2026-01-30T17:48:46.282Z,GA 07 G 6363-CAN(WATER TENDER),15.0236416,74.0440433,0,STOP,"Canacona, The Lalitrajbaga ,Canacona, Canacona, Goa (NE)",Fire Station Canacona
2026-01-30T17:48:46.282Z,GA 07 G 1567-CAN(QUICK RESPONSE FT),15.0236833,74.0440666,0,STOP,"Canacona, The Lalitrajbaga ,Canacona, Canacona, Goa (NE)",Fire Station Canacona
2026-01-30T17:48:46.282Z,GA 07 G 1569-VRN(QUICK RESPONSE),15.369755,73.935465,0,STOP,At Fire Station Verna,Fire Station Verna
2026-01-30T17:48:46.282Z,GA 07 G 9909-VRN(ADVANCE MULTI-PURPOSE),15.3693883,73.9361083,0,STOP,At Fire Station Verna,Fire Station Verna
2026-01-30T17:48:46.282Z,GA 07 G 1942-VAP(QUICK RESPONSE),15.5310133,74.1387783,0,STOP,At Fire Station Valpoi ,Fire Station Valpoi
2026-01-30T17:48:46.282Z,GA 07 G 2003-CUR(QUICK RESPONSE),15.26046,74.1037433,0,STOP,At Fire Station Curchorem,Fire Station Curchorem
2026-01-30T17:48:46.282Z,GA 07 G 7447-CUR(EMERGENCY RESCUE),15.2604166,74.103735,0,STOP,At Fire Station Curchorem,Fire Station Curchorem
2026-01-30T17:48:46.282Z,GA 07 G 7557-CUR(WATER TENDER),15.2603916,74.1034266,0,STOP,At Fire Station Curchorem,Fire Station Curchorem
2026-01-30T17:48:46.282Z,GA 07 G 7667-CUR(WATER BOUSER),15.26036,74.103735,0,STOP,At Fire Station Curchorem,Fire Station Curchorem
2026-01-30T17:48:46.282Z,GA 07 G 4989-KUN(WATER TENDER),15.4628883,73.9726967,0,STOP,At Fire Station Kundaim,Fire Station Kundaim
2026-01-30T17:48:46.282Z,GA 07 G 2242-PIL(WATER TENDER),15.533075,73.7940172,0,STOP,At Fire Station Pilerne,Fire Station Pilerne
2026-01-30T17:48:46.282Z,GA 07 G 0681-MAP(QUICK RESPONSE),15.5898267,73.8086667,0,STOP,At Fire Station Mapusa,Fire Station Mapusa
2026-01-30T17:48:46.282Z,GA 07 G 2101-PER(MS WATER TENDER),15.7164428,73.7974983,0,STOP,At Fire Station Pernem,Fire Station Pernem
2026-01-30T17:48:46.282Z,GA 07 G 4600-PER(MINI RESCUE TENDER),15.7164817,73.7975244,0,STOP,At Fire Station Pernem,Fire Station Pernem
2026-01-30T17:48:46.282Z,GA 07 G 7272-PNJ(WATER TENDER),15.4869706,73.8172022,0,STOP,"Caculo Mall, 16 Shanta, St Inez Rd, Caculo Enclave, Santa Inez, Panaji, Goa (NW)",Fire Station Panaji
2026-01-30T17:48:46.282Z,GA07G2384-CAN(WATER TENDER),15.1862872,74.0210394,0,STOP,At Fire Station Cuncolim,Fire Station Cuncolim
2026-01-30T17:48:46.282Z,GA07G2507 - PER Mid Size (Water Tender),15.7164517,73.7974767,0,STOP,At Fire Station Pernem,Fire Station Pernem
2026-01-30T17:48:46.282Z,GA07G2505 - VAP Mid Size (Water Tender),15.4026267,74.0027833,0,STOP,At Fire Station Ponda ,Fire Station Valpoi
2026-01-30T17:48:46.282Z,GA07G2504 - BIC Mid Size (Water Tender),15.5895017,73.9465983,0,STOP,At Fire Station Bicholim ,Fire Station Bicholim
2026-01-30T17:48:46.282Z,GA07G2503- MAP Mid Size (Water Tender),15.5900233,73.80852,0,STOP,At Fire Station Mapusa,Fire Station Mapusa
2026-01-30T17:48:46.282Z,GA07G2502 - FFHQ Mid Size (Water Tender),15.4870117,73.8172283,0,STOP,"Caculo Mall, 16 Shanta, St Inez Rd, Caculo Enclave, Santa Inez, Panaji, Goa (NW)",Fire Force Headquarters
2026-01-30T17:50:31.536Z,GA 07 G 0680-PIL(QUICK RESPONSE VEHICLE),15.486505,73.8169917,0,STOP,At Fire Station panaji,Fire Station Pilerne
2026-01-30T17:50:31.536Z,GA07G2506 - OLG Mid Size (Water Tender),15.500312,73.914017,0,STOP,At Fire Station Old Goa,Fire Station Old Goa
2026-01-30T17:50:31.536Z,GA 07 G 5115-POR(MINI WATER TENDER),15.523118,73.829361,0,RUNNING,At Porvorim Fire Station,Fire Station Porvorim
2026-01-30T17:50:31.536Z,GA 07 G 0350-MRG(WATER TENDER),15.26939,73.970581,0,STOP,At Fire Station Margoa,Fire Station Margao
2026-01-30T17:50:31.536Z,GA 07 G 2900-MAP(MINI RESCUE TENDER),15.589847,73.808868,0,STOP,At Fire Station Mapusa,Fire Station Mapusa
2026-01-30T17:50:31.536Z,GA 07 G 7600-FFHQ(WATER BOUSER),15.487187,73.817146,0,STOP,"Caculo Mall, 16 Shanta, St Inez Rd, Caculo Enclave, Santa Inez, Panaji, Goa (NW)",Fire Force Headquarters
2026-01-30T17:50:31.536Z,GA 07 G 2002-FFHQ(TURN TABLE LADDER),15.487437,73.817352,0,STOP,"Caculo Mall, 16 Shanta, St Inez Rd, Caculo Enclave, Santa Inez, Panaji, Goa (NW)",Fire Force Headquarters
2026-01-30T17:50:31.536Z,GA 07 G 7101-FFHQ(WATER TENDER),15.486877,73.816963,0,STOP,"Caculo Mall, 16 Shanta, St Inez Rd, Caculo Enclave, Santa Inez, Panaji, Goa (NW)",Fire Force Headquarters
2026-01-30T17:50:31.536Z,GA 07 G 7677-FFHQ(EMERGENCY RESCUE),15.486953,73.817261,0,INACTIVE,"Caculo Mall, 16 Shanta, St Inez Rd, Caculo Enclave, Santa Inez, Panaji, Goa (NW)",Fire Force Headquarters
2026-01-30T17:50:31.536Z,GA 07 G 1121-PNJ(EMERGENCY RESCUE),15.487097,73.817223,0,STOP,"Caculo Mall, 16 Shanta, St Inez Rd, Caculo Enclave, Santa Inez, Panaji, Goa (NW)",Fire Station Panaji
2026-01-30T17:50:31.536Z,GA 07 G 1571-FFHQ(QUICK RESPONSE),15.486663,73.81739,0,STOP,"Caculo Mall, 16 Shanta, St Inez Rd, Caculo Enclave, Santa Inez, Panaji, Goa (NW)",Fire Force Headquarters
2026-01-30T17:50:31.536Z,GA 07 G 8101-MAP(WATER TENDER),15.590058,73.808762,0,STOP,At Fire Station Mapusa,Fire Station Mapusa
2026-01-30T17:50:31.536Z,GA 07 G 2317-MRG(EMERGENCY RESCUE TENDER),15.2695133,73.9702316,0,STOP,At Fire Station Margoa,Fire Station Margao
2026-01-30T17:50:31.536Z,GA 07 G 1570-VAS(QUICK RESPONSE FIRE TENDER),15.3887566,73.8513433,0,STOP,At Fire Station Vasco,Fire Station Vasco
2026-01-30T17:50:31.536Z,GA 07 G 4101-VAS(MS WATER TENDER),15.3888833,73.8513516,0,STOP,At Fire Station Vasco,Fire Station Vasco
2026-01-30T17:50:31.536Z,GA 07 G 0819-VAS(WATER/FOAM TENDER),15.3887567,73.85127,0,IDLE,At Fire Station Vasco,Fire Station Vasco
2026-01-30T17:50:31.536Z,GA 07 G 7100-MRG(WATER BOUSER),15.2695133,73.9702966,0,STOP,At Fire Station Margoa,Fire Station Margao
2026-01-30T17:50:31.536Z,GA 07 G 1568-MRG(QUICK RESPONSE ),15.2694166,73.9704266,0,STOP,At Fire Station Margoa,Fire Station Margao
2026-01-30T17:50:31.536Z,GA 07 G 6101-MRG(WATER TENDER),15.26936,73.9702883,0,STOP,At Fire Station Margoa,Fire Station Margao
2026-01-30T17:50:31.536Z,GA 07 G 1001-MRG(AERIAL LADDER PLATFORM),15.2695333,73.969905,0,INACTIVE,At Fire Station Margoa,Fire Station Margao
2026-01-30T17:50:31.536Z,GA 07 G 0820-BIC(WATER TEDNER),15.4027733,74.002805,0,STOP,At Fire Station Ponda ,Fire Station Bicholim
2026-01-30T17:50:31.536Z,GA 07 G 5101-OLG(MS WATER TENDER),15.5002983,73.9140383,0,STOP,At Fire Station Old Goa,Fire Station Old Goa
2026-01-30T17:50:31.536Z,GA 07 G 3101-BIC(MS WATER TENDER),15.589315,73.9468266,0,STOP,At Fire Station Bicholim ,Fire Station Bicholim
2026-01-30T17:50:31.536Z,GA 07 G 1941-BIC(QUICK RESPONSE),15.5894883,73.9467283,0,STOP,At Fire Station Bicholim ,Fire Station Bicholim
2026-01-30T17:50:31.536Z,GA 07 G 2319-VAS (EMERGENCY RESCUE TENDER),15.388815,73.8512783,0,STOP,At Fire Station Vasco,Fire Station Vasco
2026-01-30T17:50:31.536Z,GA 07 G 3737-VAP(WATER TENDER),15.53101,74.1386633,0,STOP,At Fire Station Valpoi ,Fire Station Valpoi
2026-01-30T17:50:31.536Z,GA 07 G 2318-PND(EMERGENCY RESCUE TENDER),15.402675,74.003035,0,STOP,At Fire Station Ponda ,Fire Station Ponda
2026-01-30T17:50:31.536Z,GA 07 G 2004-PND(QUICK RESPONSE),15.40267,74.00284,0,STOP,At Fire Station Ponda ,Fire Station Ponda
2026-01-30T17:50:31.536Z,GA 07 G 9101-PND(WATER TENDER),15.4031316,74.0027016,0,STOP,At Fire Station Ponda ,Fire Station Ponda
2026-01-30T17:50:31.536Z,GA 07 G 9797-PND(WATER BOUSER),15.4027366,74.0028816,0,STOP,At Fire Station Ponda ,Fire Station Ponda
2026-01-30T17:50:31.536Z,GA 07 G 6363-CAN(WATER TENDER),15.0236416,74.0440433,0,STOP,"Canacona, The Lalitrajbaga ,Canacona, Canacona, Goa (NE)",Fire Station Canacona
2026-01-30T17:50:31.536Z,GA 07 G 1567-CAN(QUICK RESPONSE FT),15.0236833,74.0440666,0,STOP,"Canacona, The Lalitrajbaga ,Canacona, Canacona, Goa (NE)",Fire Station Canacona
2026-01-30T17:50:31.536Z,GA 07 G 1569-VRN(QUICK RESPONSE),15.369755,73.935465,0,STOP,At Fire Station Verna,Fire Station Verna
2026-01-30T17:50:31.536Z,GA 07 G 9909-VRN(ADVANCE MULTI-PURPOSE),15.3693883,73.9361083,0,STOP,At Fire Station Verna,Fire Station Verna
2026-01-30T17:50:31.536Z,GA 07 G 1942-VAP(QUICK RESPONSE),15.5310133,74.1387783,0,STOP,At Fire Station Valpoi ,Fire Station Valpoi
2026-01-30T17:50:31.536Z,GA 07 G 2003-CUR(QUICK RESPONSE),15.26046,74.1037433,0,STOP,At Fire Station Curchorem,Fire Station Curchorem
2026-01-30T17:50:31.536Z,GA 07 G 7447-CUR(EMERGENCY RESCUE),15.2604166,74.103735,0,STOP,At Fire Station Curchorem,Fire Station Curchorem
2026-01-30T17:50:31.536Z,GA 07 G 7557-CUR(WATER TENDER),15.2603916,74.1034266,0,STOP,At Fire Station Curchorem,Fire Station Curchorem
2026-01-30T17:50:31.536Z,GA 07 G 7667-CUR(WATER BOUSER),15.26036,74.103735,0,STOP,At Fire Station Curchorem,Fire Station Curchorem
2026-01-30T17:50:31.536Z,GA 07 G 4989-KUN(WATER TENDER),15.4628883,73.9726967,0,STOP,At Fire Station Kundaim,Fire Station Kundaim
2026-01-30T17:50:31.536Z,GA 07 G 2242-PIL(WATER TENDER),15.533075,73.7940172,0,STOP,At Fire Station Pilerne,Fire Station Pilerne
2026-01-30T17:50:31.536Z,GA 07 G 0681-MAP(QUICK RESPONSE),15.5898267,73.8086667,0,STOP,At Fire Station Mapusa,Fire Station Mapusa
2026-01-30T17:50:31.536Z,GA 07 G 2101-PER(MS WATER TENDER),15.7164428,73.7974983,0,STOP,At Fire Station Pernem,Fire Station Pernem
2026-01-30T17:50:31.536Z,GA 07 G 4600-PER(MINI RESCUE TENDER),15.7164817,73.7975244,0,STOP,At Fire Station Pernem,Fire Station Pernem
2026-01-30T17:50:31.536Z,GA 07 G 7272-PNJ(WATER TENDER),15.4869706,73.8172022,0,STOP,"Caculo Mall, 16 Shanta, St Inez Rd, Caculo Enclave, Santa Inez, Panaji, Goa (NW)",Fire Station Panaji
2026-01-30T17:50:31.536Z,GA07G2384-CAN(WATER TENDER),15.1862872,74.0210394,0,STOP,At Fire Station Cuncolim,Fire Station Cuncolim
2026-01-30T17:50:31.536Z,GA07G2507 - PER Mid Size (Water Tender),15.7164517,73.7974767,0,STOP,At Fire Station Pernem,Fire Station Pernem
2026-01-30T17:50:31.536Z,GA07G2505 - VAP Mid Size (Water Tender),15.4026267,74.0027833,0,STOP,At Fire Station Ponda ,Fire Station Valpoi
2026-01-30T17:50:31.536Z,GA07G2504 - BIC Mid Size (Water Tender),15.5895017,73.9465983,0,STOP,At Fire Station Bicholim ,Fire Station Bicholim
2026-01-30T17:50:31.536Z,GA07G2503- MAP Mid Size (Water Tender),15.5900233,73.80852,0,STOP,At Fire Station Mapusa,Fire Station Mapusa
2026-01-30T17:50:31.536Z,GA07G2502 - FFHQ Mid Size (Water Tender),15.4870117,73.8172283,0,STOP,"Caculo Mall, 16 Shanta, St Inez Rd, Caculo Enclave, Santa Inez, Panaji, Goa (NW)",Fire Force Headquarters
2026-01-30T17:51:55.146Z,GA 07 G 0680-PIL(QUICK RESPONSE VEHICLE),15.486505,73.8169917,0,STOP,At Fire Station panaji,Fire Station Pilerne
2026-01-30T17:51:55.146Z,GA07G2506 - OLG Mid Size (Water Tender),15.500312,73.914017,0,STOP,At Fire Station Old Goa,Fire Station Old Goa
2026-01-30T17:51:55.146Z,GA 07 G 5115-POR(MINI WATER TENDER),15.523248,73.829521,0,RUNNING,At Porvorim Fire Station,Fire Station Porvorim
2026-01-30T17:51:55.146Z,GA 07 G 0350-MRG(WATER TENDER),15.26939,73.970581,0,STOP,At Fire Station Margoa,Fire Station Margao
2026-01-30T17:51:55.146Z,GA 07 G 2900-MAP(MINI RESCUE TENDER),15.589847,73.808868,0,STOP,At Fire Station Mapusa,Fire Station Mapusa
2026-01-30T17:51:55.146Z,GA 07 G 7600-FFHQ(WATER BOUSER),15.487187,73.817146,0,STOP,"Caculo Mall, 16 Shanta, St Inez Rd, Caculo Enclave, Santa Inez, Panaji, Goa (NW)",Fire Force Headquarters
2026-01-30T17:51:55.146Z,GA 07 G 2002-FFHQ(TURN TABLE LADDER),15.487437,73.817352,0,STOP,"Caculo Mall, 16 Shanta, St Inez Rd, Caculo Enclave, Santa Inez, Panaji, Goa (NW)",Fire Force Headquarters
2026-01-30T17:51:55.146Z,GA 07 G 7101-FFHQ(WATER TENDER),15.486877,73.816963,0,STOP,"Caculo Mall, 16 Shanta, St Inez Rd, Caculo Enclave, Santa Inez, Panaji, Goa (NW)",Fire Force Headquarters
2026-01-30T17:51:55.146Z,GA 07 G 7677-FFHQ(EMERGENCY RESCUE),15.486953,73.817261,0,INACTIVE,"Caculo Mall, 16 Shanta, St Inez Rd, Caculo Enclave, Santa Inez, Panaji, Goa (NW)",Fire Force Headquarters
2026-01-30T17:51:55.146Z,GA 07 G 1121-PNJ(EMERGENCY RESCUE),15.487097,73.817223,0,STOP,"Caculo Mall, 16 Shanta, St Inez Rd, Caculo Enclave, Santa Inez, Panaji, Goa (NW)",Fire Station Panaji
2026-01-30T17:51:55.146Z,GA 07 G 1571-FFHQ(QUICK RESPONSE),15.486663,73.81739,0,STOP,"Caculo Mall, 16 Shanta, St Inez Rd, Caculo Enclave, Santa Inez, Panaji, Goa (NW)",Fire Force Headquarters
2026-01-30T17:51:55.146Z,GA 07 G 8101-MAP(WATER TENDER),15.590058,73.808762,0,STOP,At Fire Station Mapusa,Fire Station Mapusa
2026-01-30T17:51:55.146Z,GA 07 G 2317-MRG(EMERGENCY RESCUE TENDER),15.2695916,73.9699383,0,STOP,At Fire Station Margoa,Fire Station Margao
2026-01-30T17:51:55.146Z,GA 07 G 1570-VAS(QUICK RESPONSE FIRE TENDER),15.3887566,73.8513433,0,STOP,At Fire Station Vasco,Fire Station Vasco
2026-01-30T17:51:55.146Z,GA 07 G 4101-VAS(MS WATER TENDER),15.3888833,73.8513516,0,STOP,At Fire Station Vasco,Fire Station Vasco
2026-01-30T17:51:55.146Z,GA 07 G 0819-VAS(WATER/FOAM TENDER),15.3887567,73.85127,0,IDLE,At Fire Station Vasco,Fire Station Vasco
2026-01-30T17:51:55.146Z,GA 07 G 7100-MRG(WATER BOUSER),15.2695133,73.9702966,0,STOP,At Fire Station Margoa,Fire Station Margao
2026-01-30T17:51:55.146Z,GA 07 G 1568-MRG(QUICK RESPONSE ),15.2694166,73.9704266,0,STOP,At Fire Station Margoa,Fire Station Margao
2026-01-30T17:51:55.146Z,GA 07 G 6101-MRG(WATER TENDER),15.26936,73.9702883,0,STOP,At Fire Station Margoa,Fire Station Margao
2026-01-30T17:51:55.146Z,GA 07 G 1001-MRG(AERIAL LADDER PLATFORM),15.2695333,73.969905,0,INACTIVE,At Fire Station Margoa,Fire Station Margao
2026-01-30T17:51:55.146Z,GA 07 G 0820-BIC(WATER TEDNER),15.4027733,74.002805,0,STOP,At Fire Station Ponda ,Fire Station Bicholim
2026-01-30T17:51:55.146Z,GA 07 G 5101-OLG(MS WATER TENDER),15.5002983,73.9140383,0,STOP,At Fire Station Old Goa,Fire Station Old Goa
2026-01-30T17:51:55.146Z,GA 07 G 3101-BIC(MS WATER TENDER),15.589315,73.9468266,0,STOP,At Fire Station Bicholim ,Fire Station Bicholim
2026-01-30T17:51:55.146Z,GA 07 G 1941-BIC(QUICK RESPONSE),15.5894883,73.9467283,0,STOP,At Fire Station Bicholim ,Fire Station Bicholim
2026-01-30T17:51:55.146Z,GA 07 G 2319-VAS (EMERGENCY RESCUE TENDER),15.388815,73.8512783,0,STOP,At Fire Station Vasco,Fire Station Vasco
2026-01-30T17:51:55.146Z,GA 07 G 3737-VAP(WATER TENDER),15.53101,74.1386633,0,STOP,At Fire Station Valpoi ,Fire Station Valpoi
2026-01-30T17:51:55.146Z,GA 07 G 2318-PND(EMERGENCY RESCUE TENDER),15.402675,74.003035,0,STOP,At Fire Station Ponda ,Fire Station Ponda
2026-01-30T17:51:55.146Z,GA 07 G 2004-PND(QUICK RESPONSE),15.40267,74.00284,0,STOP,At Fire Station Ponda ,Fire Station Ponda
2026-01-30T17:51:55.146Z,GA 07 G 9101-PND(WATER TENDER),15.4031316,74.0027016,0,STOP,At Fire Station Ponda ,Fire Station Ponda
2026-01-30T17:51:55.146Z,GA 07 G 9797-PND(WATER BOUSER),15.4027366,74.0028816,0,STOP,At Fire Station Ponda ,Fire Station Ponda
2026-01-30T17:51:55.146Z,GA 07 G 6363-CAN(WATER TENDER),15.0236416,74.0440433,0,STOP,"Canacona, The Lalitrajbaga ,Canacona, Canacona, Goa (NE)",Fire Station Canacona
2026-01-30T17:51:55.146Z,GA 07 G 1567-CAN(QUICK RESPONSE FT),15.0236833,74.0440666,0,STOP,"Canacona, The Lalitrajbaga ,Canacona, Canacona, Goa (NE)",Fire Station Canacona
2026-01-30T17:51:55.146Z,GA 07 G 1569-VRN(QUICK RESPONSE),15.369755,73.935465,0,STOP,At Fire Station Verna,Fire Station Verna
2026-01-30T17:51:55.146Z,GA 07 G 9909-VRN(ADVANCE MULTI-PURPOSE),15.3693883,73.9361083,0,STOP,At Fire Station Verna,Fire Station Verna
2026-01-30T17:51:55.146Z,GA 07 G 1942-VAP(QUICK RESPONSE),15.5310133,74.1387783,0,STOP,At Fire Station Valpoi ,Fire Station Valpoi
2026-01-30T17:51:55.146Z,GA 07 G 2003-CUR(QUICK RESPONSE),15.26046,74.1037433,0,STOP,At Fire Station Curchorem,Fire Station Curchorem
2026-01-30T17:51:55.146Z,GA 07 G 7447-CUR(EMERGENCY RESCUE),15.2604166,74.103735,0,STOP,At Fire Station Curchorem,Fire Station Curchorem
2026-01-30T17:51:55.146Z,GA 07 G 7557-CUR(WATER TENDER),15.2603916,74.1034266,0,STOP,At Fire Station Curchorem,Fire Station Curchorem
2026-01-30T17:51:55.146Z,GA 07 G 7667-CUR(WATER BOUSER),15.26036,74.103735,0,STOP,At Fire Station Curchorem,Fire Station Curchorem
2026-01-30T17:51:55.146Z,GA 07 G 4989-KUN(WATER TENDER),15.4628883,73.9726967,0,STOP,At Fire Station Kundaim,Fire Station Kundaim
2026-01-30T17:51:55.146Z,GA 07 G 2242-PIL(WATER TENDER),15.533075,73.7940172,0,STOP,At Fire Station Pilerne,Fire Station Pilerne
2026-01-30T17:51:55.146Z,GA 07 G 0681-MAP(QUICK RESPONSE),15.5898267,73.8086667,0,STOP,At Fire Station Mapusa,Fire Station Mapusa
2026-01-30T17:51:55.146Z,GA 07 G 2101-PER(MS WATER TENDER),15.7164428,73.7974983,0,STOP,At Fire Station Pernem,Fire Station Pernem
2026-01-30T17:51:55.146Z,GA 07 G 4600-PER(MINI RESCUE TENDER),15.7164817,73.7975244,0,STOP,At Fire Station Pernem,Fire Station Pernem
2026-01-30T17:51:55.146Z,GA 07 G 7272-PNJ(WATER TENDER),15.4869706,73.8172022,0,STOP,"Caculo Mall, 16 Shanta, St Inez Rd, Caculo Enclave, Santa Inez, Panaji, Goa (NW)",Fire Station Panaji
2026-01-30T17:51:55.146Z,GA07G2384-CAN(WATER TENDER),15.1862872,74.0210394,0,STOP,At Fire Station Cuncolim,Fire Station Cuncolim
2026-01-30T17:51:55.146Z,GA07G2507 - PER Mid Size (Water Tender),15.7164517,73.7974767,0,STOP,At Fire Station Pernem,Fire Station Pernem
2026-01-30T17:51:55.146Z,GA07G2505 - VAP Mid Size (Water Tender),15.4026267,74.0027833,0,STOP,At Fire Station Ponda ,Fire Station Valpoi
2026-01-30T17:51:55.146Z,GA07G2504 - BIC Mid Size (Water Tender),15.5895017,73.9465983,0,STOP,At Fire Station Bicholim ,Fire Station Bicholim
2026-01-30T17:51:55.146Z,GA07G2503- MAP Mid Size (Water Tender),15.5900233,73.80852,0,STOP,At Fire Station Mapusa,Fire Station Mapusa
2026-01-30T17:51:55.146Z,GA07G2502 - FFHQ Mid Size (Water Tender),15.4870117,73.8172283,0,STOP,"Caculo Mall, 16 Shanta, St Inez Rd, Caculo Enclave, Santa Inez, Panaji, Goa (NW)",Fire Force Headquarters
2026-01-30T17:52:56.292Z,GA 07 G 0680-PIL(QUICK RESPONSE VEHICLE),15.486505,73.8169917,0,STOP,At Fire Station panaji,Fire Station Pilerne
2026-01-30T17:52:56.292Z,GA07G2506 - OLG Mid Size (Water Tender),15.500312,73.914017,0,STOP,At Fire Station Old Goa,Fire Station Old Goa
2026-01-30T17:52:56.292Z,GA 07 G 5115-POR(MINI WATER TENDER),15.52631,73.829865,19,RUNNING,"Betim–Penha de Franca–Pomburpa–Quitla-Aldona Rd, Porvorim, Penha de França, Goa (SW)",Fire Station Porvorim
2026-01-30T17:52:56.292Z,GA 07 G 0350-MRG(WATER TENDER),15.26939,73.970581,0,STOP,At Fire Station Margoa,Fire Station Margao
2026-01-30T17:52:56.292Z,GA 07 G 2900-MAP(MINI RESCUE TENDER),15.589847,73.808868,0,STOP,At Fire Station Mapusa,Fire Station Mapusa
2026-01-30T17:52:56.292Z,GA 07 G 7600-FFHQ(WATER BOUSER),15.487187,73.817146,0,STOP,"Caculo Mall, 16 Shanta, St Inez Rd, Caculo Enclave, Santa Inez, Panaji, Goa (NW)",Fire Force Headquarters
2026-01-30T17:52:56.292Z,GA 07 G 2002-FFHQ(TURN TABLE LADDER),15.487437,73.817352,0,STOP,"Caculo Mall, 16 Shanta, St Inez Rd, Caculo Enclave, Santa Inez, Panaji, Goa (NW)",Fire Force Headquarters
2026-01-30T17:52:56.292Z,GA 07 G 7101-FFHQ(WATER TENDER),15.486877,73.816963,0,STOP,"Caculo Mall, 16 Shanta, St Inez Rd, Caculo Enclave, Santa Inez, Panaji, Goa (NW)",Fire Force Headquarters
2026-01-30T17:52:56.292Z,GA 07 G 7677-FFHQ(EMERGENCY RESCUE),15.486953,73.817261,0,INACTIVE,"Caculo Mall, 16 Shanta, St Inez Rd, Caculo Enclave, Santa Inez, Panaji, Goa (NW)",Fire Force Headquarters
2026-01-30T17:52:56.292Z,GA 07 G 1121-PNJ(EMERGENCY RESCUE),15.487097,73.817223,0,STOP,"Caculo Mall, 16 Shanta, St Inez Rd, Caculo Enclave, Santa Inez, Panaji, Goa (NW)",Fire Station Panaji
2026-01-30T17:52:56.292Z,GA 07 G 1571-FFHQ(QUICK RESPONSE),15.486663,73.81739,0,STOP,"Caculo Mall, 16 Shanta, St Inez Rd, Caculo Enclave, Santa Inez, Panaji, Goa (NW)",Fire Force Headquarters
2026-01-30T17:52:56.292Z,GA 07 G 8101-MAP(WATER TENDER),15.590058,73.808762,0,STOP,At Fire Station Mapusa,Fire Station Mapusa
2026-01-30T17:52:56.292Z,GA 07 G 2317-MRG(EMERGENCY RESCUE TENDER),15.2695916,73.9699383,1,STOP,At Fire Station Margoa,Fire Station Margao
2026-01-30T17:52:56.292Z,GA 07 G 1570-VAS(QUICK RESPONSE FIRE TENDER),15.3887566,73.8513433,0,STOP,At Fire Station Vasco,Fire Station Vasco
2026-01-30T17:52:56.292Z,GA 07 G 4101-VAS(MS WATER TENDER),15.3888833,73.8513516,0,STOP,At Fire Station Vasco,Fire Station Vasco
2026-01-30T17:52:56.292Z,GA 07 G 0819-VAS(WATER/FOAM TENDER),15.38876,73.851285,0,RUNNING,At Fire Station Vasco,Fire Station Vasco
2026-01-30T17:52:56.292Z,GA 07 G 7100-MRG(WATER BOUSER),15.2695133,73.9702966,0,STOP,At Fire Station Margoa,Fire Station Margao
2026-01-30T17:52:56.292Z,GA 07 G 1568-MRG(QUICK RESPONSE ),15.2694166,73.9704266,0,STOP,At Fire Station Margoa,Fire Station Margao
2026-01-30T17:52:56.292Z,GA 07 G 6101-MRG(WATER TENDER),15.26936,73.9702883,0,STOP,At Fire Station Margoa,Fire Station Margao
2026-01-30T17:52:56.292Z,GA 07 G 1001-MRG(AERIAL LADDER PLATFORM),15.2695333,73.969905,0,INACTIVE,At Fire Station Margoa,Fire Station Margao
2026-01-30T17:52:56.292Z,GA 07 G 0820-BIC(WATER TEDNER),15.4027733,74.002805,0,STOP,At Fire Station Ponda ,Fire Station Bicholim
2026-01-30T17:52:56.292Z,GA 07 G 5101-OLG(MS WATER TENDER),15.5002983,73.9140383,0,STOP,At Fire Station Old Goa,Fire Station Old Goa
2026-01-30T17:52:56.292Z,GA 07 G 3101-BIC(MS WATER TENDER),15.589315,73.9468266,0,STOP,At Fire Station Bicholim ,Fire Station Bicholim
2026-01-30T17:52:56.292Z,GA 07 G 1941-BIC(QUICK RESPONSE),15.5894883,73.9467283,0,STOP,At Fire Station Bicholim ,Fire Station Bicholim
2026-01-30T17:52:56.292Z,GA 07 G 2319-VAS (EMERGENCY RESCUE TENDER),15.388815,73.8512783,0,STOP,At Fire Station Vasco,Fire Station Vasco
2026-01-30T17:52:56.292Z,GA 07 G 3737-VAP(WATER TENDER),15.53101,74.1386633,0,STOP,At Fire Station Valpoi ,Fire Station Valpoi
2026-01-30T17:52:56.292Z,GA 07 G 2318-PND(EMERGENCY RESCUE TENDER),15.402675,74.003035,0,STOP,At Fire Station Ponda ,Fire Station Ponda
2026-01-30T17:52:56.292Z,GA 07 G 2004-PND(QUICK RESPONSE),15.40267,74.00284,0,STOP,At Fire Station Ponda ,Fire Station Ponda
2026-01-30T17:52:56.292Z,GA 07 G 9101-PND(WATER TENDER),15.4031316,74.0027016,0,STOP,At Fire Station Ponda ,Fire Station Ponda
2026-01-30T17:52:56.292Z,GA 07 G 9797-PND(WATER BOUSER),15.4027366,74.0028816,0,STOP,At Fire Station Ponda ,Fire Station Ponda
2026-01-30T17:52:56.292Z,GA 07 G 6363-CAN(WATER TENDER),15.0236416,74.0440433,0,STOP,"Canacona, The Lalitrajbaga ,Canacona, Canacona, Goa (NE)",Fire Station Canacona
2026-01-30T17:52:56.292Z,GA 07 G 1567-CAN(QUICK RESPONSE FT),15.0236833,74.0440666,0,STOP,"Canacona, The Lalitrajbaga ,Canacona, Canacona, Goa (NE)",Fire Station Canacona
2026-01-30T17:52:56.292Z,GA 07 G 1569-VRN(QUICK RESPONSE),15.369755,73.935465,0,STOP,At Fire Station Verna,Fire Station Verna
2026-01-30T17:52:56.292Z,GA 07 G 9909-VRN(ADVANCE MULTI-PURPOSE),15.3693883,73.9361083,0,STOP,At Fire Station Verna,Fire Station Verna
2026-01-30T17:52:56.292Z,GA 07 G 1942-VAP(QUICK RESPONSE),15.5310133,74.1387783,0,STOP,At Fire Station Valpoi ,Fire Station Valpoi
2026-01-30T17:52:56.292Z,GA 07 G 2003-CUR(QUICK RESPONSE),15.26046,74.1037433,0,STOP,At Fire Station Curchorem,Fire Station Curchorem
2026-01-30T17:52:56.292Z,GA 07 G 7447-CUR(EMERGENCY RESCUE),15.2604166,74.103735,0,STOP,At Fire Station Curchorem,Fire Station Curchorem
2026-01-30T17:52:56.292Z,GA 07 G 7557-CUR(WATER TENDER),15.2603916,74.1034266,0,STOP,At Fire Station Curchorem,Fire Station Curchorem
2026-01-30T17:52:56.292Z,GA 07 G 7667-CUR(WATER BOUSER),15.26036,74.103735,0,STOP,At Fire Station Curchorem,Fire Station Curchorem
2026-01-30T17:52:56.292Z,GA 07 G 4989-KUN(WATER TENDER),15.4628883,73.9726967,0,STOP,At Fire Station Kundaim,Fire Station Kundaim
2026-01-30T17:52:56.292Z,GA 07 G 2242-PIL(WATER TENDER),15.533075,73.7940172,0,STOP,At Fire Station Pilerne,Fire Station Pilerne
2026-01-30T17:52:56.292Z,GA 07 G 0681-MAP(QUICK RESPONSE),15.5898267,73.8086667,0,STOP,At Fire Station Mapusa,Fire Station Mapusa
2026-01-30T17:52:56.292Z,GA 07 G 2101-PER(MS WATER TENDER),15.7164428,73.7974983,0,STOP,At Fire Station Pernem,Fire Station Pernem
2026-01-30T17:52:56.292Z,GA 07 G 4600-PER(MINI RESCUE TENDER),15.7164817,73.7975244,0,STOP,At Fire Station Pernem,Fire Station Pernem
2026-01-30T17:52:56.292Z,GA 07 G 7272-PNJ(WATER TENDER),15.4869706,73.8172022,0,STOP,"Caculo Mall, 16 Shanta, St Inez Rd, Caculo Enclave, Santa Inez, Panaji, Goa (NW)",Fire Station Panaji
2026-01-30T17:52:56.292Z,GA07G2384-CAN(WATER TENDER),15.1862872,74.0210394,0,STOP,At Fire Station Cuncolim,Fire Station Cuncolim
2026-01-30T17:52:56.292Z,GA07G2507 - PER Mid Size (Water Tender),15.7164517,73.7974767,0,STOP,At Fire Station Pernem,Fire Station Pernem
2026-01-30T17:52:56.292Z,GA07G2505 - VAP Mid Size (Water Tender),15.4026267,74.0027833,0,STOP,At Fire Station Ponda ,Fire Station Valpoi
2026-01-30T17:52:56.292Z,GA07G2504 - BIC Mid Size (Water Tender),15.5895017,73.9465983,0,STOP,At Fire Station Bicholim ,Fire Station Bicholim
2026-01-30T17:52:56.292Z,GA07G2503- MAP Mid Size (Water Tender),15.5900233,73.80852,0,STOP,At Fire Station Mapusa,Fire Station Mapusa
2026-01-30T17:52:56.292Z,GA07G2502 - FFHQ Mid Size (Water Tender),15.4870117,73.8172283,0,STOP,"Caculo Mall, 16 Shanta, St Inez Rd, Caculo Enclave, Santa Inez, Panaji, Goa (NW)",Fire Force Headquarters
2026-01-30T17:53:54.912Z,GA 07 G 0680-PIL(QUICK RESPONSE VEHICLE),15.486505,73.8169917,0,STOP,At Fire Station panaji,Fire Station Pilerne
2026-01-30T17:53:54.912Z,GA07G2506 - OLG Mid Size (Water Tender),15.500312,73.914017,0,STOP,At Fire Station Old Goa,Fire Station Old Goa
2026-01-30T17:53:54.912Z,GA 07 G 5115-POR(MINI WATER TENDER),15.530565,73.828941,18,RUNNING,"BB Borkar Road, Porvorim, Penha de França, Goa (SW)",Fire Station Porvorim
2026-01-30T17:53:54.912Z,GA 07 G 0350-MRG(WATER TENDER),15.26939,73.970581,0,STOP,At Fire Station Margoa,Fire Station Margao
2026-01-30T17:53:54.912Z,GA 07 G 2900-MAP(MINI RESCUE TENDER),15.589847,73.808868,0,STOP,At Fire Station Mapusa,Fire Station Mapusa
2026-01-30T17:53:54.912Z,GA 07 G 7600-FFHQ(WATER BOUSER),15.487187,73.817146,0,STOP,"Caculo Mall, 16 Shanta, St Inez Rd, Caculo Enclave, Santa Inez, Panaji, Goa (NW)",Fire Force Headquarters
2026-01-30T17:53:54.912Z,GA 07 G 2002-FFHQ(TURN TABLE LADDER),15.487437,73.817352,0,STOP,"Caculo Mall, 16 Shanta, St Inez Rd, Caculo Enclave, Santa Inez, Panaji, Goa (NW)",Fire Force Headquarters
2026-01-30T17:53:54.912Z,GA 07 G 7101-FFHQ(WATER TENDER),15.486877,73.816963,0,STOP,"Caculo Mall, 16 Shanta, St Inez Rd, Caculo Enclave, Santa Inez, Panaji, Goa (NW)",Fire Force Headquarters
2026-01-30T17:53:54.912Z,GA 07 G 7677-FFHQ(EMERGENCY RESCUE),15.486953,73.817261,0,INACTIVE,"Caculo Mall, 16 Shanta, St Inez Rd, Caculo Enclave, Santa Inez, Panaji, Goa (NW)",Fire Force Headquarters
2026-01-30T17:53:54.912Z,GA 07 G 1121-PNJ(EMERGENCY RESCUE),15.487097,73.817223,0,STOP,"Caculo Mall, 16 Shanta, St Inez Rd, Caculo Enclave, Santa Inez, Panaji, Goa (NW)",Fire Station Panaji
2026-01-30T17:53:54.912Z,GA 07 G 1571-FFHQ(QUICK RESPONSE),15.486663,73.81739,0,STOP,"Caculo Mall, 16 Shanta, St Inez Rd, Caculo Enclave, Santa Inez, Panaji, Goa (NW)",Fire Force Headquarters
2026-01-30T17:53:54.912Z,GA 07 G 8101-MAP(WATER TENDER),15.590058,73.808762,0,STOP,At Fire Station Mapusa,Fire Station Mapusa
2026-01-30T17:53:54.912Z,GA 07 G 2317-MRG(EMERGENCY RESCUE TENDER),15.2694766,73.96997,1,STOP,At Fire Station Margoa,Fire Station Margao
2026-01-30T17:53:54.912Z,GA 07 G 1570-VAS(QUICK RESPONSE FIRE TENDER),15.3887566,73.8513433,0,STOP,At Fire Station Vasco,Fire Station Vasco
2026-01-30T17:53:54.912Z,GA 07 G 4101-VAS(MS WATER TENDER),15.3888833,73.8513516,0,STOP,At Fire Station Vasco,Fire Station Vasco
2026-01-30T17:53:54.912Z,GA 07 G 0819-VAS(WATER/FOAM TENDER),15.3887783,73.8513183,0,RUNNING,At Fire Station Vasco,Fire Station Vasco
2026-01-30T17:53:54.912Z,GA 07 G 7100-MRG(WATER BOUSER),15.2695133,73.9702966,0,STOP,At Fire Station Margoa,Fire Station Margao
2026-01-30T17:53:54.912Z,GA 07 G 1568-MRG(QUICK RESPONSE ),15.2694166,73.9704266,0,STOP,At Fire Station Margoa,Fire Station Margao
2026-01-30T17:53:54.912Z,GA 07 G 6101-MRG(WATER TENDER),15.26936,73.9702883,0,STOP,At Fire Station Margoa,Fire Station Margao
2026-01-30T17:53:54.912Z,GA 07 G 1001-MRG(AERIAL LADDER PLATFORM),15.2695333,73.969905,0,INACTIVE,At Fire Station Margoa,Fire Station Margao
2026-01-30T17:53:54.912Z,GA 07 G 0820-BIC(WATER TEDNER),15.4027733,74.002805,0,STOP,At Fire Station Ponda ,Fire Station Bicholim
2026-01-30T17:53:54.912Z,GA 07 G 5101-OLG(MS WATER TENDER),15.5002983,73.9140383,0,STOP,At Fire Station Old Goa,Fire Station Old Goa
2026-01-30T17:53:54.912Z,GA 07 G 3101-BIC(MS WATER TENDER),15.589315,73.9468266,0,STOP,At Fire Station Bicholim ,Fire Station Bicholim
2026-01-30T17:53:54.912Z,GA 07 G 1941-BIC(QUICK RESPONSE),15.5894883,73.9467283,0,STOP,At Fire Station Bicholim ,Fire Station Bicholim
2026-01-30T17:53:54.912Z,GA 07 G 2319-VAS (EMERGENCY RESCUE TENDER),15.388815,73.8512783,0,STOP,At Fire Station Vasco,Fire Station Vasco
2026-01-30T17:53:54.912Z,GA 07 G 3737-VAP(WATER TENDER),15.53101,74.1386633,0,STOP,At Fire Station Valpoi ,Fire Station Valpoi
2026-01-30T17:53:54.912Z,GA 07 G 2318-PND(EMERGENCY RESCUE TENDER),15.402675,74.003035,0,STOP,At Fire Station Ponda ,Fire Station Ponda
2026-01-30T17:53:54.912Z,GA 07 G 2004-PND(QUICK RESPONSE),15.40267,74.00284,0,STOP,At Fire Station Ponda ,Fire Station Ponda
2026-01-30T17:53:54.912Z,GA 07 G 9101-PND(WATER TENDER),15.4031316,74.0027016,0,STOP,At Fire Station Ponda ,Fire Station Ponda
2026-01-30T17:53:54.912Z,GA 07 G 9797-PND(WATER BOUSER),15.4027366,74.0028816,0,STOP,At Fire Station Ponda ,Fire Station Ponda
2026-01-30T17:53:54.912Z,GA 07 G 6363-CAN(WATER TENDER),15.0236416,74.0440433,0,STOP,"Canacona, The Lalitrajbaga ,Canacona, Canacona, Goa (NE)",Fire Station Canacona
2026-01-30T17:53:54.912Z,GA 07 G 1567-CAN(QUICK RESPONSE FT),15.0236833,74.0440666,0,STOP,"Canacona, The Lalitrajbaga ,Canacona, Canacona, Goa (NE)",Fire Station Canacona
2026-01-30T17:53:54.912Z,GA 07 G 1569-VRN(QUICK RESPONSE),15.369755,73.935465,0,STOP,At Fire Station Verna,Fire Station Verna
2026-01-30T17:53:54.912Z,GA 07 G 9909-VRN(ADVANCE MULTI-PURPOSE),15.3693883,73.9361083,0,STOP,At Fire Station Verna,Fire Station Verna
2026-01-30T17:53:54.912Z,GA 07 G 1942-VAP(QUICK RESPONSE),15.5310133,74.1387783,0,STOP,At Fire Station Valpoi ,Fire Station Valpoi
2026-01-30T17:53:54.912Z,GA 07 G 2003-CUR(QUICK RESPONSE),15.26046,74.1037433,0,STOP,At Fire Station Curchorem,Fire Station Curchorem
2026-01-30T17:53:54.912Z,GA 07 G 7447-CUR(EMERGENCY RESCUE),15.2604166,74.103735,0,STOP,At Fire Station Curchorem,Fire Station Curchorem
2026-01-30T17:53:54.912Z,GA 07 G 7557-CUR(WATER TENDER),15.2603916,74.1034266,0,STOP,At Fire Station Curchorem,Fire Station Curchorem
2026-01-30T17:53:54.912Z,GA 07 G 7667-CUR(WATER BOUSER),15.26036,74.103735,0,STOP,At Fire Station Curchorem,Fire Station Curchorem
2026-01-30T17:53:54.912Z,GA 07 G 4989-KUN(WATER TENDER),15.4628883,73.9726967,0,STOP,At Fire Station Kundaim,Fire Station Kundaim
2026-01-30T17:53:54.912Z,GA 07 G 2242-PIL(WATER TENDER),15.533075,73.7940172,0,STOP,At Fire Station Pilerne,Fire Station Pilerne
2026-01-30T17:53:54.912Z,GA 07 G 0681-MAP(QUICK RESPONSE),15.5898267,73.8086667,0,STOP,At Fire Station Mapusa,Fire Station Mapusa
2026-01-30T17:53:54.912Z,GA 07 G 2101-PER(MS WATER TENDER),15.7164428,73.7974983,0,STOP,At Fire Station Pernem,Fire Station Pernem
2026-01-30T17:53:54.912Z,GA 07 G 4600-PER(MINI RESCUE TENDER),15.7164817,73.7975244,0,STOP,At Fire Station Pernem,Fire Station Pernem
2026-01-30T17:53:54.912Z,GA 07 G 7272-PNJ(WATER TENDER),15.4869706,73.8172022,0,STOP,"Caculo Mall, 16 Shanta, St Inez Rd, Caculo Enclave, Santa Inez, Panaji, Goa (NW)",Fire Station Panaji
2026-01-30T17:53:54.912Z,GA07G2384-CAN(WATER TENDER),15.1862872,74.0210394,0,STOP,At Fire Station Cuncolim,Fire Station Cuncolim
2026-01-30T17:53:54.912Z,GA07G2507 - PER Mid Size (Water Tender),15.7164517,73.7974767,0,STOP,At Fire Station Pernem,Fire Station Pernem
2026-01-30T17:53:54.912Z,GA07G2505 - VAP Mid Size (Water Tender),15.4026267,74.0027833,0,STOP,At Fire Station Ponda ,Fire Station Valpoi
2026-01-30T17:53:54.912Z,GA07G2504 - BIC Mid Size (Water Tender),15.5895017,73.9465983,0,STOP,At Fire Station Bicholim ,Fire Station Bicholim
2026-01-30T17:53:54.912Z,GA07G2503- MAP Mid Size (Water Tender),15.5900233,73.80852,0,STOP,At Fire Station Mapusa,Fire Station Mapusa
2026-01-30T17:53:54.912Z,GA07G2502 - FFHQ Mid Size (Water Tender),15.4870117,73.8172283,0,STOP,"Caculo Mall, 16 Shanta, St Inez Rd, Caculo Enclave, Santa Inez, Panaji, Goa (NW)",Fire Force Headquarters
2026-01-30T17:55:02.306Z,GA 07 G 0680-PIL(QUICK RESPONSE VEHICLE),15.486505,73.8169917,0,STOP,At Fire Station panaji,Fire Station Pilerne
2026-01-30T17:55:02.306Z,GA07G2506 - OLG Mid Size (Water Tender),15.500312,73.914017,0,STOP,At Fire Station Old Goa,Fire Station Old Goa
2026-01-30T17:55:02.306Z,GA 07 G 5115-POR(MINI WATER TENDER),15.53116,73.825829,0,IDLE,"The Goa Urban Cooperative Bank Limited, Porvorim Branch, Bakibab, BB Borkar Road, Porvorim, Penha de França, Goa (NE)",Fire Station Porvorim
2026-01-30T17:55:02.306Z,GA 07 G 0350-MRG(WATER TENDER),15.26939,73.970581,0,STOP,At Fire Station Margoa,Fire Station Margao
2026-01-30T17:55:02.306Z,GA 07 G 2900-MAP(MINI RESCUE TENDER),15.589847,73.808868,0,STOP,At Fire Station Mapusa,Fire Station Mapusa
2026-01-30T17:55:02.306Z,GA 07 G 7600-FFHQ(WATER BOUSER),15.487187,73.817146,0,STOP,"Caculo Mall, 16 Shanta, St Inez Rd, Caculo Enclave, Santa Inez, Panaji, Goa (NW)",Fire Force Headquarters
2026-01-30T17:55:02.306Z,GA 07 G 2002-FFHQ(TURN TABLE LADDER),15.487437,73.817352,0,STOP,"Caculo Mall, 16 Shanta, St Inez Rd, Caculo Enclave, Santa Inez, Panaji, Goa (NW)",Fire Force Headquarters
2026-01-30T17:55:02.306Z,GA 07 G 7101-FFHQ(WATER TENDER),15.486877,73.816963,0,STOP,"Caculo Mall, 16 Shanta, St Inez Rd, Caculo Enclave, Santa Inez, Panaji, Goa (NW)",Fire Force Headquarters
2026-01-30T17:55:02.306Z,GA 07 G 7677-FFHQ(EMERGENCY RESCUE),15.486953,73.817261,0,INACTIVE,"Caculo Mall, 16 Shanta, St Inez Rd, Caculo Enclave, Santa Inez, Panaji, Goa (NW)",Fire Force Headquarters
2026-01-30T17:55:02.306Z,GA 07 G 1121-PNJ(EMERGENCY RESCUE),15.487097,73.817223,0,STOP,"Caculo Mall, 16 Shanta, St Inez Rd, Caculo Enclave, Santa Inez, Panaji, Goa (NW)",Fire Station Panaji
2026-01-30T17:55:02.306Z,GA 07 G 1571-FFHQ(QUICK RESPONSE),15.486663,73.81739,0,STOP,"Caculo Mall, 16 Shanta, St Inez Rd, Caculo Enclave, Santa Inez, Panaji, Goa (NW)",Fire Force Headquarters
2026-01-30T17:55:02.306Z,GA 07 G 8101-MAP(WATER TENDER),15.590058,73.808762,0,STOP,At Fire Station Mapusa,Fire Station Mapusa
2026-01-30T17:55:02.306Z,GA 07 G 2317-MRG(EMERGENCY RESCUE TENDER),15.2694783,73.970035,0,STOP,At Fire Station Margoa,Fire Station Margao
2026-01-30T17:55:02.306Z,GA 07 G 1570-VAS(QUICK RESPONSE FIRE TENDER),15.3887566,73.8513433,0,STOP,At Fire Station Vasco,Fire Station Vasco
2026-01-30T17:55:02.306Z,GA 07 G 4101-VAS(MS WATER TENDER),15.3888833,73.8513516,0,STOP,At Fire Station Vasco,Fire Station Vasco
2026-01-30T17:55:02.306Z,GA 07 G 0819-VAS(WATER/FOAM TENDER),15.3887917,73.8513517,0,IDLE,At Fire Station Vasco,Fire Station Vasco
2026-01-30T17:55:02.306Z,GA 07 G 7100-MRG(WATER BOUSER),15.2695133,73.9702966,0,STOP,At Fire Station Margoa,Fire Station Margao
2026-01-30T17:55:02.306Z,GA 07 G 1568-MRG(QUICK RESPONSE ),15.2694166,73.9704266,0,STOP,At Fire Station Margoa,Fire Station Margao
2026-01-30T17:55:02.306Z,GA 07 G 6101-MRG(WATER TENDER),15.26936,73.9702883,0,STOP,At Fire Station Margoa,Fire Station Margao
2026-01-30T17:55:02.306Z,GA 07 G 1001-MRG(AERIAL LADDER PLATFORM),15.2695333,73.969905,0,INACTIVE,At Fire Station Margoa,Fire Station Margao
2026-01-30T17:55:02.306Z,GA 07 G 0820-BIC(WATER TEDNER),15.4027733,74.002805,0,STOP,At Fire Station Ponda ,Fire Station Bicholim
2026-01-30T17:55:02.306Z,GA 07 G 5101-OLG(MS WATER TENDER),15.5002983,73.9140383,0,STOP,At Fire Station Old Goa,Fire Station Old Goa
2026-01-30T17:55:02.306Z,GA 07 G 3101-BIC(MS WATER TENDER),15.589315,73.9468266,0,STOP,At Fire Station Bicholim ,Fire Station Bicholim
2026-01-30T17:55:02.306Z,GA 07 G 1941-BIC(QUICK RESPONSE),15.5894883,73.9467283,0,STOP,At Fire Station Bicholim ,Fire Station Bicholim
2026-01-30T17:55:02.306Z,GA 07 G 2319-VAS (EMERGENCY RESCUE TENDER),15.388815,73.8512783,0,STOP,At Fire Station Vasco,Fire Station Vasco
2026-01-30T17:55:02.306Z,GA 07 G 3737-VAP(WATER TENDER),15.53101,74.1386633,0,STOP,At Fire Station Valpoi ,Fire Station Valpoi
2026-01-30T17:55:02.306Z,GA 07 G 2318-PND(EMERGENCY RESCUE TENDER),15.402675,74.003035,0,STOP,At Fire Station Ponda ,Fire Station Ponda
2026-01-30T17:55:02.306Z,GA 07 G 2004-PND(QUICK RESPONSE),15.40267,74.00284,0,STOP,At Fire Station Ponda ,Fire Station Ponda
2026-01-30T17:55:02.306Z,GA 07 G 9101-PND(WATER TENDER),15.4031316,74.0027016,0,STOP,At Fire Station Ponda ,Fire Station Ponda
2026-01-30T17:55:02.306Z,GA 07 G 9797-PND(WATER BOUSER),15.4027366,74.0028816,0,STOP,At Fire Station Ponda ,Fire Station Ponda
2026-01-30T17:55:02.306Z,GA 07 G 6363-CAN(WATER TENDER),15.0236416,74.0440433,0,STOP,"Canacona, The Lalitrajbaga ,Canacona, Canacona, Goa (NE)",Fire Station Canacona
2026-01-30T17:55:02.306Z,GA 07 G 1567-CAN(QUICK RESPONSE FT),15.0236833,74.0440666,0,STOP,"Canacona, The Lalitrajbaga ,Canacona, Canacona, Goa (NE)",Fire Station Canacona
2026-01-30T17:55:02.306Z,GA 07 G 1569-VRN(QUICK RESPONSE),15.369755,73.935465,0,STOP,At Fire Station Verna,Fire Station Verna
2026-01-30T17:55:02.306Z,GA 07 G 9909-VRN(ADVANCE MULTI-PURPOSE),15.3693883,73.9361083,0,STOP,At Fire Station Verna,Fire Station Verna
2026-01-30T17:55:02.306Z,GA 07 G 1942-VAP(QUICK RESPONSE),15.5310133,74.1387783,0,STOP,At Fire Station Valpoi ,Fire Station Valpoi
2026-01-30T17:55:02.306Z,GA 07 G 2003-CUR(QUICK RESPONSE),15.26046,74.1037433,0,STOP,At Fire Station Curchorem,Fire Station Curchorem
2026-01-30T17:55:02.306Z,GA 07 G 7447-CUR(EMERGENCY RESCUE),15.2604166,74.103735,0,STOP,At Fire Station Curchorem,Fire Station Curchorem
2026-01-30T17:55:02.306Z,GA 07 G 7557-CUR(WATER TENDER),15.2603916,74.1034266,0,STOP,At Fire Station Curchorem,Fire Station Curchorem
2026-01-30T17:55:02.306Z,GA 07 G 7667-CUR(WATER BOUSER),15.26036,74.103735,0,STOP,At Fire Station Curchorem,Fire Station Curchorem
2026-01-30T17:55:02.306Z,GA 07 G 4989-KUN(WATER TENDER),15.4628883,73.9726967,0,STOP,At Fire Station Kundaim,Fire Station Kundaim
2026-01-30T17:55:02.306Z,GA 07 G 2242-PIL(WATER TENDER),15.533075,73.7940172,0,STOP,At Fire Station Pilerne,Fire Station Pilerne
2026-01-30T17:55:02.306Z,GA 07 G 0681-MAP(QUICK RESPONSE),15.5898267,73.8086667,0,STOP,At Fire Station Mapusa,Fire Station Mapusa
2026-01-30T17:55:02.306Z,GA 07 G 2101-PER(MS WATER TENDER),15.7164428,73.7974983,0,STOP,At Fire Station Pernem,Fire Station Pernem
2026-01-30T17:55:02.306Z,GA 07 G 4600-PER(MINI RESCUE TENDER),15.7164817,73.7975244,0,STOP,At Fire Station Pernem,Fire Station Pernem
2026-01-30T17:55:02.306Z,GA 07 G 7272-PNJ(WATER TENDER),15.4869706,73.8172022,0,STOP,"Caculo Mall, 16 Shanta, St Inez Rd, Caculo Enclave, Santa Inez, Panaji, Goa (NW)",Fire Station Panaji
2026-01-30T17:55:02.306Z,GA07G2384-CAN(WATER TENDER),15.1862872,74.0210394,0,STOP,At Fire Station Cuncolim,Fire Station Cuncolim
2026-01-30T17:55:02.306Z,GA07G2507 - PER Mid Size (Water Tender),15.7164517,73.7974767,0,STOP,At Fire Station Pernem,Fire Station Pernem
2026-01-30T17:55:02.306Z,GA07G2505 - VAP Mid Size (Water Tender),15.4026267,74.0027833,0,STOP,At Fire Station Ponda ,Fire Station Valpoi
2026-01-30T17:55:02.306Z,GA07G2504 - BIC Mid Size (Water Tender),15.5895017,73.9465983,0,STOP,At Fire Station Bicholim ,Fire Station Bicholim
2026-01-30T17:55:02.306Z,GA07G2503- MAP Mid Size (Water Tender),15.5900233,73.80852,0,STOP,At Fire Station Mapusa,Fire Station Mapusa
2026-01-30T17:55:02.306Z,GA07G2502 - FFHQ Mid Size (Water Tender),15.4870117,73.8172283,0,STOP,"Caculo Mall, 16 Shanta, St Inez Rd, Caculo Enclave, Santa Inez, Panaji, Goa (NW)",Fire Force Headquarters
2026-01-30T17:56:34.114Z,GA 07 G 0680-PIL(QUICK RESPONSE VEHICLE),15.486505,73.8169917,0,STOP,At Fire Station panaji,Fire Station Pilerne
2026-01-30T17:56:34.114Z,GA07G2506 - OLG Mid Size (Water Tender),15.500312,73.914017,0,STOP,At Fire Station Old Goa,Fire Station Old Goa
2026-01-30T17:56:34.114Z,GA 07 G 5115-POR(MINI WATER TENDER),15.531688,73.825577,0,RUNNING,"663, Defence Colony, Porvorim, Penha de França, Goa (NW)",Fire Station Porvorim
2026-01-30T17:56:34.114Z,GA 07 G 0350-MRG(WATER TENDER),15.26939,73.970581,0,STOP,At Fire Station Margoa,Fire Station Margao
2026-01-30T17:56:34.114Z,GA 07 G 2900-MAP(MINI RESCUE TENDER),15.589847,73.808868,0,STOP,At Fire Station Mapusa,Fire Station Mapusa
2026-01-30T17:56:34.114Z,GA 07 G 7600-FFHQ(WATER BOUSER),15.487187,73.817146,0,STOP,"Caculo Mall, 16 Shanta, St Inez Rd, Caculo Enclave, Santa Inez, Panaji, Goa (NW)",Fire Force Headquarters
2026-01-30T17:56:34.114Z,GA 07 G 2002-FFHQ(TURN TABLE LADDER),15.487437,73.817352,0,STOP,"Caculo Mall, 16 Shanta, St Inez Rd, Caculo Enclave, Santa Inez, Panaji, Goa (NW)",Fire Force Headquarters
2026-01-30T17:56:34.114Z,GA 07 G 7101-FFHQ(WATER TENDER),15.486877,73.816963,0,STOP,"Caculo Mall, 16 Shanta, St Inez Rd, Caculo Enclave, Santa Inez, Panaji, Goa (NW)",Fire Force Headquarters
2026-01-30T17:56:34.114Z,GA 07 G 7677-FFHQ(EMERGENCY RESCUE),15.486953,73.817261,0,INACTIVE,"Caculo Mall, 16 Shanta, St Inez Rd, Caculo Enclave, Santa Inez, Panaji, Goa (NW)",Fire Force Headquarters
2026-01-30T17:56:34.114Z,GA 07 G 1121-PNJ(EMERGENCY RESCUE),15.487097,73.817223,0,STOP,"Caculo Mall, 16 Shanta, St Inez Rd, Caculo Enclave, Santa Inez, Panaji, Goa (NW)",Fire Station Panaji
2026-01-30T17:56:34.114Z,GA 07 G 1571-FFHQ(QUICK RESPONSE),15.486663,73.81739,0,STOP,"Caculo Mall, 16 Shanta, St Inez Rd, Caculo Enclave, Santa Inez, Panaji, Goa (NW)",Fire Force Headquarters
2026-01-30T17:56:34.114Z,GA 07 G 8101-MAP(WATER TENDER),15.590058,73.808762,0,STOP,At Fire Station Mapusa,Fire Station Mapusa
2026-01-30T17:56:34.114Z,GA 07 G 2317-MRG(EMERGENCY RESCUE TENDER),15.269475,73.9702716,0,STOP,At Fire Station Margoa,Fire Station Margao
2026-01-30T17:56:34.114Z,GA 07 G 1570-VAS(QUICK RESPONSE FIRE TENDER),15.3887566,73.8513433,0,STOP,At Fire Station Vasco,Fire Station Vasco
2026-01-30T17:56:34.114Z,GA 07 G 4101-VAS(MS WATER TENDER),15.3888833,73.8513516,0,STOP,At Fire Station Vasco,Fire Station Vasco
2026-01-30T17:56:34.114Z,GA 07 G 0819-VAS(WATER/FOAM TENDER),15.3887917,73.8513517,0,IDLE,At Fire Station Vasco,Fire Station Vasco
2026-01-30T17:56:34.114Z,GA 07 G 7100-MRG(WATER BOUSER),15.2695133,73.9702966,0,STOP,At Fire Station Margoa,Fire Station Margao
2026-01-30T17:56:34.114Z,GA 07 G 1568-MRG(QUICK RESPONSE ),15.2694166,73.9704266,0,STOP,At Fire Station Margoa,Fire Station Margao
2026-01-30T17:56:34.114Z,GA 07 G 6101-MRG(WATER TENDER),15.26936,73.9702883,0,STOP,At Fire Station Margoa,Fire Station Margao
2026-01-30T17:56:34.114Z,GA 07 G 1001-MRG(AERIAL LADDER PLATFORM),15.2695333,73.969905,0,INACTIVE,At Fire Station Margoa,Fire Station Margao
2026-01-30T17:56:34.114Z,GA 07 G 0820-BIC(WATER TEDNER),15.4027733,74.002805,0,STOP,At Fire Station Ponda ,Fire Station Bicholim
2026-01-30T17:56:34.114Z,GA 07 G 5101-OLG(MS WATER TENDER),15.5002983,73.9140383,0,STOP,At Fire Station Old Goa,Fire Station Old Goa
2026-01-30T17:56:34.114Z,GA 07 G 3101-BIC(MS WATER TENDER),15.589315,73.9468266,0,STOP,At Fire Station Bicholim ,Fire Station Bicholim
2026-01-30T17:56:34.114Z,GA 07 G 1941-BIC(QUICK RESPONSE),15.5894883,73.9467283,0,STOP,At Fire Station Bicholim ,Fire Station Bicholim
2026-01-30T17:56:34.114Z,GA 07 G 2319-VAS (EMERGENCY RESCUE TENDER),15.388815,73.8512783,0,STOP,At Fire Station Vasco,Fire Station Vasco
2026-01-30T17:56:34.114Z,GA 07 G 3737-VAP(WATER TENDER),15.53101,74.1386633,0,STOP,At Fire Station Valpoi ,Fire Station Valpoi
2026-01-30T17:56:34.114Z,GA 07 G 2318-PND(EMERGENCY RESCUE TENDER),15.402675,74.003035,0,STOP,At Fire Station Ponda ,Fire Station Ponda
2026-01-30T17:56:34.114Z,GA 07 G 2004-PND(QUICK RESPONSE),15.40267,74.00284,0,STOP,At Fire Station Ponda ,Fire Station Ponda
2026-01-30T17:56:34.114Z,GA 07 G 9101-PND(WATER TENDER),15.4031316,74.0027016,0,STOP,At Fire Station Ponda ,Fire Station Ponda
2026-01-30T17:56:34.114Z,GA 07 G 9797-PND(WATER BOUSER),15.4027366,74.0028816,0,STOP,At Fire Station Ponda ,Fire Station Ponda
2026-01-30T17:56:34.114Z,GA 07 G 6363-CAN(WATER TENDER),15.0236416,74.0440433,0,STOP,"Canacona, The Lalitrajbaga ,Canacona, Canacona, Goa (NE)",Fire Station Canacona
2026-01-30T17:56:34.114Z,GA 07 G 1567-CAN(QUICK RESPONSE FT),15.0236833,74.0440666,0,STOP,"Canacona, The Lalitrajbaga ,Canacona, Canacona, Goa (NE)",Fire Station Canacona
2026-01-30T17:56:34.114Z,GA 07 G 1569-VRN(QUICK RESPONSE),15.369755,73.935465,0,STOP,At Fire Station Verna,Fire Station Verna
2026-01-30T17:56:34.114Z,GA 07 G 9909-VRN(ADVANCE MULTI-PURPOSE),15.3693883,73.9361083,0,STOP,At Fire Station Verna,Fire Station Verna
2026-01-30T17:56:34.114Z,GA 07 G 1942-VAP(QUICK RESPONSE),15.5310133,74.1387783,0,STOP,At Fire Station Valpoi ,Fire Station Valpoi
2026-01-30T17:56:34.114Z,GA 07 G 2003-CUR(QUICK RESPONSE),15.26046,74.1037433,0,STOP,At Fire Station Curchorem,Fire Station Curchorem
2026-01-30T17:56:34.114Z,GA 07 G 7447-CUR(EMERGENCY RESCUE),15.2604166,74.103735,0,STOP,At Fire Station Curchorem,Fire Station Curchorem
2026-01-30T17:56:34.114Z,GA 07 G 7557-CUR(WATER TENDER),15.2603916,74.1034266,0,STOP,At Fire Station Curchorem,Fire Station Curchorem
2026-01-30T17:56:34.114Z,GA 07 G 7667-CUR(WATER BOUSER),15.26036,74.103735,0,STOP,At Fire Station Curchorem,Fire Station Curchorem
2026-01-30T17:56:34.114Z,GA 07 G 4989-KUN(WATER TENDER),15.4628883,73.9726967,0,STOP,At Fire Station Kundaim,Fire Station Kundaim
2026-01-30T17:56:34.114Z,GA 07 G 2242-PIL(WATER TENDER),15.533075,73.7940172,0,STOP,At Fire Station Pilerne,Fire Station Pilerne
2026-01-30T17:56:34.114Z,GA 07 G 0681-MAP(QUICK RESPONSE),15.5898267,73.8086667,0,STOP,At Fire Station Mapusa,Fire Station Mapusa
2026-01-30T17:56:34.114Z,GA 07 G 2101-PER(MS WATER TENDER),15.7164428,73.7974983,0,STOP,At Fire Station Pernem,Fire Station Pernem
2026-01-30T17:56:34.114Z,GA 07 G 4600-PER(MINI RESCUE TENDER),15.7164817,73.7975244,0,STOP,At Fire Station Pernem,Fire Station Pernem
2026-01-30T17:56:34.114Z,GA 07 G 7272-PNJ(WATER TENDER),15.4869706,73.8172022,0,STOP,"Caculo Mall, 16 Shanta, St Inez Rd, Caculo Enclave, Santa Inez, Panaji, Goa (NW)",Fire Station Panaji
2026-01-30T17:56:34.114Z,GA07G2384-CAN(WATER TENDER),15.1862872,74.0210394,0,STOP,At Fire Station Cuncolim,Fire Station Cuncolim
2026-01-30T17:56:34.114Z,GA07G2507 - PER Mid Size (Water Tender),15.7164517,73.7974767,0,STOP,At Fire Station Pernem,Fire Station Pernem
2026-01-30T17:56:34.114Z,GA07G2505 - VAP Mid Size (Water Tender),15.4026267,74.0027833,0,STOP,At Fire Station Ponda ,Fire Station Valpoi
2026-01-30T17:56:34.114Z,GA07G2504 - BIC Mid Size (Water Tender),15.5895017,73.9465983,0,STOP,At Fire Station Bicholim ,Fire Station Bicholim
2026-01-30T17:56:34.114Z,GA07G2503- MAP Mid Size (Water Tender),15.5900233,73.80852,0,STOP,At Fire Station Mapusa,Fire Station Mapusa
2026-01-30T17:56:34.114Z,GA07G2502 - FFHQ Mid Size (Water Tender),15.4870117,73.8172283,0,STOP,"Caculo Mall, 16 Shanta, St Inez Rd, Caculo Enclave, Santa Inez, Panaji, Goa (NW)",Fire Force Headquarters
2026-01-30T17:58:01.764Z,GA 07 G 0680-PIL(QUICK RESPONSE VEHICLE),15.486505,73.8169917,0,STOP,At Fire Station panaji,Fire Station Pilerne
2026-01-30T17:58:01.764Z,GA07G2506 - OLG Mid Size (Water Tender),15.500312,73.914017,0,STOP,At Fire Station Old Goa,Fire Station Old Goa
2026-01-30T17:58:01.764Z,GA 07 G 5115-POR(MINI WATER TENDER),15.533412,73.825165,0,RUNNING,"Sainik Stores, Defence Colony, Porvorim, Penha de França, Goa (SE)",Fire Station Porvorim
2026-01-30T17:58:01.764Z,GA 07 G 0350-MRG(WATER TENDER),15.26939,73.970581,0,STOP,At Fire Station Margoa,Fire Station Margao
2026-01-30T17:58:01.764Z,GA 07 G 2900-MAP(MINI RESCUE TENDER),15.589847,73.808868,0,STOP,At Fire Station Mapusa,Fire Station Mapusa
2026-01-30T17:58:01.764Z,GA 07 G 7600-FFHQ(WATER BOUSER),15.487187,73.817146,0,STOP,"Caculo Mall, 16 Shanta, St Inez Rd, Caculo Enclave, Santa Inez, Panaji, Goa (NW)",Fire Force Headquarters
2026-01-30T17:58:01.764Z,GA 07 G 2002-FFHQ(TURN TABLE LADDER),15.487437,73.817352,0,STOP,"Caculo Mall, 16 Shanta, St Inez Rd, Caculo Enclave, Santa Inez, Panaji, Goa (NW)",Fire Force Headquarters
2026-01-30T17:58:01.764Z,GA 07 G 7101-FFHQ(WATER TENDER),15.486877,73.816963,0,STOP,"Caculo Mall, 16 Shanta, St Inez Rd, Caculo Enclave, Santa Inez, Panaji, Goa (NW)",Fire Force Headquarters
2026-01-30T17:58:01.764Z,GA 07 G 7677-FFHQ(EMERGENCY RESCUE),15.486953,73.817261,0,INACTIVE,"Caculo Mall, 16 Shanta, St Inez Rd, Caculo Enclave, Santa Inez, Panaji, Goa (NW)",Fire Force Headquarters
2026-01-30T17:58:01.764Z,GA 07 G 1121-PNJ(EMERGENCY RESCUE),15.487097,73.817223,0,STOP,"Caculo Mall, 16 Shanta, St Inez Rd, Caculo Enclave, Santa Inez, Panaji, Goa (NW)",Fire Station Panaji
2026-01-30T17:58:01.764Z,GA 07 G 1571-FFHQ(QUICK RESPONSE),15.486663,73.81739,0,STOP,"Caculo Mall, 16 Shanta, St Inez Rd, Caculo Enclave, Santa Inez, Panaji, Goa (NW)",Fire Force Headquarters
2026-01-30T17:58:01.764Z,GA 07 G 8101-MAP(WATER TENDER),15.590058,73.808762,0,STOP,At Fire Station Mapusa,Fire Station Mapusa
2026-01-30T17:58:01.764Z,GA 07 G 2317-MRG(EMERGENCY RESCUE TENDER),15.2696083,73.970385,1,STOP,At Fire Station Margoa,Fire Station Margao
2026-01-30T17:58:01.764Z,GA 07 G 1570-VAS(QUICK RESPONSE FIRE TENDER),15.3887566,73.8513433,0,STOP,At Fire Station Vasco,Fire Station Vasco
2026-01-30T17:58:01.764Z,GA 07 G 4101-VAS(MS WATER TENDER),15.3888833,73.8513516,0,STOP,At Fire Station Vasco,Fire Station Vasco
2026-01-30T17:58:01.764Z,GA 07 G 0819-VAS(WATER/FOAM TENDER),15.3887917,73.8513517,0,IDLE,At Fire Station Vasco,Fire Station Vasco
2026-01-30T17:58:01.764Z,GA 07 G 7100-MRG(WATER BOUSER),15.2695133,73.9702966,0,STOP,At Fire Station Margoa,Fire Station Margao
2026-01-30T17:58:01.764Z,GA 07 G 1568-MRG(QUICK RESPONSE ),15.2694166,73.9704266,0,STOP,At Fire Station Margoa,Fire Station Margao
2026-01-30T17:58:01.764Z,GA 07 G 6101-MRG(WATER TENDER),15.26936,73.9702883,0,STOP,At Fire Station Margoa,Fire Station Margao
2026-01-30T17:58:01.764Z,GA 07 G 1001-MRG(AERIAL LADDER PLATFORM),15.2695333,73.969905,0,INACTIVE,At Fire Station Margoa,Fire Station Margao
2026-01-30T17:58:01.764Z,GA 07 G 0820-BIC(WATER TEDNER),15.4027733,74.002805,0,STOP,At Fire Station Ponda ,Fire Station Bicholim
2026-01-30T17:58:01.764Z,GA 07 G 5101-OLG(MS WATER TENDER),15.5002983,73.9140383,0,STOP,At Fire Station Old Goa,Fire Station Old Goa
2026-01-30T17:58:01.764Z,GA 07 G 3101-BIC(MS WATER TENDER),15.589315,73.9468266,0,STOP,At Fire Station Bicholim ,Fire Station Bicholim
2026-01-30T17:58:01.764Z,GA 07 G 1941-BIC(QUICK RESPONSE),15.5894883,73.9467283,0,STOP,At Fire Station Bicholim ,Fire Station Bicholim
2026-01-30T17:58:01.764Z,GA 07 G 2319-VAS (EMERGENCY RESCUE TENDER),15.388815,73.8512783,0,STOP,At Fire Station Vasco,Fire Station Vasco
2026-01-30T17:58:01.764Z,GA 07 G 3737-VAP(WATER TENDER),15.53101,74.1386633,0,STOP,At Fire Station Valpoi ,Fire Station Valpoi
2026-01-30T17:58:01.764Z,GA 07 G 2318-PND(EMERGENCY RESCUE TENDER),15.402675,74.003035,0,STOP,At Fire Station Ponda ,Fire Station Ponda
2026-01-30T17:58:01.764Z,GA 07 G 2004-PND(QUICK RESPONSE),15.40267,74.00284,0,STOP,At Fire Station Ponda ,Fire Station Ponda
2026-01-30T17:58:01.764Z,GA 07 G 9101-PND(WATER TENDER),15.4031316,74.0027016,0,STOP,At Fire Station Ponda ,Fire Station Ponda
2026-01-30T17:58:01.764Z,GA 07 G 9797-PND(WATER BOUSER),15.4027366,74.0028816,0,STOP,At Fire Station Ponda ,Fire Station Ponda
2026-01-30T17:58:01.764Z,GA 07 G 6363-CAN(WATER TENDER),15.0236416,74.0440433,0,STOP,"Canacona, The Lalitrajbaga ,Canacona, Canacona, Goa (NE)",Fire Station Canacona
2026-01-30T17:58:01.764Z,GA 07 G 1567-CAN(QUICK RESPONSE FT),15.0236833,74.0440666,0,STOP,"Canacona, The Lalitrajbaga ,Canacona, Canacona, Goa (NE)",Fire Station Canacona
2026-01-30T17:58:01.764Z,GA 07 G 1569-VRN(QUICK RESPONSE),15.369755,73.935465,0,STOP,At Fire Station Verna,Fire Station Verna
2026-01-30T17:58:01.764Z,GA 07 G 9909-VRN(ADVANCE MULTI-PURPOSE),15.3693883,73.9361083,0,STOP,At Fire Station Verna,Fire Station Verna
2026-01-30T17:58:01.764Z,GA 07 G 1942-VAP(QUICK RESPONSE),15.5310133,74.1387783,0,STOP,At Fire Station Valpoi ,Fire Station Valpoi
2026-01-30T17:58:01.764Z,GA 07 G 2003-CUR(QUICK RESPONSE),15.26046,74.1037433,0,STOP,At Fire Station Curchorem,Fire Station Curchorem
2026-01-30T17:58:01.764Z,GA 07 G 7447-CUR(EMERGENCY RESCUE),15.2604166,74.103735,0,STOP,At Fire Station Curchorem,Fire Station Curchorem
2026-01-30T17:58:01.764Z,GA 07 G 7557-CUR(WATER TENDER),15.2603916,74.1034266,0,STOP,At Fire Station Curchorem,Fire Station Curchorem
2026-01-30T17:58:01.764Z,GA 07 G 7667-CUR(WATER BOUSER),15.26036,74.103735,0,STOP,At Fire Station Curchorem,Fire Station Curchorem
2026-01-30T17:58:01.764Z,GA 07 G 4989-KUN(WATER TENDER),15.4628883,73.9726967,0,STOP,At Fire Station Kundaim,Fire Station Kundaim
2026-01-30T17:58:01.764Z,GA 07 G 2242-PIL(WATER TENDER),15.533075,73.7940172,0,STOP,At Fire Station Pilerne,Fire Station Pilerne
2026-01-30T17:58:01.764Z,GA 07 G 0681-MAP(QUICK RESPONSE),15.5898267,73.8086667,0,STOP,At Fire Station Mapusa,Fire Station Mapusa
2026-01-30T17:58:01.764Z,GA 07 G 2101-PER(MS WATER TENDER),15.7164428,73.7974983,0,STOP,At Fire Station Pernem,Fire Station Pernem
2026-01-30T17:58:01.764Z,GA 07 G 4600-PER(MINI RESCUE TENDER),15.7164817,73.7975244,0,STOP,At Fire Station Pernem,Fire Station Pernem
2026-01-30T17:58:01.764Z,GA 07 G 7272-PNJ(WATER TENDER),15.4869706,73.8172022,0,STOP,"Caculo Mall, 16 Shanta, St Inez Rd, Caculo Enclave, Santa Inez, Panaji, Goa (NW)",Fire Station Panaji
2026-01-30T17:58:01.764Z,GA07G2384-CAN(WATER TENDER),15.1862872,74.0210394,0,STOP,At Fire Station Cuncolim,Fire Station Cuncolim
2026-01-30T17:58:01.764Z,GA07G2507 - PER Mid Size (Water Tender),15.7164517,73.7974767,0,STOP,At Fire Station Pernem,Fire Station Pernem
2026-01-30T17:58:01.764Z,GA07G2505 - VAP Mid Size (Water Tender),15.4026267,74.0027833,0,STOP,At Fire Station Ponda ,Fire Station Valpoi
2026-01-30T17:58:01.764Z,GA07G2504 - BIC Mid Size (Water Tender),15.5895017,73.9465983,0,STOP,At Fire Station Bicholim ,Fire Station Bicholim
2026-01-30T17:58:01.764Z,GA07G2503- MAP Mid Size (Water Tender),15.5900233,73.80852,0,STOP,At Fire Station Mapusa,Fire Station Mapusa
2026-01-30T17:58:01.764Z,GA07G2502 - FFHQ Mid Size (Water Tender),15.4870117,73.8172283,0,STOP,"Caculo Mall, 16 Shanta, St Inez Rd, Caculo Enclave, Santa Inez, Panaji, Goa (NW)",Fire Force Headquarters
2026-01-30T17:59:19.649Z,GA 07 G 0680-PIL(QUICK RESPONSE VEHICLE),15.486505,73.8169917,0,STOP,At Fire Station panaji,Fire Station Pilerne
2026-01-30T17:59:19.649Z,GA07G2506 - OLG Mid Size (Water Tender),15.500312,73.914017,0,STOP,At Fire Station Old Goa,Fire Station Old Goa
2026-01-30T17:59:19.649Z,GA 07 G 5115-POR(MINI WATER TENDER),15.533417,73.825165,0,IDLE,"Sainik Stores, Defence Colony, Porvorim, Penha de França, Goa (SE)",Fire Station Porvorim
2026-01-30T17:59:19.649Z,GA 07 G 0350-MRG(WATER TENDER),15.26939,73.970581,0,STOP,At Fire Station Margoa,Fire Station Margao
2026-01-30T17:59:19.649Z,GA 07 G 2900-MAP(MINI RESCUE TENDER),15.589847,73.808868,0,STOP,At Fire Station Mapusa,Fire Station Mapusa
2026-01-30T17:59:19.649Z,GA 07 G 7600-FFHQ(WATER BOUSER),15.487187,73.817146,0,STOP,"Caculo Mall, 16 Shanta, St Inez Rd, Caculo Enclave, Santa Inez, Panaji, Goa (NW)",Fire Force Headquarters
2026-01-30T17:59:19.649Z,GA 07 G 2002-FFHQ(TURN TABLE LADDER),15.487437,73.817352,0,STOP,"Caculo Mall, 16 Shanta, St Inez Rd, Caculo Enclave, Santa Inez, Panaji, Goa (NW)",Fire Force Headquarters
2026-01-30T17:59:19.649Z,GA 07 G 7101-FFHQ(WATER TENDER),15.486877,73.816963,0,STOP,"Caculo Mall, 16 Shanta, St Inez Rd, Caculo Enclave, Santa Inez, Panaji, Goa (NW)",Fire Force Headquarters
2026-01-30T17:59:19.649Z,GA 07 G 7677-FFHQ(EMERGENCY RESCUE),15.486953,73.817261,0,INACTIVE,"Caculo Mall, 16 Shanta, St Inez Rd, Caculo Enclave, Santa Inez, Panaji, Goa (NW)",Fire Force Headquarters
2026-01-30T17:59:19.649Z,GA 07 G 1121-PNJ(EMERGENCY RESCUE),15.487097,73.817223,0,STOP,"Caculo Mall, 16 Shanta, St Inez Rd, Caculo Enclave, Santa Inez, Panaji, Goa (NW)",Fire Station Panaji
2026-01-30T17:59:19.649Z,GA 07 G 1571-FFHQ(QUICK RESPONSE),15.486663,73.81739,0,STOP,"Caculo Mall, 16 Shanta, St Inez Rd, Caculo Enclave, Santa Inez, Panaji, Goa (NW)",Fire Force Headquarters
2026-01-30T17:59:19.649Z,GA 07 G 8101-MAP(WATER TENDER),15.590058,73.808762,0,STOP,At Fire Station Mapusa,Fire Station Mapusa
2026-01-30T17:59:19.649Z,GA 07 G 2317-MRG(EMERGENCY RESCUE TENDER),15.2695683,73.970345,0,STOP,At Fire Station Margoa,Fire Station Margao
2026-01-30T17:59:19.649Z,GA 07 G 1570-VAS(QUICK RESPONSE FIRE TENDER),15.3887566,73.8513433,0,STOP,At Fire Station Vasco,Fire Station Vasco
2026-01-30T17:59:19.649Z,GA 07 G 4101-VAS(MS WATER TENDER),15.3888833,73.8513516,0,STOP,At Fire Station Vasco,Fire Station Vasco
2026-01-30T17:59:19.649Z,GA 07 G 0819-VAS(WATER/FOAM TENDER),15.3887917,73.8513517,0,IDLE,At Fire Station Vasco,Fire Station Vasco
2026-01-30T17:59:19.649Z,GA 07 G 7100-MRG(WATER BOUSER),15.2695133,73.9702966,0,STOP,At Fire Station Margoa,Fire Station Margao
2026-01-30T17:59:19.649Z,GA 07 G 1568-MRG(QUICK RESPONSE ),15.2694166,73.9704266,0,STOP,At Fire Station Margoa,Fire Station Margao
2026-01-30T17:59:19.649Z,GA 07 G 6101-MRG(WATER TENDER),15.26936,73.9702883,0,STOP,At Fire Station Margoa,Fire Station Margao
2026-01-30T17:59:19.649Z,GA 07 G 1001-MRG(AERIAL LADDER PLATFORM),15.2695333,73.969905,0,INACTIVE,At Fire Station Margoa,Fire Station Margao
2026-01-30T17:59:19.649Z,GA 07 G 0820-BIC(WATER TEDNER),15.4027733,74.002805,0,STOP,At Fire Station Ponda ,Fire Station Bicholim
2026-01-30T17:59:19.649Z,GA 07 G 5101-OLG(MS WATER TENDER),15.5002983,73.9140383,0,STOP,At Fire Station Old Goa,Fire Station Old Goa
2026-01-30T17:59:19.649Z,GA 07 G 3101-BIC(MS WATER TENDER),15.589315,73.9468266,0,STOP,At Fire Station Bicholim ,Fire Station Bicholim
2026-01-30T17:59:19.649Z,GA 07 G 1941-BIC(QUICK RESPONSE),15.5894883,73.9467283,0,STOP,At Fire Station Bicholim ,Fire Station Bicholim
2026-01-30T17:59:19.649Z,GA 07 G 2319-VAS (EMERGENCY RESCUE TENDER),15.388815,73.8512783,0,STOP,At Fire Station Vasco,Fire Station Vasco
2026-01-30T17:59:19.649Z,GA 07 G 3737-VAP(WATER TENDER),15.53101,74.1386633,0,STOP,At Fire Station Valpoi ,Fire Station Valpoi
2026-01-30T17:59:19.649Z,GA 07 G 2318-PND(EMERGENCY RESCUE TENDER),15.402675,74.003035,0,STOP,At Fire Station Ponda ,Fire Station Ponda
2026-01-30T17:59:19.649Z,GA 07 G 2004-PND(QUICK RESPONSE),15.40267,74.00284,0,STOP,At Fire Station Ponda ,Fire Station Ponda
2026-01-30T17:59:19.649Z,GA 07 G 9101-PND(WATER TENDER),15.4031316,74.0027016,0,STOP,At Fire Station Ponda ,Fire Station Ponda
2026-01-30T17:59:19.649Z,GA 07 G 9797-PND(WATER BOUSER),15.4027366,74.0028816,0,STOP,At Fire Station Ponda ,Fire Station Ponda
2026-01-30T17:59:19.649Z,GA 07 G 6363-CAN(WATER TENDER),15.0236416,74.0440433,0,STOP,"Canacona, The Lalitrajbaga ,Canacona, Canacona, Goa (NE)",Fire Station Canacona
2026-01-30T17:59:19.649Z,GA 07 G 1567-CAN(QUICK RESPONSE FT),15.0236833,74.0440666,0,STOP,"Canacona, The Lalitrajbaga ,Canacona, Canacona, Goa (NE)",Fire Station Canacona
2026-01-30T17:59:19.649Z,GA 07 G 1569-VRN(QUICK RESPONSE),15.369755,73.935465,0,STOP,At Fire Station Verna,Fire Station Verna
2026-01-30T17:59:19.649Z,GA 07 G 9909-VRN(ADVANCE MULTI-PURPOSE),15.3693883,73.9361083,0,STOP,At Fire Station Verna,Fire Station Verna
2026-01-30T17:59:19.649Z,GA 07 G 1942-VAP(QUICK RESPONSE),15.5310133,74.1387783,0,STOP,At Fire Station Valpoi ,Fire Station Valpoi
2026-01-30T17:59:19.649Z,GA 07 G 2003-CUR(QUICK RESPONSE),15.26046,74.1037433,0,STOP,At Fire Station Curchorem,Fire Station Curchorem
2026-01-30T17:59:19.649Z,GA 07 G 7447-CUR(EMERGENCY RESCUE),15.2604166,74.103735,0,STOP,At Fire Station Curchorem,Fire Station Curchorem
2026-01-30T17:59:19.649Z,GA 07 G 7557-CUR(WATER TENDER),15.2603916,74.1034266,0,STOP,At Fire Station Curchorem,Fire Station Curchorem
2026-01-30T17:59:19.649Z,GA 07 G 7667-CUR(WATER BOUSER),15.26036,74.103735,0,STOP,At Fire Station Curchorem,Fire Station Curchorem
2026-01-30T17:59:19.649Z,GA 07 G 4989-KUN(WATER TENDER),15.4628883,73.9726967,0,STOP,At Fire Station Kundaim,Fire Station Kundaim
2026-01-30T17:59:19.649Z,GA 07 G 2242-PIL(WATER TENDER),15.533075,73.7940172,0,STOP,At Fire Station Pilerne,Fire Station Pilerne
2026-01-30T17:59:19.649Z,GA 07 G 0681-MAP(QUICK RESPONSE),15.5898267,73.8086667,0,STOP,At Fire Station Mapusa,Fire Station Mapusa
2026-01-30T17:59:19.649Z,GA 07 G 2101-PER(MS WATER TENDER),15.7164428,73.7974983,0,STOP,At Fire Station Pernem,Fire Station Pernem
2026-01-30T17:59:19.649Z,GA 07 G 4600-PER(MINI RESCUE TENDER),15.7164817,73.7975244,0,STOP,At Fire Station Pernem,Fire Station Pernem
2026-01-30T17:59:19.649Z,GA 07 G 7272-PNJ(WATER TENDER),15.4869706,73.8172022,0,STOP,"Caculo Mall, 16 Shanta, St Inez Rd, Caculo Enclave, Santa Inez, Panaji, Goa (NW)",Fire Station Panaji
2026-01-30T17:59:19.649Z,GA07G2384-CAN(WATER TENDER),15.1862872,74.0210394,0,STOP,At Fire Station Cuncolim,Fire Station Cuncolim
2026-01-30T17:59:19.649Z,GA07G2507 - PER Mid Size (Water Tender),15.7164517,73.7974767,0,STOP,At Fire Station Pernem,Fire Station Pernem
2026-01-30T17:59:19.649Z,GA07G2505 - VAP Mid Size (Water Tender),15.4026267,74.0027833,0,STOP,At Fire Station Ponda ,Fire Station Valpoi
2026-01-30T17:59:19.649Z,GA07G2504 - BIC Mid Size (Water Tender),15.5895017,73.9465983,0,STOP,At Fire Station Bicholim ,Fire Station Bicholim
2026-01-30T17:59:19.649Z,GA07G2503- MAP Mid Size (Water Tender),15.5900233,73.80852,0,STOP,At Fire Station Mapusa,Fire Station Mapusa
2026-01-30T17:59:19.649Z,GA07G2502 - FFHQ Mid Size (Water Tender),15.4870117,73.8172283,0,STOP,"Caculo Mall, 16 Shanta, St Inez Rd, Caculo Enclave, Santa Inez, Panaji, Goa (NW)",Fire Force Headquarters
2026-01-30T18:01:31.646Z,GA 07 G 0680-PIL(QUICK RESPONSE VEHICLE),15.486505,73.8169917,0,STOP,At Fire Station panaji,Fire Station Pilerne
2026-01-30T18:01:31.646Z,GA07G2506 - OLG Mid Size (Water Tender),15.500312,73.914017,0,STOP,At Fire Station Old Goa,Fire Station Old Goa
2026-01-30T18:01:31.646Z,GA 07 G 5115-POR(MINI WATER TENDER),15.53343,73.825157,0,IDLE,"Sainik Stores, Defence Colony, Porvorim, Penha de França, Goa (SW)",Fire Station Porvorim
2026-01-30T18:01:31.646Z,GA 07 G 0350-MRG(WATER TENDER),15.26939,73.970581,0,STOP,At Fire Station Margoa,Fire Station Margao
2026-01-30T18:01:31.646Z,GA 07 G 2900-MAP(MINI RESCUE TENDER),15.589847,73.808868,0,STOP,At Fire Station Mapusa,Fire Station Mapusa
2026-01-30T18:01:31.646Z,GA 07 G 7600-FFHQ(WATER BOUSER),15.487187,73.817146,0,STOP,"Caculo Mall, 16 Shanta, St Inez Rd, Caculo Enclave, Santa Inez, Panaji, Goa (NW)",Fire Force Headquarters
2026-01-30T18:01:31.646Z,GA 07 G 2002-FFHQ(TURN TABLE LADDER),15.487437,73.817352,0,STOP,"Caculo Mall, 16 Shanta, St Inez Rd, Caculo Enclave, Santa Inez, Panaji, Goa (NW)",Fire Force Headquarters
2026-01-30T18:01:31.646Z,GA 07 G 7101-FFHQ(WATER TENDER),15.486877,73.816963,0,STOP,"Caculo Mall, 16 Shanta, St Inez Rd, Caculo Enclave, Santa Inez, Panaji, Goa (NW)",Fire Force Headquarters
2026-01-30T18:01:31.646Z,GA 07 G 7677-FFHQ(EMERGENCY RESCUE),15.486953,73.817261,0,INACTIVE,"Caculo Mall, 16 Shanta, St Inez Rd, Caculo Enclave, Santa Inez, Panaji, Goa (NW)",Fire Force Headquarters
2026-01-30T18:01:31.646Z,GA 07 G 1121-PNJ(EMERGENCY RESCUE),15.487097,73.817223,0,STOP,"Caculo Mall, 16 Shanta, St Inez Rd, Caculo Enclave, Santa Inez, Panaji, Goa (NW)",Fire Station Panaji
2026-01-30T18:01:31.646Z,GA 07 G 1571-FFHQ(QUICK RESPONSE),15.486663,73.81739,0,STOP,"Caculo Mall, 16 Shanta, St Inez Rd, Caculo Enclave, Santa Inez, Panaji, Goa (NW)",Fire Force Headquarters
2026-01-30T18:01:31.646Z,GA 07 G 8101-MAP(WATER TENDER),15.590058,73.808762,0,STOP,At Fire Station Mapusa,Fire Station Mapusa
2026-01-30T18:01:31.646Z,GA 07 G 2317-MRG(EMERGENCY RESCUE TENDER),15.2694983,73.9704266,1,STOP,At Fire Station Margoa,Fire Station Margao
2026-01-30T18:01:31.646Z,GA 07 G 1570-VAS(QUICK RESPONSE FIRE TENDER),15.3887566,73.8513433,0,STOP,At Fire Station Vasco,Fire Station Vasco
2026-01-30T18:01:31.646Z,GA 07 G 4101-VAS(MS WATER TENDER),15.3888833,73.8513516,0,STOP,At Fire Station Vasco,Fire Station Vasco
2026-01-30T18:01:31.646Z,GA 07 G 0819-VAS(WATER/FOAM TENDER),15.3887917,73.8513517,0,IDLE,At Fire Station Vasco,Fire Station Vasco
2026-01-30T18:01:31.646Z,GA 07 G 7100-MRG(WATER BOUSER),15.2695133,73.9702966,0,STOP,At Fire Station Margoa,Fire Station Margao
2026-01-30T18:01:31.646Z,GA 07 G 1568-MRG(QUICK RESPONSE ),15.2694166,73.9704266,0,STOP,At Fire Station Margoa,Fire Station Margao
2026-01-30T18:01:31.646Z,GA 07 G 6101-MRG(WATER TENDER),15.26936,73.9702883,0,STOP,At Fire Station Margoa,Fire Station Margao
2026-01-30T18:01:31.646Z,GA 07 G 1001-MRG(AERIAL LADDER PLATFORM),15.2695333,73.969905,0,INACTIVE,At Fire Station Margoa,Fire Station Margao
2026-01-30T18:01:31.646Z,GA 07 G 0820-BIC(WATER TEDNER),15.4027733,74.002805,0,STOP,At Fire Station Ponda ,Fire Station Bicholim
2026-01-30T18:01:31.646Z,GA 07 G 5101-OLG(MS WATER TENDER),15.5002983,73.9140383,0,STOP,At Fire Station Old Goa,Fire Station Old Goa
2026-01-30T18:01:31.646Z,GA 07 G 3101-BIC(MS WATER TENDER),15.589315,73.9468266,0,STOP,At Fire Station Bicholim ,Fire Station Bicholim
2026-01-30T18:01:31.646Z,GA 07 G 1941-BIC(QUICK RESPONSE),15.5894883,73.9467283,0,STOP,At Fire Station Bicholim ,Fire Station Bicholim
2026-01-30T18:01:31.646Z,GA 07 G 2319-VAS (EMERGENCY RESCUE TENDER),15.388815,73.8512783,0,STOP,At Fire Station Vasco,Fire Station Vasco
2026-01-30T18:01:31.646Z,GA 07 G 3737-VAP(WATER TENDER),15.53101,74.1386633,0,STOP,At Fire Station Valpoi ,Fire Station Valpoi
2026-01-30T18:01:31.646Z,GA 07 G 2318-PND(EMERGENCY RESCUE TENDER),15.402675,74.003035,0,STOP,At Fire Station Ponda ,Fire Station Ponda
2026-01-30T18:01:31.646Z,GA 07 G 2004-PND(QUICK RESPONSE),15.40267,74.00284,0,STOP,At Fire Station Ponda ,Fire Station Ponda
2026-01-30T18:01:31.646Z,GA 07 G 9101-PND(WATER TENDER),15.4031316,74.0027016,0,STOP,At Fire Station Ponda ,Fire Station Ponda
2026-01-30T18:01:31.646Z,GA 07 G 9797-PND(WATER BOUSER),15.4027366,74.0028816,0,STOP,At Fire Station Ponda ,Fire Station Ponda
2026-01-30T18:01:31.646Z,GA 07 G 6363-CAN(WATER TENDER),15.0236416,74.0440433,0,STOP,"Canacona, The Lalitrajbaga ,Canacona, Canacona, Goa (NE)",Fire Station Canacona
2026-01-30T18:01:31.646Z,GA 07 G 1567-CAN(QUICK RESPONSE FT),15.0236833,74.0440666,0,STOP,"Canacona, The Lalitrajbaga ,Canacona, Canacona, Goa (NE)",Fire Station Canacona
2026-01-30T18:01:31.646Z,GA 07 G 1569-VRN(QUICK RESPONSE),15.369755,73.935465,0,STOP,At Fire Station Verna,Fire Station Verna
2026-01-30T18:01:31.646Z,GA 07 G 9909-VRN(ADVANCE MULTI-PURPOSE),15.3693883,73.9361083,0,STOP,At Fire Station Verna,Fire Station Verna
2026-01-30T18:01:31.646Z,GA 07 G 1942-VAP(QUICK RESPONSE),15.5310133,74.1387783,0,STOP,At Fire Station Valpoi ,Fire Station Valpoi
2026-01-30T18:01:31.646Z,GA 07 G 2003-CUR(QUICK RESPONSE),15.26046,74.1037433,0,STOP,At Fire Station Curchorem,Fire Station Curchorem
2026-01-30T18:01:31.646Z,GA 07 G 7447-CUR(EMERGENCY RESCUE),15.2604166,74.103735,0,STOP,At Fire Station Curchorem,Fire Station Curchorem
2026-01-30T18:01:31.646Z,GA 07 G 7557-CUR(WATER TENDER),15.2603916,74.1034266,0,STOP,At Fire Station Curchorem,Fire Station Curchorem
2026-01-30T18:01:31.646Z,GA 07 G 7667-CUR(WATER BOUSER),15.26036,74.103735,0,STOP,At Fire Station Curchorem,Fire Station Curchorem
2026-01-30T18:01:31.646Z,GA 07 G 4989-KUN(WATER TENDER),15.4628883,73.9726967,0,STOP,At Fire Station Kundaim,Fire Station Kundaim
2026-01-30T18:01:31.646Z,GA 07 G 2242-PIL(WATER TENDER),15.533075,73.7940172,0,STOP,At Fire Station Pilerne,Fire Station Pilerne
2026-01-30T18:01:31.646Z,GA 07 G 0681-MAP(QUICK RESPONSE),15.5898267,73.8086667,0,STOP,At Fire Station Mapusa,Fire Station Mapusa
2026-01-30T18:01:31.646Z,GA 07 G 2101-PER(MS WATER TENDER),15.7164428,73.7974983,0,STOP,At Fire Station Pernem,Fire Station Pernem
2026-01-30T18:01:31.646Z,GA 07 G 4600-PER(MINI RESCUE TENDER),15.7164817,73.7975244,0,STOP,At Fire Station Pernem,Fire Station Pernem
2026-01-30T18:01:31.646Z,GA 07 G 7272-PNJ(WATER TENDER),15.4869706,73.8172022,0,STOP,"Caculo Mall, 16 Shanta, St Inez Rd, Caculo Enclave, Santa Inez, Panaji, Goa (NW)",Fire Station Panaji
2026-01-30T18:01:31.646Z,GA07G2384-CAN(WATER TENDER),15.1862872,74.0210394,0,STOP,At Fire Station Cuncolim,Fire Station Cuncolim
2026-01-30T18:01:31.646Z,GA07G2507 - PER Mid Size (Water Tender),15.7164517,73.7974767,0,STOP,At Fire Station Pernem,Fire Station Pernem
2026-01-30T18:01:31.646Z,GA07G2505 - VAP Mid Size (Water Tender),15.4026267,74.0027833,0,STOP,At Fire Station Ponda ,Fire Station Valpoi
2026-01-30T18:01:31.646Z,GA07G2504 - BIC Mid Size (Water Tender),15.5895017,73.9465983,0,STOP,At Fire Station Bicholim ,Fire Station Bicholim
2026-01-30T18:01:31.646Z,GA07G2503- MAP Mid Size (Water Tender),15.5900233,73.80852,0,STOP,At Fire Station Mapusa,Fire Station Mapusa
2026-01-30T18:01:31.646Z,GA07G2502 - FFHQ Mid Size (Water Tender),15.4870117,73.8172283,0,STOP,"Caculo Mall, 16 Shanta, St Inez Rd, Caculo Enclave, Santa Inez, Panaji, Goa (NW)",Fire Force Headquarters
2026-01-30T18:03:20.450Z,GA 07 G 0680-PIL(QUICK RESPONSE VEHICLE),15.486505,73.8169917,0,STOP,At Fire Station panaji,Fire Station Pilerne
2026-01-30T18:03:20.450Z,GA07G2506 - OLG Mid Size (Water Tender),15.500312,73.914017,0,STOP,At Fire Station Old Goa,Fire Station Old Goa
2026-01-30T18:03:20.450Z,GA 07 G 5115-POR(MINI WATER TENDER),15.533427,73.825165,0,IDLE,"Sainik Stores, Defence Colony, Porvorim, Penha de França, Goa (SE)",Fire Station Porvorim
2026-01-30T18:03:20.450Z,GA 07 G 0350-MRG(WATER TENDER),15.26939,73.970581,0,STOP,At Fire Station Margoa,Fire Station Margao
2026-01-30T18:03:20.450Z,GA 07 G 2900-MAP(MINI RESCUE TENDER),15.589847,73.808868,0,STOP,At Fire Station Mapusa,Fire Station Mapusa
2026-01-30T18:03:20.450Z,GA 07 G 7600-FFHQ(WATER BOUSER),15.487187,73.817146,0,STOP,"Caculo Mall, 16 Shanta, St Inez Rd, Caculo Enclave, Santa Inez, Panaji, Goa (NW)",Fire Force Headquarters
2026-01-30T18:03:20.450Z,GA 07 G 2002-FFHQ(TURN TABLE LADDER),15.487437,73.817352,0,STOP,"Caculo Mall, 16 Shanta, St Inez Rd, Caculo Enclave, Santa Inez, Panaji, Goa (NW)",Fire Force Headquarters
2026-01-30T18:03:20.450Z,GA 07 G 7101-FFHQ(WATER TENDER),15.486877,73.816963,0,STOP,"Caculo Mall, 16 Shanta, St Inez Rd, Caculo Enclave, Santa Inez, Panaji, Goa (NW)",Fire Force Headquarters
2026-01-30T18:03:20.450Z,GA 07 G 7677-FFHQ(EMERGENCY RESCUE),15.486953,73.817261,0,INACTIVE,"Caculo Mall, 16 Shanta, St Inez Rd, Caculo Enclave, Santa Inez, Panaji, Goa (NW)",Fire Force Headquarters
2026-01-30T18:03:20.450Z,GA 07 G 1121-PNJ(EMERGENCY RESCUE),15.487097,73.817223,0,STOP,"Caculo Mall, 16 Shanta, St Inez Rd, Caculo Enclave, Santa Inez, Panaji, Goa (NW)",Fire Station Panaji
2026-01-30T18:03:20.450Z,GA 07 G 1571-FFHQ(QUICK RESPONSE),15.486663,73.81739,0,STOP,"Caculo Mall, 16 Shanta, St Inez Rd, Caculo Enclave, Santa Inez, Panaji, Goa (NW)",Fire Force Headquarters
2026-01-30T18:03:20.450Z,GA 07 G 8101-MAP(WATER TENDER),15.590058,73.808762,0,STOP,At Fire Station Mapusa,Fire Station Mapusa
2026-01-30T18:03:20.450Z,GA 07 G 2317-MRG(EMERGENCY RESCUE TENDER),15.2694816,73.9701333,0,STOP,At Fire Station Margoa,Fire Station Margao
2026-01-30T18:03:20.450Z,GA 07 G 1570-VAS(QUICK RESPONSE FIRE TENDER),15.3887566,73.8513433,0,STOP,At Fire Station Vasco,Fire Station Vasco
2026-01-30T18:03:20.450Z,GA 07 G 4101-VAS(MS WATER TENDER),15.3888833,73.8513516,0,STOP,At Fire Station Vasco,Fire Station Vasco
2026-01-30T18:03:20.450Z,GA 07 G 0819-VAS(WATER/FOAM TENDER),15.3887917,73.8513517,0,IDLE,At Fire Station Vasco,Fire Station Vasco
2026-01-30T18:03:20.450Z,GA 07 G 7100-MRG(WATER BOUSER),15.2695133,73.9702966,0,STOP,At Fire Station Margoa,Fire Station Margao
2026-01-30T18:03:20.450Z,GA 07 G 1568-MRG(QUICK RESPONSE ),15.2694166,73.9704266,0,STOP,At Fire Station Margoa,Fire Station Margao
2026-01-30T18:03:20.450Z,GA 07 G 6101-MRG(WATER TENDER),15.26936,73.9702883,0,STOP,At Fire Station Margoa,Fire Station Margao
2026-01-30T18:03:20.450Z,GA 07 G 1001-MRG(AERIAL LADDER PLATFORM),15.2695333,73.969905,0,INACTIVE,At Fire Station Margoa,Fire Station Margao
2026-01-30T18:03:20.450Z,GA 07 G 0820-BIC(WATER TEDNER),15.4027733,74.002805,0,STOP,At Fire Station Ponda ,Fire Station Bicholim
2026-01-30T18:03:20.450Z,GA 07 G 5101-OLG(MS WATER TENDER),15.5002983,73.9140383,0,STOP,At Fire Station Old Goa,Fire Station Old Goa
2026-01-30T18:03:20.450Z,GA 07 G 3101-BIC(MS WATER TENDER),15.589315,73.9468266,0,STOP,At Fire Station Bicholim ,Fire Station Bicholim
2026-01-30T18:03:20.450Z,GA 07 G 1941-BIC(QUICK RESPONSE),15.5894883,73.9467283,0,STOP,At Fire Station Bicholim ,Fire Station Bicholim
2026-01-30T18:03:20.450Z,GA 07 G 2319-VAS (EMERGENCY RESCUE TENDER),15.388815,73.8512783,0,STOP,At Fire Station Vasco,Fire Station Vasco
2026-01-30T18:03:20.450Z,GA 07 G 3737-VAP(WATER TENDER),15.53101,74.1386633,0,STOP,At Fire Station Valpoi ,Fire Station Valpoi
2026-01-30T18:03:20.450Z,GA 07 G 2318-PND(EMERGENCY RESCUE TENDER),15.402675,74.003035,0,STOP,At Fire Station Ponda ,Fire Station Ponda
2026-01-30T18:03:20.450Z,GA 07 G 2004-PND(QUICK RESPONSE),15.40267,74.00284,0,STOP,At Fire Station Ponda ,Fire Station Ponda
2026-01-30T18:03:20.450Z,GA 07 G 9101-PND(WATER TENDER),15.4031316,74.0027016,0,STOP,At Fire Station Ponda ,Fire Station Ponda
2026-01-30T18:03:20.450Z,GA 07 G 9797-PND(WATER BOUSER),15.4027366,74.0028816,0,STOP,At Fire Station Ponda ,Fire Station Ponda
2026-01-30T18:03:20.450Z,GA 07 G 6363-CAN(WATER TENDER),15.0236416,74.0440433,0,STOP,"Canacona, The Lalitrajbaga ,Canacona, Canacona, Goa (NE)",Fire Station Canacona
2026-01-30T18:03:20.450Z,GA 07 G 1567-CAN(QUICK RESPONSE FT),15.0236833,74.0440666,0,STOP,"Canacona, The Lalitrajbaga ,Canacona, Canacona, Goa (NE)",Fire Station Canacona
2026-01-30T18:03:20.450Z,GA 07 G 1569-VRN(QUICK RESPONSE),15.369755,73.935465,0,STOP,At Fire Station Verna,Fire Station Verna
2026-01-30T18:03:20.450Z,GA 07 G 9909-VRN(ADVANCE MULTI-PURPOSE),15.3693883,73.9361083,0,STOP,At Fire Station Verna,Fire Station Verna
2026-01-30T18:03:20.450Z,GA 07 G 1942-VAP(QUICK RESPONSE),15.5310133,74.1387783,0,STOP,At Fire Station Valpoi ,Fire Station Valpoi
2026-01-30T18:03:20.450Z,GA 07 G 2003-CUR(QUICK RESPONSE),15.26046,74.1037433,0,STOP,At Fire Station Curchorem,Fire Station Curchorem
2026-01-30T18:03:20.450Z,GA 07 G 7447-CUR(EMERGENCY RESCUE),15.2604166,74.103735,0,STOP,At Fire Station Curchorem,Fire Station Curchorem
2026-01-30T18:03:20.450Z,GA 07 G 7557-CUR(WATER TENDER),15.2603916,74.1034266,0,STOP,At Fire Station Curchorem,Fire Station Curchorem
2026-01-30T18:03:20.450Z,GA 07 G 7667-CUR(WATER BOUSER),15.26036,74.103735,0,STOP,At Fire Station Curchorem,Fire Station Curchorem
2026-01-30T18:03:20.450Z,GA 07 G 4989-KUN(WATER TENDER),15.4628883,73.9726967,0,STOP,At Fire Station Kundaim,Fire Station Kundaim
2026-01-30T18:03:20.450Z,GA 07 G 2242-PIL(WATER TENDER),15.533075,73.7940172,0,STOP,At Fire Station Pilerne,Fire Station Pilerne
2026-01-30T18:03:20.450Z,GA 07 G 0681-MAP(QUICK RESPONSE),15.5898267,73.8086667,0,STOP,At Fire Station Mapusa,Fire Station Mapusa
2026-01-30T18:03:20.450Z,GA 07 G 2101-PER(MS WATER TENDER),15.7164428,73.7974983,0,STOP,At Fire Station Pernem,Fire Station Pernem
2026-01-30T18:03:20.450Z,GA 07 G 4600-PER(MINI RESCUE TENDER),15.7164817,73.7975244,0,STOP,At Fire Station Pernem,Fire Station Pernem
2026-01-30T18:03:20.450Z,GA 07 G 7272-PNJ(WATER TENDER),15.4869706,73.8172022,0,STOP,"Caculo Mall, 16 Shanta, St Inez Rd, Caculo Enclave, Santa Inez, Panaji, Goa (NW)",Fire Station Panaji
2026-01-30T18:03:20.450Z,GA07G2384-CAN(WATER TENDER),15.1862872,74.0210394,0,STOP,At Fire Station Cuncolim,Fire Station Cuncolim
2026-01-30T18:03:20.450Z,GA07G2507 - PER Mid Size (Water Tender),15.7164517,73.7974767,0,STOP,At Fire Station Pernem,Fire Station Pernem
2026-01-30T18:03:20.450Z,GA07G2505 - VAP Mid Size (Water Tender),15.4026267,74.0027833,0,STOP,At Fire Station Ponda ,Fire Station Valpoi
2026-01-30T18:03:20.450Z,GA07G2504 - BIC Mid Size (Water Tender),15.5895017,73.9465983,0,STOP,At Fire Station Bicholim ,Fire Station Bicholim
2026-01-30T18:03:20.450Z,GA07G2503- MAP Mid Size (Water Tender),15.5900233,73.80852,0,STOP,At Fire Station Mapusa,Fire Station Mapusa
2026-01-30T18:03:20.450Z,GA07G2502 - FFHQ Mid Size (Water Tender),15.4870117,73.8172283,0,STOP,"Caculo Mall, 16 Shanta, St Inez Rd, Caculo Enclave, Santa Inez, Panaji, Goa (NW)",Fire Force Headquarters
2026-01-30T18:04:46.017Z,GA 07 G 0680-PIL(QUICK RESPONSE VEHICLE),15.486505,73.8169917,0,STOP,At Fire Station panaji,Fire Station Pilerne
2026-01-30T18:04:46.017Z,GA07G2506 - OLG Mid Size (Water Tender),15.500312,73.914017,0,STOP,At Fire Station Old Goa,Fire Station Old Goa
2026-01-30T18:04:46.017Z,GA 07 G 5115-POR(MINI WATER TENDER),15.533813,73.825089,0,RUNNING,"Sainik Stores, Defence Colony, Porvorim, Penha de França, Goa (SW)",Fire Station Porvorim
2026-01-30T18:04:46.017Z,GA 07 G 0350-MRG(WATER TENDER),15.26939,73.970581,0,STOP,At Fire Station Margoa,Fire Station Margao
2026-01-30T18:04:46.017Z,GA 07 G 2900-MAP(MINI RESCUE TENDER),15.589847,73.808868,0,STOP,At Fire Station Mapusa,Fire Station Mapusa
2026-01-30T18:04:46.017Z,GA 07 G 7600-FFHQ(WATER BOUSER),15.487187,73.817146,0,STOP,"Caculo Mall, 16 Shanta, St Inez Rd, Caculo Enclave, Santa Inez, Panaji, Goa (NW)",Fire Force Headquarters
2026-01-30T18:04:46.017Z,GA 07 G 2002-FFHQ(TURN TABLE LADDER),15.487437,73.817352,0,STOP,"Caculo Mall, 16 Shanta, St Inez Rd, Caculo Enclave, Santa Inez, Panaji, Goa (NW)",Fire Force Headquarters
2026-01-30T18:04:46.017Z,GA 07 G 7101-FFHQ(WATER TENDER),15.486877,73.816963,0,STOP,"Caculo Mall, 16 Shanta, St Inez Rd, Caculo Enclave, Santa Inez, Panaji, Goa (NW)",Fire Force Headquarters
2026-01-30T18:04:46.017Z,GA 07 G 7677-FFHQ(EMERGENCY RESCUE),15.486953,73.817261,0,INACTIVE,"Caculo Mall, 16 Shanta, St Inez Rd, Caculo Enclave, Santa Inez, Panaji, Goa (NW)",Fire Force Headquarters
2026-01-30T18:04:46.017Z,GA 07 G 1121-PNJ(EMERGENCY RESCUE),15.487097,73.817223,0,STOP,"Caculo Mall, 16 Shanta, St Inez Rd, Caculo Enclave, Santa Inez, Panaji, Goa (NW)",Fire Station Panaji
2026-01-30T18:04:46.017Z,GA 07 G 1571-FFHQ(QUICK RESPONSE),15.486663,73.81739,0,STOP,"Caculo Mall, 16 Shanta, St Inez Rd, Caculo Enclave, Santa Inez, Panaji, Goa (NW)",Fire Force Headquarters
2026-01-30T18:04:46.017Z,GA 07 G 8101-MAP(WATER TENDER),15.590058,73.808762,0,STOP,At Fire Station Mapusa,Fire Station Mapusa
2026-01-30T18:04:46.017Z,GA 07 G 2317-MRG(EMERGENCY RESCUE TENDER),15.2688116,73.9698483,1,STOP,At Fire Station Margoa,Fire Station Margao
2026-01-30T18:04:46.017Z,GA 07 G 1570-VAS(QUICK RESPONSE FIRE TENDER),15.3887566,73.8513433,0,STOP,At Fire Station Vasco,Fire Station Vasco
2026-01-30T18:04:46.017Z,GA 07 G 4101-VAS(MS WATER TENDER),15.3888833,73.8513516,0,STOP,At Fire Station Vasco,Fire Station Vasco
2026-01-30T18:04:46.017Z,GA 07 G 0819-VAS(WATER/FOAM TENDER),15.3887917,73.8513517,0,IDLE,At Fire Station Vasco,Fire Station Vasco
2026-01-30T18:04:46.017Z,GA 07 G 7100-MRG(WATER BOUSER),15.2695133,73.9702966,0,STOP,At Fire Station Margoa,Fire Station Margao
2026-01-30T18:04:46.017Z,GA 07 G 1568-MRG(QUICK RESPONSE ),15.2694166,73.9704266,0,STOP,At Fire Station Margoa,Fire Station Margao
2026-01-30T18:04:46.017Z,GA 07 G 6101-MRG(WATER TENDER),15.26936,73.9702883,0,STOP,At Fire Station Margoa,Fire Station Margao
2026-01-30T18:04:46.017Z,GA 07 G 1001-MRG(AERIAL LADDER PLATFORM),15.2695333,73.969905,0,INACTIVE,At Fire Station Margoa,Fire Station Margao
2026-01-30T18:04:46.017Z,GA 07 G 0820-BIC(WATER TEDNER),15.4027733,74.002805,0,STOP,At Fire Station Ponda ,Fire Station Bicholim
2026-01-30T18:04:46.017Z,GA 07 G 5101-OLG(MS WATER TENDER),15.5002983,73.9140383,0,STOP,At Fire Station Old Goa,Fire Station Old Goa
2026-01-30T18:04:46.017Z,GA 07 G 3101-BIC(MS WATER TENDER),15.589315,73.9468266,0,STOP,At Fire Station Bicholim ,Fire Station Bicholim
2026-01-30T18:04:46.017Z,GA 07 G 1941-BIC(QUICK RESPONSE),15.5894883,73.9467283,0,STOP,At Fire Station Bicholim ,Fire Station Bicholim
2026-01-30T18:04:46.017Z,GA 07 G 2319-VAS (EMERGENCY RESCUE TENDER),15.388815,73.8512783,0,STOP,At Fire Station Vasco,Fire Station Vasco
2026-01-30T18:04:46.017Z,GA 07 G 3737-VAP(WATER TENDER),15.53101,74.1386633,0,STOP,At Fire Station Valpoi ,Fire Station Valpoi
2026-01-30T18:04:46.017Z,GA 07 G 2318-PND(EMERGENCY RESCUE TENDER),15.402675,74.003035,0,STOP,At Fire Station Ponda ,Fire Station Ponda
2026-01-30T18:04:46.017Z,GA 07 G 2004-PND(QUICK RESPONSE),15.40267,74.00284,0,STOP,At Fire Station Ponda ,Fire Station Ponda
2026-01-30T18:04:46.017Z,GA 07 G 9101-PND(WATER TENDER),15.4031316,74.0027016,0,STOP,At Fire Station Ponda ,Fire Station Ponda
2026-01-30T18:04:46.017Z,GA 07 G 9797-PND(WATER BOUSER),15.4027366,74.0028816,0,STOP,At Fire Station Ponda ,Fire Station Ponda
2026-01-30T18:04:46.017Z,GA 07 G 6363-CAN(WATER TENDER),15.0236416,74.0440433,0,STOP,"Canacona, The Lalitrajbaga ,Canacona, Canacona, Goa (NE)",Fire Station Canacona
2026-01-30T18:04:46.017Z,GA 07 G 1567-CAN(QUICK RESPONSE FT),15.0236833,74.0440666,0,STOP,"Canacona, The Lalitrajbaga ,Canacona, Canacona, Goa (NE)",Fire Station Canacona
2026-01-30T18:04:46.017Z,GA 07 G 1569-VRN(QUICK RESPONSE),15.369755,73.935465,0,STOP,At Fire Station Verna,Fire Station Verna
2026-01-30T18:04:46.017Z,GA 07 G 9909-VRN(ADVANCE MULTI-PURPOSE),15.3693883,73.9361083,0,STOP,At Fire Station Verna,Fire Station Verna
2026-01-30T18:04:46.017Z,GA 07 G 1942-VAP(QUICK RESPONSE),15.5310133,74.1387783,0,STOP,At Fire Station Valpoi ,Fire Station Valpoi
2026-01-30T18:04:46.017Z,GA 07 G 2003-CUR(QUICK RESPONSE),15.26046,74.1037433,0,STOP,At Fire Station Curchorem,Fire Station Curchorem
2026-01-30T18:04:46.017Z,GA 07 G 7447-CUR(EMERGENCY RESCUE),15.2604166,74.103735,0,STOP,At Fire Station Curchorem,Fire Station Curchorem
2026-01-30T18:04:46.017Z,GA 07 G 7557-CUR(WATER TENDER),15.2603916,74.1034266,0,STOP,At Fire Station Curchorem,Fire Station Curchorem
2026-01-30T18:04:46.017Z,GA 07 G 7667-CUR(WATER BOUSER),15.26036,74.103735,0,STOP,At Fire Station Curchorem,Fire Station Curchorem
2026-01-30T18:04:46.017Z,GA 07 G 4989-KUN(WATER TENDER),15.4628883,73.9726967,0,STOP,At Fire Station Kundaim,Fire Station Kundaim
2026-01-30T18:04:46.017Z,GA 07 G 2242-PIL(WATER TENDER),15.533075,73.7940172,0,STOP,At Fire Station Pilerne,Fire Station Pilerne
2026-01-30T18:04:46.017Z,GA 07 G 0681-MAP(QUICK RESPONSE),15.5898267,73.8086667,0,STOP,At Fire Station Mapusa,Fire Station Mapusa
2026-01-30T18:04:46.017Z,GA 07 G 2101-PER(MS WATER TENDER),15.7164428,73.7974983,0,STOP,At Fire Station Pernem,Fire Station Pernem
2026-01-30T18:04:46.017Z,GA 07 G 4600-PER(MINI RESCUE TENDER),15.7164817,73.7975244,0,STOP,At Fire Station Pernem,Fire Station Pernem
2026-01-30T18:04:46.017Z,GA 07 G 7272-PNJ(WATER TENDER),15.4869706,73.8172022,0,STOP,"Caculo Mall, 16 Shanta, St Inez Rd, Caculo Enclave, Santa Inez, Panaji, Goa (NW)",Fire Station Panaji
2026-01-30T18:04:46.017Z,GA07G2384-CAN(WATER TENDER),15.1862872,74.0210394,0,STOP,At Fire Station Cuncolim,Fire Station Cuncolim
2026-01-30T18:04:46.017Z,GA07G2507 - PER Mid Size (Water Tender),15.7164517,73.7974767,0,STOP,At Fire Station Pernem,Fire Station Pernem
2026-01-30T18:04:46.017Z,GA07G2505 - VAP Mid Size (Water Tender),15.4026267,74.0027833,0,STOP,At Fire Station Ponda ,Fire Station Valpoi
2026-01-30T18:04:46.017Z,GA07G2504 - BIC Mid Size (Water Tender),15.5895017,73.9465983,0,STOP,At Fire Station Bicholim ,Fire Station Bicholim
2026-01-30T18:04:46.017Z,GA07G2503- MAP Mid Size (Water Tender),15.5900233,73.80852,0,STOP,At Fire Station Mapusa,Fire Station Mapusa
2026-01-30T18:04:46.017Z,GA07G2502 - FFHQ Mid Size (Water Tender),15.4870117,73.8172283,0,STOP,"Caculo Mall, 16 Shanta, St Inez Rd, Caculo Enclave, Santa Inez, Panaji, Goa (NW)",Fire Force Headquarters
2026-01-30T18:05:47.523Z,GA 07 G 0680-PIL(QUICK RESPONSE VEHICLE),15.486505,73.8169917,0,STOP,At Fire Station panaji,Fire Station Pilerne
2026-01-30T18:05:47.523Z,GA07G2506 - OLG Mid Size (Water Tender),15.500312,73.914017,0,STOP,At Fire Station Old Goa,Fire Station Old Goa
2026-01-30T18:05:47.523Z,GA 07 G 5115-POR(MINI WATER TENDER),15.53448,73.825119,11,RUNNING,"Sainik Stores, Defence Colony, Porvorim, Penha de França, Goa (NW)",Fire Station Porvorim
2026-01-30T18:05:47.523Z,GA 07 G 0350-MRG(WATER TENDER),15.26939,73.970581,0,STOP,At Fire Station Margoa,Fire Station Margao
2026-01-30T18:05:47.523Z,GA 07 G 2900-MAP(MINI RESCUE TENDER),15.589847,73.808868,0,STOP,At Fire Station Mapusa,Fire Station Mapusa
2026-01-30T18:05:47.523Z,GA 07 G 7600-FFHQ(WATER BOUSER),15.487187,73.817146,0,STOP,"Caculo Mall, 16 Shanta, St Inez Rd, Caculo Enclave, Santa Inez, Panaji, Goa (NW)",Fire Force Headquarters
2026-01-30T18:05:47.523Z,GA 07 G 2002-FFHQ(TURN TABLE LADDER),15.487437,73.817352,0,STOP,"Caculo Mall, 16 Shanta, St Inez Rd, Caculo Enclave, Santa Inez, Panaji, Goa (NW)",Fire Force Headquarters
2026-01-30T18:05:47.523Z,GA 07 G 7101-FFHQ(WATER TENDER),15.486877,73.816963,0,STOP,"Caculo Mall, 16 Shanta, St Inez Rd, Caculo Enclave, Santa Inez, Panaji, Goa (NW)",Fire Force Headquarters
2026-01-30T18:05:47.523Z,GA 07 G 7677-FFHQ(EMERGENCY RESCUE),15.486953,73.817261,0,INACTIVE,"Caculo Mall, 16 Shanta, St Inez Rd, Caculo Enclave, Santa Inez, Panaji, Goa (NW)",Fire Force Headquarters
2026-01-30T18:05:47.523Z,GA 07 G 1121-PNJ(EMERGENCY RESCUE),15.487097,73.817223,0,STOP,"Caculo Mall, 16 Shanta, St Inez Rd, Caculo Enclave, Santa Inez, Panaji, Goa (NW)",Fire Station Panaji
2026-01-30T18:05:47.523Z,GA 07 G 1571-FFHQ(QUICK RESPONSE),15.486663,73.81739,0,STOP,"Caculo Mall, 16 Shanta, St Inez Rd, Caculo Enclave, Santa Inez, Panaji, Goa (NW)",Fire Force Headquarters
2026-01-30T18:05:47.523Z,GA 07 G 8101-MAP(WATER TENDER),15.590058,73.808762,0,STOP,At Fire Station Mapusa,Fire Station Mapusa
2026-01-30T18:05:47.523Z,GA 07 G 2317-MRG(EMERGENCY RESCUE TENDER),15.2691466,73.96997,2,STOP,At Fire Station Margoa,Fire Station Margao
2026-01-30T18:05:47.523Z,GA 07 G 1570-VAS(QUICK RESPONSE FIRE TENDER),15.3887566,73.8513433,0,STOP,At Fire Station Vasco,Fire Station Vasco
2026-01-30T18:05:47.523Z,GA 07 G 4101-VAS(MS WATER TENDER),15.3888833,73.8513516,0,STOP,At Fire Station Vasco,Fire Station Vasco
2026-01-30T18:05:47.523Z,GA 07 G 0819-VAS(WATER/FOAM TENDER),15.388785,73.8513017,0,RUNNING,At Fire Station Vasco,Fire Station Vasco
2026-01-30T18:05:47.523Z,GA 07 G 7100-MRG(WATER BOUSER),15.2695133,73.9702966,0,STOP,At Fire Station Margoa,Fire Station Margao
2026-01-30T18:05:47.523Z,GA 07 G 1568-MRG(QUICK RESPONSE ),15.2694166,73.9704266,0,STOP,At Fire Station Margoa,Fire Station Margao
2026-01-30T18:05:47.523Z,GA 07 G 6101-MRG(WATER TENDER),15.26936,73.9702883,0,STOP,At Fire Station Margoa,Fire Station Margao
2026-01-30T18:05:47.523Z,GA 07 G 1001-MRG(AERIAL LADDER PLATFORM),15.2695333,73.969905,0,INACTIVE,At Fire Station Margoa,Fire Station Margao
2026-01-30T18:05:47.523Z,GA 07 G 0820-BIC(WATER TEDNER),15.4027733,74.002805,0,STOP,At Fire Station Ponda ,Fire Station Bicholim
2026-01-30T18:05:47.523Z,GA 07 G 5101-OLG(MS WATER TENDER),15.5002983,73.9140383,0,STOP,At Fire Station Old Goa,Fire Station Old Goa
2026-01-30T18:05:47.523Z,GA 07 G 3101-BIC(MS WATER TENDER),15.589315,73.9468266,0,STOP,At Fire Station Bicholim ,Fire Station Bicholim
2026-01-30T18:05:47.523Z,GA 07 G 1941-BIC(QUICK RESPONSE),15.5894883,73.9467283,0,STOP,At Fire Station Bicholim ,Fire Station Bicholim
2026-01-30T18:05:47.523Z,GA 07 G 2319-VAS (EMERGENCY RESCUE TENDER),15.388815,73.8512783,0,STOP,At Fire Station Vasco,Fire Station Vasco
2026-01-30T18:05:47.523Z,GA 07 G 3737-VAP(WATER TENDER),15.53101,74.1386633,0,STOP,At Fire Station Valpoi ,Fire Station Valpoi
2026-01-30T18:05:47.523Z,GA 07 G 2318-PND(EMERGENCY RESCUE TENDER),15.402675,74.003035,0,STOP,At Fire Station Ponda ,Fire Station Ponda
2026-01-30T18:05:47.523Z,GA 07 G 2004-PND(QUICK RESPONSE),15.40267,74.00284,0,STOP,At Fire Station Ponda ,Fire Station Ponda
2026-01-30T18:05:47.523Z,GA 07 G 9101-PND(WATER TENDER),15.4031316,74.0027016,0,STOP,At Fire Station Ponda ,Fire Station Ponda
2026-01-30T18:05:47.523Z,GA 07 G 9797-PND(WATER BOUSER),15.4027366,74.0028816,0,STOP,At Fire Station Ponda ,Fire Station Ponda
2026-01-30T18:05:47.523Z,GA 07 G 6363-CAN(WATER TENDER),15.0236416,74.0440433,0,STOP,"Canacona, The Lalitrajbaga ,Canacona, Canacona, Goa (NE)",Fire Station Canacona
2026-01-30T18:05:47.523Z,GA 07 G 1567-CAN(QUICK RESPONSE FT),15.0236833,74.0440666,0,STOP,"Canacona, The Lalitrajbaga ,Canacona, Canacona, Goa (NE)",Fire Station Canacona
2026-01-30T18:05:47.523Z,GA 07 G 1569-VRN(QUICK RESPONSE),15.369755,73.935465,0,STOP,At Fire Station Verna,Fire Station Verna
2026-01-30T18:05:47.523Z,GA 07 G 9909-VRN(ADVANCE MULTI-PURPOSE),15.3693883,73.9361083,0,STOP,At Fire Station Verna,Fire Station Verna
2026-01-30T18:05:47.523Z,GA 07 G 1942-VAP(QUICK RESPONSE),15.5310133,74.1387783,0,STOP,At Fire Station Valpoi ,Fire Station Valpoi
2026-01-30T18:05:47.523Z,GA 07 G 2003-CUR(QUICK RESPONSE),15.26046,74.1037433,0,STOP,At Fire Station Curchorem,Fire Station Curchorem
2026-01-30T18:05:47.523Z,GA 07 G 7447-CUR(EMERGENCY RESCUE),15.2604166,74.103735,0,STOP,At Fire Station Curchorem,Fire Station Curchorem
2026-01-30T18:05:47.523Z,GA 07 G 7557-CUR(WATER TENDER),15.2603916,74.1034266,0,STOP,At Fire Station Curchorem,Fire Station Curchorem
2026-01-30T18:05:47.523Z,GA 07 G 7667-CUR(WATER BOUSER),15.26036,74.103735,0,STOP,At Fire Station Curchorem,Fire Station Curchorem
2026-01-30T18:05:47.523Z,GA 07 G 4989-KUN(WATER TENDER),15.4628883,73.9726967,0,STOP,At Fire Station Kundaim,Fire Station Kundaim
2026-01-30T18:05:47.523Z,GA 07 G 2242-PIL(WATER TENDER),15.533075,73.7940172,0,STOP,At Fire Station Pilerne,Fire Station Pilerne
2026-01-30T18:05:47.523Z,GA 07 G 0681-MAP(QUICK RESPONSE),15.5898267,73.8086667,0,STOP,At Fire Station Mapusa,Fire Station Mapusa
2026-01-30T18:05:47.523Z,GA 07 G 2101-PER(MS WATER TENDER),15.7164428,73.7974983,0,STOP,At Fire Station Pernem,Fire Station Pernem
2026-01-30T18:05:47.523Z,GA 07 G 4600-PER(MINI RESCUE TENDER),15.7164817,73.7975244,0,STOP,At Fire Station Pernem,Fire Station Pernem
2026-01-30T18:05:47.523Z,GA 07 G 7272-PNJ(WATER TENDER),15.4869706,73.8172022,0,STOP,"Caculo Mall, 16 Shanta, St Inez Rd, Caculo Enclave, Santa Inez, Panaji, Goa (NW)",Fire Station Panaji
2026-01-30T18:05:47.523Z,GA07G2384-CAN(WATER TENDER),15.1862872,74.0210394,0,STOP,At Fire Station Cuncolim,Fire Station Cuncolim
2026-01-30T18:05:47.523Z,GA07G2507 - PER Mid Size (Water Tender),15.7164517,73.7974767,0,STOP,At Fire Station Pernem,Fire Station Pernem
2026-01-30T18:05:47.523Z,GA07G2505 - VAP Mid Size (Water Tender),15.4026267,74.0027833,0,STOP,At Fire Station Ponda ,Fire Station Valpoi
2026-01-30T18:05:47.523Z,GA07G2504 - BIC Mid Size (Water Tender),15.5895017,73.9465983,0,STOP,At Fire Station Bicholim ,Fire Station Bicholim
2026-01-30T18:05:47.523Z,GA07G2503- MAP Mid Size (Water Tender),15.5900233,73.80852,0,STOP,At Fire Station Mapusa,Fire Station Mapusa
2026-01-30T18:05:47.523Z,GA07G2502 - FFHQ Mid Size (Water Tender),15.4870117,73.8172283,0,STOP,"Caculo Mall, 16 Shanta, St Inez Rd, Caculo Enclave, Santa Inez, Panaji, Goa (NW)",Fire Force Headquarters
2026-01-30T18:06:45.229Z,GA 07 G 0680-PIL(QUICK RESPONSE VEHICLE),15.486505,73.8169917,0,STOP,At Fire Station panaji,Fire Station Pilerne
2026-01-30T18:06:45.229Z,GA07G2506 - OLG Mid Size (Water Tender),15.500312,73.914017,0,STOP,At Fire Station Old Goa,Fire Station Old Goa
2026-01-30T18:06:45.229Z,GA 07 G 5115-POR(MINI WATER TENDER),15.533833,73.825119,14,RUNNING,"Sainik Stores, Defence Colony, Porvorim, Penha de França, Goa (SW)",Fire Station Porvorim
2026-01-30T18:06:45.229Z,GA 07 G 0350-MRG(WATER TENDER),15.26939,73.970581,0,STOP,At Fire Station Margoa,Fire Station Margao
2026-01-30T18:06:45.229Z,GA 07 G 2900-MAP(MINI RESCUE TENDER),15.589847,73.808868,0,STOP,At Fire Station Mapusa,Fire Station Mapusa
2026-01-30T18:06:45.229Z,GA 07 G 7600-FFHQ(WATER BOUSER),15.487187,73.817146,0,STOP,"Caculo Mall, 16 Shanta, St Inez Rd, Caculo Enclave, Santa Inez, Panaji, Goa (NW)",Fire Force Headquarters
2026-01-30T18:06:45.229Z,GA 07 G 2002-FFHQ(TURN TABLE LADDER),15.487437,73.817352,0,STOP,"Caculo Mall, 16 Shanta, St Inez Rd, Caculo Enclave, Santa Inez, Panaji, Goa (NW)",Fire Force Headquarters
2026-01-30T18:06:45.229Z,GA 07 G 7101-FFHQ(WATER TENDER),15.486877,73.816963,0,STOP,"Caculo Mall, 16 Shanta, St Inez Rd, Caculo Enclave, Santa Inez, Panaji, Goa (NW)",Fire Force Headquarters
2026-01-30T18:06:45.229Z,GA 07 G 7677-FFHQ(EMERGENCY RESCUE),15.486953,73.817261,0,INACTIVE,"Caculo Mall, 16 Shanta, St Inez Rd, Caculo Enclave, Santa Inez, Panaji, Goa (NW)",Fire Force Headquarters
2026-01-30T18:06:45.229Z,GA 07 G 1121-PNJ(EMERGENCY RESCUE),15.487097,73.817223,0,STOP,"Caculo Mall, 16 Shanta, St Inez Rd, Caculo Enclave, Santa Inez, Panaji, Goa (NW)",Fire Station Panaji
2026-01-30T18:06:45.229Z,GA 07 G 1571-FFHQ(QUICK RESPONSE),15.486663,73.81739,0,STOP,"Caculo Mall, 16 Shanta, St Inez Rd, Caculo Enclave, Santa Inez, Panaji, Goa (NW)",Fire Force Headquarters
2026-01-30T18:06:45.229Z,GA 07 G 8101-MAP(WATER TENDER),15.590058,73.808762,0,STOP,At Fire Station Mapusa,Fire Station Mapusa
2026-01-30T18:06:45.229Z,GA 07 G 2317-MRG(EMERGENCY RESCUE TENDER),15.2695716,73.9703283,0,STOP,At Fire Station Margoa,Fire Station Margao
2026-01-30T18:06:45.229Z,GA 07 G 1570-VAS(QUICK RESPONSE FIRE TENDER),15.3887566,73.8513433,0,STOP,At Fire Station Vasco,Fire Station Vasco
2026-01-30T18:06:45.229Z,GA 07 G 4101-VAS(MS WATER TENDER),15.3888833,73.8513516,0,STOP,At Fire Station Vasco,Fire Station Vasco
2026-01-30T18:06:45.229Z,GA 07 G 0819-VAS(WATER/FOAM TENDER),15.388815,73.8514083,0,RUNNING,At Fire Station Vasco,Fire Station Vasco
2026-01-30T18:06:45.229Z,GA 07 G 7100-MRG(WATER BOUSER),15.2695133,73.9702966,0,STOP,At Fire Station Margoa,Fire Station Margao
2026-01-30T18:06:45.229Z,GA 07 G 1568-MRG(QUICK RESPONSE ),15.2694166,73.9704266,0,STOP,At Fire Station Margoa,Fire Station Margao
2026-01-30T18:06:45.229Z,GA 07 G 6101-MRG(WATER TENDER),15.26936,73.9702883,0,STOP,At Fire Station Margoa,Fire Station Margao
2026-01-30T18:06:45.229Z,GA 07 G 1001-MRG(AERIAL LADDER PLATFORM),15.2695333,73.969905,0,INACTIVE,At Fire Station Margoa,Fire Station Margao
2026-01-30T18:06:45.229Z,GA 07 G 0820-BIC(WATER TEDNER),15.4027733,74.002805,0,STOP,At Fire Station Ponda ,Fire Station Bicholim
2026-01-30T18:06:45.229Z,GA 07 G 5101-OLG(MS WATER TENDER),15.5002983,73.9140383,0,STOP,At Fire Station Old Goa,Fire Station Old Goa
2026-01-30T18:06:45.229Z,GA 07 G 3101-BIC(MS WATER TENDER),15.589315,73.9468266,0,STOP,At Fire Station Bicholim ,Fire Station Bicholim
2026-01-30T18:06:45.229Z,GA 07 G 1941-BIC(QUICK RESPONSE),15.5894883,73.9467283,0,STOP,At Fire Station Bicholim ,Fire Station Bicholim
2026-01-30T18:06:45.229Z,GA 07 G 2319-VAS (EMERGENCY RESCUE TENDER),15.388815,73.8512783,0,STOP,At Fire Station Vasco,Fire Station Vasco
2026-01-30T18:06:45.229Z,GA 07 G 3737-VAP(WATER TENDER),15.53101,74.1386633,0,STOP,At Fire Station Valpoi ,Fire Station Valpoi
2026-01-30T18:06:45.229Z,GA 07 G 2318-PND(EMERGENCY RESCUE TENDER),15.402675,74.003035,0,STOP,At Fire Station Ponda ,Fire Station Ponda
2026-01-30T18:06:45.229Z,GA 07 G 2004-PND(QUICK RESPONSE),15.40267,74.00284,0,STOP,At Fire Station Ponda ,Fire Station Ponda
2026-01-30T18:06:45.229Z,GA 07 G 9101-PND(WATER TENDER),15.4031316,74.0027016,0,STOP,At Fire Station Ponda ,Fire Station Ponda
2026-01-30T18:06:45.229Z,GA 07 G 9797-PND(WATER BOUSER),15.4027366,74.0028816,0,STOP,At Fire Station Ponda ,Fire Station Ponda
2026-01-30T18:06:45.229Z,GA 07 G 6363-CAN(WATER TENDER),15.0236416,74.0440433,0,STOP,"Canacona, The Lalitrajbaga ,Canacona, Canacona, Goa (NE)",Fire Station Canacona
2026-01-30T18:06:45.229Z,GA 07 G 1567-CAN(QUICK RESPONSE FT),15.0236833,74.0440666,0,STOP,"Canacona, The Lalitrajbaga ,Canacona, Canacona, Goa (NE)",Fire Station Canacona
2026-01-30T18:06:45.229Z,GA 07 G 1569-VRN(QUICK RESPONSE),15.369755,73.935465,0,STOP,At Fire Station Verna,Fire Station Verna
2026-01-30T18:06:45.229Z,GA 07 G 9909-VRN(ADVANCE MULTI-PURPOSE),15.3693883,73.9361083,0,STOP,At Fire Station Verna,Fire Station Verna
2026-01-30T18:06:45.229Z,GA 07 G 1942-VAP(QUICK RESPONSE),15.5310133,74.1387783,0,STOP,At Fire Station Valpoi ,Fire Station Valpoi
2026-01-30T18:06:45.229Z,GA 07 G 2003-CUR(QUICK RESPONSE),15.26046,74.1037433,0,STOP,At Fire Station Curchorem,Fire Station Curchorem
2026-01-30T18:06:45.229Z,GA 07 G 7447-CUR(EMERGENCY RESCUE),15.2604166,74.103735,0,STOP,At Fire Station Curchorem,Fire Station Curchorem
2026-01-30T18:06:45.229Z,GA 07 G 7557-CUR(WATER TENDER),15.2603916,74.1034266,0,STOP,At Fire Station Curchorem,Fire Station Curchorem
2026-01-30T18:06:45.229Z,GA 07 G 7667-CUR(WATER BOUSER),15.26036,74.103735,0,STOP,At Fire Station Curchorem,Fire Station Curchorem
2026-01-30T18:06:45.229Z,GA 07 G 4989-KUN(WATER TENDER),15.4628883,73.9726967,0,STOP,At Fire Station Kundaim,Fire Station Kundaim
2026-01-30T18:06:45.229Z,GA 07 G 2242-PIL(WATER TENDER),15.533075,73.7940172,0,STOP,At Fire Station Pilerne,Fire Station Pilerne
2026-01-30T18:06:45.229Z,GA 07 G 0681-MAP(QUICK RESPONSE),15.5898267,73.8086667,0,STOP,At Fire Station Mapusa,Fire Station Mapusa
2026-01-30T18:06:45.229Z,GA 07 G 2101-PER(MS WATER TENDER),15.7164428,73.7974983,0,STOP,At Fire Station Pernem,Fire Station Pernem
2026-01-30T18:06:45.229Z,GA 07 G 4600-PER(MINI RESCUE TENDER),15.7164817,73.7975244,0,STOP,At Fire Station Pernem,Fire Station Pernem
2026-01-30T18:06:45.229Z,GA 07 G 7272-PNJ(WATER TENDER),15.4869706,73.8172022,0,STOP,"Caculo Mall, 16 Shanta, St Inez Rd, Caculo Enclave, Santa Inez, Panaji, Goa (NW)",Fire Station Panaji
2026-01-30T18:06:45.229Z,GA07G2384-CAN(WATER TENDER),15.1862872,74.0210394,0,STOP,At Fire Station Cuncolim,Fire Station Cuncolim
2026-01-30T18:06:45.229Z,GA07G2507 - PER Mid Size (Water Tender),15.7164517,73.7974767,0,STOP,At Fire Station Pernem,Fire Station Pernem
2026-01-30T18:06:45.229Z,GA07G2505 - VAP Mid Size (Water Tender),15.4026267,74.0027833,0,STOP,At Fire Station Ponda ,Fire Station Valpoi
2026-01-30T18:06:45.229Z,GA07G2504 - BIC Mid Size (Water Tender),15.5895017,73.9465983,0,STOP,At Fire Station Bicholim ,Fire Station Bicholim
2026-01-30T18:06:45.229Z,GA07G2503- MAP Mid Size (Water Tender),15.5900233,73.80852,0,STOP,At Fire Station Mapusa,Fire Station Mapusa
2026-01-30T18:06:45.229Z,GA07G2502 - FFHQ Mid Size (Water Tender),15.4870117,73.8172283,0,STOP,"Caculo Mall, 16 Shanta, St Inez Rd, Caculo Enclave, Santa Inez, Panaji, Goa (NW)",Fire Force Headquarters
2026-01-30T18:08:34.375Z,GA 07 G 0680-PIL(QUICK RESPONSE VEHICLE),15.486505,73.8169917,0,STOP,At Fire Station panaji,Fire Station Pilerne
2026-01-30T18:08:34.375Z,GA07G2506 - OLG Mid Size (Water Tender),15.500312,73.914017,0,STOP,At Fire Station Old Goa,Fire Station Old Goa
2026-01-30T18:08:34.375Z,GA 07 G 5115-POR(MINI WATER TENDER),15.5337,73.825157,0,IDLE,"Sainik Stores, Defence Colony, Porvorim, Penha de França, Goa (SW)",Fire Station Porvorim
2026-01-30T18:08:34.375Z,GA 07 G 0350-MRG(WATER TENDER),15.26939,73.970581,0,STOP,At Fire Station Margoa,Fire Station Margao
2026-01-30T18:08:34.375Z,GA 07 G 2900-MAP(MINI RESCUE TENDER),15.589847,73.808868,0,STOP,At Fire Station Mapusa,Fire Station Mapusa
2026-01-30T18:08:34.375Z,GA 07 G 7600-FFHQ(WATER BOUSER),15.487187,73.817146,0,STOP,"Caculo Mall, 16 Shanta, St Inez Rd, Caculo Enclave, Santa Inez, Panaji, Goa (NW)",Fire Force Headquarters
2026-01-30T18:08:34.375Z,GA 07 G 2002-FFHQ(TURN TABLE LADDER),15.487437,73.817352,0,STOP,"Caculo Mall, 16 Shanta, St Inez Rd, Caculo Enclave, Santa Inez, Panaji, Goa (NW)",Fire Force Headquarters
2026-01-30T18:08:34.375Z,GA 07 G 7101-FFHQ(WATER TENDER),15.486877,73.816963,0,STOP,"Caculo Mall, 16 Shanta, St Inez Rd, Caculo Enclave, Santa Inez, Panaji, Goa (NW)",Fire Force Headquarters
2026-01-30T18:08:34.375Z,GA 07 G 7677-FFHQ(EMERGENCY RESCUE),15.486953,73.817261,0,INACTIVE,"Caculo Mall, 16 Shanta, St Inez Rd, Caculo Enclave, Santa Inez, Panaji, Goa (NW)",Fire Force Headquarters
2026-01-30T18:08:34.375Z,GA 07 G 1121-PNJ(EMERGENCY RESCUE),15.487097,73.817223,0,STOP,"Caculo Mall, 16 Shanta, St Inez Rd, Caculo Enclave, Santa Inez, Panaji, Goa (NW)",Fire Station Panaji
2026-01-30T18:08:34.375Z,GA 07 G 1571-FFHQ(QUICK RESPONSE),15.486663,73.81739,0,STOP,"Caculo Mall, 16 Shanta, St Inez Rd, Caculo Enclave, Santa Inez, Panaji, Goa (NW)",Fire Force Headquarters
2026-01-30T18:08:34.375Z,GA 07 G 8101-MAP(WATER TENDER),15.590058,73.808762,0,STOP,At Fire Station Mapusa,Fire Station Mapusa
2026-01-30T18:08:34.375Z,GA 07 G 2317-MRG(EMERGENCY RESCUE TENDER),15.2694516,73.9701983,0,STOP,At Fire Station Margoa,Fire Station Margao
2026-01-30T18:08:34.375Z,GA 07 G 1570-VAS(QUICK RESPONSE FIRE TENDER),15.3887566,73.8513433,0,STOP,At Fire Station Vasco,Fire Station Vasco
2026-01-30T18:08:34.375Z,GA 07 G 4101-VAS(MS WATER TENDER),15.3888833,73.8513516,0,STOP,At Fire Station Vasco,Fire Station Vasco
2026-01-30T18:08:34.375Z,GA 07 G 0819-VAS(WATER/FOAM TENDER),15.388815,73.8514083,0,IDLE,At Fire Station Vasco,Fire Station Vasco
2026-01-30T18:08:34.375Z,GA 07 G 7100-MRG(WATER BOUSER),15.2695133,73.9702966,0,STOP,At Fire Station Margoa,Fire Station Margao
2026-01-30T18:08:34.375Z,GA 07 G 1568-MRG(QUICK RESPONSE ),15.2694166,73.9704266,0,STOP,At Fire Station Margoa,Fire Station Margao
2026-01-30T18:08:34.375Z,GA 07 G 6101-MRG(WATER TENDER),15.26936,73.9702883,0,STOP,At Fire Station Margoa,Fire Station Margao
2026-01-30T18:08:34.375Z,GA 07 G 1001-MRG(AERIAL LADDER PLATFORM),15.2695333,73.969905,0,INACTIVE,At Fire Station Margoa,Fire Station Margao
2026-01-30T18:08:34.375Z,GA 07 G 0820-BIC(WATER TEDNER),15.4027733,74.002805,0,STOP,At Fire Station Ponda ,Fire Station Bicholim
2026-01-30T18:08:34.375Z,GA 07 G 5101-OLG(MS WATER TENDER),15.5002983,73.9140383,0,STOP,At Fire Station Old Goa,Fire Station Old Goa
2026-01-30T18:08:34.375Z,GA 07 G 3101-BIC(MS WATER TENDER),15.589315,73.9468266,0,STOP,At Fire Station Bicholim ,Fire Station Bicholim
2026-01-30T18:08:34.375Z,GA 07 G 1941-BIC(QUICK RESPONSE),15.5894883,73.9467283,0,STOP,At Fire Station Bicholim ,Fire Station Bicholim
2026-01-30T18:08:34.375Z,GA 07 G 2319-VAS (EMERGENCY RESCUE TENDER),15.388815,73.8512783,0,STOP,At Fire Station Vasco,Fire Station Vasco
2026-01-30T18:08:34.375Z,GA 07 G 3737-VAP(WATER TENDER),15.53101,74.1386633,0,STOP,At Fire Station Valpoi ,Fire Station Valpoi
2026-01-30T18:08:34.375Z,GA 07 G 2318-PND(EMERGENCY RESCUE TENDER),15.402675,74.003035,0,STOP,At Fire Station Ponda ,Fire Station Ponda
2026-01-30T18:08:34.375Z,GA 07 G 2004-PND(QUICK RESPONSE),15.40267,74.00284,0,STOP,At Fire Station Ponda ,Fire Station Ponda
2026-01-30T18:08:34.375Z,GA 07 G 9101-PND(WATER TENDER),15.4031316,74.0027016,0,STOP,At Fire Station Ponda ,Fire Station Ponda
2026-01-30T18:08:34.375Z,GA 07 G 9797-PND(WATER BOUSER),15.4027366,74.0028816,0,STOP,At Fire Station Ponda ,Fire Station Ponda
2026-01-30T18:08:34.375Z,GA 07 G 6363-CAN(WATER TENDER),15.0236416,74.0440433,0,STOP,"Canacona, The Lalitrajbaga ,Canacona, Canacona, Goa (NE)",Fire Station Canacona
2026-01-30T18:08:34.375Z,GA 07 G 1567-CAN(QUICK RESPONSE FT),15.0236833,74.0440666,0,STOP,"Canacona, The Lalitrajbaga ,Canacona, Canacona, Goa (NE)",Fire Station Canacona
2026-01-30T18:08:34.375Z,GA 07 G 1569-VRN(QUICK RESPONSE),15.369755,73.935465,0,STOP,At Fire Station Verna,Fire Station Verna
2026-01-30T18:08:34.375Z,GA 07 G 9909-VRN(ADVANCE MULTI-PURPOSE),15.3693883,73.9361083,0,STOP,At Fire Station Verna,Fire Station Verna
2026-01-30T18:08:34.375Z,GA 07 G 1942-VAP(QUICK RESPONSE),15.5310133,74.1387783,0,STOP,At Fire Station Valpoi ,Fire Station Valpoi
2026-01-30T18:08:34.375Z,GA 07 G 2003-CUR(QUICK RESPONSE),15.26046,74.1037433,0,STOP,At Fire Station Curchorem,Fire Station Curchorem
2026-01-30T18:08:34.375Z,GA 07 G 7447-CUR(EMERGENCY RESCUE),15.2604166,74.103735,0,STOP,At Fire Station Curchorem,Fire Station Curchorem
2026-01-30T18:08:34.375Z,GA 07 G 7557-CUR(WATER TENDER),15.2603916,74.1034266,0,STOP,At Fire Station Curchorem,Fire Station Curchorem
2026-01-30T18:08:34.375Z,GA 07 G 7667-CUR(WATER BOUSER),15.26036,74.103735,0,STOP,At Fire Station Curchorem,Fire Station Curchorem
2026-01-30T18:08:34.375Z,GA 07 G 4989-KUN(WATER TENDER),15.4628883,73.9726967,0,STOP,At Fire Station Kundaim,Fire Station Kundaim
2026-01-30T18:08:34.375Z,GA 07 G 2242-PIL(WATER TENDER),15.533075,73.7940172,0,STOP,At Fire Station Pilerne,Fire Station Pilerne
2026-01-30T18:08:34.375Z,GA 07 G 0681-MAP(QUICK RESPONSE),15.5898267,73.8086667,0,STOP,At Fire Station Mapusa,Fire Station Mapusa
2026-01-30T18:08:34.375Z,GA 07 G 2101-PER(MS WATER TENDER),15.7164428,73.7974983,0,STOP,At Fire Station Pernem,Fire Station Pernem
2026-01-30T18:08:34.375Z,GA 07 G 4600-PER(MINI RESCUE TENDER),15.7164817,73.7975244,0,STOP,At Fire Station Pernem,Fire Station Pernem
2026-01-30T18:08:34.375Z,GA 07 G 7272-PNJ(WATER TENDER),15.4872333,73.8174739,0,STOP,"Caculo Mall, 16 Shanta, St Inez Rd, Caculo Enclave, Santa Inez, Panaji, Goa (NW)",Fire Station Panaji
2026-01-30T18:08:34.375Z,GA07G2384-CAN(WATER TENDER),15.1862872,74.0210394,0,STOP,At Fire Station Cuncolim,Fire Station Cuncolim
2026-01-30T18:08:34.375Z,GA07G2507 - PER Mid Size (Water Tender),15.7164517,73.7974767,0,STOP,At Fire Station Pernem,Fire Station Pernem
2026-01-30T18:08:34.375Z,GA07G2505 - VAP Mid Size (Water Tender),15.4026267,74.0027833,0,STOP,At Fire Station Ponda ,Fire Station Valpoi
2026-01-30T18:08:34.375Z,GA07G2504 - BIC Mid Size (Water Tender),15.5895017,73.9465983,0,STOP,At Fire Station Bicholim ,Fire Station Bicholim
2026-01-30T18:08:34.375Z,GA07G2503- MAP Mid Size (Water Tender),15.5900233,73.80852,0,STOP,At Fire Station Mapusa,Fire Station Mapusa
2026-01-30T18:08:34.375Z,GA07G2502 - FFHQ Mid Size (Water Tender),15.4870117,73.8172283,0,STOP,"Caculo Mall, 16 Shanta, St Inez Rd, Caculo Enclave, Santa Inez, Panaji, Goa (NW)",Fire Force Headquarters
2026-01-30T18:09:45.571Z,GA 07 G 0680-PIL(QUICK RESPONSE VEHICLE),15.486505,73.8169917,0,STOP,At Fire Station panaji,Fire Station Pilerne
2026-01-30T18:09:45.571Z,GA07G2506 - OLG Mid Size (Water Tender),15.500312,73.914017,0,STOP,At Fire Station Old Goa,Fire Station Old Goa
2026-01-30T18:09:45.571Z,GA 07 G 5115-POR(MINI WATER TENDER),15.53138,73.8256,11,RUNNING,"663, Defence Colony, Porvorim, Penha de França, Goa (NE)",Fire Station Porvorim
2026-01-30T18:09:45.571Z,GA 07 G 0350-MRG(WATER TENDER),15.26939,73.970581,0,STOP,At Fire Station Margoa,Fire Station Margao
2026-01-30T18:09:45.571Z,GA 07 G 2900-MAP(MINI RESCUE TENDER),15.589847,73.808868,0,STOP,At Fire Station Mapusa,Fire Station Mapusa
2026-01-30T18:09:45.571Z,GA 07 G 7600-FFHQ(WATER BOUSER),15.487187,73.817146,0,STOP,"Caculo Mall, 16 Shanta, St Inez Rd, Caculo Enclave, Santa Inez, Panaji, Goa (NW)",Fire Force Headquarters
2026-01-30T18:09:45.571Z,GA 07 G 2002-FFHQ(TURN TABLE LADDER),15.487437,73.817352,0,STOP,"Caculo Mall, 16 Shanta, St Inez Rd, Caculo Enclave, Santa Inez, Panaji, Goa (NW)",Fire Force Headquarters
2026-01-30T18:09:45.571Z,GA 07 G 7101-FFHQ(WATER TENDER),15.486877,73.816963,0,STOP,"Caculo Mall, 16 Shanta, St Inez Rd, Caculo Enclave, Santa Inez, Panaji, Goa (NW)",Fire Force Headquarters
2026-01-30T18:09:45.571Z,GA 07 G 7677-FFHQ(EMERGENCY RESCUE),15.486953,73.817261,0,INACTIVE,"Caculo Mall, 16 Shanta, St Inez Rd, Caculo Enclave, Santa Inez, Panaji, Goa (NW)",Fire Force Headquarters
2026-01-30T18:09:45.571Z,GA 07 G 1121-PNJ(EMERGENCY RESCUE),15.487097,73.817223,0,STOP,"Caculo Mall, 16 Shanta, St Inez Rd, Caculo Enclave, Santa Inez, Panaji, Goa (NW)",Fire Station Panaji
2026-01-30T18:09:45.571Z,GA 07 G 1571-FFHQ(QUICK RESPONSE),15.486663,73.81739,0,STOP,"Caculo Mall, 16 Shanta, St Inez Rd, Caculo Enclave, Santa Inez, Panaji, Goa (NW)",Fire Force Headquarters
2026-01-30T18:09:45.571Z,GA 07 G 8101-MAP(WATER TENDER),15.590058,73.808762,0,STOP,At Fire Station Mapusa,Fire Station Mapusa
2026-01-30T18:09:45.571Z,GA 07 G 2317-MRG(EMERGENCY RESCUE TENDER),15.26946,73.970125,1,STOP,At Fire Station Margoa,Fire Station Margao
2026-01-30T18:09:45.571Z,GA 07 G 1570-VAS(QUICK RESPONSE FIRE TENDER),15.3887566,73.8513433,0,STOP,At Fire Station Vasco,Fire Station Vasco
2026-01-30T18:09:45.571Z,GA 07 G 4101-VAS(MS WATER TENDER),15.3888833,73.8513516,0,STOP,At Fire Station Vasco,Fire Station Vasco
2026-01-30T18:09:45.571Z,GA 07 G 0819-VAS(WATER/FOAM TENDER),15.38875,73.8512933,0,IDLE,At Fire Station Vasco,Fire Station Vasco
2026-01-30T18:09:45.571Z,GA 07 G 7100-MRG(WATER BOUSER),15.2695133,73.9702966,0,STOP,At Fire Station Margoa,Fire Station Margao
2026-01-30T18:09:45.571Z,GA 07 G 1568-MRG(QUICK RESPONSE ),15.2694166,73.9704266,0,STOP,At Fire Station Margoa,Fire Station Margao
2026-01-30T18:09:45.571Z,GA 07 G 6101-MRG(WATER TENDER),15.26936,73.9702883,0,STOP,At Fire Station Margoa,Fire Station Margao
2026-01-30T18:09:45.571Z,GA 07 G 1001-MRG(AERIAL LADDER PLATFORM),15.2695333,73.969905,0,INACTIVE,At Fire Station Margoa,Fire Station Margao
2026-01-30T18:09:45.571Z,GA 07 G 0820-BIC(WATER TEDNER),15.4027733,74.002805,0,STOP,At Fire Station Ponda ,Fire Station Bicholim
2026-01-30T18:09:45.571Z,GA 07 G 5101-OLG(MS WATER TENDER),15.5002983,73.9140383,0,STOP,At Fire Station Old Goa,Fire Station Old Goa
2026-01-30T18:09:45.571Z,GA 07 G 3101-BIC(MS WATER TENDER),15.58939,73.947095,0,STOP,At Fire Station Bicholim ,Fire Station Bicholim
2026-01-30T18:09:45.571Z,GA 07 G 1941-BIC(QUICK RESPONSE),15.5894883,73.9467283,0,STOP,At Fire Station Bicholim ,Fire Station Bicholim
2026-01-30T18:09:45.571Z,GA 07 G 2319-VAS (EMERGENCY RESCUE TENDER),15.388815,73.8512783,0,STOP,At Fire Station Vasco,Fire Station Vasco
2026-01-30T18:09:45.571Z,GA 07 G 3737-VAP(WATER TENDER),15.53101,74.1386633,0,STOP,At Fire Station Valpoi ,Fire Station Valpoi
2026-01-30T18:09:45.571Z,GA 07 G 2318-PND(EMERGENCY RESCUE TENDER),15.402675,74.003035,0,STOP,At Fire Station Ponda ,Fire Station Ponda
2026-01-30T18:09:45.571Z,GA 07 G 2004-PND(QUICK RESPONSE),15.40267,74.00284,0,STOP,At Fire Station Ponda ,Fire Station Ponda
2026-01-30T18:09:45.571Z,GA 07 G 9101-PND(WATER TENDER),15.4031316,74.0027016,0,IDLE,At Fire Station Ponda ,Fire Station Ponda
2026-01-30T18:09:45.571Z,GA 07 G 9797-PND(WATER BOUSER),15.4027366,74.0028816,0,STOP,At Fire Station Ponda ,Fire Station Ponda
2026-01-30T18:09:45.571Z,GA 07 G 6363-CAN(WATER TENDER),15.0236416,74.0440433,0,STOP,"Canacona, The Lalitrajbaga ,Canacona, Canacona, Goa (NE)",Fire Station Canacona
2026-01-30T18:09:45.571Z,GA 07 G 1567-CAN(QUICK RESPONSE FT),15.0236833,74.0440666,0,STOP,"Canacona, The Lalitrajbaga ,Canacona, Canacona, Goa (NE)",Fire Station Canacona
2026-01-30T18:09:45.571Z,GA 07 G 1569-VRN(QUICK RESPONSE),15.369755,73.935465,0,STOP,At Fire Station Verna,Fire Station Verna
2026-01-30T18:09:45.571Z,GA 07 G 9909-VRN(ADVANCE MULTI-PURPOSE),15.3693883,73.9361083,0,STOP,At Fire Station Verna,Fire Station Verna
2026-01-30T18:09:45.571Z,GA 07 G 1942-VAP(QUICK RESPONSE),15.5310133,74.1387783,0,STOP,At Fire Station Valpoi ,Fire Station Valpoi
2026-01-30T18:09:45.571Z,GA 07 G 2003-CUR(QUICK RESPONSE),15.26046,74.1037433,0,STOP,At Fire Station Curchorem,Fire Station Curchorem
2026-01-30T18:09:45.571Z,GA 07 G 7447-CUR(EMERGENCY RESCUE),15.2604166,74.103735,0,STOP,At Fire Station Curchorem,Fire Station Curchorem
2026-01-30T18:09:45.571Z,GA 07 G 7557-CUR(WATER TENDER),15.2603916,74.1034266,0,STOP,At Fire Station Curchorem,Fire Station Curchorem
2026-01-30T18:09:45.571Z,GA 07 G 7667-CUR(WATER BOUSER),15.26036,74.103735,0,STOP,At Fire Station Curchorem,Fire Station Curchorem
2026-01-30T18:09:45.571Z,GA 07 G 4989-KUN(WATER TENDER),15.4628883,73.9726967,0,STOP,At Fire Station Kundaim,Fire Station Kundaim
2026-01-30T18:09:45.571Z,GA 07 G 2242-PIL(WATER TENDER),15.533075,73.7940172,0,STOP,At Fire Station Pilerne,Fire Station Pilerne
2026-01-30T18:09:45.571Z,GA 07 G 0681-MAP(QUICK RESPONSE),15.5898267,73.8086667,0,STOP,At Fire Station Mapusa,Fire Station Mapusa
2026-01-30T18:09:45.571Z,GA 07 G 2101-PER(MS WATER TENDER),15.7164428,73.7974983,0,STOP,At Fire Station Pernem,Fire Station Pernem
2026-01-30T18:09:45.571Z,GA 07 G 4600-PER(MINI RESCUE TENDER),15.7164817,73.7975244,0,STOP,At Fire Station Pernem,Fire Station Pernem
2026-01-30T18:09:45.571Z,GA 07 G 7272-PNJ(WATER TENDER),15.4872333,73.8174739,0,STOP,"Caculo Mall, 16 Shanta, St Inez Rd, Caculo Enclave, Santa Inez, Panaji, Goa (NW)",Fire Station Panaji
2026-01-30T18:09:45.571Z,GA07G2384-CAN(WATER TENDER),15.1862872,74.0210394,0,STOP,At Fire Station Cuncolim,Fire Station Cuncolim
2026-01-30T18:09:45.571Z,GA07G2507 - PER Mid Size (Water Tender),15.7164517,73.7974767,0,STOP,At Fire Station Pernem,Fire Station Pernem
2026-01-30T18:09:45.571Z,GA07G2505 - VAP Mid Size (Water Tender),15.4026267,74.0027833,0,STOP,At Fire Station Ponda ,Fire Station Valpoi
2026-01-30T18:09:45.571Z,GA07G2504 - BIC Mid Size (Water Tender),15.5895017,73.9465983,0,STOP,At Fire Station Bicholim ,Fire Station Bicholim
2026-01-30T18:09:45.571Z,GA07G2503- MAP Mid Size (Water Tender),15.5900233,73.80852,0,STOP,At Fire Station Mapusa,Fire Station Mapusa
2026-01-30T18:09:45.571Z,GA07G2502 - FFHQ Mid Size (Water Tender),15.4870117,73.8172283,0,STOP,"Caculo Mall, 16 Shanta, St Inez Rd, Caculo Enclave, Santa Inez, Panaji, Goa (NW)",Fire Force Headquarters
2026-01-30T18:10:54.227Z,GA 07 G 0680-PIL(QUICK RESPONSE VEHICLE),15.486505,73.8169917,0,STOP,At Fire Station panaji,Fire Station Pilerne
2026-01-30T18:10:54.227Z,GA07G2506 - OLG Mid Size (Water Tender),15.500312,73.914017,0,STOP,At Fire Station Old Goa,Fire Station Old Goa
2026-01-30T18:10:54.227Z,GA 07 G 5115-POR(MINI WATER TENDER),15.530847,73.828163,0,RUNNING,"Vijaya Bank - Porvorim Branch, Porvorim, Penha de França, Goa (SE)",Fire Station Porvorim
2026-01-30T18:10:54.227Z,GA 07 G 0350-MRG(WATER TENDER),15.26939,73.970581,0,STOP,At Fire Station Margoa,Fire Station Margao
2026-01-30T18:10:54.227Z,GA 07 G 2900-MAP(MINI RESCUE TENDER),15.589847,73.808868,0,STOP,At Fire Station Mapusa,Fire Station Mapusa
2026-01-30T18:10:54.227Z,GA 07 G 7600-FFHQ(WATER BOUSER),15.487187,73.817146,0,STOP,"Caculo Mall, 16 Shanta, St Inez Rd, Caculo Enclave, Santa Inez, Panaji, Goa (NW)",Fire Force Headquarters
2026-01-30T18:10:54.227Z,GA 07 G 2002-FFHQ(TURN TABLE LADDER),15.487437,73.817352,0,STOP,"Caculo Mall, 16 Shanta, St Inez Rd, Caculo Enclave, Santa Inez, Panaji, Goa (NW)",Fire Force Headquarters
2026-01-30T18:10:54.227Z,GA 07 G 7101-FFHQ(WATER TENDER),15.486877,73.816963,0,STOP,"Caculo Mall, 16 Shanta, St Inez Rd, Caculo Enclave, Santa Inez, Panaji, Goa (NW)",Fire Force Headquarters
2026-01-30T18:10:54.227Z,GA 07 G 7677-FFHQ(EMERGENCY RESCUE),15.486953,73.817261,0,INACTIVE,"Caculo Mall, 16 Shanta, St Inez Rd, Caculo Enclave, Santa Inez, Panaji, Goa (NW)",Fire Force Headquarters
2026-01-30T18:10:54.227Z,GA 07 G 1121-PNJ(EMERGENCY RESCUE),15.487097,73.817223,0,STOP,"Caculo Mall, 16 Shanta, St Inez Rd, Caculo Enclave, Santa Inez, Panaji, Goa (NW)",Fire Station Panaji
2026-01-30T18:10:54.227Z,GA 07 G 1571-FFHQ(QUICK RESPONSE),15.486663,73.81739,0,STOP,"Caculo Mall, 16 Shanta, St Inez Rd, Caculo Enclave, Santa Inez, Panaji, Goa (NW)",Fire Force Headquarters
2026-01-30T18:10:54.227Z,GA 07 G 8101-MAP(WATER TENDER),15.590058,73.808762,0,STOP,At Fire Station Mapusa,Fire Station Mapusa
2026-01-30T18:10:54.227Z,GA 07 G 2317-MRG(EMERGENCY RESCUE TENDER),15.2695416,73.9700283,0,STOP,At Fire Station Margoa,Fire Station Margao
2026-01-30T18:10:54.227Z,GA 07 G 1570-VAS(QUICK RESPONSE FIRE TENDER),15.3887566,73.8513433,0,STOP,At Fire Station Vasco,Fire Station Vasco
2026-01-30T18:10:54.227Z,GA 07 G 4101-VAS(MS WATER TENDER),15.3888833,73.8513516,0,STOP,At Fire Station Vasco,Fire Station Vasco
2026-01-30T18:10:54.227Z,GA 07 G 0819-VAS(WATER/FOAM TENDER),15.38875,73.8512933,0,IDLE,At Fire Station Vasco,Fire Station Vasco
2026-01-30T18:10:54.227Z,GA 07 G 7100-MRG(WATER BOUSER),15.2695133,73.9702966,0,STOP,At Fire Station Margoa,Fire Station Margao
2026-01-30T18:10:54.227Z,GA 07 G 1568-MRG(QUICK RESPONSE ),15.2694166,73.9704266,0,STOP,At Fire Station Margoa,Fire Station Margao
2026-01-30T18:10:54.227Z,GA 07 G 6101-MRG(WATER TENDER),15.26936,73.9702883,0,STOP,At Fire Station Margoa,Fire Station Margao
2026-01-30T18:10:54.227Z,GA 07 G 1001-MRG(AERIAL LADDER PLATFORM),15.2695333,73.969905,0,INACTIVE,At Fire Station Margoa,Fire Station Margao
2026-01-30T18:10:54.227Z,GA 07 G 0820-BIC(WATER TEDNER),15.4027733,74.002805,0,STOP,At Fire Station Ponda ,Fire Station Bicholim
2026-01-30T18:10:54.227Z,GA 07 G 5101-OLG(MS WATER TENDER),15.5002983,73.9140383,0,STOP,At Fire Station Old Goa,Fire Station Old Goa
2026-01-30T18:10:54.227Z,GA 07 G 3101-BIC(MS WATER TENDER),15.58939,73.947095,0,STOP,At Fire Station Bicholim ,Fire Station Bicholim
2026-01-30T18:10:54.227Z,GA 07 G 1941-BIC(QUICK RESPONSE),15.5894883,73.9467283,0,STOP,At Fire Station Bicholim ,Fire Station Bicholim
2026-01-30T18:10:54.227Z,GA 07 G 2319-VAS (EMERGENCY RESCUE TENDER),15.388815,73.8512783,0,STOP,At Fire Station Vasco,Fire Station Vasco
2026-01-30T18:10:54.227Z,GA 07 G 3737-VAP(WATER TENDER),15.53101,74.1386633,0,STOP,At Fire Station Valpoi ,Fire Station Valpoi
2026-01-30T18:10:54.227Z,GA 07 G 2318-PND(EMERGENCY RESCUE TENDER),15.402675,74.003035,0,STOP,At Fire Station Ponda ,Fire Station Ponda
2026-01-30T18:10:54.227Z,GA 07 G 2004-PND(QUICK RESPONSE),15.40267,74.00284,0,STOP,At Fire Station Ponda ,Fire Station Ponda
2026-01-30T18:10:54.227Z,GA 07 G 9101-PND(WATER TENDER),15.4031316,74.0027016,0,STOP,At Fire Station Ponda ,Fire Station Ponda
2026-01-30T18:10:54.227Z,GA 07 G 9797-PND(WATER BOUSER),15.4027366,74.0028816,0,STOP,At Fire Station Ponda ,Fire Station Ponda
2026-01-30T18:10:54.227Z,GA 07 G 6363-CAN(WATER TENDER),15.0236416,74.0440433,0,STOP,"Canacona, The Lalitrajbaga ,Canacona, Canacona, Goa (NE)",Fire Station Canacona
2026-01-30T18:10:54.227Z,GA 07 G 1567-CAN(QUICK RESPONSE FT),15.0236833,74.0440666,0,STOP,"Canacona, The Lalitrajbaga ,Canacona, Canacona, Goa (NE)",Fire Station Canacona
2026-01-30T18:10:54.227Z,GA 07 G 1569-VRN(QUICK RESPONSE),15.369755,73.935465,0,STOP,At Fire Station Verna,Fire Station Verna
2026-01-30T18:10:54.227Z,GA 07 G 9909-VRN(ADVANCE MULTI-PURPOSE),15.3693883,73.9361083,0,STOP,At Fire Station Verna,Fire Station Verna
2026-01-30T18:10:54.227Z,GA 07 G 1942-VAP(QUICK RESPONSE),15.5310133,74.1387783,0,STOP,At Fire Station Valpoi ,Fire Station Valpoi
2026-01-30T18:10:54.227Z,GA 07 G 2003-CUR(QUICK RESPONSE),15.26046,74.1037433,0,STOP,At Fire Station Curchorem,Fire Station Curchorem
2026-01-30T18:10:54.227Z,GA 07 G 7447-CUR(EMERGENCY RESCUE),15.2604166,74.103735,0,STOP,At Fire Station Curchorem,Fire Station Curchorem
2026-01-30T18:10:54.227Z,GA 07 G 7557-CUR(WATER TENDER),15.2603916,74.1034266,0,STOP,At Fire Station Curchorem,Fire Station Curchorem
2026-01-30T18:10:54.227Z,GA 07 G 7667-CUR(WATER BOUSER),15.26036,74.103735,0,STOP,At Fire Station Curchorem,Fire Station Curchorem
2026-01-30T18:10:54.227Z,GA 07 G 4989-KUN(WATER TENDER),15.4628883,73.9726967,0,STOP,At Fire Station Kundaim,Fire Station Kundaim
2026-01-30T18:10:54.227Z,GA 07 G 2242-PIL(WATER TENDER),15.533075,73.7940172,0,STOP,At Fire Station Pilerne,Fire Station Pilerne
2026-01-30T18:10:54.227Z,GA 07 G 0681-MAP(QUICK RESPONSE),15.5898267,73.8086667,0,STOP,At Fire Station Mapusa,Fire Station Mapusa
2026-01-30T18:10:54.227Z,GA 07 G 2101-PER(MS WATER TENDER),15.7164428,73.7974983,0,STOP,At Fire Station Pernem,Fire Station Pernem
2026-01-30T18:10:54.227Z,GA 07 G 4600-PER(MINI RESCUE TENDER),15.7164817,73.7975244,0,STOP,At Fire Station Pernem,Fire Station Pernem
2026-01-30T18:10:54.227Z,GA 07 G 7272-PNJ(WATER TENDER),15.4872333,73.8174739,0,STOP,"Caculo Mall, 16 Shanta, St Inez Rd, Caculo Enclave, Santa Inez, Panaji, Goa (NW)",Fire Station Panaji
2026-01-30T18:10:54.227Z,GA07G2384-CAN(WATER TENDER),15.1862872,74.0210394,0,STOP,At Fire Station Cuncolim,Fire Station Cuncolim
2026-01-30T18:10:54.227Z,GA07G2507 - PER Mid Size (Water Tender),15.7164517,73.7974767,0,STOP,At Fire Station Pernem,Fire Station Pernem
2026-01-30T18:10:54.227Z,GA07G2505 - VAP Mid Size (Water Tender),15.4026267,74.0027833,0,STOP,At Fire Station Ponda ,Fire Station Valpoi
2026-01-30T18:10:54.227Z,GA07G2504 - BIC Mid Size (Water Tender),15.5895017,73.9465983,0,STOP,At Fire Station Bicholim ,Fire Station Bicholim
2026-01-30T18:10:54.227Z,GA07G2503- MAP Mid Size (Water Tender),15.5900233,73.80852,0,STOP,At Fire Station Mapusa,Fire Station Mapusa
2026-01-30T18:10:54.227Z,GA07G2502 - FFHQ Mid Size (Water Tender),15.4870117,73.8172283,0,STOP,"Caculo Mall, 16 Shanta, St Inez Rd, Caculo Enclave, Santa Inez, Panaji, Goa (NW)",Fire Force Headquarters
2026-01-30T18:12:16.200Z,GA 07 G 0680-PIL(QUICK RESPONSE VEHICLE),15.486505,73.8169917,0,STOP,At Fire Station panaji,Fire Station Pilerne
2026-01-30T18:12:16.200Z,GA07G2506 - OLG Mid Size (Water Tender),15.500312,73.914017,0,STOP,At Fire Station Old Goa,Fire Station Old Goa
2026-01-30T18:12:16.200Z,GA 07 G 5115-POR(MINI WATER TENDER),15.527892,73.829521,20,RUNNING,"Little Flock Goa, Near Rohit Hotel, Villa Joyce, 1719/2, Alto Porvorim, Penha de França, Goa (SW)",Fire Station Porvorim
2026-01-30T18:12:16.200Z,GA 07 G 0350-MRG(WATER TENDER),15.26939,73.970581,0,STOP,At Fire Station Margoa,Fire Station Margao
2026-01-30T18:12:16.200Z,GA 07 G 2900-MAP(MINI RESCUE TENDER),15.589847,73.808868,0,STOP,At Fire Station Mapusa,Fire Station Mapusa
2026-01-30T18:12:16.200Z,GA 07 G 7600-FFHQ(WATER BOUSER),15.487187,73.817146,0,STOP,"Caculo Mall, 16 Shanta, St Inez Rd, Caculo Enclave, Santa Inez, Panaji, Goa (NW)",Fire Force Headquarters
2026-01-30T18:12:16.200Z,GA 07 G 2002-FFHQ(TURN TABLE LADDER),15.487437,73.817352,0,STOP,"Caculo Mall, 16 Shanta, St Inez Rd, Caculo Enclave, Santa Inez, Panaji, Goa (NW)",Fire Force Headquarters
2026-01-30T18:12:16.200Z,GA 07 G 7101-FFHQ(WATER TENDER),15.486877,73.816963,0,STOP,"Caculo Mall, 16 Shanta, St Inez Rd, Caculo Enclave, Santa Inez, Panaji, Goa (NW)",Fire Force Headquarters
2026-01-30T18:12:16.200Z,GA 07 G 7677-FFHQ(EMERGENCY RESCUE),15.486953,73.817261,0,INACTIVE,"Caculo Mall, 16 Shanta, St Inez Rd, Caculo Enclave, Santa Inez, Panaji, Goa (NW)",Fire Force Headquarters
2026-01-30T18:12:16.200Z,GA 07 G 1121-PNJ(EMERGENCY RESCUE),15.487097,73.817223,0,STOP,"Caculo Mall, 16 Shanta, St Inez Rd, Caculo Enclave, Santa Inez, Panaji, Goa (NW)",Fire Station Panaji
2026-01-30T18:12:16.200Z,GA 07 G 1571-FFHQ(QUICK RESPONSE),15.486663,73.81739,0,STOP,"Caculo Mall, 16 Shanta, St Inez Rd, Caculo Enclave, Santa Inez, Panaji, Goa (NW)",Fire Force Headquarters
2026-01-30T18:12:16.200Z,GA 07 G 8101-MAP(WATER TENDER),15.590058,73.808762,0,STOP,At Fire Station Mapusa,Fire Station Mapusa
2026-01-30T18:12:16.200Z,GA 07 G 2317-MRG(EMERGENCY RESCUE TENDER),15.2694116,73.97024,0,STOP,At Fire Station Margoa,Fire Station Margao
2026-01-30T18:12:16.200Z,GA 07 G 1570-VAS(QUICK RESPONSE FIRE TENDER),15.3887566,73.8513433,0,STOP,At Fire Station Vasco,Fire Station Vasco
2026-01-30T18:12:16.200Z,GA 07 G 4101-VAS(MS WATER TENDER),15.3888833,73.8513516,0,STOP,At Fire Station Vasco,Fire Station Vasco
2026-01-30T18:12:16.200Z,GA 07 G 0819-VAS(WATER/FOAM TENDER),15.3887417,73.85127,3,RUNNING,At Fire Station Vasco,Fire Station Vasco
2026-01-30T18:12:16.200Z,GA 07 G 7100-MRG(WATER BOUSER),15.2695133,73.9702966,0,STOP,At Fire Station Margoa,Fire Station Margao
2026-01-30T18:12:16.200Z,GA 07 G 1568-MRG(QUICK RESPONSE ),15.2694166,73.9704266,0,STOP,At Fire Station Margoa,Fire Station Margao
2026-01-30T18:12:16.200Z,GA 07 G 6101-MRG(WATER TENDER),15.26936,73.9702883,0,STOP,At Fire Station Margoa,Fire Station Margao
2026-01-30T18:12:16.200Z,GA 07 G 1001-MRG(AERIAL LADDER PLATFORM),15.2695333,73.969905,0,INACTIVE,At Fire Station Margoa,Fire Station Margao
2026-01-30T18:12:16.200Z,GA 07 G 0820-BIC(WATER TEDNER),15.4027733,74.002805,0,STOP,At Fire Station Ponda ,Fire Station Bicholim
2026-01-30T18:12:16.200Z,GA 07 G 5101-OLG(MS WATER TENDER),15.5002983,73.9140383,0,STOP,At Fire Station Old Goa,Fire Station Old Goa
2026-01-30T18:12:16.200Z,GA 07 G 3101-BIC(MS WATER TENDER),15.58939,73.947095,0,STOP,At Fire Station Bicholim ,Fire Station Bicholim
2026-01-30T18:12:16.200Z,GA 07 G 1941-BIC(QUICK RESPONSE),15.5894883,73.9467283,0,STOP,At Fire Station Bicholim ,Fire Station Bicholim
2026-01-30T18:12:16.200Z,GA 07 G 2319-VAS (EMERGENCY RESCUE TENDER),15.388815,73.8512783,0,STOP,At Fire Station Vasco,Fire Station Vasco
2026-01-30T18:12:16.200Z,GA 07 G 3737-VAP(WATER TENDER),15.53101,74.1386633,0,STOP,At Fire Station Valpoi ,Fire Station Valpoi
2026-01-30T18:12:16.200Z,GA 07 G 2318-PND(EMERGENCY RESCUE TENDER),15.402675,74.003035,0,STOP,At Fire Station Ponda ,Fire Station Ponda
2026-01-30T18:12:16.200Z,GA 07 G 2004-PND(QUICK RESPONSE),15.40267,74.00284,0,STOP,At Fire Station Ponda ,Fire Station Ponda
2026-01-30T18:12:16.200Z,GA 07 G 9101-PND(WATER TENDER),15.4031316,74.0027016,0,STOP,At Fire Station Ponda ,Fire Station Ponda
2026-01-30T18:12:16.200Z,GA 07 G 9797-PND(WATER BOUSER),15.4027366,74.0028816,0,STOP,At Fire Station Ponda ,Fire Station Ponda
2026-01-30T18:12:16.200Z,GA 07 G 6363-CAN(WATER TENDER),15.0236416,74.0440433,0,STOP,"Canacona, The Lalitrajbaga ,Canacona, Canacona, Goa (NE)",Fire Station Canacona
2026-01-30T18:12:16.200Z,GA 07 G 1567-CAN(QUICK RESPONSE FT),15.0236833,74.0440666,0,STOP,"Canacona, The Lalitrajbaga ,Canacona, Canacona, Goa (NE)",Fire Station Canacona
2026-01-30T18:12:16.200Z,GA 07 G 1569-VRN(QUICK RESPONSE),15.369755,73.935465,0,STOP,At Fire Station Verna,Fire Station Verna
2026-01-30T18:12:16.200Z,GA 07 G 9909-VRN(ADVANCE MULTI-PURPOSE),15.3693883,73.9361083,0,STOP,At Fire Station Verna,Fire Station Verna
2026-01-30T18:12:16.200Z,GA 07 G 1942-VAP(QUICK RESPONSE),15.5310133,74.1387783,0,STOP,At Fire Station Valpoi ,Fire Station Valpoi
2026-01-30T18:12:16.200Z,GA 07 G 2003-CUR(QUICK RESPONSE),15.26046,74.1037433,0,STOP,At Fire Station Curchorem,Fire Station Curchorem
2026-01-30T18:12:16.200Z,GA 07 G 7447-CUR(EMERGENCY RESCUE),15.2604166,74.103735,0,STOP,At Fire Station Curchorem,Fire Station Curchorem
2026-01-30T18:12:16.200Z,GA 07 G 7557-CUR(WATER TENDER),15.2603916,74.1034266,0,STOP,At Fire Station Curchorem,Fire Station Curchorem
2026-01-30T18:12:16.200Z,GA 07 G 7667-CUR(WATER BOUSER),15.26036,74.103735,0,STOP,At Fire Station Curchorem,Fire Station Curchorem
2026-01-30T18:12:16.200Z,GA 07 G 4989-KUN(WATER TENDER),15.4628883,73.9726967,0,STOP,At Fire Station Kundaim,Fire Station Kundaim
2026-01-30T18:12:16.200Z,GA 07 G 2242-PIL(WATER TENDER),15.533075,73.7940172,0,STOP,At Fire Station Pilerne,Fire Station Pilerne
2026-01-30T18:12:16.200Z,GA 07 G 0681-MAP(QUICK RESPONSE),15.5898267,73.8086667,0,STOP,At Fire Station Mapusa,Fire Station Mapusa
2026-01-30T18:12:16.200Z,GA 07 G 2101-PER(MS WATER TENDER),15.7164428,73.7974983,0,STOP,At Fire Station Pernem,Fire Station Pernem
2026-01-30T18:12:16.200Z,GA 07 G 4600-PER(MINI RESCUE TENDER),15.7164817,73.7975244,0,STOP,At Fire Station Pernem,Fire Station Pernem
2026-01-30T18:12:16.200Z,GA 07 G 7272-PNJ(WATER TENDER),15.4872333,73.8174739,0,STOP,"Caculo Mall, 16 Shanta, St Inez Rd, Caculo Enclave, Santa Inez, Panaji, Goa (NW)",Fire Station Panaji
2026-01-30T18:12:16.200Z,GA07G2384-CAN(WATER TENDER),15.1862872,74.0210394,0,STOP,At Fire Station Cuncolim,Fire Station Cuncolim
2026-01-30T18:12:16.200Z,GA07G2507 - PER Mid Size (Water Tender),15.7164517,73.7974767,0,STOP,At Fire Station Pernem,Fire Station Pernem
2026-01-30T18:12:16.200Z,GA07G2505 - VAP Mid Size (Water Tender),15.4026267,74.0027833,0,STOP,At Fire Station Ponda ,Fire Station Valpoi
2026-01-30T18:12:16.200Z,GA07G2504 - BIC Mid Size (Water Tender),15.5895017,73.9465983,0,STOP,At Fire Station Bicholim ,Fire Station Bicholim
2026-01-30T18:12:16.200Z,GA07G2503- MAP Mid Size (Water Tender),15.5900233,73.80852,0,STOP,At Fire Station Mapusa,Fire Station Mapusa
2026-01-30T18:12:16.200Z,GA07G2502 - FFHQ Mid Size (Water Tender),15.4870117,73.8172283,0,STOP,"Caculo Mall, 16 Shanta, St Inez Rd, Caculo Enclave, Santa Inez, Panaji, Goa (NW)",Fire Force Headquarters
2026-01-30T18:13:53.880Z,GA 07 G 0680-PIL(QUICK RESPONSE VEHICLE),15.486505,73.8169917,0,STOP,At Fire Station panaji,Fire Station Pilerne
2026-01-30T18:13:53.880Z,GA07G2506 - OLG Mid Size (Water Tender),15.500312,73.914017,0,STOP,At Fire Station Old Goa,Fire Station Old Goa
2026-01-30T18:13:53.880Z,GA 07 G 5115-POR(MINI WATER TENDER),15.523245,73.82975,25,RUNNING,At Porvorim Fire Station,Fire Station Porvorim
2026-01-30T18:13:53.880Z,GA 07 G 0350-MRG(WATER TENDER),15.26939,73.970581,0,STOP,At Fire Station Margoa,Fire Station Margao
2026-01-30T18:13:53.880Z,GA 07 G 2900-MAP(MINI RESCUE TENDER),15.589847,73.808868,0,STOP,At Fire Station Mapusa,Fire Station Mapusa
2026-01-30T18:13:53.880Z,GA 07 G 7600-FFHQ(WATER BOUSER),15.487187,73.817146,0,STOP,"Caculo Mall, 16 Shanta, St Inez Rd, Caculo Enclave, Santa Inez, Panaji, Goa (NW)",Fire Force Headquarters
2026-01-30T18:13:53.880Z,GA 07 G 2002-FFHQ(TURN TABLE LADDER),15.487437,73.817352,0,STOP,"Caculo Mall, 16 Shanta, St Inez Rd, Caculo Enclave, Santa Inez, Panaji, Goa (NW)",Fire Force Headquarters
2026-01-30T18:13:53.880Z,GA 07 G 7101-FFHQ(WATER TENDER),15.486877,73.816963,0,STOP,"Caculo Mall, 16 Shanta, St Inez Rd, Caculo Enclave, Santa Inez, Panaji, Goa (NW)",Fire Force Headquarters
2026-01-30T18:13:53.880Z,GA 07 G 7677-FFHQ(EMERGENCY RESCUE),15.486953,73.817261,0,INACTIVE,"Caculo Mall, 16 Shanta, St Inez Rd, Caculo Enclave, Santa Inez, Panaji, Goa (NW)",Fire Force Headquarters
2026-01-30T18:13:53.880Z,GA 07 G 1121-PNJ(EMERGENCY RESCUE),15.487097,73.817223,0,STOP,"Caculo Mall, 16 Shanta, St Inez Rd, Caculo Enclave, Santa Inez, Panaji, Goa (NW)",Fire Station Panaji
2026-01-30T18:13:53.880Z,GA 07 G 1571-FFHQ(QUICK RESPONSE),15.486663,73.81739,0,STOP,"Caculo Mall, 16 Shanta, St Inez Rd, Caculo Enclave, Santa Inez, Panaji, Goa (NW)",Fire Force Headquarters
2026-01-30T18:13:53.880Z,GA 07 G 8101-MAP(WATER TENDER),15.590058,73.808762,0,STOP,At Fire Station Mapusa,Fire Station Mapusa
2026-01-30T18:13:53.880Z,GA 07 G 2317-MRG(EMERGENCY RESCUE TENDER),15.2695416,73.970035,0,STOP,At Fire Station Margoa,Fire Station Margao
2026-01-30T18:13:53.880Z,GA 07 G 1570-VAS(QUICK RESPONSE FIRE TENDER),15.3887566,73.8513433,0,STOP,At Fire Station Vasco,Fire Station Vasco
2026-01-30T18:13:53.880Z,GA 07 G 4101-VAS(MS WATER TENDER),15.3888833,73.8513516,0,STOP,At Fire Station Vasco,Fire Station Vasco
2026-01-30T18:13:53.880Z,GA 07 G 0819-VAS(WATER/FOAM TENDER),15.3887417,73.85122,0,RUNNING,At Fire Station Vasco,Fire Station Vasco
2026-01-30T18:13:53.880Z,GA 07 G 7100-MRG(WATER BOUSER),15.2695133,73.9702966,0,STOP,At Fire Station Margoa,Fire Station Margao
2026-01-30T18:13:53.880Z,GA 07 G 1568-MRG(QUICK RESPONSE ),15.2694166,73.9704266,0,STOP,At Fire Station Margoa,Fire Station Margao
2026-01-30T18:13:53.880Z,GA 07 G 6101-MRG(WATER TENDER),15.26936,73.9702883,0,STOP,At Fire Station Margoa,Fire Station Margao
2026-01-30T18:13:53.880Z,GA 07 G 1001-MRG(AERIAL LADDER PLATFORM),15.2695333,73.969905,0,INACTIVE,At Fire Station Margoa,Fire Station Margao
2026-01-30T18:13:53.880Z,GA 07 G 0820-BIC(WATER TEDNER),15.4027733,74.002805,0,STOP,At Fire Station Ponda ,Fire Station Bicholim
2026-01-30T18:13:53.880Z,GA 07 G 5101-OLG(MS WATER TENDER),15.5002983,73.9140383,0,STOP,At Fire Station Old Goa,Fire Station Old Goa
2026-01-30T18:13:53.880Z,GA 07 G 3101-BIC(MS WATER TENDER),15.5893166,73.9465583,0,STOP,At Fire Station Bicholim ,Fire Station Bicholim
2026-01-30T18:13:53.880Z,GA 07 G 1941-BIC(QUICK RESPONSE),15.5894883,73.9467283,0,STOP,At Fire Station Bicholim ,Fire Station Bicholim
2026-01-30T18:13:53.880Z,GA 07 G 2319-VAS (EMERGENCY RESCUE TENDER),15.388815,73.8512783,0,STOP,At Fire Station Vasco,Fire Station Vasco
2026-01-30T18:13:53.880Z,GA 07 G 3737-VAP(WATER TENDER),15.53101,74.1386633,0,STOP,At Fire Station Valpoi ,Fire Station Valpoi
2026-01-30T18:13:53.880Z,GA 07 G 2318-PND(EMERGENCY RESCUE TENDER),15.402675,74.003035,0,STOP,At Fire Station Ponda ,Fire Station Ponda
2026-01-30T18:13:53.880Z,GA 07 G 2004-PND(QUICK RESPONSE),15.40267,74.00284,0,STOP,At Fire Station Ponda ,Fire Station Ponda
2026-01-30T18:13:53.880Z,GA 07 G 9101-PND(WATER TENDER),15.4031316,74.0027016,0,STOP,At Fire Station Ponda ,Fire Station Ponda
2026-01-30T18:13:53.880Z,GA 07 G 9797-PND(WATER BOUSER),15.4027366,74.0028816,0,STOP,At Fire Station Ponda ,Fire Station Ponda
2026-01-30T18:13:53.880Z,GA 07 G 6363-CAN(WATER TENDER),15.0236416,74.0440433,0,STOP,"Canacona, The Lalitrajbaga ,Canacona, Canacona, Goa (NE)",Fire Station Canacona
2026-01-30T18:13:53.880Z,GA 07 G 1567-CAN(QUICK RESPONSE FT),15.0236833,74.0440666,0,STOP,"Canacona, The Lalitrajbaga ,Canacona, Canacona, Goa (NE)",Fire Station Canacona
2026-01-30T18:13:53.880Z,GA 07 G 1569-VRN(QUICK RESPONSE),15.369755,73.935465,0,STOP,At Fire Station Verna,Fire Station Verna
2026-01-30T18:13:53.880Z,GA 07 G 9909-VRN(ADVANCE MULTI-PURPOSE),15.3693883,73.9361083,0,STOP,At Fire Station Verna,Fire Station Verna
2026-01-30T18:13:53.880Z,GA 07 G 1942-VAP(QUICK RESPONSE),15.5310133,74.1387783,0,STOP,At Fire Station Valpoi ,Fire Station Valpoi
2026-01-30T18:13:53.880Z,GA 07 G 2003-CUR(QUICK RESPONSE),15.26046,74.1037433,0,STOP,At Fire Station Curchorem,Fire Station Curchorem
2026-01-30T18:13:53.880Z,GA 07 G 7447-CUR(EMERGENCY RESCUE),15.2604166,74.103735,0,STOP,At Fire Station Curchorem,Fire Station Curchorem
2026-01-30T18:13:53.880Z,GA 07 G 7557-CUR(WATER TENDER),15.2603916,74.1034266,0,STOP,At Fire Station Curchorem,Fire Station Curchorem
2026-01-30T18:13:53.880Z,GA 07 G 7667-CUR(WATER BOUSER),15.26036,74.103735,0,STOP,At Fire Station Curchorem,Fire Station Curchorem
2026-01-30T18:13:53.880Z,GA 07 G 4989-KUN(WATER TENDER),15.4628883,73.9726967,0,STOP,At Fire Station Kundaim,Fire Station Kundaim
2026-01-30T18:13:53.880Z,GA 07 G 2242-PIL(WATER TENDER),15.533075,73.7940172,0,STOP,At Fire Station Pilerne,Fire Station Pilerne
2026-01-30T18:13:53.880Z,GA 07 G 0681-MAP(QUICK RESPONSE),15.5898267,73.8086667,0,STOP,At Fire Station Mapusa,Fire Station Mapusa
2026-01-30T18:13:53.880Z,GA 07 G 2101-PER(MS WATER TENDER),15.7164428,73.7974983,0,STOP,At Fire Station Pernem,Fire Station Pernem
2026-01-30T18:13:53.880Z,GA 07 G 4600-PER(MINI RESCUE TENDER),15.7164817,73.7975244,0,STOP,At Fire Station Pernem,Fire Station Pernem
2026-01-30T18:13:53.880Z,GA 07 G 7272-PNJ(WATER TENDER),15.4872333,73.8174739,0,STOP,"Caculo Mall, 16 Shanta, St Inez Rd, Caculo Enclave, Santa Inez, Panaji, Goa (NW)",Fire Station Panaji
2026-01-30T18:13:53.880Z,GA07G2384-CAN(WATER TENDER),15.1862872,74.0210394,0,STOP,At Fire Station Cuncolim,Fire Station Cuncolim
2026-01-30T18:13:53.880Z,GA07G2507 - PER Mid Size (Water Tender),15.7164517,73.7974767,0,STOP,At Fire Station Pernem,Fire Station Pernem
2026-01-30T18:13:53.880Z,GA07G2505 - VAP Mid Size (Water Tender),15.4026267,74.0027833,0,STOP,At Fire Station Ponda ,Fire Station Valpoi
2026-01-30T18:13:53.880Z,GA07G2504 - BIC Mid Size (Water Tender),15.5895017,73.9465983,0,STOP,At Fire Station Bicholim ,Fire Station Bicholim
2026-01-30T18:13:53.880Z,GA07G2503- MAP Mid Size (Water Tender),15.5900233,73.80852,0,STOP,At Fire Station Mapusa,Fire Station Mapusa
2026-01-30T18:13:53.880Z,GA07G2502 - FFHQ Mid Size (Water Tender),15.4870117,73.8172283,0,STOP,"Caculo Mall, 16 Shanta, St Inez Rd, Caculo Enclave, Santa Inez, Panaji, Goa (NW)",Fire Force Headquarters
2026-01-30T18:15:30.738Z,GA 07 G 0680-PIL(QUICK RESPONSE VEHICLE),15.486505,73.8169917,0,STOP,At Fire Station panaji,Fire Station Pilerne
2026-01-30T18:15:30.738Z,GA07G2506 - OLG Mid Size (Water Tender),15.500312,73.914017,0,STOP,At Fire Station Old Goa,Fire Station Old Goa
2026-01-30T18:15:30.738Z,GA 07 G 5115-POR(MINI WATER TENDER),15.523173,73.82946,0,STOP,At Porvorim Fire Station,Fire Station Porvorim
2026-01-30T18:15:30.738Z,GA 07 G 0350-MRG(WATER TENDER),15.26939,73.970581,0,STOP,At Fire Station Margoa,Fire Station Margao
2026-01-30T18:15:30.738Z,GA 07 G 2900-MAP(MINI RESCUE TENDER),15.589847,73.808868,0,STOP,At Fire Station Mapusa,Fire Station Mapusa
2026-01-30T18:15:30.738Z,GA 07 G 7600-FFHQ(WATER BOUSER),15.487187,73.817146,0,STOP,"Caculo Mall, 16 Shanta, St Inez Rd, Caculo Enclave, Santa Inez, Panaji, Goa (NW)",Fire Force Headquarters
2026-01-30T18:15:30.738Z,GA 07 G 2002-FFHQ(TURN TABLE LADDER),15.487437,73.817352,0,STOP,"Caculo Mall, 16 Shanta, St Inez Rd, Caculo Enclave, Santa Inez, Panaji, Goa (NW)",Fire Force Headquarters
2026-01-30T18:15:30.738Z,GA 07 G 7101-FFHQ(WATER TENDER),15.486877,73.816963,0,STOP,"Caculo Mall, 16 Shanta, St Inez Rd, Caculo Enclave, Santa Inez, Panaji, Goa (NW)",Fire Force Headquarters
2026-01-30T18:15:30.738Z,GA 07 G 7677-FFHQ(EMERGENCY RESCUE),15.486953,73.817261,0,INACTIVE,"Caculo Mall, 16 Shanta, St Inez Rd, Caculo Enclave, Santa Inez, Panaji, Goa (NW)",Fire Force Headquarters
2026-01-30T18:15:30.738Z,GA 07 G 1121-PNJ(EMERGENCY RESCUE),15.487097,73.817223,0,STOP,"Caculo Mall, 16 Shanta, St Inez Rd, Caculo Enclave, Santa Inez, Panaji, Goa (NW)",Fire Station Panaji
2026-01-30T18:15:30.738Z,GA 07 G 1571-FFHQ(QUICK RESPONSE),15.486663,73.81739,0,STOP,"Caculo Mall, 16 Shanta, St Inez Rd, Caculo Enclave, Santa Inez, Panaji, Goa (NW)",Fire Force Headquarters
2026-01-30T18:15:30.738Z,GA 07 G 8101-MAP(WATER TENDER),15.590058,73.808762,0,STOP,At Fire Station Mapusa,Fire Station Mapusa
2026-01-30T18:15:30.738Z,GA 07 G 2317-MRG(EMERGENCY RESCUE TENDER),15.2694666,73.97006,0,STOP,At Fire Station Margoa,Fire Station Margao
2026-01-30T18:15:30.738Z,GA 07 G 1570-VAS(QUICK RESPONSE FIRE TENDER),15.3887566,73.8513433,0,STOP,At Fire Station Vasco,Fire Station Vasco
2026-01-30T18:15:30.738Z,GA 07 G 4101-VAS(MS WATER TENDER),15.3888833,73.8513516,0,STOP,At Fire Station Vasco,Fire Station Vasco
2026-01-30T18:15:30.738Z,GA 07 G 0819-VAS(WATER/FOAM TENDER),15.3887467,73.8512283,0,IDLE,At Fire Station Vasco,Fire Station Vasco
2026-01-30T18:15:30.738Z,GA 07 G 7100-MRG(WATER BOUSER),15.2695133,73.9702966,0,STOP,At Fire Station Margoa,Fire Station Margao
2026-01-30T18:15:30.738Z,GA 07 G 1568-MRG(QUICK RESPONSE ),15.2694166,73.9704266,0,STOP,At Fire Station Margoa,Fire Station Margao
2026-01-30T18:15:30.738Z,GA 07 G 6101-MRG(WATER TENDER),15.26936,73.9702883,0,STOP,At Fire Station Margoa,Fire Station Margao
2026-01-30T18:15:30.738Z,GA 07 G 1001-MRG(AERIAL LADDER PLATFORM),15.2695333,73.969905,0,INACTIVE,At Fire Station Margoa,Fire Station Margao
2026-01-30T18:15:30.738Z,GA 07 G 0820-BIC(WATER TEDNER),15.4027733,74.002805,0,STOP,At Fire Station Ponda ,Fire Station Bicholim
2026-01-30T18:15:30.738Z,GA 07 G 5101-OLG(MS WATER TENDER),15.5002983,73.9140383,0,STOP,At Fire Station Old Goa,Fire Station Old Goa
2026-01-30T18:15:30.738Z,GA 07 G 3101-BIC(MS WATER TENDER),15.58931,73.9461666,4,STOP,At Fire Station Bicholim ,Fire Station Bicholim
2026-01-30T18:15:30.738Z,GA 07 G 1941-BIC(QUICK RESPONSE),15.5894883,73.9467283,0,STOP,At Fire Station Bicholim ,Fire Station Bicholim
2026-01-30T18:15:30.738Z,GA 07 G 2319-VAS (EMERGENCY RESCUE TENDER),15.388815,73.8512783,0,STOP,At Fire Station Vasco,Fire Station Vasco
2026-01-30T18:15:30.738Z,GA 07 G 3737-VAP(WATER TENDER),15.53101,74.1386633,0,STOP,At Fire Station Valpoi ,Fire Station Valpoi
2026-01-30T18:15:30.738Z,GA 07 G 2318-PND(EMERGENCY RESCUE TENDER),15.402675,74.003035,0,STOP,At Fire Station Ponda ,Fire Station Ponda
2026-01-30T18:15:30.738Z,GA 07 G 2004-PND(QUICK RESPONSE),15.40267,74.00284,0,STOP,At Fire Station Ponda ,Fire Station Ponda
2026-01-30T18:15:30.738Z,GA 07 G 9101-PND(WATER TENDER),15.4031316,74.0027016,0,STOP,At Fire Station Ponda ,Fire Station Ponda
2026-01-30T18:15:30.738Z,GA 07 G 9797-PND(WATER BOUSER),15.4027366,74.0028816,0,STOP,At Fire Station Ponda ,Fire Station Ponda
2026-01-30T18:15:30.738Z,GA 07 G 6363-CAN(WATER TENDER),15.0236416,74.0440433,0,STOP,"Canacona, The Lalitrajbaga ,Canacona, Canacona, Goa (NE)",Fire Station Canacona
2026-01-30T18:15:30.738Z,GA 07 G 1567-CAN(QUICK RESPONSE FT),15.0236833,74.0440666,0,STOP,"Canacona, The Lalitrajbaga ,Canacona, Canacona, Goa (NE)",Fire Station Canacona
2026-01-30T18:15:30.738Z,GA 07 G 1569-VRN(QUICK RESPONSE),15.369755,73.935465,0,STOP,At Fire Station Verna,Fire Station Verna
2026-01-30T18:15:30.738Z,GA 07 G 9909-VRN(ADVANCE MULTI-PURPOSE),15.3693883,73.9361083,0,STOP,At Fire Station Verna,Fire Station Verna
2026-01-30T18:15:30.738Z,GA 07 G 1942-VAP(QUICK RESPONSE),15.5310133,74.1387783,0,STOP,At Fire Station Valpoi ,Fire Station Valpoi
2026-01-30T18:15:30.738Z,GA 07 G 2003-CUR(QUICK RESPONSE),15.26046,74.1037433,0,STOP,At Fire Station Curchorem,Fire Station Curchorem
2026-01-30T18:15:30.738Z,GA 07 G 7447-CUR(EMERGENCY RESCUE),15.2604166,74.103735,0,STOP,At Fire Station Curchorem,Fire Station Curchorem
2026-01-30T18:15:30.738Z,GA 07 G 7557-CUR(WATER TENDER),15.2603916,74.1034266,0,STOP,At Fire Station Curchorem,Fire Station Curchorem
2026-01-30T18:15:30.738Z,GA 07 G 7667-CUR(WATER BOUSER),15.26036,74.103735,0,STOP,At Fire Station Curchorem,Fire Station Curchorem
2026-01-30T18:15:30.738Z,GA 07 G 4989-KUN(WATER TENDER),15.4628883,73.9726967,0,STOP,At Fire Station Kundaim,Fire Station Kundaim
2026-01-30T18:15:30.738Z,GA 07 G 2242-PIL(WATER TENDER),15.533075,73.7940172,0,STOP,At Fire Station Pilerne,Fire Station Pilerne
2026-01-30T18:15:30.738Z,GA 07 G 0681-MAP(QUICK RESPONSE),15.5898267,73.8086667,0,STOP,At Fire Station Mapusa,Fire Station Mapusa
2026-01-30T18:15:30.738Z,GA 07 G 2101-PER(MS WATER TENDER),15.7164428,73.7974983,0,STOP,At Fire Station Pernem,Fire Station Pernem
2026-01-30T18:15:30.738Z,GA 07 G 4600-PER(MINI RESCUE TENDER),15.7164817,73.7975244,0,STOP,At Fire Station Pernem,Fire Station Pernem
2026-01-30T18:15:30.738Z,GA 07 G 7272-PNJ(WATER TENDER),15.4872333,73.8174739,0,STOP,"Caculo Mall, 16 Shanta, St Inez Rd, Caculo Enclave, Santa Inez, Panaji, Goa (NW)",Fire Station Panaji
2026-01-30T18:15:30.738Z,GA07G2384-CAN(WATER TENDER),15.1862872,74.0210394,0,STOP,At Fire Station Cuncolim,Fire Station Cuncolim
2026-01-30T18:15:30.738Z,GA07G2507 - PER Mid Size (Water Tender),15.7164517,73.7974767,0,STOP,At Fire Station Pernem,Fire Station Pernem
2026-01-30T18:15:30.738Z,GA07G2505 - VAP Mid Size (Water Tender),15.4026267,74.0027833,0,STOP,At Fire Station Ponda ,Fire Station Valpoi
2026-01-30T18:15:30.738Z,GA07G2504 - BIC Mid Size (Water Tender),15.5895017,73.9465983,0,STOP,At Fire Station Bicholim ,Fire Station Bicholim
2026-01-30T18:15:30.738Z,GA07G2503- MAP Mid Size (Water Tender),15.5900233,73.80852,0,STOP,At Fire Station Mapusa,Fire Station Mapusa
2026-01-30T18:15:30.738Z,GA07G2502 - FFHQ Mid Size (Water Tender),15.4870117,73.8172283,0,STOP,"Caculo Mall, 16 Shanta, St Inez Rd, Caculo Enclave, Santa Inez, Panaji, Goa (NW)",Fire Force Headquarters
2026-01-30T18:17:16.555Z,GA 07 G 0680-PIL(QUICK RESPONSE VEHICLE),15.486505,73.8169917,0,STOP,At Fire Station panaji,Fire Station Pilerne
2026-01-30T18:17:16.555Z,GA07G2506 - OLG Mid Size (Water Tender),15.500312,73.914017,0,STOP,At Fire Station Old Goa,Fire Station Old Goa
2026-01-30T18:17:16.555Z,GA 07 G 5115-POR(MINI WATER TENDER),15.523173,73.82946,0,STOP,At Porvorim Fire Station,Fire Station Porvorim
2026-01-30T18:17:16.555Z,GA 07 G 0350-MRG(WATER TENDER),15.26939,73.970581,0,STOP,At Fire Station Margoa,Fire Station Margao
2026-01-30T18:17:16.555Z,GA 07 G 2900-MAP(MINI RESCUE TENDER),15.589847,73.808868,0,STOP,At Fire Station Mapusa,Fire Station Mapusa
2026-01-30T18:17:16.555Z,GA 07 G 7600-FFHQ(WATER BOUSER),15.487187,73.817146,0,STOP,"Caculo Mall, 16 Shanta, St Inez Rd, Caculo Enclave, Santa Inez, Panaji, Goa (NW)",Fire Force Headquarters
2026-01-30T18:17:16.555Z,GA 07 G 2002-FFHQ(TURN TABLE LADDER),15.487437,73.817352,0,STOP,"Caculo Mall, 16 Shanta, St Inez Rd, Caculo Enclave, Santa Inez, Panaji, Goa (NW)",Fire Force Headquarters
2026-01-30T18:17:16.555Z,GA 07 G 7101-FFHQ(WATER TENDER),15.486877,73.816963,0,STOP,"Caculo Mall, 16 Shanta, St Inez Rd, Caculo Enclave, Santa Inez, Panaji, Goa (NW)",Fire Force Headquarters
2026-01-30T18:17:16.555Z,GA 07 G 7677-FFHQ(EMERGENCY RESCUE),15.486953,73.817261,0,INACTIVE,"Caculo Mall, 16 Shanta, St Inez Rd, Caculo Enclave, Santa Inez, Panaji, Goa (NW)",Fire Force Headquarters
2026-01-30T18:17:16.555Z,GA 07 G 1121-PNJ(EMERGENCY RESCUE),15.487097,73.817223,0,STOP,"Caculo Mall, 16 Shanta, St Inez Rd, Caculo Enclave, Santa Inez, Panaji, Goa (NW)",Fire Station Panaji
2026-01-30T18:17:16.555Z,GA 07 G 1571-FFHQ(QUICK RESPONSE),15.486663,73.81739,0,STOP,"Caculo Mall, 16 Shanta, St Inez Rd, Caculo Enclave, Santa Inez, Panaji, Goa (NW)",Fire Force Headquarters
2026-01-30T18:17:16.555Z,GA 07 G 8101-MAP(WATER TENDER),15.590058,73.808762,0,STOP,At Fire Station Mapusa,Fire Station Mapusa
2026-01-30T18:17:16.555Z,GA 07 G 2317-MRG(EMERGENCY RESCUE TENDER),15.2695783,73.9702633,0,STOP,At Fire Station Margoa,Fire Station Margao
2026-01-30T18:17:16.555Z,GA 07 G 1570-VAS(QUICK RESPONSE FIRE TENDER),15.3887566,73.8513433,0,STOP,At Fire Station Vasco,Fire Station Vasco
2026-01-30T18:17:16.555Z,GA 07 G 4101-VAS(MS WATER TENDER),15.3888833,73.8513516,0,STOP,At Fire Station Vasco,Fire Station Vasco
2026-01-30T18:17:16.555Z,GA 07 G 0819-VAS(WATER/FOAM TENDER),15.3887267,73.851245,0,RUNNING,At Fire Station Vasco,Fire Station Vasco
2026-01-30T18:17:16.555Z,GA 07 G 7100-MRG(WATER BOUSER),15.2695133,73.9702966,0,STOP,At Fire Station Margoa,Fire Station Margao
2026-01-30T18:17:16.555Z,GA 07 G 1568-MRG(QUICK RESPONSE ),15.2694166,73.9704266,0,STOP,At Fire Station Margoa,Fire Station Margao
2026-01-30T18:17:16.555Z,GA 07 G 6101-MRG(WATER TENDER),15.26936,73.9702883,0,STOP,At Fire Station Margoa,Fire Station Margao
2026-01-30T18:17:16.555Z,GA 07 G 1001-MRG(AERIAL LADDER PLATFORM),15.2695333,73.969905,0,INACTIVE,At Fire Station Margoa,Fire Station Margao
2026-01-30T18:17:16.555Z,GA 07 G 0820-BIC(WATER TEDNER),15.4027733,74.002805,0,STOP,At Fire Station Ponda ,Fire Station Bicholim
2026-01-30T18:17:16.555Z,GA 07 G 5101-OLG(MS WATER TENDER),15.5002983,73.9140383,0,STOP,At Fire Station Old Goa,Fire Station Old Goa
2026-01-30T18:17:16.555Z,GA 07 G 3101-BIC(MS WATER TENDER),15.58931,73.9461666,0,STOP,At Fire Station Bicholim ,Fire Station Bicholim
2026-01-30T18:17:16.555Z,GA 07 G 1941-BIC(QUICK RESPONSE),15.5894883,73.9467283,0,STOP,At Fire Station Bicholim ,Fire Station Bicholim
2026-01-30T18:17:16.555Z,GA 07 G 2319-VAS (EMERGENCY RESCUE TENDER),15.388815,73.8512783,0,STOP,At Fire Station Vasco,Fire Station Vasco
2026-01-30T18:17:16.555Z,GA 07 G 3737-VAP(WATER TENDER),15.53101,74.1386633,0,STOP,At Fire Station Valpoi ,Fire Station Valpoi
2026-01-30T18:17:16.555Z,GA 07 G 2318-PND(EMERGENCY RESCUE TENDER),15.402675,74.003035,0,STOP,At Fire Station Ponda ,Fire Station Ponda
2026-01-30T18:17:16.555Z,GA 07 G 2004-PND(QUICK RESPONSE),15.40267,74.00284,0,STOP,At Fire Station Ponda ,Fire Station Ponda
2026-01-30T18:17:16.555Z,GA 07 G 9101-PND(WATER TENDER),15.4031316,74.0027016,0,STOP,At Fire Station Ponda ,Fire Station Ponda
2026-01-30T18:17:16.555Z,GA 07 G 9797-PND(WATER BOUSER),15.4027366,74.0028816,0,STOP,At Fire Station Ponda ,Fire Station Ponda
2026-01-30T18:17:16.555Z,GA 07 G 6363-CAN(WATER TENDER),15.0236416,74.0440433,0,STOP,"Canacona, The Lalitrajbaga ,Canacona, Canacona, Goa (NE)",Fire Station Canacona
2026-01-30T18:17:16.555Z,GA 07 G 1567-CAN(QUICK RESPONSE FT),15.0236833,74.0440666,0,STOP,"Canacona, The Lalitrajbaga ,Canacona, Canacona, Goa (NE)",Fire Station Canacona
2026-01-30T18:17:16.555Z,GA 07 G 1569-VRN(QUICK RESPONSE),15.369755,73.935465,0,STOP,At Fire Station Verna,Fire Station Verna
2026-01-30T18:17:16.555Z,GA 07 G 9909-VRN(ADVANCE MULTI-PURPOSE),15.3693883,73.9361083,0,STOP,At Fire Station Verna,Fire Station Verna
2026-01-30T18:17:16.555Z,GA 07 G 1942-VAP(QUICK RESPONSE),15.5310133,74.1387783,0,STOP,At Fire Station Valpoi ,Fire Station Valpoi
2026-01-30T18:17:16.555Z,GA 07 G 2003-CUR(QUICK RESPONSE),15.26046,74.1037433,0,STOP,At Fire Station Curchorem,Fire Station Curchorem
2026-01-30T18:17:16.555Z,GA 07 G 7447-CUR(EMERGENCY RESCUE),15.2604166,74.103735,0,STOP,At Fire Station Curchorem,Fire Station Curchorem
2026-01-30T18:17:16.555Z,GA 07 G 7557-CUR(WATER TENDER),15.2603916,74.1034266,0,STOP,At Fire Station Curchorem,Fire Station Curchorem
2026-01-30T18:17:16.555Z,GA 07 G 7667-CUR(WATER BOUSER),15.26036,74.103735,0,STOP,At Fire Station Curchorem,Fire Station Curchorem
2026-01-30T18:17:16.555Z,GA 07 G 4989-KUN(WATER TENDER),15.4628883,73.9726967,0,STOP,At Fire Station Kundaim,Fire Station Kundaim
2026-01-30T18:17:16.555Z,GA 07 G 2242-PIL(WATER TENDER),15.533075,73.7940172,0,STOP,At Fire Station Pilerne,Fire Station Pilerne
2026-01-30T18:17:16.555Z,GA 07 G 0681-MAP(QUICK RESPONSE),15.5898267,73.8086667,0,STOP,At Fire Station Mapusa,Fire Station Mapusa
2026-01-30T18:17:16.555Z,GA 07 G 2101-PER(MS WATER TENDER),15.7164428,73.7974983,0,STOP,At Fire Station Pernem,Fire Station Pernem
2026-01-30T18:17:16.555Z,GA 07 G 4600-PER(MINI RESCUE TENDER),15.7164817,73.7975244,0,STOP,At Fire Station Pernem,Fire Station Pernem
2026-01-30T18:17:16.555Z,GA 07 G 7272-PNJ(WATER TENDER),15.4872333,73.8174739,0,STOP,"Caculo Mall, 16 Shanta, St Inez Rd, Caculo Enclave, Santa Inez, Panaji, Goa (NW)",Fire Station Panaji
2026-01-30T18:17:16.555Z,GA07G2384-CAN(WATER TENDER),15.1862872,74.0210394,0,STOP,At Fire Station Cuncolim,Fire Station Cuncolim
2026-01-30T18:17:16.555Z,GA07G2507 - PER Mid Size (Water Tender),15.7164517,73.7974767,0,STOP,At Fire Station Pernem,Fire Station Pernem
2026-01-30T18:17:16.555Z,GA07G2505 - VAP Mid Size (Water Tender),15.4026267,74.0027833,0,STOP,At Fire Station Ponda ,Fire Station Valpoi
2026-01-30T18:17:16.555Z,GA07G2504 - BIC Mid Size (Water Tender),15.5895017,73.9465983,0,STOP,At Fire Station Bicholim ,Fire Station Bicholim
2026-01-30T18:17:16.555Z,GA07G2503- MAP Mid Size (Water Tender),15.5900233,73.80852,0,STOP,At Fire Station Mapusa,Fire Station Mapusa
2026-01-30T18:17:16.555Z,GA07G2502 - FFHQ Mid Size (Water Tender),15.4870117,73.8172283,0,STOP,"Caculo Mall, 16 Shanta, St Inez Rd, Caculo Enclave, Santa Inez, Panaji, Goa (NW)",Fire Force Headquarters
2026-01-30T18:19:47.890Z,GA 07 G 0680-PIL(QUICK RESPONSE VEHICLE),15.486505,73.8169917,0,STOP,At Fire Station panaji,Fire Station Pilerne
2026-01-30T18:19:47.890Z,GA07G2506 - OLG Mid Size (Water Tender),15.500312,73.914017,0,STOP,At Fire Station Old Goa,Fire Station Old Goa
2026-01-30T18:19:47.890Z,GA 07 G 5115-POR(MINI WATER TENDER),15.523173,73.82946,0,STOP,At Porvorim Fire Station,Fire Station Porvorim
2026-01-30T18:19:47.890Z,GA 07 G 0350-MRG(WATER TENDER),15.26939,73.970581,0,STOP,At Fire Station Margoa,Fire Station Margao
2026-01-30T18:19:47.890Z,GA 07 G 2900-MAP(MINI RESCUE TENDER),15.589847,73.808868,0,STOP,At Fire Station Mapusa,Fire Station Mapusa
2026-01-30T18:19:47.890Z,GA 07 G 7600-FFHQ(WATER BOUSER),15.487187,73.817146,0,STOP,"Caculo Mall, 16 Shanta, St Inez Rd, Caculo Enclave, Santa Inez, Panaji, Goa (NW)",Fire Force Headquarters
2026-01-30T18:19:47.890Z,GA 07 G 2002-FFHQ(TURN TABLE LADDER),15.487437,73.817352,0,STOP,"Caculo Mall, 16 Shanta, St Inez Rd, Caculo Enclave, Santa Inez, Panaji, Goa (NW)",Fire Force Headquarters
2026-01-30T18:19:47.890Z,GA 07 G 7101-FFHQ(WATER TENDER),15.486877,73.816963,0,STOP,"Caculo Mall, 16 Shanta, St Inez Rd, Caculo Enclave, Santa Inez, Panaji, Goa (NW)",Fire Force Headquarters
2026-01-30T18:19:47.890Z,GA 07 G 7677-FFHQ(EMERGENCY RESCUE),15.486953,73.817261,0,INACTIVE,"Caculo Mall, 16 Shanta, St Inez Rd, Caculo Enclave, Santa Inez, Panaji, Goa (NW)",Fire Force Headquarters
2026-01-30T18:19:47.890Z,GA 07 G 1121-PNJ(EMERGENCY RESCUE),15.487097,73.817223,0,STOP,"Caculo Mall, 16 Shanta, St Inez Rd, Caculo Enclave, Santa Inez, Panaji, Goa (NW)",Fire Station Panaji
2026-01-30T18:19:47.890Z,GA 07 G 1571-FFHQ(QUICK RESPONSE),15.486663,73.81739,0,STOP,"Caculo Mall, 16 Shanta, St Inez Rd, Caculo Enclave, Santa Inez, Panaji, Goa (NW)",Fire Force Headquarters
2026-01-30T18:19:47.890Z,GA 07 G 8101-MAP(WATER TENDER),15.590058,73.808762,0,STOP,At Fire Station Mapusa,Fire Station Mapusa
2026-01-30T18:19:47.890Z,GA 07 G 2317-MRG(EMERGENCY RESCUE TENDER),15.2695133,73.9699783,0,STOP,At Fire Station Margoa,Fire Station Margao
2026-01-30T18:19:47.890Z,GA 07 G 1570-VAS(QUICK RESPONSE FIRE TENDER),15.3887566,73.8513433,0,STOP,At Fire Station Vasco,Fire Station Vasco
2026-01-30T18:19:47.890Z,GA 07 G 4101-VAS(MS WATER TENDER),15.3888833,73.8513516,0,STOP,At Fire Station Vasco,Fire Station Vasco
2026-01-30T18:19:47.890Z,GA 07 G 0819-VAS(WATER/FOAM TENDER),15.3887333,73.8512617,0,RUNNING,At Fire Station Vasco,Fire Station Vasco
2026-01-30T18:19:47.890Z,GA 07 G 7100-MRG(WATER BOUSER),15.2695133,73.9702966,0,STOP,At Fire Station Margoa,Fire Station Margao
2026-01-30T18:19:47.890Z,GA 07 G 1568-MRG(QUICK RESPONSE ),15.2694166,73.9704266,0,STOP,At Fire Station Margoa,Fire Station Margao
2026-01-30T18:19:47.890Z,GA 07 G 6101-MRG(WATER TENDER),15.26936,73.9702883,0,STOP,At Fire Station Margoa,Fire Station Margao
2026-01-30T18:19:47.890Z,GA 07 G 1001-MRG(AERIAL LADDER PLATFORM),15.2695333,73.969905,0,INACTIVE,At Fire Station Margoa,Fire Station Margao
2026-01-30T18:19:47.890Z,GA 07 G 0820-BIC(WATER TEDNER),15.4027733,74.002805,0,STOP,At Fire Station Ponda ,Fire Station Bicholim
2026-01-30T18:19:47.890Z,GA 07 G 5101-OLG(MS WATER TENDER),15.5002983,73.9140383,0,STOP,At Fire Station Old Goa,Fire Station Old Goa
2026-01-30T18:19:47.890Z,GA 07 G 3101-BIC(MS WATER TENDER),15.58931,73.9461666,0,STOP,At Fire Station Bicholim ,Fire Station Bicholim
2026-01-30T18:19:47.890Z,GA 07 G 1941-BIC(QUICK RESPONSE),15.5894883,73.9467283,0,STOP,At Fire Station Bicholim ,Fire Station Bicholim
2026-01-30T18:19:47.890Z,GA 07 G 2319-VAS (EMERGENCY RESCUE TENDER),15.388815,73.8512783,0,STOP,At Fire Station Vasco,Fire Station Vasco
2026-01-30T18:19:47.890Z,GA 07 G 3737-VAP(WATER TENDER),15.53101,74.1386633,0,STOP,At Fire Station Valpoi ,Fire Station Valpoi
2026-01-30T18:19:47.890Z,GA 07 G 2318-PND(EMERGENCY RESCUE TENDER),15.402675,74.003035,0,STOP,At Fire Station Ponda ,Fire Station Ponda
2026-01-30T18:19:47.890Z,GA 07 G 2004-PND(QUICK RESPONSE),15.40267,74.00284,0,STOP,At Fire Station Ponda ,Fire Station Ponda
2026-01-30T18:19:47.890Z,GA 07 G 9101-PND(WATER TENDER),15.4031316,74.0027016,0,STOP,At Fire Station Ponda ,Fire Station Ponda
2026-01-30T18:19:47.890Z,GA 07 G 9797-PND(WATER BOUSER),15.4027366,74.0028816,0,STOP,At Fire Station Ponda ,Fire Station Ponda
2026-01-30T18:19:47.890Z,GA 07 G 6363-CAN(WATER TENDER),15.0236416,74.0440433,0,STOP,"Canacona, The Lalitrajbaga ,Canacona, Canacona, Goa (NE)",Fire Station Canacona
2026-01-30T18:19:47.890Z,GA 07 G 1567-CAN(QUICK RESPONSE FT),15.0236833,74.0440666,0,STOP,"Canacona, The Lalitrajbaga ,Canacona, Canacona, Goa (NE)",Fire Station Canacona
2026-01-30T18:19:47.890Z,GA 07 G 1569-VRN(QUICK RESPONSE),15.369755,73.935465,0,STOP,At Fire Station Verna,Fire Station Verna
2026-01-30T18:19:47.890Z,GA 07 G 9909-VRN(ADVANCE MULTI-PURPOSE),15.3693883,73.9361083,0,STOP,At Fire Station Verna,Fire Station Verna
2026-01-30T18:19:47.890Z,GA 07 G 1942-VAP(QUICK RESPONSE),15.5310133,74.1387783,0,STOP,At Fire Station Valpoi ,Fire Station Valpoi
2026-01-30T18:19:47.890Z,GA 07 G 2003-CUR(QUICK RESPONSE),15.26046,74.1037433,0,STOP,At Fire Station Curchorem,Fire Station Curchorem
2026-01-30T18:19:47.890Z,GA 07 G 7447-CUR(EMERGENCY RESCUE),15.2604166,74.103735,0,STOP,At Fire Station Curchorem,Fire Station Curchorem
2026-01-30T18:19:47.890Z,GA 07 G 7557-CUR(WATER TENDER),15.2603916,74.1034266,0,STOP,At Fire Station Curchorem,Fire Station Curchorem
2026-01-30T18:19:47.890Z,GA 07 G 7667-CUR(WATER BOUSER),15.26036,74.103735,0,STOP,At Fire Station Curchorem,Fire Station Curchorem
2026-01-30T18:19:47.890Z,GA 07 G 4989-KUN(WATER TENDER),15.4628883,73.9726967,0,STOP,At Fire Station Kundaim,Fire Station Kundaim
2026-01-30T18:19:47.890Z,GA 07 G 2242-PIL(WATER TENDER),15.533075,73.7940172,0,STOP,At Fire Station Pilerne,Fire Station Pilerne
2026-01-30T18:19:47.890Z,GA 07 G 0681-MAP(QUICK RESPONSE),15.5898267,73.8086667,0,STOP,At Fire Station Mapusa,Fire Station Mapusa
2026-01-30T18:19:47.890Z,GA 07 G 2101-PER(MS WATER TENDER),15.7164428,73.7974983,0,STOP,At Fire Station Pernem,Fire Station Pernem
2026-01-30T18:19:47.890Z,GA 07 G 4600-PER(MINI RESCUE TENDER),15.7164817,73.7975244,0,STOP,At Fire Station Pernem,Fire Station Pernem
2026-01-30T18:19:47.890Z,GA 07 G 7272-PNJ(WATER TENDER),15.4872333,73.8174739,0,STOP,"Caculo Mall, 16 Shanta, St Inez Rd, Caculo Enclave, Santa Inez, Panaji, Goa (NW)",Fire Station Panaji
2026-01-30T18:19:47.890Z,GA07G2384-CAN(WATER TENDER),15.1862872,74.0210394,0,STOP,At Fire Station Cuncolim,Fire Station Cuncolim
2026-01-30T18:19:47.890Z,GA07G2507 - PER Mid Size (Water Tender),15.7164517,73.7974767,0,STOP,At Fire Station Pernem,Fire Station Pernem
2026-01-30T18:19:47.890Z,GA07G2505 - VAP Mid Size (Water Tender),15.4026267,74.0027833,0,STOP,At Fire Station Ponda ,Fire Station Valpoi
2026-01-30T18:19:47.890Z,GA07G2504 - BIC Mid Size (Water Tender),15.5895017,73.9465983,0,STOP,At Fire Station Bicholim ,Fire Station Bicholim
2026-01-30T18:19:47.890Z,GA07G2503- MAP Mid Size (Water Tender),15.5900233,73.80852,0,STOP,At Fire Station Mapusa,Fire Station Mapusa
2026-01-30T18:19:47.890Z,GA07G2502 - FFHQ Mid Size (Water Tender),15.4870117,73.8172283,0,STOP,"Caculo Mall, 16 Shanta, St Inez Rd, Caculo Enclave, Santa Inez, Panaji, Goa (NW)",Fire Force Headquarters
2026-01-30T18:21:34.607Z,GA 07 G 0680-PIL(QUICK RESPONSE VEHICLE),15.486505,73.8169917,0,STOP,At Fire Station panaji,Fire Station Pilerne
2026-01-30T18:21:34.607Z,GA07G2506 - OLG Mid Size (Water Tender),15.500312,73.914017,0,STOP,At Fire Station Old Goa,Fire Station Old Goa
2026-01-30T18:21:34.607Z,GA 07 G 5115-POR(MINI WATER TENDER),15.523173,73.82946,0,STOP,At Porvorim Fire Station,Fire Station Porvorim
2026-01-30T18:21:34.607Z,GA 07 G 0350-MRG(WATER TENDER),15.26939,73.970581,0,STOP,At Fire Station Margoa,Fire Station Margao
2026-01-30T18:21:34.607Z,GA 07 G 2900-MAP(MINI RESCUE TENDER),15.589847,73.808868,0,STOP,At Fire Station Mapusa,Fire Station Mapusa
2026-01-30T18:21:34.607Z,GA 07 G 7600-FFHQ(WATER BOUSER),15.487187,73.817146,0,STOP,"Caculo Mall, 16 Shanta, St Inez Rd, Caculo Enclave, Santa Inez, Panaji, Goa (NW)",Fire Force Headquarters
2026-01-30T18:21:34.607Z,GA 07 G 2002-FFHQ(TURN TABLE LADDER),15.487437,73.817352,0,STOP,"Caculo Mall, 16 Shanta, St Inez Rd, Caculo Enclave, Santa Inez, Panaji, Goa (NW)",Fire Force Headquarters
2026-01-30T18:21:34.607Z,GA 07 G 7101-FFHQ(WATER TENDER),15.486877,73.816963,0,STOP,"Caculo Mall, 16 Shanta, St Inez Rd, Caculo Enclave, Santa Inez, Panaji, Goa (NW)",Fire Force Headquarters
2026-01-30T18:21:34.607Z,GA 07 G 7677-FFHQ(EMERGENCY RESCUE),15.486953,73.817261,0,INACTIVE,"Caculo Mall, 16 Shanta, St Inez Rd, Caculo Enclave, Santa Inez, Panaji, Goa (NW)",Fire Force Headquarters
2026-01-30T18:21:34.607Z,GA 07 G 1121-PNJ(EMERGENCY RESCUE),15.487097,73.817223,0,STOP,"Caculo Mall, 16 Shanta, St Inez Rd, Caculo Enclave, Santa Inez, Panaji, Goa (NW)",Fire Station Panaji
2026-01-30T18:21:34.607Z,GA 07 G 1571-FFHQ(QUICK RESPONSE),15.486663,73.81739,0,STOP,"Caculo Mall, 16 Shanta, St Inez Rd, Caculo Enclave, Santa Inez, Panaji, Goa (NW)",Fire Force Headquarters
2026-01-30T18:21:34.607Z,GA 07 G 8101-MAP(WATER TENDER),15.590058,73.808762,0,STOP,At Fire Station Mapusa,Fire Station Mapusa
2026-01-30T18:21:34.607Z,GA 07 G 2317-MRG(EMERGENCY RESCUE TENDER),15.2695633,73.9704016,0,STOP,At Fire Station Margoa,Fire Station Margao
2026-01-30T18:21:34.607Z,GA 07 G 1570-VAS(QUICK RESPONSE FIRE TENDER),15.3887566,73.8513433,0,STOP,At Fire Station Vasco,Fire Station Vasco
2026-01-30T18:21:34.607Z,GA 07 G 4101-VAS(MS WATER TENDER),15.3888833,73.8513516,0,STOP,At Fire Station Vasco,Fire Station Vasco
2026-01-30T18:21:34.607Z,GA 07 G 0819-VAS(WATER/FOAM TENDER),15.3887783,73.8512933,0,IDLE,At Fire Station Vasco,Fire Station Vasco
2026-01-30T18:21:34.607Z,GA 07 G 7100-MRG(WATER BOUSER),15.2695133,73.9702966,0,STOP,At Fire Station Margoa,Fire Station Margao
2026-01-30T18:21:34.607Z,GA 07 G 1568-MRG(QUICK RESPONSE ),15.2694166,73.9704266,0,STOP,At Fire Station Margoa,Fire Station Margao
2026-01-30T18:21:34.607Z,GA 07 G 6101-MRG(WATER TENDER),15.26936,73.9702883,0,STOP,At Fire Station Margoa,Fire Station Margao
2026-01-30T18:21:34.607Z,GA 07 G 1001-MRG(AERIAL LADDER PLATFORM),15.2695333,73.969905,0,INACTIVE,At Fire Station Margoa,Fire Station Margao
2026-01-30T18:21:34.607Z,GA 07 G 0820-BIC(WATER TEDNER),15.4027733,74.002805,0,STOP,At Fire Station Ponda ,Fire Station Bicholim
2026-01-30T18:21:34.607Z,GA 07 G 5101-OLG(MS WATER TENDER),15.5002983,73.9140383,0,STOP,At Fire Station Old Goa,Fire Station Old Goa
2026-01-30T18:21:34.607Z,GA 07 G 3101-BIC(MS WATER TENDER),15.58931,73.9461666,0,STOP,At Fire Station Bicholim ,Fire Station Bicholim
2026-01-30T18:21:34.607Z,GA 07 G 1941-BIC(QUICK RESPONSE),15.5894883,73.9467283,0,STOP,At Fire Station Bicholim ,Fire Station Bicholim
2026-01-30T18:21:34.607Z,GA 07 G 2319-VAS (EMERGENCY RESCUE TENDER),15.388815,73.8512783,0,STOP,At Fire Station Vasco,Fire Station Vasco
2026-01-30T18:21:34.607Z,GA 07 G 3737-VAP(WATER TENDER),15.53101,74.1386633,0,STOP,At Fire Station Valpoi ,Fire Station Valpoi
2026-01-30T18:21:34.607Z,GA 07 G 2318-PND(EMERGENCY RESCUE TENDER),15.402675,74.003035,0,STOP,At Fire Station Ponda ,Fire Station Ponda
2026-01-30T18:21:34.607Z,GA 07 G 2004-PND(QUICK RESPONSE),15.40267,74.00284,0,STOP,At Fire Station Ponda ,Fire Station Ponda
2026-01-30T18:21:34.607Z,GA 07 G 9101-PND(WATER TENDER),15.4031316,74.0027016,0,STOP,At Fire Station Ponda ,Fire Station Ponda
2026-01-30T18:21:34.607Z,GA 07 G 9797-PND(WATER BOUSER),15.4027366,74.0028816,0,STOP,At Fire Station Ponda ,Fire Station Ponda
2026-01-30T18:21:34.607Z,GA 07 G 6363-CAN(WATER TENDER),15.0236416,74.0440433,0,STOP,"Canacona, The Lalitrajbaga ,Canacona, Canacona, Goa (NE)",Fire Station Canacona
2026-01-30T18:21:34.607Z,GA 07 G 1567-CAN(QUICK RESPONSE FT),15.0236833,74.0440666,0,STOP,"Canacona, The Lalitrajbaga ,Canacona, Canacona, Goa (NE)",Fire Station Canacona
2026-01-30T18:21:34.607Z,GA 07 G 1569-VRN(QUICK RESPONSE),15.369755,73.935465,0,STOP,At Fire Station Verna,Fire Station Verna
2026-01-30T18:21:34.607Z,GA 07 G 9909-VRN(ADVANCE MULTI-PURPOSE),15.3693883,73.9361083,0,STOP,At Fire Station Verna,Fire Station Verna
2026-01-30T18:21:34.607Z,GA 07 G 1942-VAP(QUICK RESPONSE),15.5310133,74.1387783,0,STOP,At Fire Station Valpoi ,Fire Station Valpoi
2026-01-30T18:21:34.607Z,GA 07 G 2003-CUR(QUICK RESPONSE),15.26046,74.1037433,0,STOP,At Fire Station Curchorem,Fire Station Curchorem
2026-01-30T18:21:34.607Z,GA 07 G 7447-CUR(EMERGENCY RESCUE),15.2604166,74.103735,0,STOP,At Fire Station Curchorem,Fire Station Curchorem
2026-01-30T18:21:34.607Z,GA 07 G 7557-CUR(WATER TENDER),15.2603916,74.1034266,0,STOP,At Fire Station Curchorem,Fire Station Curchorem
2026-01-30T18:21:34.607Z,GA 07 G 7667-CUR(WATER BOUSER),15.26036,74.103735,0,STOP,At Fire Station Curchorem,Fire Station Curchorem
2026-01-30T18:21:34.607Z,GA 07 G 4989-KUN(WATER TENDER),15.4628883,73.9726967,0,STOP,At Fire Station Kundaim,Fire Station Kundaim
2026-01-30T18:21:34.607Z,GA 07 G 2242-PIL(WATER TENDER),15.533075,73.7940172,0,STOP,At Fire Station Pilerne,Fire Station Pilerne
2026-01-30T18:21:34.607Z,GA 07 G 0681-MAP(QUICK RESPONSE),15.5898267,73.8086667,0,STOP,At Fire Station Mapusa,Fire Station Mapusa
2026-01-30T18:21:34.607Z,GA 07 G 2101-PER(MS WATER TENDER),15.7164428,73.7974983,0,STOP,At Fire Station Pernem,Fire Station Pernem
2026-01-30T18:21:34.607Z,GA 07 G 4600-PER(MINI RESCUE TENDER),15.7164817,73.7975244,0,STOP,At Fire Station Pernem,Fire Station Pernem
2026-01-30T18:21:34.607Z,GA 07 G 7272-PNJ(WATER TENDER),15.4872333,73.8174739,0,STOP,"Caculo Mall, 16 Shanta, St Inez Rd, Caculo Enclave, Santa Inez, Panaji, Goa (NW)",Fire Station Panaji
2026-01-30T18:21:34.607Z,GA07G2384-CAN(WATER TENDER),15.1862872,74.0210394,0,STOP,At Fire Station Cuncolim,Fire Station Cuncolim
2026-01-30T18:21:34.607Z,GA07G2507 - PER Mid Size (Water Tender),15.7164517,73.7974767,0,STOP,At Fire Station Pernem,Fire Station Pernem
2026-01-30T18:21:34.607Z,GA07G2505 - VAP Mid Size (Water Tender),15.4026267,74.0027833,0,STOP,At Fire Station Ponda ,Fire Station Valpoi
2026-01-30T18:21:34.607Z,GA07G2504 - BIC Mid Size (Water Tender),15.5895017,73.9465983,0,STOP,At Fire Station Bicholim ,Fire Station Bicholim
2026-01-30T18:21:34.607Z,GA07G2503- MAP Mid Size (Water Tender),15.5900233,73.80852,0,STOP,At Fire Station Mapusa,Fire Station Mapusa
2026-01-30T18:21:34.607Z,GA07G2502 - FFHQ Mid Size (Water Tender),15.4870117,73.8172283,0,STOP,"Caculo Mall, 16 Shanta, St Inez Rd, Caculo Enclave, Santa Inez, Panaji, Goa (NW)",Fire Force Headquarters
2026-01-30T18:22:49.101Z,GA 07 G 0680-PIL(QUICK RESPONSE VEHICLE),15.486505,73.8169917,0,STOP,At Fire Station panaji,Fire Station Pilerne
2026-01-30T18:22:49.101Z,GA07G2506 - OLG Mid Size (Water Tender),15.500312,73.914017,0,STOP,At Fire Station Old Goa,Fire Station Old Goa
2026-01-30T18:22:49.101Z,GA 07 G 5115-POR(MINI WATER TENDER),15.523173,73.82946,0,STOP,At Porvorim Fire Station,Fire Station Porvorim
2026-01-30T18:22:49.101Z,GA 07 G 0350-MRG(WATER TENDER),15.26939,73.970581,0,STOP,At Fire Station Margoa,Fire Station Margao
2026-01-30T18:22:49.101Z,GA 07 G 2900-MAP(MINI RESCUE TENDER),15.589847,73.808868,0,STOP,At Fire Station Mapusa,Fire Station Mapusa
2026-01-30T18:22:49.101Z,GA 07 G 7600-FFHQ(WATER BOUSER),15.487187,73.817146,0,STOP,"Caculo Mall, 16 Shanta, St Inez Rd, Caculo Enclave, Santa Inez, Panaji, Goa (NW)",Fire Force Headquarters
2026-01-30T18:22:49.101Z,GA 07 G 2002-FFHQ(TURN TABLE LADDER),15.487437,73.817352,0,STOP,"Caculo Mall, 16 Shanta, St Inez Rd, Caculo Enclave, Santa Inez, Panaji, Goa (NW)",Fire Force Headquarters
2026-01-30T18:22:49.101Z,GA 07 G 7101-FFHQ(WATER TENDER),15.486877,73.816963,0,STOP,"Caculo Mall, 16 Shanta, St Inez Rd, Caculo Enclave, Santa Inez, Panaji, Goa (NW)",Fire Force Headquarters
2026-01-30T18:22:49.101Z,GA 07 G 7677-FFHQ(EMERGENCY RESCUE),15.486953,73.817261,0,INACTIVE,"Caculo Mall, 16 Shanta, St Inez Rd, Caculo Enclave, Santa Inez, Panaji, Goa (NW)",Fire Force Headquarters
2026-01-30T18:22:49.101Z,GA 07 G 1121-PNJ(EMERGENCY RESCUE),15.487097,73.817223,0,STOP,"Caculo Mall, 16 Shanta, St Inez Rd, Caculo Enclave, Santa Inez, Panaji, Goa (NW)",Fire Station Panaji
2026-01-30T18:22:49.101Z,GA 07 G 1571-FFHQ(QUICK RESPONSE),15.486663,73.81739,0,STOP,"Caculo Mall, 16 Shanta, St Inez Rd, Caculo Enclave, Santa Inez, Panaji, Goa (NW)",Fire Force Headquarters
2026-01-30T18:22:49.101Z,GA 07 G 8101-MAP(WATER TENDER),15.590058,73.808762,0,STOP,At Fire Station Mapusa,Fire Station Mapusa
2026-01-30T18:22:49.101Z,GA 07 G 2317-MRG(EMERGENCY RESCUE TENDER),15.269415,73.9702066,0,STOP,At Fire Station Margoa,Fire Station Margao
2026-01-30T18:22:49.101Z,GA 07 G 1570-VAS(QUICK RESPONSE FIRE TENDER),15.3887566,73.8513433,0,STOP,At Fire Station Vasco,Fire Station Vasco
2026-01-30T18:22:49.101Z,GA 07 G 4101-VAS(MS WATER TENDER),15.3888833,73.8513516,0,STOP,At Fire Station Vasco,Fire Station Vasco
2026-01-30T18:22:49.101Z,GA 07 G 0819-VAS(WATER/FOAM TENDER),15.388765,73.8512933,0,IDLE,At Fire Station Vasco,Fire Station Vasco
2026-01-30T18:22:49.101Z,GA 07 G 7100-MRG(WATER BOUSER),15.2695133,73.9702966,0,STOP,At Fire Station Margoa,Fire Station Margao
2026-01-30T18:22:49.101Z,GA 07 G 1568-MRG(QUICK RESPONSE ),15.2694166,73.9704266,0,STOP,At Fire Station Margoa,Fire Station Margao
2026-01-30T18:22:49.101Z,GA 07 G 6101-MRG(WATER TENDER),15.26936,73.9702883,0,STOP,At Fire Station Margoa,Fire Station Margao
2026-01-30T18:22:49.101Z,GA 07 G 1001-MRG(AERIAL LADDER PLATFORM),15.2695333,73.969905,0,INACTIVE,At Fire Station Margoa,Fire Station Margao
2026-01-30T18:22:49.101Z,GA 07 G 0820-BIC(WATER TEDNER),15.4027733,74.002805,0,STOP,At Fire Station Ponda ,Fire Station Bicholim
2026-01-30T18:22:49.101Z,GA 07 G 5101-OLG(MS WATER TENDER),15.5002983,73.9140383,0,STOP,At Fire Station Old Goa,Fire Station Old Goa
2026-01-30T18:22:49.101Z,GA 07 G 3101-BIC(MS WATER TENDER),15.58931,73.9461666,0,STOP,At Fire Station Bicholim ,Fire Station Bicholim
2026-01-30T18:22:49.101Z,GA 07 G 1941-BIC(QUICK RESPONSE),15.5894883,73.9467283,0,STOP,At Fire Station Bicholim ,Fire Station Bicholim
2026-01-30T18:22:49.101Z,GA 07 G 2319-VAS (EMERGENCY RESCUE TENDER),15.388815,73.8512783,0,STOP,At Fire Station Vasco,Fire Station Vasco
2026-01-30T18:22:49.101Z,GA 07 G 3737-VAP(WATER TENDER),15.53101,74.1386633,0,STOP,At Fire Station Valpoi ,Fire Station Valpoi
2026-01-30T18:22:49.101Z,GA 07 G 2318-PND(EMERGENCY RESCUE TENDER),15.402675,74.003035,0,STOP,At Fire Station Ponda ,Fire Station Ponda
2026-01-30T18:22:49.101Z,GA 07 G 2004-PND(QUICK RESPONSE),15.40267,74.00284,0,STOP,At Fire Station Ponda ,Fire Station Ponda
2026-01-30T18:22:49.101Z,GA 07 G 9101-PND(WATER TENDER),15.4031316,74.0027016,0,STOP,At Fire Station Ponda ,Fire Station Ponda
2026-01-30T18:22:49.101Z,GA 07 G 9797-PND(WATER BOUSER),15.4027366,74.0028816,0,STOP,At Fire Station Ponda ,Fire Station Ponda
2026-01-30T18:22:49.101Z,GA 07 G 6363-CAN(WATER TENDER),15.0236416,74.0440433,0,STOP,"Canacona, The Lalitrajbaga ,Canacona, Canacona, Goa (NE)",Fire Station Canacona
2026-01-30T18:22:49.101Z,GA 07 G 1567-CAN(QUICK RESPONSE FT),15.0236833,74.0440666,0,INACTIVE,"Canacona, The Lalitrajbaga ,Canacona, Canacona, Goa (NE)",Fire Station Canacona
2026-01-30T18:22:49.101Z,GA 07 G 1569-VRN(QUICK RESPONSE),15.369755,73.935465,0,STOP,At Fire Station Verna,Fire Station Verna
2026-01-30T18:22:49.101Z,GA 07 G 9909-VRN(ADVANCE MULTI-PURPOSE),15.3693883,73.9361083,0,STOP,At Fire Station Verna,Fire Station Verna
2026-01-30T18:22:49.101Z,GA 07 G 1942-VAP(QUICK RESPONSE),15.5310133,74.1387783,0,STOP,At Fire Station Valpoi ,Fire Station Valpoi
2026-01-30T18:22:49.101Z,GA 07 G 2003-CUR(QUICK RESPONSE),15.26046,74.1037433,0,STOP,At Fire Station Curchorem,Fire Station Curchorem
2026-01-30T18:22:49.101Z,GA 07 G 7447-CUR(EMERGENCY RESCUE),15.2604166,74.103735,0,STOP,At Fire Station Curchorem,Fire Station Curchorem
2026-01-30T18:22:49.101Z,GA 07 G 7557-CUR(WATER TENDER),15.2603916,74.1034266,0,STOP,At Fire Station Curchorem,Fire Station Curchorem
2026-01-30T18:22:49.101Z,GA 07 G 7667-CUR(WATER BOUSER),15.26036,74.103735,0,STOP,At Fire Station Curchorem,Fire Station Curchorem
2026-01-30T18:22:49.101Z,GA 07 G 4989-KUN(WATER TENDER),15.4628883,73.9726967,0,STOP,At Fire Station Kundaim,Fire Station Kundaim
2026-01-30T18:22:49.101Z,GA 07 G 2242-PIL(WATER TENDER),15.533075,73.7940172,0,STOP,At Fire Station Pilerne,Fire Station Pilerne
2026-01-30T18:22:49.101Z,GA 07 G 0681-MAP(QUICK RESPONSE),15.5898267,73.8086667,0,STOP,At Fire Station Mapusa,Fire Station Mapusa
2026-01-30T18:22:49.101Z,GA 07 G 2101-PER(MS WATER TENDER),15.7164428,73.7974983,0,STOP,At Fire Station Pernem,Fire Station Pernem
2026-01-30T18:22:49.101Z,GA 07 G 4600-PER(MINI RESCUE TENDER),15.7164817,73.7975244,0,STOP,At Fire Station Pernem,Fire Station Pernem
2026-01-30T18:22:49.101Z,GA 07 G 7272-PNJ(WATER TENDER),15.4872333,73.8174739,0,STOP,"Caculo Mall, 16 Shanta, St Inez Rd, Caculo Enclave, Santa Inez, Panaji, Goa (NW)",Fire Station Panaji
2026-01-30T18:22:49.101Z,GA07G2384-CAN(WATER TENDER),15.1862872,74.0210394,0,STOP,At Fire Station Cuncolim,Fire Station Cuncolim
2026-01-30T18:22:49.101Z,GA07G2507 - PER Mid Size (Water Tender),15.7164517,73.7974767,0,STOP,At Fire Station Pernem,Fire Station Pernem
2026-01-30T18:22:49.101Z,GA07G2505 - VAP Mid Size (Water Tender),15.4026267,74.0027833,0,STOP,At Fire Station Ponda ,Fire Station Valpoi
2026-01-30T18:22:49.101Z,GA07G2504 - BIC Mid Size (Water Tender),15.5895017,73.9465983,0,STOP,At Fire Station Bicholim ,Fire Station Bicholim
2026-01-30T18:22:49.101Z,GA07G2503- MAP Mid Size (Water Tender),15.5900233,73.80852,0,STOP,At Fire Station Mapusa,Fire Station Mapusa
2026-01-30T18:22:49.101Z,GA07G2502 - FFHQ Mid Size (Water Tender),15.4870117,73.8172283,0,STOP,"Caculo Mall, 16 Shanta, St Inez Rd, Caculo Enclave, Santa Inez, Panaji, Goa (NW)",Fire Force Headquarters
2026-01-30T18:24:02.905Z,GA 07 G 0680-PIL(QUICK RESPONSE VEHICLE),15.486505,73.8169917,0,STOP,At Fire Station panaji,Fire Station Pilerne
2026-01-30T18:24:02.905Z,GA07G2506 - OLG Mid Size (Water Tender),15.500312,73.914017,0,STOP,At Fire Station Old Goa,Fire Station Old Goa
2026-01-30T18:24:02.905Z,GA 07 G 5115-POR(MINI WATER TENDER),15.523173,73.82946,0,STOP,At Porvorim Fire Station,Fire Station Porvorim
2026-01-30T18:24:02.905Z,GA 07 G 0350-MRG(WATER TENDER),15.26939,73.970581,0,STOP,At Fire Station Margoa,Fire Station Margao
2026-01-30T18:24:02.905Z,GA 07 G 2900-MAP(MINI RESCUE TENDER),15.589847,73.808868,0,STOP,At Fire Station Mapusa,Fire Station Mapusa
2026-01-30T18:24:02.905Z,GA 07 G 7600-FFHQ(WATER BOUSER),15.487187,73.817146,0,STOP,"Caculo Mall, 16 Shanta, St Inez Rd, Caculo Enclave, Santa Inez, Panaji, Goa (NW)",Fire Force Headquarters
2026-01-30T18:24:02.905Z,GA 07 G 2002-FFHQ(TURN TABLE LADDER),15.487437,73.817352,0,STOP,"Caculo Mall, 16 Shanta, St Inez Rd, Caculo Enclave, Santa Inez, Panaji, Goa (NW)",Fire Force Headquarters
2026-01-30T18:24:02.905Z,GA 07 G 7101-FFHQ(WATER TENDER),15.486877,73.816963,0,STOP,"Caculo Mall, 16 Shanta, St Inez Rd, Caculo Enclave, Santa Inez, Panaji, Goa (NW)",Fire Force Headquarters
2026-01-30T18:24:02.905Z,GA 07 G 7677-FFHQ(EMERGENCY RESCUE),15.486953,73.817261,0,INACTIVE,"Caculo Mall, 16 Shanta, St Inez Rd, Caculo Enclave, Santa Inez, Panaji, Goa (NW)",Fire Force Headquarters
2026-01-30T18:24:02.905Z,GA 07 G 1121-PNJ(EMERGENCY RESCUE),15.487097,73.817223,0,STOP,"Caculo Mall, 16 Shanta, St Inez Rd, Caculo Enclave, Santa Inez, Panaji, Goa (NW)",Fire Station Panaji
2026-01-30T18:24:02.905Z,GA 07 G 1571-FFHQ(QUICK RESPONSE),15.486663,73.81739,0,STOP,"Caculo Mall, 16 Shanta, St Inez Rd, Caculo Enclave, Santa Inez, Panaji, Goa (NW)",Fire Force Headquarters
2026-01-30T18:24:02.905Z,GA 07 G 8101-MAP(WATER TENDER),15.590058,73.808762,0,STOP,At Fire Station Mapusa,Fire Station Mapusa
2026-01-30T18:24:02.905Z,GA 07 G 2317-MRG(EMERGENCY RESCUE TENDER),15.2696066,73.9702466,3,STOP,At Fire Station Margoa,Fire Station Margao
2026-01-30T18:24:02.905Z,GA 07 G 1570-VAS(QUICK RESPONSE FIRE TENDER),15.3887566,73.8513433,0,STOP,At Fire Station Vasco,Fire Station Vasco
2026-01-30T18:24:02.905Z,GA 07 G 4101-VAS(MS WATER TENDER),15.3888833,73.8513516,0,STOP,At Fire Station Vasco,Fire Station Vasco
2026-01-30T18:24:02.905Z,GA 07 G 0819-VAS(WATER/FOAM TENDER),15.388765,73.8512933,0,IDLE,At Fire Station Vasco,Fire Station Vasco
2026-01-30T18:24:02.905Z,GA 07 G 7100-MRG(WATER BOUSER),15.2695133,73.9702966,0,STOP,At Fire Station Margoa,Fire Station Margao
2026-01-30T18:24:02.905Z,GA 07 G 1568-MRG(QUICK RESPONSE ),15.2694166,73.9704266,0,STOP,At Fire Station Margoa,Fire Station Margao
2026-01-30T18:24:02.905Z,GA 07 G 6101-MRG(WATER TENDER),15.26936,73.9702883,0,STOP,At Fire Station Margoa,Fire Station Margao
2026-01-30T18:24:02.905Z,GA 07 G 1001-MRG(AERIAL LADDER PLATFORM),15.2695333,73.969905,0,INACTIVE,At Fire Station Margoa,Fire Station Margao
2026-01-30T18:24:02.905Z,GA 07 G 0820-BIC(WATER TEDNER),15.4027733,74.002805,0,STOP,At Fire Station Ponda ,Fire Station Bicholim
2026-01-30T18:24:02.905Z,GA 07 G 5101-OLG(MS WATER TENDER),15.5002983,73.9140383,0,STOP,At Fire Station Old Goa,Fire Station Old Goa
2026-01-30T18:24:02.905Z,GA 07 G 3101-BIC(MS WATER TENDER),15.58931,73.9461666,0,STOP,At Fire Station Bicholim ,Fire Station Bicholim
2026-01-30T18:24:02.905Z,GA 07 G 1941-BIC(QUICK RESPONSE),15.5894883,73.9467283,0,STOP,At Fire Station Bicholim ,Fire Station Bicholim
2026-01-30T18:24:02.905Z,GA 07 G 2319-VAS (EMERGENCY RESCUE TENDER),15.388815,73.8512783,0,STOP,At Fire Station Vasco,Fire Station Vasco
2026-01-30T18:24:02.905Z,GA 07 G 3737-VAP(WATER TENDER),15.53101,74.1386633,0,STOP,At Fire Station Valpoi ,Fire Station Valpoi
2026-01-30T18:24:02.905Z,GA 07 G 2318-PND(EMERGENCY RESCUE TENDER),15.402675,74.003035,0,STOP,At Fire Station Ponda ,Fire Station Ponda
2026-01-30T18:24:02.905Z,GA 07 G 2004-PND(QUICK RESPONSE),15.40267,74.00284,0,STOP,At Fire Station Ponda ,Fire Station Ponda
2026-01-30T18:24:02.905Z,GA 07 G 9101-PND(WATER TENDER),15.4031316,74.0027016,0,STOP,At Fire Station Ponda ,Fire Station Ponda
2026-01-30T18:24:02.905Z,GA 07 G 9797-PND(WATER BOUSER),15.4027366,74.0028816,0,STOP,At Fire Station Ponda ,Fire Station Ponda
2026-01-30T18:24:02.905Z,GA 07 G 6363-CAN(WATER TENDER),15.0236416,74.0440433,0,STOP,"Canacona, The Lalitrajbaga ,Canacona, Canacona, Goa (NE)",Fire Station Canacona
2026-01-30T18:24:02.905Z,GA 07 G 1567-CAN(QUICK RESPONSE FT),15.0236833,74.0440666,0,INACTIVE,"Canacona, The Lalitrajbaga ,Canacona, Canacona, Goa (NE)",Fire Station Canacona
2026-01-30T18:24:02.905Z,GA 07 G 1569-VRN(QUICK RESPONSE),15.369755,73.935465,0,STOP,At Fire Station Verna,Fire Station Verna
2026-01-30T18:24:02.905Z,GA 07 G 9909-VRN(ADVANCE MULTI-PURPOSE),15.3693883,73.9361083,0,STOP,At Fire Station Verna,Fire Station Verna
2026-01-30T18:24:02.905Z,GA 07 G 1942-VAP(QUICK RESPONSE),15.5310133,74.1387783,0,STOP,At Fire Station Valpoi ,Fire Station Valpoi
2026-01-30T18:24:02.905Z,GA 07 G 2003-CUR(QUICK RESPONSE),15.26046,74.1037433,0,STOP,At Fire Station Curchorem,Fire Station Curchorem
2026-01-30T18:24:02.905Z,GA 07 G 7447-CUR(EMERGENCY RESCUE),15.2604166,74.103735,0,STOP,At Fire Station Curchorem,Fire Station Curchorem
2026-01-30T18:24:02.905Z,GA 07 G 7557-CUR(WATER TENDER),15.2603916,74.1034266,0,STOP,At Fire Station Curchorem,Fire Station Curchorem
2026-01-30T18:24:02.905Z,GA 07 G 7667-CUR(WATER BOUSER),15.26036,74.103735,0,STOP,At Fire Station Curchorem,Fire Station Curchorem
2026-01-30T18:24:02.905Z,GA 07 G 4989-KUN(WATER TENDER),15.4628883,73.9726967,0,STOP,At Fire Station Kundaim,Fire Station Kundaim
2026-01-30T18:24:02.905Z,GA 07 G 2242-PIL(WATER TENDER),15.533075,73.7940172,0,STOP,At Fire Station Pilerne,Fire Station Pilerne
2026-01-30T18:24:02.905Z,GA 07 G 0681-MAP(QUICK RESPONSE),15.5898267,73.8086667,0,STOP,At Fire Station Mapusa,Fire Station Mapusa
2026-01-30T18:24:02.905Z,GA 07 G 2101-PER(MS WATER TENDER),15.7164428,73.7974983,0,STOP,At Fire Station Pernem,Fire Station Pernem
2026-01-30T18:24:02.905Z,GA 07 G 4600-PER(MINI RESCUE TENDER),15.7164817,73.7975244,0,STOP,At Fire Station Pernem,Fire Station Pernem
2026-01-30T18:24:02.905Z,GA 07 G 7272-PNJ(WATER TENDER),15.4872333,73.8174739,0,STOP,"Caculo Mall, 16 Shanta, St Inez Rd, Caculo Enclave, Santa Inez, Panaji, Goa (NW)",Fire Station Panaji
2026-01-30T18:24:02.905Z,GA07G2384-CAN(WATER TENDER),15.1862872,74.0210394,0,STOP,At Fire Station Cuncolim,Fire Station Cuncolim
2026-01-30T18:24:02.905Z,GA07G2507 - PER Mid Size (Water Tender),15.7164517,73.7974767,0,STOP,At Fire Station Pernem,Fire Station Pernem
2026-01-30T18:24:02.905Z,GA07G2505 - VAP Mid Size (Water Tender),15.4026267,74.0027833,0,STOP,At Fire Station Ponda ,Fire Station Valpoi
2026-01-30T18:24:02.905Z,GA07G2504 - BIC Mid Size (Water Tender),15.5895017,73.9465983,0,STOP,At Fire Station Bicholim ,Fire Station Bicholim
2026-01-30T18:24:02.905Z,GA07G2503- MAP Mid Size (Water Tender),15.5900233,73.80852,0,STOP,At Fire Station Mapusa,Fire Station Mapusa
2026-01-30T18:24:02.905Z,GA07G2502 - FFHQ Mid Size (Water Tender),15.4870117,73.8172283,0,STOP,"Caculo Mall, 16 Shanta, St Inez Rd, Caculo Enclave, Santa Inez, Panaji, Goa (NW)",Fire Force Headquarters
2026-01-30T18:24:47.006Z,GA 07 G 0680-PIL(QUICK RESPONSE VEHICLE),15.486505,73.8169917,0,STOP,At Fire Station panaji,Fire Station Pilerne
2026-01-30T18:24:47.006Z,GA07G2506 - OLG Mid Size (Water Tender),15.500312,73.914017,0,STOP,At Fire Station Old Goa,Fire Station Old Goa
2026-01-30T18:24:47.006Z,GA 07 G 5115-POR(MINI WATER TENDER),15.523173,73.82946,0,STOP,At Porvorim Fire Station,Fire Station Porvorim
2026-01-30T18:24:47.006Z,GA 07 G 0350-MRG(WATER TENDER),15.26939,73.970581,0,STOP,At Fire Station Margoa,Fire Station Margao
2026-01-30T18:24:47.006Z,GA 07 G 2900-MAP(MINI RESCUE TENDER),15.589847,73.808868,0,STOP,At Fire Station Mapusa,Fire Station Mapusa
2026-01-30T18:24:47.006Z,GA 07 G 7600-FFHQ(WATER BOUSER),15.487187,73.817146,0,STOP,"Caculo Mall, 16 Shanta, St Inez Rd, Caculo Enclave, Santa Inez, Panaji, Goa (NW)",Fire Force Headquarters
2026-01-30T18:24:47.006Z,GA 07 G 2002-FFHQ(TURN TABLE LADDER),15.487437,73.817352,0,STOP,"Caculo Mall, 16 Shanta, St Inez Rd, Caculo Enclave, Santa Inez, Panaji, Goa (NW)",Fire Force Headquarters
2026-01-30T18:24:47.006Z,GA 07 G 7101-FFHQ(WATER TENDER),15.486877,73.816963,0,STOP,"Caculo Mall, 16 Shanta, St Inez Rd, Caculo Enclave, Santa Inez, Panaji, Goa (NW)",Fire Force Headquarters
2026-01-30T18:24:47.006Z,GA 07 G 7677-FFHQ(EMERGENCY RESCUE),15.486953,73.817261,0,INACTIVE,"Caculo Mall, 16 Shanta, St Inez Rd, Caculo Enclave, Santa Inez, Panaji, Goa (NW)",Fire Force Headquarters
2026-01-30T18:24:47.006Z,GA 07 G 1121-PNJ(EMERGENCY RESCUE),15.487097,73.817223,0,STOP,"Caculo Mall, 16 Shanta, St Inez Rd, Caculo Enclave, Santa Inez, Panaji, Goa (NW)",Fire Station Panaji
2026-01-30T18:24:47.006Z,GA 07 G 1571-FFHQ(QUICK RESPONSE),15.486663,73.81739,0,STOP,"Caculo Mall, 16 Shanta, St Inez Rd, Caculo Enclave, Santa Inez, Panaji, Goa (NW)",Fire Force Headquarters
2026-01-30T18:24:47.006Z,GA 07 G 8101-MAP(WATER TENDER),15.590058,73.808762,0,STOP,At Fire Station Mapusa,Fire Station Mapusa
2026-01-30T18:24:47.006Z,GA 07 G 2317-MRG(EMERGENCY RESCUE TENDER),15.2696066,73.9702466,1,STOP,At Fire Station Margoa,Fire Station Margao
2026-01-30T18:24:47.006Z,GA 07 G 1570-VAS(QUICK RESPONSE FIRE TENDER),15.3887566,73.8513433,0,STOP,At Fire Station Vasco,Fire Station Vasco
2026-01-30T18:24:47.006Z,GA 07 G 4101-VAS(MS WATER TENDER),15.3888833,73.8513516,0,STOP,At Fire Station Vasco,Fire Station Vasco
2026-01-30T18:24:47.006Z,GA 07 G 0819-VAS(WATER/FOAM TENDER),15.3887383,73.8512617,0,RUNNING,At Fire Station Vasco,Fire Station Vasco
2026-01-30T18:24:47.006Z,GA 07 G 7100-MRG(WATER BOUSER),15.2695133,73.9702966,0,STOP,At Fire Station Margoa,Fire Station Margao
2026-01-30T18:24:47.006Z,GA 07 G 1568-MRG(QUICK RESPONSE ),15.2694166,73.9704266,0,STOP,At Fire Station Margoa,Fire Station Margao
2026-01-30T18:24:47.006Z,GA 07 G 6101-MRG(WATER TENDER),15.26936,73.9702883,0,STOP,At Fire Station Margoa,Fire Station Margao
2026-01-30T18:24:47.006Z,GA 07 G 1001-MRG(AERIAL LADDER PLATFORM),15.2695333,73.969905,0,INACTIVE,At Fire Station Margoa,Fire Station Margao
2026-01-30T18:24:47.006Z,GA 07 G 0820-BIC(WATER TEDNER),15.4027733,74.002805,0,STOP,At Fire Station Ponda ,Fire Station Bicholim
2026-01-30T18:24:47.006Z,GA 07 G 5101-OLG(MS WATER TENDER),15.5002983,73.9140383,0,STOP,At Fire Station Old Goa,Fire Station Old Goa
2026-01-30T18:24:47.006Z,GA 07 G 3101-BIC(MS WATER TENDER),15.5896383,73.9467449,0,STOP,At Fire Station Bicholim ,Fire Station Bicholim
2026-01-30T18:24:47.006Z,GA 07 G 1941-BIC(QUICK RESPONSE),15.5894883,73.9467283,0,STOP,At Fire Station Bicholim ,Fire Station Bicholim
2026-01-30T18:24:47.006Z,GA 07 G 2319-VAS (EMERGENCY RESCUE TENDER),15.388815,73.8512783,0,STOP,At Fire Station Vasco,Fire Station Vasco
2026-01-30T18:24:47.006Z,GA 07 G 3737-VAP(WATER TENDER),15.53101,74.1386633,0,STOP,At Fire Station Valpoi ,Fire Station Valpoi
2026-01-30T18:24:47.006Z,GA 07 G 2318-PND(EMERGENCY RESCUE TENDER),15.402675,74.003035,0,STOP,At Fire Station Ponda ,Fire Station Ponda
2026-01-30T18:24:47.006Z,GA 07 G 2004-PND(QUICK RESPONSE),15.40267,74.00284,0,STOP,At Fire Station Ponda ,Fire Station Ponda
2026-01-30T18:24:47.006Z,GA 07 G 9101-PND(WATER TENDER),15.4031316,74.0027016,0,STOP,At Fire Station Ponda ,Fire Station Ponda
2026-01-30T18:24:47.006Z,GA 07 G 9797-PND(WATER BOUSER),15.4027366,74.0028816,0,STOP,At Fire Station Ponda ,Fire Station Ponda
2026-01-30T18:24:47.006Z,GA 07 G 6363-CAN(WATER TENDER),15.0236416,74.0440433,0,STOP,"Canacona, The Lalitrajbaga ,Canacona, Canacona, Goa (NE)",Fire Station Canacona
2026-01-30T18:24:47.006Z,GA 07 G 1567-CAN(QUICK RESPONSE FT),15.0236833,74.0440666,0,INACTIVE,"Canacona, The Lalitrajbaga ,Canacona, Canacona, Goa (NE)",Fire Station Canacona
2026-01-30T18:24:47.006Z,GA 07 G 1569-VRN(QUICK RESPONSE),15.369755,73.935465,0,STOP,At Fire Station Verna,Fire Station Verna
2026-01-30T18:24:47.006Z,GA 07 G 9909-VRN(ADVANCE MULTI-PURPOSE),15.3693883,73.9361083,0,STOP,At Fire Station Verna,Fire Station Verna
2026-01-30T18:24:47.006Z,GA 07 G 1942-VAP(QUICK RESPONSE),15.5310133,74.1387783,0,STOP,At Fire Station Valpoi ,Fire Station Valpoi
2026-01-30T18:24:47.006Z,GA 07 G 2003-CUR(QUICK RESPONSE),15.26046,74.1037433,0,STOP,At Fire Station Curchorem,Fire Station Curchorem
2026-01-30T18:24:47.006Z,GA 07 G 7447-CUR(EMERGENCY RESCUE),15.2604166,74.103735,0,STOP,At Fire Station Curchorem,Fire Station Curchorem
2026-01-30T18:24:47.006Z,GA 07 G 7557-CUR(WATER TENDER),15.2603916,74.1034266,0,STOP,At Fire Station Curchorem,Fire Station Curchorem
2026-01-30T18:24:47.006Z,GA 07 G 7667-CUR(WATER BOUSER),15.26036,74.103735,0,STOP,At Fire Station Curchorem,Fire Station Curchorem
2026-01-30T18:24:47.006Z,GA 07 G 4989-KUN(WATER TENDER),15.4628883,73.9726967,0,STOP,At Fire Station Kundaim,Fire Station Kundaim
2026-01-30T18:24:47.006Z,GA 07 G 2242-PIL(WATER TENDER),15.533075,73.7940172,0,STOP,At Fire Station Pilerne,Fire Station Pilerne
2026-01-30T18:24:47.006Z,GA 07 G 0681-MAP(QUICK RESPONSE),15.5898267,73.8086667,0,STOP,At Fire Station Mapusa,Fire Station Mapusa
2026-01-30T18:24:47.006Z,GA 07 G 2101-PER(MS WATER TENDER),15.7164428,73.7974983,0,STOP,At Fire Station Pernem,Fire Station Pernem
2026-01-30T18:24:47.006Z,GA 07 G 4600-PER(MINI RESCUE TENDER),15.7164817,73.7975244,0,STOP,At Fire Station Pernem,Fire Station Pernem
2026-01-30T18:24:47.006Z,GA 07 G 7272-PNJ(WATER TENDER),15.4872333,73.8174739,0,STOP,"Caculo Mall, 16 Shanta, St Inez Rd, Caculo Enclave, Santa Inez, Panaji, Goa (NW)",Fire Station Panaji
2026-01-30T18:24:47.006Z,GA07G2384-CAN(WATER TENDER),15.1862872,74.0210394,0,STOP,At Fire Station Cuncolim,Fire Station Cuncolim
2026-01-30T18:24:47.006Z,GA07G2507 - PER Mid Size (Water Tender),15.7164517,73.7974767,0,STOP,At Fire Station Pernem,Fire Station Pernem
2026-01-30T18:24:47.006Z,GA07G2505 - VAP Mid Size (Water Tender),15.4026267,74.0027833,0,STOP,At Fire Station Ponda ,Fire Station Valpoi
2026-01-30T18:24:47.006Z,GA07G2504 - BIC Mid Size (Water Tender),15.5895017,73.9465983,0,STOP,At Fire Station Bicholim ,Fire Station Bicholim
2026-01-30T18:24:47.006Z,GA07G2503- MAP Mid Size (Water Tender),15.5900233,73.80852,0,STOP,At Fire Station Mapusa,Fire Station Mapusa
2026-01-30T18:24:47.006Z,GA07G2502 - FFHQ Mid Size (Water Tender),15.4870117,73.8172283,0,STOP,"Caculo Mall, 16 Shanta, St Inez Rd, Caculo Enclave, Santa Inez, Panaji, Goa (NW)",Fire Force Headquarters
2026-01-30T18:26:34.342Z,GA 07 G 0680-PIL(QUICK RESPONSE VEHICLE),15.486505,73.8169917,0,STOP,At Fire Station panaji,Fire Station Pilerne
2026-01-30T18:26:34.342Z,GA07G2506 - OLG Mid Size (Water Tender),15.500312,73.914017,0,STOP,At Fire Station Old Goa,Fire Station Old Goa
2026-01-30T18:26:34.342Z,GA 07 G 5115-POR(MINI WATER TENDER),15.523173,73.82946,0,STOP,At Porvorim Fire Station,Fire Station Porvorim
2026-01-30T18:26:34.342Z,GA 07 G 0350-MRG(WATER TENDER),15.26939,73.970581,0,STOP,At Fire Station Margoa,Fire Station Margao
2026-01-30T18:26:34.342Z,GA 07 G 2900-MAP(MINI RESCUE TENDER),15.589847,73.808868,0,STOP,At Fire Station Mapusa,Fire Station Mapusa
2026-01-30T18:26:34.342Z,GA 07 G 7600-FFHQ(WATER BOUSER),15.487187,73.817146,0,STOP,"Caculo Mall, 16 Shanta, St Inez Rd, Caculo Enclave, Santa Inez, Panaji, Goa (NW)",Fire Force Headquarters
2026-01-30T18:26:34.342Z,GA 07 G 2002-FFHQ(TURN TABLE LADDER),15.487437,73.817352,0,STOP,"Caculo Mall, 16 Shanta, St Inez Rd, Caculo Enclave, Santa Inez, Panaji, Goa (NW)",Fire Force Headquarters
2026-01-30T18:26:34.342Z,GA 07 G 7101-FFHQ(WATER TENDER),15.486877,73.816963,0,STOP,"Caculo Mall, 16 Shanta, St Inez Rd, Caculo Enclave, Santa Inez, Panaji, Goa (NW)",Fire Force Headquarters
2026-01-30T18:26:34.342Z,GA 07 G 7677-FFHQ(EMERGENCY RESCUE),15.486953,73.817261,0,INACTIVE,"Caculo Mall, 16 Shanta, St Inez Rd, Caculo Enclave, Santa Inez, Panaji, Goa (NW)",Fire Force Headquarters
2026-01-30T18:26:34.342Z,GA 07 G 1121-PNJ(EMERGENCY RESCUE),15.487097,73.817223,0,STOP,"Caculo Mall, 16 Shanta, St Inez Rd, Caculo Enclave, Santa Inez, Panaji, Goa (NW)",Fire Station Panaji
2026-01-30T18:26:34.342Z,GA 07 G 1571-FFHQ(QUICK RESPONSE),15.486663,73.81739,0,STOP,"Caculo Mall, 16 Shanta, St Inez Rd, Caculo Enclave, Santa Inez, Panaji, Goa (NW)",Fire Force Headquarters
2026-01-30T18:26:34.342Z,GA 07 G 8101-MAP(WATER TENDER),15.590058,73.808762,0,STOP,At Fire Station Mapusa,Fire Station Mapusa
2026-01-30T18:26:34.342Z,GA 07 G 2317-MRG(EMERGENCY RESCUE TENDER),15.2693583,73.9701816,0,STOP,At Fire Station Margoa,Fire Station Margao
2026-01-30T18:26:34.342Z,GA 07 G 1570-VAS(QUICK RESPONSE FIRE TENDER),15.3887566,73.8513433,0,STOP,At Fire Station Vasco,Fire Station Vasco
2026-01-30T18:26:34.342Z,GA 07 G 4101-VAS(MS WATER TENDER),15.3888833,73.8513516,0,STOP,At Fire Station Vasco,Fire Station Vasco
2026-01-30T18:26:34.342Z,GA 07 G 0819-VAS(WATER/FOAM TENDER),15.3887733,73.8512933,4,RUNNING,At Fire Station Vasco,Fire Station Vasco
2026-01-30T18:26:34.342Z,GA 07 G 7100-MRG(WATER BOUSER),15.2695133,73.9702966,0,STOP,At Fire Station Margoa,Fire Station Margao
2026-01-30T18:26:34.342Z,GA 07 G 1568-MRG(QUICK RESPONSE ),15.2694166,73.9704266,0,STOP,At Fire Station Margoa,Fire Station Margao
2026-01-30T18:26:34.342Z,GA 07 G 6101-MRG(WATER TENDER),15.26936,73.9702883,0,STOP,At Fire Station Margoa,Fire Station Margao
2026-01-30T18:26:34.342Z,GA 07 G 1001-MRG(AERIAL LADDER PLATFORM),15.2695333,73.969905,0,INACTIVE,At Fire Station Margoa,Fire Station Margao
2026-01-30T18:26:34.342Z,GA 07 G 0820-BIC(WATER TEDNER),15.4027733,74.002805,0,STOP,At Fire Station Ponda ,Fire Station Bicholim
2026-01-30T18:26:34.342Z,GA 07 G 5101-OLG(MS WATER TENDER),15.5002983,73.9140383,0,STOP,At Fire Station Old Goa,Fire Station Old Goa
2026-01-30T18:26:34.342Z,GA 07 G 3101-BIC(MS WATER TENDER),15.5896383,73.9467449,0,STOP,At Fire Station Bicholim ,Fire Station Bicholim
2026-01-30T18:26:34.342Z,GA 07 G 1941-BIC(QUICK RESPONSE),15.5894883,73.9467283,0,STOP,At Fire Station Bicholim ,Fire Station Bicholim
2026-01-30T18:26:34.342Z,GA 07 G 2319-VAS (EMERGENCY RESCUE TENDER),15.388815,73.8512783,0,STOP,At Fire Station Vasco,Fire Station Vasco
2026-01-30T18:26:34.342Z,GA 07 G 3737-VAP(WATER TENDER),15.53101,74.1386633,0,STOP,At Fire Station Valpoi ,Fire Station Valpoi
2026-01-30T18:26:34.342Z,GA 07 G 2318-PND(EMERGENCY RESCUE TENDER),15.402675,74.003035,0,STOP,At Fire Station Ponda ,Fire Station Ponda
2026-01-30T18:26:34.342Z,GA 07 G 2004-PND(QUICK RESPONSE),15.40267,74.00284,0,STOP,At Fire Station Ponda ,Fire Station Ponda
2026-01-30T18:26:34.342Z,GA 07 G 9101-PND(WATER TENDER),15.4031316,74.0027016,0,STOP,At Fire Station Ponda ,Fire Station Ponda
2026-01-30T18:26:34.342Z,GA 07 G 9797-PND(WATER BOUSER),15.4027366,74.0028816,0,STOP,At Fire Station Ponda ,Fire Station Ponda
2026-01-30T18:26:34.342Z,GA 07 G 6363-CAN(WATER TENDER),15.0236416,74.0440433,0,STOP,"Canacona, The Lalitrajbaga ,Canacona, Canacona, Goa (NE)",Fire Station Canacona
2026-01-30T18:26:34.342Z,GA 07 G 1567-CAN(QUICK RESPONSE FT),15.0236833,74.0440666,0,INACTIVE,"Canacona, The Lalitrajbaga ,Canacona, Canacona, Goa (NE)",Fire Station Canacona
2026-01-30T18:26:34.342Z,GA 07 G 1569-VRN(QUICK RESPONSE),15.369755,73.935465,0,STOP,At Fire Station Verna,Fire Station Verna
2026-01-30T18:26:34.342Z,GA 07 G 9909-VRN(ADVANCE MULTI-PURPOSE),15.3693883,73.9361083,0,STOP,At Fire Station Verna,Fire Station Verna
2026-01-30T18:26:34.342Z,GA 07 G 1942-VAP(QUICK RESPONSE),15.5310133,74.1387783,0,STOP,At Fire Station Valpoi ,Fire Station Valpoi
2026-01-30T18:26:34.342Z,GA 07 G 2003-CUR(QUICK RESPONSE),15.26046,74.1037433,0,STOP,At Fire Station Curchorem,Fire Station Curchorem
2026-01-30T18:26:34.342Z,GA 07 G 7447-CUR(EMERGENCY RESCUE),15.2604166,74.103735,0,STOP,At Fire Station Curchorem,Fire Station Curchorem
2026-01-30T18:26:34.342Z,GA 07 G 7557-CUR(WATER TENDER),15.2603916,74.1034266,0,STOP,At Fire Station Curchorem,Fire Station Curchorem
2026-01-30T18:26:34.342Z,GA 07 G 7667-CUR(WATER BOUSER),15.26036,74.103735,0,STOP,At Fire Station Curchorem,Fire Station Curchorem
2026-01-30T18:26:34.342Z,GA 07 G 4989-KUN(WATER TENDER),15.4628883,73.9726967,0,STOP,At Fire Station Kundaim,Fire Station Kundaim
2026-01-30T18:26:34.342Z,GA 07 G 2242-PIL(WATER TENDER),15.533075,73.7940172,0,STOP,At Fire Station Pilerne,Fire Station Pilerne
2026-01-30T18:26:34.342Z,GA 07 G 0681-MAP(QUICK RESPONSE),15.5898267,73.8086667,0,STOP,At Fire Station Mapusa,Fire Station Mapusa
2026-01-30T18:26:34.342Z,GA 07 G 2101-PER(MS WATER TENDER),15.7164428,73.7974983,0,STOP,At Fire Station Pernem,Fire Station Pernem
2026-01-30T18:26:34.342Z,GA 07 G 4600-PER(MINI RESCUE TENDER),15.7164817,73.7975244,0,STOP,At Fire Station Pernem,Fire Station Pernem
2026-01-30T18:26:34.342Z,GA 07 G 7272-PNJ(WATER TENDER),15.4872333,73.8174739,0,STOP,"Caculo Mall, 16 Shanta, St Inez Rd, Caculo Enclave, Santa Inez, Panaji, Goa (NW)",Fire Station Panaji
2026-01-30T18:26:34.342Z,GA07G2384-CAN(WATER TENDER),15.1862872,74.0210394,0,STOP,At Fire Station Cuncolim,Fire Station Cuncolim
2026-01-30T18:26:34.342Z,GA07G2507 - PER Mid Size (Water Tender),15.7164517,73.7974767,0,STOP,At Fire Station Pernem,Fire Station Pernem
2026-01-30T18:26:34.342Z,GA07G2505 - VAP Mid Size (Water Tender),15.4026267,74.0027833,0,STOP,At Fire Station Ponda ,Fire Station Valpoi
2026-01-30T18:26:34.342Z,GA07G2504 - BIC Mid Size (Water Tender),15.5895017,73.9465983,0,STOP,At Fire Station Bicholim ,Fire Station Bicholim
2026-01-30T18:26:34.342Z,GA07G2503- MAP Mid Size (Water Tender),15.5900233,73.80852,0,STOP,At Fire Station Mapusa,Fire Station Mapusa
2026-01-30T18:26:34.342Z,GA07G2502 - FFHQ Mid Size (Water Tender),15.4870117,73.8172283,0,STOP,"Caculo Mall, 16 Shanta, St Inez Rd, Caculo Enclave, Santa Inez, Panaji, Goa (NW)",Fire Force Headquarters
