Timestamp,Vehicle_No,Latitude,Longitude,Speed,Status,Location,Branch
2025-12-23T00:00:43.886Z,GA 07 G 0680-PIL(QUICK RESPONSE VEHICLE),15.5329733,73.7939283,0,STOP,At Fire Station Pilerne,Fire Station Pilerne
2025-12-23T00:00:43.886Z,GA07G2506 - Mid Size (Water Tender),15.500348,73.914085,0,INACTIVE,At Fire Station Old Goa,Fire Station Old Goa
2025-12-23T00:00:43.886Z,GA 07 G 5115-POR(MINI WATER TENDER),15.522823,73.829689,0,STOP,At Porvorim Fire Station,Fire Station Porvorim
2025-12-23T00:00:43.886Z,GA 07 G 0350-MRG(WATER TENDER),15.269468,73.970589,0,STOP,At Fire Station Margoa,Fire Station Margao
2025-12-23T00:00:43.886Z,GA 07 G 2900-MAP(MINI RESCUE TENDER),15.589898,73.8088,0,STOP,At Fire Station Mapusa,Fire Station Mapusa
2025-12-23T00:00:43.886Z,GA 07 G 7600-FFHQ(WATER BOUSER),15.486942,73.817543,0,STOP,"Caculo Mall, 16 Shanta, St Inez Rd, Caculo Enclave, Santa Inez, Panaji, Goa (NW)",Fire Force Headquarters
2025-12-23T00:00:43.886Z,GA 07 G 2002-FFHQ(TURN TABLE LADDER),15.487195,73.817116,0,STOP,"Caculo Mall, 16 Shanta, St Inez Rd, Caculo Enclave, Santa Inez, Panaji, Goa (NW)",Fire Force Headquarters
2025-12-23T00:00:43.886Z,GA 07 G 7101-FFHQ(WATER TENDER),15.48682,73.817039,0,STOP,"Caculo Mall, 16 Shanta, St Inez Rd, Caculo Enclave, Santa Inez, Panaji, Goa (NW)",Fire Force Headquarters
2025-12-23T00:00:43.886Z,GA 07 G 7677-FFHQ(EMERGENCY RESCUE),15.487297,73.817184,0,STOP,"Caculo Mall, 16 Shanta, St Inez Rd, Caculo Enclave, Santa Inez, Panaji, Goa (NW)",Fire Force Headquarters
2025-12-23T00:00:43.886Z,GA 07 G 1121-PNJ(EMERGENCY RESCUE),15.487142,73.817177,0,STOP,"Caculo Mall, 16 Shanta, St Inez Rd, Caculo Enclave, Santa Inez, Panaji, Goa (NW)",Fire Station Panaji
2025-12-23T00:00:43.886Z,GA 07 G 1571-FFHQ(QUICK RESPONSE),15.486725,73.817574,0,STOP,"Caculo Mall, 16 Shanta, St Inez Rd, Caculo Enclave, Santa Inez, Panaji, Goa (NW)",Fire Force Headquarters
2025-12-23T00:00:43.886Z,GA 07 G 8101-MAP(WATER TENDER),15.589917,73.808861,0,STOP,At Fire Station Mapusa,Fire Station Mapusa
2025-12-23T00:00:43.886Z,GA 07 G 2317-MRG(EMERGENCY RESCUE TENDER),15.26937,73.9700766,0,STOP,At Fire Station Margoa,Fire Station Margao
2025-12-23T00:00:43.886Z,GA 07 G 1570-VAS(QUICK RESPONSE FIRE TENDER),15.3887783,73.8513266,0,STOP,At Fire Station Vasco,Fire Station Vasco
2025-12-23T00:00:43.886Z,GA 07 G 4101-VAS(MS WATER TENDER),15.3890783,73.85092,0,STOP,At Fire Station Vasco,Fire Station Vasco
2025-12-23T00:00:43.886Z,GA 07 G 0819-VAS(WATER/FOAM TENDER),15.3888217,73.8512367,0,IDLE,At Fire Station Vasco,Fire Station Vasco
2025-12-23T00:00:43.886Z,GA 07 G 7100-MRG(WATER BOUSER),15.2694566,73.97006,0,STOP,At Fire Station Margoa,Fire Station Margao
2025-12-23T00:00:43.886Z,GA 07 G 1568-MRG(QUICK RESPONSE ),15.269325,73.9706466,0,STOP,At Fire Station Margoa,Fire Station Margao
2025-12-23T00:00:43.886Z,GA 07 G 6101-MRG(WATER TENDER),15.2693733,73.9701416,0,STOP,At Fire Station Margoa,Fire Station Margao
2025-12-23T00:00:43.886Z,GA 07 G 1001-MRG(AERIAL LADDER PLATFORM),15.26946,73.9697516,0,STOP,At Fire Station Margoa,Fire Station Margao
2025-12-23T00:00:43.886Z,GA 07 G 0820-BIC(WATER TEDNER),15.4027094,74.0029172,0,STOP,At Fire Station Ponda ,Fire Station Bicholim
2025-12-23T00:00:43.886Z,GA 07 G 5101-OLG(MS WATER TENDER),15.5003033,73.91403,0,STOP,At Fire Station Old Goa,Fire Station Old Goa
2025-12-23T00:00:43.886Z,GA 07 G 3101-BIC(MS WATER TENDER),15.5894383,73.9464766,1,STOP,At Fire Station Bicholim ,Fire Station Bicholim
2025-12-23T00:00:43.886Z,GA 07 G 1941-BIC(QUICK RESPONSE),15.5894533,73.9467033,0,STOP,At Fire Station Bicholim ,Fire Station Bicholim
2025-12-23T00:00:43.886Z,GA 07 G 2319-VAS (EMERGENCY RESCUE TENDER),15.3901916,73.8524983,0,STOP,"near melisa garage,NSD, Dabolim, Goa (SW)",Fire Station Vasco
2025-12-23T00:00:43.886Z,GA 07 G 3737-VAP(WATER TENDER),15.53099,74.1387199,0,STOP,At Fire Station Valpoi ,Fire Station Valpoi
2025-12-23T00:00:43.886Z,GA 07 G 2318-PND(EMERGENCY RESCUE TENDER),15.4028416,74.0028083,0,STOP,At Fire Station Ponda ,Fire Station Ponda
2025-12-23T00:00:43.886Z,GA 07 G 2004-PND(QUICK RESPONSE),15.4026666,74.0028483,0,STOP,At Fire Station Ponda ,Fire Station Ponda
2025-12-23T00:00:43.886Z,GA 07 G 9101-PND(WATER TENDER),15.402745,74.0028816,0,STOP,At Fire Station Ponda ,Fire Station Ponda
2025-12-23T00:00:43.886Z,GA 07 G 9797-PND(WATER BOUSER),15.402635,74.00284,0,STOP,At Fire Station Ponda ,Fire Station Ponda
2025-12-23T00:00:43.886Z,GA 07 G 6363-CAN(WATER TENDER),15.0236183,74.0440433,0,INACTIVE,"Canacona, The Lalitrajbaga ,Canacona, Canacona, Goa (NE)",Fire Station Canacona
2025-12-23T00:00:43.886Z,GA 07 G 1567-CAN(QUICK RESPONSE FT),15.0171383,74.0398266,32,INACTIVE,"Canacona, The Lalitrajbaga ,Canacona, Canacona, Goa (SW)",Fire Station Canacona
2025-12-23T00:00:43.886Z,GA 07 G 1569-VRN(QUICK RESPONSE),15.3699133,73.9355466,0,STOP,At Fire Station Verna,Fire Station Verna
2025-12-23T00:00:43.886Z,GA 07 G 9909-VRN(ADVANCE MULTI-PURPOSE),15.3695866,73.9351966,0,STOP,At Fire Station Verna,Fire Station Verna
2025-12-23T00:00:43.886Z,GA 07 G 1942-VAP(QUICK RESPONSE),15.5311233,74.1388183,0,STOP,At Fire Station Valpoi ,Fire Station Valpoi
2025-12-23T00:00:43.886Z,GA 07 G 2003-CUR(QUICK RESPONSE),15.2603983,74.1037033,0,STOP,At Fire Station Curchorem,Fire Station Curchorem
2025-12-23T00:00:43.886Z,GA 07 G 7447-CUR(EMERGENCY RESCUE),15.26048,74.1037033,0,STOP,At Fire Station Curchorem,Fire Station Curchorem
2025-12-23T00:00:43.886Z,GA 07 G 7557-CUR(WATER TENDER),15.26045,74.10345,0,STOP,At Fire Station Curchorem,Fire Station Curchorem
2025-12-23T00:00:43.886Z,GA 07 G 7667-CUR(WATER BOUSER),15.1454033,73.99108,0,STOP,"Shri Shantadurga fatarpekarin Temple, Fatorpa, Cuncolim, Goa (SW)",Fire Station Curchorem
2025-12-23T00:00:43.886Z,GA 07 G 4989-KUN(WATER TENDER),15.4635767,73.9722983,0,STOP,At Fire Station Kundaim,Fire Station Kundaim
2025-12-23T00:00:43.886Z,GA 07 G 2242-PIL(WATER TENDER),15.5328322,73.7941056,0,STOP,At Fire Station Pilerne,Fire Station Pilerne
2025-12-23T00:00:43.886Z,GA 07 G 0681-MAP(QUICK RESPONSE),15.589775,73.8087733,0,STOP,At Fire Station Mapusa,Fire Station Mapusa
2025-12-23T00:00:43.886Z,GA 07 G 0307-PER(QUICK RESPONSE),15.7164939,73.7974239,0,INACTIVE,At Fire Station Pernem,Fire Station Pernem
2025-12-23T00:00:43.886Z,GA 07 G 2101-PER(MS WATER TENDER),15.7163717,73.7975772,0,STOP,At Fire Station Pernem,Fire Station Pernem
2025-12-23T00:00:43.886Z,GA 07 G 4600-PER(MINI RESCUE TENDER),15.7165206,73.7975167,0,STOP,At Fire Station Pernem,Fire Station Pernem
2025-12-23T00:00:43.886Z,GA 07 G 7272-PNJ(WATER TENDER),15.4875411,73.8176922,0,STOP,"Shenaz Shopping Centre, PWD office, 15, Lydia Gardens, St Inez Rd, Opp to, Santa Inez, Panaji, Goa (SW)",Fire Station Panaji
2025-12-23T00:00:43.886Z,GA07G2384- Cuncolim,15.1862206,74.0209944,0,STOP,At Fire Station Cuncolim,Fire Station Cuncolim
2025-12-23T00:00:43.886Z,GA07G2507 - Mid Size (Water Tender),15.7164733,73.7974933,0,STOP,At Fire Station Pernem,Fire Station Pernem
2025-12-23T00:00:43.886Z,GA07G2505 - Mid Size (Water Tender),15.530985,74.13868,0,STOP,At Fire Station Valpoi ,Fire Station Valpoi
2025-12-23T00:00:43.886Z,GA07G2504 - Mid Size (Water Tender),15.5890983,73.9465083,0,STOP,At Fire Station Bicholim ,Fire Station Bicholim
2025-12-23T00:00:43.886Z,GA07G2503-Mid Size (Water Tender),15.5900233,73.80865,0,STOP,At Fire Station Mapusa,Fire Station Mapusa
2025-12-23T00:00:43.886Z,GA07G2502 - Mid Size (Water Tender),15.4870233,73.8172283,0,STOP,"Caculo Mall, 16 Shanta, St Inez Rd, Caculo Enclave, Santa Inez, Panaji, Goa (NW)",Fire Force Headquarters
2025-12-23T00:01:47.236Z,GA 07 G 0680-PIL(QUICK RESPONSE VEHICLE),15.5329733,73.7939283,0,STOP,At Fire Station Pilerne,Fire Station Pilerne
2025-12-23T00:01:47.236Z,GA07G2506 - Mid Size (Water Tender),15.500348,73.914085,0,INACTIVE,At Fire Station Old Goa,Fire Station Old Goa
2025-12-23T00:01:47.236Z,GA 07 G 5115-POR(MINI WATER TENDER),15.522988,73.829384,0,STOP,At Porvorim Fire Station,Fire Station Porvorim
2025-12-23T00:01:47.236Z,GA 07 G 0350-MRG(WATER TENDER),15.269468,73.970589,0,STOP,At Fire Station Margoa,Fire Station Margao
2025-12-23T00:01:47.236Z,GA 07 G 2900-MAP(MINI RESCUE TENDER),15.589898,73.8088,0,STOP,At Fire Station Mapusa,Fire Station Mapusa
2025-12-23T00:01:47.236Z,GA 07 G 7600-FFHQ(WATER BOUSER),15.487103,73.817108,0,STOP,"Caculo Mall, 16 Shanta, St Inez Rd, Caculo Enclave, Santa Inez, Panaji, Goa (NW)",Fire Force Headquarters
2025-12-23T00:01:47.236Z,GA 07 G 2002-FFHQ(TURN TABLE LADDER),15.48742,73.817375,0,STOP,"Caculo Mall, 16 Shanta, St Inez Rd, Caculo Enclave, Santa Inez, Panaji, Goa (NW)",Fire Force Headquarters
2025-12-23T00:01:47.236Z,GA 07 G 7101-FFHQ(WATER TENDER),15.486877,73.817055,0,STOP,"Caculo Mall, 16 Shanta, St Inez Rd, Caculo Enclave, Santa Inez, Panaji, Goa (NW)",Fire Force Headquarters
2025-12-23T00:01:47.236Z,GA 07 G 7677-FFHQ(EMERGENCY RESCUE),15.48719,73.817192,0,STOP,"Caculo Mall, 16 Shanta, St Inez Rd, Caculo Enclave, Santa Inez, Panaji, Goa (NW)",Fire Force Headquarters
2025-12-23T00:01:47.236Z,GA 07 G 1121-PNJ(EMERGENCY RESCUE),15.487292,73.817276,0,STOP,"Caculo Mall, 16 Shanta, St Inez Rd, Caculo Enclave, Santa Inez, Panaji, Goa (NW)",Fire Station Panaji
2025-12-23T00:01:47.236Z,GA 07 G 1571-FFHQ(QUICK RESPONSE),15.48666,73.817444,0,STOP,"Caculo Mall, 16 Shanta, St Inez Rd, Caculo Enclave, Santa Inez, Panaji, Goa (NW)",Fire Force Headquarters
2025-12-23T00:01:47.236Z,GA 07 G 8101-MAP(WATER TENDER),15.589917,73.808861,0,STOP,At Fire Station Mapusa,Fire Station Mapusa
2025-12-23T00:01:47.236Z,GA 07 G 2317-MRG(EMERGENCY RESCUE TENDER),15.2694583,73.9700766,0,STOP,At Fire Station Margoa,Fire Station Margao
2025-12-23T00:01:47.236Z,GA 07 G 1570-VAS(QUICK RESPONSE FIRE TENDER),15.3887783,73.8513266,0,STOP,At Fire Station Vasco,Fire Station Vasco
2025-12-23T00:01:47.236Z,GA 07 G 4101-VAS(MS WATER TENDER),15.3890783,73.85092,0,STOP,At Fire Station Vasco,Fire Station Vasco
2025-12-23T00:01:47.236Z,GA 07 G 0819-VAS(WATER/FOAM TENDER),15.3888217,73.8512367,0,IDLE,At Fire Station Vasco,Fire Station Vasco
2025-12-23T00:01:47.236Z,GA 07 G 7100-MRG(WATER BOUSER),15.2694566,73.97006,0,STOP,At Fire Station Margoa,Fire Station Margao
2025-12-23T00:01:47.236Z,GA 07 G 1568-MRG(QUICK RESPONSE ),15.269325,73.9706466,0,STOP,At Fire Station Margoa,Fire Station Margao
2025-12-23T00:01:47.236Z,GA 07 G 6101-MRG(WATER TENDER),15.2693733,73.9701416,0,STOP,At Fire Station Margoa,Fire Station Margao
2025-12-23T00:01:47.236Z,GA 07 G 1001-MRG(AERIAL LADDER PLATFORM),15.2695583,73.969735,0,STOP,At Fire Station Margoa,Fire Station Margao
2025-12-23T00:01:47.236Z,GA 07 G 0820-BIC(WATER TEDNER),15.4027094,74.0029172,0,STOP,At Fire Station Ponda ,Fire Station Bicholim
2025-12-23T00:01:47.236Z,GA 07 G 5101-OLG(MS WATER TENDER),15.5003033,73.91403,0,STOP,At Fire Station Old Goa,Fire Station Old Goa
2025-12-23T00:01:47.236Z,GA 07 G 3101-BIC(MS WATER TENDER),15.5894383,73.9464766,2,STOP,At Fire Station Bicholim ,Fire Station Bicholim
2025-12-23T00:01:47.236Z,GA 07 G 1941-BIC(QUICK RESPONSE),15.5894533,73.9467033,0,STOP,At Fire Station Bicholim ,Fire Station Bicholim
2025-12-23T00:01:47.236Z,GA 07 G 2319-VAS (EMERGENCY RESCUE TENDER),15.3901916,73.8524983,0,STOP,"near melisa garage,NSD, Dabolim, Goa (SW)",Fire Station Vasco
2025-12-23T00:01:47.236Z,GA 07 G 3737-VAP(WATER TENDER),15.53099,74.1387199,0,STOP,At Fire Station Valpoi ,Fire Station Valpoi
2025-12-23T00:01:47.236Z,GA 07 G 2318-PND(EMERGENCY RESCUE TENDER),15.4028416,74.0028083,0,STOP,At Fire Station Ponda ,Fire Station Ponda
2025-12-23T00:01:47.236Z,GA 07 G 2004-PND(QUICK RESPONSE),15.4026666,74.0028483,0,STOP,At Fire Station Ponda ,Fire Station Ponda
2025-12-23T00:01:47.236Z,GA 07 G 9101-PND(WATER TENDER),15.402745,74.0028816,0,STOP,At Fire Station Ponda ,Fire Station Ponda
2025-12-23T00:01:47.236Z,GA 07 G 9797-PND(WATER BOUSER),15.402635,74.00284,0,STOP,At Fire Station Ponda ,Fire Station Ponda
2025-12-23T00:01:47.236Z,GA 07 G 6363-CAN(WATER TENDER),15.0236183,74.0440433,0,INACTIVE,"Canacona, The Lalitrajbaga ,Canacona, Canacona, Goa (NE)",Fire Station Canacona
2025-12-23T00:01:47.236Z,GA 07 G 1567-CAN(QUICK RESPONSE FT),15.0171383,74.0398266,32,INACTIVE,"Canacona, The Lalitrajbaga ,Canacona, Canacona, Goa (SW)",Fire Station Canacona
2025-12-23T00:01:47.236Z,GA 07 G 1569-VRN(QUICK RESPONSE),15.3699133,73.9355466,0,STOP,At Fire Station Verna,Fire Station Verna
2025-12-23T00:01:47.236Z,GA 07 G 9909-VRN(ADVANCE MULTI-PURPOSE),15.3695866,73.9351966,0,STOP,At Fire Station Verna,Fire Station Verna
2025-12-23T00:01:47.236Z,GA 07 G 1942-VAP(QUICK RESPONSE),15.5311233,74.1388183,0,STOP,At Fire Station Valpoi ,Fire Station Valpoi
2025-12-23T00:01:47.236Z,GA 07 G 2003-CUR(QUICK RESPONSE),15.2603983,74.1037033,0,STOP,At Fire Station Curchorem,Fire Station Curchorem
2025-12-23T00:01:47.236Z,GA 07 G 7447-CUR(EMERGENCY RESCUE),15.26048,74.1037033,0,STOP,At Fire Station Curchorem,Fire Station Curchorem
2025-12-23T00:01:47.236Z,GA 07 G 7557-CUR(WATER TENDER),15.26045,74.10345,0,STOP,At Fire Station Curchorem,Fire Station Curchorem
2025-12-23T00:01:47.236Z,GA 07 G 7667-CUR(WATER BOUSER),15.1454033,73.99108,0,STOP,"Shri Shantadurga fatarpekarin Temple, Fatorpa, Cuncolim, Goa (SW)",Fire Station Curchorem
2025-12-23T00:01:47.236Z,GA 07 G 4989-KUN(WATER TENDER),15.4635767,73.9722983,0,STOP,At Fire Station Kundaim,Fire Station Kundaim
2025-12-23T00:01:47.236Z,GA 07 G 2242-PIL(WATER TENDER),15.5328322,73.7941056,0,STOP,At Fire Station Pilerne,Fire Station Pilerne
2025-12-23T00:01:47.236Z,GA 07 G 0681-MAP(QUICK RESPONSE),15.589775,73.8087733,0,STOP,At Fire Station Mapusa,Fire Station Mapusa
2025-12-23T00:01:47.236Z,GA 07 G 0307-PER(QUICK RESPONSE),15.7164939,73.7974239,0,INACTIVE,At Fire Station Pernem,Fire Station Pernem
2025-12-23T00:01:47.236Z,GA 07 G 2101-PER(MS WATER TENDER),15.7163717,73.7975772,0,STOP,At Fire Station Pernem,Fire Station Pernem
2025-12-23T00:01:47.236Z,GA 07 G 4600-PER(MINI RESCUE TENDER),15.7165206,73.7975167,0,STOP,At Fire Station Pernem,Fire Station Pernem
2025-12-23T00:01:47.236Z,GA 07 G 7272-PNJ(WATER TENDER),15.4875411,73.8176922,0,STOP,"Shenaz Shopping Centre, PWD office, 15, Lydia Gardens, St Inez Rd, Opp to, Santa Inez, Panaji, Goa (SW)",Fire Station Panaji
2025-12-23T00:01:47.236Z,GA07G2384- Cuncolim,15.1862206,74.0209944,0,STOP,At Fire Station Cuncolim,Fire Station Cuncolim
2025-12-23T00:01:47.236Z,GA07G2507 - Mid Size (Water Tender),15.7164733,73.7974933,0,STOP,At Fire Station Pernem,Fire Station Pernem
2025-12-23T00:01:47.236Z,GA07G2505 - Mid Size (Water Tender),15.530985,74.13868,0,STOP,At Fire Station Valpoi ,Fire Station Valpoi
2025-12-23T00:01:47.236Z,GA07G2504 - Mid Size (Water Tender),15.5890983,73.9465083,0,STOP,At Fire Station Bicholim ,Fire Station Bicholim
2025-12-23T00:01:47.236Z,GA07G2503-Mid Size (Water Tender),15.5900233,73.80865,0,STOP,At Fire Station Mapusa,Fire Station Mapusa
2025-12-23T00:01:47.236Z,GA07G2502 - Mid Size (Water Tender),15.4870233,73.8172283,0,STOP,"Caculo Mall, 16 Shanta, St Inez Rd, Caculo Enclave, Santa Inez, Panaji, Goa (NW)",Fire Force Headquarters
2025-12-23T00:02:41.215Z,GA 07 G 0680-PIL(QUICK RESPONSE VEHICLE),15.5329733,73.7939283,0,STOP,At Fire Station Pilerne,Fire Station Pilerne
2025-12-23T00:02:41.215Z,GA07G2506 - Mid Size (Water Tender),15.500348,73.914085,0,INACTIVE,At Fire Station Old Goa,Fire Station Old Goa
2025-12-23T00:02:41.215Z,GA 07 G 5115-POR(MINI WATER TENDER),15.522988,73.829384,0,STOP,At Porvorim Fire Station,Fire Station Porvorim
2025-12-23T00:02:41.215Z,GA 07 G 0350-MRG(WATER TENDER),15.269428,73.970604,0,STOP,At Fire Station Margoa,Fire Station Margao
2025-12-23T00:02:41.215Z,GA 07 G 2900-MAP(MINI RESCUE TENDER),15.589898,73.8088,0,STOP,At Fire Station Mapusa,Fire Station Mapusa
2025-12-23T00:02:41.215Z,GA 07 G 7600-FFHQ(WATER BOUSER),15.487103,73.817108,0,STOP,"Caculo Mall, 16 Shanta, St Inez Rd, Caculo Enclave, Santa Inez, Panaji, Goa (NW)",Fire Force Headquarters
2025-12-23T00:02:41.215Z,GA 07 G 2002-FFHQ(TURN TABLE LADDER),15.48742,73.817375,0,STOP,"Caculo Mall, 16 Shanta, St Inez Rd, Caculo Enclave, Santa Inez, Panaji, Goa (NW)",Fire Force Headquarters
2025-12-23T00:02:41.215Z,GA 07 G 7101-FFHQ(WATER TENDER),15.486877,73.817055,0,STOP,"Caculo Mall, 16 Shanta, St Inez Rd, Caculo Enclave, Santa Inez, Panaji, Goa (NW)",Fire Force Headquarters
2025-12-23T00:02:41.215Z,GA 07 G 7677-FFHQ(EMERGENCY RESCUE),15.48719,73.817192,0,STOP,"Caculo Mall, 16 Shanta, St Inez Rd, Caculo Enclave, Santa Inez, Panaji, Goa (NW)",Fire Force Headquarters
2025-12-23T00:02:41.215Z,GA 07 G 1121-PNJ(EMERGENCY RESCUE),15.487292,73.817276,0,STOP,"Caculo Mall, 16 Shanta, St Inez Rd, Caculo Enclave, Santa Inez, Panaji, Goa (NW)",Fire Station Panaji
2025-12-23T00:02:41.215Z,GA 07 G 1571-FFHQ(QUICK RESPONSE),15.48666,73.817444,0,STOP,"Caculo Mall, 16 Shanta, St Inez Rd, Caculo Enclave, Santa Inez, Panaji, Goa (NW)",Fire Force Headquarters
2025-12-23T00:02:41.215Z,GA 07 G 8101-MAP(WATER TENDER),15.589937,73.80867,0,STOP,At Fire Station Mapusa,Fire Station Mapusa
2025-12-23T00:02:41.215Z,GA 07 G 2317-MRG(EMERGENCY RESCUE TENDER),15.2694583,73.9700766,0,STOP,At Fire Station Margoa,Fire Station Margao
2025-12-23T00:02:41.215Z,GA 07 G 1570-VAS(QUICK RESPONSE FIRE TENDER),15.3887783,73.8513266,0,STOP,At Fire Station Vasco,Fire Station Vasco
2025-12-23T00:02:41.215Z,GA 07 G 4101-VAS(MS WATER TENDER),15.3890783,73.85092,0,STOP,At Fire Station Vasco,Fire Station Vasco
2025-12-23T00:02:41.215Z,GA 07 G 0819-VAS(WATER/FOAM TENDER),15.3888217,73.8512367,0,IDLE,At Fire Station Vasco,Fire Station Vasco
2025-12-23T00:02:41.215Z,GA 07 G 7100-MRG(WATER BOUSER),15.2694566,73.97006,0,STOP,At Fire Station Margoa,Fire Station Margao
2025-12-23T00:02:41.215Z,GA 07 G 1568-MRG(QUICK RESPONSE ),15.269325,73.9706466,0,STOP,At Fire Station Margoa,Fire Station Margao
2025-12-23T00:02:41.215Z,GA 07 G 6101-MRG(WATER TENDER),15.2693733,73.9701416,0,STOP,At Fire Station Margoa,Fire Station Margao
2025-12-23T00:02:41.215Z,GA 07 G 1001-MRG(AERIAL LADDER PLATFORM),15.2695583,73.969735,0,STOP,At Fire Station Margoa,Fire Station Margao
2025-12-23T00:02:41.215Z,GA 07 G 0820-BIC(WATER TEDNER),15.4027094,74.0029172,0,STOP,At Fire Station Ponda ,Fire Station Bicholim
2025-12-23T00:02:41.215Z,GA 07 G 5101-OLG(MS WATER TENDER),15.5003033,73.91403,0,STOP,At Fire Station Old Goa,Fire Station Old Goa
2025-12-23T00:02:41.215Z,GA 07 G 3101-BIC(MS WATER TENDER),15.5894383,73.9464766,4,STOP,At Fire Station Bicholim ,Fire Station Bicholim
2025-12-23T00:02:41.215Z,GA 07 G 1941-BIC(QUICK RESPONSE),15.5894533,73.9467033,0,STOP,At Fire Station Bicholim ,Fire Station Bicholim
2025-12-23T00:02:41.215Z,GA 07 G 2319-VAS (EMERGENCY RESCUE TENDER),15.3901916,73.8524983,0,STOP,"near melisa garage,NSD, Dabolim, Goa (SW)",Fire Station Vasco
2025-12-23T00:02:41.215Z,GA 07 G 3737-VAP(WATER TENDER),15.53099,74.1387199,0,STOP,At Fire Station Valpoi ,Fire Station Valpoi
2025-12-23T00:02:41.215Z,GA 07 G 2318-PND(EMERGENCY RESCUE TENDER),15.4028416,74.0028083,0,STOP,At Fire Station Ponda ,Fire Station Ponda
2025-12-23T00:02:41.215Z,GA 07 G 2004-PND(QUICK RESPONSE),15.4026666,74.0028483,0,STOP,At Fire Station Ponda ,Fire Station Ponda
2025-12-23T00:02:41.215Z,GA 07 G 9101-PND(WATER TENDER),15.402745,74.0028816,0,STOP,At Fire Station Ponda ,Fire Station Ponda
2025-12-23T00:02:41.215Z,GA 07 G 9797-PND(WATER BOUSER),15.402635,74.00284,0,STOP,At Fire Station Ponda ,Fire Station Ponda
2025-12-23T00:02:41.215Z,GA 07 G 6363-CAN(WATER TENDER),15.0236183,74.0440433,0,INACTIVE,"Canacona, The Lalitrajbaga ,Canacona, Canacona, Goa (NE)",Fire Station Canacona
2025-12-23T00:02:41.215Z,GA 07 G 1567-CAN(QUICK RESPONSE FT),15.0171383,74.0398266,32,INACTIVE,"Canacona, The Lalitrajbaga ,Canacona, Canacona, Goa (SW)",Fire Station Canacona
2025-12-23T00:02:41.215Z,GA 07 G 1569-VRN(QUICK RESPONSE),15.3699133,73.9355466,0,STOP,At Fire Station Verna,Fire Station Verna
2025-12-23T00:02:41.215Z,GA 07 G 9909-VRN(ADVANCE MULTI-PURPOSE),15.3695866,73.9351966,0,STOP,At Fire Station Verna,Fire Station Verna
2025-12-23T00:02:41.215Z,GA 07 G 1942-VAP(QUICK RESPONSE),15.5311233,74.1388183,0,STOP,At Fire Station Valpoi ,Fire Station Valpoi
2025-12-23T00:02:41.215Z,GA 07 G 2003-CUR(QUICK RESPONSE),15.2603983,74.1037033,0,STOP,At Fire Station Curchorem,Fire Station Curchorem
2025-12-23T00:02:41.215Z,GA 07 G 7447-CUR(EMERGENCY RESCUE),15.26048,74.1037033,0,STOP,At Fire Station Curchorem,Fire Station Curchorem
2025-12-23T00:02:41.215Z,GA 07 G 7557-CUR(WATER TENDER),15.26045,74.10345,0,STOP,At Fire Station Curchorem,Fire Station Curchorem
2025-12-23T00:02:41.215Z,GA 07 G 7667-CUR(WATER BOUSER),15.1454033,73.99108,0,STOP,"Shri Shantadurga fatarpekarin Temple, Fatorpa, Cuncolim, Goa (SW)",Fire Station Curchorem
2025-12-23T00:02:41.215Z,GA 07 G 4989-KUN(WATER TENDER),15.4635767,73.9722983,0,STOP,At Fire Station Kundaim,Fire Station Kundaim
2025-12-23T00:02:41.215Z,GA 07 G 2242-PIL(WATER TENDER),15.5328322,73.7941056,0,STOP,At Fire Station Pilerne,Fire Station Pilerne
2025-12-23T00:02:41.215Z,GA 07 G 0681-MAP(QUICK RESPONSE),15.589775,73.8087733,0,STOP,At Fire Station Mapusa,Fire Station Mapusa
2025-12-23T00:02:41.215Z,GA 07 G 0307-PER(QUICK RESPONSE),15.7164939,73.7974239,0,INACTIVE,At Fire Station Pernem,Fire Station Pernem
2025-12-23T00:02:41.215Z,GA 07 G 2101-PER(MS WATER TENDER),15.7163717,73.7975772,0,STOP,At Fire Station Pernem,Fire Station Pernem
2025-12-23T00:02:41.215Z,GA 07 G 4600-PER(MINI RESCUE TENDER),15.7165206,73.7975167,0,STOP,At Fire Station Pernem,Fire Station Pernem
2025-12-23T00:02:41.215Z,GA 07 G 7272-PNJ(WATER TENDER),15.4875411,73.8176922,0,STOP,"Shenaz Shopping Centre, PWD office, 15, Lydia Gardens, St Inez Rd, Opp to, Santa Inez, Panaji, Goa (SW)",Fire Station Panaji
2025-12-23T00:02:41.215Z,GA07G2384- Cuncolim,15.1862206,74.0209944,0,STOP,At Fire Station Cuncolim,Fire Station Cuncolim
2025-12-23T00:02:41.215Z,GA07G2507 - Mid Size (Water Tender),15.7164733,73.7974933,0,STOP,At Fire Station Pernem,Fire Station Pernem
2025-12-23T00:02:41.215Z,GA07G2505 - Mid Size (Water Tender),15.530985,74.13868,0,STOP,At Fire Station Valpoi ,Fire Station Valpoi
2025-12-23T00:02:41.215Z,GA07G2504 - Mid Size (Water Tender),15.5890983,73.9465083,0,STOP,At Fire Station Bicholim ,Fire Station Bicholim
2025-12-23T00:02:41.215Z,GA07G2503-Mid Size (Water Tender),15.5900233,73.80865,0,STOP,At Fire Station Mapusa,Fire Station Mapusa
2025-12-23T00:02:41.215Z,GA07G2502 - Mid Size (Water Tender),15.4870233,73.8172283,0,STOP,"Caculo Mall, 16 Shanta, St Inez Rd, Caculo Enclave, Santa Inez, Panaji, Goa (NW)",Fire Force Headquarters
2025-12-23T00:03:46.825Z,GA 07 G 0680-PIL(QUICK RESPONSE VEHICLE),15.5329733,73.7939283,0,STOP,At Fire Station Pilerne,Fire Station Pilerne
2025-12-23T00:03:46.825Z,GA07G2506 - Mid Size (Water Tender),15.500348,73.914085,0,INACTIVE,At Fire Station Old Goa,Fire Station Old Goa
2025-12-23T00:03:46.825Z,GA 07 G 5115-POR(MINI WATER TENDER),15.522988,73.829384,0,STOP,At Porvorim Fire Station,Fire Station Porvorim
2025-12-23T00:03:46.825Z,GA 07 G 0350-MRG(WATER TENDER),15.269428,73.970604,0,STOP,At Fire Station Margoa,Fire Station Margao
2025-12-23T00:03:46.825Z,GA 07 G 2900-MAP(MINI RESCUE TENDER),15.589908,73.808716,0,STOP,At Fire Station Mapusa,Fire Station Mapusa
2025-12-23T00:03:46.825Z,GA 07 G 7600-FFHQ(WATER BOUSER),15.487103,73.817108,0,STOP,"Caculo Mall, 16 Shanta, St Inez Rd, Caculo Enclave, Santa Inez, Panaji, Goa (NW)",Fire Force Headquarters
2025-12-23T00:03:46.825Z,GA 07 G 2002-FFHQ(TURN TABLE LADDER),15.48742,73.817375,0,STOP,"Caculo Mall, 16 Shanta, St Inez Rd, Caculo Enclave, Santa Inez, Panaji, Goa (NW)",Fire Force Headquarters
2025-12-23T00:03:46.825Z,GA 07 G 7101-FFHQ(WATER TENDER),15.486877,73.817055,0,STOP,"Caculo Mall, 16 Shanta, St Inez Rd, Caculo Enclave, Santa Inez, Panaji, Goa (NW)",Fire Force Headquarters
2025-12-23T00:03:46.825Z,GA 07 G 7677-FFHQ(EMERGENCY RESCUE),15.48719,73.817192,0,STOP,"Caculo Mall, 16 Shanta, St Inez Rd, Caculo Enclave, Santa Inez, Panaji, Goa (NW)",Fire Force Headquarters
2025-12-23T00:03:46.825Z,GA 07 G 1121-PNJ(EMERGENCY RESCUE),15.487292,73.817276,0,STOP,"Caculo Mall, 16 Shanta, St Inez Rd, Caculo Enclave, Santa Inez, Panaji, Goa (NW)",Fire Station Panaji
2025-12-23T00:03:46.825Z,GA 07 G 1571-FFHQ(QUICK RESPONSE),15.48666,73.817444,0,STOP,"Caculo Mall, 16 Shanta, St Inez Rd, Caculo Enclave, Santa Inez, Panaji, Goa (NW)",Fire Force Headquarters
2025-12-23T00:03:46.825Z,GA 07 G 8101-MAP(WATER TENDER),15.589937,73.80867,0,STOP,At Fire Station Mapusa,Fire Station Mapusa
2025-12-23T00:03:46.825Z,GA 07 G 2317-MRG(EMERGENCY RESCUE TENDER),15.2694583,73.9701333,0,STOP,At Fire Station Margoa,Fire Station Margao
2025-12-23T00:03:46.825Z,GA 07 G 1570-VAS(QUICK RESPONSE FIRE TENDER),15.3887783,73.8513266,0,STOP,At Fire Station Vasco,Fire Station Vasco
2025-12-23T00:03:46.825Z,GA 07 G 4101-VAS(MS WATER TENDER),15.3890783,73.85092,0,STOP,At Fire Station Vasco,Fire Station Vasco
2025-12-23T00:03:46.825Z,GA 07 G 0819-VAS(WATER/FOAM TENDER),15.3888217,73.8512367,0,IDLE,At Fire Station Vasco,Fire Station Vasco
2025-12-23T00:03:46.825Z,GA 07 G 7100-MRG(WATER BOUSER),15.2694566,73.97006,0,STOP,At Fire Station Margoa,Fire Station Margao
2025-12-23T00:03:46.825Z,GA 07 G 1568-MRG(QUICK RESPONSE ),15.269325,73.9706466,0,STOP,At Fire Station Margoa,Fire Station Margao
2025-12-23T00:03:46.825Z,GA 07 G 6101-MRG(WATER TENDER),15.2693733,73.9701416,0,STOP,At Fire Station Margoa,Fire Station Margao
2025-12-23T00:03:46.825Z,GA 07 G 1001-MRG(AERIAL LADDER PLATFORM),15.2695583,73.969735,0,STOP,At Fire Station Margoa,Fire Station Margao
2025-12-23T00:03:46.825Z,GA 07 G 0820-BIC(WATER TEDNER),15.4027094,74.0029172,0,STOP,At Fire Station Ponda ,Fire Station Bicholim
2025-12-23T00:03:46.825Z,GA 07 G 5101-OLG(MS WATER TENDER),15.5003033,73.91403,0,STOP,At Fire Station Old Goa,Fire Station Old Goa
2025-12-23T00:03:46.825Z,GA 07 G 3101-BIC(MS WATER TENDER),15.5894383,73.9464766,0,STOP,At Fire Station Bicholim ,Fire Station Bicholim
2025-12-23T00:03:46.825Z,GA 07 G 1941-BIC(QUICK RESPONSE),15.5894533,73.9467033,0,STOP,At Fire Station Bicholim ,Fire Station Bicholim
2025-12-23T00:03:46.825Z,GA 07 G 2319-VAS (EMERGENCY RESCUE TENDER),15.3901916,73.8524983,0,STOP,"near melisa garage,NSD, Dabolim, Goa (SW)",Fire Station Vasco
2025-12-23T00:03:46.825Z,GA 07 G 3737-VAP(WATER TENDER),15.53099,74.1387199,0,STOP,At Fire Station Valpoi ,Fire Station Valpoi
2025-12-23T00:03:46.825Z,GA 07 G 2318-PND(EMERGENCY RESCUE TENDER),15.4028416,74.0028083,0,STOP,At Fire Station Ponda ,Fire Station Ponda
2025-12-23T00:03:46.825Z,GA 07 G 2004-PND(QUICK RESPONSE),15.4026666,74.0028483,0,STOP,At Fire Station Ponda ,Fire Station Ponda
2025-12-23T00:03:46.825Z,GA 07 G 9101-PND(WATER TENDER),15.402745,74.0028816,0,STOP,At Fire Station Ponda ,Fire Station Ponda
2025-12-23T00:03:46.825Z,GA 07 G 9797-PND(WATER BOUSER),15.402635,74.00284,0,STOP,At Fire Station Ponda ,Fire Station Ponda
2025-12-23T00:03:46.825Z,GA 07 G 6363-CAN(WATER TENDER),15.0236183,74.0440433,0,INACTIVE,"Canacona, The Lalitrajbaga ,Canacona, Canacona, Goa (NE)",Fire Station Canacona
2025-12-23T00:03:46.825Z,GA 07 G 1567-CAN(QUICK RESPONSE FT),15.0171383,74.0398266,32,INACTIVE,"Canacona, The Lalitrajbaga ,Canacona, Canacona, Goa (SW)",Fire Station Canacona
2025-12-23T00:03:46.825Z,GA 07 G 1569-VRN(QUICK RESPONSE),15.3699133,73.9355466,0,STOP,At Fire Station Verna,Fire Station Verna
2025-12-23T00:03:46.825Z,GA 07 G 9909-VRN(ADVANCE MULTI-PURPOSE),15.3695866,73.9351966,0,STOP,At Fire Station Verna,Fire Station Verna
2025-12-23T00:03:46.825Z,GA 07 G 1942-VAP(QUICK RESPONSE),15.5311233,74.1388183,0,STOP,At Fire Station Valpoi ,Fire Station Valpoi
2025-12-23T00:03:46.825Z,GA 07 G 2003-CUR(QUICK RESPONSE),15.2603983,74.1037033,0,STOP,At Fire Station Curchorem,Fire Station Curchorem
2025-12-23T00:03:46.825Z,GA 07 G 7447-CUR(EMERGENCY RESCUE),15.26048,74.1037033,0,STOP,At Fire Station Curchorem,Fire Station Curchorem
2025-12-23T00:03:46.825Z,GA 07 G 7557-CUR(WATER TENDER),15.26045,74.10345,0,STOP,At Fire Station Curchorem,Fire Station Curchorem
2025-12-23T00:03:46.825Z,GA 07 G 7667-CUR(WATER BOUSER),15.1454033,73.99108,0,STOP,"Shri Shantadurga fatarpekarin Temple, Fatorpa, Cuncolim, Goa (SW)",Fire Station Curchorem
2025-12-23T00:03:46.825Z,GA 07 G 4989-KUN(WATER TENDER),15.4635767,73.9722983,0,STOP,At Fire Station Kundaim,Fire Station Kundaim
2025-12-23T00:03:46.825Z,GA 07 G 2242-PIL(WATER TENDER),15.5328322,73.7941056,0,STOP,At Fire Station Pilerne,Fire Station Pilerne
2025-12-23T00:03:46.825Z,GA 07 G 0681-MAP(QUICK RESPONSE),15.589775,73.8087733,0,STOP,At Fire Station Mapusa,Fire Station Mapusa
2025-12-23T00:03:46.825Z,GA 07 G 0307-PER(QUICK RESPONSE),15.7164939,73.7974239,0,INACTIVE,At Fire Station Pernem,Fire Station Pernem
2025-12-23T00:03:46.825Z,GA 07 G 2101-PER(MS WATER TENDER),15.7163717,73.7975772,0,STOP,At Fire Station Pernem,Fire Station Pernem
2025-12-23T00:03:46.825Z,GA 07 G 4600-PER(MINI RESCUE TENDER),15.7165206,73.7975167,0,STOP,At Fire Station Pernem,Fire Station Pernem
2025-12-23T00:03:46.825Z,GA 07 G 7272-PNJ(WATER TENDER),15.4875411,73.8176922,0,STOP,"Shenaz Shopping Centre, PWD office, 15, Lydia Gardens, St Inez Rd, Opp to, Santa Inez, Panaji, Goa (SW)",Fire Station Panaji
2025-12-23T00:03:46.825Z,GA07G2384- Cuncolim,15.1862206,74.0209944,0,STOP,At Fire Station Cuncolim,Fire Station Cuncolim
2025-12-23T00:03:46.825Z,GA07G2507 - Mid Size (Water Tender),15.7164733,73.7974933,0,STOP,At Fire Station Pernem,Fire Station Pernem
2025-12-23T00:03:46.825Z,GA07G2505 - Mid Size (Water Tender),15.530985,74.13868,0,STOP,At Fire Station Valpoi ,Fire Station Valpoi
2025-12-23T00:03:46.825Z,GA07G2504 - Mid Size (Water Tender),15.5890983,73.9465083,0,STOP,At Fire Station Bicholim ,Fire Station Bicholim
2025-12-23T00:03:46.825Z,GA07G2503-Mid Size (Water Tender),15.5900233,73.80865,0,STOP,At Fire Station Mapusa,Fire Station Mapusa
2025-12-23T00:03:46.825Z,GA07G2502 - Mid Size (Water Tender),15.4870233,73.8172283,0,STOP,"Caculo Mall, 16 Shanta, St Inez Rd, Caculo Enclave, Santa Inez, Panaji, Goa (NW)",Fire Force Headquarters
2025-12-23T00:04:45.162Z,GA 07 G 0680-PIL(QUICK RESPONSE VEHICLE),15.5329733,73.7939283,0,STOP,At Fire Station Pilerne,Fire Station Pilerne
2025-12-23T00:04:45.162Z,GA07G2506 - Mid Size (Water Tender),15.500348,73.914085,0,INACTIVE,At Fire Station Old Goa,Fire Station Old Goa
2025-12-23T00:04:45.162Z,GA 07 G 5115-POR(MINI WATER TENDER),15.522988,73.829384,0,STOP,At Porvorim Fire Station,Fire Station Porvorim
2025-12-23T00:04:45.162Z,GA 07 G 0350-MRG(WATER TENDER),15.269428,73.970604,0,STOP,At Fire Station Margoa,Fire Station Margao
2025-12-23T00:04:45.162Z,GA 07 G 2900-MAP(MINI RESCUE TENDER),15.589908,73.808716,0,STOP,At Fire Station Mapusa,Fire Station Mapusa
2025-12-23T00:04:45.162Z,GA 07 G 7600-FFHQ(WATER BOUSER),15.487103,73.817108,0,STOP,"Caculo Mall, 16 Shanta, St Inez Rd, Caculo Enclave, Santa Inez, Panaji, Goa (NW)",Fire Force Headquarters
2025-12-23T00:04:45.162Z,GA 07 G 2002-FFHQ(TURN TABLE LADDER),15.48742,73.817375,0,STOP,"Caculo Mall, 16 Shanta, St Inez Rd, Caculo Enclave, Santa Inez, Panaji, Goa (NW)",Fire Force Headquarters
2025-12-23T00:04:45.162Z,GA 07 G 7101-FFHQ(WATER TENDER),15.486877,73.817055,0,STOP,"Caculo Mall, 16 Shanta, St Inez Rd, Caculo Enclave, Santa Inez, Panaji, Goa (NW)",Fire Force Headquarters
2025-12-23T00:04:45.162Z,GA 07 G 7677-FFHQ(EMERGENCY RESCUE),15.48719,73.817192,0,STOP,"Caculo Mall, 16 Shanta, St Inez Rd, Caculo Enclave, Santa Inez, Panaji, Goa (NW)",Fire Force Headquarters
2025-12-23T00:04:45.162Z,GA 07 G 1121-PNJ(EMERGENCY RESCUE),15.487292,73.817276,0,STOP,"Caculo Mall, 16 Shanta, St Inez Rd, Caculo Enclave, Santa Inez, Panaji, Goa (NW)",Fire Station Panaji
2025-12-23T00:04:45.162Z,GA 07 G 1571-FFHQ(QUICK RESPONSE),15.48666,73.817444,0,STOP,"Caculo Mall, 16 Shanta, St Inez Rd, Caculo Enclave, Santa Inez, Panaji, Goa (NW)",Fire Force Headquarters
2025-12-23T00:04:45.162Z,GA 07 G 8101-MAP(WATER TENDER),15.589937,73.80867,0,STOP,At Fire Station Mapusa,Fire Station Mapusa
2025-12-23T00:04:45.162Z,GA 07 G 2317-MRG(EMERGENCY RESCUE TENDER),15.2695699,73.9702316,1,STOP,At Fire Station Margoa,Fire Station Margao
2025-12-23T00:04:45.162Z,GA 07 G 1570-VAS(QUICK RESPONSE FIRE TENDER),15.3887783,73.8513266,0,STOP,At Fire Station Vasco,Fire Station Vasco
2025-12-23T00:04:45.162Z,GA 07 G 4101-VAS(MS WATER TENDER),15.3890783,73.85092,0,STOP,At Fire Station Vasco,Fire Station Vasco
2025-12-23T00:04:45.162Z,GA 07 G 0819-VAS(WATER/FOAM TENDER),15.3888217,73.8512367,0,IDLE,At Fire Station Vasco,Fire Station Vasco
2025-12-23T00:04:45.162Z,GA 07 G 7100-MRG(WATER BOUSER),15.2694566,73.97006,0,STOP,At Fire Station Margoa,Fire Station Margao
2025-12-23T00:04:45.162Z,GA 07 G 1568-MRG(QUICK RESPONSE ),15.269325,73.9706466,0,STOP,At Fire Station Margoa,Fire Station Margao
2025-12-23T00:04:45.162Z,GA 07 G 6101-MRG(WATER TENDER),15.2693733,73.9701416,0,STOP,At Fire Station Margoa,Fire Station Margao
2025-12-23T00:04:45.162Z,GA 07 G 1001-MRG(AERIAL LADDER PLATFORM),15.2695583,73.969735,0,STOP,At Fire Station Margoa,Fire Station Margao
2025-12-23T00:04:45.162Z,GA 07 G 0820-BIC(WATER TEDNER),15.4027094,74.0029172,0,STOP,At Fire Station Ponda ,Fire Station Bicholim
2025-12-23T00:04:45.162Z,GA 07 G 5101-OLG(MS WATER TENDER),15.5003033,73.91403,0,STOP,At Fire Station Old Goa,Fire Station Old Goa
2025-12-23T00:04:45.162Z,GA 07 G 3101-BIC(MS WATER TENDER),15.5894466,73.9464933,5,STOP,At Fire Station Bicholim ,Fire Station Bicholim
2025-12-23T00:04:45.162Z,GA 07 G 1941-BIC(QUICK RESPONSE),15.5894533,73.9467033,0,STOP,At Fire Station Bicholim ,Fire Station Bicholim
2025-12-23T00:04:45.162Z,GA 07 G 2319-VAS (EMERGENCY RESCUE TENDER),15.3901916,73.8524983,0,STOP,"near melisa garage,NSD, Dabolim, Goa (SW)",Fire Station Vasco
2025-12-23T00:04:45.162Z,GA 07 G 3737-VAP(WATER TENDER),15.53099,74.1387199,0,STOP,At Fire Station Valpoi ,Fire Station Valpoi
2025-12-23T00:04:45.162Z,GA 07 G 2318-PND(EMERGENCY RESCUE TENDER),15.4028416,74.0028083,0,STOP,At Fire Station Ponda ,Fire Station Ponda
2025-12-23T00:04:45.162Z,GA 07 G 2004-PND(QUICK RESPONSE),15.4026666,74.0028483,0,STOP,At Fire Station Ponda ,Fire Station Ponda
2025-12-23T00:04:45.162Z,GA 07 G 9101-PND(WATER TENDER),15.402745,74.0028816,0,STOP,At Fire Station Ponda ,Fire Station Ponda
2025-12-23T00:04:45.162Z,GA 07 G 9797-PND(WATER BOUSER),15.402635,74.00284,0,STOP,At Fire Station Ponda ,Fire Station Ponda
2025-12-23T00:04:45.162Z,GA 07 G 6363-CAN(WATER TENDER),15.0236183,74.0440433,0,INACTIVE,"Canacona, The Lalitrajbaga ,Canacona, Canacona, Goa (NE)",Fire Station Canacona
2025-12-23T00:04:45.162Z,GA 07 G 1567-CAN(QUICK RESPONSE FT),15.0171383,74.0398266,32,INACTIVE,"Canacona, The Lalitrajbaga ,Canacona, Canacona, Goa (SW)",Fire Station Canacona
2025-12-23T00:04:45.162Z,GA 07 G 1569-VRN(QUICK RESPONSE),15.3699133,73.9355466,0,STOP,At Fire Station Verna,Fire Station Verna
2025-12-23T00:04:45.162Z,GA 07 G 9909-VRN(ADVANCE MULTI-PURPOSE),15.3695866,73.9351966,0,STOP,At Fire Station Verna,Fire Station Verna
2025-12-23T00:04:45.162Z,GA 07 G 1942-VAP(QUICK RESPONSE),15.5311233,74.1388183,0,STOP,At Fire Station Valpoi ,Fire Station Valpoi
2025-12-23T00:04:45.162Z,GA 07 G 2003-CUR(QUICK RESPONSE),15.2603983,74.1037033,0,STOP,At Fire Station Curchorem,Fire Station Curchorem
2025-12-23T00:04:45.162Z,GA 07 G 7447-CUR(EMERGENCY RESCUE),15.26048,74.1037033,0,STOP,At Fire Station Curchorem,Fire Station Curchorem
2025-12-23T00:04:45.162Z,GA 07 G 7557-CUR(WATER TENDER),15.26045,74.10345,0,STOP,At Fire Station Curchorem,Fire Station Curchorem
2025-12-23T00:04:45.162Z,GA 07 G 7667-CUR(WATER BOUSER),15.1454033,73.99108,0,STOP,"Shri Shantadurga fatarpekarin Temple, Fatorpa, Cuncolim, Goa (SW)",Fire Station Curchorem
2025-12-23T00:04:45.162Z,GA 07 G 4989-KUN(WATER TENDER),15.4635767,73.9722983,0,STOP,At Fire Station Kundaim,Fire Station Kundaim
2025-12-23T00:04:45.162Z,GA 07 G 2242-PIL(WATER TENDER),15.5328322,73.7941056,0,STOP,At Fire Station Pilerne,Fire Station Pilerne
2025-12-23T00:04:45.162Z,GA 07 G 0681-MAP(QUICK RESPONSE),15.589775,73.8087733,0,STOP,At Fire Station Mapusa,Fire Station Mapusa
2025-12-23T00:04:45.162Z,GA 07 G 0307-PER(QUICK RESPONSE),15.7164939,73.7974239,0,INACTIVE,At Fire Station Pernem,Fire Station Pernem
2025-12-23T00:04:45.162Z,GA 07 G 2101-PER(MS WATER TENDER),15.7163717,73.7975772,0,STOP,At Fire Station Pernem,Fire Station Pernem
2025-12-23T00:04:45.162Z,GA 07 G 4600-PER(MINI RESCUE TENDER),15.7165206,73.7975167,0,STOP,At Fire Station Pernem,Fire Station Pernem
2025-12-23T00:04:45.162Z,GA 07 G 7272-PNJ(WATER TENDER),15.4875411,73.8176922,0,STOP,"Shenaz Shopping Centre, PWD office, 15, Lydia Gardens, St Inez Rd, Opp to, Santa Inez, Panaji, Goa (SW)",Fire Station Panaji
2025-12-23T00:04:45.162Z,GA07G2384- Cuncolim,15.1862206,74.0209944,0,STOP,At Fire Station Cuncolim,Fire Station Cuncolim
2025-12-23T00:04:45.162Z,GA07G2507 - Mid Size (Water Tender),15.7164733,73.7974933,0,STOP,At Fire Station Pernem,Fire Station Pernem
2025-12-23T00:04:45.162Z,GA07G2505 - Mid Size (Water Tender),15.530985,74.13868,0,STOP,At Fire Station Valpoi ,Fire Station Valpoi
2025-12-23T00:04:45.162Z,GA07G2504 - Mid Size (Water Tender),15.5890983,73.9465083,0,STOP,At Fire Station Bicholim ,Fire Station Bicholim
2025-12-23T00:04:45.162Z,GA07G2503-Mid Size (Water Tender),15.5900233,73.80865,0,STOP,At Fire Station Mapusa,Fire Station Mapusa
2025-12-23T00:04:45.162Z,GA07G2502 - Mid Size (Water Tender),15.4870233,73.8172283,0,STOP,"Caculo Mall, 16 Shanta, St Inez Rd, Caculo Enclave, Santa Inez, Panaji, Goa (NW)",Fire Force Headquarters
2025-12-23T00:05:48.498Z,GA 07 G 0680-PIL(QUICK RESPONSE VEHICLE),15.5329733,73.7939283,0,STOP,At Fire Station Pilerne,Fire Station Pilerne
2025-12-23T00:05:48.498Z,GA07G2506 - Mid Size (Water Tender),15.500348,73.914085,0,INACTIVE,At Fire Station Old Goa,Fire Station Old Goa
2025-12-23T00:05:48.498Z,GA 07 G 5115-POR(MINI WATER TENDER),15.522988,73.829384,0,STOP,At Porvorim Fire Station,Fire Station Porvorim
2025-12-23T00:05:48.498Z,GA 07 G 0350-MRG(WATER TENDER),15.269428,73.970604,0,STOP,At Fire Station Margoa,Fire Station Margao
2025-12-23T00:05:48.498Z,GA 07 G 2900-MAP(MINI RESCUE TENDER),15.589908,73.808716,0,STOP,At Fire Station Mapusa,Fire Station Mapusa
2025-12-23T00:05:48.498Z,GA 07 G 7600-FFHQ(WATER BOUSER),15.487103,73.817108,0,STOP,"Caculo Mall, 16 Shanta, St Inez Rd, Caculo Enclave, Santa Inez, Panaji, Goa (NW)",Fire Force Headquarters
2025-12-23T00:05:48.498Z,GA 07 G 2002-FFHQ(TURN TABLE LADDER),15.48742,73.817375,0,STOP,"Caculo Mall, 16 Shanta, St Inez Rd, Caculo Enclave, Santa Inez, Panaji, Goa (NW)",Fire Force Headquarters
2025-12-23T00:05:48.498Z,GA 07 G 7101-FFHQ(WATER TENDER),15.486877,73.817055,0,STOP,"Caculo Mall, 16 Shanta, St Inez Rd, Caculo Enclave, Santa Inez, Panaji, Goa (NW)",Fire Force Headquarters
2025-12-23T00:05:48.498Z,GA 07 G 7677-FFHQ(EMERGENCY RESCUE),15.48719,73.817192,0,STOP,"Caculo Mall, 16 Shanta, St Inez Rd, Caculo Enclave, Santa Inez, Panaji, Goa (NW)",Fire Force Headquarters
2025-12-23T00:05:48.498Z,GA 07 G 1121-PNJ(EMERGENCY RESCUE),15.487292,73.817276,0,STOP,"Caculo Mall, 16 Shanta, St Inez Rd, Caculo Enclave, Santa Inez, Panaji, Goa (NW)",Fire Station Panaji
2025-12-23T00:05:48.498Z,GA 07 G 1571-FFHQ(QUICK RESPONSE),15.48666,73.817444,0,STOP,"Caculo Mall, 16 Shanta, St Inez Rd, Caculo Enclave, Santa Inez, Panaji, Goa (NW)",Fire Force Headquarters
2025-12-23T00:05:48.498Z,GA 07 G 8101-MAP(WATER TENDER),15.589937,73.80867,0,STOP,At Fire Station Mapusa,Fire Station Mapusa
2025-12-23T00:05:48.498Z,GA 07 G 2317-MRG(EMERGENCY RESCUE TENDER),15.2694516,73.9700766,0,STOP,At Fire Station Margoa,Fire Station Margao
2025-12-23T00:05:48.498Z,GA 07 G 1570-VAS(QUICK RESPONSE FIRE TENDER),15.3887783,73.8513266,0,STOP,At Fire Station Vasco,Fire Station Vasco
2025-12-23T00:05:48.498Z,GA 07 G 4101-VAS(MS WATER TENDER),15.3890783,73.85092,0,STOP,At Fire Station Vasco,Fire Station Vasco
2025-12-23T00:05:48.498Z,GA 07 G 0819-VAS(WATER/FOAM TENDER),15.3888217,73.8512367,0,IDLE,At Fire Station Vasco,Fire Station Vasco
2025-12-23T00:05:48.498Z,GA 07 G 7100-MRG(WATER BOUSER),15.2694566,73.97006,0,STOP,At Fire Station Margoa,Fire Station Margao
2025-12-23T00:05:48.498Z,GA 07 G 1568-MRG(QUICK RESPONSE ),15.269325,73.9706466,0,STOP,At Fire Station Margoa,Fire Station Margao
2025-12-23T00:05:48.498Z,GA 07 G 6101-MRG(WATER TENDER),15.2693733,73.9701416,0,STOP,At Fire Station Margoa,Fire Station Margao
2025-12-23T00:05:48.498Z,GA 07 G 1001-MRG(AERIAL LADDER PLATFORM),15.2695583,73.969735,0,STOP,At Fire Station Margoa,Fire Station Margao
2025-12-23T00:05:48.498Z,GA 07 G 0820-BIC(WATER TEDNER),15.4027094,74.0029172,0,STOP,At Fire Station Ponda ,Fire Station Bicholim
2025-12-23T00:05:48.498Z,GA 07 G 5101-OLG(MS WATER TENDER),15.5003033,73.91403,0,STOP,At Fire Station Old Goa,Fire Station Old Goa
2025-12-23T00:05:48.498Z,GA 07 G 3101-BIC(MS WATER TENDER),15.5893983,73.9464683,0,STOP,At Fire Station Bicholim ,Fire Station Bicholim
2025-12-23T00:05:48.498Z,GA 07 G 1941-BIC(QUICK RESPONSE),15.5894533,73.9467033,0,STOP,At Fire Station Bicholim ,Fire Station Bicholim
2025-12-23T00:05:48.498Z,GA 07 G 2319-VAS (EMERGENCY RESCUE TENDER),15.3901916,73.8524983,0,STOP,"near melisa garage,NSD, Dabolim, Goa (SW)",Fire Station Vasco
2025-12-23T00:05:48.498Z,GA 07 G 3737-VAP(WATER TENDER),15.53099,74.1387199,0,STOP,At Fire Station Valpoi ,Fire Station Valpoi
2025-12-23T00:05:48.498Z,GA 07 G 2318-PND(EMERGENCY RESCUE TENDER),15.4028416,74.0028083,0,STOP,At Fire Station Ponda ,Fire Station Ponda
2025-12-23T00:05:48.498Z,GA 07 G 2004-PND(QUICK RESPONSE),15.4026666,74.0028483,0,STOP,At Fire Station Ponda ,Fire Station Ponda
2025-12-23T00:05:48.498Z,GA 07 G 9101-PND(WATER TENDER),15.402745,74.0028816,0,STOP,At Fire Station Ponda ,Fire Station Ponda
2025-12-23T00:05:48.498Z,GA 07 G 9797-PND(WATER BOUSER),15.402635,74.00284,0,STOP,At Fire Station Ponda ,Fire Station Ponda
2025-12-23T00:05:48.498Z,GA 07 G 6363-CAN(WATER TENDER),15.0236183,74.0440433,0,INACTIVE,"Canacona, The Lalitrajbaga ,Canacona, Canacona, Goa (NE)",Fire Station Canacona
2025-12-23T00:05:48.498Z,GA 07 G 1567-CAN(QUICK RESPONSE FT),15.0171383,74.0398266,32,INACTIVE,"Canacona, The Lalitrajbaga ,Canacona, Canacona, Goa (SW)",Fire Station Canacona
2025-12-23T00:05:48.498Z,GA 07 G 1569-VRN(QUICK RESPONSE),15.3699133,73.9355466,0,STOP,At Fire Station Verna,Fire Station Verna
2025-12-23T00:05:48.498Z,GA 07 G 9909-VRN(ADVANCE MULTI-PURPOSE),15.3695866,73.9351966,0,STOP,At Fire Station Verna,Fire Station Verna
2025-12-23T00:05:48.498Z,GA 07 G 1942-VAP(QUICK RESPONSE),15.5311233,74.1388183,0,STOP,At Fire Station Valpoi ,Fire Station Valpoi
2025-12-23T00:05:48.498Z,GA 07 G 2003-CUR(QUICK RESPONSE),15.2603983,74.1037033,0,STOP,At Fire Station Curchorem,Fire Station Curchorem
2025-12-23T00:05:48.498Z,GA 07 G 7447-CUR(EMERGENCY RESCUE),15.26048,74.1037033,0,STOP,At Fire Station Curchorem,Fire Station Curchorem
2025-12-23T00:05:48.498Z,GA 07 G 7557-CUR(WATER TENDER),15.26045,74.10345,0,STOP,At Fire Station Curchorem,Fire Station Curchorem
2025-12-23T00:05:48.498Z,GA 07 G 7667-CUR(WATER BOUSER),15.1454033,73.99108,0,STOP,"Shri Shantadurga fatarpekarin Temple, Fatorpa, Cuncolim, Goa (SW)",Fire Station Curchorem
2025-12-23T00:05:48.498Z,GA 07 G 4989-KUN(WATER TENDER),15.4635767,73.9722983,0,STOP,At Fire Station Kundaim,Fire Station Kundaim
2025-12-23T00:05:48.498Z,GA 07 G 2242-PIL(WATER TENDER),15.5328322,73.7941056,0,STOP,At Fire Station Pilerne,Fire Station Pilerne
2025-12-23T00:05:48.498Z,GA 07 G 0681-MAP(QUICK RESPONSE),15.589775,73.8087733,0,STOP,At Fire Station Mapusa,Fire Station Mapusa
2025-12-23T00:05:48.498Z,GA 07 G 0307-PER(QUICK RESPONSE),15.7164939,73.7974239,0,INACTIVE,At Fire Station Pernem,Fire Station Pernem
2025-12-23T00:05:48.498Z,GA 07 G 2101-PER(MS WATER TENDER),15.7163717,73.7975772,0,STOP,At Fire Station Pernem,Fire Station Pernem
2025-12-23T00:05:48.498Z,GA 07 G 4600-PER(MINI RESCUE TENDER),15.7165206,73.7975167,0,STOP,At Fire Station Pernem,Fire Station Pernem
2025-12-23T00:05:48.498Z,GA 07 G 7272-PNJ(WATER TENDER),15.4875411,73.8176922,0,STOP,"Shenaz Shopping Centre, PWD office, 15, Lydia Gardens, St Inez Rd, Opp to, Santa Inez, Panaji, Goa (SW)",Fire Station Panaji
2025-12-23T00:05:48.498Z,GA07G2384- Cuncolim,15.1862206,74.0209944,0,STOP,At Fire Station Cuncolim,Fire Station Cuncolim
2025-12-23T00:05:48.498Z,GA07G2507 - Mid Size (Water Tender),15.7164733,73.7974933,0,STOP,At Fire Station Pernem,Fire Station Pernem
2025-12-23T00:05:48.498Z,GA07G2505 - Mid Size (Water Tender),15.530985,74.13868,0,STOP,At Fire Station Valpoi ,Fire Station Valpoi
2025-12-23T00:05:48.498Z,GA07G2504 - Mid Size (Water Tender),15.5890983,73.9465083,0,STOP,At Fire Station Bicholim ,Fire Station Bicholim
2025-12-23T00:05:48.498Z,GA07G2503-Mid Size (Water Tender),15.5900233,73.80865,0,STOP,At Fire Station Mapusa,Fire Station Mapusa
2025-12-23T00:05:48.498Z,GA07G2502 - Mid Size (Water Tender),15.4870233,73.8172283,0,STOP,"Caculo Mall, 16 Shanta, St Inez Rd, Caculo Enclave, Santa Inez, Panaji, Goa (NW)",Fire Force Headquarters
2025-12-23T00:06:43.129Z,GA 07 G 0680-PIL(QUICK RESPONSE VEHICLE),15.5329733,73.7939283,0,STOP,At Fire Station Pilerne,Fire Station Pilerne
2025-12-23T00:06:43.129Z,GA07G2506 - Mid Size (Water Tender),15.500348,73.914085,0,INACTIVE,At Fire Station Old Goa,Fire Station Old Goa
2025-12-23T00:06:43.129Z,GA 07 G 5115-POR(MINI WATER TENDER),15.522988,73.829384,0,STOP,At Porvorim Fire Station,Fire Station Porvorim
2025-12-23T00:06:43.129Z,GA 07 G 0350-MRG(WATER TENDER),15.269428,73.970604,0,STOP,At Fire Station Margoa,Fire Station Margao
2025-12-23T00:06:43.129Z,GA 07 G 2900-MAP(MINI RESCUE TENDER),15.589908,73.808716,0,STOP,At Fire Station Mapusa,Fire Station Mapusa
2025-12-23T00:06:43.129Z,GA 07 G 7600-FFHQ(WATER BOUSER),15.487103,73.817108,0,STOP,"Caculo Mall, 16 Shanta, St Inez Rd, Caculo Enclave, Santa Inez, Panaji, Goa (NW)",Fire Force Headquarters
2025-12-23T00:06:43.129Z,GA 07 G 2002-FFHQ(TURN TABLE LADDER),15.48742,73.817375,0,STOP,"Caculo Mall, 16 Shanta, St Inez Rd, Caculo Enclave, Santa Inez, Panaji, Goa (NW)",Fire Force Headquarters
2025-12-23T00:06:43.129Z,GA 07 G 7101-FFHQ(WATER TENDER),15.486877,73.817055,0,STOP,"Caculo Mall, 16 Shanta, St Inez Rd, Caculo Enclave, Santa Inez, Panaji, Goa (NW)",Fire Force Headquarters
2025-12-23T00:06:43.129Z,GA 07 G 7677-FFHQ(EMERGENCY RESCUE),15.48719,73.817192,0,STOP,"Caculo Mall, 16 Shanta, St Inez Rd, Caculo Enclave, Santa Inez, Panaji, Goa (NW)",Fire Force Headquarters
2025-12-23T00:06:43.129Z,GA 07 G 1121-PNJ(EMERGENCY RESCUE),15.487292,73.817276,0,STOP,"Caculo Mall, 16 Shanta, St Inez Rd, Caculo Enclave, Santa Inez, Panaji, Goa (NW)",Fire Station Panaji
2025-12-23T00:06:43.129Z,GA 07 G 1571-FFHQ(QUICK RESPONSE),15.48666,73.817444,0,STOP,"Caculo Mall, 16 Shanta, St Inez Rd, Caculo Enclave, Santa Inez, Panaji, Goa (NW)",Fire Force Headquarters
2025-12-23T00:06:43.129Z,GA 07 G 8101-MAP(WATER TENDER),15.589937,73.80867,0,STOP,At Fire Station Mapusa,Fire Station Mapusa
2025-12-23T00:06:43.129Z,GA 07 G 2317-MRG(EMERGENCY RESCUE TENDER),15.269495,73.9700766,1,STOP,At Fire Station Margoa,Fire Station Margao
2025-12-23T00:06:43.129Z,GA 07 G 1570-VAS(QUICK RESPONSE FIRE TENDER),15.3887783,73.8513266,0,STOP,At Fire Station Vasco,Fire Station Vasco
2025-12-23T00:06:43.129Z,GA 07 G 4101-VAS(MS WATER TENDER),15.3890783,73.85092,0,STOP,At Fire Station Vasco,Fire Station Vasco
2025-12-23T00:06:43.129Z,GA 07 G 0819-VAS(WATER/FOAM TENDER),15.3888217,73.8512367,0,IDLE,At Fire Station Vasco,Fire Station Vasco
2025-12-23T00:06:43.129Z,GA 07 G 7100-MRG(WATER BOUSER),15.2694566,73.97006,0,STOP,At Fire Station Margoa,Fire Station Margao
2025-12-23T00:06:43.129Z,GA 07 G 1568-MRG(QUICK RESPONSE ),15.269325,73.9706466,0,STOP,At Fire Station Margoa,Fire Station Margao
2025-12-23T00:06:43.129Z,GA 07 G 6101-MRG(WATER TENDER),15.2693733,73.9701416,0,STOP,At Fire Station Margoa,Fire Station Margao
2025-12-23T00:06:43.129Z,GA 07 G 1001-MRG(AERIAL LADDER PLATFORM),15.2695583,73.969735,0,STOP,At Fire Station Margoa,Fire Station Margao
2025-12-23T00:06:43.129Z,GA 07 G 0820-BIC(WATER TEDNER),15.4027094,74.0029172,0,STOP,At Fire Station Ponda ,Fire Station Bicholim
2025-12-23T00:06:43.129Z,GA 07 G 5101-OLG(MS WATER TENDER),15.5003033,73.91403,0,STOP,At Fire Station Old Goa,Fire Station Old Goa
2025-12-23T00:06:43.129Z,GA 07 G 3101-BIC(MS WATER TENDER),15.5893983,73.9464683,0,STOP,At Fire Station Bicholim ,Fire Station Bicholim
2025-12-23T00:06:43.129Z,GA 07 G 1941-BIC(QUICK RESPONSE),15.5894533,73.9467033,0,STOP,At Fire Station Bicholim ,Fire Station Bicholim
2025-12-23T00:06:43.129Z,GA 07 G 2319-VAS (EMERGENCY RESCUE TENDER),15.3901916,73.8524983,0,STOP,"near melisa garage,NSD, Dabolim, Goa (SW)",Fire Station Vasco
2025-12-23T00:06:43.129Z,GA 07 G 3737-VAP(WATER TENDER),15.53099,74.1387199,0,STOP,At Fire Station Valpoi ,Fire Station Valpoi
2025-12-23T00:06:43.129Z,GA 07 G 2318-PND(EMERGENCY RESCUE TENDER),15.4028416,74.0028083,0,STOP,At Fire Station Ponda ,Fire Station Ponda
2025-12-23T00:06:43.129Z,GA 07 G 2004-PND(QUICK RESPONSE),15.4026666,74.0028483,0,STOP,At Fire Station Ponda ,Fire Station Ponda
2025-12-23T00:06:43.129Z,GA 07 G 9101-PND(WATER TENDER),15.402745,74.0028816,0,STOP,At Fire Station Ponda ,Fire Station Ponda
2025-12-23T00:06:43.129Z,GA 07 G 9797-PND(WATER BOUSER),15.402635,74.00284,0,STOP,At Fire Station Ponda ,Fire Station Ponda
2025-12-23T00:06:43.129Z,GA 07 G 6363-CAN(WATER TENDER),15.0236183,74.0440433,0,INACTIVE,"Canacona, The Lalitrajbaga ,Canacona, Canacona, Goa (NE)",Fire Station Canacona
2025-12-23T00:06:43.129Z,GA 07 G 1567-CAN(QUICK RESPONSE FT),15.0171383,74.0398266,32,INACTIVE,"Canacona, The Lalitrajbaga ,Canacona, Canacona, Goa (SW)",Fire Station Canacona
2025-12-23T00:06:43.129Z,GA 07 G 1569-VRN(QUICK RESPONSE),15.3699133,73.9355466,0,STOP,At Fire Station Verna,Fire Station Verna
2025-12-23T00:06:43.129Z,GA 07 G 9909-VRN(ADVANCE MULTI-PURPOSE),15.3695866,73.9351966,0,STOP,At Fire Station Verna,Fire Station Verna
2025-12-23T00:06:43.129Z,GA 07 G 1942-VAP(QUICK RESPONSE),15.5311233,74.1388183,0,STOP,At Fire Station Valpoi ,Fire Station Valpoi
2025-12-23T00:06:43.129Z,GA 07 G 2003-CUR(QUICK RESPONSE),15.2603983,74.1037033,0,STOP,At Fire Station Curchorem,Fire Station Curchorem
2025-12-23T00:06:43.129Z,GA 07 G 7447-CUR(EMERGENCY RESCUE),15.26048,74.1037033,0,STOP,At Fire Station Curchorem,Fire Station Curchorem
2025-12-23T00:06:43.129Z,GA 07 G 7557-CUR(WATER TENDER),15.26045,74.10345,0,STOP,At Fire Station Curchorem,Fire Station Curchorem
2025-12-23T00:06:43.129Z,GA 07 G 7667-CUR(WATER BOUSER),15.1454033,73.99108,0,STOP,"Shri Shantadurga fatarpekarin Temple, Fatorpa, Cuncolim, Goa (SW)",Fire Station Curchorem
2025-12-23T00:06:43.129Z,GA 07 G 4989-KUN(WATER TENDER),15.4635767,73.9722983,0,STOP,At Fire Station Kundaim,Fire Station Kundaim
2025-12-23T00:06:43.129Z,GA 07 G 2242-PIL(WATER TENDER),15.5328322,73.7941056,0,STOP,At Fire Station Pilerne,Fire Station Pilerne
2025-12-23T00:06:43.129Z,GA 07 G 0681-MAP(QUICK RESPONSE),15.589775,73.8087733,0,STOP,At Fire Station Mapusa,Fire Station Mapusa
2025-12-23T00:06:43.129Z,GA 07 G 0307-PER(QUICK RESPONSE),15.7164939,73.7974239,0,INACTIVE,At Fire Station Pernem,Fire Station Pernem
2025-12-23T00:06:43.129Z,GA 07 G 2101-PER(MS WATER TENDER),15.7163717,73.7975772,0,STOP,At Fire Station Pernem,Fire Station Pernem
2025-12-23T00:06:43.129Z,GA 07 G 4600-PER(MINI RESCUE TENDER),15.7165206,73.7975167,0,STOP,At Fire Station Pernem,Fire Station Pernem
2025-12-23T00:06:43.129Z,GA 07 G 7272-PNJ(WATER TENDER),15.4875411,73.8176922,0,STOP,"Shenaz Shopping Centre, PWD office, 15, Lydia Gardens, St Inez Rd, Opp to, Santa Inez, Panaji, Goa (SW)",Fire Station Panaji
2025-12-23T00:06:43.129Z,GA07G2384- Cuncolim,15.1862206,74.0209944,0,STOP,At Fire Station Cuncolim,Fire Station Cuncolim
2025-12-23T00:06:43.129Z,GA07G2507 - Mid Size (Water Tender),15.7164733,73.7974933,0,STOP,At Fire Station Pernem,Fire Station Pernem
2025-12-23T00:06:43.129Z,GA07G2505 - Mid Size (Water Tender),15.530985,74.13868,0,STOP,At Fire Station Valpoi ,Fire Station Valpoi
2025-12-23T00:06:43.129Z,GA07G2504 - Mid Size (Water Tender),15.5890983,73.9465083,0,STOP,At Fire Station Bicholim ,Fire Station Bicholim
2025-12-23T00:06:43.129Z,GA07G2503-Mid Size (Water Tender),15.5900233,73.80865,0,STOP,At Fire Station Mapusa,Fire Station Mapusa
2025-12-23T00:06:43.129Z,GA07G2502 - Mid Size (Water Tender),15.4870233,73.8172283,0,STOP,"Caculo Mall, 16 Shanta, St Inez Rd, Caculo Enclave, Santa Inez, Panaji, Goa (NW)",Fire Force Headquarters
2025-12-23T00:07:45.759Z,GA 07 G 0680-PIL(QUICK RESPONSE VEHICLE),15.5329733,73.7939283,0,STOP,At Fire Station Pilerne,Fire Station Pilerne
2025-12-23T00:07:45.759Z,GA07G2506 - Mid Size (Water Tender),15.500348,73.914085,0,INACTIVE,At Fire Station Old Goa,Fire Station Old Goa
2025-12-23T00:07:45.759Z,GA 07 G 5115-POR(MINI WATER TENDER),15.522988,73.829384,0,STOP,At Porvorim Fire Station,Fire Station Porvorim
2025-12-23T00:07:45.759Z,GA 07 G 0350-MRG(WATER TENDER),15.269428,73.970604,0,STOP,At Fire Station Margoa,Fire Station Margao
2025-12-23T00:07:45.759Z,GA 07 G 2900-MAP(MINI RESCUE TENDER),15.589908,73.808716,0,STOP,At Fire Station Mapusa,Fire Station Mapusa
2025-12-23T00:07:45.759Z,GA 07 G 7600-FFHQ(WATER BOUSER),15.487103,73.817108,0,STOP,"Caculo Mall, 16 Shanta, St Inez Rd, Caculo Enclave, Santa Inez, Panaji, Goa (NW)",Fire Force Headquarters
2025-12-23T00:07:45.759Z,GA 07 G 2002-FFHQ(TURN TABLE LADDER),15.48742,73.817375,0,STOP,"Caculo Mall, 16 Shanta, St Inez Rd, Caculo Enclave, Santa Inez, Panaji, Goa (NW)",Fire Force Headquarters
2025-12-23T00:07:45.759Z,GA 07 G 7101-FFHQ(WATER TENDER),15.486877,73.817055,0,STOP,"Caculo Mall, 16 Shanta, St Inez Rd, Caculo Enclave, Santa Inez, Panaji, Goa (NW)",Fire Force Headquarters
2025-12-23T00:07:45.759Z,GA 07 G 7677-FFHQ(EMERGENCY RESCUE),15.48719,73.817192,0,STOP,"Caculo Mall, 16 Shanta, St Inez Rd, Caculo Enclave, Santa Inez, Panaji, Goa (NW)",Fire Force Headquarters
2025-12-23T00:07:45.759Z,GA 07 G 1121-PNJ(EMERGENCY RESCUE),15.487292,73.817276,0,STOP,"Caculo Mall, 16 Shanta, St Inez Rd, Caculo Enclave, Santa Inez, Panaji, Goa (NW)",Fire Station Panaji
2025-12-23T00:07:45.759Z,GA 07 G 1571-FFHQ(QUICK RESPONSE),15.48666,73.817444,0,STOP,"Caculo Mall, 16 Shanta, St Inez Rd, Caculo Enclave, Santa Inez, Panaji, Goa (NW)",Fire Force Headquarters
2025-12-23T00:07:45.759Z,GA 07 G 8101-MAP(WATER TENDER),15.589937,73.80867,0,STOP,At Fire Station Mapusa,Fire Station Mapusa
2025-12-23T00:07:45.759Z,GA 07 G 2317-MRG(EMERGENCY RESCUE TENDER),15.269495,73.9700766,4,STOP,At Fire Station Margoa,Fire Station Margao
2025-12-23T00:07:45.759Z,GA 07 G 1570-VAS(QUICK RESPONSE FIRE TENDER),15.3887783,73.8513266,0,STOP,At Fire Station Vasco,Fire Station Vasco
2025-12-23T00:07:45.759Z,GA 07 G 4101-VAS(MS WATER TENDER),15.3890783,73.85092,0,STOP,At Fire Station Vasco,Fire Station Vasco
2025-12-23T00:07:45.759Z,GA 07 G 0819-VAS(WATER/FOAM TENDER),15.3888217,73.8512367,0,IDLE,At Fire Station Vasco,Fire Station Vasco
2025-12-23T00:07:45.759Z,GA 07 G 7100-MRG(WATER BOUSER),15.2694566,73.97006,0,STOP,At Fire Station Margoa,Fire Station Margao
2025-12-23T00:07:45.759Z,GA 07 G 1568-MRG(QUICK RESPONSE ),15.269325,73.9706466,0,STOP,At Fire Station Margoa,Fire Station Margao
2025-12-23T00:07:45.759Z,GA 07 G 6101-MRG(WATER TENDER),15.2693733,73.9701416,0,STOP,At Fire Station Margoa,Fire Station Margao
2025-12-23T00:07:45.759Z,GA 07 G 1001-MRG(AERIAL LADDER PLATFORM),15.2695583,73.969735,0,STOP,At Fire Station Margoa,Fire Station Margao
2025-12-23T00:07:45.759Z,GA 07 G 0820-BIC(WATER TEDNER),15.4027094,74.0029172,0,STOP,At Fire Station Ponda ,Fire Station Bicholim
2025-12-23T00:07:45.759Z,GA 07 G 5101-OLG(MS WATER TENDER),15.5003033,73.91403,0,STOP,At Fire Station Old Goa,Fire Station Old Goa
2025-12-23T00:07:45.759Z,GA 07 G 3101-BIC(MS WATER TENDER),15.5893983,73.9464683,0,STOP,At Fire Station Bicholim ,Fire Station Bicholim
2025-12-23T00:07:45.759Z,GA 07 G 1941-BIC(QUICK RESPONSE),15.5894533,73.9467033,0,STOP,At Fire Station Bicholim ,Fire Station Bicholim
2025-12-23T00:07:45.759Z,GA 07 G 2319-VAS (EMERGENCY RESCUE TENDER),15.3901916,73.8524983,0,STOP,"near melisa garage,NSD, Dabolim, Goa (SW)",Fire Station Vasco
2025-12-23T00:07:45.759Z,GA 07 G 3737-VAP(WATER TENDER),15.53099,74.1387199,0,STOP,At Fire Station Valpoi ,Fire Station Valpoi
2025-12-23T00:07:45.759Z,GA 07 G 2318-PND(EMERGENCY RESCUE TENDER),15.4028416,74.0028083,0,STOP,At Fire Station Ponda ,Fire Station Ponda
2025-12-23T00:07:45.759Z,GA 07 G 2004-PND(QUICK RESPONSE),15.4026666,74.0028483,0,STOP,At Fire Station Ponda ,Fire Station Ponda
2025-12-23T00:07:45.759Z,GA 07 G 9101-PND(WATER TENDER),15.402745,74.0028816,0,STOP,At Fire Station Ponda ,Fire Station Ponda
2025-12-23T00:07:45.759Z,GA 07 G 9797-PND(WATER BOUSER),15.402635,74.00284,0,STOP,At Fire Station Ponda ,Fire Station Ponda
2025-12-23T00:07:45.759Z,GA 07 G 6363-CAN(WATER TENDER),15.0236183,74.0440433,0,INACTIVE,"Canacona, The Lalitrajbaga ,Canacona, Canacona, Goa (NE)",Fire Station Canacona
2025-12-23T00:07:45.759Z,GA 07 G 1567-CAN(QUICK RESPONSE FT),15.0171383,74.0398266,32,INACTIVE,"Canacona, The Lalitrajbaga ,Canacona, Canacona, Goa (SW)",Fire Station Canacona
2025-12-23T00:07:45.759Z,GA 07 G 1569-VRN(QUICK RESPONSE),15.3694583,73.9356766,0,STOP,At Fire Station Verna,Fire Station Verna
2025-12-23T00:07:45.759Z,GA 07 G 9909-VRN(ADVANCE MULTI-PURPOSE),15.3695866,73.9351966,0,STOP,At Fire Station Verna,Fire Station Verna
2025-12-23T00:07:45.759Z,GA 07 G 1942-VAP(QUICK RESPONSE),15.5311233,74.1388183,0,STOP,At Fire Station Valpoi ,Fire Station Valpoi
2025-12-23T00:07:45.759Z,GA 07 G 2003-CUR(QUICK RESPONSE),15.2603983,74.1037033,0,STOP,At Fire Station Curchorem,Fire Station Curchorem
2025-12-23T00:07:45.759Z,GA 07 G 7447-CUR(EMERGENCY RESCUE),15.26048,74.1037033,0,STOP,At Fire Station Curchorem,Fire Station Curchorem
2025-12-23T00:07:45.759Z,GA 07 G 7557-CUR(WATER TENDER),15.26045,74.10345,0,STOP,At Fire Station Curchorem,Fire Station Curchorem
2025-12-23T00:07:45.759Z,GA 07 G 7667-CUR(WATER BOUSER),15.1454033,73.99108,0,STOP,"Shri Shantadurga fatarpekarin Temple, Fatorpa, Cuncolim, Goa (SW)",Fire Station Curchorem
2025-12-23T00:07:45.759Z,GA 07 G 4989-KUN(WATER TENDER),15.4635767,73.9722983,0,STOP,At Fire Station Kundaim,Fire Station Kundaim
2025-12-23T00:07:45.759Z,GA 07 G 2242-PIL(WATER TENDER),15.5328322,73.7941056,0,STOP,At Fire Station Pilerne,Fire Station Pilerne
2025-12-23T00:07:45.759Z,GA 07 G 0681-MAP(QUICK RESPONSE),15.589775,73.8087733,0,STOP,At Fire Station Mapusa,Fire Station Mapusa
2025-12-23T00:07:45.759Z,GA 07 G 0307-PER(QUICK RESPONSE),15.7164939,73.7974239,0,INACTIVE,At Fire Station Pernem,Fire Station Pernem
2025-12-23T00:07:45.759Z,GA 07 G 2101-PER(MS WATER TENDER),15.7163717,73.7975772,0,STOP,At Fire Station Pernem,Fire Station Pernem
2025-12-23T00:07:45.759Z,GA 07 G 4600-PER(MINI RESCUE TENDER),15.7165206,73.7975167,0,STOP,At Fire Station Pernem,Fire Station Pernem
2025-12-23T00:07:45.759Z,GA 07 G 7272-PNJ(WATER TENDER),15.4875411,73.8176922,0,STOP,"Shenaz Shopping Centre, PWD office, 15, Lydia Gardens, St Inez Rd, Opp to, Santa Inez, Panaji, Goa (SW)",Fire Station Panaji
2025-12-23T00:07:45.759Z,GA07G2384- Cuncolim,15.1862206,74.0209944,0,STOP,At Fire Station Cuncolim,Fire Station Cuncolim
2025-12-23T00:07:45.759Z,GA07G2507 - Mid Size (Water Tender),15.7164733,73.7974933,0,STOP,At Fire Station Pernem,Fire Station Pernem
2025-12-23T00:07:45.759Z,GA07G2505 - Mid Size (Water Tender),15.530985,74.13868,0,STOP,At Fire Station Valpoi ,Fire Station Valpoi
2025-12-23T00:07:45.759Z,GA07G2504 - Mid Size (Water Tender),15.5890983,73.9465083,0,STOP,At Fire Station Bicholim ,Fire Station Bicholim
2025-12-23T00:07:45.759Z,GA07G2503-Mid Size (Water Tender),15.5900233,73.80865,0,STOP,At Fire Station Mapusa,Fire Station Mapusa
2025-12-23T00:07:45.759Z,GA07G2502 - Mid Size (Water Tender),15.4870233,73.8172283,0,STOP,"Caculo Mall, 16 Shanta, St Inez Rd, Caculo Enclave, Santa Inez, Panaji, Goa (NW)",Fire Force Headquarters
2025-12-23T00:08:43.687Z,GA 07 G 0680-PIL(QUICK RESPONSE VEHICLE),15.5329733,73.7939283,0,STOP,At Fire Station Pilerne,Fire Station Pilerne
2025-12-23T00:08:43.687Z,GA07G2506 - Mid Size (Water Tender),15.500348,73.914085,0,INACTIVE,At Fire Station Old Goa,Fire Station Old Goa
2025-12-23T00:08:43.687Z,GA 07 G 5115-POR(MINI WATER TENDER),15.522988,73.829384,0,STOP,At Porvorim Fire Station,Fire Station Porvorim
2025-12-23T00:08:43.687Z,GA 07 G 0350-MRG(WATER TENDER),15.269428,73.970604,0,STOP,At Fire Station Margoa,Fire Station Margao
2025-12-23T00:08:43.687Z,GA 07 G 2900-MAP(MINI RESCUE TENDER),15.589908,73.808716,0,STOP,At Fire Station Mapusa,Fire Station Mapusa
2025-12-23T00:08:43.687Z,GA 07 G 7600-FFHQ(WATER BOUSER),15.487103,73.817108,0,STOP,"Caculo Mall, 16 Shanta, St Inez Rd, Caculo Enclave, Santa Inez, Panaji, Goa (NW)",Fire Force Headquarters
2025-12-23T00:08:43.687Z,GA 07 G 2002-FFHQ(TURN TABLE LADDER),15.48742,73.817375,0,STOP,"Caculo Mall, 16 Shanta, St Inez Rd, Caculo Enclave, Santa Inez, Panaji, Goa (NW)",Fire Force Headquarters
2025-12-23T00:08:43.687Z,GA 07 G 7101-FFHQ(WATER TENDER),15.486877,73.817055,0,STOP,"Caculo Mall, 16 Shanta, St Inez Rd, Caculo Enclave, Santa Inez, Panaji, Goa (NW)",Fire Force Headquarters
2025-12-23T00:08:43.687Z,GA 07 G 7677-FFHQ(EMERGENCY RESCUE),15.48719,73.817192,0,STOP,"Caculo Mall, 16 Shanta, St Inez Rd, Caculo Enclave, Santa Inez, Panaji, Goa (NW)",Fire Force Headquarters
2025-12-23T00:08:43.687Z,GA 07 G 1121-PNJ(EMERGENCY RESCUE),15.487292,73.817276,0,STOP,"Caculo Mall, 16 Shanta, St Inez Rd, Caculo Enclave, Santa Inez, Panaji, Goa (NW)",Fire Station Panaji
2025-12-23T00:08:43.687Z,GA 07 G 1571-FFHQ(QUICK RESPONSE),15.48666,73.817444,0,STOP,"Caculo Mall, 16 Shanta, St Inez Rd, Caculo Enclave, Santa Inez, Panaji, Goa (NW)",Fire Force Headquarters
2025-12-23T00:08:43.687Z,GA 07 G 8101-MAP(WATER TENDER),15.589937,73.80867,0,STOP,At Fire Station Mapusa,Fire Station Mapusa
2025-12-23T00:08:43.687Z,GA 07 G 2317-MRG(EMERGENCY RESCUE TENDER),15.2695333,73.9700283,2,STOP,At Fire Station Margoa,Fire Station Margao
2025-12-23T00:08:43.687Z,GA 07 G 1570-VAS(QUICK RESPONSE FIRE TENDER),15.3887783,73.8513266,0,STOP,At Fire Station Vasco,Fire Station Vasco
2025-12-23T00:08:43.687Z,GA 07 G 4101-VAS(MS WATER TENDER),15.3890783,73.85092,0,STOP,At Fire Station Vasco,Fire Station Vasco
2025-12-23T00:08:43.687Z,GA 07 G 0819-VAS(WATER/FOAM TENDER),15.3888217,73.8512367,0,IDLE,At Fire Station Vasco,Fire Station Vasco
2025-12-23T00:08:43.687Z,GA 07 G 7100-MRG(WATER BOUSER),15.2694566,73.97006,0,STOP,At Fire Station Margoa,Fire Station Margao
2025-12-23T00:08:43.687Z,GA 07 G 1568-MRG(QUICK RESPONSE ),15.269325,73.9706466,0,STOP,At Fire Station Margoa,Fire Station Margao
2025-12-23T00:08:43.687Z,GA 07 G 6101-MRG(WATER TENDER),15.2693733,73.9701416,0,STOP,At Fire Station Margoa,Fire Station Margao
2025-12-23T00:08:43.687Z,GA 07 G 1001-MRG(AERIAL LADDER PLATFORM),15.2695583,73.969735,0,STOP,At Fire Station Margoa,Fire Station Margao
2025-12-23T00:08:43.687Z,GA 07 G 0820-BIC(WATER TEDNER),15.4027094,74.0029172,0,STOP,At Fire Station Ponda ,Fire Station Bicholim
2025-12-23T00:08:43.687Z,GA 07 G 5101-OLG(MS WATER TENDER),15.5003033,73.91403,0,STOP,At Fire Station Old Goa,Fire Station Old Goa
2025-12-23T00:08:43.687Z,GA 07 G 3101-BIC(MS WATER TENDER),15.5898933,73.9464433,1,STOP,At Fire Station Bicholim ,Fire Station Bicholim
2025-12-23T00:08:43.687Z,GA 07 G 1941-BIC(QUICK RESPONSE),15.5894533,73.9467033,0,STOP,At Fire Station Bicholim ,Fire Station Bicholim
2025-12-23T00:08:43.687Z,GA 07 G 2319-VAS (EMERGENCY RESCUE TENDER),15.3901916,73.8524983,0,STOP,"near melisa garage,NSD, Dabolim, Goa (SW)",Fire Station Vasco
2025-12-23T00:08:43.687Z,GA 07 G 3737-VAP(WATER TENDER),15.53099,74.1387199,0,STOP,At Fire Station Valpoi ,Fire Station Valpoi
2025-12-23T00:08:43.687Z,GA 07 G 2318-PND(EMERGENCY RESCUE TENDER),15.4028416,74.0028083,0,STOP,At Fire Station Ponda ,Fire Station Ponda
2025-12-23T00:08:43.687Z,GA 07 G 2004-PND(QUICK RESPONSE),15.4026666,74.0028483,0,STOP,At Fire Station Ponda ,Fire Station Ponda
2025-12-23T00:08:43.687Z,GA 07 G 9101-PND(WATER TENDER),15.402745,74.0028816,0,STOP,At Fire Station Ponda ,Fire Station Ponda
2025-12-23T00:08:43.687Z,GA 07 G 9797-PND(WATER BOUSER),15.402635,74.00284,0,STOP,At Fire Station Ponda ,Fire Station Ponda
2025-12-23T00:08:43.687Z,GA 07 G 6363-CAN(WATER TENDER),15.0236183,74.0440433,0,INACTIVE,"Canacona, The Lalitrajbaga ,Canacona, Canacona, Goa (NE)",Fire Station Canacona
2025-12-23T00:08:43.687Z,GA 07 G 1567-CAN(QUICK RESPONSE FT),15.0171383,74.0398266,32,INACTIVE,"Canacona, The Lalitrajbaga ,Canacona, Canacona, Goa (SW)",Fire Station Canacona
2025-12-23T00:08:43.687Z,GA 07 G 1569-VRN(QUICK RESPONSE),15.3694583,73.9356766,0,STOP,At Fire Station Verna,Fire Station Verna
2025-12-23T00:08:43.687Z,GA 07 G 9909-VRN(ADVANCE MULTI-PURPOSE),15.3695866,73.9351966,0,STOP,At Fire Station Verna,Fire Station Verna
2025-12-23T00:08:43.687Z,GA 07 G 1942-VAP(QUICK RESPONSE),15.5311233,74.1388183,0,STOP,At Fire Station Valpoi ,Fire Station Valpoi
2025-12-23T00:08:43.687Z,GA 07 G 2003-CUR(QUICK RESPONSE),15.2603983,74.1037033,0,STOP,At Fire Station Curchorem,Fire Station Curchorem
2025-12-23T00:08:43.687Z,GA 07 G 7447-CUR(EMERGENCY RESCUE),15.26048,74.1037033,0,STOP,At Fire Station Curchorem,Fire Station Curchorem
2025-12-23T00:08:43.687Z,GA 07 G 7557-CUR(WATER TENDER),15.26045,74.10345,0,STOP,At Fire Station Curchorem,Fire Station Curchorem
2025-12-23T00:08:43.687Z,GA 07 G 7667-CUR(WATER BOUSER),15.1454033,73.99108,0,STOP,"Shri Shantadurga fatarpekarin Temple, Fatorpa, Cuncolim, Goa (SW)",Fire Station Curchorem
2025-12-23T00:08:43.687Z,GA 07 G 4989-KUN(WATER TENDER),15.4635767,73.9722983,0,STOP,At Fire Station Kundaim,Fire Station Kundaim
2025-12-23T00:08:43.687Z,GA 07 G 2242-PIL(WATER TENDER),15.5328322,73.7941056,0,STOP,At Fire Station Pilerne,Fire Station Pilerne
2025-12-23T00:08:43.687Z,GA 07 G 0681-MAP(QUICK RESPONSE),15.589775,73.8087733,0,STOP,At Fire Station Mapusa,Fire Station Mapusa
2025-12-23T00:08:43.687Z,GA 07 G 0307-PER(QUICK RESPONSE),15.7164939,73.7974239,0,INACTIVE,At Fire Station Pernem,Fire Station Pernem
2025-12-23T00:08:43.687Z,GA 07 G 2101-PER(MS WATER TENDER),15.7163717,73.7975772,0,STOP,At Fire Station Pernem,Fire Station Pernem
2025-12-23T00:08:43.687Z,GA 07 G 4600-PER(MINI RESCUE TENDER),15.7165206,73.7975167,0,STOP,At Fire Station Pernem,Fire Station Pernem
2025-12-23T00:08:43.687Z,GA 07 G 7272-PNJ(WATER TENDER),15.4875411,73.8176922,0,STOP,"Shenaz Shopping Centre, PWD office, 15, Lydia Gardens, St Inez Rd, Opp to, Santa Inez, Panaji, Goa (SW)",Fire Station Panaji
2025-12-23T00:08:43.687Z,GA07G2384- Cuncolim,15.1862206,74.0209944,0,STOP,At Fire Station Cuncolim,Fire Station Cuncolim
2025-12-23T00:08:43.687Z,GA07G2507 - Mid Size (Water Tender),15.7164733,73.7974933,0,STOP,At Fire Station Pernem,Fire Station Pernem
2025-12-23T00:08:43.687Z,GA07G2505 - Mid Size (Water Tender),15.530985,74.13868,0,STOP,At Fire Station Valpoi ,Fire Station Valpoi
2025-12-23T00:08:43.687Z,GA07G2504 - Mid Size (Water Tender),15.5890983,73.9465083,0,STOP,At Fire Station Bicholim ,Fire Station Bicholim
2025-12-23T00:08:43.687Z,GA07G2503-Mid Size (Water Tender),15.5900233,73.80865,0,STOP,At Fire Station Mapusa,Fire Station Mapusa
2025-12-23T00:08:43.687Z,GA07G2502 - Mid Size (Water Tender),15.4870233,73.8172283,0,STOP,"Caculo Mall, 16 Shanta, St Inez Rd, Caculo Enclave, Santa Inez, Panaji, Goa (NW)",Fire Force Headquarters
2025-12-23T00:09:44.495Z,GA 07 G 0680-PIL(QUICK RESPONSE VEHICLE),15.5329733,73.7939283,0,STOP,At Fire Station Pilerne,Fire Station Pilerne
2025-12-23T00:09:44.495Z,GA07G2506 - Mid Size (Water Tender),15.500348,73.914085,0,INACTIVE,At Fire Station Old Goa,Fire Station Old Goa
2025-12-23T00:09:44.495Z,GA 07 G 5115-POR(MINI WATER TENDER),15.522988,73.829384,0,STOP,At Porvorim Fire Station,Fire Station Porvorim
2025-12-23T00:09:44.495Z,GA 07 G 0350-MRG(WATER TENDER),15.269428,73.970604,0,STOP,At Fire Station Margoa,Fire Station Margao
2025-12-23T00:09:44.495Z,GA 07 G 2900-MAP(MINI RESCUE TENDER),15.589908,73.808716,0,STOP,At Fire Station Mapusa,Fire Station Mapusa
2025-12-23T00:09:44.495Z,GA 07 G 7600-FFHQ(WATER BOUSER),15.487103,73.817108,0,STOP,"Caculo Mall, 16 Shanta, St Inez Rd, Caculo Enclave, Santa Inez, Panaji, Goa (NW)",Fire Force Headquarters
2025-12-23T00:09:44.495Z,GA 07 G 2002-FFHQ(TURN TABLE LADDER),15.48742,73.817375,0,STOP,"Caculo Mall, 16 Shanta, St Inez Rd, Caculo Enclave, Santa Inez, Panaji, Goa (NW)",Fire Force Headquarters
2025-12-23T00:09:44.495Z,GA 07 G 7101-FFHQ(WATER TENDER),15.486877,73.817055,0,STOP,"Caculo Mall, 16 Shanta, St Inez Rd, Caculo Enclave, Santa Inez, Panaji, Goa (NW)",Fire Force Headquarters
2025-12-23T00:09:44.495Z,GA 07 G 7677-FFHQ(EMERGENCY RESCUE),15.48719,73.817192,0,STOP,"Caculo Mall, 16 Shanta, St Inez Rd, Caculo Enclave, Santa Inez, Panaji, Goa (NW)",Fire Force Headquarters
2025-12-23T00:09:44.495Z,GA 07 G 1121-PNJ(EMERGENCY RESCUE),15.487292,73.817276,0,STOP,"Caculo Mall, 16 Shanta, St Inez Rd, Caculo Enclave, Santa Inez, Panaji, Goa (NW)",Fire Station Panaji
2025-12-23T00:09:44.495Z,GA 07 G 1571-FFHQ(QUICK RESPONSE),15.48666,73.817444,0,STOP,"Caculo Mall, 16 Shanta, St Inez Rd, Caculo Enclave, Santa Inez, Panaji, Goa (NW)",Fire Force Headquarters
2025-12-23T00:09:44.495Z,GA 07 G 8101-MAP(WATER TENDER),15.589937,73.80867,0,STOP,At Fire Station Mapusa,Fire Station Mapusa
2025-12-23T00:09:44.495Z,GA 07 G 2317-MRG(EMERGENCY RESCUE TENDER),15.2695333,73.9700283,2,STOP,At Fire Station Margoa,Fire Station Margao
2025-12-23T00:09:44.495Z,GA 07 G 1570-VAS(QUICK RESPONSE FIRE TENDER),15.3887783,73.8513266,0,STOP,At Fire Station Vasco,Fire Station Vasco
2025-12-23T00:09:44.495Z,GA 07 G 4101-VAS(MS WATER TENDER),15.3890783,73.85092,0,STOP,At Fire Station Vasco,Fire Station Vasco
2025-12-23T00:09:44.495Z,GA 07 G 0819-VAS(WATER/FOAM TENDER),15.3888217,73.8512367,0,IDLE,At Fire Station Vasco,Fire Station Vasco
2025-12-23T00:09:44.495Z,GA 07 G 7100-MRG(WATER BOUSER),15.2694566,73.97006,0,STOP,At Fire Station Margoa,Fire Station Margao
2025-12-23T00:09:44.495Z,GA 07 G 1568-MRG(QUICK RESPONSE ),15.269325,73.9706466,0,STOP,At Fire Station Margoa,Fire Station Margao
2025-12-23T00:09:44.495Z,GA 07 G 6101-MRG(WATER TENDER),15.2693733,73.9701416,0,STOP,At Fire Station Margoa,Fire Station Margao
2025-12-23T00:09:44.495Z,GA 07 G 1001-MRG(AERIAL LADDER PLATFORM),15.2695583,73.969735,0,STOP,At Fire Station Margoa,Fire Station Margao
2025-12-23T00:09:44.495Z,GA 07 G 0820-BIC(WATER TEDNER),15.4027094,74.0029172,0,STOP,At Fire Station Ponda ,Fire Station Bicholim
2025-12-23T00:09:44.495Z,GA 07 G 5101-OLG(MS WATER TENDER),15.5003033,73.91403,0,STOP,At Fire Station Old Goa,Fire Station Old Goa
2025-12-23T00:09:44.495Z,GA 07 G 3101-BIC(MS WATER TENDER),15.5898933,73.9464433,0,STOP,At Fire Station Bicholim ,Fire Station Bicholim
2025-12-23T00:09:44.495Z,GA 07 G 1941-BIC(QUICK RESPONSE),15.5894533,73.9467033,0,STOP,At Fire Station Bicholim ,Fire Station Bicholim
2025-12-23T00:09:44.495Z,GA 07 G 2319-VAS (EMERGENCY RESCUE TENDER),15.3901916,73.8524983,0,STOP,"near melisa garage,NSD, Dabolim, Goa (SW)",Fire Station Vasco
2025-12-23T00:09:44.495Z,GA 07 G 3737-VAP(WATER TENDER),15.53099,74.1387199,0,STOP,At Fire Station Valpoi ,Fire Station Valpoi
2025-12-23T00:09:44.495Z,GA 07 G 2318-PND(EMERGENCY RESCUE TENDER),15.4028416,74.0028083,0,STOP,At Fire Station Ponda ,Fire Station Ponda
2025-12-23T00:09:44.495Z,GA 07 G 2004-PND(QUICK RESPONSE),15.4026666,74.0028483,0,STOP,At Fire Station Ponda ,Fire Station Ponda
2025-12-23T00:09:44.495Z,GA 07 G 9101-PND(WATER TENDER),15.402745,74.0028816,0,STOP,At Fire Station Ponda ,Fire Station Ponda
2025-12-23T00:09:44.495Z,GA 07 G 9797-PND(WATER BOUSER),15.402635,74.00284,0,STOP,At Fire Station Ponda ,Fire Station Ponda
2025-12-23T00:09:44.495Z,GA 07 G 6363-CAN(WATER TENDER),15.0236183,74.0440433,0,INACTIVE,"Canacona, The Lalitrajbaga ,Canacona, Canacona, Goa (NE)",Fire Station Canacona
2025-12-23T00:09:44.495Z,GA 07 G 1567-CAN(QUICK RESPONSE FT),15.0171383,74.0398266,32,INACTIVE,"Canacona, The Lalitrajbaga ,Canacona, Canacona, Goa (SW)",Fire Station Canacona
2025-12-23T00:09:44.495Z,GA 07 G 1569-VRN(QUICK RESPONSE),15.3694583,73.9356766,0,STOP,At Fire Station Verna,Fire Station Verna
2025-12-23T00:09:44.495Z,GA 07 G 9909-VRN(ADVANCE MULTI-PURPOSE),15.3695866,73.9351966,0,STOP,At Fire Station Verna,Fire Station Verna
2025-12-23T00:09:44.495Z,GA 07 G 1942-VAP(QUICK RESPONSE),15.5311233,74.1388183,0,STOP,At Fire Station Valpoi ,Fire Station Valpoi
2025-12-23T00:09:44.495Z,GA 07 G 2003-CUR(QUICK RESPONSE),15.2603983,74.1037033,0,STOP,At Fire Station Curchorem,Fire Station Curchorem
2025-12-23T00:09:44.495Z,GA 07 G 7447-CUR(EMERGENCY RESCUE),15.26048,74.1037033,0,STOP,At Fire Station Curchorem,Fire Station Curchorem
2025-12-23T00:09:44.495Z,GA 07 G 7557-CUR(WATER TENDER),15.26045,74.10345,0,STOP,At Fire Station Curchorem,Fire Station Curchorem
2025-12-23T00:09:44.495Z,GA 07 G 7667-CUR(WATER BOUSER),15.1454033,73.99108,0,STOP,"Shri Shantadurga fatarpekarin Temple, Fatorpa, Cuncolim, Goa (SW)",Fire Station Curchorem
2025-12-23T00:09:44.495Z,GA 07 G 4989-KUN(WATER TENDER),15.4635767,73.9722983,0,STOP,At Fire Station Kundaim,Fire Station Kundaim
2025-12-23T00:09:44.495Z,GA 07 G 2242-PIL(WATER TENDER),15.5328322,73.7941056,0,STOP,At Fire Station Pilerne,Fire Station Pilerne
2025-12-23T00:09:44.495Z,GA 07 G 0681-MAP(QUICK RESPONSE),15.589775,73.8087733,0,STOP,At Fire Station Mapusa,Fire Station Mapusa
2025-12-23T00:09:44.495Z,GA 07 G 0307-PER(QUICK RESPONSE),15.7164939,73.7974239,0,INACTIVE,At Fire Station Pernem,Fire Station Pernem
2025-12-23T00:09:44.495Z,GA 07 G 2101-PER(MS WATER TENDER),15.7163717,73.7975772,0,STOP,At Fire Station Pernem,Fire Station Pernem
2025-12-23T00:09:44.495Z,GA 07 G 4600-PER(MINI RESCUE TENDER),15.7165206,73.7975167,0,STOP,At Fire Station Pernem,Fire Station Pernem
2025-12-23T00:09:44.495Z,GA 07 G 7272-PNJ(WATER TENDER),15.4875411,73.8176922,0,STOP,"Shenaz Shopping Centre, PWD office, 15, Lydia Gardens, St Inez Rd, Opp to, Santa Inez, Panaji, Goa (SW)",Fire Station Panaji
2025-12-23T00:09:44.495Z,GA07G2384- Cuncolim,15.1862206,74.0209944,0,STOP,At Fire Station Cuncolim,Fire Station Cuncolim
2025-12-23T00:09:44.495Z,GA07G2507 - Mid Size (Water Tender),15.7164733,73.7974933,0,STOP,At Fire Station Pernem,Fire Station Pernem
2025-12-23T00:09:44.495Z,GA07G2505 - Mid Size (Water Tender),15.530985,74.13868,0,STOP,At Fire Station Valpoi ,Fire Station Valpoi
2025-12-23T00:09:44.495Z,GA07G2504 - Mid Size (Water Tender),15.5890983,73.9465083,0,STOP,At Fire Station Bicholim ,Fire Station Bicholim
2025-12-23T00:09:44.495Z,GA07G2503-Mid Size (Water Tender),15.5900233,73.80865,0,STOP,At Fire Station Mapusa,Fire Station Mapusa
2025-12-23T00:09:44.495Z,GA07G2502 - Mid Size (Water Tender),15.4870233,73.8172283,0,STOP,"Caculo Mall, 16 Shanta, St Inez Rd, Caculo Enclave, Santa Inez, Panaji, Goa (NW)",Fire Force Headquarters
2025-12-23T00:10:54.362Z,GA 07 G 0680-PIL(QUICK RESPONSE VEHICLE),15.5329733,73.7939283,0,STOP,At Fire Station Pilerne,Fire Station Pilerne
2025-12-23T00:10:54.362Z,GA07G2506 - Mid Size (Water Tender),15.500348,73.914085,0,INACTIVE,At Fire Station Old Goa,Fire Station Old Goa
2025-12-23T00:10:54.362Z,GA 07 G 5115-POR(MINI WATER TENDER),15.522988,73.829384,0,STOP,At Porvorim Fire Station,Fire Station Porvorim
2025-12-23T00:10:54.362Z,GA 07 G 0350-MRG(WATER TENDER),15.269428,73.970604,0,STOP,At Fire Station Margoa,Fire Station Margao
2025-12-23T00:10:54.362Z,GA 07 G 2900-MAP(MINI RESCUE TENDER),15.589908,73.808716,0,STOP,At Fire Station Mapusa,Fire Station Mapusa
2025-12-23T00:10:54.362Z,GA 07 G 7600-FFHQ(WATER BOUSER),15.487103,73.817108,0,STOP,"Caculo Mall, 16 Shanta, St Inez Rd, Caculo Enclave, Santa Inez, Panaji, Goa (NW)",Fire Force Headquarters
2025-12-23T00:10:54.362Z,GA 07 G 2002-FFHQ(TURN TABLE LADDER),15.48742,73.817375,0,STOP,"Caculo Mall, 16 Shanta, St Inez Rd, Caculo Enclave, Santa Inez, Panaji, Goa (NW)",Fire Force Headquarters
2025-12-23T00:10:54.362Z,GA 07 G 7101-FFHQ(WATER TENDER),15.486877,73.817055,0,STOP,"Caculo Mall, 16 Shanta, St Inez Rd, Caculo Enclave, Santa Inez, Panaji, Goa (NW)",Fire Force Headquarters
2025-12-23T00:10:54.362Z,GA 07 G 7677-FFHQ(EMERGENCY RESCUE),15.48719,73.817192,0,STOP,"Caculo Mall, 16 Shanta, St Inez Rd, Caculo Enclave, Santa Inez, Panaji, Goa (NW)",Fire Force Headquarters
2025-12-23T00:10:54.362Z,GA 07 G 1121-PNJ(EMERGENCY RESCUE),15.487292,73.817276,0,STOP,"Caculo Mall, 16 Shanta, St Inez Rd, Caculo Enclave, Santa Inez, Panaji, Goa (NW)",Fire Station Panaji
2025-12-23T00:10:54.362Z,GA 07 G 1571-FFHQ(QUICK RESPONSE),15.48666,73.817444,0,STOP,"Caculo Mall, 16 Shanta, St Inez Rd, Caculo Enclave, Santa Inez, Panaji, Goa (NW)",Fire Force Headquarters
2025-12-23T00:10:54.362Z,GA 07 G 8101-MAP(WATER TENDER),15.589937,73.80867,0,STOP,At Fire Station Mapusa,Fire Station Mapusa
2025-12-23T00:10:54.362Z,GA 07 G 2317-MRG(EMERGENCY RESCUE TENDER),15.2694266,73.9702633,1,STOP,At Fire Station Margoa,Fire Station Margao
2025-12-23T00:10:54.362Z,GA 07 G 1570-VAS(QUICK RESPONSE FIRE TENDER),15.3887783,73.8513266,0,STOP,At Fire Station Vasco,Fire Station Vasco
2025-12-23T00:10:54.362Z,GA 07 G 4101-VAS(MS WATER TENDER),15.3890783,73.85092,0,STOP,At Fire Station Vasco,Fire Station Vasco
2025-12-23T00:10:54.362Z,GA 07 G 0819-VAS(WATER/FOAM TENDER),15.3888217,73.8512367,0,IDLE,At Fire Station Vasco,Fire Station Vasco
2025-12-23T00:10:54.362Z,GA 07 G 7100-MRG(WATER BOUSER),15.2694566,73.97006,0,STOP,At Fire Station Margoa,Fire Station Margao
2025-12-23T00:10:54.362Z,GA 07 G 1568-MRG(QUICK RESPONSE ),15.269325,73.9706466,0,STOP,At Fire Station Margoa,Fire Station Margao
2025-12-23T00:10:54.362Z,GA 07 G 6101-MRG(WATER TENDER),15.2693733,73.9701416,0,STOP,At Fire Station Margoa,Fire Station Margao
2025-12-23T00:10:54.362Z,GA 07 G 1001-MRG(AERIAL LADDER PLATFORM),15.2695583,73.969735,0,STOP,At Fire Station Margoa,Fire Station Margao
2025-12-23T00:10:54.362Z,GA 07 G 0820-BIC(WATER TEDNER),15.4027094,74.0029172,0,STOP,At Fire Station Ponda ,Fire Station Bicholim
2025-12-23T00:10:54.362Z,GA 07 G 5101-OLG(MS WATER TENDER),15.5003033,73.91403,0,STOP,At Fire Station Old Goa,Fire Station Old Goa
2025-12-23T00:10:54.362Z,GA 07 G 3101-BIC(MS WATER TENDER),15.5895083,73.9465,4,STOP,At Fire Station Bicholim ,Fire Station Bicholim
2025-12-23T00:10:54.362Z,GA 07 G 1941-BIC(QUICK RESPONSE),15.5894533,73.9467033,0,STOP,At Fire Station Bicholim ,Fire Station Bicholim
2025-12-23T00:10:54.362Z,GA 07 G 2319-VAS (EMERGENCY RESCUE TENDER),15.3901916,73.8524983,0,STOP,"near melisa garage,NSD, Dabolim, Goa (SW)",Fire Station Vasco
2025-12-23T00:10:54.362Z,GA 07 G 3737-VAP(WATER TENDER),15.53099,74.1387199,0,STOP,At Fire Station Valpoi ,Fire Station Valpoi
2025-12-23T00:10:54.362Z,GA 07 G 2318-PND(EMERGENCY RESCUE TENDER),15.4028416,74.0028083,0,STOP,At Fire Station Ponda ,Fire Station Ponda
2025-12-23T00:10:54.362Z,GA 07 G 2004-PND(QUICK RESPONSE),15.4026666,74.0028483,0,STOP,At Fire Station Ponda ,Fire Station Ponda
2025-12-23T00:10:54.362Z,GA 07 G 9101-PND(WATER TENDER),15.402745,74.0028816,0,STOP,At Fire Station Ponda ,Fire Station Ponda
2025-12-23T00:10:54.362Z,GA 07 G 9797-PND(WATER BOUSER),15.402635,74.00284,0,STOP,At Fire Station Ponda ,Fire Station Ponda
2025-12-23T00:10:54.362Z,GA 07 G 6363-CAN(WATER TENDER),15.0236183,74.0440433,0,INACTIVE,"Canacona, The Lalitrajbaga ,Canacona, Canacona, Goa (NE)",Fire Station Canacona
2025-12-23T00:10:54.362Z,GA 07 G 1567-CAN(QUICK RESPONSE FT),15.0171383,74.0398266,32,INACTIVE,"Canacona, The Lalitrajbaga ,Canacona, Canacona, Goa (SW)",Fire Station Canacona
2025-12-23T00:10:54.362Z,GA 07 G 1569-VRN(QUICK RESPONSE),15.3694583,73.9356766,0,STOP,At Fire Station Verna,Fire Station Verna
2025-12-23T00:10:54.362Z,GA 07 G 9909-VRN(ADVANCE MULTI-PURPOSE),15.3695866,73.9351966,0,STOP,At Fire Station Verna,Fire Station Verna
2025-12-23T00:10:54.362Z,GA 07 G 1942-VAP(QUICK RESPONSE),15.5311233,74.1388183,0,STOP,At Fire Station Valpoi ,Fire Station Valpoi
2025-12-23T00:10:54.362Z,GA 07 G 2003-CUR(QUICK RESPONSE),15.2603983,74.1037033,0,STOP,At Fire Station Curchorem,Fire Station Curchorem
2025-12-23T00:10:54.362Z,GA 07 G 7447-CUR(EMERGENCY RESCUE),15.26048,74.1037033,0,STOP,At Fire Station Curchorem,Fire Station Curchorem
2025-12-23T00:10:54.362Z,GA 07 G 7557-CUR(WATER TENDER),15.26045,74.10345,0,STOP,At Fire Station Curchorem,Fire Station Curchorem
2025-12-23T00:10:54.362Z,GA 07 G 7667-CUR(WATER BOUSER),15.1454033,73.99108,0,STOP,"Shri Shantadurga fatarpekarin Temple, Fatorpa, Cuncolim, Goa (SW)",Fire Station Curchorem
2025-12-23T00:10:54.362Z,GA 07 G 4989-KUN(WATER TENDER),15.4635767,73.9722983,0,STOP,At Fire Station Kundaim,Fire Station Kundaim
2025-12-23T00:10:54.362Z,GA 07 G 2242-PIL(WATER TENDER),15.5328322,73.7941056,0,STOP,At Fire Station Pilerne,Fire Station Pilerne
2025-12-23T00:10:54.362Z,GA 07 G 0681-MAP(QUICK RESPONSE),15.589775,73.8087733,0,STOP,At Fire Station Mapusa,Fire Station Mapusa
2025-12-23T00:10:54.362Z,GA 07 G 0307-PER(QUICK RESPONSE),15.7164939,73.7974239,0,INACTIVE,At Fire Station Pernem,Fire Station Pernem
2025-12-23T00:10:54.362Z,GA 07 G 2101-PER(MS WATER TENDER),15.7163717,73.7975772,0,STOP,At Fire Station Pernem,Fire Station Pernem
2025-12-23T00:10:54.362Z,GA 07 G 4600-PER(MINI RESCUE TENDER),15.7165206,73.7975167,0,STOP,At Fire Station Pernem,Fire Station Pernem
2025-12-23T00:10:54.362Z,GA 07 G 7272-PNJ(WATER TENDER),15.4875411,73.8176922,0,STOP,"Shenaz Shopping Centre, PWD office, 15, Lydia Gardens, St Inez Rd, Opp to, Santa Inez, Panaji, Goa (SW)",Fire Station Panaji
2025-12-23T00:10:54.362Z,GA07G2384- Cuncolim,15.1862206,74.0209944,0,STOP,At Fire Station Cuncolim,Fire Station Cuncolim
2025-12-23T00:10:54.362Z,GA07G2507 - Mid Size (Water Tender),15.7164733,73.7974933,0,STOP,At Fire Station Pernem,Fire Station Pernem
2025-12-23T00:10:54.362Z,GA07G2505 - Mid Size (Water Tender),15.530985,74.13868,0,STOP,At Fire Station Valpoi ,Fire Station Valpoi
2025-12-23T00:10:54.362Z,GA07G2504 - Mid Size (Water Tender),15.5890983,73.9465083,0,STOP,At Fire Station Bicholim ,Fire Station Bicholim
2025-12-23T00:10:54.362Z,GA07G2503-Mid Size (Water Tender),15.5900233,73.80865,0,STOP,At Fire Station Mapusa,Fire Station Mapusa
2025-12-23T00:10:54.362Z,GA07G2502 - Mid Size (Water Tender),15.4870233,73.8172283,0,STOP,"Caculo Mall, 16 Shanta, St Inez Rd, Caculo Enclave, Santa Inez, Panaji, Goa (NW)",Fire Force Headquarters
2025-12-23T00:11:45.370Z,GA 07 G 0680-PIL(QUICK RESPONSE VEHICLE),15.5329733,73.7939283,0,STOP,At Fire Station Pilerne,Fire Station Pilerne
2025-12-23T00:11:45.370Z,GA07G2506 - Mid Size (Water Tender),15.500348,73.914085,0,INACTIVE,At Fire Station Old Goa,Fire Station Old Goa
2025-12-23T00:11:45.370Z,GA 07 G 5115-POR(MINI WATER TENDER),15.522988,73.829384,0,STOP,At Porvorim Fire Station,Fire Station Porvorim
2025-12-23T00:11:45.370Z,GA 07 G 0350-MRG(WATER TENDER),15.269428,73.970604,0,STOP,At Fire Station Margoa,Fire Station Margao
2025-12-23T00:11:45.370Z,GA 07 G 2900-MAP(MINI RESCUE TENDER),15.589908,73.808716,0,STOP,At Fire Station Mapusa,Fire Station Mapusa
2025-12-23T00:11:45.370Z,GA 07 G 7600-FFHQ(WATER BOUSER),15.487103,73.817108,0,STOP,"Caculo Mall, 16 Shanta, St Inez Rd, Caculo Enclave, Santa Inez, Panaji, Goa (NW)",Fire Force Headquarters
2025-12-23T00:11:45.370Z,GA 07 G 2002-FFHQ(TURN TABLE LADDER),15.48742,73.817375,0,STOP,"Caculo Mall, 16 Shanta, St Inez Rd, Caculo Enclave, Santa Inez, Panaji, Goa (NW)",Fire Force Headquarters
2025-12-23T00:11:45.370Z,GA 07 G 7101-FFHQ(WATER TENDER),15.486877,73.817055,0,STOP,"Caculo Mall, 16 Shanta, St Inez Rd, Caculo Enclave, Santa Inez, Panaji, Goa (NW)",Fire Force Headquarters
2025-12-23T00:11:45.370Z,GA 07 G 7677-FFHQ(EMERGENCY RESCUE),15.48719,73.817192,0,STOP,"Caculo Mall, 16 Shanta, St Inez Rd, Caculo Enclave, Santa Inez, Panaji, Goa (NW)",Fire Force Headquarters
2025-12-23T00:11:45.370Z,GA 07 G 1121-PNJ(EMERGENCY RESCUE),15.487292,73.817276,0,STOP,"Caculo Mall, 16 Shanta, St Inez Rd, Caculo Enclave, Santa Inez, Panaji, Goa (NW)",Fire Station Panaji
2025-12-23T00:11:45.370Z,GA 07 G 1571-FFHQ(QUICK RESPONSE),15.48666,73.817444,0,STOP,"Caculo Mall, 16 Shanta, St Inez Rd, Caculo Enclave, Santa Inez, Panaji, Goa (NW)",Fire Force Headquarters
2025-12-23T00:11:45.370Z,GA 07 G 8101-MAP(WATER TENDER),15.589937,73.80867,0,STOP,At Fire Station Mapusa,Fire Station Mapusa
2025-12-23T00:11:45.370Z,GA 07 G 2317-MRG(EMERGENCY RESCUE TENDER),15.2694266,73.9702633,1,STOP,At Fire Station Margoa,Fire Station Margao
2025-12-23T00:11:45.370Z,GA 07 G 1570-VAS(QUICK RESPONSE FIRE TENDER),15.3887783,73.8513266,0,STOP,At Fire Station Vasco,Fire Station Vasco
2025-12-23T00:11:45.370Z,GA 07 G 4101-VAS(MS WATER TENDER),15.3890783,73.85092,0,STOP,At Fire Station Vasco,Fire Station Vasco
2025-12-23T00:11:45.370Z,GA 07 G 0819-VAS(WATER/FOAM TENDER),15.3888217,73.8512367,0,IDLE,At Fire Station Vasco,Fire Station Vasco
2025-12-23T00:11:45.370Z,GA 07 G 7100-MRG(WATER BOUSER),15.2694566,73.97006,0,STOP,At Fire Station Margoa,Fire Station Margao
2025-12-23T00:11:45.370Z,GA 07 G 1568-MRG(QUICK RESPONSE ),15.269325,73.9706466,0,STOP,At Fire Station Margoa,Fire Station Margao
2025-12-23T00:11:45.370Z,GA 07 G 6101-MRG(WATER TENDER),15.2693733,73.9701416,0,STOP,At Fire Station Margoa,Fire Station Margao
2025-12-23T00:11:45.370Z,GA 07 G 1001-MRG(AERIAL LADDER PLATFORM),15.2695583,73.969735,0,STOP,At Fire Station Margoa,Fire Station Margao
2025-12-23T00:11:45.370Z,GA 07 G 0820-BIC(WATER TEDNER),15.4027094,74.0029172,0,STOP,At Fire Station Ponda ,Fire Station Bicholim
2025-12-23T00:11:45.370Z,GA 07 G 5101-OLG(MS WATER TENDER),15.5003033,73.91403,0,STOP,At Fire Station Old Goa,Fire Station Old Goa
2025-12-23T00:11:45.370Z,GA 07 G 3101-BIC(MS WATER TENDER),15.5893733,73.9464266,8,STOP,At Fire Station Bicholim ,Fire Station Bicholim
2025-12-23T00:11:45.370Z,GA 07 G 1941-BIC(QUICK RESPONSE),15.5894533,73.9467033,0,STOP,At Fire Station Bicholim ,Fire Station Bicholim
2025-12-23T00:11:45.370Z,GA 07 G 2319-VAS (EMERGENCY RESCUE TENDER),15.3901916,73.8524983,0,STOP,"near melisa garage,NSD, Dabolim, Goa (SW)",Fire Station Vasco
2025-12-23T00:11:45.370Z,GA 07 G 3737-VAP(WATER TENDER),15.53099,74.1387199,0,STOP,At Fire Station Valpoi ,Fire Station Valpoi
2025-12-23T00:11:45.370Z,GA 07 G 2318-PND(EMERGENCY RESCUE TENDER),15.4028416,74.0028083,0,STOP,At Fire Station Ponda ,Fire Station Ponda
2025-12-23T00:11:45.370Z,GA 07 G 2004-PND(QUICK RESPONSE),15.4026666,74.0028483,0,STOP,At Fire Station Ponda ,Fire Station Ponda
2025-12-23T00:11:45.370Z,GA 07 G 9101-PND(WATER TENDER),15.402745,74.0028816,0,STOP,At Fire Station Ponda ,Fire Station Ponda
2025-12-23T00:11:45.370Z,GA 07 G 9797-PND(WATER BOUSER),15.402635,74.00284,0,STOP,At Fire Station Ponda ,Fire Station Ponda
2025-12-23T00:11:45.370Z,GA 07 G 6363-CAN(WATER TENDER),15.0236183,74.0440433,0,INACTIVE,"Canacona, The Lalitrajbaga ,Canacona, Canacona, Goa (NE)",Fire Station Canacona
2025-12-23T00:11:45.370Z,GA 07 G 1567-CAN(QUICK RESPONSE FT),15.0171383,74.0398266,32,INACTIVE,"Canacona, The Lalitrajbaga ,Canacona, Canacona, Goa (SW)",Fire Station Canacona
2025-12-23T00:11:45.370Z,GA 07 G 1569-VRN(QUICK RESPONSE),15.3694583,73.9356766,0,STOP,At Fire Station Verna,Fire Station Verna
2025-12-23T00:11:45.370Z,GA 07 G 9909-VRN(ADVANCE MULTI-PURPOSE),15.3695866,73.9351966,0,STOP,At Fire Station Verna,Fire Station Verna
2025-12-23T00:11:45.370Z,GA 07 G 1942-VAP(QUICK RESPONSE),15.5311233,74.1388183,0,STOP,At Fire Station Valpoi ,Fire Station Valpoi
2025-12-23T00:11:45.370Z,GA 07 G 2003-CUR(QUICK RESPONSE),15.2603983,74.1037033,0,STOP,At Fire Station Curchorem,Fire Station Curchorem
2025-12-23T00:11:45.370Z,GA 07 G 7447-CUR(EMERGENCY RESCUE),15.26048,74.1037033,0,STOP,At Fire Station Curchorem,Fire Station Curchorem
2025-12-23T00:11:45.370Z,GA 07 G 7557-CUR(WATER TENDER),15.26045,74.10345,0,STOP,At Fire Station Curchorem,Fire Station Curchorem
2025-12-23T00:11:45.370Z,GA 07 G 7667-CUR(WATER BOUSER),15.1454033,73.99108,0,STOP,"Shri Shantadurga fatarpekarin Temple, Fatorpa, Cuncolim, Goa (SW)",Fire Station Curchorem
2025-12-23T00:11:45.370Z,GA 07 G 4989-KUN(WATER TENDER),15.4635767,73.9722983,0,STOP,At Fire Station Kundaim,Fire Station Kundaim
2025-12-23T00:11:45.370Z,GA 07 G 2242-PIL(WATER TENDER),15.5328322,73.7941056,0,STOP,At Fire Station Pilerne,Fire Station Pilerne
2025-12-23T00:11:45.370Z,GA 07 G 0681-MAP(QUICK RESPONSE),15.589775,73.8087733,0,STOP,At Fire Station Mapusa,Fire Station Mapusa
2025-12-23T00:11:45.370Z,GA 07 G 0307-PER(QUICK RESPONSE),15.7164939,73.7974239,0,INACTIVE,At Fire Station Pernem,Fire Station Pernem
2025-12-23T00:11:45.370Z,GA 07 G 2101-PER(MS WATER TENDER),15.7163717,73.7975772,0,STOP,At Fire Station Pernem,Fire Station Pernem
2025-12-23T00:11:45.370Z,GA 07 G 4600-PER(MINI RESCUE TENDER),15.7165206,73.7975167,0,STOP,At Fire Station Pernem,Fire Station Pernem
2025-12-23T00:11:45.370Z,GA 07 G 7272-PNJ(WATER TENDER),15.4875411,73.8176922,0,STOP,"Shenaz Shopping Centre, PWD office, 15, Lydia Gardens, St Inez Rd, Opp to, Santa Inez, Panaji, Goa (SW)",Fire Station Panaji
2025-12-23T00:11:45.370Z,GA07G2384- Cuncolim,15.1862206,74.0209944,0,STOP,At Fire Station Cuncolim,Fire Station Cuncolim
2025-12-23T00:11:45.370Z,GA07G2507 - Mid Size (Water Tender),15.7164733,73.7974933,0,STOP,At Fire Station Pernem,Fire Station Pernem
2025-12-23T00:11:45.370Z,GA07G2505 - Mid Size (Water Tender),15.530985,74.13868,0,STOP,At Fire Station Valpoi ,Fire Station Valpoi
2025-12-23T00:11:45.370Z,GA07G2504 - Mid Size (Water Tender),15.5890983,73.9465083,0,STOP,At Fire Station Bicholim ,Fire Station Bicholim
2025-12-23T00:11:45.370Z,GA07G2503-Mid Size (Water Tender),15.5900233,73.80865,0,STOP,At Fire Station Mapusa,Fire Station Mapusa
2025-12-23T00:11:45.370Z,GA07G2502 - Mid Size (Water Tender),15.4870233,73.8172283,0,STOP,"Caculo Mall, 16 Shanta, St Inez Rd, Caculo Enclave, Santa Inez, Panaji, Goa (NW)",Fire Force Headquarters
2025-12-23T00:12:45.293Z,GA 07 G 0680-PIL(QUICK RESPONSE VEHICLE),15.5329733,73.7939283,0,STOP,At Fire Station Pilerne,Fire Station Pilerne
2025-12-23T00:12:45.293Z,GA07G2506 - Mid Size (Water Tender),15.500348,73.914085,0,INACTIVE,At Fire Station Old Goa,Fire Station Old Goa
2025-12-23T00:12:45.293Z,GA 07 G 5115-POR(MINI WATER TENDER),15.522988,73.829384,0,STOP,At Porvorim Fire Station,Fire Station Porvorim
2025-12-23T00:12:45.293Z,GA 07 G 0350-MRG(WATER TENDER),15.269428,73.970604,0,STOP,At Fire Station Margoa,Fire Station Margao
2025-12-23T00:12:45.293Z,GA 07 G 2900-MAP(MINI RESCUE TENDER),15.589908,73.808716,0,STOP,At Fire Station Mapusa,Fire Station Mapusa
2025-12-23T00:12:45.293Z,GA 07 G 7600-FFHQ(WATER BOUSER),15.487103,73.817108,0,STOP,"Caculo Mall, 16 Shanta, St Inez Rd, Caculo Enclave, Santa Inez, Panaji, Goa (NW)",Fire Force Headquarters
2025-12-23T00:12:45.293Z,GA 07 G 2002-FFHQ(TURN TABLE LADDER),15.48742,73.817375,0,STOP,"Caculo Mall, 16 Shanta, St Inez Rd, Caculo Enclave, Santa Inez, Panaji, Goa (NW)",Fire Force Headquarters
2025-12-23T00:12:45.293Z,GA 07 G 7101-FFHQ(WATER TENDER),15.486877,73.817055,0,STOP,"Caculo Mall, 16 Shanta, St Inez Rd, Caculo Enclave, Santa Inez, Panaji, Goa (NW)",Fire Force Headquarters
2025-12-23T00:12:45.293Z,GA 07 G 7677-FFHQ(EMERGENCY RESCUE),15.48719,73.817192,0,STOP,"Caculo Mall, 16 Shanta, St Inez Rd, Caculo Enclave, Santa Inez, Panaji, Goa (NW)",Fire Force Headquarters
2025-12-23T00:12:45.293Z,GA 07 G 1121-PNJ(EMERGENCY RESCUE),15.487292,73.817276,0,STOP,"Caculo Mall, 16 Shanta, St Inez Rd, Caculo Enclave, Santa Inez, Panaji, Goa (NW)",Fire Station Panaji
2025-12-23T00:12:45.293Z,GA 07 G 1571-FFHQ(QUICK RESPONSE),15.48666,73.817444,0,STOP,"Caculo Mall, 16 Shanta, St Inez Rd, Caculo Enclave, Santa Inez, Panaji, Goa (NW)",Fire Force Headquarters
2025-12-23T00:12:45.293Z,GA 07 G 8101-MAP(WATER TENDER),15.589937,73.80867,0,STOP,At Fire Station Mapusa,Fire Station Mapusa
2025-12-23T00:12:45.293Z,GA 07 G 2317-MRG(EMERGENCY RESCUE TENDER),15.2693866,73.970125,0,STOP,At Fire Station Margoa,Fire Station Margao
2025-12-23T00:12:45.293Z,GA 07 G 1570-VAS(QUICK RESPONSE FIRE TENDER),15.3887783,73.8513266,0,STOP,At Fire Station Vasco,Fire Station Vasco
2025-12-23T00:12:45.293Z,GA 07 G 4101-VAS(MS WATER TENDER),15.3890783,73.85092,0,STOP,At Fire Station Vasco,Fire Station Vasco
2025-12-23T00:12:45.293Z,GA 07 G 0819-VAS(WATER/FOAM TENDER),15.3888217,73.8512367,0,IDLE,At Fire Station Vasco,Fire Station Vasco
2025-12-23T00:12:45.293Z,GA 07 G 7100-MRG(WATER BOUSER),15.2694566,73.97006,0,STOP,At Fire Station Margoa,Fire Station Margao
2025-12-23T00:12:45.293Z,GA 07 G 1568-MRG(QUICK RESPONSE ),15.269325,73.9706466,0,STOP,At Fire Station Margoa,Fire Station Margao
2025-12-23T00:12:45.293Z,GA 07 G 6101-MRG(WATER TENDER),15.2693733,73.9701416,0,STOP,At Fire Station Margoa,Fire Station Margao
2025-12-23T00:12:45.293Z,GA 07 G 1001-MRG(AERIAL LADDER PLATFORM),15.2695583,73.969735,0,STOP,At Fire Station Margoa,Fire Station Margao
2025-12-23T00:12:45.293Z,GA 07 G 0820-BIC(WATER TEDNER),15.4027094,74.0029172,0,STOP,At Fire Station Ponda ,Fire Station Bicholim
2025-12-23T00:12:45.293Z,GA 07 G 5101-OLG(MS WATER TENDER),15.5003033,73.91403,0,STOP,At Fire Station Old Goa,Fire Station Old Goa
2025-12-23T00:12:45.293Z,GA 07 G 3101-BIC(MS WATER TENDER),15.5893516,73.94659,4,STOP,At Fire Station Bicholim ,Fire Station Bicholim
2025-12-23T00:12:45.293Z,GA 07 G 1941-BIC(QUICK RESPONSE),15.5894533,73.9467033,0,STOP,At Fire Station Bicholim ,Fire Station Bicholim
2025-12-23T00:12:45.293Z,GA 07 G 2319-VAS (EMERGENCY RESCUE TENDER),15.3901916,73.8524983,0,STOP,"near melisa garage,NSD, Dabolim, Goa (SW)",Fire Station Vasco
2025-12-23T00:12:45.293Z,GA 07 G 3737-VAP(WATER TENDER),15.53099,74.1387199,0,STOP,At Fire Station Valpoi ,Fire Station Valpoi
2025-12-23T00:12:45.293Z,GA 07 G 2318-PND(EMERGENCY RESCUE TENDER),15.4028416,74.0028083,0,STOP,At Fire Station Ponda ,Fire Station Ponda
2025-12-23T00:12:45.293Z,GA 07 G 2004-PND(QUICK RESPONSE),15.4026666,74.0028483,0,STOP,At Fire Station Ponda ,Fire Station Ponda
2025-12-23T00:12:45.293Z,GA 07 G 9101-PND(WATER TENDER),15.402745,74.0028816,0,STOP,At Fire Station Ponda ,Fire Station Ponda
2025-12-23T00:12:45.293Z,GA 07 G 9797-PND(WATER BOUSER),15.402635,74.00284,0,STOP,At Fire Station Ponda ,Fire Station Ponda
2025-12-23T00:12:45.293Z,GA 07 G 6363-CAN(WATER TENDER),15.0236183,74.0440433,0,INACTIVE,"Canacona, The Lalitrajbaga ,Canacona, Canacona, Goa (NE)",Fire Station Canacona
2025-12-23T00:12:45.293Z,GA 07 G 1567-CAN(QUICK RESPONSE FT),15.0171383,74.0398266,32,INACTIVE,"Canacona, The Lalitrajbaga ,Canacona, Canacona, Goa (SW)",Fire Station Canacona
2025-12-23T00:12:45.293Z,GA 07 G 1569-VRN(QUICK RESPONSE),15.3694583,73.9356766,0,STOP,At Fire Station Verna,Fire Station Verna
2025-12-23T00:12:45.293Z,GA 07 G 9909-VRN(ADVANCE MULTI-PURPOSE),15.3695866,73.9351966,0,STOP,At Fire Station Verna,Fire Station Verna
2025-12-23T00:12:45.293Z,GA 07 G 1942-VAP(QUICK RESPONSE),15.5311233,74.1388183,0,STOP,At Fire Station Valpoi ,Fire Station Valpoi
2025-12-23T00:12:45.293Z,GA 07 G 2003-CUR(QUICK RESPONSE),15.2603983,74.1037033,0,STOP,At Fire Station Curchorem,Fire Station Curchorem
2025-12-23T00:12:45.293Z,GA 07 G 7447-CUR(EMERGENCY RESCUE),15.26048,74.1037033,0,STOP,At Fire Station Curchorem,Fire Station Curchorem
2025-12-23T00:12:45.293Z,GA 07 G 7557-CUR(WATER TENDER),15.26045,74.10345,0,STOP,At Fire Station Curchorem,Fire Station Curchorem
2025-12-23T00:12:45.293Z,GA 07 G 7667-CUR(WATER BOUSER),15.1454033,73.99108,0,STOP,"Shri Shantadurga fatarpekarin Temple, Fatorpa, Cuncolim, Goa (SW)",Fire Station Curchorem
2025-12-23T00:12:45.293Z,GA 07 G 4989-KUN(WATER TENDER),15.4635767,73.9722983,0,STOP,At Fire Station Kundaim,Fire Station Kundaim
2025-12-23T00:12:45.293Z,GA 07 G 2242-PIL(WATER TENDER),15.5328322,73.7941056,0,STOP,At Fire Station Pilerne,Fire Station Pilerne
2025-12-23T00:12:45.293Z,GA 07 G 0681-MAP(QUICK RESPONSE),15.589775,73.8087733,0,STOP,At Fire Station Mapusa,Fire Station Mapusa
2025-12-23T00:12:45.293Z,GA 07 G 0307-PER(QUICK RESPONSE),15.7164939,73.7974239,0,INACTIVE,At Fire Station Pernem,Fire Station Pernem
2025-12-23T00:12:45.293Z,GA 07 G 2101-PER(MS WATER TENDER),15.7163717,73.7975772,0,STOP,At Fire Station Pernem,Fire Station Pernem
2025-12-23T00:12:45.293Z,GA 07 G 4600-PER(MINI RESCUE TENDER),15.7165206,73.7975167,0,STOP,At Fire Station Pernem,Fire Station Pernem
2025-12-23T00:12:45.293Z,GA 07 G 7272-PNJ(WATER TENDER),15.4875411,73.8176922,0,STOP,"Shenaz Shopping Centre, PWD office, 15, Lydia Gardens, St Inez Rd, Opp to, Santa Inez, Panaji, Goa (SW)",Fire Station Panaji
2025-12-23T00:12:45.293Z,GA07G2384- Cuncolim,15.1862206,74.0209944,0,STOP,At Fire Station Cuncolim,Fire Station Cuncolim
2025-12-23T00:12:45.293Z,GA07G2507 - Mid Size (Water Tender),15.7164733,73.7974933,0,STOP,At Fire Station Pernem,Fire Station Pernem
2025-12-23T00:12:45.293Z,GA07G2505 - Mid Size (Water Tender),15.530985,74.13868,0,STOP,At Fire Station Valpoi ,Fire Station Valpoi
2025-12-23T00:12:45.293Z,GA07G2504 - Mid Size (Water Tender),15.5890983,73.9465083,0,STOP,At Fire Station Bicholim ,Fire Station Bicholim
2025-12-23T00:12:45.293Z,GA07G2503-Mid Size (Water Tender),15.5900233,73.80865,0,STOP,At Fire Station Mapusa,Fire Station Mapusa
2025-12-23T00:12:45.293Z,GA07G2502 - Mid Size (Water Tender),15.4870233,73.8172283,0,STOP,"Caculo Mall, 16 Shanta, St Inez Rd, Caculo Enclave, Santa Inez, Panaji, Goa (NW)",Fire Force Headquarters
2025-12-23T00:13:51.449Z,GA 07 G 0680-PIL(QUICK RESPONSE VEHICLE),15.5329733,73.7939283,0,STOP,At Fire Station Pilerne,Fire Station Pilerne
2025-12-23T00:13:51.449Z,GA07G2506 - Mid Size (Water Tender),15.500348,73.914085,0,INACTIVE,At Fire Station Old Goa,Fire Station Old Goa
2025-12-23T00:13:51.449Z,GA 07 G 5115-POR(MINI WATER TENDER),15.522988,73.829384,0,STOP,At Porvorim Fire Station,Fire Station Porvorim
2025-12-23T00:13:51.449Z,GA 07 G 0350-MRG(WATER TENDER),15.269428,73.970604,0,STOP,At Fire Station Margoa,Fire Station Margao
2025-12-23T00:13:51.449Z,GA 07 G 2900-MAP(MINI RESCUE TENDER),15.589908,73.808716,0,STOP,At Fire Station Mapusa,Fire Station Mapusa
2025-12-23T00:13:51.449Z,GA 07 G 7600-FFHQ(WATER BOUSER),15.487103,73.817108,0,STOP,"Caculo Mall, 16 Shanta, St Inez Rd, Caculo Enclave, Santa Inez, Panaji, Goa (NW)",Fire Force Headquarters
2025-12-23T00:13:51.449Z,GA 07 G 2002-FFHQ(TURN TABLE LADDER),15.48742,73.817375,0,STOP,"Caculo Mall, 16 Shanta, St Inez Rd, Caculo Enclave, Santa Inez, Panaji, Goa (NW)",Fire Force Headquarters
2025-12-23T00:13:51.449Z,GA 07 G 7101-FFHQ(WATER TENDER),15.486877,73.817055,0,STOP,"Caculo Mall, 16 Shanta, St Inez Rd, Caculo Enclave, Santa Inez, Panaji, Goa (NW)",Fire Force Headquarters
2025-12-23T00:13:51.449Z,GA 07 G 7677-FFHQ(EMERGENCY RESCUE),15.48719,73.817192,0,STOP,"Caculo Mall, 16 Shanta, St Inez Rd, Caculo Enclave, Santa Inez, Panaji, Goa (NW)",Fire Force Headquarters
2025-12-23T00:13:51.449Z,GA 07 G 1121-PNJ(EMERGENCY RESCUE),15.487292,73.817276,0,STOP,"Caculo Mall, 16 Shanta, St Inez Rd, Caculo Enclave, Santa Inez, Panaji, Goa (NW)",Fire Station Panaji
2025-12-23T00:13:51.449Z,GA 07 G 1571-FFHQ(QUICK RESPONSE),15.48666,73.817444,0,STOP,"Caculo Mall, 16 Shanta, St Inez Rd, Caculo Enclave, Santa Inez, Panaji, Goa (NW)",Fire Force Headquarters
2025-12-23T00:13:51.449Z,GA 07 G 8101-MAP(WATER TENDER),15.589937,73.80867,0,STOP,At Fire Station Mapusa,Fire Station Mapusa
2025-12-23T00:13:51.449Z,GA 07 G 2317-MRG(EMERGENCY RESCUE TENDER),15.269325,73.9701666,0,STOP,At Fire Station Margoa,Fire Station Margao
2025-12-23T00:13:51.449Z,GA 07 G 1570-VAS(QUICK RESPONSE FIRE TENDER),15.3887783,73.8513266,0,STOP,At Fire Station Vasco,Fire Station Vasco
2025-12-23T00:13:51.449Z,GA 07 G 4101-VAS(MS WATER TENDER),15.3890783,73.85092,0,STOP,At Fire Station Vasco,Fire Station Vasco
2025-12-23T00:13:51.449Z,GA 07 G 0819-VAS(WATER/FOAM TENDER),15.3888217,73.8512367,0,IDLE,At Fire Station Vasco,Fire Station Vasco
2025-12-23T00:13:51.449Z,GA 07 G 7100-MRG(WATER BOUSER),15.2694566,73.97006,0,STOP,At Fire Station Margoa,Fire Station Margao
2025-12-23T00:13:51.449Z,GA 07 G 1568-MRG(QUICK RESPONSE ),15.269325,73.9706466,0,STOP,At Fire Station Margoa,Fire Station Margao
2025-12-23T00:13:51.449Z,GA 07 G 6101-MRG(WATER TENDER),15.2693733,73.9701416,0,STOP,At Fire Station Margoa,Fire Station Margao
2025-12-23T00:13:51.449Z,GA 07 G 1001-MRG(AERIAL LADDER PLATFORM),15.2695583,73.969735,0,STOP,At Fire Station Margoa,Fire Station Margao
2025-12-23T00:13:51.449Z,GA 07 G 0820-BIC(WATER TEDNER),15.4027094,74.0029172,0,STOP,At Fire Station Ponda ,Fire Station Bicholim
2025-12-23T00:13:51.449Z,GA 07 G 5101-OLG(MS WATER TENDER),15.5003033,73.91403,0,STOP,At Fire Station Old Goa,Fire Station Old Goa
2025-12-23T00:13:51.449Z,GA 07 G 3101-BIC(MS WATER TENDER),15.5893516,73.94659,1,STOP,At Fire Station Bicholim ,Fire Station Bicholim
2025-12-23T00:13:51.449Z,GA 07 G 1941-BIC(QUICK RESPONSE),15.5894533,73.9467033,0,STOP,At Fire Station Bicholim ,Fire Station Bicholim
2025-12-23T00:13:51.449Z,GA 07 G 2319-VAS (EMERGENCY RESCUE TENDER),15.3901916,73.8524983,0,STOP,"near melisa garage,NSD, Dabolim, Goa (SW)",Fire Station Vasco
2025-12-23T00:13:51.449Z,GA 07 G 3737-VAP(WATER TENDER),15.53099,74.1387199,0,STOP,At Fire Station Valpoi ,Fire Station Valpoi
2025-12-23T00:13:51.449Z,GA 07 G 2318-PND(EMERGENCY RESCUE TENDER),15.4028416,74.0028083,0,STOP,At Fire Station Ponda ,Fire Station Ponda
2025-12-23T00:13:51.449Z,GA 07 G 2004-PND(QUICK RESPONSE),15.4026666,74.0028483,0,STOP,At Fire Station Ponda ,Fire Station Ponda
2025-12-23T00:13:51.449Z,GA 07 G 9101-PND(WATER TENDER),15.402745,74.0028816,0,STOP,At Fire Station Ponda ,Fire Station Ponda
2025-12-23T00:13:51.449Z,GA 07 G 9797-PND(WATER BOUSER),15.402635,74.00284,0,STOP,At Fire Station Ponda ,Fire Station Ponda
2025-12-23T00:13:51.449Z,GA 07 G 6363-CAN(WATER TENDER),15.0236183,74.0440433,0,INACTIVE,"Canacona, The Lalitrajbaga ,Canacona, Canacona, Goa (NE)",Fire Station Canacona
2025-12-23T00:13:51.449Z,GA 07 G 1567-CAN(QUICK RESPONSE FT),15.0171383,74.0398266,32,INACTIVE,"Canacona, The Lalitrajbaga ,Canacona, Canacona, Goa (SW)",Fire Station Canacona
2025-12-23T00:13:51.449Z,GA 07 G 1569-VRN(QUICK RESPONSE),15.3694583,73.9356766,0,STOP,At Fire Station Verna,Fire Station Verna
2025-12-23T00:13:51.449Z,GA 07 G 9909-VRN(ADVANCE MULTI-PURPOSE),15.3695866,73.9351966,0,STOP,At Fire Station Verna,Fire Station Verna
2025-12-23T00:13:51.449Z,GA 07 G 1942-VAP(QUICK RESPONSE),15.5311233,74.1388183,0,STOP,At Fire Station Valpoi ,Fire Station Valpoi
2025-12-23T00:13:51.449Z,GA 07 G 2003-CUR(QUICK RESPONSE),15.2603983,74.1037033,0,STOP,At Fire Station Curchorem,Fire Station Curchorem
2025-12-23T00:13:51.449Z,GA 07 G 7447-CUR(EMERGENCY RESCUE),15.26048,74.1037033,0,STOP,At Fire Station Curchorem,Fire Station Curchorem
2025-12-23T00:13:51.449Z,GA 07 G 7557-CUR(WATER TENDER),15.26045,74.10345,0,STOP,At Fire Station Curchorem,Fire Station Curchorem
2025-12-23T00:13:51.449Z,GA 07 G 7667-CUR(WATER BOUSER),15.1454033,73.99108,0,STOP,"Shri Shantadurga fatarpekarin Temple, Fatorpa, Cuncolim, Goa (SW)",Fire Station Curchorem
2025-12-23T00:13:51.449Z,GA 07 G 4989-KUN(WATER TENDER),15.4635767,73.9722983,0,STOP,At Fire Station Kundaim,Fire Station Kundaim
2025-12-23T00:13:51.449Z,GA 07 G 2242-PIL(WATER TENDER),15.5328322,73.7941056,0,STOP,At Fire Station Pilerne,Fire Station Pilerne
2025-12-23T00:13:51.449Z,GA 07 G 0681-MAP(QUICK RESPONSE),15.589775,73.8087733,0,STOP,At Fire Station Mapusa,Fire Station Mapusa
2025-12-23T00:13:51.449Z,GA 07 G 0307-PER(QUICK RESPONSE),15.7164939,73.7974239,0,INACTIVE,At Fire Station Pernem,Fire Station Pernem
2025-12-23T00:13:51.449Z,GA 07 G 2101-PER(MS WATER TENDER),15.7163717,73.7975772,0,STOP,At Fire Station Pernem,Fire Station Pernem
2025-12-23T00:13:51.449Z,GA 07 G 4600-PER(MINI RESCUE TENDER),15.7165206,73.7975167,0,STOP,At Fire Station Pernem,Fire Station Pernem
2025-12-23T00:13:51.449Z,GA 07 G 7272-PNJ(WATER TENDER),15.4875411,73.8176922,0,STOP,"Shenaz Shopping Centre, PWD office, 15, Lydia Gardens, St Inez Rd, Opp to, Santa Inez, Panaji, Goa (SW)",Fire Station Panaji
2025-12-23T00:13:51.449Z,GA07G2384- Cuncolim,15.1862206,74.0209944,0,STOP,At Fire Station Cuncolim,Fire Station Cuncolim
2025-12-23T00:13:51.449Z,GA07G2507 - Mid Size (Water Tender),15.7164733,73.7974933,0,STOP,At Fire Station Pernem,Fire Station Pernem
2025-12-23T00:13:51.449Z,GA07G2505 - Mid Size (Water Tender),15.530985,74.13868,0,STOP,At Fire Station Valpoi ,Fire Station Valpoi
2025-12-23T00:13:51.449Z,GA07G2504 - Mid Size (Water Tender),15.5890983,73.9465083,0,STOP,At Fire Station Bicholim ,Fire Station Bicholim
2025-12-23T00:13:51.449Z,GA07G2503-Mid Size (Water Tender),15.5900233,73.80865,0,STOP,At Fire Station Mapusa,Fire Station Mapusa
2025-12-23T00:13:51.449Z,GA07G2502 - Mid Size (Water Tender),15.4870233,73.8172283,0,STOP,"Caculo Mall, 16 Shanta, St Inez Rd, Caculo Enclave, Santa Inez, Panaji, Goa (NW)",Fire Force Headquarters
2025-12-23T00:14:52.795Z,GA 07 G 0680-PIL(QUICK RESPONSE VEHICLE),15.5329733,73.7939283,0,STOP,At Fire Station Pilerne,Fire Station Pilerne
2025-12-23T00:14:52.795Z,GA07G2506 - Mid Size (Water Tender),15.500348,73.914085,0,INACTIVE,At Fire Station Old Goa,Fire Station Old Goa
2025-12-23T00:14:52.795Z,GA 07 G 5115-POR(MINI WATER TENDER),15.522988,73.829384,0,STOP,At Porvorim Fire Station,Fire Station Porvorim
2025-12-23T00:14:52.795Z,GA 07 G 0350-MRG(WATER TENDER),15.269428,73.970604,0,STOP,At Fire Station Margoa,Fire Station Margao
2025-12-23T00:14:52.795Z,GA 07 G 2900-MAP(MINI RESCUE TENDER),15.589908,73.808716,0,STOP,At Fire Station Mapusa,Fire Station Mapusa
2025-12-23T00:14:52.795Z,GA 07 G 7600-FFHQ(WATER BOUSER),15.487103,73.817108,0,STOP,"Caculo Mall, 16 Shanta, St Inez Rd, Caculo Enclave, Santa Inez, Panaji, Goa (NW)",Fire Force Headquarters
2025-12-23T00:14:52.795Z,GA 07 G 2002-FFHQ(TURN TABLE LADDER),15.48742,73.817375,0,STOP,"Caculo Mall, 16 Shanta, St Inez Rd, Caculo Enclave, Santa Inez, Panaji, Goa (NW)",Fire Force Headquarters
2025-12-23T00:14:52.795Z,GA 07 G 7101-FFHQ(WATER TENDER),15.486877,73.817055,0,STOP,"Caculo Mall, 16 Shanta, St Inez Rd, Caculo Enclave, Santa Inez, Panaji, Goa (NW)",Fire Force Headquarters
2025-12-23T00:14:52.795Z,GA 07 G 7677-FFHQ(EMERGENCY RESCUE),15.48719,73.817192,0,STOP,"Caculo Mall, 16 Shanta, St Inez Rd, Caculo Enclave, Santa Inez, Panaji, Goa (NW)",Fire Force Headquarters
2025-12-23T00:14:52.795Z,GA 07 G 1121-PNJ(EMERGENCY RESCUE),15.487292,73.817276,0,STOP,"Caculo Mall, 16 Shanta, St Inez Rd, Caculo Enclave, Santa Inez, Panaji, Goa (NW)",Fire Station Panaji
2025-12-23T00:14:52.795Z,GA 07 G 1571-FFHQ(QUICK RESPONSE),15.48666,73.817444,0,STOP,"Caculo Mall, 16 Shanta, St Inez Rd, Caculo Enclave, Santa Inez, Panaji, Goa (NW)",Fire Force Headquarters
2025-12-23T00:14:52.795Z,GA 07 G 8101-MAP(WATER TENDER),15.589937,73.80867,0,STOP,At Fire Station Mapusa,Fire Station Mapusa
2025-12-23T00:14:52.795Z,GA 07 G 2317-MRG(EMERGENCY RESCUE TENDER),15.269325,73.9701666,0,STOP,At Fire Station Margoa,Fire Station Margao
2025-12-23T00:14:52.795Z,GA 07 G 1570-VAS(QUICK RESPONSE FIRE TENDER),15.3887783,73.8513266,0,STOP,At Fire Station Vasco,Fire Station Vasco
2025-12-23T00:14:52.795Z,GA 07 G 4101-VAS(MS WATER TENDER),15.3890783,73.85092,0,STOP,At Fire Station Vasco,Fire Station Vasco
2025-12-23T00:14:52.795Z,GA 07 G 0819-VAS(WATER/FOAM TENDER),15.3888217,73.8512367,0,IDLE,At Fire Station Vasco,Fire Station Vasco
2025-12-23T00:14:52.795Z,GA 07 G 7100-MRG(WATER BOUSER),15.2694566,73.97006,0,STOP,At Fire Station Margoa,Fire Station Margao
2025-12-23T00:14:52.795Z,GA 07 G 1568-MRG(QUICK RESPONSE ),15.269325,73.9706466,0,STOP,At Fire Station Margoa,Fire Station Margao
2025-12-23T00:14:52.795Z,GA 07 G 6101-MRG(WATER TENDER),15.2693733,73.9701416,0,STOP,At Fire Station Margoa,Fire Station Margao
2025-12-23T00:14:52.795Z,GA 07 G 1001-MRG(AERIAL LADDER PLATFORM),15.2695583,73.969735,0,STOP,At Fire Station Margoa,Fire Station Margao
2025-12-23T00:14:52.795Z,GA 07 G 0820-BIC(WATER TEDNER),15.4027094,74.0029172,0,STOP,At Fire Station Ponda ,Fire Station Bicholim
2025-12-23T00:14:52.795Z,GA 07 G 5101-OLG(MS WATER TENDER),15.5003033,73.91403,0,STOP,At Fire Station Old Goa,Fire Station Old Goa
2025-12-23T00:14:52.795Z,GA 07 G 3101-BIC(MS WATER TENDER),15.5893516,73.94659,4,STOP,At Fire Station Bicholim ,Fire Station Bicholim
2025-12-23T00:14:52.795Z,GA 07 G 1941-BIC(QUICK RESPONSE),15.5894533,73.9467033,0,STOP,At Fire Station Bicholim ,Fire Station Bicholim
2025-12-23T00:14:52.795Z,GA 07 G 2319-VAS (EMERGENCY RESCUE TENDER),15.3901916,73.8524983,0,STOP,"near melisa garage,NSD, Dabolim, Goa (SW)",Fire Station Vasco
2025-12-23T00:14:52.795Z,GA 07 G 3737-VAP(WATER TENDER),15.53099,74.1387199,0,STOP,At Fire Station Valpoi ,Fire Station Valpoi
2025-12-23T00:14:52.795Z,GA 07 G 2318-PND(EMERGENCY RESCUE TENDER),15.4028416,74.0028083,0,STOP,At Fire Station Ponda ,Fire Station Ponda
2025-12-23T00:14:52.795Z,GA 07 G 2004-PND(QUICK RESPONSE),15.4026666,74.0028483,0,STOP,At Fire Station Ponda ,Fire Station Ponda
2025-12-23T00:14:52.795Z,GA 07 G 9101-PND(WATER TENDER),15.402745,74.0028816,0,STOP,At Fire Station Ponda ,Fire Station Ponda
2025-12-23T00:14:52.795Z,GA 07 G 9797-PND(WATER BOUSER),15.402635,74.00284,0,STOP,At Fire Station Ponda ,Fire Station Ponda
2025-12-23T00:14:52.795Z,GA 07 G 6363-CAN(WATER TENDER),15.0236183,74.0440433,0,INACTIVE,"Canacona, The Lalitrajbaga ,Canacona, Canacona, Goa (NE)",Fire Station Canacona
2025-12-23T00:14:52.795Z,GA 07 G 1567-CAN(QUICK RESPONSE FT),15.0171383,74.0398266,32,INACTIVE,"Canacona, The Lalitrajbaga ,Canacona, Canacona, Goa (SW)",Fire Station Canacona
2025-12-23T00:14:52.795Z,GA 07 G 1569-VRN(QUICK RESPONSE),15.3694583,73.9356766,0,STOP,At Fire Station Verna,Fire Station Verna
2025-12-23T00:14:52.795Z,GA 07 G 9909-VRN(ADVANCE MULTI-PURPOSE),15.3695866,73.9351966,0,STOP,At Fire Station Verna,Fire Station Verna
2025-12-23T00:14:52.795Z,GA 07 G 1942-VAP(QUICK RESPONSE),15.5311233,74.1388183,0,STOP,At Fire Station Valpoi ,Fire Station Valpoi
2025-12-23T00:14:52.795Z,GA 07 G 2003-CUR(QUICK RESPONSE),15.2603983,74.1037033,0,STOP,At Fire Station Curchorem,Fire Station Curchorem
2025-12-23T00:14:52.795Z,GA 07 G 7447-CUR(EMERGENCY RESCUE),15.26048,74.1037033,0,STOP,At Fire Station Curchorem,Fire Station Curchorem
2025-12-23T00:14:52.795Z,GA 07 G 7557-CUR(WATER TENDER),15.26045,74.10345,0,STOP,At Fire Station Curchorem,Fire Station Curchorem
2025-12-23T00:14:52.795Z,GA 07 G 7667-CUR(WATER BOUSER),15.1454033,73.99108,0,STOP,"Shri Shantadurga fatarpekarin Temple, Fatorpa, Cuncolim, Goa (SW)",Fire Station Curchorem
2025-12-23T00:14:52.795Z,GA 07 G 4989-KUN(WATER TENDER),15.4635767,73.9722983,0,STOP,At Fire Station Kundaim,Fire Station Kundaim
2025-12-23T00:14:52.795Z,GA 07 G 2242-PIL(WATER TENDER),15.5328322,73.7941056,0,STOP,At Fire Station Pilerne,Fire Station Pilerne
2025-12-23T00:14:52.795Z,GA 07 G 0681-MAP(QUICK RESPONSE),15.589775,73.8087733,0,STOP,At Fire Station Mapusa,Fire Station Mapusa
2025-12-23T00:14:52.795Z,GA 07 G 0307-PER(QUICK RESPONSE),15.7164939,73.7974239,0,INACTIVE,At Fire Station Pernem,Fire Station Pernem
2025-12-23T00:14:52.795Z,GA 07 G 2101-PER(MS WATER TENDER),15.7163717,73.7975772,0,STOP,At Fire Station Pernem,Fire Station Pernem
2025-12-23T00:14:52.795Z,GA 07 G 4600-PER(MINI RESCUE TENDER),15.7165206,73.7975167,0,STOP,At Fire Station Pernem,Fire Station Pernem
2025-12-23T00:14:52.795Z,GA 07 G 7272-PNJ(WATER TENDER),15.4875411,73.8176922,0,STOP,"Shenaz Shopping Centre, PWD office, 15, Lydia Gardens, St Inez Rd, Opp to, Santa Inez, Panaji, Goa (SW)",Fire Station Panaji
2025-12-23T00:14:52.795Z,GA07G2384- Cuncolim,15.1862206,74.0209944,0,STOP,At Fire Station Cuncolim,Fire Station Cuncolim
2025-12-23T00:14:52.795Z,GA07G2507 - Mid Size (Water Tender),15.7164733,73.7974933,0,STOP,At Fire Station Pernem,Fire Station Pernem
2025-12-23T00:14:52.795Z,GA07G2505 - Mid Size (Water Tender),15.530985,74.13868,0,STOP,At Fire Station Valpoi ,Fire Station Valpoi
2025-12-23T00:14:52.795Z,GA07G2504 - Mid Size (Water Tender),15.5890983,73.9465083,0,STOP,At Fire Station Bicholim ,Fire Station Bicholim
2025-12-23T00:14:52.795Z,GA07G2503-Mid Size (Water Tender),15.5900233,73.80865,0,STOP,At Fire Station Mapusa,Fire Station Mapusa
2025-12-23T00:14:52.795Z,GA07G2502 - Mid Size (Water Tender),15.4870233,73.8172283,0,STOP,"Caculo Mall, 16 Shanta, St Inez Rd, Caculo Enclave, Santa Inez, Panaji, Goa (NW)",Fire Force Headquarters
2025-12-23T00:15:44.230Z,GA 07 G 0680-PIL(QUICK RESPONSE VEHICLE),15.5329733,73.7939283,0,STOP,At Fire Station Pilerne,Fire Station Pilerne
2025-12-23T00:15:44.230Z,GA07G2506 - Mid Size (Water Tender),15.500348,73.914085,0,INACTIVE,At Fire Station Old Goa,Fire Station Old Goa
2025-12-23T00:15:44.230Z,GA 07 G 5115-POR(MINI WATER TENDER),15.522988,73.829384,0,STOP,At Porvorim Fire Station,Fire Station Porvorim
2025-12-23T00:15:44.230Z,GA 07 G 0350-MRG(WATER TENDER),15.269428,73.970604,0,STOP,At Fire Station Margoa,Fire Station Margao
2025-12-23T00:15:44.230Z,GA 07 G 2900-MAP(MINI RESCUE TENDER),15.589908,73.808716,0,STOP,At Fire Station Mapusa,Fire Station Mapusa
2025-12-23T00:15:44.230Z,GA 07 G 7600-FFHQ(WATER BOUSER),15.487103,73.817108,0,STOP,"Caculo Mall, 16 Shanta, St Inez Rd, Caculo Enclave, Santa Inez, Panaji, Goa (NW)",Fire Force Headquarters
2025-12-23T00:15:44.230Z,GA 07 G 2002-FFHQ(TURN TABLE LADDER),15.48742,73.817375,0,STOP,"Caculo Mall, 16 Shanta, St Inez Rd, Caculo Enclave, Santa Inez, Panaji, Goa (NW)",Fire Force Headquarters
2025-12-23T00:15:44.230Z,GA 07 G 7101-FFHQ(WATER TENDER),15.486877,73.817055,0,STOP,"Caculo Mall, 16 Shanta, St Inez Rd, Caculo Enclave, Santa Inez, Panaji, Goa (NW)",Fire Force Headquarters
2025-12-23T00:15:44.230Z,GA 07 G 7677-FFHQ(EMERGENCY RESCUE),15.48719,73.817192,0,STOP,"Caculo Mall, 16 Shanta, St Inez Rd, Caculo Enclave, Santa Inez, Panaji, Goa (NW)",Fire Force Headquarters
2025-12-23T00:15:44.230Z,GA 07 G 1121-PNJ(EMERGENCY RESCUE),15.487292,73.817276,0,STOP,"Caculo Mall, 16 Shanta, St Inez Rd, Caculo Enclave, Santa Inez, Panaji, Goa (NW)",Fire Station Panaji
2025-12-23T00:15:44.230Z,GA 07 G 1571-FFHQ(QUICK RESPONSE),15.48666,73.817444,0,STOP,"Caculo Mall, 16 Shanta, St Inez Rd, Caculo Enclave, Santa Inez, Panaji, Goa (NW)",Fire Force Headquarters
2025-12-23T00:15:44.230Z,GA 07 G 8101-MAP(WATER TENDER),15.589937,73.80867,0,STOP,At Fire Station Mapusa,Fire Station Mapusa
2025-12-23T00:15:44.230Z,GA 07 G 2317-MRG(EMERGENCY RESCUE TENDER),15.269325,73.9700283,0,STOP,At Fire Station Margoa,Fire Station Margao
2025-12-23T00:15:44.230Z,GA 07 G 1570-VAS(QUICK RESPONSE FIRE TENDER),15.3887783,73.8513266,0,STOP,At Fire Station Vasco,Fire Station Vasco
2025-12-23T00:15:44.230Z,GA 07 G 4101-VAS(MS WATER TENDER),15.3890783,73.85092,0,STOP,At Fire Station Vasco,Fire Station Vasco
2025-12-23T00:15:44.230Z,GA 07 G 0819-VAS(WATER/FOAM TENDER),15.3888217,73.8512367,0,IDLE,At Fire Station Vasco,Fire Station Vasco
2025-12-23T00:15:44.230Z,GA 07 G 7100-MRG(WATER BOUSER),15.2694566,73.97006,0,STOP,At Fire Station Margoa,Fire Station Margao
2025-12-23T00:15:44.230Z,GA 07 G 1568-MRG(QUICK RESPONSE ),15.269325,73.9706466,0,STOP,At Fire Station Margoa,Fire Station Margao
2025-12-23T00:15:44.230Z,GA 07 G 6101-MRG(WATER TENDER),15.2693733,73.9701416,0,STOP,At Fire Station Margoa,Fire Station Margao
2025-12-23T00:15:44.230Z,GA 07 G 1001-MRG(AERIAL LADDER PLATFORM),15.2695583,73.969735,0,STOP,At Fire Station Margoa,Fire Station Margao
2025-12-23T00:15:44.230Z,GA 07 G 0820-BIC(WATER TEDNER),15.4027094,74.0029172,0,STOP,At Fire Station Ponda ,Fire Station Bicholim
2025-12-23T00:15:44.230Z,GA 07 G 5101-OLG(MS WATER TENDER),15.5003033,73.91403,0,STOP,At Fire Station Old Goa,Fire Station Old Goa
2025-12-23T00:15:44.230Z,GA 07 G 3101-BIC(MS WATER TENDER),15.5893516,73.94659,0,STOP,At Fire Station Bicholim ,Fire Station Bicholim
2025-12-23T00:15:44.230Z,GA 07 G 1941-BIC(QUICK RESPONSE),15.5894533,73.9467033,0,STOP,At Fire Station Bicholim ,Fire Station Bicholim
2025-12-23T00:15:44.230Z,GA 07 G 2319-VAS (EMERGENCY RESCUE TENDER),15.3901916,73.8524983,0,STOP,"near melisa garage,NSD, Dabolim, Goa (SW)",Fire Station Vasco
2025-12-23T00:15:44.230Z,GA 07 G 3737-VAP(WATER TENDER),15.53099,74.1387199,0,STOP,At Fire Station Valpoi ,Fire Station Valpoi
2025-12-23T00:15:44.230Z,GA 07 G 2318-PND(EMERGENCY RESCUE TENDER),15.4028416,74.0028083,0,STOP,At Fire Station Ponda ,Fire Station Ponda
2025-12-23T00:15:44.230Z,GA 07 G 2004-PND(QUICK RESPONSE),15.4026666,74.0028483,0,STOP,At Fire Station Ponda ,Fire Station Ponda
2025-12-23T00:15:44.230Z,GA 07 G 9101-PND(WATER TENDER),15.402745,74.0028816,0,STOP,At Fire Station Ponda ,Fire Station Ponda
2025-12-23T00:15:44.230Z,GA 07 G 9797-PND(WATER BOUSER),15.402635,74.00284,0,STOP,At Fire Station Ponda ,Fire Station Ponda
2025-12-23T00:15:44.230Z,GA 07 G 6363-CAN(WATER TENDER),15.0236183,74.0440433,0,INACTIVE,"Canacona, The Lalitrajbaga ,Canacona, Canacona, Goa (NE)",Fire Station Canacona
2025-12-23T00:15:44.230Z,GA 07 G 1567-CAN(QUICK RESPONSE FT),15.0171383,74.0398266,32,INACTIVE,"Canacona, The Lalitrajbaga ,Canacona, Canacona, Goa (SW)",Fire Station Canacona
2025-12-23T00:15:44.230Z,GA 07 G 1569-VRN(QUICK RESPONSE),15.3694583,73.9356766,0,STOP,At Fire Station Verna,Fire Station Verna
2025-12-23T00:15:44.230Z,GA 07 G 9909-VRN(ADVANCE MULTI-PURPOSE),15.3695866,73.9351966,0,STOP,At Fire Station Verna,Fire Station Verna
2025-12-23T00:15:44.230Z,GA 07 G 1942-VAP(QUICK RESPONSE),15.5311233,74.1388183,0,STOP,At Fire Station Valpoi ,Fire Station Valpoi
2025-12-23T00:15:44.230Z,GA 07 G 2003-CUR(QUICK RESPONSE),15.2603983,74.1037033,0,STOP,At Fire Station Curchorem,Fire Station Curchorem
2025-12-23T00:15:44.230Z,GA 07 G 7447-CUR(EMERGENCY RESCUE),15.26048,74.1037033,0,STOP,At Fire Station Curchorem,Fire Station Curchorem
2025-12-23T00:15:44.230Z,GA 07 G 7557-CUR(WATER TENDER),15.26045,74.10345,0,STOP,At Fire Station Curchorem,Fire Station Curchorem
2025-12-23T00:15:44.230Z,GA 07 G 7667-CUR(WATER BOUSER),15.1454033,73.99108,0,STOP,"Shri Shantadurga fatarpekarin Temple, Fatorpa, Cuncolim, Goa (SW)",Fire Station Curchorem
2025-12-23T00:15:44.230Z,GA 07 G 4989-KUN(WATER TENDER),15.4635767,73.9722983,0,STOP,At Fire Station Kundaim,Fire Station Kundaim
2025-12-23T00:15:44.230Z,GA 07 G 2242-PIL(WATER TENDER),15.5328322,73.7941056,0,STOP,At Fire Station Pilerne,Fire Station Pilerne
2025-12-23T00:15:44.230Z,GA 07 G 0681-MAP(QUICK RESPONSE),15.589775,73.8087733,0,STOP,At Fire Station Mapusa,Fire Station Mapusa
2025-12-23T00:15:44.230Z,GA 07 G 0307-PER(QUICK RESPONSE),15.7164939,73.7974239,0,INACTIVE,At Fire Station Pernem,Fire Station Pernem
2025-12-23T00:15:44.230Z,GA 07 G 2101-PER(MS WATER TENDER),15.7163717,73.7975772,0,STOP,At Fire Station Pernem,Fire Station Pernem
2025-12-23T00:15:44.230Z,GA 07 G 4600-PER(MINI RESCUE TENDER),15.7165206,73.7975167,0,STOP,At Fire Station Pernem,Fire Station Pernem
2025-12-23T00:15:44.230Z,GA 07 G 7272-PNJ(WATER TENDER),15.4875411,73.8176922,0,STOP,"Shenaz Shopping Centre, PWD office, 15, Lydia Gardens, St Inez Rd, Opp to, Santa Inez, Panaji, Goa (SW)",Fire Station Panaji
2025-12-23T00:15:44.230Z,GA07G2384- Cuncolim,15.1862206,74.0209944,0,STOP,At Fire Station Cuncolim,Fire Station Cuncolim
2025-12-23T00:15:44.230Z,GA07G2507 - Mid Size (Water Tender),15.7164733,73.7974933,0,STOP,At Fire Station Pernem,Fire Station Pernem
2025-12-23T00:15:44.230Z,GA07G2505 - Mid Size (Water Tender),15.530985,74.13868,0,STOP,At Fire Station Valpoi ,Fire Station Valpoi
2025-12-23T00:15:44.230Z,GA07G2504 - Mid Size (Water Tender),15.5890983,73.9465083,0,STOP,At Fire Station Bicholim ,Fire Station Bicholim
2025-12-23T00:15:44.230Z,GA07G2503-Mid Size (Water Tender),15.5900233,73.80865,0,STOP,At Fire Station Mapusa,Fire Station Mapusa
2025-12-23T00:15:44.230Z,GA07G2502 - Mid Size (Water Tender),15.4870233,73.8172283,0,STOP,"Caculo Mall, 16 Shanta, St Inez Rd, Caculo Enclave, Santa Inez, Panaji, Goa (NW)",Fire Force Headquarters
2025-12-23T00:16:42.482Z,GA 07 G 0680-PIL(QUICK RESPONSE VEHICLE),15.5329733,73.7939283,0,STOP,At Fire Station Pilerne,Fire Station Pilerne
2025-12-23T00:16:42.482Z,GA07G2506 - Mid Size (Water Tender),15.500348,73.914085,0,INACTIVE,At Fire Station Old Goa,Fire Station Old Goa
2025-12-23T00:16:42.482Z,GA 07 G 5115-POR(MINI WATER TENDER),15.522988,73.829384,0,STOP,At Porvorim Fire Station,Fire Station Porvorim
2025-12-23T00:16:42.482Z,GA 07 G 0350-MRG(WATER TENDER),15.269428,73.970604,0,STOP,At Fire Station Margoa,Fire Station Margao
2025-12-23T00:16:42.482Z,GA 07 G 2900-MAP(MINI RESCUE TENDER),15.589908,73.808716,0,STOP,At Fire Station Mapusa,Fire Station Mapusa
2025-12-23T00:16:42.482Z,GA 07 G 7600-FFHQ(WATER BOUSER),15.487103,73.817108,0,STOP,"Caculo Mall, 16 Shanta, St Inez Rd, Caculo Enclave, Santa Inez, Panaji, Goa (NW)",Fire Force Headquarters
2025-12-23T00:16:42.482Z,GA 07 G 2002-FFHQ(TURN TABLE LADDER),15.48742,73.817375,0,STOP,"Caculo Mall, 16 Shanta, St Inez Rd, Caculo Enclave, Santa Inez, Panaji, Goa (NW)",Fire Force Headquarters
2025-12-23T00:16:42.482Z,GA 07 G 7101-FFHQ(WATER TENDER),15.486877,73.817055,0,STOP,"Caculo Mall, 16 Shanta, St Inez Rd, Caculo Enclave, Santa Inez, Panaji, Goa (NW)",Fire Force Headquarters
2025-12-23T00:16:42.482Z,GA 07 G 7677-FFHQ(EMERGENCY RESCUE),15.48719,73.817192,0,STOP,"Caculo Mall, 16 Shanta, St Inez Rd, Caculo Enclave, Santa Inez, Panaji, Goa (NW)",Fire Force Headquarters
2025-12-23T00:16:42.482Z,GA 07 G 1121-PNJ(EMERGENCY RESCUE),15.487292,73.817276,0,STOP,"Caculo Mall, 16 Shanta, St Inez Rd, Caculo Enclave, Santa Inez, Panaji, Goa (NW)",Fire Station Panaji
2025-12-23T00:16:42.482Z,GA 07 G 1571-FFHQ(QUICK RESPONSE),15.48666,73.817444,0,STOP,"Caculo Mall, 16 Shanta, St Inez Rd, Caculo Enclave, Santa Inez, Panaji, Goa (NW)",Fire Force Headquarters
2025-12-23T00:16:42.482Z,GA 07 G 8101-MAP(WATER TENDER),15.589937,73.80867,0,STOP,At Fire Station Mapusa,Fire Station Mapusa
2025-12-23T00:16:42.482Z,GA 07 G 2317-MRG(EMERGENCY RESCUE TENDER),15.269325,73.9700283,0,STOP,At Fire Station Margoa,Fire Station Margao
2025-12-23T00:16:42.482Z,GA 07 G 1570-VAS(QUICK RESPONSE FIRE TENDER),15.3887783,73.8513266,0,STOP,At Fire Station Vasco,Fire Station Vasco
2025-12-23T00:16:42.482Z,GA 07 G 4101-VAS(MS WATER TENDER),15.3890783,73.85092,0,STOP,At Fire Station Vasco,Fire Station Vasco
2025-12-23T00:16:42.482Z,GA 07 G 0819-VAS(WATER/FOAM TENDER),15.3888217,73.8512367,0,IDLE,At Fire Station Vasco,Fire Station Vasco
2025-12-23T00:16:42.482Z,GA 07 G 7100-MRG(WATER BOUSER),15.2694566,73.97006,0,STOP,At Fire Station Margoa,Fire Station Margao
2025-12-23T00:16:42.482Z,GA 07 G 1568-MRG(QUICK RESPONSE ),15.269325,73.9706466,0,STOP,At Fire Station Margoa,Fire Station Margao
2025-12-23T00:16:42.482Z,GA 07 G 6101-MRG(WATER TENDER),15.2693733,73.9701416,0,STOP,At Fire Station Margoa,Fire Station Margao
2025-12-23T00:16:42.482Z,GA 07 G 1001-MRG(AERIAL LADDER PLATFORM),15.2695583,73.969735,0,STOP,At Fire Station Margoa,Fire Station Margao
2025-12-23T00:16:42.482Z,GA 07 G 0820-BIC(WATER TEDNER),15.4027094,74.0029172,0,STOP,At Fire Station Ponda ,Fire Station Bicholim
2025-12-23T00:16:42.482Z,GA 07 G 5101-OLG(MS WATER TENDER),15.5003033,73.91403,0,STOP,At Fire Station Old Goa,Fire Station Old Goa
2025-12-23T00:16:42.482Z,GA 07 G 3101-BIC(MS WATER TENDER),15.5893516,73.94659,0,STOP,At Fire Station Bicholim ,Fire Station Bicholim
2025-12-23T00:16:42.482Z,GA 07 G 1941-BIC(QUICK RESPONSE),15.5894533,73.9467033,0,STOP,At Fire Station Bicholim ,Fire Station Bicholim
2025-12-23T00:16:42.482Z,GA 07 G 2319-VAS (EMERGENCY RESCUE TENDER),15.3901916,73.8524983,0,STOP,"near melisa garage,NSD, Dabolim, Goa (SW)",Fire Station Vasco
2025-12-23T00:16:42.482Z,GA 07 G 3737-VAP(WATER TENDER),15.53099,74.1387199,0,STOP,At Fire Station Valpoi ,Fire Station Valpoi
2025-12-23T00:16:42.482Z,GA 07 G 2318-PND(EMERGENCY RESCUE TENDER),15.4028416,74.0028083,0,STOP,At Fire Station Ponda ,Fire Station Ponda
2025-12-23T00:16:42.482Z,GA 07 G 2004-PND(QUICK RESPONSE),15.4026666,74.0028483,0,STOP,At Fire Station Ponda ,Fire Station Ponda
2025-12-23T00:16:42.482Z,GA 07 G 9101-PND(WATER TENDER),15.402745,74.0028816,0,STOP,At Fire Station Ponda ,Fire Station Ponda
2025-12-23T00:16:42.482Z,GA 07 G 9797-PND(WATER BOUSER),15.402635,74.00284,0,STOP,At Fire Station Ponda ,Fire Station Ponda
2025-12-23T00:16:42.482Z,GA 07 G 6363-CAN(WATER TENDER),15.0236183,74.0440433,0,INACTIVE,"Canacona, The Lalitrajbaga ,Canacona, Canacona, Goa (NE)",Fire Station Canacona
2025-12-23T00:16:42.482Z,GA 07 G 1567-CAN(QUICK RESPONSE FT),15.0171383,74.0398266,32,INACTIVE,"Canacona, The Lalitrajbaga ,Canacona, Canacona, Goa (SW)",Fire Station Canacona
2025-12-23T00:16:42.482Z,GA 07 G 1569-VRN(QUICK RESPONSE),15.3694583,73.9356766,0,STOP,At Fire Station Verna,Fire Station Verna
2025-12-23T00:16:42.482Z,GA 07 G 9909-VRN(ADVANCE MULTI-PURPOSE),15.3695866,73.9351966,0,STOP,At Fire Station Verna,Fire Station Verna
2025-12-23T00:16:42.482Z,GA 07 G 1942-VAP(QUICK RESPONSE),15.5311233,74.1388183,0,STOP,At Fire Station Valpoi ,Fire Station Valpoi
2025-12-23T00:16:42.482Z,GA 07 G 2003-CUR(QUICK RESPONSE),15.2603983,74.1037033,0,STOP,At Fire Station Curchorem,Fire Station Curchorem
2025-12-23T00:16:42.482Z,GA 07 G 7447-CUR(EMERGENCY RESCUE),15.26048,74.1037033,0,STOP,At Fire Station Curchorem,Fire Station Curchorem
2025-12-23T00:16:42.482Z,GA 07 G 7557-CUR(WATER TENDER),15.26045,74.10345,0,STOP,At Fire Station Curchorem,Fire Station Curchorem
2025-12-23T00:16:42.482Z,GA 07 G 7667-CUR(WATER BOUSER),15.1454033,73.99108,0,STOP,"Shri Shantadurga fatarpekarin Temple, Fatorpa, Cuncolim, Goa (SW)",Fire Station Curchorem
2025-12-23T00:16:42.482Z,GA 07 G 4989-KUN(WATER TENDER),15.4635767,73.9722983,0,STOP,At Fire Station Kundaim,Fire Station Kundaim
2025-12-23T00:16:42.482Z,GA 07 G 2242-PIL(WATER TENDER),15.5328322,73.7941056,0,STOP,At Fire Station Pilerne,Fire Station Pilerne
2025-12-23T00:16:42.482Z,GA 07 G 0681-MAP(QUICK RESPONSE),15.589775,73.8087733,0,STOP,At Fire Station Mapusa,Fire Station Mapusa
2025-12-23T00:16:42.482Z,GA 07 G 0307-PER(QUICK RESPONSE),15.7164939,73.7974239,0,INACTIVE,At Fire Station Pernem,Fire Station Pernem
2025-12-23T00:16:42.482Z,GA 07 G 2101-PER(MS WATER TENDER),15.7163717,73.7975772,0,STOP,At Fire Station Pernem,Fire Station Pernem
2025-12-23T00:16:42.482Z,GA 07 G 4600-PER(MINI RESCUE TENDER),15.7165206,73.7975167,0,STOP,At Fire Station Pernem,Fire Station Pernem
2025-12-23T00:16:42.482Z,GA 07 G 7272-PNJ(WATER TENDER),15.4875411,73.8176922,0,STOP,"Shenaz Shopping Centre, PWD office, 15, Lydia Gardens, St Inez Rd, Opp to, Santa Inez, Panaji, Goa (SW)",Fire Station Panaji
2025-12-23T00:16:42.482Z,GA07G2384- Cuncolim,15.1862206,74.0209944,0,STOP,At Fire Station Cuncolim,Fire Station Cuncolim
2025-12-23T00:16:42.482Z,GA07G2507 - Mid Size (Water Tender),15.7164733,73.7974933,0,STOP,At Fire Station Pernem,Fire Station Pernem
2025-12-23T00:16:42.482Z,GA07G2505 - Mid Size (Water Tender),15.530985,74.13868,0,STOP,At Fire Station Valpoi ,Fire Station Valpoi
2025-12-23T00:16:42.482Z,GA07G2504 - Mid Size (Water Tender),15.5890983,73.9465083,0,STOP,At Fire Station Bicholim ,Fire Station Bicholim
2025-12-23T00:16:42.482Z,GA07G2503-Mid Size (Water Tender),15.5900233,73.80865,0,STOP,At Fire Station Mapusa,Fire Station Mapusa
2025-12-23T00:16:42.482Z,GA07G2502 - Mid Size (Water Tender),15.4870233,73.8172283,0,STOP,"Caculo Mall, 16 Shanta, St Inez Rd, Caculo Enclave, Santa Inez, Panaji, Goa (NW)",Fire Force Headquarters
2025-12-23T00:17:41.417Z,GA 07 G 0680-PIL(QUICK RESPONSE VEHICLE),15.5329733,73.7939283,0,STOP,At Fire Station Pilerne,Fire Station Pilerne
2025-12-23T00:17:41.417Z,GA07G2506 - Mid Size (Water Tender),15.500348,73.914085,0,INACTIVE,At Fire Station Old Goa,Fire Station Old Goa
2025-12-23T00:17:41.417Z,GA 07 G 5115-POR(MINI WATER TENDER),15.522988,73.829384,0,STOP,At Porvorim Fire Station,Fire Station Porvorim
2025-12-23T00:17:41.417Z,GA 07 G 0350-MRG(WATER TENDER),15.269428,73.970604,0,STOP,At Fire Station Margoa,Fire Station Margao
2025-12-23T00:17:41.417Z,GA 07 G 2900-MAP(MINI RESCUE TENDER),15.589908,73.808716,0,STOP,At Fire Station Mapusa,Fire Station Mapusa
2025-12-23T00:17:41.417Z,GA 07 G 7600-FFHQ(WATER BOUSER),15.487103,73.817108,0,STOP,"Caculo Mall, 16 Shanta, St Inez Rd, Caculo Enclave, Santa Inez, Panaji, Goa (NW)",Fire Force Headquarters
2025-12-23T00:17:41.417Z,GA 07 G 2002-FFHQ(TURN TABLE LADDER),15.48742,73.817375,0,STOP,"Caculo Mall, 16 Shanta, St Inez Rd, Caculo Enclave, Santa Inez, Panaji, Goa (NW)",Fire Force Headquarters
2025-12-23T00:17:41.417Z,GA 07 G 7101-FFHQ(WATER TENDER),15.486877,73.817055,0,STOP,"Caculo Mall, 16 Shanta, St Inez Rd, Caculo Enclave, Santa Inez, Panaji, Goa (NW)",Fire Force Headquarters
2025-12-23T00:17:41.417Z,GA 07 G 7677-FFHQ(EMERGENCY RESCUE),15.48719,73.817192,0,STOP,"Caculo Mall, 16 Shanta, St Inez Rd, Caculo Enclave, Santa Inez, Panaji, Goa (NW)",Fire Force Headquarters
2025-12-23T00:17:41.417Z,GA 07 G 1121-PNJ(EMERGENCY RESCUE),15.487292,73.817276,0,STOP,"Caculo Mall, 16 Shanta, St Inez Rd, Caculo Enclave, Santa Inez, Panaji, Goa (NW)",Fire Station Panaji
2025-12-23T00:17:41.417Z,GA 07 G 1571-FFHQ(QUICK RESPONSE),15.48666,73.817444,0,STOP,"Caculo Mall, 16 Shanta, St Inez Rd, Caculo Enclave, Santa Inez, Panaji, Goa (NW)",Fire Force Headquarters
2025-12-23T00:17:41.417Z,GA 07 G 8101-MAP(WATER TENDER),15.589937,73.80867,0,STOP,At Fire Station Mapusa,Fire Station Mapusa
2025-12-23T00:17:41.417Z,GA 07 G 2317-MRG(EMERGENCY RESCUE TENDER),15.269415,73.9701416,0,STOP,At Fire Station Margoa,Fire Station Margao
2025-12-23T00:17:41.417Z,GA 07 G 1570-VAS(QUICK RESPONSE FIRE TENDER),15.3887783,73.8513266,0,STOP,At Fire Station Vasco,Fire Station Vasco
2025-12-23T00:17:41.417Z,GA 07 G 4101-VAS(MS WATER TENDER),15.3890783,73.85092,0,STOP,At Fire Station Vasco,Fire Station Vasco
2025-12-23T00:17:41.417Z,GA 07 G 0819-VAS(WATER/FOAM TENDER),15.3888217,73.8512367,0,IDLE,At Fire Station Vasco,Fire Station Vasco
2025-12-23T00:17:41.417Z,GA 07 G 7100-MRG(WATER BOUSER),15.2694566,73.97006,0,STOP,At Fire Station Margoa,Fire Station Margao
2025-12-23T00:17:41.417Z,GA 07 G 1568-MRG(QUICK RESPONSE ),15.269325,73.9706466,0,STOP,At Fire Station Margoa,Fire Station Margao
2025-12-23T00:17:41.417Z,GA 07 G 6101-MRG(WATER TENDER),15.2693733,73.9701416,0,STOP,At Fire Station Margoa,Fire Station Margao
2025-12-23T00:17:41.417Z,GA 07 G 1001-MRG(AERIAL LADDER PLATFORM),15.2695583,73.969735,0,STOP,At Fire Station Margoa,Fire Station Margao
2025-12-23T00:17:41.417Z,GA 07 G 0820-BIC(WATER TEDNER),15.4027094,74.0029172,0,STOP,At Fire Station Ponda ,Fire Station Bicholim
2025-12-23T00:17:41.417Z,GA 07 G 5101-OLG(MS WATER TENDER),15.5003033,73.91403,0,STOP,At Fire Station Old Goa,Fire Station Old Goa
2025-12-23T00:17:41.417Z,GA 07 G 3101-BIC(MS WATER TENDER),15.5893516,73.94659,3,STOP,At Fire Station Bicholim ,Fire Station Bicholim
2025-12-23T00:17:41.417Z,GA 07 G 1941-BIC(QUICK RESPONSE),15.5894533,73.9467033,0,STOP,At Fire Station Bicholim ,Fire Station Bicholim
2025-12-23T00:17:41.417Z,GA 07 G 2319-VAS (EMERGENCY RESCUE TENDER),15.3901916,73.8524983,0,STOP,"near melisa garage,NSD, Dabolim, Goa (SW)",Fire Station Vasco
2025-12-23T00:17:41.417Z,GA 07 G 3737-VAP(WATER TENDER),15.53099,74.1387199,0,STOP,At Fire Station Valpoi ,Fire Station Valpoi
2025-12-23T00:17:41.417Z,GA 07 G 2318-PND(EMERGENCY RESCUE TENDER),15.4028416,74.0028083,0,STOP,At Fire Station Ponda ,Fire Station Ponda
2025-12-23T00:17:41.417Z,GA 07 G 2004-PND(QUICK RESPONSE),15.4026666,74.0028483,0,STOP,At Fire Station Ponda ,Fire Station Ponda
2025-12-23T00:17:41.417Z,GA 07 G 9101-PND(WATER TENDER),15.402745,74.0028816,0,STOP,At Fire Station Ponda ,Fire Station Ponda
2025-12-23T00:17:41.417Z,GA 07 G 9797-PND(WATER BOUSER),15.402635,74.00284,0,STOP,At Fire Station Ponda ,Fire Station Ponda
2025-12-23T00:17:41.417Z,GA 07 G 6363-CAN(WATER TENDER),15.0236183,74.0440433,0,INACTIVE,"Canacona, The Lalitrajbaga ,Canacona, Canacona, Goa (NE)",Fire Station Canacona
2025-12-23T00:17:41.417Z,GA 07 G 1567-CAN(QUICK RESPONSE FT),15.0171383,74.0398266,32,INACTIVE,"Canacona, The Lalitrajbaga ,Canacona, Canacona, Goa (SW)",Fire Station Canacona
2025-12-23T00:17:41.417Z,GA 07 G 1569-VRN(QUICK RESPONSE),15.3694583,73.9356766,0,STOP,At Fire Station Verna,Fire Station Verna
2025-12-23T00:17:41.417Z,GA 07 G 9909-VRN(ADVANCE MULTI-PURPOSE),15.3695866,73.9351966,0,STOP,At Fire Station Verna,Fire Station Verna
2025-12-23T00:17:41.417Z,GA 07 G 1942-VAP(QUICK RESPONSE),15.5311233,74.1388183,0,STOP,At Fire Station Valpoi ,Fire Station Valpoi
2025-12-23T00:17:41.417Z,GA 07 G 2003-CUR(QUICK RESPONSE),15.2603983,74.1037033,0,STOP,At Fire Station Curchorem,Fire Station Curchorem
2025-12-23T00:17:41.417Z,GA 07 G 7447-CUR(EMERGENCY RESCUE),15.26048,74.1037033,0,STOP,At Fire Station Curchorem,Fire Station Curchorem
2025-12-23T00:17:41.417Z,GA 07 G 7557-CUR(WATER TENDER),15.26045,74.10345,0,STOP,At Fire Station Curchorem,Fire Station Curchorem
2025-12-23T00:17:41.417Z,GA 07 G 7667-CUR(WATER BOUSER),15.1454033,73.99108,0,STOP,"Shri Shantadurga fatarpekarin Temple, Fatorpa, Cuncolim, Goa (SW)",Fire Station Curchorem
2025-12-23T00:17:41.417Z,GA 07 G 4989-KUN(WATER TENDER),15.4635767,73.9722983,0,STOP,At Fire Station Kundaim,Fire Station Kundaim
2025-12-23T00:17:41.417Z,GA 07 G 2242-PIL(WATER TENDER),15.5328322,73.7941056,0,STOP,At Fire Station Pilerne,Fire Station Pilerne
2025-12-23T00:17:41.417Z,GA 07 G 0681-MAP(QUICK RESPONSE),15.589775,73.8087733,0,STOP,At Fire Station Mapusa,Fire Station Mapusa
2025-12-23T00:17:41.417Z,GA 07 G 0307-PER(QUICK RESPONSE),15.7164939,73.7974239,0,INACTIVE,At Fire Station Pernem,Fire Station Pernem
2025-12-23T00:17:41.417Z,GA 07 G 2101-PER(MS WATER TENDER),15.7163717,73.7975772,0,STOP,At Fire Station Pernem,Fire Station Pernem
2025-12-23T00:17:41.417Z,GA 07 G 4600-PER(MINI RESCUE TENDER),15.7165206,73.7975167,0,STOP,At Fire Station Pernem,Fire Station Pernem
2025-12-23T00:17:41.417Z,GA 07 G 7272-PNJ(WATER TENDER),15.4875411,73.8176922,0,STOP,"Shenaz Shopping Centre, PWD office, 15, Lydia Gardens, St Inez Rd, Opp to, Santa Inez, Panaji, Goa (SW)",Fire Station Panaji
2025-12-23T00:17:41.417Z,GA07G2384- Cuncolim,15.1862206,74.0209944,0,STOP,At Fire Station Cuncolim,Fire Station Cuncolim
2025-12-23T00:17:41.417Z,GA07G2507 - Mid Size (Water Tender),15.7164733,73.7974933,0,STOP,At Fire Station Pernem,Fire Station Pernem
2025-12-23T00:17:41.417Z,GA07G2505 - Mid Size (Water Tender),15.530985,74.13868,0,STOP,At Fire Station Valpoi ,Fire Station Valpoi
2025-12-23T00:17:41.417Z,GA07G2504 - Mid Size (Water Tender),15.5890983,73.9465083,0,STOP,At Fire Station Bicholim ,Fire Station Bicholim
2025-12-23T00:17:41.417Z,GA07G2503-Mid Size (Water Tender),15.5900233,73.80865,0,STOP,At Fire Station Mapusa,Fire Station Mapusa
2025-12-23T00:17:41.417Z,GA07G2502 - Mid Size (Water Tender),15.4870233,73.8172283,0,STOP,"Caculo Mall, 16 Shanta, St Inez Rd, Caculo Enclave, Santa Inez, Panaji, Goa (NW)",Fire Force Headquarters
2025-12-23T00:18:41.516Z,GA 07 G 0680-PIL(QUICK RESPONSE VEHICLE),15.5329733,73.7939283,0,STOP,At Fire Station Pilerne,Fire Station Pilerne
2025-12-23T00:18:41.516Z,GA07G2506 - Mid Size (Water Tender),15.500348,73.914085,0,INACTIVE,At Fire Station Old Goa,Fire Station Old Goa
2025-12-23T00:18:41.516Z,GA 07 G 5115-POR(MINI WATER TENDER),15.522988,73.829384,0,STOP,At Porvorim Fire Station,Fire Station Porvorim
2025-12-23T00:18:41.516Z,GA 07 G 0350-MRG(WATER TENDER),15.269428,73.970604,0,STOP,At Fire Station Margoa,Fire Station Margao
2025-12-23T00:18:41.516Z,GA 07 G 2900-MAP(MINI RESCUE TENDER),15.589908,73.808716,0,STOP,At Fire Station Mapusa,Fire Station Mapusa
2025-12-23T00:18:41.516Z,GA 07 G 7600-FFHQ(WATER BOUSER),15.487103,73.817108,0,STOP,"Caculo Mall, 16 Shanta, St Inez Rd, Caculo Enclave, Santa Inez, Panaji, Goa (NW)",Fire Force Headquarters
2025-12-23T00:18:41.516Z,GA 07 G 2002-FFHQ(TURN TABLE LADDER),15.48742,73.817375,0,STOP,"Caculo Mall, 16 Shanta, St Inez Rd, Caculo Enclave, Santa Inez, Panaji, Goa (NW)",Fire Force Headquarters
2025-12-23T00:18:41.516Z,GA 07 G 7101-FFHQ(WATER TENDER),15.486877,73.817055,0,STOP,"Caculo Mall, 16 Shanta, St Inez Rd, Caculo Enclave, Santa Inez, Panaji, Goa (NW)",Fire Force Headquarters
2025-12-23T00:18:41.516Z,GA 07 G 7677-FFHQ(EMERGENCY RESCUE),15.48719,73.817192,0,STOP,"Caculo Mall, 16 Shanta, St Inez Rd, Caculo Enclave, Santa Inez, Panaji, Goa (NW)",Fire Force Headquarters
2025-12-23T00:18:41.516Z,GA 07 G 1121-PNJ(EMERGENCY RESCUE),15.487292,73.817276,0,STOP,"Caculo Mall, 16 Shanta, St Inez Rd, Caculo Enclave, Santa Inez, Panaji, Goa (NW)",Fire Station Panaji
2025-12-23T00:18:41.516Z,GA 07 G 1571-FFHQ(QUICK RESPONSE),15.48666,73.817444,0,STOP,"Caculo Mall, 16 Shanta, St Inez Rd, Caculo Enclave, Santa Inez, Panaji, Goa (NW)",Fire Force Headquarters
2025-12-23T00:18:41.516Z,GA 07 G 8101-MAP(WATER TENDER),15.589937,73.80867,0,STOP,At Fire Station Mapusa,Fire Station Mapusa
2025-12-23T00:18:41.516Z,GA 07 G 2317-MRG(EMERGENCY RESCUE TENDER),15.269415,73.9701416,1,STOP,At Fire Station Margoa,Fire Station Margao
2025-12-23T00:18:41.516Z,GA 07 G 1570-VAS(QUICK RESPONSE FIRE TENDER),15.3887783,73.8513266,0,STOP,At Fire Station Vasco,Fire Station Vasco
2025-12-23T00:18:41.516Z,GA 07 G 4101-VAS(MS WATER TENDER),15.3890783,73.85092,0,STOP,At Fire Station Vasco,Fire Station Vasco
2025-12-23T00:18:41.516Z,GA 07 G 0819-VAS(WATER/FOAM TENDER),15.3888217,73.8512367,0,IDLE,At Fire Station Vasco,Fire Station Vasco
2025-12-23T00:18:41.516Z,GA 07 G 7100-MRG(WATER BOUSER),15.2694566,73.97006,0,STOP,At Fire Station Margoa,Fire Station Margao
2025-12-23T00:18:41.516Z,GA 07 G 1568-MRG(QUICK RESPONSE ),15.269325,73.9706466,0,STOP,At Fire Station Margoa,Fire Station Margao
2025-12-23T00:18:41.516Z,GA 07 G 6101-MRG(WATER TENDER),15.2693733,73.9701416,0,STOP,At Fire Station Margoa,Fire Station Margao
2025-12-23T00:18:41.516Z,GA 07 G 1001-MRG(AERIAL LADDER PLATFORM),15.2695583,73.969735,0,STOP,At Fire Station Margoa,Fire Station Margao
2025-12-23T00:18:41.516Z,GA 07 G 0820-BIC(WATER TEDNER),15.4027094,74.0029172,0,STOP,At Fire Station Ponda ,Fire Station Bicholim
2025-12-23T00:18:41.516Z,GA 07 G 5101-OLG(MS WATER TENDER),15.5003033,73.91403,0,STOP,At Fire Station Old Goa,Fire Station Old Goa
2025-12-23T00:18:41.516Z,GA 07 G 3101-BIC(MS WATER TENDER),15.5893516,73.94659,1,STOP,At Fire Station Bicholim ,Fire Station Bicholim
2025-12-23T00:18:41.516Z,GA 07 G 1941-BIC(QUICK RESPONSE),15.5894533,73.9467033,0,STOP,At Fire Station Bicholim ,Fire Station Bicholim
2025-12-23T00:18:41.516Z,GA 07 G 2319-VAS (EMERGENCY RESCUE TENDER),15.3901916,73.8524983,0,STOP,"near melisa garage,NSD, Dabolim, Goa (SW)",Fire Station Vasco
2025-12-23T00:18:41.516Z,GA 07 G 3737-VAP(WATER TENDER),15.53099,74.1387199,0,STOP,At Fire Station Valpoi ,Fire Station Valpoi
2025-12-23T00:18:41.516Z,GA 07 G 2318-PND(EMERGENCY RESCUE TENDER),15.4028416,74.0028083,0,STOP,At Fire Station Ponda ,Fire Station Ponda
2025-12-23T00:18:41.516Z,GA 07 G 2004-PND(QUICK RESPONSE),15.4026666,74.0028483,0,STOP,At Fire Station Ponda ,Fire Station Ponda
2025-12-23T00:18:41.516Z,GA 07 G 9101-PND(WATER TENDER),15.402745,74.0028816,0,STOP,At Fire Station Ponda ,Fire Station Ponda
2025-12-23T00:18:41.516Z,GA 07 G 9797-PND(WATER BOUSER),15.402635,74.00284,0,STOP,At Fire Station Ponda ,Fire Station Ponda
2025-12-23T00:18:41.516Z,GA 07 G 6363-CAN(WATER TENDER),15.0236183,74.0440433,0,INACTIVE,"Canacona, The Lalitrajbaga ,Canacona, Canacona, Goa (NE)",Fire Station Canacona
2025-12-23T00:18:41.516Z,GA 07 G 1567-CAN(QUICK RESPONSE FT),15.0171383,74.0398266,32,INACTIVE,"Canacona, The Lalitrajbaga ,Canacona, Canacona, Goa (SW)",Fire Station Canacona
2025-12-23T00:18:41.516Z,GA 07 G 1569-VRN(QUICK RESPONSE),15.3694583,73.9356766,0,STOP,At Fire Station Verna,Fire Station Verna
2025-12-23T00:18:41.516Z,GA 07 G 9909-VRN(ADVANCE MULTI-PURPOSE),15.3695866,73.9351966,0,STOP,At Fire Station Verna,Fire Station Verna
2025-12-23T00:18:41.516Z,GA 07 G 1942-VAP(QUICK RESPONSE),15.5311233,74.1388183,0,STOP,At Fire Station Valpoi ,Fire Station Valpoi
2025-12-23T00:18:41.516Z,GA 07 G 2003-CUR(QUICK RESPONSE),15.2603983,74.1037033,0,STOP,At Fire Station Curchorem,Fire Station Curchorem
2025-12-23T00:18:41.516Z,GA 07 G 7447-CUR(EMERGENCY RESCUE),15.26048,74.1037033,0,STOP,At Fire Station Curchorem,Fire Station Curchorem
2025-12-23T00:18:41.516Z,GA 07 G 7557-CUR(WATER TENDER),15.26045,74.10345,0,STOP,At Fire Station Curchorem,Fire Station Curchorem
2025-12-23T00:18:41.516Z,GA 07 G 7667-CUR(WATER BOUSER),15.1454033,73.99108,0,STOP,"Shri Shantadurga fatarpekarin Temple, Fatorpa, Cuncolim, Goa (SW)",Fire Station Curchorem
2025-12-23T00:18:41.516Z,GA 07 G 4989-KUN(WATER TENDER),15.4635767,73.9722983,0,STOP,At Fire Station Kundaim,Fire Station Kundaim
2025-12-23T00:18:41.516Z,GA 07 G 2242-PIL(WATER TENDER),15.5328322,73.7941056,0,STOP,At Fire Station Pilerne,Fire Station Pilerne
2025-12-23T00:18:41.516Z,GA 07 G 0681-MAP(QUICK RESPONSE),15.589775,73.8087733,0,STOP,At Fire Station Mapusa,Fire Station Mapusa
2025-12-23T00:18:41.516Z,GA 07 G 0307-PER(QUICK RESPONSE),15.7164939,73.7974239,0,INACTIVE,At Fire Station Pernem,Fire Station Pernem
2025-12-23T00:18:41.516Z,GA 07 G 2101-PER(MS WATER TENDER),15.7163717,73.7975772,0,STOP,At Fire Station Pernem,Fire Station Pernem
2025-12-23T00:18:41.516Z,GA 07 G 4600-PER(MINI RESCUE TENDER),15.7165206,73.7975167,0,STOP,At Fire Station Pernem,Fire Station Pernem
2025-12-23T00:18:41.516Z,GA 07 G 7272-PNJ(WATER TENDER),15.4875411,73.8176922,0,STOP,"Shenaz Shopping Centre, PWD office, 15, Lydia Gardens, St Inez Rd, Opp to, Santa Inez, Panaji, Goa (SW)",Fire Station Panaji
2025-12-23T00:18:41.516Z,GA07G2384- Cuncolim,15.1862206,74.0209944,0,STOP,At Fire Station Cuncolim,Fire Station Cuncolim
2025-12-23T00:18:41.516Z,GA07G2507 - Mid Size (Water Tender),15.7164733,73.7974933,0,STOP,At Fire Station Pernem,Fire Station Pernem
2025-12-23T00:18:41.516Z,GA07G2505 - Mid Size (Water Tender),15.530985,74.13868,0,STOP,At Fire Station Valpoi ,Fire Station Valpoi
2025-12-23T00:18:41.516Z,GA07G2504 - Mid Size (Water Tender),15.5890983,73.9465083,0,STOP,At Fire Station Bicholim ,Fire Station Bicholim
2025-12-23T00:18:41.516Z,GA07G2503-Mid Size (Water Tender),15.5900233,73.80865,0,STOP,At Fire Station Mapusa,Fire Station Mapusa
2025-12-23T00:18:41.516Z,GA07G2502 - Mid Size (Water Tender),15.4870233,73.8172283,0,STOP,"Caculo Mall, 16 Shanta, St Inez Rd, Caculo Enclave, Santa Inez, Panaji, Goa (NW)",Fire Force Headquarters
2025-12-23T00:19:44.617Z,GA 07 G 0680-PIL(QUICK RESPONSE VEHICLE),15.5329733,73.7939283,0,STOP,At Fire Station Pilerne,Fire Station Pilerne
2025-12-23T00:19:44.617Z,GA07G2506 - Mid Size (Water Tender),15.500348,73.914085,0,INACTIVE,At Fire Station Old Goa,Fire Station Old Goa
2025-12-23T00:19:44.617Z,GA 07 G 5115-POR(MINI WATER TENDER),15.522988,73.829384,0,STOP,At Porvorim Fire Station,Fire Station Porvorim
2025-12-23T00:19:44.617Z,GA 07 G 0350-MRG(WATER TENDER),15.269428,73.970604,0,STOP,At Fire Station Margoa,Fire Station Margao
2025-12-23T00:19:44.617Z,GA 07 G 2900-MAP(MINI RESCUE TENDER),15.589908,73.808716,0,STOP,At Fire Station Mapusa,Fire Station Mapusa
2025-12-23T00:19:44.617Z,GA 07 G 7600-FFHQ(WATER BOUSER),15.487103,73.817108,0,STOP,"Caculo Mall, 16 Shanta, St Inez Rd, Caculo Enclave, Santa Inez, Panaji, Goa (NW)",Fire Force Headquarters
2025-12-23T00:19:44.617Z,GA 07 G 2002-FFHQ(TURN TABLE LADDER),15.48742,73.817375,0,STOP,"Caculo Mall, 16 Shanta, St Inez Rd, Caculo Enclave, Santa Inez, Panaji, Goa (NW)",Fire Force Headquarters
2025-12-23T00:19:44.617Z,GA 07 G 7101-FFHQ(WATER TENDER),15.486877,73.817055,0,STOP,"Caculo Mall, 16 Shanta, St Inez Rd, Caculo Enclave, Santa Inez, Panaji, Goa (NW)",Fire Force Headquarters
2025-12-23T00:19:44.617Z,GA 07 G 7677-FFHQ(EMERGENCY RESCUE),15.48719,73.817192,0,STOP,"Caculo Mall, 16 Shanta, St Inez Rd, Caculo Enclave, Santa Inez, Panaji, Goa (NW)",Fire Force Headquarters
2025-12-23T00:19:44.617Z,GA 07 G 1121-PNJ(EMERGENCY RESCUE),15.487292,73.817276,0,STOP,"Caculo Mall, 16 Shanta, St Inez Rd, Caculo Enclave, Santa Inez, Panaji, Goa (NW)",Fire Station Panaji
2025-12-23T00:19:44.617Z,GA 07 G 1571-FFHQ(QUICK RESPONSE),15.48666,73.817444,0,STOP,"Caculo Mall, 16 Shanta, St Inez Rd, Caculo Enclave, Santa Inez, Panaji, Goa (NW)",Fire Force Headquarters
2025-12-23T00:19:44.617Z,GA 07 G 8101-MAP(WATER TENDER),15.589937,73.80867,0,STOP,At Fire Station Mapusa,Fire Station Mapusa
2025-12-23T00:19:44.617Z,GA 07 G 2317-MRG(EMERGENCY RESCUE TENDER),15.2693566,73.970125,0,STOP,At Fire Station Margoa,Fire Station Margao
2025-12-23T00:19:44.617Z,GA 07 G 1570-VAS(QUICK RESPONSE FIRE TENDER),15.3887783,73.8513266,0,STOP,At Fire Station Vasco,Fire Station Vasco
2025-12-23T00:19:44.617Z,GA 07 G 4101-VAS(MS WATER TENDER),15.3890783,73.85092,0,STOP,At Fire Station Vasco,Fire Station Vasco
2025-12-23T00:19:44.617Z,GA 07 G 0819-VAS(WATER/FOAM TENDER),15.3888217,73.8512367,0,IDLE,At Fire Station Vasco,Fire Station Vasco
2025-12-23T00:19:44.617Z,GA 07 G 7100-MRG(WATER BOUSER),15.2694566,73.97006,0,STOP,At Fire Station Margoa,Fire Station Margao
2025-12-23T00:19:44.617Z,GA 07 G 1568-MRG(QUICK RESPONSE ),15.269325,73.9706466,0,STOP,At Fire Station Margoa,Fire Station Margao
2025-12-23T00:19:44.617Z,GA 07 G 6101-MRG(WATER TENDER),15.2693733,73.9701416,0,STOP,At Fire Station Margoa,Fire Station Margao
2025-12-23T00:19:44.617Z,GA 07 G 1001-MRG(AERIAL LADDER PLATFORM),15.2695583,73.969735,0,STOP,At Fire Station Margoa,Fire Station Margao
2025-12-23T00:19:44.617Z,GA 07 G 0820-BIC(WATER TEDNER),15.4027094,74.0029172,0,STOP,At Fire Station Ponda ,Fire Station Bicholim
2025-12-23T00:19:44.617Z,GA 07 G 5101-OLG(MS WATER TENDER),15.5003033,73.91403,0,STOP,At Fire Station Old Goa,Fire Station Old Goa
2025-12-23T00:19:44.617Z,GA 07 G 3101-BIC(MS WATER TENDER),15.5893516,73.94659,0,STOP,At Fire Station Bicholim ,Fire Station Bicholim
2025-12-23T00:19:44.617Z,GA 07 G 1941-BIC(QUICK RESPONSE),15.5894533,73.9467033,0,STOP,At Fire Station Bicholim ,Fire Station Bicholim
2025-12-23T00:19:44.617Z,GA 07 G 2319-VAS (EMERGENCY RESCUE TENDER),15.3901916,73.8524983,0,STOP,"near melisa garage,NSD, Dabolim, Goa (SW)",Fire Station Vasco
2025-12-23T00:19:44.617Z,GA 07 G 3737-VAP(WATER TENDER),15.53099,74.1387199,0,STOP,At Fire Station Valpoi ,Fire Station Valpoi
2025-12-23T00:19:44.617Z,GA 07 G 2318-PND(EMERGENCY RESCUE TENDER),15.4028416,74.0028083,0,STOP,At Fire Station Ponda ,Fire Station Ponda
2025-12-23T00:19:44.617Z,GA 07 G 2004-PND(QUICK RESPONSE),15.4026666,74.0028483,0,STOP,At Fire Station Ponda ,Fire Station Ponda
2025-12-23T00:19:44.617Z,GA 07 G 9101-PND(WATER TENDER),15.402745,74.0028816,0,STOP,At Fire Station Ponda ,Fire Station Ponda
2025-12-23T00:19:44.617Z,GA 07 G 9797-PND(WATER BOUSER),15.402635,74.00284,0,STOP,At Fire Station Ponda ,Fire Station Ponda
2025-12-23T00:19:44.617Z,GA 07 G 6363-CAN(WATER TENDER),15.0236183,74.0440433,0,INACTIVE,"Canacona, The Lalitrajbaga ,Canacona, Canacona, Goa (NE)",Fire Station Canacona
2025-12-23T00:19:44.617Z,GA 07 G 1567-CAN(QUICK RESPONSE FT),15.0171383,74.0398266,32,INACTIVE,"Canacona, The Lalitrajbaga ,Canacona, Canacona, Goa (SW)",Fire Station Canacona
2025-12-23T00:19:44.617Z,GA 07 G 1569-VRN(QUICK RESPONSE),15.3694583,73.9356766,0,STOP,At Fire Station Verna,Fire Station Verna
2025-12-23T00:19:44.617Z,GA 07 G 9909-VRN(ADVANCE MULTI-PURPOSE),15.3695866,73.9351966,0,STOP,At Fire Station Verna,Fire Station Verna
2025-12-23T00:19:44.617Z,GA 07 G 1942-VAP(QUICK RESPONSE),15.5311233,74.1388183,0,STOP,At Fire Station Valpoi ,Fire Station Valpoi
2025-12-23T00:19:44.617Z,GA 07 G 2003-CUR(QUICK RESPONSE),15.2603983,74.1037033,0,STOP,At Fire Station Curchorem,Fire Station Curchorem
2025-12-23T00:19:44.617Z,GA 07 G 7447-CUR(EMERGENCY RESCUE),15.26048,74.1037033,0,STOP,At Fire Station Curchorem,Fire Station Curchorem
2025-12-23T00:19:44.617Z,GA 07 G 7557-CUR(WATER TENDER),15.26045,74.10345,0,STOP,At Fire Station Curchorem,Fire Station Curchorem
2025-12-23T00:19:44.617Z,GA 07 G 7667-CUR(WATER BOUSER),15.1454033,73.99108,0,STOP,"Shri Shantadurga fatarpekarin Temple, Fatorpa, Cuncolim, Goa (SW)",Fire Station Curchorem
2025-12-23T00:19:44.617Z,GA 07 G 4989-KUN(WATER TENDER),15.4635767,73.9722983,0,STOP,At Fire Station Kundaim,Fire Station Kundaim
2025-12-23T00:19:44.617Z,GA 07 G 2242-PIL(WATER TENDER),15.5328322,73.7941056,0,STOP,At Fire Station Pilerne,Fire Station Pilerne
2025-12-23T00:19:44.617Z,GA 07 G 0681-MAP(QUICK RESPONSE),15.589775,73.8087733,0,STOP,At Fire Station Mapusa,Fire Station Mapusa
2025-12-23T00:19:44.617Z,GA 07 G 0307-PER(QUICK RESPONSE),15.7164939,73.7974239,0,INACTIVE,At Fire Station Pernem,Fire Station Pernem
2025-12-23T00:19:44.617Z,GA 07 G 2101-PER(MS WATER TENDER),15.7163717,73.7975772,0,STOP,At Fire Station Pernem,Fire Station Pernem
2025-12-23T00:19:44.617Z,GA 07 G 4600-PER(MINI RESCUE TENDER),15.7165206,73.7975167,0,STOP,At Fire Station Pernem,Fire Station Pernem
2025-12-23T00:19:44.617Z,GA 07 G 7272-PNJ(WATER TENDER),15.4875411,73.8176922,0,STOP,"Shenaz Shopping Centre, PWD office, 15, Lydia Gardens, St Inez Rd, Opp to, Santa Inez, Panaji, Goa (SW)",Fire Station Panaji
2025-12-23T00:19:44.617Z,GA07G2384- Cuncolim,15.1862206,74.0209944,0,STOP,At Fire Station Cuncolim,Fire Station Cuncolim
2025-12-23T00:19:44.617Z,GA07G2507 - Mid Size (Water Tender),15.7164733,73.7974933,0,STOP,At Fire Station Pernem,Fire Station Pernem
2025-12-23T00:19:44.617Z,GA07G2505 - Mid Size (Water Tender),15.530985,74.13868,0,STOP,At Fire Station Valpoi ,Fire Station Valpoi
2025-12-23T00:19:44.617Z,GA07G2504 - Mid Size (Water Tender),15.5890983,73.9465083,0,STOP,At Fire Station Bicholim ,Fire Station Bicholim
2025-12-23T00:19:44.617Z,GA07G2503-Mid Size (Water Tender),15.5900233,73.80865,0,STOP,At Fire Station Mapusa,Fire Station Mapusa
2025-12-23T00:19:44.617Z,GA07G2502 - Mid Size (Water Tender),15.4870233,73.8172283,0,STOP,"Caculo Mall, 16 Shanta, St Inez Rd, Caculo Enclave, Santa Inez, Panaji, Goa (NW)",Fire Force Headquarters
2025-12-23T00:20:47.178Z,GA 07 G 0680-PIL(QUICK RESPONSE VEHICLE),15.5329733,73.7939283,0,STOP,At Fire Station Pilerne,Fire Station Pilerne
2025-12-23T00:20:47.178Z,GA07G2506 - Mid Size (Water Tender),15.500348,73.914085,0,INACTIVE,At Fire Station Old Goa,Fire Station Old Goa
2025-12-23T00:20:47.178Z,GA 07 G 5115-POR(MINI WATER TENDER),15.522988,73.829384,0,STOP,At Porvorim Fire Station,Fire Station Porvorim
2025-12-23T00:20:47.178Z,GA 07 G 0350-MRG(WATER TENDER),15.269428,73.970604,0,STOP,At Fire Station Margoa,Fire Station Margao
2025-12-23T00:20:47.178Z,GA 07 G 2900-MAP(MINI RESCUE TENDER),15.589908,73.808716,0,STOP,At Fire Station Mapusa,Fire Station Mapusa
2025-12-23T00:20:47.178Z,GA 07 G 7600-FFHQ(WATER BOUSER),15.487103,73.817108,0,STOP,"Caculo Mall, 16 Shanta, St Inez Rd, Caculo Enclave, Santa Inez, Panaji, Goa (NW)",Fire Force Headquarters
2025-12-23T00:20:47.178Z,GA 07 G 2002-FFHQ(TURN TABLE LADDER),15.48742,73.817375,0,STOP,"Caculo Mall, 16 Shanta, St Inez Rd, Caculo Enclave, Santa Inez, Panaji, Goa (NW)",Fire Force Headquarters
2025-12-23T00:20:47.178Z,GA 07 G 7101-FFHQ(WATER TENDER),15.486877,73.817055,0,STOP,"Caculo Mall, 16 Shanta, St Inez Rd, Caculo Enclave, Santa Inez, Panaji, Goa (NW)",Fire Force Headquarters
2025-12-23T00:20:47.178Z,GA 07 G 7677-FFHQ(EMERGENCY RESCUE),15.48719,73.817192,0,STOP,"Caculo Mall, 16 Shanta, St Inez Rd, Caculo Enclave, Santa Inez, Panaji, Goa (NW)",Fire Force Headquarters
2025-12-23T00:20:47.178Z,GA 07 G 1121-PNJ(EMERGENCY RESCUE),15.487292,73.817276,0,STOP,"Caculo Mall, 16 Shanta, St Inez Rd, Caculo Enclave, Santa Inez, Panaji, Goa (NW)",Fire Station Panaji
2025-12-23T00:20:47.178Z,GA 07 G 1571-FFHQ(QUICK RESPONSE),15.48666,73.817444,0,STOP,"Caculo Mall, 16 Shanta, St Inez Rd, Caculo Enclave, Santa Inez, Panaji, Goa (NW)",Fire Force Headquarters
2025-12-23T00:20:47.178Z,GA 07 G 8101-MAP(WATER TENDER),15.589937,73.80867,0,STOP,At Fire Station Mapusa,Fire Station Mapusa
2025-12-23T00:20:47.178Z,GA 07 G 2317-MRG(EMERGENCY RESCUE TENDER),15.26949,73.9702633,0,STOP,At Fire Station Margoa,Fire Station Margao
2025-12-23T00:20:47.178Z,GA 07 G 1570-VAS(QUICK RESPONSE FIRE TENDER),15.3887783,73.8513266,0,STOP,At Fire Station Vasco,Fire Station Vasco
2025-12-23T00:20:47.178Z,GA 07 G 4101-VAS(MS WATER TENDER),15.3890783,73.85092,0,STOP,At Fire Station Vasco,Fire Station Vasco
2025-12-23T00:20:47.178Z,GA 07 G 0819-VAS(WATER/FOAM TENDER),15.3888217,73.8512367,0,IDLE,At Fire Station Vasco,Fire Station Vasco
2025-12-23T00:20:47.178Z,GA 07 G 7100-MRG(WATER BOUSER),15.2694566,73.97006,0,STOP,At Fire Station Margoa,Fire Station Margao
2025-12-23T00:20:47.178Z,GA 07 G 1568-MRG(QUICK RESPONSE ),15.269325,73.9706466,0,STOP,At Fire Station Margoa,Fire Station Margao
2025-12-23T00:20:47.178Z,GA 07 G 6101-MRG(WATER TENDER),15.2693733,73.9701416,0,STOP,At Fire Station Margoa,Fire Station Margao
2025-12-23T00:20:47.178Z,GA 07 G 1001-MRG(AERIAL LADDER PLATFORM),15.2695583,73.969735,0,STOP,At Fire Station Margoa,Fire Station Margao
2025-12-23T00:20:47.178Z,GA 07 G 0820-BIC(WATER TEDNER),15.4027094,74.0029172,0,STOP,At Fire Station Ponda ,Fire Station Bicholim
2025-12-23T00:20:47.178Z,GA 07 G 5101-OLG(MS WATER TENDER),15.5003033,73.91403,0,STOP,At Fire Station Old Goa,Fire Station Old Goa
2025-12-23T00:20:47.178Z,GA 07 G 3101-BIC(MS WATER TENDER),15.5893516,73.94659,4,STOP,At Fire Station Bicholim ,Fire Station Bicholim
2025-12-23T00:20:47.178Z,GA 07 G 1941-BIC(QUICK RESPONSE),15.5894533,73.9467033,0,STOP,At Fire Station Bicholim ,Fire Station Bicholim
2025-12-23T00:20:47.178Z,GA 07 G 2319-VAS (EMERGENCY RESCUE TENDER),15.3901916,73.8524983,0,STOP,"near melisa garage,NSD, Dabolim, Goa (SW)",Fire Station Vasco
2025-12-23T00:20:47.178Z,GA 07 G 3737-VAP(WATER TENDER),15.53099,74.1387199,0,STOP,At Fire Station Valpoi ,Fire Station Valpoi
2025-12-23T00:20:47.178Z,GA 07 G 2318-PND(EMERGENCY RESCUE TENDER),15.4028416,74.0028083,0,STOP,At Fire Station Ponda ,Fire Station Ponda
2025-12-23T00:20:47.178Z,GA 07 G 2004-PND(QUICK RESPONSE),15.4026666,74.0028483,0,STOP,At Fire Station Ponda ,Fire Station Ponda
2025-12-23T00:20:47.178Z,GA 07 G 9101-PND(WATER TENDER),15.402745,74.0028816,0,STOP,At Fire Station Ponda ,Fire Station Ponda
2025-12-23T00:20:47.178Z,GA 07 G 9797-PND(WATER BOUSER),15.402635,74.00284,0,STOP,At Fire Station Ponda ,Fire Station Ponda
2025-12-23T00:20:47.178Z,GA 07 G 6363-CAN(WATER TENDER),15.0236183,74.0440433,0,INACTIVE,"Canacona, The Lalitrajbaga ,Canacona, Canacona, Goa (NE)",Fire Station Canacona
2025-12-23T00:20:47.178Z,GA 07 G 1567-CAN(QUICK RESPONSE FT),15.0171383,74.0398266,32,INACTIVE,"Canacona, The Lalitrajbaga ,Canacona, Canacona, Goa (SW)",Fire Station Canacona
2025-12-23T00:20:47.178Z,GA 07 G 1569-VRN(QUICK RESPONSE),15.3694583,73.9356766,0,STOP,At Fire Station Verna,Fire Station Verna
2025-12-23T00:20:47.178Z,GA 07 G 9909-VRN(ADVANCE MULTI-PURPOSE),15.3695866,73.9351966,0,STOP,At Fire Station Verna,Fire Station Verna
2025-12-23T00:20:47.178Z,GA 07 G 1942-VAP(QUICK RESPONSE),15.5311233,74.1388183,0,STOP,At Fire Station Valpoi ,Fire Station Valpoi
2025-12-23T00:20:47.178Z,GA 07 G 2003-CUR(QUICK RESPONSE),15.2603983,74.1037033,0,STOP,At Fire Station Curchorem,Fire Station Curchorem
2025-12-23T00:20:47.178Z,GA 07 G 7447-CUR(EMERGENCY RESCUE),15.26048,74.1037033,0,STOP,At Fire Station Curchorem,Fire Station Curchorem
2025-12-23T00:20:47.178Z,GA 07 G 7557-CUR(WATER TENDER),15.26045,74.10345,0,STOP,At Fire Station Curchorem,Fire Station Curchorem
2025-12-23T00:20:47.178Z,GA 07 G 7667-CUR(WATER BOUSER),15.1454033,73.99108,0,STOP,"Shri Shantadurga fatarpekarin Temple, Fatorpa, Cuncolim, Goa (SW)",Fire Station Curchorem
2025-12-23T00:20:47.178Z,GA 07 G 4989-KUN(WATER TENDER),15.4635767,73.9722983,0,STOP,At Fire Station Kundaim,Fire Station Kundaim
2025-12-23T00:20:47.178Z,GA 07 G 2242-PIL(WATER TENDER),15.5328322,73.7941056,0,STOP,At Fire Station Pilerne,Fire Station Pilerne
2025-12-23T00:20:47.178Z,GA 07 G 0681-MAP(QUICK RESPONSE),15.589775,73.8087733,0,STOP,At Fire Station Mapusa,Fire Station Mapusa
2025-12-23T00:20:47.178Z,GA 07 G 0307-PER(QUICK RESPONSE),15.7164939,73.7974239,0,INACTIVE,At Fire Station Pernem,Fire Station Pernem
2025-12-23T00:20:47.178Z,GA 07 G 2101-PER(MS WATER TENDER),15.7163717,73.7975772,0,STOP,At Fire Station Pernem,Fire Station Pernem
2025-12-23T00:20:47.178Z,GA 07 G 4600-PER(MINI RESCUE TENDER),15.7165206,73.7975167,0,STOP,At Fire Station Pernem,Fire Station Pernem
2025-12-23T00:20:47.178Z,GA 07 G 7272-PNJ(WATER TENDER),15.4875411,73.8176922,0,STOP,"Shenaz Shopping Centre, PWD office, 15, Lydia Gardens, St Inez Rd, Opp to, Santa Inez, Panaji, Goa (SW)",Fire Station Panaji
2025-12-23T00:20:47.178Z,GA07G2384- Cuncolim,15.1862206,74.0209944,0,STOP,At Fire Station Cuncolim,Fire Station Cuncolim
2025-12-23T00:20:47.178Z,GA07G2507 - Mid Size (Water Tender),15.7164733,73.7974933,0,STOP,At Fire Station Pernem,Fire Station Pernem
2025-12-23T00:20:47.178Z,GA07G2505 - Mid Size (Water Tender),15.530985,74.13868,0,STOP,At Fire Station Valpoi ,Fire Station Valpoi
2025-12-23T00:20:47.178Z,GA07G2504 - Mid Size (Water Tender),15.5890983,73.9465083,0,STOP,At Fire Station Bicholim ,Fire Station Bicholim
2025-12-23T00:20:47.178Z,GA07G2503-Mid Size (Water Tender),15.5900233,73.80865,0,STOP,At Fire Station Mapusa,Fire Station Mapusa
2025-12-23T00:20:47.178Z,GA07G2502 - Mid Size (Water Tender),15.4870233,73.8172283,0,STOP,"Caculo Mall, 16 Shanta, St Inez Rd, Caculo Enclave, Santa Inez, Panaji, Goa (NW)",Fire Force Headquarters
2025-12-23T00:21:44.775Z,GA 07 G 0680-PIL(QUICK RESPONSE VEHICLE),15.5329733,73.7939283,0,STOP,At Fire Station Pilerne,Fire Station Pilerne
2025-12-23T00:21:44.775Z,GA07G2506 - Mid Size (Water Tender),15.500348,73.914085,0,INACTIVE,At Fire Station Old Goa,Fire Station Old Goa
2025-12-23T00:21:44.775Z,GA 07 G 5115-POR(MINI WATER TENDER),15.522988,73.829384,0,STOP,At Porvorim Fire Station,Fire Station Porvorim
2025-12-23T00:21:44.775Z,GA 07 G 0350-MRG(WATER TENDER),15.269428,73.970604,0,STOP,At Fire Station Margoa,Fire Station Margao
2025-12-23T00:21:44.775Z,GA 07 G 2900-MAP(MINI RESCUE TENDER),15.589908,73.808716,0,STOP,At Fire Station Mapusa,Fire Station Mapusa
2025-12-23T00:21:44.775Z,GA 07 G 7600-FFHQ(WATER BOUSER),15.487103,73.817108,0,STOP,"Caculo Mall, 16 Shanta, St Inez Rd, Caculo Enclave, Santa Inez, Panaji, Goa (NW)",Fire Force Headquarters
2025-12-23T00:21:44.775Z,GA 07 G 2002-FFHQ(TURN TABLE LADDER),15.48742,73.817375,0,STOP,"Caculo Mall, 16 Shanta, St Inez Rd, Caculo Enclave, Santa Inez, Panaji, Goa (NW)",Fire Force Headquarters
2025-12-23T00:21:44.775Z,GA 07 G 7101-FFHQ(WATER TENDER),15.486877,73.817055,0,STOP,"Caculo Mall, 16 Shanta, St Inez Rd, Caculo Enclave, Santa Inez, Panaji, Goa (NW)",Fire Force Headquarters
2025-12-23T00:21:44.775Z,GA 07 G 7677-FFHQ(EMERGENCY RESCUE),15.48719,73.817192,0,STOP,"Caculo Mall, 16 Shanta, St Inez Rd, Caculo Enclave, Santa Inez, Panaji, Goa (NW)",Fire Force Headquarters
2025-12-23T00:21:44.775Z,GA 07 G 1121-PNJ(EMERGENCY RESCUE),15.487292,73.817276,0,STOP,"Caculo Mall, 16 Shanta, St Inez Rd, Caculo Enclave, Santa Inez, Panaji, Goa (NW)",Fire Station Panaji
2025-12-23T00:21:44.775Z,GA 07 G 1571-FFHQ(QUICK RESPONSE),15.48666,73.817444,0,STOP,"Caculo Mall, 16 Shanta, St Inez Rd, Caculo Enclave, Santa Inez, Panaji, Goa (NW)",Fire Force Headquarters
2025-12-23T00:21:44.775Z,GA 07 G 8101-MAP(WATER TENDER),15.589937,73.80867,0,STOP,At Fire Station Mapusa,Fire Station Mapusa
2025-12-23T00:21:44.775Z,GA 07 G 2317-MRG(EMERGENCY RESCUE TENDER),15.2693933,73.97019,0,STOP,At Fire Station Margoa,Fire Station Margao
2025-12-23T00:21:44.775Z,GA 07 G 1570-VAS(QUICK RESPONSE FIRE TENDER),15.3887783,73.8513266,0,STOP,At Fire Station Vasco,Fire Station Vasco
2025-12-23T00:21:44.775Z,GA 07 G 4101-VAS(MS WATER TENDER),15.3890783,73.85092,0,STOP,At Fire Station Vasco,Fire Station Vasco
2025-12-23T00:21:44.775Z,GA 07 G 0819-VAS(WATER/FOAM TENDER),15.3888217,73.8512367,0,IDLE,At Fire Station Vasco,Fire Station Vasco
2025-12-23T00:21:44.775Z,GA 07 G 7100-MRG(WATER BOUSER),15.2694566,73.97006,0,STOP,At Fire Station Margoa,Fire Station Margao
2025-12-23T00:21:44.775Z,GA 07 G 1568-MRG(QUICK RESPONSE ),15.269325,73.9706466,0,STOP,At Fire Station Margoa,Fire Station Margao
2025-12-23T00:21:44.775Z,GA 07 G 6101-MRG(WATER TENDER),15.2693733,73.9701416,0,STOP,At Fire Station Margoa,Fire Station Margao
2025-12-23T00:21:44.775Z,GA 07 G 1001-MRG(AERIAL LADDER PLATFORM),15.2695583,73.969735,0,STOP,At Fire Station Margoa,Fire Station Margao
2025-12-23T00:21:44.775Z,GA 07 G 0820-BIC(WATER TEDNER),15.4027094,74.0029172,0,STOP,At Fire Station Ponda ,Fire Station Bicholim
2025-12-23T00:21:44.775Z,GA 07 G 5101-OLG(MS WATER TENDER),15.5003033,73.91403,0,STOP,At Fire Station Old Goa,Fire Station Old Goa
2025-12-23T00:21:44.775Z,GA 07 G 3101-BIC(MS WATER TENDER),15.5893516,73.94659,0,STOP,At Fire Station Bicholim ,Fire Station Bicholim
2025-12-23T00:21:44.775Z,GA 07 G 1941-BIC(QUICK RESPONSE),15.5894533,73.9467033,0,STOP,At Fire Station Bicholim ,Fire Station Bicholim
2025-12-23T00:21:44.775Z,GA 07 G 2319-VAS (EMERGENCY RESCUE TENDER),15.3901916,73.8524983,0,STOP,"near melisa garage,NSD, Dabolim, Goa (SW)",Fire Station Vasco
2025-12-23T00:21:44.775Z,GA 07 G 3737-VAP(WATER TENDER),15.53099,74.1387199,0,STOP,At Fire Station Valpoi ,Fire Station Valpoi
2025-12-23T00:21:44.775Z,GA 07 G 2318-PND(EMERGENCY RESCUE TENDER),15.4028416,74.0028083,0,STOP,At Fire Station Ponda ,Fire Station Ponda
2025-12-23T00:21:44.775Z,GA 07 G 2004-PND(QUICK RESPONSE),15.4026666,74.0028483,0,STOP,At Fire Station Ponda ,Fire Station Ponda
2025-12-23T00:21:44.775Z,GA 07 G 9101-PND(WATER TENDER),15.402745,74.0028816,0,STOP,At Fire Station Ponda ,Fire Station Ponda
2025-12-23T00:21:44.775Z,GA 07 G 9797-PND(WATER BOUSER),15.402635,74.00284,0,STOP,At Fire Station Ponda ,Fire Station Ponda
2025-12-23T00:21:44.775Z,GA 07 G 6363-CAN(WATER TENDER),15.0236183,74.0440433,0,INACTIVE,"Canacona, The Lalitrajbaga ,Canacona, Canacona, Goa (NE)",Fire Station Canacona
2025-12-23T00:21:44.775Z,GA 07 G 1567-CAN(QUICK RESPONSE FT),15.0171383,74.0398266,32,INACTIVE,"Canacona, The Lalitrajbaga ,Canacona, Canacona, Goa (SW)",Fire Station Canacona
2025-12-23T00:21:44.775Z,GA 07 G 1569-VRN(QUICK RESPONSE),15.3694583,73.9356766,0,STOP,At Fire Station Verna,Fire Station Verna
2025-12-23T00:21:44.775Z,GA 07 G 9909-VRN(ADVANCE MULTI-PURPOSE),15.3695866,73.9351966,0,STOP,At Fire Station Verna,Fire Station Verna
2025-12-23T00:21:44.775Z,GA 07 G 1942-VAP(QUICK RESPONSE),15.5311233,74.1388183,0,STOP,At Fire Station Valpoi ,Fire Station Valpoi
2025-12-23T00:21:44.775Z,GA 07 G 2003-CUR(QUICK RESPONSE),15.2603983,74.1037033,0,STOP,At Fire Station Curchorem,Fire Station Curchorem
2025-12-23T00:21:44.775Z,GA 07 G 7447-CUR(EMERGENCY RESCUE),15.26048,74.1037033,0,STOP,At Fire Station Curchorem,Fire Station Curchorem
2025-12-23T00:21:44.775Z,GA 07 G 7557-CUR(WATER TENDER),15.26045,74.10345,0,STOP,At Fire Station Curchorem,Fire Station Curchorem
2025-12-23T00:21:44.775Z,GA 07 G 7667-CUR(WATER BOUSER),15.1454033,73.99108,0,STOP,"Shri Shantadurga fatarpekarin Temple, Fatorpa, Cuncolim, Goa (SW)",Fire Station Curchorem
2025-12-23T00:21:44.775Z,GA 07 G 4989-KUN(WATER TENDER),15.4635767,73.9722983,0,STOP,At Fire Station Kundaim,Fire Station Kundaim
2025-12-23T00:21:44.775Z,GA 07 G 2242-PIL(WATER TENDER),15.5328322,73.7941056,0,STOP,At Fire Station Pilerne,Fire Station Pilerne
2025-12-23T00:21:44.775Z,GA 07 G 0681-MAP(QUICK RESPONSE),15.589775,73.8087733,0,STOP,At Fire Station Mapusa,Fire Station Mapusa
2025-12-23T00:21:44.775Z,GA 07 G 0307-PER(QUICK RESPONSE),15.7164939,73.7974239,0,INACTIVE,At Fire Station Pernem,Fire Station Pernem
2025-12-23T00:21:44.775Z,GA 07 G 2101-PER(MS WATER TENDER),15.7163717,73.7975772,0,STOP,At Fire Station Pernem,Fire Station Pernem
2025-12-23T00:21:44.775Z,GA 07 G 4600-PER(MINI RESCUE TENDER),15.7165206,73.7975167,0,STOP,At Fire Station Pernem,Fire Station Pernem
2025-12-23T00:21:44.775Z,GA 07 G 7272-PNJ(WATER TENDER),15.4875411,73.8176922,0,STOP,"Shenaz Shopping Centre, PWD office, 15, Lydia Gardens, St Inez Rd, Opp to, Santa Inez, Panaji, Goa (SW)",Fire Station Panaji
2025-12-23T00:21:44.775Z,GA07G2384- Cuncolim,15.1862206,74.0209944,0,STOP,At Fire Station Cuncolim,Fire Station Cuncolim
2025-12-23T00:21:44.775Z,GA07G2507 - Mid Size (Water Tender),15.7164733,73.7974933,0,STOP,At Fire Station Pernem,Fire Station Pernem
2025-12-23T00:21:44.775Z,GA07G2505 - Mid Size (Water Tender),15.530985,74.13868,0,STOP,At Fire Station Valpoi ,Fire Station Valpoi
2025-12-23T00:21:44.775Z,GA07G2504 - Mid Size (Water Tender),15.5890983,73.9465083,0,STOP,At Fire Station Bicholim ,Fire Station Bicholim
2025-12-23T00:21:44.775Z,GA07G2503-Mid Size (Water Tender),15.5900233,73.80865,0,STOP,At Fire Station Mapusa,Fire Station Mapusa
2025-12-23T00:21:44.775Z,GA07G2502 - Mid Size (Water Tender),15.4870233,73.8172283,0,STOP,"Caculo Mall, 16 Shanta, St Inez Rd, Caculo Enclave, Santa Inez, Panaji, Goa (NW)",Fire Force Headquarters
2025-12-23T00:22:42.867Z,GA 07 G 0680-PIL(QUICK RESPONSE VEHICLE),15.5329733,73.7939283,0,STOP,At Fire Station Pilerne,Fire Station Pilerne
2025-12-23T00:22:42.867Z,GA07G2506 - Mid Size (Water Tender),15.500348,73.914085,0,INACTIVE,At Fire Station Old Goa,Fire Station Old Goa
2025-12-23T00:22:42.867Z,GA 07 G 5115-POR(MINI WATER TENDER),15.522988,73.829384,0,STOP,At Porvorim Fire Station,Fire Station Porvorim
2025-12-23T00:22:42.867Z,GA 07 G 0350-MRG(WATER TENDER),15.269428,73.970604,0,STOP,At Fire Station Margoa,Fire Station Margao
2025-12-23T00:22:42.867Z,GA 07 G 2900-MAP(MINI RESCUE TENDER),15.589908,73.808716,0,STOP,At Fire Station Mapusa,Fire Station Mapusa
2025-12-23T00:22:42.867Z,GA 07 G 7600-FFHQ(WATER BOUSER),15.487103,73.817108,0,STOP,"Caculo Mall, 16 Shanta, St Inez Rd, Caculo Enclave, Santa Inez, Panaji, Goa (NW)",Fire Force Headquarters
2025-12-23T00:22:42.867Z,GA 07 G 2002-FFHQ(TURN TABLE LADDER),15.48742,73.817375,0,STOP,"Caculo Mall, 16 Shanta, St Inez Rd, Caculo Enclave, Santa Inez, Panaji, Goa (NW)",Fire Force Headquarters
2025-12-23T00:22:42.867Z,GA 07 G 7101-FFHQ(WATER TENDER),15.486877,73.817055,0,STOP,"Caculo Mall, 16 Shanta, St Inez Rd, Caculo Enclave, Santa Inez, Panaji, Goa (NW)",Fire Force Headquarters
2025-12-23T00:22:42.867Z,GA 07 G 7677-FFHQ(EMERGENCY RESCUE),15.48719,73.817192,0,STOP,"Caculo Mall, 16 Shanta, St Inez Rd, Caculo Enclave, Santa Inez, Panaji, Goa (NW)",Fire Force Headquarters
2025-12-23T00:22:42.867Z,GA 07 G 1121-PNJ(EMERGENCY RESCUE),15.487292,73.817276,0,STOP,"Caculo Mall, 16 Shanta, St Inez Rd, Caculo Enclave, Santa Inez, Panaji, Goa (NW)",Fire Station Panaji
2025-12-23T00:22:42.867Z,GA 07 G 1571-FFHQ(QUICK RESPONSE),15.48666,73.817444,0,STOP,"Caculo Mall, 16 Shanta, St Inez Rd, Caculo Enclave, Santa Inez, Panaji, Goa (NW)",Fire Force Headquarters
2025-12-23T00:22:42.867Z,GA 07 G 8101-MAP(WATER TENDER),15.589937,73.80867,0,STOP,At Fire Station Mapusa,Fire Station Mapusa
2025-12-23T00:22:42.867Z,GA 07 G 2317-MRG(EMERGENCY RESCUE TENDER),15.2693316,73.970125,0,STOP,At Fire Station Margoa,Fire Station Margao
2025-12-23T00:22:42.867Z,GA 07 G 1570-VAS(QUICK RESPONSE FIRE TENDER),15.3887783,73.8513266,0,STOP,At Fire Station Vasco,Fire Station Vasco
2025-12-23T00:22:42.867Z,GA 07 G 4101-VAS(MS WATER TENDER),15.3890783,73.85092,0,STOP,At Fire Station Vasco,Fire Station Vasco
2025-12-23T00:22:42.867Z,GA 07 G 0819-VAS(WATER/FOAM TENDER),15.3888217,73.8512367,0,IDLE,At Fire Station Vasco,Fire Station Vasco
2025-12-23T00:22:42.867Z,GA 07 G 7100-MRG(WATER BOUSER),15.2694566,73.97006,0,STOP,At Fire Station Margoa,Fire Station Margao
2025-12-23T00:22:42.867Z,GA 07 G 1568-MRG(QUICK RESPONSE ),15.269325,73.9706466,0,STOP,At Fire Station Margoa,Fire Station Margao
2025-12-23T00:22:42.867Z,GA 07 G 6101-MRG(WATER TENDER),15.2693733,73.9701416,0,STOP,At Fire Station Margoa,Fire Station Margao
2025-12-23T00:22:42.867Z,GA 07 G 1001-MRG(AERIAL LADDER PLATFORM),15.2695583,73.969735,0,STOP,At Fire Station Margoa,Fire Station Margao
2025-12-23T00:22:42.867Z,GA 07 G 0820-BIC(WATER TEDNER),15.4027094,74.0029172,0,STOP,At Fire Station Ponda ,Fire Station Bicholim
2025-12-23T00:22:42.867Z,GA 07 G 5101-OLG(MS WATER TENDER),15.5003033,73.91403,0,STOP,At Fire Station Old Goa,Fire Station Old Goa
2025-12-23T00:22:42.867Z,GA 07 G 3101-BIC(MS WATER TENDER),15.5891033,73.9463216,6,STOP,At Fire Station Bicholim ,Fire Station Bicholim
2025-12-23T00:22:42.867Z,GA 07 G 1941-BIC(QUICK RESPONSE),15.5894533,73.9467033,0,STOP,At Fire Station Bicholim ,Fire Station Bicholim
2025-12-23T00:22:42.867Z,GA 07 G 2319-VAS (EMERGENCY RESCUE TENDER),15.3901916,73.8524983,0,STOP,"near melisa garage,NSD, Dabolim, Goa (SW)",Fire Station Vasco
2025-12-23T00:22:42.867Z,GA 07 G 3737-VAP(WATER TENDER),15.53099,74.1387199,0,STOP,At Fire Station Valpoi ,Fire Station Valpoi
2025-12-23T00:22:42.867Z,GA 07 G 2318-PND(EMERGENCY RESCUE TENDER),15.4028416,74.0028083,0,STOP,At Fire Station Ponda ,Fire Station Ponda
2025-12-23T00:22:42.867Z,GA 07 G 2004-PND(QUICK RESPONSE),15.4026666,74.0028483,0,STOP,At Fire Station Ponda ,Fire Station Ponda
2025-12-23T00:22:42.867Z,GA 07 G 9101-PND(WATER TENDER),15.402745,74.0028816,0,STOP,At Fire Station Ponda ,Fire Station Ponda
2025-12-23T00:22:42.867Z,GA 07 G 9797-PND(WATER BOUSER),15.402635,74.00284,0,STOP,At Fire Station Ponda ,Fire Station Ponda
2025-12-23T00:22:42.867Z,GA 07 G 6363-CAN(WATER TENDER),15.0236183,74.0440433,0,INACTIVE,"Canacona, The Lalitrajbaga ,Canacona, Canacona, Goa (NE)",Fire Station Canacona
2025-12-23T00:22:42.867Z,GA 07 G 1567-CAN(QUICK RESPONSE FT),15.0171383,74.0398266,32,INACTIVE,"Canacona, The Lalitrajbaga ,Canacona, Canacona, Goa (SW)",Fire Station Canacona
2025-12-23T00:22:42.867Z,GA 07 G 1569-VRN(QUICK RESPONSE),15.3694583,73.9356766,0,STOP,At Fire Station Verna,Fire Station Verna
2025-12-23T00:22:42.867Z,GA 07 G 9909-VRN(ADVANCE MULTI-PURPOSE),15.3695866,73.9351966,0,STOP,At Fire Station Verna,Fire Station Verna
2025-12-23T00:22:42.867Z,GA 07 G 1942-VAP(QUICK RESPONSE),15.5311233,74.1388183,0,STOP,At Fire Station Valpoi ,Fire Station Valpoi
2025-12-23T00:22:42.867Z,GA 07 G 2003-CUR(QUICK RESPONSE),15.2603983,74.1037033,0,STOP,At Fire Station Curchorem,Fire Station Curchorem
2025-12-23T00:22:42.867Z,GA 07 G 7447-CUR(EMERGENCY RESCUE),15.26048,74.1037033,0,STOP,At Fire Station Curchorem,Fire Station Curchorem
2025-12-23T00:22:42.867Z,GA 07 G 7557-CUR(WATER TENDER),15.26045,74.10345,0,STOP,At Fire Station Curchorem,Fire Station Curchorem
2025-12-23T00:22:42.867Z,GA 07 G 7667-CUR(WATER BOUSER),15.1454033,73.99108,0,STOP,"Shri Shantadurga fatarpekarin Temple, Fatorpa, Cuncolim, Goa (SW)",Fire Station Curchorem
2025-12-23T00:22:42.867Z,GA 07 G 4989-KUN(WATER TENDER),15.4635767,73.9722983,0,STOP,At Fire Station Kundaim,Fire Station Kundaim
2025-12-23T00:22:42.867Z,GA 07 G 2242-PIL(WATER TENDER),15.5328322,73.7941056,0,STOP,At Fire Station Pilerne,Fire Station Pilerne
2025-12-23T00:22:42.867Z,GA 07 G 0681-MAP(QUICK RESPONSE),15.589775,73.8087733,0,STOP,At Fire Station Mapusa,Fire Station Mapusa
2025-12-23T00:22:42.867Z,GA 07 G 0307-PER(QUICK RESPONSE),15.7164939,73.7974239,0,INACTIVE,At Fire Station Pernem,Fire Station Pernem
2025-12-23T00:22:42.867Z,GA 07 G 2101-PER(MS WATER TENDER),15.7163717,73.7975772,0,STOP,At Fire Station Pernem,Fire Station Pernem
2025-12-23T00:22:42.867Z,GA 07 G 4600-PER(MINI RESCUE TENDER),15.7165206,73.7975167,0,STOP,At Fire Station Pernem,Fire Station Pernem
2025-12-23T00:22:42.867Z,GA 07 G 7272-PNJ(WATER TENDER),15.4875411,73.8176922,0,STOP,"Shenaz Shopping Centre, PWD office, 15, Lydia Gardens, St Inez Rd, Opp to, Santa Inez, Panaji, Goa (SW)",Fire Station Panaji
2025-12-23T00:22:42.867Z,GA07G2384- Cuncolim,15.1862206,74.0209944,0,STOP,At Fire Station Cuncolim,Fire Station Cuncolim
2025-12-23T00:22:42.867Z,GA07G2507 - Mid Size (Water Tender),15.7164733,73.7974933,0,STOP,At Fire Station Pernem,Fire Station Pernem
2025-12-23T00:22:42.867Z,GA07G2505 - Mid Size (Water Tender),15.530985,74.13868,0,STOP,At Fire Station Valpoi ,Fire Station Valpoi
2025-12-23T00:22:42.867Z,GA07G2504 - Mid Size (Water Tender),15.5890983,73.9465083,0,STOP,At Fire Station Bicholim ,Fire Station Bicholim
2025-12-23T00:22:42.867Z,GA07G2503-Mid Size (Water Tender),15.5900233,73.80865,0,STOP,At Fire Station Mapusa,Fire Station Mapusa
2025-12-23T00:22:42.867Z,GA07G2502 - Mid Size (Water Tender),15.4870233,73.8172283,0,STOP,"Caculo Mall, 16 Shanta, St Inez Rd, Caculo Enclave, Santa Inez, Panaji, Goa (NW)",Fire Force Headquarters
2025-12-23T00:23:42.680Z,GA 07 G 0680-PIL(QUICK RESPONSE VEHICLE),15.5329733,73.7939283,0,STOP,At Fire Station Pilerne,Fire Station Pilerne
2025-12-23T00:23:42.680Z,GA07G2506 - Mid Size (Water Tender),15.500348,73.914085,0,INACTIVE,At Fire Station Old Goa,Fire Station Old Goa
2025-12-23T00:23:42.680Z,GA 07 G 5115-POR(MINI WATER TENDER),15.522988,73.829384,0,STOP,At Porvorim Fire Station,Fire Station Porvorim
2025-12-23T00:23:42.680Z,GA 07 G 0350-MRG(WATER TENDER),15.269428,73.970604,0,STOP,At Fire Station Margoa,Fire Station Margao
2025-12-23T00:23:42.680Z,GA 07 G 2900-MAP(MINI RESCUE TENDER),15.589908,73.808716,0,STOP,At Fire Station Mapusa,Fire Station Mapusa
2025-12-23T00:23:42.680Z,GA 07 G 7600-FFHQ(WATER BOUSER),15.487103,73.817108,0,STOP,"Caculo Mall, 16 Shanta, St Inez Rd, Caculo Enclave, Santa Inez, Panaji, Goa (NW)",Fire Force Headquarters
2025-12-23T00:23:42.680Z,GA 07 G 2002-FFHQ(TURN TABLE LADDER),15.48742,73.817375,0,STOP,"Caculo Mall, 16 Shanta, St Inez Rd, Caculo Enclave, Santa Inez, Panaji, Goa (NW)",Fire Force Headquarters
2025-12-23T00:23:42.680Z,GA 07 G 7101-FFHQ(WATER TENDER),15.486877,73.817055,0,STOP,"Caculo Mall, 16 Shanta, St Inez Rd, Caculo Enclave, Santa Inez, Panaji, Goa (NW)",Fire Force Headquarters
2025-12-23T00:23:42.680Z,GA 07 G 7677-FFHQ(EMERGENCY RESCUE),15.48719,73.817192,0,STOP,"Caculo Mall, 16 Shanta, St Inez Rd, Caculo Enclave, Santa Inez, Panaji, Goa (NW)",Fire Force Headquarters
2025-12-23T00:23:42.680Z,GA 07 G 1121-PNJ(EMERGENCY RESCUE),15.487292,73.817276,0,STOP,"Caculo Mall, 16 Shanta, St Inez Rd, Caculo Enclave, Santa Inez, Panaji, Goa (NW)",Fire Station Panaji
2025-12-23T00:23:42.680Z,GA 07 G 1571-FFHQ(QUICK RESPONSE),15.48666,73.817444,0,STOP,"Caculo Mall, 16 Shanta, St Inez Rd, Caculo Enclave, Santa Inez, Panaji, Goa (NW)",Fire Force Headquarters
2025-12-23T00:23:42.680Z,GA 07 G 8101-MAP(WATER TENDER),15.589937,73.80867,0,STOP,At Fire Station Mapusa,Fire Station Mapusa
2025-12-23T00:23:42.680Z,GA 07 G 2317-MRG(EMERGENCY RESCUE TENDER),15.2693316,73.970125,0,STOP,At Fire Station Margoa,Fire Station Margao
2025-12-23T00:23:42.680Z,GA 07 G 1570-VAS(QUICK RESPONSE FIRE TENDER),15.3887783,73.8513266,0,STOP,At Fire Station Vasco,Fire Station Vasco
2025-12-23T00:23:42.680Z,GA 07 G 4101-VAS(MS WATER TENDER),15.3890783,73.85092,0,STOP,At Fire Station Vasco,Fire Station Vasco
2025-12-23T00:23:42.680Z,GA 07 G 0819-VAS(WATER/FOAM TENDER),15.3888217,73.8512367,0,IDLE,At Fire Station Vasco,Fire Station Vasco
2025-12-23T00:23:42.680Z,GA 07 G 7100-MRG(WATER BOUSER),15.2694566,73.97006,0,STOP,At Fire Station Margoa,Fire Station Margao
2025-12-23T00:23:42.680Z,GA 07 G 1568-MRG(QUICK RESPONSE ),15.269325,73.9706466,0,STOP,At Fire Station Margoa,Fire Station Margao
2025-12-23T00:23:42.680Z,GA 07 G 6101-MRG(WATER TENDER),15.2693733,73.9701416,0,STOP,At Fire Station Margoa,Fire Station Margao
2025-12-23T00:23:42.680Z,GA 07 G 1001-MRG(AERIAL LADDER PLATFORM),15.2695583,73.969735,0,STOP,At Fire Station Margoa,Fire Station Margao
2025-12-23T00:23:42.680Z,GA 07 G 0820-BIC(WATER TEDNER),15.4027094,74.0029172,0,STOP,At Fire Station Ponda ,Fire Station Bicholim
2025-12-23T00:23:42.680Z,GA 07 G 5101-OLG(MS WATER TENDER),15.5003033,73.91403,0,STOP,At Fire Station Old Goa,Fire Station Old Goa
2025-12-23T00:23:42.680Z,GA 07 G 3101-BIC(MS WATER TENDER),15.5890733,73.9462883,4,STOP,At Fire Station Bicholim ,Fire Station Bicholim
2025-12-23T00:23:42.680Z,GA 07 G 1941-BIC(QUICK RESPONSE),15.5894533,73.9467033,0,STOP,At Fire Station Bicholim ,Fire Station Bicholim
2025-12-23T00:23:42.680Z,GA 07 G 2319-VAS (EMERGENCY RESCUE TENDER),15.3901916,73.8524983,0,STOP,"near melisa garage,NSD, Dabolim, Goa (SW)",Fire Station Vasco
2025-12-23T00:23:42.680Z,GA 07 G 3737-VAP(WATER TENDER),15.53099,74.1387199,0,STOP,At Fire Station Valpoi ,Fire Station Valpoi
2025-12-23T00:23:42.680Z,GA 07 G 2318-PND(EMERGENCY RESCUE TENDER),15.4028416,74.0028083,0,STOP,At Fire Station Ponda ,Fire Station Ponda
2025-12-23T00:23:42.680Z,GA 07 G 2004-PND(QUICK RESPONSE),15.4026666,74.0028483,0,STOP,At Fire Station Ponda ,Fire Station Ponda
2025-12-23T00:23:42.680Z,GA 07 G 9101-PND(WATER TENDER),15.402745,74.0028816,0,STOP,At Fire Station Ponda ,Fire Station Ponda
2025-12-23T00:23:42.680Z,GA 07 G 9797-PND(WATER BOUSER),15.402635,74.00284,0,STOP,At Fire Station Ponda ,Fire Station Ponda
2025-12-23T00:23:42.680Z,GA 07 G 6363-CAN(WATER TENDER),15.0236183,74.0440433,0,INACTIVE,"Canacona, The Lalitrajbaga ,Canacona, Canacona, Goa (NE)",Fire Station Canacona
2025-12-23T00:23:42.680Z,GA 07 G 1567-CAN(QUICK RESPONSE FT),15.0171383,74.0398266,32,INACTIVE,"Canacona, The Lalitrajbaga ,Canacona, Canacona, Goa (SW)",Fire Station Canacona
2025-12-23T00:23:42.680Z,GA 07 G 1569-VRN(QUICK RESPONSE),15.3694583,73.9356766,0,STOP,At Fire Station Verna,Fire Station Verna
2025-12-23T00:23:42.680Z,GA 07 G 9909-VRN(ADVANCE MULTI-PURPOSE),15.3695866,73.9351966,0,STOP,At Fire Station Verna,Fire Station Verna
2025-12-23T00:23:42.680Z,GA 07 G 1942-VAP(QUICK RESPONSE),15.5311233,74.1388183,0,STOP,At Fire Station Valpoi ,Fire Station Valpoi
2025-12-23T00:23:42.680Z,GA 07 G 2003-CUR(QUICK RESPONSE),15.2603983,74.1037033,0,STOP,At Fire Station Curchorem,Fire Station Curchorem
2025-12-23T00:23:42.680Z,GA 07 G 7447-CUR(EMERGENCY RESCUE),15.26048,74.1037033,0,STOP,At Fire Station Curchorem,Fire Station Curchorem
2025-12-23T00:23:42.680Z,GA 07 G 7557-CUR(WATER TENDER),15.26045,74.10345,0,STOP,At Fire Station Curchorem,Fire Station Curchorem
2025-12-23T00:23:42.680Z,GA 07 G 7667-CUR(WATER BOUSER),15.1454033,73.99108,0,STOP,"Shri Shantadurga fatarpekarin Temple, Fatorpa, Cuncolim, Goa (SW)",Fire Station Curchorem
2025-12-23T00:23:42.680Z,GA 07 G 4989-KUN(WATER TENDER),15.4635767,73.9722983,0,STOP,At Fire Station Kundaim,Fire Station Kundaim
2025-12-23T00:23:42.680Z,GA 07 G 2242-PIL(WATER TENDER),15.5328322,73.7941056,0,STOP,At Fire Station Pilerne,Fire Station Pilerne
2025-12-23T00:23:42.680Z,GA 07 G 0681-MAP(QUICK RESPONSE),15.589775,73.8087733,0,STOP,At Fire Station Mapusa,Fire Station Mapusa
2025-12-23T00:23:42.680Z,GA 07 G 0307-PER(QUICK RESPONSE),15.7164939,73.7974239,0,INACTIVE,At Fire Station Pernem,Fire Station Pernem
2025-12-23T00:23:42.680Z,GA 07 G 2101-PER(MS WATER TENDER),15.7163717,73.7975772,0,STOP,At Fire Station Pernem,Fire Station Pernem
2025-12-23T00:23:42.680Z,GA 07 G 4600-PER(MINI RESCUE TENDER),15.7165206,73.7975167,0,STOP,At Fire Station Pernem,Fire Station Pernem
2025-12-23T00:23:42.680Z,GA 07 G 7272-PNJ(WATER TENDER),15.4875411,73.8176922,0,STOP,"Shenaz Shopping Centre, PWD office, 15, Lydia Gardens, St Inez Rd, Opp to, Santa Inez, Panaji, Goa (SW)",Fire Station Panaji
2025-12-23T00:23:42.680Z,GA07G2384- Cuncolim,15.1862206,74.0209944,0,STOP,At Fire Station Cuncolim,Fire Station Cuncolim
2025-12-23T00:23:42.680Z,GA07G2507 - Mid Size (Water Tender),15.7164733,73.7974933,0,STOP,At Fire Station Pernem,Fire Station Pernem
2025-12-23T00:23:42.680Z,GA07G2505 - Mid Size (Water Tender),15.530985,74.13868,0,STOP,At Fire Station Valpoi ,Fire Station Valpoi
2025-12-23T00:23:42.680Z,GA07G2504 - Mid Size (Water Tender),15.5890983,73.9465083,0,STOP,At Fire Station Bicholim ,Fire Station Bicholim
2025-12-23T00:23:42.680Z,GA07G2503-Mid Size (Water Tender),15.5900233,73.80865,0,STOP,At Fire Station Mapusa,Fire Station Mapusa
2025-12-23T00:23:42.680Z,GA07G2502 - Mid Size (Water Tender),15.4870233,73.8172283,0,STOP,"Caculo Mall, 16 Shanta, St Inez Rd, Caculo Enclave, Santa Inez, Panaji, Goa (NW)",Fire Force Headquarters
2025-12-23T00:24:43.368Z,GA 07 G 0680-PIL(QUICK RESPONSE VEHICLE),15.5329733,73.7939283,0,STOP,At Fire Station Pilerne,Fire Station Pilerne
2025-12-23T00:24:43.368Z,GA07G2506 - Mid Size (Water Tender),15.500348,73.914085,0,INACTIVE,At Fire Station Old Goa,Fire Station Old Goa
2025-12-23T00:24:43.368Z,GA 07 G 5115-POR(MINI WATER TENDER),15.522988,73.829384,0,STOP,At Porvorim Fire Station,Fire Station Porvorim
2025-12-23T00:24:43.368Z,GA 07 G 0350-MRG(WATER TENDER),15.269428,73.970604,0,STOP,At Fire Station Margoa,Fire Station Margao
2025-12-23T00:24:43.368Z,GA 07 G 2900-MAP(MINI RESCUE TENDER),15.589908,73.808716,0,STOP,At Fire Station Mapusa,Fire Station Mapusa
2025-12-23T00:24:43.368Z,GA 07 G 7600-FFHQ(WATER BOUSER),15.487103,73.817108,0,STOP,"Caculo Mall, 16 Shanta, St Inez Rd, Caculo Enclave, Santa Inez, Panaji, Goa (NW)",Fire Force Headquarters
2025-12-23T00:24:43.368Z,GA 07 G 2002-FFHQ(TURN TABLE LADDER),15.48742,73.817375,0,STOP,"Caculo Mall, 16 Shanta, St Inez Rd, Caculo Enclave, Santa Inez, Panaji, Goa (NW)",Fire Force Headquarters
2025-12-23T00:24:43.368Z,GA 07 G 7101-FFHQ(WATER TENDER),15.486877,73.817055,0,STOP,"Caculo Mall, 16 Shanta, St Inez Rd, Caculo Enclave, Santa Inez, Panaji, Goa (NW)",Fire Force Headquarters
2025-12-23T00:24:43.368Z,GA 07 G 7677-FFHQ(EMERGENCY RESCUE),15.48719,73.817192,0,STOP,"Caculo Mall, 16 Shanta, St Inez Rd, Caculo Enclave, Santa Inez, Panaji, Goa (NW)",Fire Force Headquarters
2025-12-23T00:24:43.368Z,GA 07 G 1121-PNJ(EMERGENCY RESCUE),15.487292,73.817276,0,STOP,"Caculo Mall, 16 Shanta, St Inez Rd, Caculo Enclave, Santa Inez, Panaji, Goa (NW)",Fire Station Panaji
2025-12-23T00:24:43.368Z,GA 07 G 1571-FFHQ(QUICK RESPONSE),15.48666,73.817444,0,STOP,"Caculo Mall, 16 Shanta, St Inez Rd, Caculo Enclave, Santa Inez, Panaji, Goa (NW)",Fire Force Headquarters
2025-12-23T00:24:43.368Z,GA 07 G 8101-MAP(WATER TENDER),15.589937,73.80867,0,STOP,At Fire Station Mapusa,Fire Station Mapusa
2025-12-23T00:24:43.368Z,GA 07 G 2317-MRG(EMERGENCY RESCUE TENDER),15.269485,73.97002,0,STOP,At Fire Station Margoa,Fire Station Margao
2025-12-23T00:24:43.368Z,GA 07 G 1570-VAS(QUICK RESPONSE FIRE TENDER),15.3887783,73.8513266,0,STOP,At Fire Station Vasco,Fire Station Vasco
2025-12-23T00:24:43.368Z,GA 07 G 4101-VAS(MS WATER TENDER),15.3890783,73.85092,0,STOP,At Fire Station Vasco,Fire Station Vasco
2025-12-23T00:24:43.368Z,GA 07 G 0819-VAS(WATER/FOAM TENDER),15.3888217,73.8512367,0,IDLE,At Fire Station Vasco,Fire Station Vasco
2025-12-23T00:24:43.368Z,GA 07 G 7100-MRG(WATER BOUSER),15.2694566,73.97006,0,STOP,At Fire Station Margoa,Fire Station Margao
2025-12-23T00:24:43.368Z,GA 07 G 1568-MRG(QUICK RESPONSE ),15.269325,73.9706466,0,STOP,At Fire Station Margoa,Fire Station Margao
2025-12-23T00:24:43.368Z,GA 07 G 6101-MRG(WATER TENDER),15.2693733,73.9701416,0,STOP,At Fire Station Margoa,Fire Station Margao
2025-12-23T00:24:43.368Z,GA 07 G 1001-MRG(AERIAL LADDER PLATFORM),15.2695583,73.969735,0,STOP,At Fire Station Margoa,Fire Station Margao
2025-12-23T00:24:43.368Z,GA 07 G 0820-BIC(WATER TEDNER),15.4027094,74.0029172,0,STOP,At Fire Station Ponda ,Fire Station Bicholim
2025-12-23T00:24:43.368Z,GA 07 G 5101-OLG(MS WATER TENDER),15.5003033,73.91403,0,STOP,At Fire Station Old Goa,Fire Station Old Goa
2025-12-23T00:24:43.368Z,GA 07 G 3101-BIC(MS WATER TENDER),15.5890733,73.9462883,0,STOP,At Fire Station Bicholim ,Fire Station Bicholim
2025-12-23T00:24:43.368Z,GA 07 G 1941-BIC(QUICK RESPONSE),15.5894533,73.9467033,0,STOP,At Fire Station Bicholim ,Fire Station Bicholim
2025-12-23T00:24:43.368Z,GA 07 G 2319-VAS (EMERGENCY RESCUE TENDER),15.3901916,73.8524983,0,STOP,"near melisa garage,NSD, Dabolim, Goa (SW)",Fire Station Vasco
2025-12-23T00:24:43.368Z,GA 07 G 3737-VAP(WATER TENDER),15.53099,74.1387199,0,STOP,At Fire Station Valpoi ,Fire Station Valpoi
2025-12-23T00:24:43.368Z,GA 07 G 2318-PND(EMERGENCY RESCUE TENDER),15.4028416,74.0028083,0,STOP,At Fire Station Ponda ,Fire Station Ponda
2025-12-23T00:24:43.368Z,GA 07 G 2004-PND(QUICK RESPONSE),15.4026666,74.0028483,0,STOP,At Fire Station Ponda ,Fire Station Ponda
2025-12-23T00:24:43.368Z,GA 07 G 9101-PND(WATER TENDER),15.402745,74.0028816,0,STOP,At Fire Station Ponda ,Fire Station Ponda
2025-12-23T00:24:43.368Z,GA 07 G 9797-PND(WATER BOUSER),15.402635,74.00284,0,STOP,At Fire Station Ponda ,Fire Station Ponda
2025-12-23T00:24:43.368Z,GA 07 G 6363-CAN(WATER TENDER),15.0236183,74.0440433,0,INACTIVE,"Canacona, The Lalitrajbaga ,Canacona, Canacona, Goa (NE)",Fire Station Canacona
2025-12-23T00:24:43.368Z,GA 07 G 1567-CAN(QUICK RESPONSE FT),15.0171383,74.0398266,32,INACTIVE,"Canacona, The Lalitrajbaga ,Canacona, Canacona, Goa (SW)",Fire Station Canacona
2025-12-23T00:24:43.368Z,GA 07 G 1569-VRN(QUICK RESPONSE),15.3694583,73.9356766,0,STOP,At Fire Station Verna,Fire Station Verna
2025-12-23T00:24:43.368Z,GA 07 G 9909-VRN(ADVANCE MULTI-PURPOSE),15.3695866,73.9351966,0,STOP,At Fire Station Verna,Fire Station Verna
2025-12-23T00:24:43.368Z,GA 07 G 1942-VAP(QUICK RESPONSE),15.5311233,74.1388183,0,STOP,At Fire Station Valpoi ,Fire Station Valpoi
2025-12-23T00:24:43.368Z,GA 07 G 2003-CUR(QUICK RESPONSE),15.2603983,74.1037033,0,STOP,At Fire Station Curchorem,Fire Station Curchorem
2025-12-23T00:24:43.368Z,GA 07 G 7447-CUR(EMERGENCY RESCUE),15.26048,74.1037033,0,STOP,At Fire Station Curchorem,Fire Station Curchorem
2025-12-23T00:24:43.368Z,GA 07 G 7557-CUR(WATER TENDER),15.26045,74.10345,0,STOP,At Fire Station Curchorem,Fire Station Curchorem
2025-12-23T00:24:43.368Z,GA 07 G 7667-CUR(WATER BOUSER),15.1454033,73.99108,0,STOP,"Shri Shantadurga fatarpekarin Temple, Fatorpa, Cuncolim, Goa (SW)",Fire Station Curchorem
2025-12-23T00:24:43.368Z,GA 07 G 4989-KUN(WATER TENDER),15.4635767,73.9722983,0,STOP,At Fire Station Kundaim,Fire Station Kundaim
2025-12-23T00:24:43.368Z,GA 07 G 2242-PIL(WATER TENDER),15.5328322,73.7941056,0,STOP,At Fire Station Pilerne,Fire Station Pilerne
2025-12-23T00:24:43.368Z,GA 07 G 0681-MAP(QUICK RESPONSE),15.589775,73.8087733,0,STOP,At Fire Station Mapusa,Fire Station Mapusa
2025-12-23T00:24:43.368Z,GA 07 G 0307-PER(QUICK RESPONSE),15.7164939,73.7974239,0,INACTIVE,At Fire Station Pernem,Fire Station Pernem
2025-12-23T00:24:43.368Z,GA 07 G 2101-PER(MS WATER TENDER),15.7163717,73.7975772,0,STOP,At Fire Station Pernem,Fire Station Pernem
2025-12-23T00:24:43.368Z,GA 07 G 4600-PER(MINI RESCUE TENDER),15.7165206,73.7975167,0,STOP,At Fire Station Pernem,Fire Station Pernem
2025-12-23T00:24:43.368Z,GA 07 G 7272-PNJ(WATER TENDER),15.4875411,73.8176922,0,STOP,"Shenaz Shopping Centre, PWD office, 15, Lydia Gardens, St Inez Rd, Opp to, Santa Inez, Panaji, Goa (SW)",Fire Station Panaji
2025-12-23T00:24:43.368Z,GA07G2384- Cuncolim,15.1862206,74.0209944,0,STOP,At Fire Station Cuncolim,Fire Station Cuncolim
2025-12-23T00:24:43.368Z,GA07G2507 - Mid Size (Water Tender),15.7164733,73.7974933,0,STOP,At Fire Station Pernem,Fire Station Pernem
2025-12-23T00:24:43.368Z,GA07G2505 - Mid Size (Water Tender),15.530985,74.13868,0,STOP,At Fire Station Valpoi ,Fire Station Valpoi
2025-12-23T00:24:43.368Z,GA07G2504 - Mid Size (Water Tender),15.5890983,73.9465083,0,STOP,At Fire Station Bicholim ,Fire Station Bicholim
2025-12-23T00:24:43.368Z,GA07G2503-Mid Size (Water Tender),15.5900233,73.80865,0,STOP,At Fire Station Mapusa,Fire Station Mapusa
2025-12-23T00:24:43.368Z,GA07G2502 - Mid Size (Water Tender),15.4870233,73.8172283,0,STOP,"Caculo Mall, 16 Shanta, St Inez Rd, Caculo Enclave, Santa Inez, Panaji, Goa (NW)",Fire Force Headquarters
2025-12-23T00:25:50.089Z,GA 07 G 0680-PIL(QUICK RESPONSE VEHICLE),15.5329733,73.7939283,0,STOP,At Fire Station Pilerne,Fire Station Pilerne
2025-12-23T00:25:50.089Z,GA07G2506 - Mid Size (Water Tender),15.500348,73.914085,0,INACTIVE,At Fire Station Old Goa,Fire Station Old Goa
2025-12-23T00:25:50.089Z,GA 07 G 5115-POR(MINI WATER TENDER),15.522988,73.829384,0,STOP,At Porvorim Fire Station,Fire Station Porvorim
2025-12-23T00:25:50.089Z,GA 07 G 0350-MRG(WATER TENDER),15.269428,73.970604,0,STOP,At Fire Station Margoa,Fire Station Margao
2025-12-23T00:25:50.089Z,GA 07 G 2900-MAP(MINI RESCUE TENDER),15.589908,73.808716,0,STOP,At Fire Station Mapusa,Fire Station Mapusa
2025-12-23T00:25:50.089Z,GA 07 G 7600-FFHQ(WATER BOUSER),15.487103,73.817108,0,STOP,"Caculo Mall, 16 Shanta, St Inez Rd, Caculo Enclave, Santa Inez, Panaji, Goa (NW)",Fire Force Headquarters
2025-12-23T00:25:50.089Z,GA 07 G 2002-FFHQ(TURN TABLE LADDER),15.48742,73.817375,0,STOP,"Caculo Mall, 16 Shanta, St Inez Rd, Caculo Enclave, Santa Inez, Panaji, Goa (NW)",Fire Force Headquarters
2025-12-23T00:25:50.089Z,GA 07 G 7101-FFHQ(WATER TENDER),15.486877,73.817055,0,STOP,"Caculo Mall, 16 Shanta, St Inez Rd, Caculo Enclave, Santa Inez, Panaji, Goa (NW)",Fire Force Headquarters
2025-12-23T00:25:50.089Z,GA 07 G 7677-FFHQ(EMERGENCY RESCUE),15.48719,73.817192,0,STOP,"Caculo Mall, 16 Shanta, St Inez Rd, Caculo Enclave, Santa Inez, Panaji, Goa (NW)",Fire Force Headquarters
2025-12-23T00:25:50.089Z,GA 07 G 1121-PNJ(EMERGENCY RESCUE),15.487292,73.817276,0,STOP,"Caculo Mall, 16 Shanta, St Inez Rd, Caculo Enclave, Santa Inez, Panaji, Goa (NW)",Fire Station Panaji
2025-12-23T00:25:50.089Z,GA 07 G 1571-FFHQ(QUICK RESPONSE),15.48666,73.817444,0,STOP,"Caculo Mall, 16 Shanta, St Inez Rd, Caculo Enclave, Santa Inez, Panaji, Goa (NW)",Fire Force Headquarters
2025-12-23T00:25:50.089Z,GA 07 G 8101-MAP(WATER TENDER),15.589937,73.80867,0,STOP,At Fire Station Mapusa,Fire Station Mapusa
2025-12-23T00:25:50.089Z,GA 07 G 2317-MRG(EMERGENCY RESCUE TENDER),15.2694233,73.970215,1,STOP,At Fire Station Margoa,Fire Station Margao
2025-12-23T00:25:50.089Z,GA 07 G 1570-VAS(QUICK RESPONSE FIRE TENDER),15.3887783,73.8513266,0,STOP,At Fire Station Vasco,Fire Station Vasco
2025-12-23T00:25:50.089Z,GA 07 G 4101-VAS(MS WATER TENDER),15.3890783,73.85092,0,STOP,At Fire Station Vasco,Fire Station Vasco
2025-12-23T00:25:50.089Z,GA 07 G 0819-VAS(WATER/FOAM TENDER),15.3888217,73.8512367,0,IDLE,At Fire Station Vasco,Fire Station Vasco
2025-12-23T00:25:50.089Z,GA 07 G 7100-MRG(WATER BOUSER),15.2694566,73.97006,0,STOP,At Fire Station Margoa,Fire Station Margao
2025-12-23T00:25:50.089Z,GA 07 G 1568-MRG(QUICK RESPONSE ),15.269325,73.9706466,0,STOP,At Fire Station Margoa,Fire Station Margao
2025-12-23T00:25:50.089Z,GA 07 G 6101-MRG(WATER TENDER),15.2693733,73.9701416,0,STOP,At Fire Station Margoa,Fire Station Margao
2025-12-23T00:25:50.089Z,GA 07 G 1001-MRG(AERIAL LADDER PLATFORM),15.2695583,73.969735,0,STOP,At Fire Station Margoa,Fire Station Margao
2025-12-23T00:25:50.089Z,GA 07 G 0820-BIC(WATER TEDNER),15.4027094,74.0029172,0,STOP,At Fire Station Ponda ,Fire Station Bicholim
2025-12-23T00:25:50.089Z,GA 07 G 5101-OLG(MS WATER TENDER),15.5003033,73.91403,0,STOP,At Fire Station Old Goa,Fire Station Old Goa
2025-12-23T00:25:50.089Z,GA 07 G 3101-BIC(MS WATER TENDER),15.5890266,73.9462233,4,STOP,At Fire Station Bicholim ,Fire Station Bicholim
2025-12-23T00:25:50.089Z,GA 07 G 1941-BIC(QUICK RESPONSE),15.5894533,73.9467033,0,STOP,At Fire Station Bicholim ,Fire Station Bicholim
2025-12-23T00:25:50.089Z,GA 07 G 2319-VAS (EMERGENCY RESCUE TENDER),15.3901916,73.8524983,0,STOP,"near melisa garage,NSD, Dabolim, Goa (SW)",Fire Station Vasco
2025-12-23T00:25:50.089Z,GA 07 G 3737-VAP(WATER TENDER),15.53099,74.1387199,0,STOP,At Fire Station Valpoi ,Fire Station Valpoi
2025-12-23T00:25:50.089Z,GA 07 G 2318-PND(EMERGENCY RESCUE TENDER),15.4028416,74.0028083,0,STOP,At Fire Station Ponda ,Fire Station Ponda
2025-12-23T00:25:50.089Z,GA 07 G 2004-PND(QUICK RESPONSE),15.4026666,74.0028483,0,STOP,At Fire Station Ponda ,Fire Station Ponda
2025-12-23T00:25:50.089Z,GA 07 G 9101-PND(WATER TENDER),15.402745,74.0028816,0,STOP,At Fire Station Ponda ,Fire Station Ponda
2025-12-23T00:25:50.089Z,GA 07 G 9797-PND(WATER BOUSER),15.402635,74.00284,0,STOP,At Fire Station Ponda ,Fire Station Ponda
2025-12-23T00:25:50.089Z,GA 07 G 6363-CAN(WATER TENDER),15.0236183,74.0440433,0,INACTIVE,"Canacona, The Lalitrajbaga ,Canacona, Canacona, Goa (NE)",Fire Station Canacona
2025-12-23T00:25:50.089Z,GA 07 G 1567-CAN(QUICK RESPONSE FT),15.0171383,74.0398266,32,INACTIVE,"Canacona, The Lalitrajbaga ,Canacona, Canacona, Goa (SW)",Fire Station Canacona
2025-12-23T00:25:50.089Z,GA 07 G 1569-VRN(QUICK RESPONSE),15.3694583,73.9356766,0,STOP,At Fire Station Verna,Fire Station Verna
2025-12-23T00:25:50.089Z,GA 07 G 9909-VRN(ADVANCE MULTI-PURPOSE),15.3695866,73.9351966,0,STOP,At Fire Station Verna,Fire Station Verna
2025-12-23T00:25:50.089Z,GA 07 G 1942-VAP(QUICK RESPONSE),15.5311233,74.1388183,0,STOP,At Fire Station Valpoi ,Fire Station Valpoi
2025-12-23T00:25:50.089Z,GA 07 G 2003-CUR(QUICK RESPONSE),15.2603983,74.1037033,0,STOP,At Fire Station Curchorem,Fire Station Curchorem
2025-12-23T00:25:50.089Z,GA 07 G 7447-CUR(EMERGENCY RESCUE),15.26048,74.1037033,0,STOP,At Fire Station Curchorem,Fire Station Curchorem
2025-12-23T00:25:50.089Z,GA 07 G 7557-CUR(WATER TENDER),15.26045,74.10345,0,STOP,At Fire Station Curchorem,Fire Station Curchorem
2025-12-23T00:25:50.089Z,GA 07 G 7667-CUR(WATER BOUSER),15.1454033,73.99108,0,STOP,"Shri Shantadurga fatarpekarin Temple, Fatorpa, Cuncolim, Goa (SW)",Fire Station Curchorem
2025-12-23T00:25:50.089Z,GA 07 G 4989-KUN(WATER TENDER),15.4635767,73.9722983,0,STOP,At Fire Station Kundaim,Fire Station Kundaim
2025-12-23T00:25:50.089Z,GA 07 G 2242-PIL(WATER TENDER),15.5328322,73.7941056,0,STOP,At Fire Station Pilerne,Fire Station Pilerne
2025-12-23T00:25:50.089Z,GA 07 G 0681-MAP(QUICK RESPONSE),15.589775,73.8087733,0,STOP,At Fire Station Mapusa,Fire Station Mapusa
2025-12-23T00:25:50.089Z,GA 07 G 0307-PER(QUICK RESPONSE),15.7164939,73.7974239,0,INACTIVE,At Fire Station Pernem,Fire Station Pernem
2025-12-23T00:25:50.089Z,GA 07 G 2101-PER(MS WATER TENDER),15.7163717,73.7975772,0,STOP,At Fire Station Pernem,Fire Station Pernem
2025-12-23T00:25:50.089Z,GA 07 G 4600-PER(MINI RESCUE TENDER),15.7165206,73.7975167,0,STOP,At Fire Station Pernem,Fire Station Pernem
2025-12-23T00:25:50.089Z,GA 07 G 7272-PNJ(WATER TENDER),15.4875411,73.8176922,0,STOP,"Shenaz Shopping Centre, PWD office, 15, Lydia Gardens, St Inez Rd, Opp to, Santa Inez, Panaji, Goa (SW)",Fire Station Panaji
2025-12-23T00:25:50.089Z,GA07G2384- Cuncolim,15.1862206,74.0209944,0,STOP,At Fire Station Cuncolim,Fire Station Cuncolim
2025-12-23T00:25:50.089Z,GA07G2507 - Mid Size (Water Tender),15.7164733,73.7974933,0,STOP,At Fire Station Pernem,Fire Station Pernem
2025-12-23T00:25:50.089Z,GA07G2505 - Mid Size (Water Tender),15.530985,74.13868,0,STOP,At Fire Station Valpoi ,Fire Station Valpoi
2025-12-23T00:25:50.089Z,GA07G2504 - Mid Size (Water Tender),15.5890983,73.9465083,0,STOP,At Fire Station Bicholim ,Fire Station Bicholim
2025-12-23T00:25:50.089Z,GA07G2503-Mid Size (Water Tender),15.5900233,73.80865,0,STOP,At Fire Station Mapusa,Fire Station Mapusa
2025-12-23T00:25:50.089Z,GA07G2502 - Mid Size (Water Tender),15.4870233,73.8172283,0,STOP,"Caculo Mall, 16 Shanta, St Inez Rd, Caculo Enclave, Santa Inez, Panaji, Goa (NW)",Fire Force Headquarters
2025-12-23T00:26:45.873Z,GA 07 G 0680-PIL(QUICK RESPONSE VEHICLE),15.5329733,73.7939283,0,STOP,At Fire Station Pilerne,Fire Station Pilerne
2025-12-23T00:26:45.873Z,GA07G2506 - Mid Size (Water Tender),15.500348,73.914085,0,INACTIVE,At Fire Station Old Goa,Fire Station Old Goa
2025-12-23T00:26:45.873Z,GA 07 G 5115-POR(MINI WATER TENDER),15.522988,73.829384,0,STOP,At Porvorim Fire Station,Fire Station Porvorim
2025-12-23T00:26:45.873Z,GA 07 G 0350-MRG(WATER TENDER),15.269428,73.970604,0,STOP,At Fire Station Margoa,Fire Station Margao
2025-12-23T00:26:45.873Z,GA 07 G 2900-MAP(MINI RESCUE TENDER),15.589908,73.808716,0,STOP,At Fire Station Mapusa,Fire Station Mapusa
2025-12-23T00:26:45.873Z,GA 07 G 7600-FFHQ(WATER BOUSER),15.487103,73.817108,0,STOP,"Caculo Mall, 16 Shanta, St Inez Rd, Caculo Enclave, Santa Inez, Panaji, Goa (NW)",Fire Force Headquarters
2025-12-23T00:26:45.873Z,GA 07 G 2002-FFHQ(TURN TABLE LADDER),15.48742,73.817375,0,STOP,"Caculo Mall, 16 Shanta, St Inez Rd, Caculo Enclave, Santa Inez, Panaji, Goa (NW)",Fire Force Headquarters
2025-12-23T00:26:45.873Z,GA 07 G 7101-FFHQ(WATER TENDER),15.486877,73.817055,0,STOP,"Caculo Mall, 16 Shanta, St Inez Rd, Caculo Enclave, Santa Inez, Panaji, Goa (NW)",Fire Force Headquarters
2025-12-23T00:26:45.873Z,GA 07 G 7677-FFHQ(EMERGENCY RESCUE),15.48719,73.817192,0,STOP,"Caculo Mall, 16 Shanta, St Inez Rd, Caculo Enclave, Santa Inez, Panaji, Goa (NW)",Fire Force Headquarters
2025-12-23T00:26:45.873Z,GA 07 G 1121-PNJ(EMERGENCY RESCUE),15.487292,73.817276,0,STOP,"Caculo Mall, 16 Shanta, St Inez Rd, Caculo Enclave, Santa Inez, Panaji, Goa (NW)",Fire Station Panaji
2025-12-23T00:26:45.873Z,GA 07 G 1571-FFHQ(QUICK RESPONSE),15.48666,73.817444,0,STOP,"Caculo Mall, 16 Shanta, St Inez Rd, Caculo Enclave, Santa Inez, Panaji, Goa (NW)",Fire Force Headquarters
2025-12-23T00:26:45.873Z,GA 07 G 8101-MAP(WATER TENDER),15.589937,73.80867,0,STOP,At Fire Station Mapusa,Fire Station Mapusa
2025-12-23T00:26:45.873Z,GA 07 G 2317-MRG(EMERGENCY RESCUE TENDER),15.2694799,73.9701983,0,STOP,At Fire Station Margoa,Fire Station Margao
2025-12-23T00:26:45.873Z,GA 07 G 1570-VAS(QUICK RESPONSE FIRE TENDER),15.3887783,73.8513266,0,STOP,At Fire Station Vasco,Fire Station Vasco
2025-12-23T00:26:45.873Z,GA 07 G 4101-VAS(MS WATER TENDER),15.3890783,73.85092,0,STOP,At Fire Station Vasco,Fire Station Vasco
2025-12-23T00:26:45.873Z,GA 07 G 0819-VAS(WATER/FOAM TENDER),15.3888217,73.8512367,0,IDLE,At Fire Station Vasco,Fire Station Vasco
2025-12-23T00:26:45.873Z,GA 07 G 7100-MRG(WATER BOUSER),15.2694566,73.97006,0,STOP,At Fire Station Margoa,Fire Station Margao
2025-12-23T00:26:45.873Z,GA 07 G 1568-MRG(QUICK RESPONSE ),15.269325,73.9706466,0,STOP,At Fire Station Margoa,Fire Station Margao
2025-12-23T00:26:45.873Z,GA 07 G 6101-MRG(WATER TENDER),15.2693733,73.9701416,0,STOP,At Fire Station Margoa,Fire Station Margao
2025-12-23T00:26:45.873Z,GA 07 G 1001-MRG(AERIAL LADDER PLATFORM),15.2695583,73.969735,0,STOP,At Fire Station Margoa,Fire Station Margao
2025-12-23T00:26:45.873Z,GA 07 G 0820-BIC(WATER TEDNER),15.4027094,74.0029172,0,STOP,At Fire Station Ponda ,Fire Station Bicholim
2025-12-23T00:26:45.873Z,GA 07 G 5101-OLG(MS WATER TENDER),15.5003033,73.91403,0,STOP,At Fire Station Old Goa,Fire Station Old Goa
2025-12-23T00:26:45.873Z,GA 07 G 3101-BIC(MS WATER TENDER),15.5890266,73.9462233,0,STOP,At Fire Station Bicholim ,Fire Station Bicholim
2025-12-23T00:26:45.873Z,GA 07 G 1941-BIC(QUICK RESPONSE),15.5894533,73.9467033,0,STOP,At Fire Station Bicholim ,Fire Station Bicholim
2025-12-23T00:26:45.873Z,GA 07 G 2319-VAS (EMERGENCY RESCUE TENDER),15.3901916,73.8524983,0,STOP,"near melisa garage,NSD, Dabolim, Goa (SW)",Fire Station Vasco
2025-12-23T00:26:45.873Z,GA 07 G 3737-VAP(WATER TENDER),15.53099,74.1387199,0,STOP,At Fire Station Valpoi ,Fire Station Valpoi
2025-12-23T00:26:45.873Z,GA 07 G 2318-PND(EMERGENCY RESCUE TENDER),15.4028416,74.0028083,0,STOP,At Fire Station Ponda ,Fire Station Ponda
2025-12-23T00:26:45.873Z,GA 07 G 2004-PND(QUICK RESPONSE),15.4026666,74.0028483,0,STOP,At Fire Station Ponda ,Fire Station Ponda
2025-12-23T00:26:45.873Z,GA 07 G 9101-PND(WATER TENDER),15.402745,74.0028816,0,STOP,At Fire Station Ponda ,Fire Station Ponda
2025-12-23T00:26:45.873Z,GA 07 G 9797-PND(WATER BOUSER),15.402635,74.00284,0,STOP,At Fire Station Ponda ,Fire Station Ponda
2025-12-23T00:26:45.873Z,GA 07 G 6363-CAN(WATER TENDER),15.0236183,74.0440433,0,INACTIVE,"Canacona, The Lalitrajbaga ,Canacona, Canacona, Goa (NE)",Fire Station Canacona
2025-12-23T00:26:45.873Z,GA 07 G 1567-CAN(QUICK RESPONSE FT),15.0171383,74.0398266,32,INACTIVE,"Canacona, The Lalitrajbaga ,Canacona, Canacona, Goa (SW)",Fire Station Canacona
2025-12-23T00:26:45.873Z,GA 07 G 1569-VRN(QUICK RESPONSE),15.3694583,73.9356766,0,STOP,At Fire Station Verna,Fire Station Verna
2025-12-23T00:26:45.873Z,GA 07 G 9909-VRN(ADVANCE MULTI-PURPOSE),15.3695866,73.9351966,0,STOP,At Fire Station Verna,Fire Station Verna
2025-12-23T00:26:45.873Z,GA 07 G 1942-VAP(QUICK RESPONSE),15.5311233,74.1388183,0,STOP,At Fire Station Valpoi ,Fire Station Valpoi
2025-12-23T00:26:45.873Z,GA 07 G 2003-CUR(QUICK RESPONSE),15.2603983,74.1037033,0,STOP,At Fire Station Curchorem,Fire Station Curchorem
2025-12-23T00:26:45.873Z,GA 07 G 7447-CUR(EMERGENCY RESCUE),15.26048,74.1037033,0,STOP,At Fire Station Curchorem,Fire Station Curchorem
2025-12-23T00:26:45.873Z,GA 07 G 7557-CUR(WATER TENDER),15.26045,74.10345,0,STOP,At Fire Station Curchorem,Fire Station Curchorem
2025-12-23T00:26:45.873Z,GA 07 G 7667-CUR(WATER BOUSER),15.1454033,73.99108,0,STOP,"Shri Shantadurga fatarpekarin Temple, Fatorpa, Cuncolim, Goa (SW)",Fire Station Curchorem
2025-12-23T00:26:45.873Z,GA 07 G 4989-KUN(WATER TENDER),15.4635767,73.9722983,0,STOP,At Fire Station Kundaim,Fire Station Kundaim
2025-12-23T00:26:45.873Z,GA 07 G 2242-PIL(WATER TENDER),15.5328322,73.7941056,0,STOP,At Fire Station Pilerne,Fire Station Pilerne
2025-12-23T00:26:45.873Z,GA 07 G 0681-MAP(QUICK RESPONSE),15.589775,73.8087733,0,STOP,At Fire Station Mapusa,Fire Station Mapusa
2025-12-23T00:26:45.873Z,GA 07 G 0307-PER(QUICK RESPONSE),15.7164939,73.7974239,0,INACTIVE,At Fire Station Pernem,Fire Station Pernem
2025-12-23T00:26:45.873Z,GA 07 G 2101-PER(MS WATER TENDER),15.7163717,73.7975772,0,STOP,At Fire Station Pernem,Fire Station Pernem
2025-12-23T00:26:45.873Z,GA 07 G 4600-PER(MINI RESCUE TENDER),15.7165206,73.7975167,0,STOP,At Fire Station Pernem,Fire Station Pernem
2025-12-23T00:26:45.873Z,GA 07 G 7272-PNJ(WATER TENDER),15.4875411,73.8176922,0,STOP,"Shenaz Shopping Centre, PWD office, 15, Lydia Gardens, St Inez Rd, Opp to, Santa Inez, Panaji, Goa (SW)",Fire Station Panaji
2025-12-23T00:26:45.873Z,GA07G2384- Cuncolim,15.1862206,74.0209944,0,STOP,At Fire Station Cuncolim,Fire Station Cuncolim
2025-12-23T00:26:45.873Z,GA07G2507 - Mid Size (Water Tender),15.7164733,73.7974933,0,STOP,At Fire Station Pernem,Fire Station Pernem
2025-12-23T00:26:45.873Z,GA07G2505 - Mid Size (Water Tender),15.530985,74.13868,0,STOP,At Fire Station Valpoi ,Fire Station Valpoi
2025-12-23T00:26:45.873Z,GA07G2504 - Mid Size (Water Tender),15.5890983,73.9465083,0,STOP,At Fire Station Bicholim ,Fire Station Bicholim
2025-12-23T00:26:45.873Z,GA07G2503-Mid Size (Water Tender),15.5900233,73.80865,0,STOP,At Fire Station Mapusa,Fire Station Mapusa
2025-12-23T00:26:45.873Z,GA07G2502 - Mid Size (Water Tender),15.4870233,73.8172283,0,STOP,"Caculo Mall, 16 Shanta, St Inez Rd, Caculo Enclave, Santa Inez, Panaji, Goa (NW)",Fire Force Headquarters
2025-12-23T00:27:46.710Z,GA 07 G 0680-PIL(QUICK RESPONSE VEHICLE),15.5329733,73.7939283,0,STOP,At Fire Station Pilerne,Fire Station Pilerne
2025-12-23T00:27:46.710Z,GA07G2506 - Mid Size (Water Tender),15.500348,73.914085,0,INACTIVE,At Fire Station Old Goa,Fire Station Old Goa
2025-12-23T00:27:46.710Z,GA 07 G 5115-POR(MINI WATER TENDER),15.522988,73.829384,0,STOP,At Porvorim Fire Station,Fire Station Porvorim
2025-12-23T00:27:46.710Z,GA 07 G 0350-MRG(WATER TENDER),15.269428,73.970604,0,STOP,At Fire Station Margoa,Fire Station Margao
2025-12-23T00:27:46.710Z,GA 07 G 2900-MAP(MINI RESCUE TENDER),15.589908,73.808716,0,STOP,At Fire Station Mapusa,Fire Station Mapusa
2025-12-23T00:27:46.710Z,GA 07 G 7600-FFHQ(WATER BOUSER),15.487103,73.817108,0,STOP,"Caculo Mall, 16 Shanta, St Inez Rd, Caculo Enclave, Santa Inez, Panaji, Goa (NW)",Fire Force Headquarters
2025-12-23T00:27:46.710Z,GA 07 G 2002-FFHQ(TURN TABLE LADDER),15.48742,73.817375,0,STOP,"Caculo Mall, 16 Shanta, St Inez Rd, Caculo Enclave, Santa Inez, Panaji, Goa (NW)",Fire Force Headquarters
2025-12-23T00:27:46.710Z,GA 07 G 7101-FFHQ(WATER TENDER),15.486877,73.817055,0,STOP,"Caculo Mall, 16 Shanta, St Inez Rd, Caculo Enclave, Santa Inez, Panaji, Goa (NW)",Fire Force Headquarters
2025-12-23T00:27:46.710Z,GA 07 G 7677-FFHQ(EMERGENCY RESCUE),15.48719,73.817192,0,STOP,"Caculo Mall, 16 Shanta, St Inez Rd, Caculo Enclave, Santa Inez, Panaji, Goa (NW)",Fire Force Headquarters
2025-12-23T00:27:46.710Z,GA 07 G 1121-PNJ(EMERGENCY RESCUE),15.487292,73.817276,0,STOP,"Caculo Mall, 16 Shanta, St Inez Rd, Caculo Enclave, Santa Inez, Panaji, Goa (NW)",Fire Station Panaji
2025-12-23T00:27:46.710Z,GA 07 G 1571-FFHQ(QUICK RESPONSE),15.48666,73.817444,0,STOP,"Caculo Mall, 16 Shanta, St Inez Rd, Caculo Enclave, Santa Inez, Panaji, Goa (NW)",Fire Force Headquarters
2025-12-23T00:27:46.710Z,GA 07 G 8101-MAP(WATER TENDER),15.589937,73.80867,0,STOP,At Fire Station Mapusa,Fire Station Mapusa
2025-12-23T00:27:46.710Z,GA 07 G 2317-MRG(EMERGENCY RESCUE TENDER),15.269265,73.9701733,1,STOP,At Fire Station Margoa,Fire Station Margao
2025-12-23T00:27:46.710Z,GA 07 G 1570-VAS(QUICK RESPONSE FIRE TENDER),15.3887783,73.8513266,0,STOP,At Fire Station Vasco,Fire Station Vasco
2025-12-23T00:27:46.710Z,GA 07 G 4101-VAS(MS WATER TENDER),15.3890783,73.85092,0,STOP,At Fire Station Vasco,Fire Station Vasco
2025-12-23T00:27:46.710Z,GA 07 G 0819-VAS(WATER/FOAM TENDER),15.3888217,73.8512367,0,IDLE,At Fire Station Vasco,Fire Station Vasco
2025-12-23T00:27:46.710Z,GA 07 G 7100-MRG(WATER BOUSER),15.2694566,73.97006,0,STOP,At Fire Station Margoa,Fire Station Margao
2025-12-23T00:27:46.710Z,GA 07 G 1568-MRG(QUICK RESPONSE ),15.269325,73.9706466,0,STOP,At Fire Station Margoa,Fire Station Margao
2025-12-23T00:27:46.710Z,GA 07 G 6101-MRG(WATER TENDER),15.2693733,73.9701416,0,STOP,At Fire Station Margoa,Fire Station Margao
2025-12-23T00:27:46.710Z,GA 07 G 1001-MRG(AERIAL LADDER PLATFORM),15.2695583,73.969735,0,STOP,At Fire Station Margoa,Fire Station Margao
2025-12-23T00:27:46.710Z,GA 07 G 0820-BIC(WATER TEDNER),15.4027094,74.0029172,0,STOP,At Fire Station Ponda ,Fire Station Bicholim
2025-12-23T00:27:46.710Z,GA 07 G 5101-OLG(MS WATER TENDER),15.5003033,73.91403,0,STOP,At Fire Station Old Goa,Fire Station Old Goa
2025-12-23T00:27:46.710Z,GA 07 G 3101-BIC(MS WATER TENDER),15.589135,73.94642,4,STOP,At Fire Station Bicholim ,Fire Station Bicholim
2025-12-23T00:27:46.710Z,GA 07 G 1941-BIC(QUICK RESPONSE),15.5894533,73.9467033,0,STOP,At Fire Station Bicholim ,Fire Station Bicholim
2025-12-23T00:27:46.710Z,GA 07 G 2319-VAS (EMERGENCY RESCUE TENDER),15.3901916,73.8524983,0,STOP,"near melisa garage,NSD, Dabolim, Goa (SW)",Fire Station Vasco
2025-12-23T00:27:46.710Z,GA 07 G 3737-VAP(WATER TENDER),15.53099,74.1387199,0,STOP,At Fire Station Valpoi ,Fire Station Valpoi
2025-12-23T00:27:46.710Z,GA 07 G 2318-PND(EMERGENCY RESCUE TENDER),15.4028416,74.0028083,0,STOP,At Fire Station Ponda ,Fire Station Ponda
2025-12-23T00:27:46.710Z,GA 07 G 2004-PND(QUICK RESPONSE),15.4026666,74.0028483,0,STOP,At Fire Station Ponda ,Fire Station Ponda
2025-12-23T00:27:46.710Z,GA 07 G 9101-PND(WATER TENDER),15.402745,74.0028816,0,STOP,At Fire Station Ponda ,Fire Station Ponda
2025-12-23T00:27:46.710Z,GA 07 G 9797-PND(WATER BOUSER),15.402635,74.00284,0,STOP,At Fire Station Ponda ,Fire Station Ponda
2025-12-23T00:27:46.710Z,GA 07 G 6363-CAN(WATER TENDER),15.0236183,74.0440433,0,INACTIVE,"Canacona, The Lalitrajbaga ,Canacona, Canacona, Goa (NE)",Fire Station Canacona
2025-12-23T00:27:46.710Z,GA 07 G 1567-CAN(QUICK RESPONSE FT),15.0171383,74.0398266,32,INACTIVE,"Canacona, The Lalitrajbaga ,Canacona, Canacona, Goa (SW)",Fire Station Canacona
2025-12-23T00:27:46.710Z,GA 07 G 1569-VRN(QUICK RESPONSE),15.3694583,73.9356766,0,STOP,At Fire Station Verna,Fire Station Verna
2025-12-23T00:27:46.710Z,GA 07 G 9909-VRN(ADVANCE MULTI-PURPOSE),15.3695866,73.9351966,0,STOP,At Fire Station Verna,Fire Station Verna
2025-12-23T00:27:46.710Z,GA 07 G 1942-VAP(QUICK RESPONSE),15.5311233,74.1388183,0,STOP,At Fire Station Valpoi ,Fire Station Valpoi
2025-12-23T00:27:46.710Z,GA 07 G 2003-CUR(QUICK RESPONSE),15.2603983,74.1037033,0,STOP,At Fire Station Curchorem,Fire Station Curchorem
2025-12-23T00:27:46.710Z,GA 07 G 7447-CUR(EMERGENCY RESCUE),15.26048,74.1037033,0,STOP,At Fire Station Curchorem,Fire Station Curchorem
2025-12-23T00:27:46.710Z,GA 07 G 7557-CUR(WATER TENDER),15.26045,74.10345,0,STOP,At Fire Station Curchorem,Fire Station Curchorem
2025-12-23T00:27:46.710Z,GA 07 G 7667-CUR(WATER BOUSER),15.1454033,73.99108,0,STOP,"Shri Shantadurga fatarpekarin Temple, Fatorpa, Cuncolim, Goa (SW)",Fire Station Curchorem
2025-12-23T00:27:46.710Z,GA 07 G 4989-KUN(WATER TENDER),15.4633017,73.9727783,4,STOP,At Fire Station Kundaim,Fire Station Kundaim
2025-12-23T00:27:46.710Z,GA 07 G 2242-PIL(WATER TENDER),15.5328322,73.7941056,0,STOP,At Fire Station Pilerne,Fire Station Pilerne
2025-12-23T00:27:46.710Z,GA 07 G 0681-MAP(QUICK RESPONSE),15.589775,73.8087733,0,STOP,At Fire Station Mapusa,Fire Station Mapusa
2025-12-23T00:27:46.710Z,GA 07 G 0307-PER(QUICK RESPONSE),15.7164939,73.7974239,0,INACTIVE,At Fire Station Pernem,Fire Station Pernem
2025-12-23T00:27:46.710Z,GA 07 G 2101-PER(MS WATER TENDER),15.7163717,73.7975772,0,STOP,At Fire Station Pernem,Fire Station Pernem
2025-12-23T00:27:46.710Z,GA 07 G 4600-PER(MINI RESCUE TENDER),15.7165206,73.7975167,0,STOP,At Fire Station Pernem,Fire Station Pernem
2025-12-23T00:27:46.710Z,GA 07 G 7272-PNJ(WATER TENDER),15.4875411,73.8176922,0,STOP,"Shenaz Shopping Centre, PWD office, 15, Lydia Gardens, St Inez Rd, Opp to, Santa Inez, Panaji, Goa (SW)",Fire Station Panaji
2025-12-23T00:27:46.710Z,GA07G2384- Cuncolim,15.1862206,74.0209944,0,STOP,At Fire Station Cuncolim,Fire Station Cuncolim
2025-12-23T00:27:46.710Z,GA07G2507 - Mid Size (Water Tender),15.7164733,73.7974933,0,STOP,At Fire Station Pernem,Fire Station Pernem
2025-12-23T00:27:46.710Z,GA07G2505 - Mid Size (Water Tender),15.530985,74.13868,0,STOP,At Fire Station Valpoi ,Fire Station Valpoi
2025-12-23T00:27:46.710Z,GA07G2504 - Mid Size (Water Tender),15.5890983,73.9465083,0,STOP,At Fire Station Bicholim ,Fire Station Bicholim
2025-12-23T00:27:46.710Z,GA07G2503-Mid Size (Water Tender),15.5900233,73.80865,0,STOP,At Fire Station Mapusa,Fire Station Mapusa
2025-12-23T00:27:46.710Z,GA07G2502 - Mid Size (Water Tender),15.4870233,73.8172283,0,STOP,"Caculo Mall, 16 Shanta, St Inez Rd, Caculo Enclave, Santa Inez, Panaji, Goa (NW)",Fire Force Headquarters
2025-12-23T00:28:42.550Z,GA 07 G 0680-PIL(QUICK RESPONSE VEHICLE),15.5329733,73.7939283,0,STOP,At Fire Station Pilerne,Fire Station Pilerne
2025-12-23T00:28:42.550Z,GA07G2506 - Mid Size (Water Tender),15.500348,73.914085,0,INACTIVE,At Fire Station Old Goa,Fire Station Old Goa
2025-12-23T00:28:42.550Z,GA 07 G 5115-POR(MINI WATER TENDER),15.522988,73.829384,0,STOP,At Porvorim Fire Station,Fire Station Porvorim
2025-12-23T00:28:42.550Z,GA 07 G 0350-MRG(WATER TENDER),15.269428,73.970604,0,STOP,At Fire Station Margoa,Fire Station Margao
2025-12-23T00:28:42.550Z,GA 07 G 2900-MAP(MINI RESCUE TENDER),15.589908,73.808716,0,STOP,At Fire Station Mapusa,Fire Station Mapusa
2025-12-23T00:28:42.550Z,GA 07 G 7600-FFHQ(WATER BOUSER),15.487103,73.817108,0,STOP,"Caculo Mall, 16 Shanta, St Inez Rd, Caculo Enclave, Santa Inez, Panaji, Goa (NW)",Fire Force Headquarters
2025-12-23T00:28:42.550Z,GA 07 G 2002-FFHQ(TURN TABLE LADDER),15.48742,73.817375,0,STOP,"Caculo Mall, 16 Shanta, St Inez Rd, Caculo Enclave, Santa Inez, Panaji, Goa (NW)",Fire Force Headquarters
2025-12-23T00:28:42.550Z,GA 07 G 7101-FFHQ(WATER TENDER),15.486877,73.817055,0,STOP,"Caculo Mall, 16 Shanta, St Inez Rd, Caculo Enclave, Santa Inez, Panaji, Goa (NW)",Fire Force Headquarters
2025-12-23T00:28:42.550Z,GA 07 G 7677-FFHQ(EMERGENCY RESCUE),15.48719,73.817192,0,STOP,"Caculo Mall, 16 Shanta, St Inez Rd, Caculo Enclave, Santa Inez, Panaji, Goa (NW)",Fire Force Headquarters
2025-12-23T00:28:42.550Z,GA 07 G 1121-PNJ(EMERGENCY RESCUE),15.487292,73.817276,0,STOP,"Caculo Mall, 16 Shanta, St Inez Rd, Caculo Enclave, Santa Inez, Panaji, Goa (NW)",Fire Station Panaji
2025-12-23T00:28:42.550Z,GA 07 G 1571-FFHQ(QUICK RESPONSE),15.48666,73.817444,0,STOP,"Caculo Mall, 16 Shanta, St Inez Rd, Caculo Enclave, Santa Inez, Panaji, Goa (NW)",Fire Force Headquarters
2025-12-23T00:28:42.550Z,GA 07 G 8101-MAP(WATER TENDER),15.589937,73.80867,0,STOP,At Fire Station Mapusa,Fire Station Mapusa
2025-12-23T00:28:42.550Z,GA 07 G 2317-MRG(EMERGENCY RESCUE TENDER),15.2694033,73.9700683,0,STOP,At Fire Station Margoa,Fire Station Margao
2025-12-23T00:28:42.550Z,GA 07 G 1570-VAS(QUICK RESPONSE FIRE TENDER),15.3887783,73.8513266,0,STOP,At Fire Station Vasco,Fire Station Vasco
2025-12-23T00:28:42.550Z,GA 07 G 4101-VAS(MS WATER TENDER),15.3890783,73.85092,0,STOP,At Fire Station Vasco,Fire Station Vasco
2025-12-23T00:28:42.550Z,GA 07 G 0819-VAS(WATER/FOAM TENDER),15.3888217,73.8512367,0,IDLE,At Fire Station Vasco,Fire Station Vasco
2025-12-23T00:28:42.550Z,GA 07 G 7100-MRG(WATER BOUSER),15.2694566,73.97006,0,STOP,At Fire Station Margoa,Fire Station Margao
2025-12-23T00:28:42.550Z,GA 07 G 1568-MRG(QUICK RESPONSE ),15.269325,73.9706466,0,STOP,At Fire Station Margoa,Fire Station Margao
2025-12-23T00:28:42.550Z,GA 07 G 6101-MRG(WATER TENDER),15.2693733,73.9701416,0,STOP,At Fire Station Margoa,Fire Station Margao
2025-12-23T00:28:42.550Z,GA 07 G 1001-MRG(AERIAL LADDER PLATFORM),15.2695583,73.969735,0,STOP,At Fire Station Margoa,Fire Station Margao
2025-12-23T00:28:42.550Z,GA 07 G 0820-BIC(WATER TEDNER),15.4027094,74.0029172,0,STOP,At Fire Station Ponda ,Fire Station Bicholim
2025-12-23T00:28:42.550Z,GA 07 G 5101-OLG(MS WATER TENDER),15.5003033,73.91403,0,STOP,At Fire Station Old Goa,Fire Station Old Goa
2025-12-23T00:28:42.550Z,GA 07 G 3101-BIC(MS WATER TENDER),15.589135,73.94642,4,STOP,At Fire Station Bicholim ,Fire Station Bicholim
2025-12-23T00:28:42.550Z,GA 07 G 1941-BIC(QUICK RESPONSE),15.5894533,73.9467033,0,STOP,At Fire Station Bicholim ,Fire Station Bicholim
2025-12-23T00:28:42.550Z,GA 07 G 2319-VAS (EMERGENCY RESCUE TENDER),15.3901916,73.8524983,0,STOP,"near melisa garage,NSD, Dabolim, Goa (SW)",Fire Station Vasco
2025-12-23T00:28:42.550Z,GA 07 G 3737-VAP(WATER TENDER),15.53099,74.1387199,0,STOP,At Fire Station Valpoi ,Fire Station Valpoi
2025-12-23T00:28:42.550Z,GA 07 G 2318-PND(EMERGENCY RESCUE TENDER),15.4028416,74.0028083,0,STOP,At Fire Station Ponda ,Fire Station Ponda
2025-12-23T00:28:42.550Z,GA 07 G 2004-PND(QUICK RESPONSE),15.4026666,74.0028483,0,STOP,At Fire Station Ponda ,Fire Station Ponda
2025-12-23T00:28:42.550Z,GA 07 G 9101-PND(WATER TENDER),15.402745,74.0028816,0,STOP,At Fire Station Ponda ,Fire Station Ponda
2025-12-23T00:28:42.550Z,GA 07 G 9797-PND(WATER BOUSER),15.402635,74.00284,0,STOP,At Fire Station Ponda ,Fire Station Ponda
2025-12-23T00:28:42.550Z,GA 07 G 6363-CAN(WATER TENDER),15.0236183,74.0440433,0,INACTIVE,"Canacona, The Lalitrajbaga ,Canacona, Canacona, Goa (NE)",Fire Station Canacona
2025-12-23T00:28:42.550Z,GA 07 G 1567-CAN(QUICK RESPONSE FT),15.0171383,74.0398266,32,INACTIVE,"Canacona, The Lalitrajbaga ,Canacona, Canacona, Goa (SW)",Fire Station Canacona
2025-12-23T00:28:42.550Z,GA 07 G 1569-VRN(QUICK RESPONSE),15.3694583,73.9356766,0,STOP,At Fire Station Verna,Fire Station Verna
2025-12-23T00:28:42.550Z,GA 07 G 9909-VRN(ADVANCE MULTI-PURPOSE),15.3695866,73.9351966,0,STOP,At Fire Station Verna,Fire Station Verna
2025-12-23T00:28:42.550Z,GA 07 G 1942-VAP(QUICK RESPONSE),15.5311233,74.1388183,0,STOP,At Fire Station Valpoi ,Fire Station Valpoi
2025-12-23T00:28:42.550Z,GA 07 G 2003-CUR(QUICK RESPONSE),15.2603983,74.1037033,0,STOP,At Fire Station Curchorem,Fire Station Curchorem
2025-12-23T00:28:42.550Z,GA 07 G 7447-CUR(EMERGENCY RESCUE),15.26048,74.1037033,0,STOP,At Fire Station Curchorem,Fire Station Curchorem
2025-12-23T00:28:42.550Z,GA 07 G 7557-CUR(WATER TENDER),15.26045,74.10345,0,STOP,At Fire Station Curchorem,Fire Station Curchorem
2025-12-23T00:28:42.550Z,GA 07 G 7667-CUR(WATER BOUSER),15.1454033,73.99108,0,STOP,"Shri Shantadurga fatarpekarin Temple, Fatorpa, Cuncolim, Goa (SW)",Fire Station Curchorem
2025-12-23T00:28:42.550Z,GA 07 G 4989-KUN(WATER TENDER),15.4633017,73.9727783,2,STOP,At Fire Station Kundaim,Fire Station Kundaim
2025-12-23T00:28:42.550Z,GA 07 G 2242-PIL(WATER TENDER),15.5328322,73.7941056,0,STOP,At Fire Station Pilerne,Fire Station Pilerne
2025-12-23T00:28:42.550Z,GA 07 G 0681-MAP(QUICK RESPONSE),15.589775,73.8087733,0,STOP,At Fire Station Mapusa,Fire Station Mapusa
2025-12-23T00:28:42.550Z,GA 07 G 0307-PER(QUICK RESPONSE),15.7164939,73.7974239,0,INACTIVE,At Fire Station Pernem,Fire Station Pernem
2025-12-23T00:28:42.550Z,GA 07 G 2101-PER(MS WATER TENDER),15.7163717,73.7975772,0,STOP,At Fire Station Pernem,Fire Station Pernem
2025-12-23T00:28:42.550Z,GA 07 G 4600-PER(MINI RESCUE TENDER),15.7165206,73.7975167,0,STOP,At Fire Station Pernem,Fire Station Pernem
2025-12-23T00:28:42.550Z,GA 07 G 7272-PNJ(WATER TENDER),15.4875411,73.8176922,0,STOP,"Shenaz Shopping Centre, PWD office, 15, Lydia Gardens, St Inez Rd, Opp to, Santa Inez, Panaji, Goa (SW)",Fire Station Panaji
2025-12-23T00:28:42.550Z,GA07G2384- Cuncolim,15.1862206,74.0209944,0,STOP,At Fire Station Cuncolim,Fire Station Cuncolim
2025-12-23T00:28:42.550Z,GA07G2507 - Mid Size (Water Tender),15.7164733,73.7974933,0,STOP,At Fire Station Pernem,Fire Station Pernem
2025-12-23T00:28:42.550Z,GA07G2505 - Mid Size (Water Tender),15.530985,74.13868,0,STOP,At Fire Station Valpoi ,Fire Station Valpoi
2025-12-23T00:28:42.550Z,GA07G2504 - Mid Size (Water Tender),15.5890983,73.9465083,0,STOP,At Fire Station Bicholim ,Fire Station Bicholim
2025-12-23T00:28:42.550Z,GA07G2503-Mid Size (Water Tender),15.5900233,73.80865,0,STOP,At Fire Station Mapusa,Fire Station Mapusa
2025-12-23T00:28:42.550Z,GA07G2502 - Mid Size (Water Tender),15.4870233,73.8172283,0,STOP,"Caculo Mall, 16 Shanta, St Inez Rd, Caculo Enclave, Santa Inez, Panaji, Goa (NW)",Fire Force Headquarters
2025-12-23T00:29:43.766Z,GA 07 G 0680-PIL(QUICK RESPONSE VEHICLE),15.5329733,73.7939283,0,STOP,At Fire Station Pilerne,Fire Station Pilerne
2025-12-23T00:29:43.766Z,GA07G2506 - Mid Size (Water Tender),15.500348,73.914085,0,INACTIVE,At Fire Station Old Goa,Fire Station Old Goa
2025-12-23T00:29:43.766Z,GA 07 G 5115-POR(MINI WATER TENDER),15.522988,73.829384,0,STOP,At Porvorim Fire Station,Fire Station Porvorim
2025-12-23T00:29:43.766Z,GA 07 G 0350-MRG(WATER TENDER),15.269428,73.970604,0,STOP,At Fire Station Margoa,Fire Station Margao
2025-12-23T00:29:43.766Z,GA 07 G 2900-MAP(MINI RESCUE TENDER),15.589908,73.808716,0,STOP,At Fire Station Mapusa,Fire Station Mapusa
2025-12-23T00:29:43.766Z,GA 07 G 7600-FFHQ(WATER BOUSER),15.487103,73.817108,0,STOP,"Caculo Mall, 16 Shanta, St Inez Rd, Caculo Enclave, Santa Inez, Panaji, Goa (NW)",Fire Force Headquarters
2025-12-23T00:29:43.766Z,GA 07 G 2002-FFHQ(TURN TABLE LADDER),15.48742,73.817375,0,STOP,"Caculo Mall, 16 Shanta, St Inez Rd, Caculo Enclave, Santa Inez, Panaji, Goa (NW)",Fire Force Headquarters
2025-12-23T00:29:43.766Z,GA 07 G 7101-FFHQ(WATER TENDER),15.486877,73.817055,0,STOP,"Caculo Mall, 16 Shanta, St Inez Rd, Caculo Enclave, Santa Inez, Panaji, Goa (NW)",Fire Force Headquarters
2025-12-23T00:29:43.766Z,GA 07 G 7677-FFHQ(EMERGENCY RESCUE),15.48719,73.817192,0,STOP,"Caculo Mall, 16 Shanta, St Inez Rd, Caculo Enclave, Santa Inez, Panaji, Goa (NW)",Fire Force Headquarters
2025-12-23T00:29:43.766Z,GA 07 G 1121-PNJ(EMERGENCY RESCUE),15.487292,73.817276,0,STOP,"Caculo Mall, 16 Shanta, St Inez Rd, Caculo Enclave, Santa Inez, Panaji, Goa (NW)",Fire Station Panaji
2025-12-23T00:29:43.766Z,GA 07 G 1571-FFHQ(QUICK RESPONSE),15.48666,73.817444,0,STOP,"Caculo Mall, 16 Shanta, St Inez Rd, Caculo Enclave, Santa Inez, Panaji, Goa (NW)",Fire Force Headquarters
2025-12-23T00:29:43.766Z,GA 07 G 8101-MAP(WATER TENDER),15.589937,73.80867,0,STOP,At Fire Station Mapusa,Fire Station Mapusa
2025-12-23T00:29:43.766Z,GA 07 G 2317-MRG(EMERGENCY RESCUE TENDER),15.2693566,73.970085,1,STOP,At Fire Station Margoa,Fire Station Margao
2025-12-23T00:29:43.766Z,GA 07 G 1570-VAS(QUICK RESPONSE FIRE TENDER),15.3887783,73.8513266,0,STOP,At Fire Station Vasco,Fire Station Vasco
2025-12-23T00:29:43.766Z,GA 07 G 4101-VAS(MS WATER TENDER),15.3890783,73.85092,0,STOP,At Fire Station Vasco,Fire Station Vasco
2025-12-23T00:29:43.766Z,GA 07 G 0819-VAS(WATER/FOAM TENDER),15.3888217,73.8512367,0,IDLE,At Fire Station Vasco,Fire Station Vasco
2025-12-23T00:29:43.766Z,GA 07 G 7100-MRG(WATER BOUSER),15.2694566,73.97006,0,STOP,At Fire Station Margoa,Fire Station Margao
2025-12-23T00:29:43.766Z,GA 07 G 1568-MRG(QUICK RESPONSE ),15.269325,73.9706466,0,STOP,At Fire Station Margoa,Fire Station Margao
2025-12-23T00:29:43.766Z,GA 07 G 6101-MRG(WATER TENDER),15.2693733,73.9701416,0,STOP,At Fire Station Margoa,Fire Station Margao
2025-12-23T00:29:43.766Z,GA 07 G 1001-MRG(AERIAL LADDER PLATFORM),15.2695583,73.969735,0,STOP,At Fire Station Margoa,Fire Station Margao
2025-12-23T00:29:43.766Z,GA 07 G 0820-BIC(WATER TEDNER),15.4027094,74.0029172,0,STOP,At Fire Station Ponda ,Fire Station Bicholim
2025-12-23T00:29:43.766Z,GA 07 G 5101-OLG(MS WATER TENDER),15.5003033,73.91403,0,STOP,At Fire Station Old Goa,Fire Station Old Goa
2025-12-23T00:29:43.766Z,GA 07 G 3101-BIC(MS WATER TENDER),15.589135,73.94642,0,STOP,At Fire Station Bicholim ,Fire Station Bicholim
2025-12-23T00:29:43.766Z,GA 07 G 1941-BIC(QUICK RESPONSE),15.5894533,73.9467033,0,STOP,At Fire Station Bicholim ,Fire Station Bicholim
2025-12-23T00:29:43.766Z,GA 07 G 2319-VAS (EMERGENCY RESCUE TENDER),15.3901916,73.8524983,0,STOP,"near melisa garage,NSD, Dabolim, Goa (SW)",Fire Station Vasco
2025-12-23T00:29:43.766Z,GA 07 G 3737-VAP(WATER TENDER),15.53099,74.1387199,0,STOP,At Fire Station Valpoi ,Fire Station Valpoi
2025-12-23T00:29:43.766Z,GA 07 G 2318-PND(EMERGENCY RESCUE TENDER),15.4028416,74.0028083,0,STOP,At Fire Station Ponda ,Fire Station Ponda
2025-12-23T00:29:43.766Z,GA 07 G 2004-PND(QUICK RESPONSE),15.4026666,74.0028483,0,STOP,At Fire Station Ponda ,Fire Station Ponda
2025-12-23T00:29:43.766Z,GA 07 G 9101-PND(WATER TENDER),15.402745,74.0028816,0,STOP,At Fire Station Ponda ,Fire Station Ponda
2025-12-23T00:29:43.766Z,GA 07 G 9797-PND(WATER BOUSER),15.402635,74.00284,0,STOP,At Fire Station Ponda ,Fire Station Ponda
2025-12-23T00:29:43.766Z,GA 07 G 6363-CAN(WATER TENDER),15.0236183,74.0440433,0,INACTIVE,"Canacona, The Lalitrajbaga ,Canacona, Canacona, Goa (NE)",Fire Station Canacona
2025-12-23T00:29:43.766Z,GA 07 G 1567-CAN(QUICK RESPONSE FT),15.0171383,74.0398266,32,INACTIVE,"Canacona, The Lalitrajbaga ,Canacona, Canacona, Goa (SW)",Fire Station Canacona
2025-12-23T00:29:43.766Z,GA 07 G 1569-VRN(QUICK RESPONSE),15.3694583,73.9356766,0,STOP,At Fire Station Verna,Fire Station Verna
2025-12-23T00:29:43.766Z,GA 07 G 9909-VRN(ADVANCE MULTI-PURPOSE),15.3695866,73.9351966,0,STOP,At Fire Station Verna,Fire Station Verna
2025-12-23T00:29:43.766Z,GA 07 G 1942-VAP(QUICK RESPONSE),15.5311233,74.1388183,0,STOP,At Fire Station Valpoi ,Fire Station Valpoi
2025-12-23T00:29:43.766Z,GA 07 G 2003-CUR(QUICK RESPONSE),15.2603983,74.1037033,0,STOP,At Fire Station Curchorem,Fire Station Curchorem
2025-12-23T00:29:43.766Z,GA 07 G 7447-CUR(EMERGENCY RESCUE),15.26048,74.1037033,0,STOP,At Fire Station Curchorem,Fire Station Curchorem
2025-12-23T00:29:43.766Z,GA 07 G 7557-CUR(WATER TENDER),15.26045,74.10345,0,STOP,At Fire Station Curchorem,Fire Station Curchorem
2025-12-23T00:29:43.766Z,GA 07 G 7667-CUR(WATER BOUSER),15.1454033,73.99108,0,STOP,"Shri Shantadurga fatarpekarin Temple, Fatorpa, Cuncolim, Goa (SW)",Fire Station Curchorem
2025-12-23T00:29:43.766Z,GA 07 G 4989-KUN(WATER TENDER),15.4630467,73.97251,0,STOP,At Fire Station Kundaim,Fire Station Kundaim
2025-12-23T00:29:43.766Z,GA 07 G 2242-PIL(WATER TENDER),15.5328322,73.7941056,0,STOP,At Fire Station Pilerne,Fire Station Pilerne
2025-12-23T00:29:43.766Z,GA 07 G 0681-MAP(QUICK RESPONSE),15.589775,73.8087733,0,STOP,At Fire Station Mapusa,Fire Station Mapusa
2025-12-23T00:29:43.766Z,GA 07 G 0307-PER(QUICK RESPONSE),15.7164939,73.7974239,0,INACTIVE,At Fire Station Pernem,Fire Station Pernem
2025-12-23T00:29:43.766Z,GA 07 G 2101-PER(MS WATER TENDER),15.7163717,73.7975772,0,STOP,At Fire Station Pernem,Fire Station Pernem
2025-12-23T00:29:43.766Z,GA 07 G 4600-PER(MINI RESCUE TENDER),15.7165206,73.7975167,0,STOP,At Fire Station Pernem,Fire Station Pernem
2025-12-23T00:29:43.766Z,GA 07 G 7272-PNJ(WATER TENDER),15.4875411,73.8176922,0,STOP,"Shenaz Shopping Centre, PWD office, 15, Lydia Gardens, St Inez Rd, Opp to, Santa Inez, Panaji, Goa (SW)",Fire Station Panaji
2025-12-23T00:29:43.766Z,GA07G2384- Cuncolim,15.1862206,74.0209944,0,STOP,At Fire Station Cuncolim,Fire Station Cuncolim
2025-12-23T00:29:43.766Z,GA07G2507 - Mid Size (Water Tender),15.7164733,73.7974933,0,STOP,At Fire Station Pernem,Fire Station Pernem
2025-12-23T00:29:43.766Z,GA07G2505 - Mid Size (Water Tender),15.530985,74.13868,0,STOP,At Fire Station Valpoi ,Fire Station Valpoi
2025-12-23T00:29:43.766Z,GA07G2504 - Mid Size (Water Tender),15.5890983,73.9465083,0,STOP,At Fire Station Bicholim ,Fire Station Bicholim
2025-12-23T00:29:43.766Z,GA07G2503-Mid Size (Water Tender),15.5900233,73.80865,0,STOP,At Fire Station Mapusa,Fire Station Mapusa
2025-12-23T00:29:43.766Z,GA07G2502 - Mid Size (Water Tender),15.4870233,73.8172283,0,STOP,"Caculo Mall, 16 Shanta, St Inez Rd, Caculo Enclave, Santa Inez, Panaji, Goa (NW)",Fire Force Headquarters
2025-12-23T00:30:45.337Z,GA 07 G 0680-PIL(QUICK RESPONSE VEHICLE),15.5329733,73.7939283,0,STOP,At Fire Station Pilerne,Fire Station Pilerne
2025-12-23T00:30:45.337Z,GA07G2506 - Mid Size (Water Tender),15.500348,73.914085,0,INACTIVE,At Fire Station Old Goa,Fire Station Old Goa
2025-12-23T00:30:45.337Z,GA 07 G 5115-POR(MINI WATER TENDER),15.522988,73.829384,0,STOP,At Porvorim Fire Station,Fire Station Porvorim
2025-12-23T00:30:45.337Z,GA 07 G 0350-MRG(WATER TENDER),15.269428,73.970604,0,STOP,At Fire Station Margoa,Fire Station Margao
2025-12-23T00:30:45.337Z,GA 07 G 2900-MAP(MINI RESCUE TENDER),15.589908,73.808716,0,STOP,At Fire Station Mapusa,Fire Station Mapusa
2025-12-23T00:30:45.337Z,GA 07 G 7600-FFHQ(WATER BOUSER),15.487103,73.817108,0,STOP,"Caculo Mall, 16 Shanta, St Inez Rd, Caculo Enclave, Santa Inez, Panaji, Goa (NW)",Fire Force Headquarters
2025-12-23T00:30:45.337Z,GA 07 G 2002-FFHQ(TURN TABLE LADDER),15.48742,73.817375,0,STOP,"Caculo Mall, 16 Shanta, St Inez Rd, Caculo Enclave, Santa Inez, Panaji, Goa (NW)",Fire Force Headquarters
2025-12-23T00:30:45.337Z,GA 07 G 7101-FFHQ(WATER TENDER),15.486877,73.817055,0,STOP,"Caculo Mall, 16 Shanta, St Inez Rd, Caculo Enclave, Santa Inez, Panaji, Goa (NW)",Fire Force Headquarters
2025-12-23T00:30:45.337Z,GA 07 G 7677-FFHQ(EMERGENCY RESCUE),15.48719,73.817192,0,STOP,"Caculo Mall, 16 Shanta, St Inez Rd, Caculo Enclave, Santa Inez, Panaji, Goa (NW)",Fire Force Headquarters
2025-12-23T00:30:45.337Z,GA 07 G 1121-PNJ(EMERGENCY RESCUE),15.487292,73.817276,0,STOP,"Caculo Mall, 16 Shanta, St Inez Rd, Caculo Enclave, Santa Inez, Panaji, Goa (NW)",Fire Station Panaji
2025-12-23T00:30:45.337Z,GA 07 G 1571-FFHQ(QUICK RESPONSE),15.48666,73.817444,0,STOP,"Caculo Mall, 16 Shanta, St Inez Rd, Caculo Enclave, Santa Inez, Panaji, Goa (NW)",Fire Force Headquarters
2025-12-23T00:30:45.337Z,GA 07 G 8101-MAP(WATER TENDER),15.589937,73.80867,0,STOP,At Fire Station Mapusa,Fire Station Mapusa
2025-12-23T00:30:45.337Z,GA 07 G 2317-MRG(EMERGENCY RESCUE TENDER),15.2693566,73.970085,0,STOP,At Fire Station Margoa,Fire Station Margao
2025-12-23T00:30:45.337Z,GA 07 G 1570-VAS(QUICK RESPONSE FIRE TENDER),15.3887783,73.8513266,0,STOP,At Fire Station Vasco,Fire Station Vasco
2025-12-23T00:30:45.337Z,GA 07 G 4101-VAS(MS WATER TENDER),15.3890783,73.85092,0,STOP,At Fire Station Vasco,Fire Station Vasco
2025-12-23T00:30:45.337Z,GA 07 G 0819-VAS(WATER/FOAM TENDER),15.3888217,73.8512367,0,IDLE,At Fire Station Vasco,Fire Station Vasco
2025-12-23T00:30:45.337Z,GA 07 G 7100-MRG(WATER BOUSER),15.2694566,73.97006,0,STOP,At Fire Station Margoa,Fire Station Margao
2025-12-23T00:30:45.337Z,GA 07 G 1568-MRG(QUICK RESPONSE ),15.269325,73.9706466,0,STOP,At Fire Station Margoa,Fire Station Margao
2025-12-23T00:30:45.337Z,GA 07 G 6101-MRG(WATER TENDER),15.2693733,73.9701416,0,STOP,At Fire Station Margoa,Fire Station Margao
2025-12-23T00:30:45.337Z,GA 07 G 1001-MRG(AERIAL LADDER PLATFORM),15.2695583,73.969735,0,STOP,At Fire Station Margoa,Fire Station Margao
2025-12-23T00:30:45.337Z,GA 07 G 0820-BIC(WATER TEDNER),15.4027094,74.0029172,0,STOP,At Fire Station Ponda ,Fire Station Bicholim
2025-12-23T00:30:45.337Z,GA 07 G 5101-OLG(MS WATER TENDER),15.5003033,73.91403,0,STOP,At Fire Station Old Goa,Fire Station Old Goa
2025-12-23T00:30:45.337Z,GA 07 G 3101-BIC(MS WATER TENDER),15.5891233,73.9464266,6,STOP,At Fire Station Bicholim ,Fire Station Bicholim
2025-12-23T00:30:45.337Z,GA 07 G 1941-BIC(QUICK RESPONSE),15.5894533,73.9467033,0,STOP,At Fire Station Bicholim ,Fire Station Bicholim
2025-12-23T00:30:45.337Z,GA 07 G 2319-VAS (EMERGENCY RESCUE TENDER),15.3901916,73.8524983,0,STOP,"near melisa garage,NSD, Dabolim, Goa (SW)",Fire Station Vasco
2025-12-23T00:30:45.337Z,GA 07 G 3737-VAP(WATER TENDER),15.53099,74.1387199,0,STOP,At Fire Station Valpoi ,Fire Station Valpoi
2025-12-23T00:30:45.337Z,GA 07 G 2318-PND(EMERGENCY RESCUE TENDER),15.4028416,74.0028083,0,STOP,At Fire Station Ponda ,Fire Station Ponda
2025-12-23T00:30:45.337Z,GA 07 G 2004-PND(QUICK RESPONSE),15.4026666,74.0028483,0,STOP,At Fire Station Ponda ,Fire Station Ponda
2025-12-23T00:30:45.337Z,GA 07 G 9101-PND(WATER TENDER),15.402745,74.0028816,0,STOP,At Fire Station Ponda ,Fire Station Ponda
2025-12-23T00:30:45.337Z,GA 07 G 9797-PND(WATER BOUSER),15.402635,74.00284,0,STOP,At Fire Station Ponda ,Fire Station Ponda
2025-12-23T00:30:45.337Z,GA 07 G 6363-CAN(WATER TENDER),15.0236183,74.0440433,0,INACTIVE,"Canacona, The Lalitrajbaga ,Canacona, Canacona, Goa (NE)",Fire Station Canacona
2025-12-23T00:30:45.337Z,GA 07 G 1567-CAN(QUICK RESPONSE FT),15.0171383,74.0398266,32,INACTIVE,"Canacona, The Lalitrajbaga ,Canacona, Canacona, Goa (SW)",Fire Station Canacona
2025-12-23T00:30:45.337Z,GA 07 G 1569-VRN(QUICK RESPONSE),15.3694583,73.9356766,0,STOP,At Fire Station Verna,Fire Station Verna
2025-12-23T00:30:45.337Z,GA 07 G 9909-VRN(ADVANCE MULTI-PURPOSE),15.3695866,73.9351966,0,STOP,At Fire Station Verna,Fire Station Verna
2025-12-23T00:30:45.337Z,GA 07 G 1942-VAP(QUICK RESPONSE),15.5311233,74.1388183,0,STOP,At Fire Station Valpoi ,Fire Station Valpoi
2025-12-23T00:30:45.337Z,GA 07 G 2003-CUR(QUICK RESPONSE),15.2603983,74.1037033,0,STOP,At Fire Station Curchorem,Fire Station Curchorem
2025-12-23T00:30:45.337Z,GA 07 G 7447-CUR(EMERGENCY RESCUE),15.26048,74.1037033,0,STOP,At Fire Station Curchorem,Fire Station Curchorem
2025-12-23T00:30:45.337Z,GA 07 G 7557-CUR(WATER TENDER),15.26045,74.10345,0,STOP,At Fire Station Curchorem,Fire Station Curchorem
2025-12-23T00:30:45.337Z,GA 07 G 7667-CUR(WATER BOUSER),15.1454033,73.99108,0,STOP,"Shri Shantadurga fatarpekarin Temple, Fatorpa, Cuncolim, Goa (SW)",Fire Station Curchorem
2025-12-23T00:30:45.337Z,GA 07 G 4989-KUN(WATER TENDER),15.4630467,73.97251,0,STOP,At Fire Station Kundaim,Fire Station Kundaim
2025-12-23T00:30:45.337Z,GA 07 G 2242-PIL(WATER TENDER),15.5328322,73.7941056,0,STOP,At Fire Station Pilerne,Fire Station Pilerne
2025-12-23T00:30:45.337Z,GA 07 G 0681-MAP(QUICK RESPONSE),15.589775,73.8087733,0,STOP,At Fire Station Mapusa,Fire Station Mapusa
2025-12-23T00:30:45.337Z,GA 07 G 0307-PER(QUICK RESPONSE),15.7164939,73.7974239,0,INACTIVE,At Fire Station Pernem,Fire Station Pernem
2025-12-23T00:30:45.337Z,GA 07 G 2101-PER(MS WATER TENDER),15.7163717,73.7975772,0,STOP,At Fire Station Pernem,Fire Station Pernem
2025-12-23T00:30:45.337Z,GA 07 G 4600-PER(MINI RESCUE TENDER),15.7165206,73.7975167,0,STOP,At Fire Station Pernem,Fire Station Pernem
2025-12-23T00:30:45.337Z,GA 07 G 7272-PNJ(WATER TENDER),15.4875411,73.8176922,0,STOP,"Shenaz Shopping Centre, PWD office, 15, Lydia Gardens, St Inez Rd, Opp to, Santa Inez, Panaji, Goa (SW)",Fire Station Panaji
2025-12-23T00:30:45.337Z,GA07G2384- Cuncolim,15.1862206,74.0209944,0,STOP,At Fire Station Cuncolim,Fire Station Cuncolim
2025-12-23T00:30:45.337Z,GA07G2507 - Mid Size (Water Tender),15.7164733,73.7974933,0,STOP,At Fire Station Pernem,Fire Station Pernem
2025-12-23T00:30:45.337Z,GA07G2505 - Mid Size (Water Tender),15.530985,74.13868,0,STOP,At Fire Station Valpoi ,Fire Station Valpoi
2025-12-23T00:30:45.337Z,GA07G2504 - Mid Size (Water Tender),15.5890983,73.9465083,0,STOP,At Fire Station Bicholim ,Fire Station Bicholim
2025-12-23T00:30:45.337Z,GA07G2503-Mid Size (Water Tender),15.5900233,73.80865,0,STOP,At Fire Station Mapusa,Fire Station Mapusa
2025-12-23T00:30:45.337Z,GA07G2502 - Mid Size (Water Tender),15.4870233,73.8172283,0,STOP,"Caculo Mall, 16 Shanta, St Inez Rd, Caculo Enclave, Santa Inez, Panaji, Goa (NW)",Fire Force Headquarters
2025-12-23T00:31:42.774Z,GA 07 G 0680-PIL(QUICK RESPONSE VEHICLE),15.5329733,73.7939283,0,STOP,At Fire Station Pilerne,Fire Station Pilerne
2025-12-23T00:31:42.774Z,GA07G2506 - Mid Size (Water Tender),15.500348,73.914085,0,INACTIVE,At Fire Station Old Goa,Fire Station Old Goa
2025-12-23T00:31:42.774Z,GA 07 G 5115-POR(MINI WATER TENDER),15.522988,73.829384,0,STOP,At Porvorim Fire Station,Fire Station Porvorim
2025-12-23T00:31:42.774Z,GA 07 G 0350-MRG(WATER TENDER),15.269428,73.970604,0,STOP,At Fire Station Margoa,Fire Station Margao
2025-12-23T00:31:42.774Z,GA 07 G 2900-MAP(MINI RESCUE TENDER),15.589908,73.808716,0,STOP,At Fire Station Mapusa,Fire Station Mapusa
2025-12-23T00:31:42.774Z,GA 07 G 7600-FFHQ(WATER BOUSER),15.487103,73.817108,0,STOP,"Caculo Mall, 16 Shanta, St Inez Rd, Caculo Enclave, Santa Inez, Panaji, Goa (NW)",Fire Force Headquarters
2025-12-23T00:31:42.774Z,GA 07 G 2002-FFHQ(TURN TABLE LADDER),15.48742,73.817375,0,STOP,"Caculo Mall, 16 Shanta, St Inez Rd, Caculo Enclave, Santa Inez, Panaji, Goa (NW)",Fire Force Headquarters
2025-12-23T00:31:42.774Z,GA 07 G 7101-FFHQ(WATER TENDER),15.486877,73.817055,0,STOP,"Caculo Mall, 16 Shanta, St Inez Rd, Caculo Enclave, Santa Inez, Panaji, Goa (NW)",Fire Force Headquarters
2025-12-23T00:31:42.774Z,GA 07 G 7677-FFHQ(EMERGENCY RESCUE),15.48719,73.817192,0,STOP,"Caculo Mall, 16 Shanta, St Inez Rd, Caculo Enclave, Santa Inez, Panaji, Goa (NW)",Fire Force Headquarters
2025-12-23T00:31:42.774Z,GA 07 G 1121-PNJ(EMERGENCY RESCUE),15.487292,73.817276,0,STOP,"Caculo Mall, 16 Shanta, St Inez Rd, Caculo Enclave, Santa Inez, Panaji, Goa (NW)",Fire Station Panaji
2025-12-23T00:31:42.774Z,GA 07 G 1571-FFHQ(QUICK RESPONSE),15.48666,73.817444,0,STOP,"Caculo Mall, 16 Shanta, St Inez Rd, Caculo Enclave, Santa Inez, Panaji, Goa (NW)",Fire Force Headquarters
2025-12-23T00:31:42.774Z,GA 07 G 8101-MAP(WATER TENDER),15.589937,73.80867,0,STOP,At Fire Station Mapusa,Fire Station Mapusa
2025-12-23T00:31:42.774Z,GA 07 G 2317-MRG(EMERGENCY RESCUE TENDER),15.26936,73.97002,0,STOP,At Fire Station Margoa,Fire Station Margao
2025-12-23T00:31:42.774Z,GA 07 G 1570-VAS(QUICK RESPONSE FIRE TENDER),15.3887783,73.8513266,0,STOP,At Fire Station Vasco,Fire Station Vasco
2025-12-23T00:31:42.774Z,GA 07 G 4101-VAS(MS WATER TENDER),15.3890783,73.85092,0,STOP,At Fire Station Vasco,Fire Station Vasco
2025-12-23T00:31:42.774Z,GA 07 G 0819-VAS(WATER/FOAM TENDER),15.3888217,73.8512367,0,IDLE,At Fire Station Vasco,Fire Station Vasco
2025-12-23T00:31:42.774Z,GA 07 G 7100-MRG(WATER BOUSER),15.2694566,73.97006,0,STOP,At Fire Station Margoa,Fire Station Margao
2025-12-23T00:31:42.774Z,GA 07 G 1568-MRG(QUICK RESPONSE ),15.269325,73.9706466,0,STOP,At Fire Station Margoa,Fire Station Margao
2025-12-23T00:31:42.774Z,GA 07 G 6101-MRG(WATER TENDER),15.2693733,73.9701416,0,STOP,At Fire Station Margoa,Fire Station Margao
2025-12-23T00:31:42.774Z,GA 07 G 1001-MRG(AERIAL LADDER PLATFORM),15.2695583,73.969735,0,STOP,At Fire Station Margoa,Fire Station Margao
2025-12-23T00:31:42.774Z,GA 07 G 0820-BIC(WATER TEDNER),15.4027094,74.0029172,0,STOP,At Fire Station Ponda ,Fire Station Bicholim
2025-12-23T00:31:42.774Z,GA 07 G 5101-OLG(MS WATER TENDER),15.5003033,73.91403,0,STOP,At Fire Station Old Goa,Fire Station Old Goa
2025-12-23T00:31:42.774Z,GA 07 G 3101-BIC(MS WATER TENDER),15.5891133,73.9463533,0,STOP,At Fire Station Bicholim ,Fire Station Bicholim
2025-12-23T00:31:42.774Z,GA 07 G 1941-BIC(QUICK RESPONSE),15.5894533,73.9467033,0,STOP,At Fire Station Bicholim ,Fire Station Bicholim
2025-12-23T00:31:42.774Z,GA 07 G 2319-VAS (EMERGENCY RESCUE TENDER),15.3901916,73.8524983,0,STOP,"near melisa garage,NSD, Dabolim, Goa (SW)",Fire Station Vasco
2025-12-23T00:31:42.774Z,GA 07 G 3737-VAP(WATER TENDER),15.53099,74.1387199,0,STOP,At Fire Station Valpoi ,Fire Station Valpoi
2025-12-23T00:31:42.774Z,GA 07 G 2318-PND(EMERGENCY RESCUE TENDER),15.4028416,74.0028083,0,STOP,At Fire Station Ponda ,Fire Station Ponda
2025-12-23T00:31:42.774Z,GA 07 G 2004-PND(QUICK RESPONSE),15.4026666,74.0028483,0,STOP,At Fire Station Ponda ,Fire Station Ponda
2025-12-23T00:31:42.774Z,GA 07 G 9101-PND(WATER TENDER),15.402745,74.0028816,0,STOP,At Fire Station Ponda ,Fire Station Ponda
2025-12-23T00:31:42.774Z,GA 07 G 9797-PND(WATER BOUSER),15.402635,74.00284,0,STOP,At Fire Station Ponda ,Fire Station Ponda
2025-12-23T00:31:42.774Z,GA 07 G 6363-CAN(WATER TENDER),15.0236183,74.0440433,0,INACTIVE,"Canacona, The Lalitrajbaga ,Canacona, Canacona, Goa (NE)",Fire Station Canacona
2025-12-23T00:31:42.774Z,GA 07 G 1567-CAN(QUICK RESPONSE FT),15.0171383,74.0398266,32,INACTIVE,"Canacona, The Lalitrajbaga ,Canacona, Canacona, Goa (SW)",Fire Station Canacona
2025-12-23T00:31:42.774Z,GA 07 G 1569-VRN(QUICK RESPONSE),15.3694583,73.9356766,0,STOP,At Fire Station Verna,Fire Station Verna
2025-12-23T00:31:42.774Z,GA 07 G 9909-VRN(ADVANCE MULTI-PURPOSE),15.3695866,73.9351966,0,STOP,At Fire Station Verna,Fire Station Verna
2025-12-23T00:31:42.774Z,GA 07 G 1942-VAP(QUICK RESPONSE),15.5311233,74.1388183,0,STOP,At Fire Station Valpoi ,Fire Station Valpoi
2025-12-23T00:31:42.774Z,GA 07 G 2003-CUR(QUICK RESPONSE),15.2603983,74.1037033,0,STOP,At Fire Station Curchorem,Fire Station Curchorem
2025-12-23T00:31:42.774Z,GA 07 G 7447-CUR(EMERGENCY RESCUE),15.26048,74.1037033,0,STOP,At Fire Station Curchorem,Fire Station Curchorem
2025-12-23T00:31:42.774Z,GA 07 G 7557-CUR(WATER TENDER),15.26045,74.10345,0,STOP,At Fire Station Curchorem,Fire Station Curchorem
2025-12-23T00:31:42.774Z,GA 07 G 7667-CUR(WATER BOUSER),15.1454033,73.99108,0,STOP,"Shri Shantadurga fatarpekarin Temple, Fatorpa, Cuncolim, Goa (SW)",Fire Station Curchorem
2025-12-23T00:31:42.774Z,GA 07 G 4989-KUN(WATER TENDER),15.4630467,73.97251,0,STOP,At Fire Station Kundaim,Fire Station Kundaim
2025-12-23T00:31:42.774Z,GA 07 G 2242-PIL(WATER TENDER),15.5328322,73.7941056,0,STOP,At Fire Station Pilerne,Fire Station Pilerne
2025-12-23T00:31:42.774Z,GA 07 G 0681-MAP(QUICK RESPONSE),15.589775,73.8087733,0,STOP,At Fire Station Mapusa,Fire Station Mapusa
2025-12-23T00:31:42.774Z,GA 07 G 0307-PER(QUICK RESPONSE),15.7164939,73.7974239,0,INACTIVE,At Fire Station Pernem,Fire Station Pernem
2025-12-23T00:31:42.774Z,GA 07 G 2101-PER(MS WATER TENDER),15.7163717,73.7975772,0,STOP,At Fire Station Pernem,Fire Station Pernem
2025-12-23T00:31:42.774Z,GA 07 G 4600-PER(MINI RESCUE TENDER),15.7165206,73.7975167,0,STOP,At Fire Station Pernem,Fire Station Pernem
2025-12-23T00:31:42.774Z,GA 07 G 7272-PNJ(WATER TENDER),15.4875411,73.8176922,0,STOP,"Shenaz Shopping Centre, PWD office, 15, Lydia Gardens, St Inez Rd, Opp to, Santa Inez, Panaji, Goa (SW)",Fire Station Panaji
2025-12-23T00:31:42.774Z,GA07G2384- Cuncolim,15.1862206,74.0209944,0,STOP,At Fire Station Cuncolim,Fire Station Cuncolim
2025-12-23T00:31:42.774Z,GA07G2507 - Mid Size (Water Tender),15.7164733,73.7974933,0,STOP,At Fire Station Pernem,Fire Station Pernem
2025-12-23T00:31:42.774Z,GA07G2505 - Mid Size (Water Tender),15.530985,74.13868,0,STOP,At Fire Station Valpoi ,Fire Station Valpoi
2025-12-23T00:31:42.774Z,GA07G2504 - Mid Size (Water Tender),15.5890983,73.9465083,0,STOP,At Fire Station Bicholim ,Fire Station Bicholim
2025-12-23T00:31:42.774Z,GA07G2503-Mid Size (Water Tender),15.5900233,73.80865,0,STOP,At Fire Station Mapusa,Fire Station Mapusa
2025-12-23T00:31:42.774Z,GA07G2502 - Mid Size (Water Tender),15.4870233,73.8172283,0,STOP,"Caculo Mall, 16 Shanta, St Inez Rd, Caculo Enclave, Santa Inez, Panaji, Goa (NW)",Fire Force Headquarters
2025-12-23T00:32:43.936Z,GA 07 G 0680-PIL(QUICK RESPONSE VEHICLE),15.5329733,73.7939283,0,STOP,At Fire Station Pilerne,Fire Station Pilerne
2025-12-23T00:32:43.936Z,GA07G2506 - Mid Size (Water Tender),15.500348,73.914085,0,INACTIVE,At Fire Station Old Goa,Fire Station Old Goa
2025-12-23T00:32:43.936Z,GA 07 G 5115-POR(MINI WATER TENDER),15.522988,73.829384,0,STOP,At Porvorim Fire Station,Fire Station Porvorim
2025-12-23T00:32:43.936Z,GA 07 G 0350-MRG(WATER TENDER),15.269428,73.970604,0,STOP,At Fire Station Margoa,Fire Station Margao
2025-12-23T00:32:43.936Z,GA 07 G 2900-MAP(MINI RESCUE TENDER),15.589908,73.808716,0,STOP,At Fire Station Mapusa,Fire Station Mapusa
2025-12-23T00:32:43.936Z,GA 07 G 7600-FFHQ(WATER BOUSER),15.487103,73.817108,0,STOP,"Caculo Mall, 16 Shanta, St Inez Rd, Caculo Enclave, Santa Inez, Panaji, Goa (NW)",Fire Force Headquarters
2025-12-23T00:32:43.936Z,GA 07 G 2002-FFHQ(TURN TABLE LADDER),15.48742,73.817375,0,STOP,"Caculo Mall, 16 Shanta, St Inez Rd, Caculo Enclave, Santa Inez, Panaji, Goa (NW)",Fire Force Headquarters
2025-12-23T00:32:43.936Z,GA 07 G 7101-FFHQ(WATER TENDER),15.486877,73.817055,0,STOP,"Caculo Mall, 16 Shanta, St Inez Rd, Caculo Enclave, Santa Inez, Panaji, Goa (NW)",Fire Force Headquarters
2025-12-23T00:32:43.936Z,GA 07 G 7677-FFHQ(EMERGENCY RESCUE),15.48719,73.817192,0,STOP,"Caculo Mall, 16 Shanta, St Inez Rd, Caculo Enclave, Santa Inez, Panaji, Goa (NW)",Fire Force Headquarters
2025-12-23T00:32:43.936Z,GA 07 G 1121-PNJ(EMERGENCY RESCUE),15.487292,73.817276,0,STOP,"Caculo Mall, 16 Shanta, St Inez Rd, Caculo Enclave, Santa Inez, Panaji, Goa (NW)",Fire Station Panaji
2025-12-23T00:32:43.936Z,GA 07 G 1571-FFHQ(QUICK RESPONSE),15.48666,73.817444,0,STOP,"Caculo Mall, 16 Shanta, St Inez Rd, Caculo Enclave, Santa Inez, Panaji, Goa (NW)",Fire Force Headquarters
2025-12-23T00:32:43.936Z,GA 07 G 8101-MAP(WATER TENDER),15.589937,73.80867,0,STOP,At Fire Station Mapusa,Fire Station Mapusa
2025-12-23T00:32:43.936Z,GA 07 G 2317-MRG(EMERGENCY RESCUE TENDER),15.26935,73.9701983,1,STOP,At Fire Station Margoa,Fire Station Margao
2025-12-23T00:32:43.936Z,GA 07 G 1570-VAS(QUICK RESPONSE FIRE TENDER),15.3887783,73.8513266,0,STOP,At Fire Station Vasco,Fire Station Vasco
2025-12-23T00:32:43.936Z,GA 07 G 4101-VAS(MS WATER TENDER),15.3890783,73.85092,0,STOP,At Fire Station Vasco,Fire Station Vasco
2025-12-23T00:32:43.936Z,GA 07 G 0819-VAS(WATER/FOAM TENDER),15.3888217,73.8512367,0,IDLE,At Fire Station Vasco,Fire Station Vasco
2025-12-23T00:32:43.936Z,GA 07 G 7100-MRG(WATER BOUSER),15.2694566,73.97006,0,STOP,At Fire Station Margoa,Fire Station Margao
2025-12-23T00:32:43.936Z,GA 07 G 1568-MRG(QUICK RESPONSE ),15.269325,73.9706466,0,STOP,At Fire Station Margoa,Fire Station Margao
2025-12-23T00:32:43.936Z,GA 07 G 6101-MRG(WATER TENDER),15.2693733,73.9701416,0,STOP,At Fire Station Margoa,Fire Station Margao
2025-12-23T00:32:43.936Z,GA 07 G 1001-MRG(AERIAL LADDER PLATFORM),15.2695583,73.969735,0,STOP,At Fire Station Margoa,Fire Station Margao
2025-12-23T00:32:43.936Z,GA 07 G 0820-BIC(WATER TEDNER),15.4027094,74.0029172,0,STOP,At Fire Station Ponda ,Fire Station Bicholim
2025-12-23T00:32:43.936Z,GA 07 G 5101-OLG(MS WATER TENDER),15.5003033,73.91403,0,STOP,At Fire Station Old Goa,Fire Station Old Goa
2025-12-23T00:32:43.936Z,GA 07 G 3101-BIC(MS WATER TENDER),15.58914,73.9464033,2,STOP,At Fire Station Bicholim ,Fire Station Bicholim
2025-12-23T00:32:43.936Z,GA 07 G 1941-BIC(QUICK RESPONSE),15.5894533,73.9467033,0,STOP,At Fire Station Bicholim ,Fire Station Bicholim
2025-12-23T00:32:43.936Z,GA 07 G 2319-VAS (EMERGENCY RESCUE TENDER),15.3901916,73.8524983,0,STOP,"near melisa garage,NSD, Dabolim, Goa (SW)",Fire Station Vasco
2025-12-23T00:32:43.936Z,GA 07 G 3737-VAP(WATER TENDER),15.53099,74.1387199,0,STOP,At Fire Station Valpoi ,Fire Station Valpoi
2025-12-23T00:32:43.936Z,GA 07 G 2318-PND(EMERGENCY RESCUE TENDER),15.4028416,74.0028083,0,STOP,At Fire Station Ponda ,Fire Station Ponda
2025-12-23T00:32:43.936Z,GA 07 G 2004-PND(QUICK RESPONSE),15.4026666,74.0028483,0,STOP,At Fire Station Ponda ,Fire Station Ponda
2025-12-23T00:32:43.936Z,GA 07 G 9101-PND(WATER TENDER),15.402745,74.0028816,0,STOP,At Fire Station Ponda ,Fire Station Ponda
2025-12-23T00:32:43.936Z,GA 07 G 9797-PND(WATER BOUSER),15.402635,74.00284,0,STOP,At Fire Station Ponda ,Fire Station Ponda
2025-12-23T00:32:43.936Z,GA 07 G 6363-CAN(WATER TENDER),15.0236183,74.0440433,0,INACTIVE,"Canacona, The Lalitrajbaga ,Canacona, Canacona, Goa (NE)",Fire Station Canacona
2025-12-23T00:32:43.936Z,GA 07 G 1567-CAN(QUICK RESPONSE FT),15.0171383,74.0398266,32,INACTIVE,"Canacona, The Lalitrajbaga ,Canacona, Canacona, Goa (SW)",Fire Station Canacona
2025-12-23T00:32:43.936Z,GA 07 G 1569-VRN(QUICK RESPONSE),15.3694583,73.9356766,0,STOP,At Fire Station Verna,Fire Station Verna
2025-12-23T00:32:43.936Z,GA 07 G 9909-VRN(ADVANCE MULTI-PURPOSE),15.3695866,73.9351966,0,STOP,At Fire Station Verna,Fire Station Verna
2025-12-23T00:32:43.936Z,GA 07 G 1942-VAP(QUICK RESPONSE),15.5311233,74.1388183,0,STOP,At Fire Station Valpoi ,Fire Station Valpoi
2025-12-23T00:32:43.936Z,GA 07 G 2003-CUR(QUICK RESPONSE),15.2603983,74.1037033,0,STOP,At Fire Station Curchorem,Fire Station Curchorem
2025-12-23T00:32:43.936Z,GA 07 G 7447-CUR(EMERGENCY RESCUE),15.26048,74.1037033,0,STOP,At Fire Station Curchorem,Fire Station Curchorem
2025-12-23T00:32:43.936Z,GA 07 G 7557-CUR(WATER TENDER),15.26045,74.10345,0,STOP,At Fire Station Curchorem,Fire Station Curchorem
2025-12-23T00:32:43.936Z,GA 07 G 7667-CUR(WATER BOUSER),15.1454033,73.99108,0,STOP,"Shri Shantadurga fatarpekarin Temple, Fatorpa, Cuncolim, Goa (SW)",Fire Station Curchorem
2025-12-23T00:32:43.936Z,GA 07 G 4989-KUN(WATER TENDER),15.4630467,73.97251,0,STOP,At Fire Station Kundaim,Fire Station Kundaim
2025-12-23T00:32:43.936Z,GA 07 G 2242-PIL(WATER TENDER),15.5328322,73.7941056,0,STOP,At Fire Station Pilerne,Fire Station Pilerne
2025-12-23T00:32:43.936Z,GA 07 G 0681-MAP(QUICK RESPONSE),15.589775,73.8087733,0,STOP,At Fire Station Mapusa,Fire Station Mapusa
2025-12-23T00:32:43.936Z,GA 07 G 0307-PER(QUICK RESPONSE),15.7164939,73.7974239,0,INACTIVE,At Fire Station Pernem,Fire Station Pernem
2025-12-23T00:32:43.936Z,GA 07 G 2101-PER(MS WATER TENDER),15.7163717,73.7975772,0,STOP,At Fire Station Pernem,Fire Station Pernem
2025-12-23T00:32:43.936Z,GA 07 G 4600-PER(MINI RESCUE TENDER),15.7165206,73.7975167,0,STOP,At Fire Station Pernem,Fire Station Pernem
2025-12-23T00:32:43.936Z,GA 07 G 7272-PNJ(WATER TENDER),15.4875411,73.8176922,0,STOP,"Shenaz Shopping Centre, PWD office, 15, Lydia Gardens, St Inez Rd, Opp to, Santa Inez, Panaji, Goa (SW)",Fire Station Panaji
2025-12-23T00:32:43.936Z,GA07G2384- Cuncolim,15.1862206,74.0209944,0,STOP,At Fire Station Cuncolim,Fire Station Cuncolim
2025-12-23T00:32:43.936Z,GA07G2507 - Mid Size (Water Tender),15.7164733,73.7974933,0,STOP,At Fire Station Pernem,Fire Station Pernem
2025-12-23T00:32:43.936Z,GA07G2505 - Mid Size (Water Tender),15.530985,74.13868,0,STOP,At Fire Station Valpoi ,Fire Station Valpoi
2025-12-23T00:32:43.936Z,GA07G2504 - Mid Size (Water Tender),15.5890983,73.9465083,0,STOP,At Fire Station Bicholim ,Fire Station Bicholim
2025-12-23T00:32:43.936Z,GA07G2503-Mid Size (Water Tender),15.5900233,73.80865,0,STOP,At Fire Station Mapusa,Fire Station Mapusa
2025-12-23T00:32:43.936Z,GA07G2502 - Mid Size (Water Tender),15.4870233,73.8172283,0,STOP,"Caculo Mall, 16 Shanta, St Inez Rd, Caculo Enclave, Santa Inez, Panaji, Goa (NW)",Fire Force Headquarters
2025-12-23T00:33:43.313Z,GA 07 G 0680-PIL(QUICK RESPONSE VEHICLE),15.5329733,73.7939283,0,STOP,At Fire Station Pilerne,Fire Station Pilerne
2025-12-23T00:33:43.313Z,GA07G2506 - Mid Size (Water Tender),15.500348,73.914085,0,INACTIVE,At Fire Station Old Goa,Fire Station Old Goa
2025-12-23T00:33:43.313Z,GA 07 G 5115-POR(MINI WATER TENDER),15.522988,73.829384,0,STOP,At Porvorim Fire Station,Fire Station Porvorim
2025-12-23T00:33:43.313Z,GA 07 G 0350-MRG(WATER TENDER),15.269428,73.970604,0,STOP,At Fire Station Margoa,Fire Station Margao
2025-12-23T00:33:43.313Z,GA 07 G 2900-MAP(MINI RESCUE TENDER),15.589908,73.808716,0,STOP,At Fire Station Mapusa,Fire Station Mapusa
2025-12-23T00:33:43.313Z,GA 07 G 7600-FFHQ(WATER BOUSER),15.487103,73.817108,0,STOP,"Caculo Mall, 16 Shanta, St Inez Rd, Caculo Enclave, Santa Inez, Panaji, Goa (NW)",Fire Force Headquarters
2025-12-23T00:33:43.313Z,GA 07 G 2002-FFHQ(TURN TABLE LADDER),15.48742,73.817375,0,STOP,"Caculo Mall, 16 Shanta, St Inez Rd, Caculo Enclave, Santa Inez, Panaji, Goa (NW)",Fire Force Headquarters
2025-12-23T00:33:43.313Z,GA 07 G 7101-FFHQ(WATER TENDER),15.486877,73.817055,0,STOP,"Caculo Mall, 16 Shanta, St Inez Rd, Caculo Enclave, Santa Inez, Panaji, Goa (NW)",Fire Force Headquarters
2025-12-23T00:33:43.313Z,GA 07 G 7677-FFHQ(EMERGENCY RESCUE),15.48719,73.817192,0,STOP,"Caculo Mall, 16 Shanta, St Inez Rd, Caculo Enclave, Santa Inez, Panaji, Goa (NW)",Fire Force Headquarters
2025-12-23T00:33:43.313Z,GA 07 G 1121-PNJ(EMERGENCY RESCUE),15.487292,73.817276,0,STOP,"Caculo Mall, 16 Shanta, St Inez Rd, Caculo Enclave, Santa Inez, Panaji, Goa (NW)",Fire Station Panaji
2025-12-23T00:33:43.313Z,GA 07 G 1571-FFHQ(QUICK RESPONSE),15.48666,73.817444,0,STOP,"Caculo Mall, 16 Shanta, St Inez Rd, Caculo Enclave, Santa Inez, Panaji, Goa (NW)",Fire Force Headquarters
2025-12-23T00:33:43.313Z,GA 07 G 8101-MAP(WATER TENDER),15.589937,73.80867,0,STOP,At Fire Station Mapusa,Fire Station Mapusa
2025-12-23T00:33:43.313Z,GA 07 G 2317-MRG(EMERGENCY RESCUE TENDER),15.2694133,73.9701583,0,STOP,At Fire Station Margoa,Fire Station Margao
2025-12-23T00:33:43.313Z,GA 07 G 1570-VAS(QUICK RESPONSE FIRE TENDER),15.3887783,73.8513266,0,STOP,At Fire Station Vasco,Fire Station Vasco
2025-12-23T00:33:43.313Z,GA 07 G 4101-VAS(MS WATER TENDER),15.3890783,73.85092,0,STOP,At Fire Station Vasco,Fire Station Vasco
2025-12-23T00:33:43.313Z,GA 07 G 0819-VAS(WATER/FOAM TENDER),15.3888217,73.8512367,0,IDLE,At Fire Station Vasco,Fire Station Vasco
2025-12-23T00:33:43.313Z,GA 07 G 7100-MRG(WATER BOUSER),15.2694566,73.97006,0,STOP,At Fire Station Margoa,Fire Station Margao
2025-12-23T00:33:43.313Z,GA 07 G 1568-MRG(QUICK RESPONSE ),15.269325,73.9706466,0,STOP,At Fire Station Margoa,Fire Station Margao
2025-12-23T00:33:43.313Z,GA 07 G 6101-MRG(WATER TENDER),15.2693733,73.9701416,0,STOP,At Fire Station Margoa,Fire Station Margao
2025-12-23T00:33:43.313Z,GA 07 G 1001-MRG(AERIAL LADDER PLATFORM),15.2695583,73.969735,0,STOP,At Fire Station Margoa,Fire Station Margao
2025-12-23T00:33:43.313Z,GA 07 G 0820-BIC(WATER TEDNER),15.4027094,74.0029172,0,STOP,At Fire Station Ponda ,Fire Station Bicholim
2025-12-23T00:33:43.313Z,GA 07 G 5101-OLG(MS WATER TENDER),15.5003033,73.91403,0,STOP,At Fire Station Old Goa,Fire Station Old Goa
2025-12-23T00:33:43.313Z,GA 07 G 3101-BIC(MS WATER TENDER),15.5891283,73.9463533,4,STOP,At Fire Station Bicholim ,Fire Station Bicholim
2025-12-23T00:33:43.313Z,GA 07 G 1941-BIC(QUICK RESPONSE),15.5894533,73.9467033,0,STOP,At Fire Station Bicholim ,Fire Station Bicholim
2025-12-23T00:33:43.313Z,GA 07 G 2319-VAS (EMERGENCY RESCUE TENDER),15.3901916,73.8524983,0,STOP,"near melisa garage,NSD, Dabolim, Goa (SW)",Fire Station Vasco
2025-12-23T00:33:43.313Z,GA 07 G 3737-VAP(WATER TENDER),15.53099,74.1387199,0,STOP,At Fire Station Valpoi ,Fire Station Valpoi
2025-12-23T00:33:43.313Z,GA 07 G 2318-PND(EMERGENCY RESCUE TENDER),15.4028416,74.0028083,0,STOP,At Fire Station Ponda ,Fire Station Ponda
2025-12-23T00:33:43.313Z,GA 07 G 2004-PND(QUICK RESPONSE),15.4026666,74.0028483,0,STOP,At Fire Station Ponda ,Fire Station Ponda
2025-12-23T00:33:43.313Z,GA 07 G 9101-PND(WATER TENDER),15.402745,74.0028816,0,STOP,At Fire Station Ponda ,Fire Station Ponda
2025-12-23T00:33:43.313Z,GA 07 G 9797-PND(WATER BOUSER),15.402635,74.00284,0,STOP,At Fire Station Ponda ,Fire Station Ponda
2025-12-23T00:33:43.313Z,GA 07 G 6363-CAN(WATER TENDER),15.0236183,74.0440433,0,INACTIVE,"Canacona, The Lalitrajbaga ,Canacona, Canacona, Goa (NE)",Fire Station Canacona
2025-12-23T00:33:43.313Z,GA 07 G 1567-CAN(QUICK RESPONSE FT),15.0171383,74.0398266,32,INACTIVE,"Canacona, The Lalitrajbaga ,Canacona, Canacona, Goa (SW)",Fire Station Canacona
2025-12-23T00:33:43.313Z,GA 07 G 1569-VRN(QUICK RESPONSE),15.3694583,73.9356766,0,STOP,At Fire Station Verna,Fire Station Verna
2025-12-23T00:33:43.313Z,GA 07 G 9909-VRN(ADVANCE MULTI-PURPOSE),15.3695866,73.9351966,0,STOP,At Fire Station Verna,Fire Station Verna
2025-12-23T00:33:43.313Z,GA 07 G 1942-VAP(QUICK RESPONSE),15.5311233,74.1388183,0,STOP,At Fire Station Valpoi ,Fire Station Valpoi
2025-12-23T00:33:43.313Z,GA 07 G 2003-CUR(QUICK RESPONSE),15.2603983,74.1037033,0,STOP,At Fire Station Curchorem,Fire Station Curchorem
2025-12-23T00:33:43.313Z,GA 07 G 7447-CUR(EMERGENCY RESCUE),15.26048,74.1037033,0,STOP,At Fire Station Curchorem,Fire Station Curchorem
2025-12-23T00:33:43.313Z,GA 07 G 7557-CUR(WATER TENDER),15.26045,74.10345,0,STOP,At Fire Station Curchorem,Fire Station Curchorem
2025-12-23T00:33:43.313Z,GA 07 G 7667-CUR(WATER BOUSER),15.1454033,73.99108,0,STOP,"Shri Shantadurga fatarpekarin Temple, Fatorpa, Cuncolim, Goa (SW)",Fire Station Curchorem
2025-12-23T00:33:43.313Z,GA 07 G 4989-KUN(WATER TENDER),15.4630467,73.97251,0,STOP,At Fire Station Kundaim,Fire Station Kundaim
2025-12-23T00:33:43.313Z,GA 07 G 2242-PIL(WATER TENDER),15.5328322,73.7941056,0,STOP,At Fire Station Pilerne,Fire Station Pilerne
2025-12-23T00:33:43.313Z,GA 07 G 0681-MAP(QUICK RESPONSE),15.589775,73.8087733,0,STOP,At Fire Station Mapusa,Fire Station Mapusa
2025-12-23T00:33:43.313Z,GA 07 G 0307-PER(QUICK RESPONSE),15.7164939,73.7974239,0,INACTIVE,At Fire Station Pernem,Fire Station Pernem
2025-12-23T00:33:43.313Z,GA 07 G 2101-PER(MS WATER TENDER),15.7163717,73.7975772,0,STOP,At Fire Station Pernem,Fire Station Pernem
2025-12-23T00:33:43.313Z,GA 07 G 4600-PER(MINI RESCUE TENDER),15.7165206,73.7975167,0,STOP,At Fire Station Pernem,Fire Station Pernem
2025-12-23T00:33:43.313Z,GA 07 G 7272-PNJ(WATER TENDER),15.4875411,73.8176922,0,STOP,"Shenaz Shopping Centre, PWD office, 15, Lydia Gardens, St Inez Rd, Opp to, Santa Inez, Panaji, Goa (SW)",Fire Station Panaji
2025-12-23T00:33:43.313Z,GA07G2384- Cuncolim,15.1862206,74.0209944,0,STOP,At Fire Station Cuncolim,Fire Station Cuncolim
2025-12-23T00:33:43.313Z,GA07G2507 - Mid Size (Water Tender),15.7164733,73.7974933,0,STOP,At Fire Station Pernem,Fire Station Pernem
2025-12-23T00:33:43.313Z,GA07G2505 - Mid Size (Water Tender),15.530985,74.13868,0,STOP,At Fire Station Valpoi ,Fire Station Valpoi
2025-12-23T00:33:43.313Z,GA07G2504 - Mid Size (Water Tender),15.5890983,73.9465083,0,STOP,At Fire Station Bicholim ,Fire Station Bicholim
2025-12-23T00:33:43.313Z,GA07G2503-Mid Size (Water Tender),15.5900233,73.80865,0,STOP,At Fire Station Mapusa,Fire Station Mapusa
2025-12-23T00:33:43.313Z,GA07G2502 - Mid Size (Water Tender),15.4870233,73.8172283,0,STOP,"Caculo Mall, 16 Shanta, St Inez Rd, Caculo Enclave, Santa Inez, Panaji, Goa (NW)",Fire Force Headquarters
2025-12-23T00:34:45.488Z,GA 07 G 0680-PIL(QUICK RESPONSE VEHICLE),15.5329733,73.7939283,0,STOP,At Fire Station Pilerne,Fire Station Pilerne
2025-12-23T00:34:45.488Z,GA07G2506 - Mid Size (Water Tender),15.500348,73.914085,0,INACTIVE,At Fire Station Old Goa,Fire Station Old Goa
2025-12-23T00:34:45.488Z,GA 07 G 5115-POR(MINI WATER TENDER),15.522988,73.829384,0,STOP,At Porvorim Fire Station,Fire Station Porvorim
2025-12-23T00:34:45.488Z,GA 07 G 0350-MRG(WATER TENDER),15.269428,73.970604,0,STOP,At Fire Station Margoa,Fire Station Margao
2025-12-23T00:34:45.488Z,GA 07 G 2900-MAP(MINI RESCUE TENDER),15.589908,73.808716,0,STOP,At Fire Station Mapusa,Fire Station Mapusa
2025-12-23T00:34:45.488Z,GA 07 G 7600-FFHQ(WATER BOUSER),15.487103,73.817108,0,STOP,"Caculo Mall, 16 Shanta, St Inez Rd, Caculo Enclave, Santa Inez, Panaji, Goa (NW)",Fire Force Headquarters
2025-12-23T00:34:45.488Z,GA 07 G 2002-FFHQ(TURN TABLE LADDER),15.48742,73.817375,0,STOP,"Caculo Mall, 16 Shanta, St Inez Rd, Caculo Enclave, Santa Inez, Panaji, Goa (NW)",Fire Force Headquarters
2025-12-23T00:34:45.488Z,GA 07 G 7101-FFHQ(WATER TENDER),15.486877,73.817055,0,STOP,"Caculo Mall, 16 Shanta, St Inez Rd, Caculo Enclave, Santa Inez, Panaji, Goa (NW)",Fire Force Headquarters
2025-12-23T00:34:45.488Z,GA 07 G 7677-FFHQ(EMERGENCY RESCUE),15.48719,73.817192,0,STOP,"Caculo Mall, 16 Shanta, St Inez Rd, Caculo Enclave, Santa Inez, Panaji, Goa (NW)",Fire Force Headquarters
2025-12-23T00:34:45.488Z,GA 07 G 1121-PNJ(EMERGENCY RESCUE),15.487292,73.817276,0,STOP,"Caculo Mall, 16 Shanta, St Inez Rd, Caculo Enclave, Santa Inez, Panaji, Goa (NW)",Fire Station Panaji
2025-12-23T00:34:45.488Z,GA 07 G 1571-FFHQ(QUICK RESPONSE),15.48666,73.817444,0,STOP,"Caculo Mall, 16 Shanta, St Inez Rd, Caculo Enclave, Santa Inez, Panaji, Goa (NW)",Fire Force Headquarters
2025-12-23T00:34:45.488Z,GA 07 G 8101-MAP(WATER TENDER),15.589937,73.80867,0,STOP,At Fire Station Mapusa,Fire Station Mapusa
2025-12-23T00:34:45.488Z,GA 07 G 2317-MRG(EMERGENCY RESCUE TENDER),15.2694566,73.9701083,0,STOP,At Fire Station Margoa,Fire Station Margao
2025-12-23T00:34:45.488Z,GA 07 G 1570-VAS(QUICK RESPONSE FIRE TENDER),15.3887783,73.8513266,0,STOP,At Fire Station Vasco,Fire Station Vasco
2025-12-23T00:34:45.488Z,GA 07 G 4101-VAS(MS WATER TENDER),15.3890783,73.85092,0,STOP,At Fire Station Vasco,Fire Station Vasco
2025-12-23T00:34:45.488Z,GA 07 G 0819-VAS(WATER/FOAM TENDER),15.3888217,73.8512367,0,IDLE,At Fire Station Vasco,Fire Station Vasco
2025-12-23T00:34:45.488Z,GA 07 G 7100-MRG(WATER BOUSER),15.2694566,73.97006,0,STOP,At Fire Station Margoa,Fire Station Margao
2025-12-23T00:34:45.488Z,GA 07 G 1568-MRG(QUICK RESPONSE ),15.269325,73.9706466,0,STOP,At Fire Station Margoa,Fire Station Margao
2025-12-23T00:34:45.488Z,GA 07 G 6101-MRG(WATER TENDER),15.2693733,73.9701416,0,STOP,At Fire Station Margoa,Fire Station Margao
2025-12-23T00:34:45.488Z,GA 07 G 1001-MRG(AERIAL LADDER PLATFORM),15.2695583,73.969735,0,STOP,At Fire Station Margoa,Fire Station Margao
2025-12-23T00:34:45.488Z,GA 07 G 0820-BIC(WATER TEDNER),15.4027094,74.0029172,0,STOP,At Fire Station Ponda ,Fire Station Bicholim
2025-12-23T00:34:45.488Z,GA 07 G 5101-OLG(MS WATER TENDER),15.5003033,73.91403,0,STOP,At Fire Station Old Goa,Fire Station Old Goa
2025-12-23T00:34:45.488Z,GA 07 G 3101-BIC(MS WATER TENDER),15.5891283,73.9463533,4,STOP,At Fire Station Bicholim ,Fire Station Bicholim
2025-12-23T00:34:45.488Z,GA 07 G 1941-BIC(QUICK RESPONSE),15.5894533,73.9467033,0,STOP,At Fire Station Bicholim ,Fire Station Bicholim
2025-12-23T00:34:45.488Z,GA 07 G 2319-VAS (EMERGENCY RESCUE TENDER),15.3901916,73.8524983,0,STOP,"near melisa garage,NSD, Dabolim, Goa (SW)",Fire Station Vasco
2025-12-23T00:34:45.488Z,GA 07 G 3737-VAP(WATER TENDER),15.53099,74.1387199,0,STOP,At Fire Station Valpoi ,Fire Station Valpoi
2025-12-23T00:34:45.488Z,GA 07 G 2318-PND(EMERGENCY RESCUE TENDER),15.4028416,74.0028083,0,STOP,At Fire Station Ponda ,Fire Station Ponda
2025-12-23T00:34:45.488Z,GA 07 G 2004-PND(QUICK RESPONSE),15.4026666,74.0028483,0,STOP,At Fire Station Ponda ,Fire Station Ponda
2025-12-23T00:34:45.488Z,GA 07 G 9101-PND(WATER TENDER),15.402745,74.0028816,0,STOP,At Fire Station Ponda ,Fire Station Ponda
2025-12-23T00:34:45.488Z,GA 07 G 9797-PND(WATER BOUSER),15.402635,74.00284,0,STOP,At Fire Station Ponda ,Fire Station Ponda
2025-12-23T00:34:45.488Z,GA 07 G 6363-CAN(WATER TENDER),15.0236183,74.0440433,0,INACTIVE,"Canacona, The Lalitrajbaga ,Canacona, Canacona, Goa (NE)",Fire Station Canacona
2025-12-23T00:34:45.488Z,GA 07 G 1567-CAN(QUICK RESPONSE FT),15.0171383,74.0398266,32,INACTIVE,"Canacona, The Lalitrajbaga ,Canacona, Canacona, Goa (SW)",Fire Station Canacona
2025-12-23T00:34:45.488Z,GA 07 G 1569-VRN(QUICK RESPONSE),15.3694583,73.9356766,0,STOP,At Fire Station Verna,Fire Station Verna
2025-12-23T00:34:45.488Z,GA 07 G 9909-VRN(ADVANCE MULTI-PURPOSE),15.3695866,73.9351966,0,STOP,At Fire Station Verna,Fire Station Verna
2025-12-23T00:34:45.488Z,GA 07 G 1942-VAP(QUICK RESPONSE),15.5311233,74.1388183,0,STOP,At Fire Station Valpoi ,Fire Station Valpoi
2025-12-23T00:34:45.488Z,GA 07 G 2003-CUR(QUICK RESPONSE),15.2603983,74.1037033,0,STOP,At Fire Station Curchorem,Fire Station Curchorem
2025-12-23T00:34:45.488Z,GA 07 G 7447-CUR(EMERGENCY RESCUE),15.26048,74.1037033,0,STOP,At Fire Station Curchorem,Fire Station Curchorem
2025-12-23T00:34:45.488Z,GA 07 G 7557-CUR(WATER TENDER),15.26045,74.10345,0,STOP,At Fire Station Curchorem,Fire Station Curchorem
2025-12-23T00:34:45.488Z,GA 07 G 7667-CUR(WATER BOUSER),15.1454033,73.99108,0,STOP,"Shri Shantadurga fatarpekarin Temple, Fatorpa, Cuncolim, Goa (SW)",Fire Station Curchorem
2025-12-23T00:34:45.488Z,GA 07 G 4989-KUN(WATER TENDER),15.4630467,73.97251,0,STOP,At Fire Station Kundaim,Fire Station Kundaim
2025-12-23T00:34:45.488Z,GA 07 G 2242-PIL(WATER TENDER),15.5328322,73.7941056,0,STOP,At Fire Station Pilerne,Fire Station Pilerne
2025-12-23T00:34:45.488Z,GA 07 G 0681-MAP(QUICK RESPONSE),15.589775,73.8087733,0,STOP,At Fire Station Mapusa,Fire Station Mapusa
2025-12-23T00:34:45.488Z,GA 07 G 0307-PER(QUICK RESPONSE),15.7164939,73.7974239,0,INACTIVE,At Fire Station Pernem,Fire Station Pernem
2025-12-23T00:34:45.488Z,GA 07 G 2101-PER(MS WATER TENDER),15.7163717,73.7975772,0,STOP,At Fire Station Pernem,Fire Station Pernem
2025-12-23T00:34:45.488Z,GA 07 G 4600-PER(MINI RESCUE TENDER),15.7165206,73.7975167,0,STOP,At Fire Station Pernem,Fire Station Pernem
2025-12-23T00:34:45.488Z,GA 07 G 7272-PNJ(WATER TENDER),15.4875411,73.8176922,0,STOP,"Shenaz Shopping Centre, PWD office, 15, Lydia Gardens, St Inez Rd, Opp to, Santa Inez, Panaji, Goa (SW)",Fire Station Panaji
2025-12-23T00:34:45.488Z,GA07G2384- Cuncolim,15.1862206,74.0209944,0,STOP,At Fire Station Cuncolim,Fire Station Cuncolim
2025-12-23T00:34:45.488Z,GA07G2507 - Mid Size (Water Tender),15.7164733,73.7974933,0,STOP,At Fire Station Pernem,Fire Station Pernem
2025-12-23T00:34:45.488Z,GA07G2505 - Mid Size (Water Tender),15.530985,74.13868,0,STOP,At Fire Station Valpoi ,Fire Station Valpoi
2025-12-23T00:34:45.488Z,GA07G2504 - Mid Size (Water Tender),15.5890983,73.9465083,0,STOP,At Fire Station Bicholim ,Fire Station Bicholim
2025-12-23T00:34:45.488Z,GA07G2503-Mid Size (Water Tender),15.5900233,73.80865,0,STOP,At Fire Station Mapusa,Fire Station Mapusa
2025-12-23T00:34:45.488Z,GA07G2502 - Mid Size (Water Tender),15.4870233,73.8172283,0,STOP,"Caculo Mall, 16 Shanta, St Inez Rd, Caculo Enclave, Santa Inez, Panaji, Goa (NW)",Fire Force Headquarters
2025-12-23T00:35:41.669Z,GA 07 G 0680-PIL(QUICK RESPONSE VEHICLE),15.5329733,73.7939283,0,STOP,At Fire Station Pilerne,Fire Station Pilerne
2025-12-23T00:35:41.669Z,GA07G2506 - Mid Size (Water Tender),15.500348,73.914085,0,INACTIVE,At Fire Station Old Goa,Fire Station Old Goa
2025-12-23T00:35:41.669Z,GA 07 G 5115-POR(MINI WATER TENDER),15.522988,73.829384,0,STOP,At Porvorim Fire Station,Fire Station Porvorim
2025-12-23T00:35:41.669Z,GA 07 G 0350-MRG(WATER TENDER),15.269428,73.970604,0,STOP,At Fire Station Margoa,Fire Station Margao
2025-12-23T00:35:41.669Z,GA 07 G 2900-MAP(MINI RESCUE TENDER),15.589908,73.808716,0,STOP,At Fire Station Mapusa,Fire Station Mapusa
2025-12-23T00:35:41.669Z,GA 07 G 7600-FFHQ(WATER BOUSER),15.487103,73.817108,0,STOP,"Caculo Mall, 16 Shanta, St Inez Rd, Caculo Enclave, Santa Inez, Panaji, Goa (NW)",Fire Force Headquarters
2025-12-23T00:35:41.669Z,GA 07 G 2002-FFHQ(TURN TABLE LADDER),15.48742,73.817375,0,STOP,"Caculo Mall, 16 Shanta, St Inez Rd, Caculo Enclave, Santa Inez, Panaji, Goa (NW)",Fire Force Headquarters
2025-12-23T00:35:41.669Z,GA 07 G 7101-FFHQ(WATER TENDER),15.486877,73.817055,0,STOP,"Caculo Mall, 16 Shanta, St Inez Rd, Caculo Enclave, Santa Inez, Panaji, Goa (NW)",Fire Force Headquarters
2025-12-23T00:35:41.669Z,GA 07 G 7677-FFHQ(EMERGENCY RESCUE),15.48719,73.817192,0,STOP,"Caculo Mall, 16 Shanta, St Inez Rd, Caculo Enclave, Santa Inez, Panaji, Goa (NW)",Fire Force Headquarters
2025-12-23T00:35:41.669Z,GA 07 G 1121-PNJ(EMERGENCY RESCUE),15.487292,73.817276,0,STOP,"Caculo Mall, 16 Shanta, St Inez Rd, Caculo Enclave, Santa Inez, Panaji, Goa (NW)",Fire Station Panaji
2025-12-23T00:35:41.669Z,GA 07 G 1571-FFHQ(QUICK RESPONSE),15.48666,73.817444,0,STOP,"Caculo Mall, 16 Shanta, St Inez Rd, Caculo Enclave, Santa Inez, Panaji, Goa (NW)",Fire Force Headquarters
2025-12-23T00:35:41.669Z,GA 07 G 8101-MAP(WATER TENDER),15.589937,73.80867,0,STOP,At Fire Station Mapusa,Fire Station Mapusa
2025-12-23T00:35:41.669Z,GA 07 G 2317-MRG(EMERGENCY RESCUE TENDER),15.2694566,73.9701083,0,STOP,At Fire Station Margoa,Fire Station Margao
2025-12-23T00:35:41.669Z,GA 07 G 1570-VAS(QUICK RESPONSE FIRE TENDER),15.3887783,73.8513266,0,STOP,At Fire Station Vasco,Fire Station Vasco
2025-12-23T00:35:41.669Z,GA 07 G 4101-VAS(MS WATER TENDER),15.3890783,73.85092,0,STOP,At Fire Station Vasco,Fire Station Vasco
2025-12-23T00:35:41.669Z,GA 07 G 0819-VAS(WATER/FOAM TENDER),15.3888217,73.8512367,0,IDLE,At Fire Station Vasco,Fire Station Vasco
2025-12-23T00:35:41.669Z,GA 07 G 7100-MRG(WATER BOUSER),15.2694566,73.97006,0,STOP,At Fire Station Margoa,Fire Station Margao
2025-12-23T00:35:41.669Z,GA 07 G 1568-MRG(QUICK RESPONSE ),15.269325,73.9706466,0,STOP,At Fire Station Margoa,Fire Station Margao
2025-12-23T00:35:41.669Z,GA 07 G 6101-MRG(WATER TENDER),15.2693733,73.9701416,0,STOP,At Fire Station Margoa,Fire Station Margao
2025-12-23T00:35:41.669Z,GA 07 G 1001-MRG(AERIAL LADDER PLATFORM),15.2695583,73.969735,0,STOP,At Fire Station Margoa,Fire Station Margao
2025-12-23T00:35:41.669Z,GA 07 G 0820-BIC(WATER TEDNER),15.4027094,74.0029172,0,STOP,At Fire Station Ponda ,Fire Station Bicholim
2025-12-23T00:35:41.669Z,GA 07 G 5101-OLG(MS WATER TENDER),15.5003033,73.91403,0,STOP,At Fire Station Old Goa,Fire Station Old Goa
2025-12-23T00:35:41.669Z,GA 07 G 3101-BIC(MS WATER TENDER),15.5891283,73.9463533,0,STOP,At Fire Station Bicholim ,Fire Station Bicholim
2025-12-23T00:35:41.669Z,GA 07 G 1941-BIC(QUICK RESPONSE),15.5894533,73.9467033,0,STOP,At Fire Station Bicholim ,Fire Station Bicholim
2025-12-23T00:35:41.669Z,GA 07 G 2319-VAS (EMERGENCY RESCUE TENDER),15.3901916,73.8524983,0,STOP,"near melisa garage,NSD, Dabolim, Goa (SW)",Fire Station Vasco
2025-12-23T00:35:41.669Z,GA 07 G 3737-VAP(WATER TENDER),15.53099,74.1387199,0,STOP,At Fire Station Valpoi ,Fire Station Valpoi
2025-12-23T00:35:41.669Z,GA 07 G 2318-PND(EMERGENCY RESCUE TENDER),15.4028416,74.0028083,0,STOP,At Fire Station Ponda ,Fire Station Ponda
2025-12-23T00:35:41.669Z,GA 07 G 2004-PND(QUICK RESPONSE),15.4026666,74.0028483,0,STOP,At Fire Station Ponda ,Fire Station Ponda
2025-12-23T00:35:41.669Z,GA 07 G 9101-PND(WATER TENDER),15.402745,74.0028816,0,STOP,At Fire Station Ponda ,Fire Station Ponda
2025-12-23T00:35:41.669Z,GA 07 G 9797-PND(WATER BOUSER),15.402635,74.00284,0,STOP,At Fire Station Ponda ,Fire Station Ponda
2025-12-23T00:35:41.669Z,GA 07 G 6363-CAN(WATER TENDER),15.0236183,74.0440433,0,INACTIVE,"Canacona, The Lalitrajbaga ,Canacona, Canacona, Goa (NE)",Fire Station Canacona
2025-12-23T00:35:41.669Z,GA 07 G 1567-CAN(QUICK RESPONSE FT),15.0171383,74.0398266,32,INACTIVE,"Canacona, The Lalitrajbaga ,Canacona, Canacona, Goa (SW)",Fire Station Canacona
2025-12-23T00:35:41.669Z,GA 07 G 1569-VRN(QUICK RESPONSE),15.3694583,73.9356766,0,STOP,At Fire Station Verna,Fire Station Verna
2025-12-23T00:35:41.669Z,GA 07 G 9909-VRN(ADVANCE MULTI-PURPOSE),15.3695866,73.9351966,0,STOP,At Fire Station Verna,Fire Station Verna
2025-12-23T00:35:41.669Z,GA 07 G 1942-VAP(QUICK RESPONSE),15.5311233,74.1388183,0,STOP,At Fire Station Valpoi ,Fire Station Valpoi
2025-12-23T00:35:41.669Z,GA 07 G 2003-CUR(QUICK RESPONSE),15.2603983,74.1037033,0,STOP,At Fire Station Curchorem,Fire Station Curchorem
2025-12-23T00:35:41.669Z,GA 07 G 7447-CUR(EMERGENCY RESCUE),15.26048,74.1037033,0,STOP,At Fire Station Curchorem,Fire Station Curchorem
2025-12-23T00:35:41.669Z,GA 07 G 7557-CUR(WATER TENDER),15.26045,74.10345,0,STOP,At Fire Station Curchorem,Fire Station Curchorem
2025-12-23T00:35:41.669Z,GA 07 G 7667-CUR(WATER BOUSER),15.1454033,73.99108,0,STOP,"Shri Shantadurga fatarpekarin Temple, Fatorpa, Cuncolim, Goa (SW)",Fire Station Curchorem
2025-12-23T00:35:41.669Z,GA 07 G 4989-KUN(WATER TENDER),15.4630467,73.97251,0,STOP,At Fire Station Kundaim,Fire Station Kundaim
2025-12-23T00:35:41.669Z,GA 07 G 2242-PIL(WATER TENDER),15.5328322,73.7941056,0,STOP,At Fire Station Pilerne,Fire Station Pilerne
2025-12-23T00:35:41.669Z,GA 07 G 0681-MAP(QUICK RESPONSE),15.589775,73.8087733,0,STOP,At Fire Station Mapusa,Fire Station Mapusa
2025-12-23T00:35:41.669Z,GA 07 G 0307-PER(QUICK RESPONSE),15.7164939,73.7974239,0,INACTIVE,At Fire Station Pernem,Fire Station Pernem
2025-12-23T00:35:41.669Z,GA 07 G 2101-PER(MS WATER TENDER),15.7163717,73.7975772,0,STOP,At Fire Station Pernem,Fire Station Pernem
2025-12-23T00:35:41.669Z,GA 07 G 4600-PER(MINI RESCUE TENDER),15.7165206,73.7975167,0,STOP,At Fire Station Pernem,Fire Station Pernem
2025-12-23T00:35:41.669Z,GA 07 G 7272-PNJ(WATER TENDER),15.4875411,73.8176922,0,STOP,"Shenaz Shopping Centre, PWD office, 15, Lydia Gardens, St Inez Rd, Opp to, Santa Inez, Panaji, Goa (SW)",Fire Station Panaji
2025-12-23T00:35:41.669Z,GA07G2384- Cuncolim,15.1862206,74.0209944,0,STOP,At Fire Station Cuncolim,Fire Station Cuncolim
2025-12-23T00:35:41.669Z,GA07G2507 - Mid Size (Water Tender),15.7164733,73.7974933,0,STOP,At Fire Station Pernem,Fire Station Pernem
2025-12-23T00:35:41.669Z,GA07G2505 - Mid Size (Water Tender),15.530985,74.13868,0,STOP,At Fire Station Valpoi ,Fire Station Valpoi
2025-12-23T00:35:41.669Z,GA07G2504 - Mid Size (Water Tender),15.5890983,73.9465083,0,STOP,At Fire Station Bicholim ,Fire Station Bicholim
2025-12-23T00:35:41.669Z,GA07G2503-Mid Size (Water Tender),15.5900233,73.80865,0,STOP,At Fire Station Mapusa,Fire Station Mapusa
2025-12-23T00:35:41.669Z,GA07G2502 - Mid Size (Water Tender),15.4870233,73.8172283,0,STOP,"Caculo Mall, 16 Shanta, St Inez Rd, Caculo Enclave, Santa Inez, Panaji, Goa (NW)",Fire Force Headquarters
2025-12-23T00:36:43.594Z,GA 07 G 0680-PIL(QUICK RESPONSE VEHICLE),15.5329733,73.7939283,0,STOP,At Fire Station Pilerne,Fire Station Pilerne
2025-12-23T00:36:43.594Z,GA07G2506 - Mid Size (Water Tender),15.500348,73.914085,0,INACTIVE,At Fire Station Old Goa,Fire Station Old Goa
2025-12-23T00:36:43.594Z,GA 07 G 5115-POR(MINI WATER TENDER),15.522988,73.829384,0,STOP,At Porvorim Fire Station,Fire Station Porvorim
2025-12-23T00:36:43.594Z,GA 07 G 0350-MRG(WATER TENDER),15.269428,73.970604,0,STOP,At Fire Station Margoa,Fire Station Margao
2025-12-23T00:36:43.594Z,GA 07 G 2900-MAP(MINI RESCUE TENDER),15.589908,73.808716,0,STOP,At Fire Station Mapusa,Fire Station Mapusa
2025-12-23T00:36:43.594Z,GA 07 G 7600-FFHQ(WATER BOUSER),15.487103,73.817108,0,STOP,"Caculo Mall, 16 Shanta, St Inez Rd, Caculo Enclave, Santa Inez, Panaji, Goa (NW)",Fire Force Headquarters
2025-12-23T00:36:43.594Z,GA 07 G 2002-FFHQ(TURN TABLE LADDER),15.48742,73.817375,0,STOP,"Caculo Mall, 16 Shanta, St Inez Rd, Caculo Enclave, Santa Inez, Panaji, Goa (NW)",Fire Force Headquarters
2025-12-23T00:36:43.594Z,GA 07 G 7101-FFHQ(WATER TENDER),15.486877,73.817055,0,STOP,"Caculo Mall, 16 Shanta, St Inez Rd, Caculo Enclave, Santa Inez, Panaji, Goa (NW)",Fire Force Headquarters
2025-12-23T00:36:43.594Z,GA 07 G 7677-FFHQ(EMERGENCY RESCUE),15.48719,73.817192,0,STOP,"Caculo Mall, 16 Shanta, St Inez Rd, Caculo Enclave, Santa Inez, Panaji, Goa (NW)",Fire Force Headquarters
2025-12-23T00:36:43.594Z,GA 07 G 1121-PNJ(EMERGENCY RESCUE),15.487292,73.817276,0,STOP,"Caculo Mall, 16 Shanta, St Inez Rd, Caculo Enclave, Santa Inez, Panaji, Goa (NW)",Fire Station Panaji
2025-12-23T00:36:43.594Z,GA 07 G 1571-FFHQ(QUICK RESPONSE),15.48666,73.817444,0,STOP,"Caculo Mall, 16 Shanta, St Inez Rd, Caculo Enclave, Santa Inez, Panaji, Goa (NW)",Fire Force Headquarters
2025-12-23T00:36:43.594Z,GA 07 G 8101-MAP(WATER TENDER),15.589937,73.80867,0,STOP,At Fire Station Mapusa,Fire Station Mapusa
2025-12-23T00:36:43.594Z,GA 07 G 2317-MRG(EMERGENCY RESCUE TENDER),15.2694333,73.9701666,0,STOP,At Fire Station Margoa,Fire Station Margao
2025-12-23T00:36:43.594Z,GA 07 G 1570-VAS(QUICK RESPONSE FIRE TENDER),15.3887783,73.8513266,0,STOP,At Fire Station Vasco,Fire Station Vasco
2025-12-23T00:36:43.594Z,GA 07 G 4101-VAS(MS WATER TENDER),15.3890783,73.85092,0,STOP,At Fire Station Vasco,Fire Station Vasco
2025-12-23T00:36:43.594Z,GA 07 G 0819-VAS(WATER/FOAM TENDER),15.3888217,73.8512367,0,IDLE,At Fire Station Vasco,Fire Station Vasco
2025-12-23T00:36:43.594Z,GA 07 G 7100-MRG(WATER BOUSER),15.2694566,73.97006,0,STOP,At Fire Station Margoa,Fire Station Margao
2025-12-23T00:36:43.594Z,GA 07 G 1568-MRG(QUICK RESPONSE ),15.269325,73.9706466,0,STOP,At Fire Station Margoa,Fire Station Margao
2025-12-23T00:36:43.594Z,GA 07 G 6101-MRG(WATER TENDER),15.2693733,73.9701416,0,STOP,At Fire Station Margoa,Fire Station Margao
2025-12-23T00:36:43.594Z,GA 07 G 1001-MRG(AERIAL LADDER PLATFORM),15.2695583,73.969735,0,STOP,At Fire Station Margoa,Fire Station Margao
2025-12-23T00:36:43.594Z,GA 07 G 0820-BIC(WATER TEDNER),15.4027094,74.0029172,0,STOP,At Fire Station Ponda ,Fire Station Bicholim
2025-12-23T00:36:43.594Z,GA 07 G 5101-OLG(MS WATER TENDER),15.5003033,73.91403,0,STOP,At Fire Station Old Goa,Fire Station Old Goa
2025-12-23T00:36:43.594Z,GA 07 G 3101-BIC(MS WATER TENDER),15.5891283,73.9463533,4,STOP,At Fire Station Bicholim ,Fire Station Bicholim
2025-12-23T00:36:43.594Z,GA 07 G 1941-BIC(QUICK RESPONSE),15.5894533,73.9467033,0,STOP,At Fire Station Bicholim ,Fire Station Bicholim
2025-12-23T00:36:43.594Z,GA 07 G 2319-VAS (EMERGENCY RESCUE TENDER),15.3901916,73.8524983,0,STOP,"near melisa garage,NSD, Dabolim, Goa (SW)",Fire Station Vasco
2025-12-23T00:36:43.594Z,GA 07 G 3737-VAP(WATER TENDER),15.53099,74.1387199,0,STOP,At Fire Station Valpoi ,Fire Station Valpoi
2025-12-23T00:36:43.594Z,GA 07 G 2318-PND(EMERGENCY RESCUE TENDER),15.4028416,74.0028083,0,STOP,At Fire Station Ponda ,Fire Station Ponda
2025-12-23T00:36:43.594Z,GA 07 G 2004-PND(QUICK RESPONSE),15.4026666,74.0028483,0,STOP,At Fire Station Ponda ,Fire Station Ponda
2025-12-23T00:36:43.594Z,GA 07 G 9101-PND(WATER TENDER),15.402745,74.0028816,0,STOP,At Fire Station Ponda ,Fire Station Ponda
2025-12-23T00:36:43.594Z,GA 07 G 9797-PND(WATER BOUSER),15.402635,74.00284,0,STOP,At Fire Station Ponda ,Fire Station Ponda
2025-12-23T00:36:43.594Z,GA 07 G 6363-CAN(WATER TENDER),15.0236183,74.0440433,0,INACTIVE,"Canacona, The Lalitrajbaga ,Canacona, Canacona, Goa (NE)",Fire Station Canacona
2025-12-23T00:36:43.594Z,GA 07 G 1567-CAN(QUICK RESPONSE FT),15.0171383,74.0398266,32,INACTIVE,"Canacona, The Lalitrajbaga ,Canacona, Canacona, Goa (SW)",Fire Station Canacona
2025-12-23T00:36:43.594Z,GA 07 G 1569-VRN(QUICK RESPONSE),15.3694583,73.9356766,0,STOP,At Fire Station Verna,Fire Station Verna
2025-12-23T00:36:43.594Z,GA 07 G 9909-VRN(ADVANCE MULTI-PURPOSE),15.3695866,73.9351966,0,STOP,At Fire Station Verna,Fire Station Verna
2025-12-23T00:36:43.594Z,GA 07 G 1942-VAP(QUICK RESPONSE),15.5311233,74.1388183,0,STOP,At Fire Station Valpoi ,Fire Station Valpoi
2025-12-23T00:36:43.594Z,GA 07 G 2003-CUR(QUICK RESPONSE),15.2603983,74.1037033,0,STOP,At Fire Station Curchorem,Fire Station Curchorem
2025-12-23T00:36:43.594Z,GA 07 G 7447-CUR(EMERGENCY RESCUE),15.26048,74.1037033,0,STOP,At Fire Station Curchorem,Fire Station Curchorem
2025-12-23T00:36:43.594Z,GA 07 G 7557-CUR(WATER TENDER),15.26045,74.10345,0,STOP,At Fire Station Curchorem,Fire Station Curchorem
2025-12-23T00:36:43.594Z,GA 07 G 7667-CUR(WATER BOUSER),15.1454033,73.99108,0,STOP,"Shri Shantadurga fatarpekarin Temple, Fatorpa, Cuncolim, Goa (SW)",Fire Station Curchorem
2025-12-23T00:36:43.594Z,GA 07 G 4989-KUN(WATER TENDER),15.4630467,73.97251,0,STOP,At Fire Station Kundaim,Fire Station Kundaim
2025-12-23T00:36:43.594Z,GA 07 G 2242-PIL(WATER TENDER),15.5328322,73.7941056,0,STOP,At Fire Station Pilerne,Fire Station Pilerne
2025-12-23T00:36:43.594Z,GA 07 G 0681-MAP(QUICK RESPONSE),15.589775,73.8087733,0,STOP,At Fire Station Mapusa,Fire Station Mapusa
2025-12-23T00:36:43.594Z,GA 07 G 0307-PER(QUICK RESPONSE),15.7164939,73.7974239,0,INACTIVE,At Fire Station Pernem,Fire Station Pernem
2025-12-23T00:36:43.594Z,GA 07 G 2101-PER(MS WATER TENDER),15.7163717,73.7975772,0,STOP,At Fire Station Pernem,Fire Station Pernem
2025-12-23T00:36:43.594Z,GA 07 G 4600-PER(MINI RESCUE TENDER),15.7165206,73.7975167,0,STOP,At Fire Station Pernem,Fire Station Pernem
2025-12-23T00:36:43.594Z,GA 07 G 7272-PNJ(WATER TENDER),15.4875411,73.8176922,0,STOP,"Shenaz Shopping Centre, PWD office, 15, Lydia Gardens, St Inez Rd, Opp to, Santa Inez, Panaji, Goa (SW)",Fire Station Panaji
2025-12-23T00:36:43.594Z,GA07G2384- Cuncolim,15.1862206,74.0209944,0,STOP,At Fire Station Cuncolim,Fire Station Cuncolim
2025-12-23T00:36:43.594Z,GA07G2507 - Mid Size (Water Tender),15.7164733,73.7974933,0,STOP,At Fire Station Pernem,Fire Station Pernem
2025-12-23T00:36:43.594Z,GA07G2505 - Mid Size (Water Tender),15.530985,74.13868,0,STOP,At Fire Station Valpoi ,Fire Station Valpoi
2025-12-23T00:36:43.594Z,GA07G2504 - Mid Size (Water Tender),15.5890983,73.9465083,0,STOP,At Fire Station Bicholim ,Fire Station Bicholim
2025-12-23T00:36:43.594Z,GA07G2503-Mid Size (Water Tender),15.5900233,73.80865,0,STOP,At Fire Station Mapusa,Fire Station Mapusa
2025-12-23T00:36:43.594Z,GA07G2502 - Mid Size (Water Tender),15.4870233,73.8172283,0,STOP,"Caculo Mall, 16 Shanta, St Inez Rd, Caculo Enclave, Santa Inez, Panaji, Goa (NW)",Fire Force Headquarters
2025-12-23T00:37:46.759Z,GA 07 G 0680-PIL(QUICK RESPONSE VEHICLE),15.5329733,73.7939283,0,STOP,At Fire Station Pilerne,Fire Station Pilerne
2025-12-23T00:37:46.759Z,GA07G2506 - Mid Size (Water Tender),15.500348,73.914085,0,INACTIVE,At Fire Station Old Goa,Fire Station Old Goa
2025-12-23T00:37:46.759Z,GA 07 G 5115-POR(MINI WATER TENDER),15.522988,73.829384,0,STOP,At Porvorim Fire Station,Fire Station Porvorim
2025-12-23T00:37:46.759Z,GA 07 G 0350-MRG(WATER TENDER),15.269428,73.970604,0,STOP,At Fire Station Margoa,Fire Station Margao
2025-12-23T00:37:46.759Z,GA 07 G 2900-MAP(MINI RESCUE TENDER),15.589908,73.808716,0,STOP,At Fire Station Mapusa,Fire Station Mapusa
2025-12-23T00:37:46.759Z,GA 07 G 7600-FFHQ(WATER BOUSER),15.487103,73.817108,0,STOP,"Caculo Mall, 16 Shanta, St Inez Rd, Caculo Enclave, Santa Inez, Panaji, Goa (NW)",Fire Force Headquarters
2025-12-23T00:37:46.759Z,GA 07 G 2002-FFHQ(TURN TABLE LADDER),15.48742,73.817375,0,STOP,"Caculo Mall, 16 Shanta, St Inez Rd, Caculo Enclave, Santa Inez, Panaji, Goa (NW)",Fire Force Headquarters
2025-12-23T00:37:46.759Z,GA 07 G 7101-FFHQ(WATER TENDER),15.486877,73.817055,0,STOP,"Caculo Mall, 16 Shanta, St Inez Rd, Caculo Enclave, Santa Inez, Panaji, Goa (NW)",Fire Force Headquarters
2025-12-23T00:37:46.759Z,GA 07 G 7677-FFHQ(EMERGENCY RESCUE),15.48719,73.817192,0,STOP,"Caculo Mall, 16 Shanta, St Inez Rd, Caculo Enclave, Santa Inez, Panaji, Goa (NW)",Fire Force Headquarters
2025-12-23T00:37:46.759Z,GA 07 G 1121-PNJ(EMERGENCY RESCUE),15.487292,73.817276,0,STOP,"Caculo Mall, 16 Shanta, St Inez Rd, Caculo Enclave, Santa Inez, Panaji, Goa (NW)",Fire Station Panaji
2025-12-23T00:37:46.759Z,GA 07 G 1571-FFHQ(QUICK RESPONSE),15.48666,73.817444,0,STOP,"Caculo Mall, 16 Shanta, St Inez Rd, Caculo Enclave, Santa Inez, Panaji, Goa (NW)",Fire Force Headquarters
2025-12-23T00:37:46.759Z,GA 07 G 8101-MAP(WATER TENDER),15.589937,73.80867,0,STOP,At Fire Station Mapusa,Fire Station Mapusa
2025-12-23T00:37:46.759Z,GA 07 G 2317-MRG(EMERGENCY RESCUE TENDER),15.26956,73.9700033,2,STOP,At Fire Station Margoa,Fire Station Margao
2025-12-23T00:37:46.759Z,GA 07 G 1570-VAS(QUICK RESPONSE FIRE TENDER),15.3887783,73.8513266,0,STOP,At Fire Station Vasco,Fire Station Vasco
2025-12-23T00:37:46.759Z,GA 07 G 4101-VAS(MS WATER TENDER),15.3890783,73.85092,0,STOP,At Fire Station Vasco,Fire Station Vasco
2025-12-23T00:37:46.759Z,GA 07 G 0819-VAS(WATER/FOAM TENDER),15.3888217,73.8512367,0,IDLE,At Fire Station Vasco,Fire Station Vasco
2025-12-23T00:37:46.759Z,GA 07 G 7100-MRG(WATER BOUSER),15.2694566,73.97006,0,STOP,At Fire Station Margoa,Fire Station Margao
2025-12-23T00:37:46.759Z,GA 07 G 1568-MRG(QUICK RESPONSE ),15.269325,73.9706466,0,STOP,At Fire Station Margoa,Fire Station Margao
2025-12-23T00:37:46.759Z,GA 07 G 6101-MRG(WATER TENDER),15.2693733,73.9701416,0,STOP,At Fire Station Margoa,Fire Station Margao
2025-12-23T00:37:46.759Z,GA 07 G 1001-MRG(AERIAL LADDER PLATFORM),15.2695583,73.969735,0,STOP,At Fire Station Margoa,Fire Station Margao
2025-12-23T00:37:46.759Z,GA 07 G 0820-BIC(WATER TEDNER),15.4027094,74.0029172,0,STOP,At Fire Station Ponda ,Fire Station Bicholim
2025-12-23T00:37:46.759Z,GA 07 G 5101-OLG(MS WATER TENDER),15.5003033,73.91403,0,STOP,At Fire Station Old Goa,Fire Station Old Goa
2025-12-23T00:37:46.759Z,GA 07 G 3101-BIC(MS WATER TENDER),15.5891283,73.9463533,4,STOP,At Fire Station Bicholim ,Fire Station Bicholim
2025-12-23T00:37:46.759Z,GA 07 G 1941-BIC(QUICK RESPONSE),15.5894533,73.9467033,0,STOP,At Fire Station Bicholim ,Fire Station Bicholim
2025-12-23T00:37:46.759Z,GA 07 G 2319-VAS (EMERGENCY RESCUE TENDER),15.3901916,73.8524983,0,STOP,"near melisa garage,NSD, Dabolim, Goa (SW)",Fire Station Vasco
2025-12-23T00:37:46.759Z,GA 07 G 3737-VAP(WATER TENDER),15.53099,74.1387199,0,STOP,At Fire Station Valpoi ,Fire Station Valpoi
2025-12-23T00:37:46.759Z,GA 07 G 2318-PND(EMERGENCY RESCUE TENDER),15.4028416,74.0028083,0,STOP,At Fire Station Ponda ,Fire Station Ponda
2025-12-23T00:37:46.759Z,GA 07 G 2004-PND(QUICK RESPONSE),15.4026666,74.0028483,0,STOP,At Fire Station Ponda ,Fire Station Ponda
2025-12-23T00:37:46.759Z,GA 07 G 9101-PND(WATER TENDER),15.402745,74.0028816,0,STOP,At Fire Station Ponda ,Fire Station Ponda
2025-12-23T00:37:46.759Z,GA 07 G 9797-PND(WATER BOUSER),15.402635,74.00284,0,STOP,At Fire Station Ponda ,Fire Station Ponda
2025-12-23T00:37:46.759Z,GA 07 G 6363-CAN(WATER TENDER),15.0236183,74.0440433,0,INACTIVE,"Canacona, The Lalitrajbaga ,Canacona, Canacona, Goa (NE)",Fire Station Canacona
2025-12-23T00:37:46.759Z,GA 07 G 1567-CAN(QUICK RESPONSE FT),15.0171383,74.0398266,32,INACTIVE,"Canacona, The Lalitrajbaga ,Canacona, Canacona, Goa (SW)",Fire Station Canacona
2025-12-23T00:37:46.759Z,GA 07 G 1569-VRN(QUICK RESPONSE),15.3694583,73.9356766,0,STOP,At Fire Station Verna,Fire Station Verna
2025-12-23T00:37:46.759Z,GA 07 G 9909-VRN(ADVANCE MULTI-PURPOSE),15.3695866,73.9351966,0,STOP,At Fire Station Verna,Fire Station Verna
2025-12-23T00:37:46.759Z,GA 07 G 1942-VAP(QUICK RESPONSE),15.5311233,74.1388183,0,STOP,At Fire Station Valpoi ,Fire Station Valpoi
2025-12-23T00:37:46.759Z,GA 07 G 2003-CUR(QUICK RESPONSE),15.2603983,74.1037033,0,STOP,At Fire Station Curchorem,Fire Station Curchorem
2025-12-23T00:37:46.759Z,GA 07 G 7447-CUR(EMERGENCY RESCUE),15.26048,74.1037033,0,STOP,At Fire Station Curchorem,Fire Station Curchorem
2025-12-23T00:37:46.759Z,GA 07 G 7557-CUR(WATER TENDER),15.26045,74.10345,0,STOP,At Fire Station Curchorem,Fire Station Curchorem
2025-12-23T00:37:46.759Z,GA 07 G 7667-CUR(WATER BOUSER),15.1454033,73.99108,0,STOP,"Shri Shantadurga fatarpekarin Temple, Fatorpa, Cuncolim, Goa (SW)",Fire Station Curchorem
2025-12-23T00:37:46.759Z,GA 07 G 4989-KUN(WATER TENDER),15.4630467,73.97251,0,STOP,At Fire Station Kundaim,Fire Station Kundaim
2025-12-23T00:37:46.759Z,GA 07 G 2242-PIL(WATER TENDER),15.5328322,73.7941056,0,STOP,At Fire Station Pilerne,Fire Station Pilerne
2025-12-23T00:37:46.759Z,GA 07 G 0681-MAP(QUICK RESPONSE),15.589775,73.8087733,0,STOP,At Fire Station Mapusa,Fire Station Mapusa
2025-12-23T00:37:46.759Z,GA 07 G 0307-PER(QUICK RESPONSE),15.7164939,73.7974239,0,INACTIVE,At Fire Station Pernem,Fire Station Pernem
2025-12-23T00:37:46.759Z,GA 07 G 2101-PER(MS WATER TENDER),15.7163717,73.7975772,0,STOP,At Fire Station Pernem,Fire Station Pernem
2025-12-23T00:37:46.759Z,GA 07 G 4600-PER(MINI RESCUE TENDER),15.7165206,73.7975167,0,STOP,At Fire Station Pernem,Fire Station Pernem
2025-12-23T00:37:46.759Z,GA 07 G 7272-PNJ(WATER TENDER),15.4875411,73.8176922,0,STOP,"Shenaz Shopping Centre, PWD office, 15, Lydia Gardens, St Inez Rd, Opp to, Santa Inez, Panaji, Goa (SW)",Fire Station Panaji
2025-12-23T00:37:46.759Z,GA07G2384- Cuncolim,15.1862206,74.0209944,0,STOP,At Fire Station Cuncolim,Fire Station Cuncolim
2025-12-23T00:37:46.759Z,GA07G2507 - Mid Size (Water Tender),15.7164733,73.7974933,0,STOP,At Fire Station Pernem,Fire Station Pernem
2025-12-23T00:37:46.759Z,GA07G2505 - Mid Size (Water Tender),15.530985,74.13868,0,STOP,At Fire Station Valpoi ,Fire Station Valpoi
2025-12-23T00:37:46.759Z,GA07G2504 - Mid Size (Water Tender),15.5890983,73.9465083,0,STOP,At Fire Station Bicholim ,Fire Station Bicholim
2025-12-23T00:37:46.759Z,GA07G2503-Mid Size (Water Tender),15.5900233,73.80865,0,STOP,At Fire Station Mapusa,Fire Station Mapusa
2025-12-23T00:37:46.759Z,GA07G2502 - Mid Size (Water Tender),15.4870233,73.8172283,0,STOP,"Caculo Mall, 16 Shanta, St Inez Rd, Caculo Enclave, Santa Inez, Panaji, Goa (NW)",Fire Force Headquarters
2025-12-23T00:38:43.971Z,GA 07 G 0680-PIL(QUICK RESPONSE VEHICLE),15.5329733,73.7939283,0,STOP,At Fire Station Pilerne,Fire Station Pilerne
2025-12-23T00:38:43.971Z,GA07G2506 - Mid Size (Water Tender),15.500348,73.914085,0,INACTIVE,At Fire Station Old Goa,Fire Station Old Goa
2025-12-23T00:38:43.971Z,GA 07 G 5115-POR(MINI WATER TENDER),15.522988,73.829384,0,STOP,At Porvorim Fire Station,Fire Station Porvorim
2025-12-23T00:38:43.971Z,GA 07 G 0350-MRG(WATER TENDER),15.269428,73.970604,0,STOP,At Fire Station Margoa,Fire Station Margao
2025-12-23T00:38:43.971Z,GA 07 G 2900-MAP(MINI RESCUE TENDER),15.589908,73.808716,0,STOP,At Fire Station Mapusa,Fire Station Mapusa
2025-12-23T00:38:43.971Z,GA 07 G 7600-FFHQ(WATER BOUSER),15.487103,73.817108,0,STOP,"Caculo Mall, 16 Shanta, St Inez Rd, Caculo Enclave, Santa Inez, Panaji, Goa (NW)",Fire Force Headquarters
2025-12-23T00:38:43.971Z,GA 07 G 2002-FFHQ(TURN TABLE LADDER),15.48742,73.817375,0,STOP,"Caculo Mall, 16 Shanta, St Inez Rd, Caculo Enclave, Santa Inez, Panaji, Goa (NW)",Fire Force Headquarters
2025-12-23T00:38:43.971Z,GA 07 G 7101-FFHQ(WATER TENDER),15.486877,73.817055,0,STOP,"Caculo Mall, 16 Shanta, St Inez Rd, Caculo Enclave, Santa Inez, Panaji, Goa (NW)",Fire Force Headquarters
2025-12-23T00:38:43.971Z,GA 07 G 7677-FFHQ(EMERGENCY RESCUE),15.48719,73.817192,0,STOP,"Caculo Mall, 16 Shanta, St Inez Rd, Caculo Enclave, Santa Inez, Panaji, Goa (NW)",Fire Force Headquarters
2025-12-23T00:38:43.971Z,GA 07 G 1121-PNJ(EMERGENCY RESCUE),15.487292,73.817276,0,STOP,"Caculo Mall, 16 Shanta, St Inez Rd, Caculo Enclave, Santa Inez, Panaji, Goa (NW)",Fire Station Panaji
2025-12-23T00:38:43.971Z,GA 07 G 1571-FFHQ(QUICK RESPONSE),15.48666,73.817444,0,STOP,"Caculo Mall, 16 Shanta, St Inez Rd, Caculo Enclave, Santa Inez, Panaji, Goa (NW)",Fire Force Headquarters
2025-12-23T00:38:43.971Z,GA 07 G 8101-MAP(WATER TENDER),15.589937,73.80867,0,STOP,At Fire Station Mapusa,Fire Station Mapusa
2025-12-23T00:38:43.971Z,GA 07 G 2317-MRG(EMERGENCY RESCUE TENDER),15.2694416,73.9700766,1,STOP,At Fire Station Margoa,Fire Station Margao
2025-12-23T00:38:43.971Z,GA 07 G 1570-VAS(QUICK RESPONSE FIRE TENDER),15.3887783,73.8513266,0,STOP,At Fire Station Vasco,Fire Station Vasco
2025-12-23T00:38:43.971Z,GA 07 G 4101-VAS(MS WATER TENDER),15.3890783,73.85092,0,STOP,At Fire Station Vasco,Fire Station Vasco
2025-12-23T00:38:43.971Z,GA 07 G 0819-VAS(WATER/FOAM TENDER),15.3888217,73.8512367,0,IDLE,At Fire Station Vasco,Fire Station Vasco
2025-12-23T00:38:43.971Z,GA 07 G 7100-MRG(WATER BOUSER),15.2694566,73.97006,0,STOP,At Fire Station Margoa,Fire Station Margao
2025-12-23T00:38:43.971Z,GA 07 G 1568-MRG(QUICK RESPONSE ),15.269325,73.9706466,0,STOP,At Fire Station Margoa,Fire Station Margao
2025-12-23T00:38:43.971Z,GA 07 G 6101-MRG(WATER TENDER),15.2693733,73.9701416,0,STOP,At Fire Station Margoa,Fire Station Margao
2025-12-23T00:38:43.971Z,GA 07 G 1001-MRG(AERIAL LADDER PLATFORM),15.2695583,73.969735,0,STOP,At Fire Station Margoa,Fire Station Margao
2025-12-23T00:38:43.971Z,GA 07 G 0820-BIC(WATER TEDNER),15.4027094,74.0029172,0,STOP,At Fire Station Ponda ,Fire Station Bicholim
2025-12-23T00:38:43.971Z,GA 07 G 5101-OLG(MS WATER TENDER),15.5003033,73.91403,0,STOP,At Fire Station Old Goa,Fire Station Old Goa
2025-12-23T00:38:43.971Z,GA 07 G 3101-BIC(MS WATER TENDER),15.5891283,73.9463533,0,STOP,At Fire Station Bicholim ,Fire Station Bicholim
2025-12-23T00:38:43.971Z,GA 07 G 1941-BIC(QUICK RESPONSE),15.5894533,73.9467033,0,STOP,At Fire Station Bicholim ,Fire Station Bicholim
2025-12-23T00:38:43.971Z,GA 07 G 2319-VAS (EMERGENCY RESCUE TENDER),15.3901916,73.8524983,0,STOP,"near melisa garage,NSD, Dabolim, Goa (SW)",Fire Station Vasco
2025-12-23T00:38:43.971Z,GA 07 G 3737-VAP(WATER TENDER),15.53099,74.1387199,0,STOP,At Fire Station Valpoi ,Fire Station Valpoi
2025-12-23T00:38:43.971Z,GA 07 G 2318-PND(EMERGENCY RESCUE TENDER),15.4028416,74.0028083,0,STOP,At Fire Station Ponda ,Fire Station Ponda
2025-12-23T00:38:43.971Z,GA 07 G 2004-PND(QUICK RESPONSE),15.4026666,74.0028483,0,STOP,At Fire Station Ponda ,Fire Station Ponda
2025-12-23T00:38:43.971Z,GA 07 G 9101-PND(WATER TENDER),15.402745,74.0028816,0,STOP,At Fire Station Ponda ,Fire Station Ponda
2025-12-23T00:38:43.971Z,GA 07 G 9797-PND(WATER BOUSER),15.402635,74.00284,0,STOP,At Fire Station Ponda ,Fire Station Ponda
2025-12-23T00:38:43.971Z,GA 07 G 6363-CAN(WATER TENDER),15.0236183,74.0440433,0,INACTIVE,"Canacona, The Lalitrajbaga ,Canacona, Canacona, Goa (NE)",Fire Station Canacona
2025-12-23T00:38:43.971Z,GA 07 G 1567-CAN(QUICK RESPONSE FT),15.0171383,74.0398266,32,INACTIVE,"Canacona, The Lalitrajbaga ,Canacona, Canacona, Goa (SW)",Fire Station Canacona
2025-12-23T00:38:43.971Z,GA 07 G 1569-VRN(QUICK RESPONSE),15.3694583,73.9356766,0,STOP,At Fire Station Verna,Fire Station Verna
2025-12-23T00:38:43.971Z,GA 07 G 9909-VRN(ADVANCE MULTI-PURPOSE),15.3695866,73.9351966,0,STOP,At Fire Station Verna,Fire Station Verna
2025-12-23T00:38:43.971Z,GA 07 G 1942-VAP(QUICK RESPONSE),15.5311233,74.1388183,0,STOP,At Fire Station Valpoi ,Fire Station Valpoi
2025-12-23T00:38:43.971Z,GA 07 G 2003-CUR(QUICK RESPONSE),15.2603983,74.1037033,0,STOP,At Fire Station Curchorem,Fire Station Curchorem
2025-12-23T00:38:43.971Z,GA 07 G 7447-CUR(EMERGENCY RESCUE),15.26048,74.1037033,0,STOP,At Fire Station Curchorem,Fire Station Curchorem
2025-12-23T00:38:43.971Z,GA 07 G 7557-CUR(WATER TENDER),15.26045,74.10345,0,STOP,At Fire Station Curchorem,Fire Station Curchorem
2025-12-23T00:38:43.971Z,GA 07 G 7667-CUR(WATER BOUSER),15.1454033,73.99108,0,STOP,"Shri Shantadurga fatarpekarin Temple, Fatorpa, Cuncolim, Goa (SW)",Fire Station Curchorem
2025-12-23T00:38:43.971Z,GA 07 G 4989-KUN(WATER TENDER),15.4630467,73.97251,0,STOP,At Fire Station Kundaim,Fire Station Kundaim
2025-12-23T00:38:43.971Z,GA 07 G 2242-PIL(WATER TENDER),15.5328322,73.7941056,0,STOP,At Fire Station Pilerne,Fire Station Pilerne
2025-12-23T00:38:43.971Z,GA 07 G 0681-MAP(QUICK RESPONSE),15.589775,73.8087733,0,STOP,At Fire Station Mapusa,Fire Station Mapusa
2025-12-23T00:38:43.971Z,GA 07 G 0307-PER(QUICK RESPONSE),15.7164939,73.7974239,0,INACTIVE,At Fire Station Pernem,Fire Station Pernem
2025-12-23T00:38:43.971Z,GA 07 G 2101-PER(MS WATER TENDER),15.7163717,73.7975772,0,STOP,At Fire Station Pernem,Fire Station Pernem
2025-12-23T00:38:43.971Z,GA 07 G 4600-PER(MINI RESCUE TENDER),15.7165206,73.7975167,0,STOP,At Fire Station Pernem,Fire Station Pernem
2025-12-23T00:38:43.971Z,GA 07 G 7272-PNJ(WATER TENDER),15.4875411,73.8176922,0,STOP,"Shenaz Shopping Centre, PWD office, 15, Lydia Gardens, St Inez Rd, Opp to, Santa Inez, Panaji, Goa (SW)",Fire Station Panaji
2025-12-23T00:38:43.971Z,GA07G2384- Cuncolim,15.1862206,74.0209944,0,STOP,At Fire Station Cuncolim,Fire Station Cuncolim
2025-12-23T00:38:43.971Z,GA07G2507 - Mid Size (Water Tender),15.7164733,73.7974933,0,STOP,At Fire Station Pernem,Fire Station Pernem
2025-12-23T00:38:43.971Z,GA07G2505 - Mid Size (Water Tender),15.530985,74.13868,0,STOP,At Fire Station Valpoi ,Fire Station Valpoi
2025-12-23T00:38:43.971Z,GA07G2504 - Mid Size (Water Tender),15.5890983,73.9465083,0,STOP,At Fire Station Bicholim ,Fire Station Bicholim
2025-12-23T00:38:43.971Z,GA07G2503-Mid Size (Water Tender),15.5900233,73.80865,0,STOP,At Fire Station Mapusa,Fire Station Mapusa
2025-12-23T00:38:43.971Z,GA07G2502 - Mid Size (Water Tender),15.4870233,73.8172283,0,STOP,"Caculo Mall, 16 Shanta, St Inez Rd, Caculo Enclave, Santa Inez, Panaji, Goa (NW)",Fire Force Headquarters
2025-12-23T00:39:41.500Z,GA 07 G 0680-PIL(QUICK RESPONSE VEHICLE),15.5329733,73.7939283,0,STOP,At Fire Station Pilerne,Fire Station Pilerne
2025-12-23T00:39:41.500Z,GA07G2506 - Mid Size (Water Tender),15.500348,73.914085,0,INACTIVE,At Fire Station Old Goa,Fire Station Old Goa
2025-12-23T00:39:41.500Z,GA 07 G 5115-POR(MINI WATER TENDER),15.522988,73.829384,0,STOP,At Porvorim Fire Station,Fire Station Porvorim
2025-12-23T00:39:41.500Z,GA 07 G 0350-MRG(WATER TENDER),15.269428,73.970604,0,STOP,At Fire Station Margoa,Fire Station Margao
2025-12-23T00:39:41.500Z,GA 07 G 2900-MAP(MINI RESCUE TENDER),15.589908,73.808716,0,STOP,At Fire Station Mapusa,Fire Station Mapusa
2025-12-23T00:39:41.500Z,GA 07 G 7600-FFHQ(WATER BOUSER),15.487103,73.817108,0,STOP,"Caculo Mall, 16 Shanta, St Inez Rd, Caculo Enclave, Santa Inez, Panaji, Goa (NW)",Fire Force Headquarters
2025-12-23T00:39:41.500Z,GA 07 G 2002-FFHQ(TURN TABLE LADDER),15.48742,73.817375,0,STOP,"Caculo Mall, 16 Shanta, St Inez Rd, Caculo Enclave, Santa Inez, Panaji, Goa (NW)",Fire Force Headquarters
2025-12-23T00:39:41.500Z,GA 07 G 7101-FFHQ(WATER TENDER),15.486877,73.817055,0,STOP,"Caculo Mall, 16 Shanta, St Inez Rd, Caculo Enclave, Santa Inez, Panaji, Goa (NW)",Fire Force Headquarters
2025-12-23T00:39:41.500Z,GA 07 G 7677-FFHQ(EMERGENCY RESCUE),15.48719,73.817192,0,STOP,"Caculo Mall, 16 Shanta, St Inez Rd, Caculo Enclave, Santa Inez, Panaji, Goa (NW)",Fire Force Headquarters
2025-12-23T00:39:41.500Z,GA 07 G 1121-PNJ(EMERGENCY RESCUE),15.487292,73.817276,0,STOP,"Caculo Mall, 16 Shanta, St Inez Rd, Caculo Enclave, Santa Inez, Panaji, Goa (NW)",Fire Station Panaji
2025-12-23T00:39:41.500Z,GA 07 G 1571-FFHQ(QUICK RESPONSE),15.48666,73.817444,0,STOP,"Caculo Mall, 16 Shanta, St Inez Rd, Caculo Enclave, Santa Inez, Panaji, Goa (NW)",Fire Force Headquarters
2025-12-23T00:39:41.500Z,GA 07 G 8101-MAP(WATER TENDER),15.589937,73.80867,0,STOP,At Fire Station Mapusa,Fire Station Mapusa
2025-12-23T00:39:41.500Z,GA 07 G 2317-MRG(EMERGENCY RESCUE TENDER),15.2694716,73.9702233,0,STOP,At Fire Station Margoa,Fire Station Margao
2025-12-23T00:39:41.500Z,GA 07 G 1570-VAS(QUICK RESPONSE FIRE TENDER),15.3887783,73.8513266,0,STOP,At Fire Station Vasco,Fire Station Vasco
2025-12-23T00:39:41.500Z,GA 07 G 4101-VAS(MS WATER TENDER),15.3890783,73.85092,0,STOP,At Fire Station Vasco,Fire Station Vasco
2025-12-23T00:39:41.500Z,GA 07 G 0819-VAS(WATER/FOAM TENDER),15.3888217,73.8512367,0,IDLE,At Fire Station Vasco,Fire Station Vasco
2025-12-23T00:39:41.500Z,GA 07 G 7100-MRG(WATER BOUSER),15.2694566,73.97006,0,STOP,At Fire Station Margoa,Fire Station Margao
2025-12-23T00:39:41.500Z,GA 07 G 1568-MRG(QUICK RESPONSE ),15.269325,73.9706466,0,STOP,At Fire Station Margoa,Fire Station Margao
2025-12-23T00:39:41.500Z,GA 07 G 6101-MRG(WATER TENDER),15.2693733,73.9701416,0,STOP,At Fire Station Margoa,Fire Station Margao
2025-12-23T00:39:41.500Z,GA 07 G 1001-MRG(AERIAL LADDER PLATFORM),15.2695583,73.969735,0,STOP,At Fire Station Margoa,Fire Station Margao
2025-12-23T00:39:41.500Z,GA 07 G 0820-BIC(WATER TEDNER),15.4027094,74.0029172,0,STOP,At Fire Station Ponda ,Fire Station Bicholim
2025-12-23T00:39:41.500Z,GA 07 G 5101-OLG(MS WATER TENDER),15.5003033,73.91403,0,STOP,At Fire Station Old Goa,Fire Station Old Goa
2025-12-23T00:39:41.500Z,GA 07 G 3101-BIC(MS WATER TENDER),15.5891283,73.9463533,0,STOP,At Fire Station Bicholim ,Fire Station Bicholim
2025-12-23T00:39:41.500Z,GA 07 G 1941-BIC(QUICK RESPONSE),15.5894533,73.9467033,0,STOP,At Fire Station Bicholim ,Fire Station Bicholim
2025-12-23T00:39:41.500Z,GA 07 G 2319-VAS (EMERGENCY RESCUE TENDER),15.3901916,73.8524983,0,STOP,"near melisa garage,NSD, Dabolim, Goa (SW)",Fire Station Vasco
2025-12-23T00:39:41.500Z,GA 07 G 3737-VAP(WATER TENDER),15.53099,74.1387199,0,STOP,At Fire Station Valpoi ,Fire Station Valpoi
2025-12-23T00:39:41.500Z,GA 07 G 2318-PND(EMERGENCY RESCUE TENDER),15.4028416,74.0028083,0,STOP,At Fire Station Ponda ,Fire Station Ponda
2025-12-23T00:39:41.500Z,GA 07 G 2004-PND(QUICK RESPONSE),15.4026666,74.0028483,0,STOP,At Fire Station Ponda ,Fire Station Ponda
2025-12-23T00:39:41.500Z,GA 07 G 9101-PND(WATER TENDER),15.402745,74.0028816,0,STOP,At Fire Station Ponda ,Fire Station Ponda
2025-12-23T00:39:41.500Z,GA 07 G 9797-PND(WATER BOUSER),15.402635,74.00284,0,STOP,At Fire Station Ponda ,Fire Station Ponda
2025-12-23T00:39:41.500Z,GA 07 G 6363-CAN(WATER TENDER),15.0236183,74.0440433,0,INACTIVE,"Canacona, The Lalitrajbaga ,Canacona, Canacona, Goa (NE)",Fire Station Canacona
2025-12-23T00:39:41.500Z,GA 07 G 1567-CAN(QUICK RESPONSE FT),15.0171383,74.0398266,32,INACTIVE,"Canacona, The Lalitrajbaga ,Canacona, Canacona, Goa (SW)",Fire Station Canacona
2025-12-23T00:39:41.500Z,GA 07 G 1569-VRN(QUICK RESPONSE),15.3694583,73.9356766,0,STOP,At Fire Station Verna,Fire Station Verna
2025-12-23T00:39:41.500Z,GA 07 G 9909-VRN(ADVANCE MULTI-PURPOSE),15.3695866,73.9351966,0,STOP,At Fire Station Verna,Fire Station Verna
2025-12-23T00:39:41.500Z,GA 07 G 1942-VAP(QUICK RESPONSE),15.5311233,74.1388183,0,STOP,At Fire Station Valpoi ,Fire Station Valpoi
2025-12-23T00:39:41.500Z,GA 07 G 2003-CUR(QUICK RESPONSE),15.2603983,74.1037033,0,STOP,At Fire Station Curchorem,Fire Station Curchorem
2025-12-23T00:39:41.500Z,GA 07 G 7447-CUR(EMERGENCY RESCUE),15.26048,74.1037033,0,STOP,At Fire Station Curchorem,Fire Station Curchorem
2025-12-23T00:39:41.500Z,GA 07 G 7557-CUR(WATER TENDER),15.26045,74.10345,0,STOP,At Fire Station Curchorem,Fire Station Curchorem
2025-12-23T00:39:41.500Z,GA 07 G 7667-CUR(WATER BOUSER),15.1454033,73.99108,0,STOP,"Shri Shantadurga fatarpekarin Temple, Fatorpa, Cuncolim, Goa (SW)",Fire Station Curchorem
2025-12-23T00:39:41.500Z,GA 07 G 4989-KUN(WATER TENDER),15.4630467,73.97251,0,STOP,At Fire Station Kundaim,Fire Station Kundaim
2025-12-23T00:39:41.500Z,GA 07 G 2242-PIL(WATER TENDER),15.5328322,73.7941056,0,STOP,At Fire Station Pilerne,Fire Station Pilerne
2025-12-23T00:39:41.500Z,GA 07 G 0681-MAP(QUICK RESPONSE),15.589775,73.8087733,0,STOP,At Fire Station Mapusa,Fire Station Mapusa
2025-12-23T00:39:41.500Z,GA 07 G 0307-PER(QUICK RESPONSE),15.7164939,73.7974239,0,INACTIVE,At Fire Station Pernem,Fire Station Pernem
2025-12-23T00:39:41.500Z,GA 07 G 2101-PER(MS WATER TENDER),15.7163717,73.7975772,0,STOP,At Fire Station Pernem,Fire Station Pernem
2025-12-23T00:39:41.500Z,GA 07 G 4600-PER(MINI RESCUE TENDER),15.7165206,73.7975167,0,STOP,At Fire Station Pernem,Fire Station Pernem
2025-12-23T00:39:41.500Z,GA 07 G 7272-PNJ(WATER TENDER),15.4875411,73.8176922,0,STOP,"Shenaz Shopping Centre, PWD office, 15, Lydia Gardens, St Inez Rd, Opp to, Santa Inez, Panaji, Goa (SW)",Fire Station Panaji
2025-12-23T00:39:41.500Z,GA07G2384- Cuncolim,15.1862206,74.0209944,0,STOP,At Fire Station Cuncolim,Fire Station Cuncolim
2025-12-23T00:39:41.500Z,GA07G2507 - Mid Size (Water Tender),15.7164733,73.7974933,0,STOP,At Fire Station Pernem,Fire Station Pernem
2025-12-23T00:39:41.500Z,GA07G2505 - Mid Size (Water Tender),15.530985,74.13868,0,STOP,At Fire Station Valpoi ,Fire Station Valpoi
2025-12-23T00:39:41.500Z,GA07G2504 - Mid Size (Water Tender),15.5890983,73.9465083,0,STOP,At Fire Station Bicholim ,Fire Station Bicholim
2025-12-23T00:39:41.500Z,GA07G2503-Mid Size (Water Tender),15.5900233,73.80865,0,STOP,At Fire Station Mapusa,Fire Station Mapusa
2025-12-23T00:39:41.500Z,GA07G2502 - Mid Size (Water Tender),15.4870233,73.8172283,0,STOP,"Caculo Mall, 16 Shanta, St Inez Rd, Caculo Enclave, Santa Inez, Panaji, Goa (NW)",Fire Force Headquarters
2025-12-23T00:40:43.594Z,GA 07 G 0680-PIL(QUICK RESPONSE VEHICLE),15.5329733,73.7939283,0,STOP,At Fire Station Pilerne,Fire Station Pilerne
2025-12-23T00:40:43.594Z,GA07G2506 - Mid Size (Water Tender),15.500348,73.914085,0,INACTIVE,At Fire Station Old Goa,Fire Station Old Goa
2025-12-23T00:40:43.594Z,GA 07 G 5115-POR(MINI WATER TENDER),15.522988,73.829384,0,STOP,At Porvorim Fire Station,Fire Station Porvorim
2025-12-23T00:40:43.594Z,GA 07 G 0350-MRG(WATER TENDER),15.269428,73.970604,0,STOP,At Fire Station Margoa,Fire Station Margao
2025-12-23T00:40:43.594Z,GA 07 G 2900-MAP(MINI RESCUE TENDER),15.589908,73.808716,0,STOP,At Fire Station Mapusa,Fire Station Mapusa
2025-12-23T00:40:43.594Z,GA 07 G 7600-FFHQ(WATER BOUSER),15.487103,73.817108,0,STOP,"Caculo Mall, 16 Shanta, St Inez Rd, Caculo Enclave, Santa Inez, Panaji, Goa (NW)",Fire Force Headquarters
2025-12-23T00:40:43.594Z,GA 07 G 2002-FFHQ(TURN TABLE LADDER),15.48742,73.817375,0,STOP,"Caculo Mall, 16 Shanta, St Inez Rd, Caculo Enclave, Santa Inez, Panaji, Goa (NW)",Fire Force Headquarters
2025-12-23T00:40:43.594Z,GA 07 G 7101-FFHQ(WATER TENDER),15.486877,73.817055,0,STOP,"Caculo Mall, 16 Shanta, St Inez Rd, Caculo Enclave, Santa Inez, Panaji, Goa (NW)",Fire Force Headquarters
2025-12-23T00:40:43.594Z,GA 07 G 7677-FFHQ(EMERGENCY RESCUE),15.48719,73.817192,0,STOP,"Caculo Mall, 16 Shanta, St Inez Rd, Caculo Enclave, Santa Inez, Panaji, Goa (NW)",Fire Force Headquarters
2025-12-23T00:40:43.594Z,GA 07 G 1121-PNJ(EMERGENCY RESCUE),15.487292,73.817276,0,STOP,"Caculo Mall, 16 Shanta, St Inez Rd, Caculo Enclave, Santa Inez, Panaji, Goa (NW)",Fire Station Panaji
2025-12-23T00:40:43.594Z,GA 07 G 1571-FFHQ(QUICK RESPONSE),15.48666,73.817444,0,STOP,"Caculo Mall, 16 Shanta, St Inez Rd, Caculo Enclave, Santa Inez, Panaji, Goa (NW)",Fire Force Headquarters
2025-12-23T00:40:43.594Z,GA 07 G 8101-MAP(WATER TENDER),15.589937,73.80867,0,STOP,At Fire Station Mapusa,Fire Station Mapusa
2025-12-23T00:40:43.594Z,GA 07 G 2317-MRG(EMERGENCY RESCUE TENDER),15.2694116,73.9701583,0,STOP,At Fire Station Margoa,Fire Station Margao
2025-12-23T00:40:43.594Z,GA 07 G 1570-VAS(QUICK RESPONSE FIRE TENDER),15.3887783,73.8513266,0,STOP,At Fire Station Vasco,Fire Station Vasco
2025-12-23T00:40:43.594Z,GA 07 G 4101-VAS(MS WATER TENDER),15.3890783,73.85092,0,STOP,At Fire Station Vasco,Fire Station Vasco
2025-12-23T00:40:43.594Z,GA 07 G 0819-VAS(WATER/FOAM TENDER),15.3888217,73.8512367,0,IDLE,At Fire Station Vasco,Fire Station Vasco
2025-12-23T00:40:43.594Z,GA 07 G 7100-MRG(WATER BOUSER),15.2694566,73.97006,0,STOP,At Fire Station Margoa,Fire Station Margao
2025-12-23T00:40:43.594Z,GA 07 G 1568-MRG(QUICK RESPONSE ),15.269325,73.9706466,0,STOP,At Fire Station Margoa,Fire Station Margao
2025-12-23T00:40:43.594Z,GA 07 G 6101-MRG(WATER TENDER),15.2693733,73.9701416,0,STOP,At Fire Station Margoa,Fire Station Margao
2025-12-23T00:40:43.594Z,GA 07 G 1001-MRG(AERIAL LADDER PLATFORM),15.2695583,73.969735,0,STOP,At Fire Station Margoa,Fire Station Margao
2025-12-23T00:40:43.594Z,GA 07 G 0820-BIC(WATER TEDNER),15.4027094,74.0029172,0,STOP,At Fire Station Ponda ,Fire Station Bicholim
2025-12-23T00:40:43.594Z,GA 07 G 5101-OLG(MS WATER TENDER),15.5003033,73.91403,0,STOP,At Fire Station Old Goa,Fire Station Old Goa
2025-12-23T00:40:43.594Z,GA 07 G 3101-BIC(MS WATER TENDER),15.5891283,73.9463533,0,STOP,At Fire Station Bicholim ,Fire Station Bicholim
2025-12-23T00:40:43.594Z,GA 07 G 1941-BIC(QUICK RESPONSE),15.5894533,73.9467033,0,STOP,At Fire Station Bicholim ,Fire Station Bicholim
2025-12-23T00:40:43.594Z,GA 07 G 2319-VAS (EMERGENCY RESCUE TENDER),15.3901916,73.8524983,0,STOP,"near melisa garage,NSD, Dabolim, Goa (SW)",Fire Station Vasco
2025-12-23T00:40:43.594Z,GA 07 G 3737-VAP(WATER TENDER),15.53099,74.1387199,0,STOP,At Fire Station Valpoi ,Fire Station Valpoi
2025-12-23T00:40:43.594Z,GA 07 G 2318-PND(EMERGENCY RESCUE TENDER),15.4028416,74.0028083,0,STOP,At Fire Station Ponda ,Fire Station Ponda
2025-12-23T00:40:43.594Z,GA 07 G 2004-PND(QUICK RESPONSE),15.4026666,74.0028483,0,STOP,At Fire Station Ponda ,Fire Station Ponda
2025-12-23T00:40:43.594Z,GA 07 G 9101-PND(WATER TENDER),15.402745,74.0028816,0,STOP,At Fire Station Ponda ,Fire Station Ponda
2025-12-23T00:40:43.594Z,GA 07 G 9797-PND(WATER BOUSER),15.402635,74.00284,0,STOP,At Fire Station Ponda ,Fire Station Ponda
2025-12-23T00:40:43.594Z,GA 07 G 6363-CAN(WATER TENDER),15.0236183,74.0440433,0,INACTIVE,"Canacona, The Lalitrajbaga ,Canacona, Canacona, Goa (NE)",Fire Station Canacona
2025-12-23T00:40:43.594Z,GA 07 G 1567-CAN(QUICK RESPONSE FT),15.0171383,74.0398266,32,INACTIVE,"Canacona, The Lalitrajbaga ,Canacona, Canacona, Goa (SW)",Fire Station Canacona
2025-12-23T00:40:43.594Z,GA 07 G 1569-VRN(QUICK RESPONSE),15.3694583,73.9356766,0,STOP,At Fire Station Verna,Fire Station Verna
2025-12-23T00:40:43.594Z,GA 07 G 9909-VRN(ADVANCE MULTI-PURPOSE),15.3695866,73.9351966,0,STOP,At Fire Station Verna,Fire Station Verna
2025-12-23T00:40:43.594Z,GA 07 G 1942-VAP(QUICK RESPONSE),15.5311233,74.1388183,0,STOP,At Fire Station Valpoi ,Fire Station Valpoi
2025-12-23T00:40:43.594Z,GA 07 G 2003-CUR(QUICK RESPONSE),15.2603983,74.1037033,0,STOP,At Fire Station Curchorem,Fire Station Curchorem
2025-12-23T00:40:43.594Z,GA 07 G 7447-CUR(EMERGENCY RESCUE),15.26048,74.1037033,0,STOP,At Fire Station Curchorem,Fire Station Curchorem
2025-12-23T00:40:43.594Z,GA 07 G 7557-CUR(WATER TENDER),15.26045,74.10345,0,STOP,At Fire Station Curchorem,Fire Station Curchorem
2025-12-23T00:40:43.594Z,GA 07 G 7667-CUR(WATER BOUSER),15.1454033,73.99108,0,STOP,"Shri Shantadurga fatarpekarin Temple, Fatorpa, Cuncolim, Goa (SW)",Fire Station Curchorem
2025-12-23T00:40:43.594Z,GA 07 G 4989-KUN(WATER TENDER),15.4630467,73.97251,0,STOP,At Fire Station Kundaim,Fire Station Kundaim
2025-12-23T00:40:43.594Z,GA 07 G 2242-PIL(WATER TENDER),15.5328322,73.7941056,0,STOP,At Fire Station Pilerne,Fire Station Pilerne
2025-12-23T00:40:43.594Z,GA 07 G 0681-MAP(QUICK RESPONSE),15.589775,73.8087733,0,STOP,At Fire Station Mapusa,Fire Station Mapusa
2025-12-23T00:40:43.594Z,GA 07 G 0307-PER(QUICK RESPONSE),15.7164939,73.7974239,0,INACTIVE,At Fire Station Pernem,Fire Station Pernem
2025-12-23T00:40:43.594Z,GA 07 G 2101-PER(MS WATER TENDER),15.7163717,73.7975772,0,STOP,At Fire Station Pernem,Fire Station Pernem
2025-12-23T00:40:43.594Z,GA 07 G 4600-PER(MINI RESCUE TENDER),15.7165206,73.7975167,0,STOP,At Fire Station Pernem,Fire Station Pernem
2025-12-23T00:40:43.594Z,GA 07 G 7272-PNJ(WATER TENDER),15.4875411,73.8176922,0,STOP,"Shenaz Shopping Centre, PWD office, 15, Lydia Gardens, St Inez Rd, Opp to, Santa Inez, Panaji, Goa (SW)",Fire Station Panaji
2025-12-23T00:40:43.594Z,GA07G2384- Cuncolim,15.1862206,74.0209944,0,STOP,At Fire Station Cuncolim,Fire Station Cuncolim
2025-12-23T00:40:43.594Z,GA07G2507 - Mid Size (Water Tender),15.7164733,73.7974933,0,STOP,At Fire Station Pernem,Fire Station Pernem
2025-12-23T00:40:43.594Z,GA07G2505 - Mid Size (Water Tender),15.530985,74.13868,0,STOP,At Fire Station Valpoi ,Fire Station Valpoi
2025-12-23T00:40:43.594Z,GA07G2504 - Mid Size (Water Tender),15.5890983,73.9465083,0,STOP,At Fire Station Bicholim ,Fire Station Bicholim
2025-12-23T00:40:43.594Z,GA07G2503-Mid Size (Water Tender),15.5900233,73.80865,0,STOP,At Fire Station Mapusa,Fire Station Mapusa
2025-12-23T00:40:43.594Z,GA07G2502 - Mid Size (Water Tender),15.4870233,73.8172283,0,STOP,"Caculo Mall, 16 Shanta, St Inez Rd, Caculo Enclave, Santa Inez, Panaji, Goa (NW)",Fire Force Headquarters
2025-12-23T00:41:43.578Z,GA 07 G 0680-PIL(QUICK RESPONSE VEHICLE),15.5329733,73.7939283,0,STOP,At Fire Station Pilerne,Fire Station Pilerne
2025-12-23T00:41:43.578Z,GA07G2506 - Mid Size (Water Tender),15.500348,73.914085,0,INACTIVE,At Fire Station Old Goa,Fire Station Old Goa
2025-12-23T00:41:43.578Z,GA 07 G 5115-POR(MINI WATER TENDER),15.522988,73.829384,0,STOP,At Porvorim Fire Station,Fire Station Porvorim
2025-12-23T00:41:43.578Z,GA 07 G 0350-MRG(WATER TENDER),15.269428,73.970604,0,STOP,At Fire Station Margoa,Fire Station Margao
2025-12-23T00:41:43.578Z,GA 07 G 2900-MAP(MINI RESCUE TENDER),15.589908,73.808716,0,STOP,At Fire Station Mapusa,Fire Station Mapusa
2025-12-23T00:41:43.578Z,GA 07 G 7600-FFHQ(WATER BOUSER),15.487103,73.817108,0,STOP,"Caculo Mall, 16 Shanta, St Inez Rd, Caculo Enclave, Santa Inez, Panaji, Goa (NW)",Fire Force Headquarters
2025-12-23T00:41:43.578Z,GA 07 G 2002-FFHQ(TURN TABLE LADDER),15.48742,73.817375,0,STOP,"Caculo Mall, 16 Shanta, St Inez Rd, Caculo Enclave, Santa Inez, Panaji, Goa (NW)",Fire Force Headquarters
2025-12-23T00:41:43.578Z,GA 07 G 7101-FFHQ(WATER TENDER),15.486877,73.817055,0,STOP,"Caculo Mall, 16 Shanta, St Inez Rd, Caculo Enclave, Santa Inez, Panaji, Goa (NW)",Fire Force Headquarters
2025-12-23T00:41:43.578Z,GA 07 G 7677-FFHQ(EMERGENCY RESCUE),15.48719,73.817192,0,STOP,"Caculo Mall, 16 Shanta, St Inez Rd, Caculo Enclave, Santa Inez, Panaji, Goa (NW)",Fire Force Headquarters
2025-12-23T00:41:43.578Z,GA 07 G 1121-PNJ(EMERGENCY RESCUE),15.487292,73.817276,0,STOP,"Caculo Mall, 16 Shanta, St Inez Rd, Caculo Enclave, Santa Inez, Panaji, Goa (NW)",Fire Station Panaji
2025-12-23T00:41:43.578Z,GA 07 G 1571-FFHQ(QUICK RESPONSE),15.48666,73.817444,0,STOP,"Caculo Mall, 16 Shanta, St Inez Rd, Caculo Enclave, Santa Inez, Panaji, Goa (NW)",Fire Force Headquarters
2025-12-23T00:41:43.578Z,GA 07 G 8101-MAP(WATER TENDER),15.589937,73.80867,0,STOP,At Fire Station Mapusa,Fire Station Mapusa
2025-12-23T00:41:43.578Z,GA 07 G 2317-MRG(EMERGENCY RESCUE TENDER),15.2694116,73.9701583,0,STOP,At Fire Station Margoa,Fire Station Margao
2025-12-23T00:41:43.578Z,GA 07 G 1570-VAS(QUICK RESPONSE FIRE TENDER),15.3887783,73.8513266,0,STOP,At Fire Station Vasco,Fire Station Vasco
2025-12-23T00:41:43.578Z,GA 07 G 4101-VAS(MS WATER TENDER),15.3890783,73.85092,0,STOP,At Fire Station Vasco,Fire Station Vasco
2025-12-23T00:41:43.578Z,GA 07 G 0819-VAS(WATER/FOAM TENDER),15.3888217,73.8512367,0,IDLE,At Fire Station Vasco,Fire Station Vasco
2025-12-23T00:41:43.578Z,GA 07 G 7100-MRG(WATER BOUSER),15.2694566,73.97006,0,STOP,At Fire Station Margoa,Fire Station Margao
2025-12-23T00:41:43.578Z,GA 07 G 1568-MRG(QUICK RESPONSE ),15.269325,73.9706466,0,STOP,At Fire Station Margoa,Fire Station Margao
2025-12-23T00:41:43.578Z,GA 07 G 6101-MRG(WATER TENDER),15.2693733,73.9701416,0,STOP,At Fire Station Margoa,Fire Station Margao
2025-12-23T00:41:43.578Z,GA 07 G 1001-MRG(AERIAL LADDER PLATFORM),15.2695583,73.969735,0,STOP,At Fire Station Margoa,Fire Station Margao
2025-12-23T00:41:43.578Z,GA 07 G 0820-BIC(WATER TEDNER),15.4027094,74.0029172,0,STOP,At Fire Station Ponda ,Fire Station Bicholim
2025-12-23T00:41:43.578Z,GA 07 G 5101-OLG(MS WATER TENDER),15.5003033,73.91403,0,STOP,At Fire Station Old Goa,Fire Station Old Goa
2025-12-23T00:41:43.578Z,GA 07 G 3101-BIC(MS WATER TENDER),15.5891283,73.9463533,3,STOP,At Fire Station Bicholim ,Fire Station Bicholim
2025-12-23T00:41:43.578Z,GA 07 G 1941-BIC(QUICK RESPONSE),15.5894533,73.9467033,0,STOP,At Fire Station Bicholim ,Fire Station Bicholim
2025-12-23T00:41:43.578Z,GA 07 G 2319-VAS (EMERGENCY RESCUE TENDER),15.3901916,73.8524983,0,STOP,"near melisa garage,NSD, Dabolim, Goa (SW)",Fire Station Vasco
2025-12-23T00:41:43.578Z,GA 07 G 3737-VAP(WATER TENDER),15.53099,74.1387199,0,STOP,At Fire Station Valpoi ,Fire Station Valpoi
2025-12-23T00:41:43.578Z,GA 07 G 2318-PND(EMERGENCY RESCUE TENDER),15.4028416,74.0028083,0,STOP,At Fire Station Ponda ,Fire Station Ponda
2025-12-23T00:41:43.578Z,GA 07 G 2004-PND(QUICK RESPONSE),15.4026666,74.0028483,0,STOP,At Fire Station Ponda ,Fire Station Ponda
2025-12-23T00:41:43.578Z,GA 07 G 9101-PND(WATER TENDER),15.402745,74.0028816,0,STOP,At Fire Station Ponda ,Fire Station Ponda
2025-12-23T00:41:43.578Z,GA 07 G 9797-PND(WATER BOUSER),15.402635,74.00284,0,STOP,At Fire Station Ponda ,Fire Station Ponda
2025-12-23T00:41:43.578Z,GA 07 G 6363-CAN(WATER TENDER),15.0236183,74.0440433,0,INACTIVE,"Canacona, The Lalitrajbaga ,Canacona, Canacona, Goa (NE)",Fire Station Canacona
2025-12-23T00:41:43.578Z,GA 07 G 1567-CAN(QUICK RESPONSE FT),15.0171383,74.0398266,32,INACTIVE,"Canacona, The Lalitrajbaga ,Canacona, Canacona, Goa (SW)",Fire Station Canacona
2025-12-23T00:41:43.578Z,GA 07 G 1569-VRN(QUICK RESPONSE),15.3694583,73.9356766,0,STOP,At Fire Station Verna,Fire Station Verna
2025-12-23T00:41:43.578Z,GA 07 G 9909-VRN(ADVANCE MULTI-PURPOSE),15.3695866,73.9351966,0,STOP,At Fire Station Verna,Fire Station Verna
2025-12-23T00:41:43.578Z,GA 07 G 1942-VAP(QUICK RESPONSE),15.5311233,74.1388183,0,STOP,At Fire Station Valpoi ,Fire Station Valpoi
2025-12-23T00:41:43.578Z,GA 07 G 2003-CUR(QUICK RESPONSE),15.2603983,74.1037033,0,STOP,At Fire Station Curchorem,Fire Station Curchorem
2025-12-23T00:41:43.578Z,GA 07 G 7447-CUR(EMERGENCY RESCUE),15.26048,74.1037033,0,STOP,At Fire Station Curchorem,Fire Station Curchorem
2025-12-23T00:41:43.578Z,GA 07 G 7557-CUR(WATER TENDER),15.26045,74.10345,0,STOP,At Fire Station Curchorem,Fire Station Curchorem
2025-12-23T00:41:43.578Z,GA 07 G 7667-CUR(WATER BOUSER),15.1454033,73.99108,0,STOP,"Shri Shantadurga fatarpekarin Temple, Fatorpa, Cuncolim, Goa (SW)",Fire Station Curchorem
2025-12-23T00:41:43.578Z,GA 07 G 4989-KUN(WATER TENDER),15.4630467,73.97251,0,STOP,At Fire Station Kundaim,Fire Station Kundaim
2025-12-23T00:41:43.578Z,GA 07 G 2242-PIL(WATER TENDER),15.5328322,73.7941056,0,STOP,At Fire Station Pilerne,Fire Station Pilerne
2025-12-23T00:41:43.578Z,GA 07 G 0681-MAP(QUICK RESPONSE),15.589775,73.8087733,0,STOP,At Fire Station Mapusa,Fire Station Mapusa
2025-12-23T00:41:43.578Z,GA 07 G 0307-PER(QUICK RESPONSE),15.7164939,73.7974239,0,INACTIVE,At Fire Station Pernem,Fire Station Pernem
2025-12-23T00:41:43.578Z,GA 07 G 2101-PER(MS WATER TENDER),15.7163717,73.7975772,0,STOP,At Fire Station Pernem,Fire Station Pernem
2025-12-23T00:41:43.578Z,GA 07 G 4600-PER(MINI RESCUE TENDER),15.7165206,73.7975167,0,STOP,At Fire Station Pernem,Fire Station Pernem
2025-12-23T00:41:43.578Z,GA 07 G 7272-PNJ(WATER TENDER),15.4875411,73.8176922,0,STOP,"Shenaz Shopping Centre, PWD office, 15, Lydia Gardens, St Inez Rd, Opp to, Santa Inez, Panaji, Goa (SW)",Fire Station Panaji
2025-12-23T00:41:43.578Z,GA07G2384- Cuncolim,15.1862206,74.0209944,0,STOP,At Fire Station Cuncolim,Fire Station Cuncolim
2025-12-23T00:41:43.578Z,GA07G2507 - Mid Size (Water Tender),15.7164733,73.7974933,0,STOP,At Fire Station Pernem,Fire Station Pernem
2025-12-23T00:41:43.578Z,GA07G2505 - Mid Size (Water Tender),15.530985,74.13868,0,STOP,At Fire Station Valpoi ,Fire Station Valpoi
2025-12-23T00:41:43.578Z,GA07G2504 - Mid Size (Water Tender),15.5890983,73.9465083,0,STOP,At Fire Station Bicholim ,Fire Station Bicholim
2025-12-23T00:41:43.578Z,GA07G2503-Mid Size (Water Tender),15.5900233,73.80865,0,STOP,At Fire Station Mapusa,Fire Station Mapusa
2025-12-23T00:41:43.578Z,GA07G2502 - Mid Size (Water Tender),15.4870233,73.8172283,0,STOP,"Caculo Mall, 16 Shanta, St Inez Rd, Caculo Enclave, Santa Inez, Panaji, Goa (NW)",Fire Force Headquarters
2025-12-23T00:42:41.703Z,GA 07 G 0680-PIL(QUICK RESPONSE VEHICLE),15.5329733,73.7939283,0,STOP,At Fire Station Pilerne,Fire Station Pilerne
2025-12-23T00:42:41.703Z,GA07G2506 - Mid Size (Water Tender),15.500348,73.914085,0,INACTIVE,At Fire Station Old Goa,Fire Station Old Goa
2025-12-23T00:42:41.703Z,GA 07 G 5115-POR(MINI WATER TENDER),15.522988,73.829384,0,STOP,At Porvorim Fire Station,Fire Station Porvorim
2025-12-23T00:42:41.703Z,GA 07 G 0350-MRG(WATER TENDER),15.269428,73.970604,0,STOP,At Fire Station Margoa,Fire Station Margao
2025-12-23T00:42:41.703Z,GA 07 G 2900-MAP(MINI RESCUE TENDER),15.589908,73.808716,0,STOP,At Fire Station Mapusa,Fire Station Mapusa
2025-12-23T00:42:41.703Z,GA 07 G 7600-FFHQ(WATER BOUSER),15.487103,73.817108,0,STOP,"Caculo Mall, 16 Shanta, St Inez Rd, Caculo Enclave, Santa Inez, Panaji, Goa (NW)",Fire Force Headquarters
2025-12-23T00:42:41.703Z,GA 07 G 2002-FFHQ(TURN TABLE LADDER),15.48742,73.817375,0,STOP,"Caculo Mall, 16 Shanta, St Inez Rd, Caculo Enclave, Santa Inez, Panaji, Goa (NW)",Fire Force Headquarters
2025-12-23T00:42:41.703Z,GA 07 G 7101-FFHQ(WATER TENDER),15.486877,73.817055,0,STOP,"Caculo Mall, 16 Shanta, St Inez Rd, Caculo Enclave, Santa Inez, Panaji, Goa (NW)",Fire Force Headquarters
2025-12-23T00:42:41.703Z,GA 07 G 7677-FFHQ(EMERGENCY RESCUE),15.48719,73.817192,0,STOP,"Caculo Mall, 16 Shanta, St Inez Rd, Caculo Enclave, Santa Inez, Panaji, Goa (NW)",Fire Force Headquarters
2025-12-23T00:42:41.703Z,GA 07 G 1121-PNJ(EMERGENCY RESCUE),15.487292,73.817276,0,STOP,"Caculo Mall, 16 Shanta, St Inez Rd, Caculo Enclave, Santa Inez, Panaji, Goa (NW)",Fire Station Panaji
2025-12-23T00:42:41.703Z,GA 07 G 1571-FFHQ(QUICK RESPONSE),15.48666,73.817444,0,STOP,"Caculo Mall, 16 Shanta, St Inez Rd, Caculo Enclave, Santa Inez, Panaji, Goa (NW)",Fire Force Headquarters
2025-12-23T00:42:41.703Z,GA 07 G 8101-MAP(WATER TENDER),15.589937,73.80867,0,STOP,At Fire Station Mapusa,Fire Station Mapusa
2025-12-23T00:42:41.703Z,GA 07 G 2317-MRG(EMERGENCY RESCUE TENDER),15.269445,73.9701733,0,STOP,At Fire Station Margoa,Fire Station Margao
2025-12-23T00:42:41.703Z,GA 07 G 1570-VAS(QUICK RESPONSE FIRE TENDER),15.3887783,73.8513266,0,STOP,At Fire Station Vasco,Fire Station Vasco
2025-12-23T00:42:41.703Z,GA 07 G 4101-VAS(MS WATER TENDER),15.3890783,73.85092,0,STOP,At Fire Station Vasco,Fire Station Vasco
2025-12-23T00:42:41.703Z,GA 07 G 0819-VAS(WATER/FOAM TENDER),15.3888217,73.8512367,0,IDLE,At Fire Station Vasco,Fire Station Vasco
2025-12-23T00:42:41.703Z,GA 07 G 7100-MRG(WATER BOUSER),15.2694566,73.97006,0,STOP,At Fire Station Margoa,Fire Station Margao
2025-12-23T00:42:41.703Z,GA 07 G 1568-MRG(QUICK RESPONSE ),15.269325,73.9706466,0,STOP,At Fire Station Margoa,Fire Station Margao
2025-12-23T00:42:41.703Z,GA 07 G 6101-MRG(WATER TENDER),15.2693733,73.9701416,0,STOP,At Fire Station Margoa,Fire Station Margao
2025-12-23T00:42:41.703Z,GA 07 G 1001-MRG(AERIAL LADDER PLATFORM),15.2695583,73.969735,0,STOP,At Fire Station Margoa,Fire Station Margao
2025-12-23T00:42:41.703Z,GA 07 G 0820-BIC(WATER TEDNER),15.4027094,74.0029172,0,STOP,At Fire Station Ponda ,Fire Station Bicholim
2025-12-23T00:42:41.703Z,GA 07 G 5101-OLG(MS WATER TENDER),15.5003033,73.91403,0,STOP,At Fire Station Old Goa,Fire Station Old Goa
2025-12-23T00:42:41.703Z,GA 07 G 3101-BIC(MS WATER TENDER),15.5891283,73.9463533,4,STOP,At Fire Station Bicholim ,Fire Station Bicholim
2025-12-23T00:42:41.703Z,GA 07 G 1941-BIC(QUICK RESPONSE),15.5894533,73.9467033,0,STOP,At Fire Station Bicholim ,Fire Station Bicholim
2025-12-23T00:42:41.703Z,GA 07 G 2319-VAS (EMERGENCY RESCUE TENDER),15.3901916,73.8524983,0,STOP,"near melisa garage,NSD, Dabolim, Goa (SW)",Fire Station Vasco
2025-12-23T00:42:41.703Z,GA 07 G 3737-VAP(WATER TENDER),15.53099,74.1387199,0,STOP,At Fire Station Valpoi ,Fire Station Valpoi
2025-12-23T00:42:41.703Z,GA 07 G 2318-PND(EMERGENCY RESCUE TENDER),15.4028416,74.0028083,0,STOP,At Fire Station Ponda ,Fire Station Ponda
2025-12-23T00:42:41.703Z,GA 07 G 2004-PND(QUICK RESPONSE),15.4026666,74.0028483,0,STOP,At Fire Station Ponda ,Fire Station Ponda
2025-12-23T00:42:41.703Z,GA 07 G 9101-PND(WATER TENDER),15.402745,74.0028816,0,STOP,At Fire Station Ponda ,Fire Station Ponda
2025-12-23T00:42:41.703Z,GA 07 G 9797-PND(WATER BOUSER),15.402635,74.00284,0,STOP,At Fire Station Ponda ,Fire Station Ponda
2025-12-23T00:42:41.703Z,GA 07 G 6363-CAN(WATER TENDER),15.0236183,74.0440433,0,INACTIVE,"Canacona, The Lalitrajbaga ,Canacona, Canacona, Goa (NE)",Fire Station Canacona
2025-12-23T00:42:41.703Z,GA 07 G 1567-CAN(QUICK RESPONSE FT),15.0171383,74.0398266,32,INACTIVE,"Canacona, The Lalitrajbaga ,Canacona, Canacona, Goa (SW)",Fire Station Canacona
2025-12-23T00:42:41.703Z,GA 07 G 1569-VRN(QUICK RESPONSE),15.3694583,73.9356766,0,STOP,At Fire Station Verna,Fire Station Verna
2025-12-23T00:42:41.703Z,GA 07 G 9909-VRN(ADVANCE MULTI-PURPOSE),15.3695866,73.9351966,0,STOP,At Fire Station Verna,Fire Station Verna
2025-12-23T00:42:41.703Z,GA 07 G 1942-VAP(QUICK RESPONSE),15.5311233,74.1388183,0,STOP,At Fire Station Valpoi ,Fire Station Valpoi
2025-12-23T00:42:41.703Z,GA 07 G 2003-CUR(QUICK RESPONSE),15.2603983,74.1037033,0,STOP,At Fire Station Curchorem,Fire Station Curchorem
2025-12-23T00:42:41.703Z,GA 07 G 7447-CUR(EMERGENCY RESCUE),15.26048,74.1037033,0,STOP,At Fire Station Curchorem,Fire Station Curchorem
2025-12-23T00:42:41.703Z,GA 07 G 7557-CUR(WATER TENDER),15.26045,74.10345,0,STOP,At Fire Station Curchorem,Fire Station Curchorem
2025-12-23T00:42:41.703Z,GA 07 G 7667-CUR(WATER BOUSER),15.1454033,73.99108,0,STOP,"Shri Shantadurga fatarpekarin Temple, Fatorpa, Cuncolim, Goa (SW)",Fire Station Curchorem
2025-12-23T00:42:41.703Z,GA 07 G 4989-KUN(WATER TENDER),15.4630467,73.97251,0,STOP,At Fire Station Kundaim,Fire Station Kundaim
2025-12-23T00:42:41.703Z,GA 07 G 2242-PIL(WATER TENDER),15.5328322,73.7941056,0,STOP,At Fire Station Pilerne,Fire Station Pilerne
2025-12-23T00:42:41.703Z,GA 07 G 0681-MAP(QUICK RESPONSE),15.589775,73.8087733,0,STOP,At Fire Station Mapusa,Fire Station Mapusa
2025-12-23T00:42:41.703Z,GA 07 G 0307-PER(QUICK RESPONSE),15.7164939,73.7974239,0,INACTIVE,At Fire Station Pernem,Fire Station Pernem
2025-12-23T00:42:41.703Z,GA 07 G 2101-PER(MS WATER TENDER),15.7163717,73.7975772,0,STOP,At Fire Station Pernem,Fire Station Pernem
2025-12-23T00:42:41.703Z,GA 07 G 4600-PER(MINI RESCUE TENDER),15.7165206,73.7975167,0,STOP,At Fire Station Pernem,Fire Station Pernem
2025-12-23T00:42:41.703Z,GA 07 G 7272-PNJ(WATER TENDER),15.4875411,73.8176922,0,STOP,"Shenaz Shopping Centre, PWD office, 15, Lydia Gardens, St Inez Rd, Opp to, Santa Inez, Panaji, Goa (SW)",Fire Station Panaji
2025-12-23T00:42:41.703Z,GA07G2384- Cuncolim,15.1862206,74.0209944,0,STOP,At Fire Station Cuncolim,Fire Station Cuncolim
2025-12-23T00:42:41.703Z,GA07G2507 - Mid Size (Water Tender),15.7164733,73.7974933,0,STOP,At Fire Station Pernem,Fire Station Pernem
2025-12-23T00:42:41.703Z,GA07G2505 - Mid Size (Water Tender),15.530985,74.13868,0,STOP,At Fire Station Valpoi ,Fire Station Valpoi
2025-12-23T00:42:41.703Z,GA07G2504 - Mid Size (Water Tender),15.5890983,73.9465083,0,STOP,At Fire Station Bicholim ,Fire Station Bicholim
2025-12-23T00:42:41.703Z,GA07G2503-Mid Size (Water Tender),15.5900233,73.80865,0,STOP,At Fire Station Mapusa,Fire Station Mapusa
2025-12-23T00:42:41.703Z,GA07G2502 - Mid Size (Water Tender),15.4870233,73.8172283,0,STOP,"Caculo Mall, 16 Shanta, St Inez Rd, Caculo Enclave, Santa Inez, Panaji, Goa (NW)",Fire Force Headquarters
2025-12-23T00:43:42.146Z,GA 07 G 0680-PIL(QUICK RESPONSE VEHICLE),15.5329733,73.7939283,0,STOP,At Fire Station Pilerne,Fire Station Pilerne
2025-12-23T00:43:42.146Z,GA07G2506 - Mid Size (Water Tender),15.500348,73.914085,0,INACTIVE,At Fire Station Old Goa,Fire Station Old Goa
2025-12-23T00:43:42.146Z,GA 07 G 5115-POR(MINI WATER TENDER),15.522988,73.829384,0,STOP,At Porvorim Fire Station,Fire Station Porvorim
2025-12-23T00:43:42.146Z,GA 07 G 0350-MRG(WATER TENDER),15.269428,73.970604,0,STOP,At Fire Station Margoa,Fire Station Margao
2025-12-23T00:43:42.146Z,GA 07 G 2900-MAP(MINI RESCUE TENDER),15.589908,73.808716,0,STOP,At Fire Station Mapusa,Fire Station Mapusa
2025-12-23T00:43:42.146Z,GA 07 G 7600-FFHQ(WATER BOUSER),15.487103,73.817108,0,STOP,"Caculo Mall, 16 Shanta, St Inez Rd, Caculo Enclave, Santa Inez, Panaji, Goa (NW)",Fire Force Headquarters
2025-12-23T00:43:42.146Z,GA 07 G 2002-FFHQ(TURN TABLE LADDER),15.48742,73.817375,0,STOP,"Caculo Mall, 16 Shanta, St Inez Rd, Caculo Enclave, Santa Inez, Panaji, Goa (NW)",Fire Force Headquarters
2025-12-23T00:43:42.146Z,GA 07 G 7101-FFHQ(WATER TENDER),15.486877,73.817055,0,STOP,"Caculo Mall, 16 Shanta, St Inez Rd, Caculo Enclave, Santa Inez, Panaji, Goa (NW)",Fire Force Headquarters
2025-12-23T00:43:42.146Z,GA 07 G 7677-FFHQ(EMERGENCY RESCUE),15.48719,73.817192,0,STOP,"Caculo Mall, 16 Shanta, St Inez Rd, Caculo Enclave, Santa Inez, Panaji, Goa (NW)",Fire Force Headquarters
2025-12-23T00:43:42.146Z,GA 07 G 1121-PNJ(EMERGENCY RESCUE),15.487292,73.817276,0,STOP,"Caculo Mall, 16 Shanta, St Inez Rd, Caculo Enclave, Santa Inez, Panaji, Goa (NW)",Fire Station Panaji
2025-12-23T00:43:42.146Z,GA 07 G 1571-FFHQ(QUICK RESPONSE),15.48666,73.817444,0,STOP,"Caculo Mall, 16 Shanta, St Inez Rd, Caculo Enclave, Santa Inez, Panaji, Goa (NW)",Fire Force Headquarters
2025-12-23T00:43:42.146Z,GA 07 G 8101-MAP(WATER TENDER),15.589937,73.80867,0,STOP,At Fire Station Mapusa,Fire Station Mapusa
2025-12-23T00:43:42.146Z,GA 07 G 2317-MRG(EMERGENCY RESCUE TENDER),15.2693733,73.9701583,3,STOP,At Fire Station Margoa,Fire Station Margao
2025-12-23T00:43:42.146Z,GA 07 G 1570-VAS(QUICK RESPONSE FIRE TENDER),15.3887783,73.8513266,0,STOP,At Fire Station Vasco,Fire Station Vasco
2025-12-23T00:43:42.146Z,GA 07 G 4101-VAS(MS WATER TENDER),15.3890783,73.85092,0,STOP,At Fire Station Vasco,Fire Station Vasco
2025-12-23T00:43:42.146Z,GA 07 G 0819-VAS(WATER/FOAM TENDER),15.3888217,73.8512367,0,IDLE,At Fire Station Vasco,Fire Station Vasco
2025-12-23T00:43:42.146Z,GA 07 G 7100-MRG(WATER BOUSER),15.2694566,73.97006,0,STOP,At Fire Station Margoa,Fire Station Margao
2025-12-23T00:43:42.146Z,GA 07 G 1568-MRG(QUICK RESPONSE ),15.269325,73.9706466,0,STOP,At Fire Station Margoa,Fire Station Margao
2025-12-23T00:43:42.146Z,GA 07 G 6101-MRG(WATER TENDER),15.2693733,73.9701416,0,STOP,At Fire Station Margoa,Fire Station Margao
2025-12-23T00:43:42.146Z,GA 07 G 1001-MRG(AERIAL LADDER PLATFORM),15.2695583,73.969735,0,STOP,At Fire Station Margoa,Fire Station Margao
2025-12-23T00:43:42.146Z,GA 07 G 0820-BIC(WATER TEDNER),15.4027094,74.0029172,0,STOP,At Fire Station Ponda ,Fire Station Bicholim
2025-12-23T00:43:42.146Z,GA 07 G 5101-OLG(MS WATER TENDER),15.5003033,73.91403,0,STOP,At Fire Station Old Goa,Fire Station Old Goa
2025-12-23T00:43:42.146Z,GA 07 G 3101-BIC(MS WATER TENDER),15.5891283,73.9463533,3,STOP,At Fire Station Bicholim ,Fire Station Bicholim
2025-12-23T00:43:42.146Z,GA 07 G 1941-BIC(QUICK RESPONSE),15.5894533,73.9467033,0,STOP,At Fire Station Bicholim ,Fire Station Bicholim
2025-12-23T00:43:42.146Z,GA 07 G 2319-VAS (EMERGENCY RESCUE TENDER),15.3901916,73.8524983,0,STOP,"near melisa garage,NSD, Dabolim, Goa (SW)",Fire Station Vasco
2025-12-23T00:43:42.146Z,GA 07 G 3737-VAP(WATER TENDER),15.53099,74.1387199,0,STOP,At Fire Station Valpoi ,Fire Station Valpoi
2025-12-23T00:43:42.146Z,GA 07 G 2318-PND(EMERGENCY RESCUE TENDER),15.4028416,74.0028083,0,STOP,At Fire Station Ponda ,Fire Station Ponda
2025-12-23T00:43:42.146Z,GA 07 G 2004-PND(QUICK RESPONSE),15.4026666,74.0028483,0,STOP,At Fire Station Ponda ,Fire Station Ponda
2025-12-23T00:43:42.146Z,GA 07 G 9101-PND(WATER TENDER),15.402745,74.0028816,0,STOP,At Fire Station Ponda ,Fire Station Ponda
2025-12-23T00:43:42.146Z,GA 07 G 9797-PND(WATER BOUSER),15.402635,74.00284,0,STOP,At Fire Station Ponda ,Fire Station Ponda
2025-12-23T00:43:42.146Z,GA 07 G 6363-CAN(WATER TENDER),15.0236183,74.0440433,0,INACTIVE,"Canacona, The Lalitrajbaga ,Canacona, Canacona, Goa (NE)",Fire Station Canacona
2025-12-23T00:43:42.146Z,GA 07 G 1567-CAN(QUICK RESPONSE FT),15.0171383,74.0398266,32,INACTIVE,"Canacona, The Lalitrajbaga ,Canacona, Canacona, Goa (SW)",Fire Station Canacona
2025-12-23T00:43:42.146Z,GA 07 G 1569-VRN(QUICK RESPONSE),15.3694583,73.9356766,0,STOP,At Fire Station Verna,Fire Station Verna
2025-12-23T00:43:42.146Z,GA 07 G 9909-VRN(ADVANCE MULTI-PURPOSE),15.3695866,73.9351966,0,STOP,At Fire Station Verna,Fire Station Verna
2025-12-23T00:43:42.146Z,GA 07 G 1942-VAP(QUICK RESPONSE),15.5311233,74.1388183,0,STOP,At Fire Station Valpoi ,Fire Station Valpoi
2025-12-23T00:43:42.146Z,GA 07 G 2003-CUR(QUICK RESPONSE),15.2603983,74.1037033,0,STOP,At Fire Station Curchorem,Fire Station Curchorem
2025-12-23T00:43:42.146Z,GA 07 G 7447-CUR(EMERGENCY RESCUE),15.26048,74.1037033,0,STOP,At Fire Station Curchorem,Fire Station Curchorem
2025-12-23T00:43:42.146Z,GA 07 G 7557-CUR(WATER TENDER),15.26045,74.10345,0,STOP,At Fire Station Curchorem,Fire Station Curchorem
2025-12-23T00:43:42.146Z,GA 07 G 7667-CUR(WATER BOUSER),15.1454033,73.99108,0,STOP,"Shri Shantadurga fatarpekarin Temple, Fatorpa, Cuncolim, Goa (SW)",Fire Station Curchorem
2025-12-23T00:43:42.146Z,GA 07 G 4989-KUN(WATER TENDER),15.4630467,73.97251,0,STOP,At Fire Station Kundaim,Fire Station Kundaim
2025-12-23T00:43:42.146Z,GA 07 G 2242-PIL(WATER TENDER),15.5328322,73.7941056,0,STOP,At Fire Station Pilerne,Fire Station Pilerne
2025-12-23T00:43:42.146Z,GA 07 G 0681-MAP(QUICK RESPONSE),15.589775,73.8087733,0,STOP,At Fire Station Mapusa,Fire Station Mapusa
2025-12-23T00:43:42.146Z,GA 07 G 0307-PER(QUICK RESPONSE),15.7164939,73.7974239,0,INACTIVE,At Fire Station Pernem,Fire Station Pernem
2025-12-23T00:43:42.146Z,GA 07 G 2101-PER(MS WATER TENDER),15.7163717,73.7975772,0,STOP,At Fire Station Pernem,Fire Station Pernem
2025-12-23T00:43:42.146Z,GA 07 G 4600-PER(MINI RESCUE TENDER),15.7165206,73.7975167,0,STOP,At Fire Station Pernem,Fire Station Pernem
2025-12-23T00:43:42.146Z,GA 07 G 7272-PNJ(WATER TENDER),15.4875411,73.8176922,0,STOP,"Shenaz Shopping Centre, PWD office, 15, Lydia Gardens, St Inez Rd, Opp to, Santa Inez, Panaji, Goa (SW)",Fire Station Panaji
2025-12-23T00:43:42.146Z,GA07G2384- Cuncolim,15.1862206,74.0209944,0,STOP,At Fire Station Cuncolim,Fire Station Cuncolim
2025-12-23T00:43:42.146Z,GA07G2507 - Mid Size (Water Tender),15.7164733,73.7974933,0,STOP,At Fire Station Pernem,Fire Station Pernem
2025-12-23T00:43:42.146Z,GA07G2505 - Mid Size (Water Tender),15.530985,74.13868,0,STOP,At Fire Station Valpoi ,Fire Station Valpoi
2025-12-23T00:43:42.146Z,GA07G2504 - Mid Size (Water Tender),15.5890983,73.9465083,0,STOP,At Fire Station Bicholim ,Fire Station Bicholim
2025-12-23T00:43:42.146Z,GA07G2503-Mid Size (Water Tender),15.5900233,73.80865,0,STOP,At Fire Station Mapusa,Fire Station Mapusa
2025-12-23T00:43:42.146Z,GA07G2502 - Mid Size (Water Tender),15.4870233,73.8172283,0,STOP,"Caculo Mall, 16 Shanta, St Inez Rd, Caculo Enclave, Santa Inez, Panaji, Goa (NW)",Fire Force Headquarters
2025-12-23T00:44:41.184Z,GA 07 G 0680-PIL(QUICK RESPONSE VEHICLE),15.5329733,73.7939283,0,STOP,At Fire Station Pilerne,Fire Station Pilerne
2025-12-23T00:44:41.184Z,GA07G2506 - Mid Size (Water Tender),15.500348,73.914085,0,INACTIVE,At Fire Station Old Goa,Fire Station Old Goa
2025-12-23T00:44:41.184Z,GA 07 G 5115-POR(MINI WATER TENDER),15.522988,73.829384,0,STOP,At Porvorim Fire Station,Fire Station Porvorim
2025-12-23T00:44:41.184Z,GA 07 G 0350-MRG(WATER TENDER),15.269428,73.970604,0,STOP,At Fire Station Margoa,Fire Station Margao
2025-12-23T00:44:41.184Z,GA 07 G 2900-MAP(MINI RESCUE TENDER),15.589908,73.808716,0,STOP,At Fire Station Mapusa,Fire Station Mapusa
2025-12-23T00:44:41.184Z,GA 07 G 7600-FFHQ(WATER BOUSER),15.487103,73.817108,0,STOP,"Caculo Mall, 16 Shanta, St Inez Rd, Caculo Enclave, Santa Inez, Panaji, Goa (NW)",Fire Force Headquarters
2025-12-23T00:44:41.184Z,GA 07 G 2002-FFHQ(TURN TABLE LADDER),15.48742,73.817375,0,STOP,"Caculo Mall, 16 Shanta, St Inez Rd, Caculo Enclave, Santa Inez, Panaji, Goa (NW)",Fire Force Headquarters
2025-12-23T00:44:41.184Z,GA 07 G 7101-FFHQ(WATER TENDER),15.486877,73.817055,0,STOP,"Caculo Mall, 16 Shanta, St Inez Rd, Caculo Enclave, Santa Inez, Panaji, Goa (NW)",Fire Force Headquarters
2025-12-23T00:44:41.184Z,GA 07 G 7677-FFHQ(EMERGENCY RESCUE),15.48719,73.817192,0,STOP,"Caculo Mall, 16 Shanta, St Inez Rd, Caculo Enclave, Santa Inez, Panaji, Goa (NW)",Fire Force Headquarters
2025-12-23T00:44:41.184Z,GA 07 G 1121-PNJ(EMERGENCY RESCUE),15.487292,73.817276,0,STOP,"Caculo Mall, 16 Shanta, St Inez Rd, Caculo Enclave, Santa Inez, Panaji, Goa (NW)",Fire Station Panaji
2025-12-23T00:44:41.184Z,GA 07 G 1571-FFHQ(QUICK RESPONSE),15.48666,73.817444,0,STOP,"Caculo Mall, 16 Shanta, St Inez Rd, Caculo Enclave, Santa Inez, Panaji, Goa (NW)",Fire Force Headquarters
2025-12-23T00:44:41.184Z,GA 07 G 8101-MAP(WATER TENDER),15.589937,73.80867,0,STOP,At Fire Station Mapusa,Fire Station Mapusa
2025-12-23T00:44:41.184Z,GA 07 G 2317-MRG(EMERGENCY RESCUE TENDER),15.2693733,73.9701583,3,STOP,At Fire Station Margoa,Fire Station Margao
2025-12-23T00:44:41.184Z,GA 07 G 1570-VAS(QUICK RESPONSE FIRE TENDER),15.3887783,73.8513266,0,STOP,At Fire Station Vasco,Fire Station Vasco
2025-12-23T00:44:41.184Z,GA 07 G 4101-VAS(MS WATER TENDER),15.3890783,73.85092,0,STOP,At Fire Station Vasco,Fire Station Vasco
2025-12-23T00:44:41.184Z,GA 07 G 0819-VAS(WATER/FOAM TENDER),15.3888217,73.8512367,0,IDLE,At Fire Station Vasco,Fire Station Vasco
2025-12-23T00:44:41.184Z,GA 07 G 7100-MRG(WATER BOUSER),15.2694566,73.97006,0,STOP,At Fire Station Margoa,Fire Station Margao
2025-12-23T00:44:41.184Z,GA 07 G 1568-MRG(QUICK RESPONSE ),15.269325,73.9706466,0,STOP,At Fire Station Margoa,Fire Station Margao
2025-12-23T00:44:41.184Z,GA 07 G 6101-MRG(WATER TENDER),15.2693733,73.9701416,0,STOP,At Fire Station Margoa,Fire Station Margao
2025-12-23T00:44:41.184Z,GA 07 G 1001-MRG(AERIAL LADDER PLATFORM),15.2695583,73.969735,0,STOP,At Fire Station Margoa,Fire Station Margao
2025-12-23T00:44:41.184Z,GA 07 G 0820-BIC(WATER TEDNER),15.4027094,74.0029172,0,STOP,At Fire Station Ponda ,Fire Station Bicholim
2025-12-23T00:44:41.184Z,GA 07 G 5101-OLG(MS WATER TENDER),15.5003033,73.91403,0,STOP,At Fire Station Old Goa,Fire Station Old Goa
2025-12-23T00:44:41.184Z,GA 07 G 3101-BIC(MS WATER TENDER),15.5890866,73.9463466,0,STOP,At Fire Station Bicholim ,Fire Station Bicholim
2025-12-23T00:44:41.184Z,GA 07 G 1941-BIC(QUICK RESPONSE),15.5894533,73.9467033,0,STOP,At Fire Station Bicholim ,Fire Station Bicholim
2025-12-23T00:44:41.184Z,GA 07 G 2319-VAS (EMERGENCY RESCUE TENDER),15.3901916,73.8524983,0,STOP,"near melisa garage,NSD, Dabolim, Goa (SW)",Fire Station Vasco
2025-12-23T00:44:41.184Z,GA 07 G 3737-VAP(WATER TENDER),15.53099,74.1387199,0,STOP,At Fire Station Valpoi ,Fire Station Valpoi
2025-12-23T00:44:41.184Z,GA 07 G 2318-PND(EMERGENCY RESCUE TENDER),15.4028416,74.0028083,0,STOP,At Fire Station Ponda ,Fire Station Ponda
2025-12-23T00:44:41.184Z,GA 07 G 2004-PND(QUICK RESPONSE),15.4026666,74.0028483,0,STOP,At Fire Station Ponda ,Fire Station Ponda
2025-12-23T00:44:41.184Z,GA 07 G 9101-PND(WATER TENDER),15.402745,74.0028816,0,STOP,At Fire Station Ponda ,Fire Station Ponda
2025-12-23T00:44:41.184Z,GA 07 G 9797-PND(WATER BOUSER),15.402635,74.00284,0,STOP,At Fire Station Ponda ,Fire Station Ponda
2025-12-23T00:44:41.184Z,GA 07 G 6363-CAN(WATER TENDER),15.0236183,74.0440433,0,INACTIVE,"Canacona, The Lalitrajbaga ,Canacona, Canacona, Goa (NE)",Fire Station Canacona
2025-12-23T00:44:41.184Z,GA 07 G 1567-CAN(QUICK RESPONSE FT),15.0171383,74.0398266,32,INACTIVE,"Canacona, The Lalitrajbaga ,Canacona, Canacona, Goa (SW)",Fire Station Canacona
2025-12-23T00:44:41.184Z,GA 07 G 1569-VRN(QUICK RESPONSE),15.3694583,73.9356766,0,STOP,At Fire Station Verna,Fire Station Verna
2025-12-23T00:44:41.184Z,GA 07 G 9909-VRN(ADVANCE MULTI-PURPOSE),15.3695866,73.9351966,0,STOP,At Fire Station Verna,Fire Station Verna
2025-12-23T00:44:41.184Z,GA 07 G 1942-VAP(QUICK RESPONSE),15.5311233,74.1388183,0,STOP,At Fire Station Valpoi ,Fire Station Valpoi
2025-12-23T00:44:41.184Z,GA 07 G 2003-CUR(QUICK RESPONSE),15.2603983,74.1037033,0,STOP,At Fire Station Curchorem,Fire Station Curchorem
2025-12-23T00:44:41.184Z,GA 07 G 7447-CUR(EMERGENCY RESCUE),15.26048,74.1037033,0,STOP,At Fire Station Curchorem,Fire Station Curchorem
2025-12-23T00:44:41.184Z,GA 07 G 7557-CUR(WATER TENDER),15.26045,74.10345,0,STOP,At Fire Station Curchorem,Fire Station Curchorem
2025-12-23T00:44:41.184Z,GA 07 G 7667-CUR(WATER BOUSER),15.1454033,73.99108,0,STOP,"Shri Shantadurga fatarpekarin Temple, Fatorpa, Cuncolim, Goa (SW)",Fire Station Curchorem
2025-12-23T00:44:41.184Z,GA 07 G 4989-KUN(WATER TENDER),15.4630467,73.97251,0,STOP,At Fire Station Kundaim,Fire Station Kundaim
2025-12-23T00:44:41.184Z,GA 07 G 2242-PIL(WATER TENDER),15.5328322,73.7941056,0,STOP,At Fire Station Pilerne,Fire Station Pilerne
2025-12-23T00:44:41.184Z,GA 07 G 0681-MAP(QUICK RESPONSE),15.589775,73.8087733,0,STOP,At Fire Station Mapusa,Fire Station Mapusa
2025-12-23T00:44:41.184Z,GA 07 G 0307-PER(QUICK RESPONSE),15.7164939,73.7974239,0,INACTIVE,At Fire Station Pernem,Fire Station Pernem
2025-12-23T00:44:41.184Z,GA 07 G 2101-PER(MS WATER TENDER),15.7163717,73.7975772,0,STOP,At Fire Station Pernem,Fire Station Pernem
2025-12-23T00:44:41.184Z,GA 07 G 4600-PER(MINI RESCUE TENDER),15.7165206,73.7975167,0,STOP,At Fire Station Pernem,Fire Station Pernem
2025-12-23T00:44:41.184Z,GA 07 G 7272-PNJ(WATER TENDER),15.4875411,73.8176922,0,STOP,"Shenaz Shopping Centre, PWD office, 15, Lydia Gardens, St Inez Rd, Opp to, Santa Inez, Panaji, Goa (SW)",Fire Station Panaji
2025-12-23T00:44:41.184Z,GA07G2384- Cuncolim,15.1862206,74.0209944,0,STOP,At Fire Station Cuncolim,Fire Station Cuncolim
2025-12-23T00:44:41.184Z,GA07G2507 - Mid Size (Water Tender),15.7164733,73.7974933,0,STOP,At Fire Station Pernem,Fire Station Pernem
2025-12-23T00:44:41.184Z,GA07G2505 - Mid Size (Water Tender),15.530985,74.13868,0,STOP,At Fire Station Valpoi ,Fire Station Valpoi
2025-12-23T00:44:41.184Z,GA07G2504 - Mid Size (Water Tender),15.5890983,73.9465083,0,STOP,At Fire Station Bicholim ,Fire Station Bicholim
2025-12-23T00:44:41.184Z,GA07G2503-Mid Size (Water Tender),15.5900233,73.80865,0,STOP,At Fire Station Mapusa,Fire Station Mapusa
2025-12-23T00:44:41.184Z,GA07G2502 - Mid Size (Water Tender),15.4870233,73.8172283,0,STOP,"Caculo Mall, 16 Shanta, St Inez Rd, Caculo Enclave, Santa Inez, Panaji, Goa (NW)",Fire Force Headquarters
2025-12-23T00:45:43.371Z,GA 07 G 0680-PIL(QUICK RESPONSE VEHICLE),15.5329733,73.7939283,0,STOP,At Fire Station Pilerne,Fire Station Pilerne
2025-12-23T00:45:43.371Z,GA07G2506 - Mid Size (Water Tender),15.500348,73.914085,0,INACTIVE,At Fire Station Old Goa,Fire Station Old Goa
2025-12-23T00:45:43.371Z,GA 07 G 5115-POR(MINI WATER TENDER),15.522988,73.829384,0,STOP,At Porvorim Fire Station,Fire Station Porvorim
2025-12-23T00:45:43.371Z,GA 07 G 0350-MRG(WATER TENDER),15.269428,73.970604,0,STOP,At Fire Station Margoa,Fire Station Margao
2025-12-23T00:45:43.371Z,GA 07 G 2900-MAP(MINI RESCUE TENDER),15.589908,73.808716,0,STOP,At Fire Station Mapusa,Fire Station Mapusa
2025-12-23T00:45:43.371Z,GA 07 G 7600-FFHQ(WATER BOUSER),15.487103,73.817108,0,STOP,"Caculo Mall, 16 Shanta, St Inez Rd, Caculo Enclave, Santa Inez, Panaji, Goa (NW)",Fire Force Headquarters
2025-12-23T00:45:43.371Z,GA 07 G 2002-FFHQ(TURN TABLE LADDER),15.48742,73.817375,0,STOP,"Caculo Mall, 16 Shanta, St Inez Rd, Caculo Enclave, Santa Inez, Panaji, Goa (NW)",Fire Force Headquarters
2025-12-23T00:45:43.371Z,GA 07 G 7101-FFHQ(WATER TENDER),15.486877,73.817055,0,STOP,"Caculo Mall, 16 Shanta, St Inez Rd, Caculo Enclave, Santa Inez, Panaji, Goa (NW)",Fire Force Headquarters
2025-12-23T00:45:43.371Z,GA 07 G 7677-FFHQ(EMERGENCY RESCUE),15.48719,73.817192,0,STOP,"Caculo Mall, 16 Shanta, St Inez Rd, Caculo Enclave, Santa Inez, Panaji, Goa (NW)",Fire Force Headquarters
2025-12-23T00:45:43.371Z,GA 07 G 1121-PNJ(EMERGENCY RESCUE),15.487292,73.817276,0,STOP,"Caculo Mall, 16 Shanta, St Inez Rd, Caculo Enclave, Santa Inez, Panaji, Goa (NW)",Fire Station Panaji
2025-12-23T00:45:43.371Z,GA 07 G 1571-FFHQ(QUICK RESPONSE),15.48666,73.817444,0,STOP,"Caculo Mall, 16 Shanta, St Inez Rd, Caculo Enclave, Santa Inez, Panaji, Goa (NW)",Fire Force Headquarters
2025-12-23T00:45:43.371Z,GA 07 G 8101-MAP(WATER TENDER),15.589937,73.80867,0,STOP,At Fire Station Mapusa,Fire Station Mapusa
2025-12-23T00:45:43.371Z,GA 07 G 2317-MRG(EMERGENCY RESCUE TENDER),15.269475,73.9699466,0,STOP,At Fire Station Margoa,Fire Station Margao
2025-12-23T00:45:43.371Z,GA 07 G 1570-VAS(QUICK RESPONSE FIRE TENDER),15.3887783,73.8513266,0,STOP,At Fire Station Vasco,Fire Station Vasco
2025-12-23T00:45:43.371Z,GA 07 G 4101-VAS(MS WATER TENDER),15.3890783,73.85092,0,STOP,At Fire Station Vasco,Fire Station Vasco
2025-12-23T00:45:43.371Z,GA 07 G 0819-VAS(WATER/FOAM TENDER),15.3888217,73.8512367,0,IDLE,At Fire Station Vasco,Fire Station Vasco
2025-12-23T00:45:43.371Z,GA 07 G 7100-MRG(WATER BOUSER),15.2694566,73.97006,0,STOP,At Fire Station Margoa,Fire Station Margao
2025-12-23T00:45:43.371Z,GA 07 G 1568-MRG(QUICK RESPONSE ),15.269325,73.9706466,0,STOP,At Fire Station Margoa,Fire Station Margao
2025-12-23T00:45:43.371Z,GA 07 G 6101-MRG(WATER TENDER),15.2693733,73.9701416,0,STOP,At Fire Station Margoa,Fire Station Margao
2025-12-23T00:45:43.371Z,GA 07 G 1001-MRG(AERIAL LADDER PLATFORM),15.2695583,73.969735,0,STOP,At Fire Station Margoa,Fire Station Margao
2025-12-23T00:45:43.371Z,GA 07 G 0820-BIC(WATER TEDNER),15.4027094,74.0029172,0,STOP,At Fire Station Ponda ,Fire Station Bicholim
2025-12-23T00:45:43.371Z,GA 07 G 5101-OLG(MS WATER TENDER),15.5003033,73.91403,0,STOP,At Fire Station Old Goa,Fire Station Old Goa
2025-12-23T00:45:43.371Z,GA 07 G 3101-BIC(MS WATER TENDER),15.5890866,73.9463466,0,STOP,At Fire Station Bicholim ,Fire Station Bicholim
2025-12-23T00:45:43.371Z,GA 07 G 1941-BIC(QUICK RESPONSE),15.5894533,73.9467033,0,STOP,At Fire Station Bicholim ,Fire Station Bicholim
2025-12-23T00:45:43.371Z,GA 07 G 2319-VAS (EMERGENCY RESCUE TENDER),15.3901916,73.8524983,0,STOP,"near melisa garage,NSD, Dabolim, Goa (SW)",Fire Station Vasco
2025-12-23T00:45:43.371Z,GA 07 G 3737-VAP(WATER TENDER),15.53099,74.1387199,0,STOP,At Fire Station Valpoi ,Fire Station Valpoi
2025-12-23T00:45:43.371Z,GA 07 G 2318-PND(EMERGENCY RESCUE TENDER),15.4028416,74.0028083,0,STOP,At Fire Station Ponda ,Fire Station Ponda
2025-12-23T00:45:43.371Z,GA 07 G 2004-PND(QUICK RESPONSE),15.4026666,74.0028483,0,STOP,At Fire Station Ponda ,Fire Station Ponda
2025-12-23T00:45:43.371Z,GA 07 G 9101-PND(WATER TENDER),15.402745,74.0028816,0,STOP,At Fire Station Ponda ,Fire Station Ponda
2025-12-23T00:45:43.371Z,GA 07 G 9797-PND(WATER BOUSER),15.402635,74.00284,0,STOP,At Fire Station Ponda ,Fire Station Ponda
2025-12-23T00:45:43.371Z,GA 07 G 6363-CAN(WATER TENDER),15.0236183,74.0440433,0,INACTIVE,"Canacona, The Lalitrajbaga ,Canacona, Canacona, Goa (NE)",Fire Station Canacona
2025-12-23T00:45:43.371Z,GA 07 G 1567-CAN(QUICK RESPONSE FT),15.0171383,74.0398266,32,INACTIVE,"Canacona, The Lalitrajbaga ,Canacona, Canacona, Goa (SW)",Fire Station Canacona
2025-12-23T00:45:43.371Z,GA 07 G 1569-VRN(QUICK RESPONSE),15.3694583,73.9356766,0,STOP,At Fire Station Verna,Fire Station Verna
2025-12-23T00:45:43.371Z,GA 07 G 9909-VRN(ADVANCE MULTI-PURPOSE),15.3695866,73.9351966,0,STOP,At Fire Station Verna,Fire Station Verna
2025-12-23T00:45:43.371Z,GA 07 G 1942-VAP(QUICK RESPONSE),15.5311233,74.1388183,0,STOP,At Fire Station Valpoi ,Fire Station Valpoi
2025-12-23T00:45:43.371Z,GA 07 G 2003-CUR(QUICK RESPONSE),15.2603983,74.1037033,0,STOP,At Fire Station Curchorem,Fire Station Curchorem
2025-12-23T00:45:43.371Z,GA 07 G 7447-CUR(EMERGENCY RESCUE),15.26048,74.1037033,0,STOP,At Fire Station Curchorem,Fire Station Curchorem
2025-12-23T00:45:43.371Z,GA 07 G 7557-CUR(WATER TENDER),15.26045,74.10345,0,STOP,At Fire Station Curchorem,Fire Station Curchorem
2025-12-23T00:45:43.371Z,GA 07 G 7667-CUR(WATER BOUSER),15.1454033,73.99108,0,STOP,"Shri Shantadurga fatarpekarin Temple, Fatorpa, Cuncolim, Goa (SW)",Fire Station Curchorem
2025-12-23T00:45:43.371Z,GA 07 G 4989-KUN(WATER TENDER),15.4630467,73.97251,0,STOP,At Fire Station Kundaim,Fire Station Kundaim
2025-12-23T00:45:43.371Z,GA 07 G 2242-PIL(WATER TENDER),15.5328322,73.7941056,0,STOP,At Fire Station Pilerne,Fire Station Pilerne
2025-12-23T00:45:43.371Z,GA 07 G 0681-MAP(QUICK RESPONSE),15.589775,73.8087733,0,STOP,At Fire Station Mapusa,Fire Station Mapusa
2025-12-23T00:45:43.371Z,GA 07 G 0307-PER(QUICK RESPONSE),15.7164939,73.7974239,0,INACTIVE,At Fire Station Pernem,Fire Station Pernem
2025-12-23T00:45:43.371Z,GA 07 G 2101-PER(MS WATER TENDER),15.7163717,73.7975772,0,STOP,At Fire Station Pernem,Fire Station Pernem
2025-12-23T00:45:43.371Z,GA 07 G 4600-PER(MINI RESCUE TENDER),15.7165206,73.7975167,0,STOP,At Fire Station Pernem,Fire Station Pernem
2025-12-23T00:45:43.371Z,GA 07 G 7272-PNJ(WATER TENDER),15.4877517,73.8175178,0,STOP,"Goa College of Home Science, Dayanand Bandodkar Road, Opposite Parade Ground Campal,, Panaji, Goa (SE)",Fire Station Panaji
2025-12-23T00:45:43.371Z,GA07G2384- Cuncolim,15.1862206,74.0209944,0,STOP,At Fire Station Cuncolim,Fire Station Cuncolim
2025-12-23T00:45:43.371Z,GA07G2507 - Mid Size (Water Tender),15.7164733,73.7974933,0,STOP,At Fire Station Pernem,Fire Station Pernem
2025-12-23T00:45:43.371Z,GA07G2505 - Mid Size (Water Tender),15.530985,74.13868,0,STOP,At Fire Station Valpoi ,Fire Station Valpoi
2025-12-23T00:45:43.371Z,GA07G2504 - Mid Size (Water Tender),15.5890983,73.9465083,0,STOP,At Fire Station Bicholim ,Fire Station Bicholim
2025-12-23T00:45:43.371Z,GA07G2503-Mid Size (Water Tender),15.5900233,73.80865,0,STOP,At Fire Station Mapusa,Fire Station Mapusa
2025-12-23T00:45:43.371Z,GA07G2502 - Mid Size (Water Tender),15.4870233,73.8172283,0,STOP,"Caculo Mall, 16 Shanta, St Inez Rd, Caculo Enclave, Santa Inez, Panaji, Goa (NW)",Fire Force Headquarters
2025-12-23T00:46:45.511Z,GA 07 G 0680-PIL(QUICK RESPONSE VEHICLE),15.5329733,73.7939283,0,STOP,At Fire Station Pilerne,Fire Station Pilerne
2025-12-23T00:46:45.511Z,GA07G2506 - Mid Size (Water Tender),15.500348,73.914085,0,INACTIVE,At Fire Station Old Goa,Fire Station Old Goa
2025-12-23T00:46:45.511Z,GA 07 G 5115-POR(MINI WATER TENDER),15.522988,73.829384,0,STOP,At Porvorim Fire Station,Fire Station Porvorim
2025-12-23T00:46:45.511Z,GA 07 G 0350-MRG(WATER TENDER),15.269428,73.970604,0,STOP,At Fire Station Margoa,Fire Station Margao
2025-12-23T00:46:45.511Z,GA 07 G 2900-MAP(MINI RESCUE TENDER),15.589908,73.808716,0,STOP,At Fire Station Mapusa,Fire Station Mapusa
2025-12-23T00:46:45.511Z,GA 07 G 7600-FFHQ(WATER BOUSER),15.487103,73.817108,0,STOP,"Caculo Mall, 16 Shanta, St Inez Rd, Caculo Enclave, Santa Inez, Panaji, Goa (NW)",Fire Force Headquarters
2025-12-23T00:46:45.511Z,GA 07 G 2002-FFHQ(TURN TABLE LADDER),15.48742,73.817375,0,STOP,"Caculo Mall, 16 Shanta, St Inez Rd, Caculo Enclave, Santa Inez, Panaji, Goa (NW)",Fire Force Headquarters
2025-12-23T00:46:45.511Z,GA 07 G 7101-FFHQ(WATER TENDER),15.486877,73.817055,0,STOP,"Caculo Mall, 16 Shanta, St Inez Rd, Caculo Enclave, Santa Inez, Panaji, Goa (NW)",Fire Force Headquarters
2025-12-23T00:46:45.511Z,GA 07 G 7677-FFHQ(EMERGENCY RESCUE),15.48719,73.817192,0,STOP,"Caculo Mall, 16 Shanta, St Inez Rd, Caculo Enclave, Santa Inez, Panaji, Goa (NW)",Fire Force Headquarters
2025-12-23T00:46:45.511Z,GA 07 G 1121-PNJ(EMERGENCY RESCUE),15.487292,73.817276,0,STOP,"Caculo Mall, 16 Shanta, St Inez Rd, Caculo Enclave, Santa Inez, Panaji, Goa (NW)",Fire Station Panaji
2025-12-23T00:46:45.511Z,GA 07 G 1571-FFHQ(QUICK RESPONSE),15.48666,73.817444,0,STOP,"Caculo Mall, 16 Shanta, St Inez Rd, Caculo Enclave, Santa Inez, Panaji, Goa (NW)",Fire Force Headquarters
2025-12-23T00:46:45.511Z,GA 07 G 8101-MAP(WATER TENDER),15.589937,73.80867,0,STOP,At Fire Station Mapusa,Fire Station Mapusa
2025-12-23T00:46:45.511Z,GA 07 G 2317-MRG(EMERGENCY RESCUE TENDER),15.269475,73.9699466,1,STOP,At Fire Station Margoa,Fire Station Margao
2025-12-23T00:46:45.511Z,GA 07 G 1570-VAS(QUICK RESPONSE FIRE TENDER),15.3887783,73.8513266,0,STOP,At Fire Station Vasco,Fire Station Vasco
2025-12-23T00:46:45.511Z,GA 07 G 4101-VAS(MS WATER TENDER),15.3890783,73.85092,0,STOP,At Fire Station Vasco,Fire Station Vasco
2025-12-23T00:46:45.511Z,GA 07 G 0819-VAS(WATER/FOAM TENDER),15.3888217,73.8512367,0,IDLE,At Fire Station Vasco,Fire Station Vasco
2025-12-23T00:46:45.511Z,GA 07 G 7100-MRG(WATER BOUSER),15.2694566,73.97006,0,STOP,At Fire Station Margoa,Fire Station Margao
2025-12-23T00:46:45.511Z,GA 07 G 1568-MRG(QUICK RESPONSE ),15.269325,73.9706466,0,STOP,At Fire Station Margoa,Fire Station Margao
2025-12-23T00:46:45.511Z,GA 07 G 6101-MRG(WATER TENDER),15.2693733,73.9701416,0,STOP,At Fire Station Margoa,Fire Station Margao
2025-12-23T00:46:45.511Z,GA 07 G 1001-MRG(AERIAL LADDER PLATFORM),15.2695583,73.969735,0,STOP,At Fire Station Margoa,Fire Station Margao
2025-12-23T00:46:45.511Z,GA 07 G 0820-BIC(WATER TEDNER),15.4027094,74.0029172,0,STOP,At Fire Station Ponda ,Fire Station Bicholim
2025-12-23T00:46:45.511Z,GA 07 G 5101-OLG(MS WATER TENDER),15.5003033,73.91403,0,STOP,At Fire Station Old Goa,Fire Station Old Goa
2025-12-23T00:46:45.511Z,GA 07 G 3101-BIC(MS WATER TENDER),15.5890866,73.9463466,0,STOP,At Fire Station Bicholim ,Fire Station Bicholim
2025-12-23T00:46:45.511Z,GA 07 G 1941-BIC(QUICK RESPONSE),15.5894533,73.9467033,0,STOP,At Fire Station Bicholim ,Fire Station Bicholim
2025-12-23T00:46:45.511Z,GA 07 G 2319-VAS (EMERGENCY RESCUE TENDER),15.3901916,73.8524983,0,STOP,"near melisa garage,NSD, Dabolim, Goa (SW)",Fire Station Vasco
2025-12-23T00:46:45.511Z,GA 07 G 3737-VAP(WATER TENDER),15.53099,74.1387199,0,STOP,At Fire Station Valpoi ,Fire Station Valpoi
2025-12-23T00:46:45.511Z,GA 07 G 2318-PND(EMERGENCY RESCUE TENDER),15.4028416,74.0028083,0,STOP,At Fire Station Ponda ,Fire Station Ponda
2025-12-23T00:46:45.511Z,GA 07 G 2004-PND(QUICK RESPONSE),15.4026666,74.0028483,0,STOP,At Fire Station Ponda ,Fire Station Ponda
2025-12-23T00:46:45.511Z,GA 07 G 9101-PND(WATER TENDER),15.402745,74.0028816,0,STOP,At Fire Station Ponda ,Fire Station Ponda
2025-12-23T00:46:45.511Z,GA 07 G 9797-PND(WATER BOUSER),15.402635,74.00284,0,STOP,At Fire Station Ponda ,Fire Station Ponda
2025-12-23T00:46:45.511Z,GA 07 G 6363-CAN(WATER TENDER),15.0236183,74.0440433,0,INACTIVE,"Canacona, The Lalitrajbaga ,Canacona, Canacona, Goa (NE)",Fire Station Canacona
2025-12-23T00:46:45.511Z,GA 07 G 1567-CAN(QUICK RESPONSE FT),15.0171383,74.0398266,32,INACTIVE,"Canacona, The Lalitrajbaga ,Canacona, Canacona, Goa (SW)",Fire Station Canacona
2025-12-23T00:46:45.511Z,GA 07 G 1569-VRN(QUICK RESPONSE),15.3694583,73.9356766,0,STOP,At Fire Station Verna,Fire Station Verna
2025-12-23T00:46:45.511Z,GA 07 G 9909-VRN(ADVANCE MULTI-PURPOSE),15.3695866,73.9351966,0,STOP,At Fire Station Verna,Fire Station Verna
2025-12-23T00:46:45.511Z,GA 07 G 1942-VAP(QUICK RESPONSE),15.5311233,74.1388183,0,STOP,At Fire Station Valpoi ,Fire Station Valpoi
2025-12-23T00:46:45.511Z,GA 07 G 2003-CUR(QUICK RESPONSE),15.2603983,74.1037033,0,STOP,At Fire Station Curchorem,Fire Station Curchorem
2025-12-23T00:46:45.511Z,GA 07 G 7447-CUR(EMERGENCY RESCUE),15.26048,74.1037033,0,STOP,At Fire Station Curchorem,Fire Station Curchorem
2025-12-23T00:46:45.511Z,GA 07 G 7557-CUR(WATER TENDER),15.26045,74.10345,0,STOP,At Fire Station Curchorem,Fire Station Curchorem
2025-12-23T00:46:45.511Z,GA 07 G 7667-CUR(WATER BOUSER),15.1454033,73.99108,0,STOP,"Shri Shantadurga fatarpekarin Temple, Fatorpa, Cuncolim, Goa (SW)",Fire Station Curchorem
2025-12-23T00:46:45.511Z,GA 07 G 4989-KUN(WATER TENDER),15.4630467,73.97251,0,STOP,At Fire Station Kundaim,Fire Station Kundaim
2025-12-23T00:46:45.511Z,GA 07 G 2242-PIL(WATER TENDER),15.5328322,73.7941056,0,STOP,At Fire Station Pilerne,Fire Station Pilerne
2025-12-23T00:46:45.511Z,GA 07 G 0681-MAP(QUICK RESPONSE),15.589775,73.8087733,0,STOP,At Fire Station Mapusa,Fire Station Mapusa
2025-12-23T00:46:45.511Z,GA 07 G 0307-PER(QUICK RESPONSE),15.7164939,73.7974239,0,INACTIVE,At Fire Station Pernem,Fire Station Pernem
2025-12-23T00:46:45.511Z,GA 07 G 2101-PER(MS WATER TENDER),15.7163717,73.7975772,0,STOP,At Fire Station Pernem,Fire Station Pernem
2025-12-23T00:46:45.511Z,GA 07 G 4600-PER(MINI RESCUE TENDER),15.7165206,73.7975167,0,STOP,At Fire Station Pernem,Fire Station Pernem
2025-12-23T00:46:45.511Z,GA 07 G 7272-PNJ(WATER TENDER),15.4877517,73.8175178,0,STOP,"Goa College of Home Science, Dayanand Bandodkar Road, Opposite Parade Ground Campal,, Panaji, Goa (SE)",Fire Station Panaji
2025-12-23T00:46:45.511Z,GA07G2384- Cuncolim,15.1862206,74.0209944,0,STOP,At Fire Station Cuncolim,Fire Station Cuncolim
2025-12-23T00:46:45.511Z,GA07G2507 - Mid Size (Water Tender),15.7164733,73.7974933,0,STOP,At Fire Station Pernem,Fire Station Pernem
2025-12-23T00:46:45.511Z,GA07G2505 - Mid Size (Water Tender),15.530985,74.13868,0,STOP,At Fire Station Valpoi ,Fire Station Valpoi
2025-12-23T00:46:45.511Z,GA07G2504 - Mid Size (Water Tender),15.5890983,73.9465083,0,STOP,At Fire Station Bicholim ,Fire Station Bicholim
2025-12-23T00:46:45.511Z,GA07G2503-Mid Size (Water Tender),15.5900233,73.80865,0,STOP,At Fire Station Mapusa,Fire Station Mapusa
2025-12-23T00:46:45.511Z,GA07G2502 - Mid Size (Water Tender),15.4870233,73.8172283,0,STOP,"Caculo Mall, 16 Shanta, St Inez Rd, Caculo Enclave, Santa Inez, Panaji, Goa (NW)",Fire Force Headquarters
2025-12-23T00:47:48.897Z,GA 07 G 0680-PIL(QUICK RESPONSE VEHICLE),15.5329733,73.7939283,0,STOP,At Fire Station Pilerne,Fire Station Pilerne
2025-12-23T00:47:48.897Z,GA07G2506 - Mid Size (Water Tender),15.500348,73.914085,0,INACTIVE,At Fire Station Old Goa,Fire Station Old Goa
2025-12-23T00:47:48.897Z,GA 07 G 5115-POR(MINI WATER TENDER),15.522988,73.829384,0,STOP,At Porvorim Fire Station,Fire Station Porvorim
2025-12-23T00:47:48.897Z,GA 07 G 0350-MRG(WATER TENDER),15.269428,73.970604,0,STOP,At Fire Station Margoa,Fire Station Margao
2025-12-23T00:47:48.897Z,GA 07 G 2900-MAP(MINI RESCUE TENDER),15.589908,73.808716,0,STOP,At Fire Station Mapusa,Fire Station Mapusa
2025-12-23T00:47:48.897Z,GA 07 G 7600-FFHQ(WATER BOUSER),15.487103,73.817108,0,STOP,"Caculo Mall, 16 Shanta, St Inez Rd, Caculo Enclave, Santa Inez, Panaji, Goa (NW)",Fire Force Headquarters
2025-12-23T00:47:48.897Z,GA 07 G 2002-FFHQ(TURN TABLE LADDER),15.48742,73.817375,0,STOP,"Caculo Mall, 16 Shanta, St Inez Rd, Caculo Enclave, Santa Inez, Panaji, Goa (NW)",Fire Force Headquarters
2025-12-23T00:47:48.897Z,GA 07 G 7101-FFHQ(WATER TENDER),15.486877,73.817055,0,STOP,"Caculo Mall, 16 Shanta, St Inez Rd, Caculo Enclave, Santa Inez, Panaji, Goa (NW)",Fire Force Headquarters
2025-12-23T00:47:48.897Z,GA 07 G 7677-FFHQ(EMERGENCY RESCUE),15.48719,73.817192,0,STOP,"Caculo Mall, 16 Shanta, St Inez Rd, Caculo Enclave, Santa Inez, Panaji, Goa (NW)",Fire Force Headquarters
2025-12-23T00:47:48.897Z,GA 07 G 1121-PNJ(EMERGENCY RESCUE),15.487292,73.817276,0,STOP,"Caculo Mall, 16 Shanta, St Inez Rd, Caculo Enclave, Santa Inez, Panaji, Goa (NW)",Fire Station Panaji
2025-12-23T00:47:48.897Z,GA 07 G 1571-FFHQ(QUICK RESPONSE),15.48666,73.817444,0,STOP,"Caculo Mall, 16 Shanta, St Inez Rd, Caculo Enclave, Santa Inez, Panaji, Goa (NW)",Fire Force Headquarters
2025-12-23T00:47:48.897Z,GA 07 G 8101-MAP(WATER TENDER),15.589937,73.80867,0,STOP,At Fire Station Mapusa,Fire Station Mapusa
2025-12-23T00:47:48.897Z,GA 07 G 2317-MRG(EMERGENCY RESCUE TENDER),15.2695316,73.9701166,4,STOP,At Fire Station Margoa,Fire Station Margao
2025-12-23T00:47:48.897Z,GA 07 G 1570-VAS(QUICK RESPONSE FIRE TENDER),15.3887783,73.8513266,0,STOP,At Fire Station Vasco,Fire Station Vasco
2025-12-23T00:47:48.897Z,GA 07 G 4101-VAS(MS WATER TENDER),15.3890783,73.85092,0,STOP,At Fire Station Vasco,Fire Station Vasco
2025-12-23T00:47:48.897Z,GA 07 G 0819-VAS(WATER/FOAM TENDER),15.3888217,73.8512367,0,IDLE,At Fire Station Vasco,Fire Station Vasco
2025-12-23T00:47:48.897Z,GA 07 G 7100-MRG(WATER BOUSER),15.2694566,73.97006,0,STOP,At Fire Station Margoa,Fire Station Margao
2025-12-23T00:47:48.897Z,GA 07 G 1568-MRG(QUICK RESPONSE ),15.269325,73.9706466,0,STOP,At Fire Station Margoa,Fire Station Margao
2025-12-23T00:47:48.897Z,GA 07 G 6101-MRG(WATER TENDER),15.2693733,73.9701416,0,STOP,At Fire Station Margoa,Fire Station Margao
2025-12-23T00:47:48.897Z,GA 07 G 1001-MRG(AERIAL LADDER PLATFORM),15.2695583,73.969735,0,STOP,At Fire Station Margoa,Fire Station Margao
2025-12-23T00:47:48.897Z,GA 07 G 0820-BIC(WATER TEDNER),15.4027094,74.0029172,0,STOP,At Fire Station Ponda ,Fire Station Bicholim
2025-12-23T00:47:48.897Z,GA 07 G 5101-OLG(MS WATER TENDER),15.5003033,73.91403,0,STOP,At Fire Station Old Goa,Fire Station Old Goa
2025-12-23T00:47:48.897Z,GA 07 G 3101-BIC(MS WATER TENDER),15.5890866,73.9463466,0,STOP,At Fire Station Bicholim ,Fire Station Bicholim
2025-12-23T00:47:48.897Z,GA 07 G 1941-BIC(QUICK RESPONSE),15.5894533,73.9467033,0,STOP,At Fire Station Bicholim ,Fire Station Bicholim
2025-12-23T00:47:48.897Z,GA 07 G 2319-VAS (EMERGENCY RESCUE TENDER),15.3901916,73.8524983,0,STOP,"near melisa garage,NSD, Dabolim, Goa (SW)",Fire Station Vasco
2025-12-23T00:47:48.897Z,GA 07 G 3737-VAP(WATER TENDER),15.53099,74.1387199,0,STOP,At Fire Station Valpoi ,Fire Station Valpoi
2025-12-23T00:47:48.897Z,GA 07 G 2318-PND(EMERGENCY RESCUE TENDER),15.4028416,74.0028083,0,STOP,At Fire Station Ponda ,Fire Station Ponda
2025-12-23T00:47:48.897Z,GA 07 G 2004-PND(QUICK RESPONSE),15.4026666,74.0028483,0,STOP,At Fire Station Ponda ,Fire Station Ponda
2025-12-23T00:47:48.897Z,GA 07 G 9101-PND(WATER TENDER),15.402745,74.0028816,0,STOP,At Fire Station Ponda ,Fire Station Ponda
2025-12-23T00:47:48.897Z,GA 07 G 9797-PND(WATER BOUSER),15.402635,74.00284,0,STOP,At Fire Station Ponda ,Fire Station Ponda
2025-12-23T00:47:48.897Z,GA 07 G 6363-CAN(WATER TENDER),15.0236183,74.0440433,0,INACTIVE,"Canacona, The Lalitrajbaga ,Canacona, Canacona, Goa (NE)",Fire Station Canacona
2025-12-23T00:47:48.897Z,GA 07 G 1567-CAN(QUICK RESPONSE FT),15.0171383,74.0398266,32,INACTIVE,"Canacona, The Lalitrajbaga ,Canacona, Canacona, Goa (SW)",Fire Station Canacona
2025-12-23T00:47:48.897Z,GA 07 G 1569-VRN(QUICK RESPONSE),15.3694583,73.9356766,0,STOP,At Fire Station Verna,Fire Station Verna
2025-12-23T00:47:48.897Z,GA 07 G 9909-VRN(ADVANCE MULTI-PURPOSE),15.3695866,73.9351966,0,STOP,At Fire Station Verna,Fire Station Verna
2025-12-23T00:47:48.897Z,GA 07 G 1942-VAP(QUICK RESPONSE),15.5311233,74.1388183,0,STOP,At Fire Station Valpoi ,Fire Station Valpoi
2025-12-23T00:47:48.897Z,GA 07 G 2003-CUR(QUICK RESPONSE),15.2603983,74.1037033,0,STOP,At Fire Station Curchorem,Fire Station Curchorem
2025-12-23T00:47:48.897Z,GA 07 G 7447-CUR(EMERGENCY RESCUE),15.26048,74.1037033,0,STOP,At Fire Station Curchorem,Fire Station Curchorem
2025-12-23T00:47:48.897Z,GA 07 G 7557-CUR(WATER TENDER),15.26045,74.10345,0,STOP,At Fire Station Curchorem,Fire Station Curchorem
2025-12-23T00:47:48.897Z,GA 07 G 7667-CUR(WATER BOUSER),15.1454033,73.99108,0,STOP,"Shri Shantadurga fatarpekarin Temple, Fatorpa, Cuncolim, Goa (SW)",Fire Station Curchorem
2025-12-23T00:47:48.897Z,GA 07 G 4989-KUN(WATER TENDER),15.4630467,73.97251,0,STOP,At Fire Station Kundaim,Fire Station Kundaim
2025-12-23T00:47:48.897Z,GA 07 G 2242-PIL(WATER TENDER),15.5328322,73.7941056,0,STOP,At Fire Station Pilerne,Fire Station Pilerne
2025-12-23T00:47:48.897Z,GA 07 G 0681-MAP(QUICK RESPONSE),15.589775,73.8087733,0,STOP,At Fire Station Mapusa,Fire Station Mapusa
2025-12-23T00:47:48.897Z,GA 07 G 0307-PER(QUICK RESPONSE),15.7164939,73.7974239,0,INACTIVE,At Fire Station Pernem,Fire Station Pernem
2025-12-23T00:47:48.897Z,GA 07 G 2101-PER(MS WATER TENDER),15.7163717,73.7975772,0,STOP,At Fire Station Pernem,Fire Station Pernem
2025-12-23T00:47:48.897Z,GA 07 G 4600-PER(MINI RESCUE TENDER),15.7165206,73.7975167,0,STOP,At Fire Station Pernem,Fire Station Pernem
2025-12-23T00:47:48.897Z,GA 07 G 7272-PNJ(WATER TENDER),15.4877517,73.8175178,0,STOP,"Goa College of Home Science, Dayanand Bandodkar Road, Opposite Parade Ground Campal,, Panaji, Goa (SE)",Fire Station Panaji
2025-12-23T00:47:48.897Z,GA07G2384- Cuncolim,15.1862206,74.0209944,0,STOP,At Fire Station Cuncolim,Fire Station Cuncolim
2025-12-23T00:47:48.897Z,GA07G2507 - Mid Size (Water Tender),15.7164733,73.7974933,0,STOP,At Fire Station Pernem,Fire Station Pernem
2025-12-23T00:47:48.897Z,GA07G2505 - Mid Size (Water Tender),15.530985,74.13868,0,STOP,At Fire Station Valpoi ,Fire Station Valpoi
2025-12-23T00:47:48.897Z,GA07G2504 - Mid Size (Water Tender),15.5890983,73.9465083,0,STOP,At Fire Station Bicholim ,Fire Station Bicholim
2025-12-23T00:47:48.897Z,GA07G2503-Mid Size (Water Tender),15.5900233,73.80865,0,STOP,At Fire Station Mapusa,Fire Station Mapusa
2025-12-23T00:47:48.897Z,GA07G2502 - Mid Size (Water Tender),15.4870233,73.8172283,0,STOP,"Caculo Mall, 16 Shanta, St Inez Rd, Caculo Enclave, Santa Inez, Panaji, Goa (NW)",Fire Force Headquarters
2025-12-23T00:48:43.194Z,GA 07 G 0680-PIL(QUICK RESPONSE VEHICLE),15.5329733,73.7939283,0,STOP,At Fire Station Pilerne,Fire Station Pilerne
2025-12-23T00:48:43.194Z,GA07G2506 - Mid Size (Water Tender),15.500348,73.914085,0,INACTIVE,At Fire Station Old Goa,Fire Station Old Goa
2025-12-23T00:48:43.194Z,GA 07 G 5115-POR(MINI WATER TENDER),15.522988,73.829384,0,STOP,At Porvorim Fire Station,Fire Station Porvorim
2025-12-23T00:48:43.194Z,GA 07 G 0350-MRG(WATER TENDER),15.269428,73.970604,0,STOP,At Fire Station Margoa,Fire Station Margao
2025-12-23T00:48:43.194Z,GA 07 G 2900-MAP(MINI RESCUE TENDER),15.589908,73.808716,0,STOP,At Fire Station Mapusa,Fire Station Mapusa
2025-12-23T00:48:43.194Z,GA 07 G 7600-FFHQ(WATER BOUSER),15.487103,73.817108,0,STOP,"Caculo Mall, 16 Shanta, St Inez Rd, Caculo Enclave, Santa Inez, Panaji, Goa (NW)",Fire Force Headquarters
2025-12-23T00:48:43.194Z,GA 07 G 2002-FFHQ(TURN TABLE LADDER),15.48742,73.817375,0,STOP,"Caculo Mall, 16 Shanta, St Inez Rd, Caculo Enclave, Santa Inez, Panaji, Goa (NW)",Fire Force Headquarters
2025-12-23T00:48:43.194Z,GA 07 G 7101-FFHQ(WATER TENDER),15.486877,73.817055,0,STOP,"Caculo Mall, 16 Shanta, St Inez Rd, Caculo Enclave, Santa Inez, Panaji, Goa (NW)",Fire Force Headquarters
2025-12-23T00:48:43.194Z,GA 07 G 7677-FFHQ(EMERGENCY RESCUE),15.48719,73.817192,0,STOP,"Caculo Mall, 16 Shanta, St Inez Rd, Caculo Enclave, Santa Inez, Panaji, Goa (NW)",Fire Force Headquarters
2025-12-23T00:48:43.194Z,GA 07 G 1121-PNJ(EMERGENCY RESCUE),15.487292,73.817276,0,STOP,"Caculo Mall, 16 Shanta, St Inez Rd, Caculo Enclave, Santa Inez, Panaji, Goa (NW)",Fire Station Panaji
2025-12-23T00:48:43.194Z,GA 07 G 1571-FFHQ(QUICK RESPONSE),15.48666,73.817444,0,STOP,"Caculo Mall, 16 Shanta, St Inez Rd, Caculo Enclave, Santa Inez, Panaji, Goa (NW)",Fire Force Headquarters
2025-12-23T00:48:43.194Z,GA 07 G 8101-MAP(WATER TENDER),15.589937,73.80867,0,STOP,At Fire Station Mapusa,Fire Station Mapusa
2025-12-23T00:48:43.194Z,GA 07 G 2317-MRG(EMERGENCY RESCUE TENDER),15.2695066,73.9701166,1,STOP,At Fire Station Margoa,Fire Station Margao
2025-12-23T00:48:43.194Z,GA 07 G 1570-VAS(QUICK RESPONSE FIRE TENDER),15.3887783,73.8513266,0,STOP,At Fire Station Vasco,Fire Station Vasco
2025-12-23T00:48:43.194Z,GA 07 G 4101-VAS(MS WATER TENDER),15.3890783,73.85092,0,STOP,At Fire Station Vasco,Fire Station Vasco
2025-12-23T00:48:43.194Z,GA 07 G 0819-VAS(WATER/FOAM TENDER),15.3888217,73.8512367,0,IDLE,At Fire Station Vasco,Fire Station Vasco
2025-12-23T00:48:43.194Z,GA 07 G 7100-MRG(WATER BOUSER),15.2694566,73.97006,0,STOP,At Fire Station Margoa,Fire Station Margao
2025-12-23T00:48:43.194Z,GA 07 G 1568-MRG(QUICK RESPONSE ),15.269325,73.9706466,0,STOP,At Fire Station Margoa,Fire Station Margao
2025-12-23T00:48:43.194Z,GA 07 G 6101-MRG(WATER TENDER),15.2693733,73.9701416,0,STOP,At Fire Station Margoa,Fire Station Margao
2025-12-23T00:48:43.194Z,GA 07 G 1001-MRG(AERIAL LADDER PLATFORM),15.2695583,73.969735,0,STOP,At Fire Station Margoa,Fire Station Margao
2025-12-23T00:48:43.194Z,GA 07 G 0820-BIC(WATER TEDNER),15.4027094,74.0029172,0,STOP,At Fire Station Ponda ,Fire Station Bicholim
2025-12-23T00:48:43.194Z,GA 07 G 5101-OLG(MS WATER TENDER),15.5003033,73.91403,0,STOP,At Fire Station Old Goa,Fire Station Old Goa
2025-12-23T00:48:43.194Z,GA 07 G 3101-BIC(MS WATER TENDER),15.5890866,73.9463466,0,STOP,At Fire Station Bicholim ,Fire Station Bicholim
2025-12-23T00:48:43.194Z,GA 07 G 1941-BIC(QUICK RESPONSE),15.5894533,73.9467033,0,STOP,At Fire Station Bicholim ,Fire Station Bicholim
2025-12-23T00:48:43.194Z,GA 07 G 2319-VAS (EMERGENCY RESCUE TENDER),15.3901916,73.8524983,0,STOP,"near melisa garage,NSD, Dabolim, Goa (SW)",Fire Station Vasco
2025-12-23T00:48:43.194Z,GA 07 G 3737-VAP(WATER TENDER),15.53099,74.1387199,0,STOP,At Fire Station Valpoi ,Fire Station Valpoi
2025-12-23T00:48:43.194Z,GA 07 G 2318-PND(EMERGENCY RESCUE TENDER),15.4028416,74.0028083,0,STOP,At Fire Station Ponda ,Fire Station Ponda
2025-12-23T00:48:43.194Z,GA 07 G 2004-PND(QUICK RESPONSE),15.4026666,74.0028483,0,STOP,At Fire Station Ponda ,Fire Station Ponda
2025-12-23T00:48:43.194Z,GA 07 G 9101-PND(WATER TENDER),15.402745,74.0028816,0,STOP,At Fire Station Ponda ,Fire Station Ponda
2025-12-23T00:48:43.194Z,GA 07 G 9797-PND(WATER BOUSER),15.402635,74.00284,0,STOP,At Fire Station Ponda ,Fire Station Ponda
2025-12-23T00:48:43.194Z,GA 07 G 6363-CAN(WATER TENDER),15.0236183,74.0440433,0,INACTIVE,"Canacona, The Lalitrajbaga ,Canacona, Canacona, Goa (NE)",Fire Station Canacona
2025-12-23T00:48:43.194Z,GA 07 G 1567-CAN(QUICK RESPONSE FT),15.0171383,74.0398266,32,INACTIVE,"Canacona, The Lalitrajbaga ,Canacona, Canacona, Goa (SW)",Fire Station Canacona
2025-12-23T00:48:43.194Z,GA 07 G 1569-VRN(QUICK RESPONSE),15.3694583,73.9356766,0,STOP,At Fire Station Verna,Fire Station Verna
2025-12-23T00:48:43.194Z,GA 07 G 9909-VRN(ADVANCE MULTI-PURPOSE),15.3695866,73.9351966,0,STOP,At Fire Station Verna,Fire Station Verna
2025-12-23T00:48:43.194Z,GA 07 G 1942-VAP(QUICK RESPONSE),15.5311233,74.1388183,0,STOP,At Fire Station Valpoi ,Fire Station Valpoi
2025-12-23T00:48:43.194Z,GA 07 G 2003-CUR(QUICK RESPONSE),15.2603983,74.1037033,0,STOP,At Fire Station Curchorem,Fire Station Curchorem
2025-12-23T00:48:43.194Z,GA 07 G 7447-CUR(EMERGENCY RESCUE),15.26048,74.1037033,0,STOP,At Fire Station Curchorem,Fire Station Curchorem
2025-12-23T00:48:43.194Z,GA 07 G 7557-CUR(WATER TENDER),15.26045,74.10345,0,STOP,At Fire Station Curchorem,Fire Station Curchorem
2025-12-23T00:48:43.194Z,GA 07 G 7667-CUR(WATER BOUSER),15.1454033,73.99108,0,STOP,"Shri Shantadurga fatarpekarin Temple, Fatorpa, Cuncolim, Goa (SW)",Fire Station Curchorem
2025-12-23T00:48:43.194Z,GA 07 G 4989-KUN(WATER TENDER),15.4630467,73.97251,0,STOP,At Fire Station Kundaim,Fire Station Kundaim
2025-12-23T00:48:43.194Z,GA 07 G 2242-PIL(WATER TENDER),15.5328322,73.7941056,0,STOP,At Fire Station Pilerne,Fire Station Pilerne
2025-12-23T00:48:43.194Z,GA 07 G 0681-MAP(QUICK RESPONSE),15.589775,73.8087733,0,STOP,At Fire Station Mapusa,Fire Station Mapusa
2025-12-23T00:48:43.194Z,GA 07 G 0307-PER(QUICK RESPONSE),15.7164939,73.7974239,0,INACTIVE,At Fire Station Pernem,Fire Station Pernem
2025-12-23T00:48:43.194Z,GA 07 G 2101-PER(MS WATER TENDER),15.7163717,73.7975772,0,STOP,At Fire Station Pernem,Fire Station Pernem
2025-12-23T00:48:43.194Z,GA 07 G 4600-PER(MINI RESCUE TENDER),15.7165206,73.7975167,0,STOP,At Fire Station Pernem,Fire Station Pernem
2025-12-23T00:48:43.194Z,GA 07 G 7272-PNJ(WATER TENDER),15.4877517,73.8175178,0,STOP,"Goa College of Home Science, Dayanand Bandodkar Road, Opposite Parade Ground Campal,, Panaji, Goa (SE)",Fire Station Panaji
2025-12-23T00:48:43.194Z,GA07G2384- Cuncolim,15.1862206,74.0209944,0,STOP,At Fire Station Cuncolim,Fire Station Cuncolim
2025-12-23T00:48:43.194Z,GA07G2507 - Mid Size (Water Tender),15.7164733,73.7974933,0,STOP,At Fire Station Pernem,Fire Station Pernem
2025-12-23T00:48:43.194Z,GA07G2505 - Mid Size (Water Tender),15.530985,74.13868,0,STOP,At Fire Station Valpoi ,Fire Station Valpoi
2025-12-23T00:48:43.194Z,GA07G2504 - Mid Size (Water Tender),15.5890983,73.9465083,0,STOP,At Fire Station Bicholim ,Fire Station Bicholim
2025-12-23T00:48:43.194Z,GA07G2503-Mid Size (Water Tender),15.5900233,73.80865,0,STOP,At Fire Station Mapusa,Fire Station Mapusa
2025-12-23T00:48:43.194Z,GA07G2502 - Mid Size (Water Tender),15.4870233,73.8172283,0,STOP,"Caculo Mall, 16 Shanta, St Inez Rd, Caculo Enclave, Santa Inez, Panaji, Goa (NW)",Fire Force Headquarters
2025-12-23T00:49:41.834Z,GA 07 G 0680-PIL(QUICK RESPONSE VEHICLE),15.5329733,73.7939283,0,STOP,At Fire Station Pilerne,Fire Station Pilerne
2025-12-23T00:49:41.834Z,GA07G2506 - Mid Size (Water Tender),15.500348,73.914085,0,INACTIVE,At Fire Station Old Goa,Fire Station Old Goa
2025-12-23T00:49:41.834Z,GA 07 G 5115-POR(MINI WATER TENDER),15.522988,73.829384,0,STOP,At Porvorim Fire Station,Fire Station Porvorim
2025-12-23T00:49:41.834Z,GA 07 G 0350-MRG(WATER TENDER),15.269428,73.970604,0,STOP,At Fire Station Margoa,Fire Station Margao
2025-12-23T00:49:41.834Z,GA 07 G 2900-MAP(MINI RESCUE TENDER),15.589908,73.808716,0,STOP,At Fire Station Mapusa,Fire Station Mapusa
2025-12-23T00:49:41.834Z,GA 07 G 7600-FFHQ(WATER BOUSER),15.487103,73.817108,0,STOP,"Caculo Mall, 16 Shanta, St Inez Rd, Caculo Enclave, Santa Inez, Panaji, Goa (NW)",Fire Force Headquarters
2025-12-23T00:49:41.834Z,GA 07 G 2002-FFHQ(TURN TABLE LADDER),15.48742,73.817375,0,STOP,"Caculo Mall, 16 Shanta, St Inez Rd, Caculo Enclave, Santa Inez, Panaji, Goa (NW)",Fire Force Headquarters
2025-12-23T00:49:41.834Z,GA 07 G 7101-FFHQ(WATER TENDER),15.486877,73.817055,0,STOP,"Caculo Mall, 16 Shanta, St Inez Rd, Caculo Enclave, Santa Inez, Panaji, Goa (NW)",Fire Force Headquarters
2025-12-23T00:49:41.834Z,GA 07 G 7677-FFHQ(EMERGENCY RESCUE),15.48719,73.817192,0,STOP,"Caculo Mall, 16 Shanta, St Inez Rd, Caculo Enclave, Santa Inez, Panaji, Goa (NW)",Fire Force Headquarters
2025-12-23T00:49:41.834Z,GA 07 G 1121-PNJ(EMERGENCY RESCUE),15.487292,73.817276,0,STOP,"Caculo Mall, 16 Shanta, St Inez Rd, Caculo Enclave, Santa Inez, Panaji, Goa (NW)",Fire Station Panaji
2025-12-23T00:49:41.834Z,GA 07 G 1571-FFHQ(QUICK RESPONSE),15.48666,73.817444,0,STOP,"Caculo Mall, 16 Shanta, St Inez Rd, Caculo Enclave, Santa Inez, Panaji, Goa (NW)",Fire Force Headquarters
2025-12-23T00:49:41.834Z,GA 07 G 8101-MAP(WATER TENDER),15.589937,73.80867,0,STOP,At Fire Station Mapusa,Fire Station Mapusa
2025-12-23T00:49:41.834Z,GA 07 G 2317-MRG(EMERGENCY RESCUE TENDER),15.2695083,73.9699633,0,STOP,At Fire Station Margoa,Fire Station Margao
2025-12-23T00:49:41.834Z,GA 07 G 1570-VAS(QUICK RESPONSE FIRE TENDER),15.3887783,73.8513266,0,STOP,At Fire Station Vasco,Fire Station Vasco
2025-12-23T00:49:41.834Z,GA 07 G 4101-VAS(MS WATER TENDER),15.3890783,73.85092,0,STOP,At Fire Station Vasco,Fire Station Vasco
2025-12-23T00:49:41.834Z,GA 07 G 0819-VAS(WATER/FOAM TENDER),15.3888217,73.8512367,0,IDLE,At Fire Station Vasco,Fire Station Vasco
2025-12-23T00:49:41.834Z,GA 07 G 7100-MRG(WATER BOUSER),15.2694566,73.97006,0,STOP,At Fire Station Margoa,Fire Station Margao
2025-12-23T00:49:41.834Z,GA 07 G 1568-MRG(QUICK RESPONSE ),15.269325,73.9706466,0,STOP,At Fire Station Margoa,Fire Station Margao
2025-12-23T00:49:41.834Z,GA 07 G 6101-MRG(WATER TENDER),15.2693733,73.9701416,0,STOP,At Fire Station Margoa,Fire Station Margao
2025-12-23T00:49:41.834Z,GA 07 G 1001-MRG(AERIAL LADDER PLATFORM),15.2695583,73.969735,0,STOP,At Fire Station Margoa,Fire Station Margao
2025-12-23T00:49:41.834Z,GA 07 G 0820-BIC(WATER TEDNER),15.4027094,74.0029172,0,STOP,At Fire Station Ponda ,Fire Station Bicholim
2025-12-23T00:49:41.834Z,GA 07 G 5101-OLG(MS WATER TENDER),15.5003033,73.91403,0,STOP,At Fire Station Old Goa,Fire Station Old Goa
2025-12-23T00:49:41.834Z,GA 07 G 3101-BIC(MS WATER TENDER),15.5890866,73.9463466,2,STOP,At Fire Station Bicholim ,Fire Station Bicholim
2025-12-23T00:49:41.834Z,GA 07 G 1941-BIC(QUICK RESPONSE),15.5894533,73.9467033,0,STOP,At Fire Station Bicholim ,Fire Station Bicholim
2025-12-23T00:49:41.834Z,GA 07 G 2319-VAS (EMERGENCY RESCUE TENDER),15.3901916,73.8524983,0,STOP,"near melisa garage,NSD, Dabolim, Goa (SW)",Fire Station Vasco
2025-12-23T00:49:41.834Z,GA 07 G 3737-VAP(WATER TENDER),15.53099,74.1387199,0,STOP,At Fire Station Valpoi ,Fire Station Valpoi
2025-12-23T00:49:41.834Z,GA 07 G 2318-PND(EMERGENCY RESCUE TENDER),15.4028416,74.0028083,0,STOP,At Fire Station Ponda ,Fire Station Ponda
2025-12-23T00:49:41.834Z,GA 07 G 2004-PND(QUICK RESPONSE),15.4026666,74.0028483,0,STOP,At Fire Station Ponda ,Fire Station Ponda
2025-12-23T00:49:41.834Z,GA 07 G 9101-PND(WATER TENDER),15.402745,74.0028816,0,STOP,At Fire Station Ponda ,Fire Station Ponda
2025-12-23T00:49:41.834Z,GA 07 G 9797-PND(WATER BOUSER),15.402635,74.00284,0,STOP,At Fire Station Ponda ,Fire Station Ponda
2025-12-23T00:49:41.834Z,GA 07 G 6363-CAN(WATER TENDER),15.0236183,74.0440433,0,INACTIVE,"Canacona, The Lalitrajbaga ,Canacona, Canacona, Goa (NE)",Fire Station Canacona
2025-12-23T00:49:41.834Z,GA 07 G 1567-CAN(QUICK RESPONSE FT),15.0171383,74.0398266,32,INACTIVE,"Canacona, The Lalitrajbaga ,Canacona, Canacona, Goa (SW)",Fire Station Canacona
2025-12-23T00:49:41.834Z,GA 07 G 1569-VRN(QUICK RESPONSE),15.3694583,73.9356766,0,STOP,At Fire Station Verna,Fire Station Verna
2025-12-23T00:49:41.834Z,GA 07 G 9909-VRN(ADVANCE MULTI-PURPOSE),15.3695866,73.9351966,0,STOP,At Fire Station Verna,Fire Station Verna
2025-12-23T00:49:41.834Z,GA 07 G 1942-VAP(QUICK RESPONSE),15.5311233,74.1388183,0,STOP,At Fire Station Valpoi ,Fire Station Valpoi
2025-12-23T00:49:41.834Z,GA 07 G 2003-CUR(QUICK RESPONSE),15.2603983,74.1037033,0,STOP,At Fire Station Curchorem,Fire Station Curchorem
2025-12-23T00:49:41.834Z,GA 07 G 7447-CUR(EMERGENCY RESCUE),15.26048,74.1037033,0,STOP,At Fire Station Curchorem,Fire Station Curchorem
2025-12-23T00:49:41.834Z,GA 07 G 7557-CUR(WATER TENDER),15.26045,74.10345,0,STOP,At Fire Station Curchorem,Fire Station Curchorem
2025-12-23T00:49:41.834Z,GA 07 G 7667-CUR(WATER BOUSER),15.1454033,73.99108,0,STOP,"Shri Shantadurga fatarpekarin Temple, Fatorpa, Cuncolim, Goa (SW)",Fire Station Curchorem
2025-12-23T00:49:41.834Z,GA 07 G 4989-KUN(WATER TENDER),15.4630467,73.97251,0,STOP,At Fire Station Kundaim,Fire Station Kundaim
2025-12-23T00:49:41.834Z,GA 07 G 2242-PIL(WATER TENDER),15.5328322,73.7941056,0,STOP,At Fire Station Pilerne,Fire Station Pilerne
2025-12-23T00:49:41.834Z,GA 07 G 0681-MAP(QUICK RESPONSE),15.589775,73.8087733,0,STOP,At Fire Station Mapusa,Fire Station Mapusa
2025-12-23T00:49:41.834Z,GA 07 G 0307-PER(QUICK RESPONSE),15.7164939,73.7974239,0,INACTIVE,At Fire Station Pernem,Fire Station Pernem
2025-12-23T00:49:41.834Z,GA 07 G 2101-PER(MS WATER TENDER),15.7163717,73.7975772,0,STOP,At Fire Station Pernem,Fire Station Pernem
2025-12-23T00:49:41.834Z,GA 07 G 4600-PER(MINI RESCUE TENDER),15.7165206,73.7975167,0,STOP,At Fire Station Pernem,Fire Station Pernem
2025-12-23T00:49:41.834Z,GA 07 G 7272-PNJ(WATER TENDER),15.4877517,73.8175178,0,STOP,"Goa College of Home Science, Dayanand Bandodkar Road, Opposite Parade Ground Campal,, Panaji, Goa (SE)",Fire Station Panaji
2025-12-23T00:49:41.834Z,GA07G2384- Cuncolim,15.1862206,74.0209944,0,STOP,At Fire Station Cuncolim,Fire Station Cuncolim
2025-12-23T00:49:41.834Z,GA07G2507 - Mid Size (Water Tender),15.7164733,73.7974933,0,STOP,At Fire Station Pernem,Fire Station Pernem
2025-12-23T00:49:41.834Z,GA07G2505 - Mid Size (Water Tender),15.530985,74.13868,0,STOP,At Fire Station Valpoi ,Fire Station Valpoi
2025-12-23T00:49:41.834Z,GA07G2504 - Mid Size (Water Tender),15.5890983,73.9465083,0,STOP,At Fire Station Bicholim ,Fire Station Bicholim
2025-12-23T00:49:41.834Z,GA07G2503-Mid Size (Water Tender),15.5900233,73.80865,0,STOP,At Fire Station Mapusa,Fire Station Mapusa
2025-12-23T00:49:41.834Z,GA07G2502 - Mid Size (Water Tender),15.4870233,73.8172283,0,STOP,"Caculo Mall, 16 Shanta, St Inez Rd, Caculo Enclave, Santa Inez, Panaji, Goa (NW)",Fire Force Headquarters
2025-12-23T00:50:45.624Z,GA 07 G 0680-PIL(QUICK RESPONSE VEHICLE),15.5329733,73.7939283,0,STOP,At Fire Station Pilerne,Fire Station Pilerne
2025-12-23T00:50:45.624Z,GA07G2506 - Mid Size (Water Tender),15.500348,73.914085,0,INACTIVE,At Fire Station Old Goa,Fire Station Old Goa
2025-12-23T00:50:45.624Z,GA 07 G 5115-POR(MINI WATER TENDER),15.522988,73.829384,0,STOP,At Porvorim Fire Station,Fire Station Porvorim
2025-12-23T00:50:45.624Z,GA 07 G 0350-MRG(WATER TENDER),15.269428,73.970604,0,STOP,At Fire Station Margoa,Fire Station Margao
2025-12-23T00:50:45.624Z,GA 07 G 2900-MAP(MINI RESCUE TENDER),15.589908,73.808716,0,STOP,At Fire Station Mapusa,Fire Station Mapusa
2025-12-23T00:50:45.624Z,GA 07 G 7600-FFHQ(WATER BOUSER),15.487103,73.817108,0,STOP,"Caculo Mall, 16 Shanta, St Inez Rd, Caculo Enclave, Santa Inez, Panaji, Goa (NW)",Fire Force Headquarters
2025-12-23T00:50:45.624Z,GA 07 G 2002-FFHQ(TURN TABLE LADDER),15.48742,73.817375,0,STOP,"Caculo Mall, 16 Shanta, St Inez Rd, Caculo Enclave, Santa Inez, Panaji, Goa (NW)",Fire Force Headquarters
2025-12-23T00:50:45.624Z,GA 07 G 7101-FFHQ(WATER TENDER),15.486877,73.817055,0,STOP,"Caculo Mall, 16 Shanta, St Inez Rd, Caculo Enclave, Santa Inez, Panaji, Goa (NW)",Fire Force Headquarters
2025-12-23T00:50:45.624Z,GA 07 G 7677-FFHQ(EMERGENCY RESCUE),15.48719,73.817192,0,STOP,"Caculo Mall, 16 Shanta, St Inez Rd, Caculo Enclave, Santa Inez, Panaji, Goa (NW)",Fire Force Headquarters
2025-12-23T00:50:45.624Z,GA 07 G 1121-PNJ(EMERGENCY RESCUE),15.487292,73.817276,0,STOP,"Caculo Mall, 16 Shanta, St Inez Rd, Caculo Enclave, Santa Inez, Panaji, Goa (NW)",Fire Station Panaji
2025-12-23T00:50:45.624Z,GA 07 G 1571-FFHQ(QUICK RESPONSE),15.48666,73.817444,0,STOP,"Caculo Mall, 16 Shanta, St Inez Rd, Caculo Enclave, Santa Inez, Panaji, Goa (NW)",Fire Force Headquarters
2025-12-23T00:50:45.624Z,GA 07 G 8101-MAP(WATER TENDER),15.589937,73.80867,0,STOP,At Fire Station Mapusa,Fire Station Mapusa
2025-12-23T00:50:45.624Z,GA 07 G 2317-MRG(EMERGENCY RESCUE TENDER),15.26931,73.970085,0,STOP,At Fire Station Margoa,Fire Station Margao
2025-12-23T00:50:45.624Z,GA 07 G 1570-VAS(QUICK RESPONSE FIRE TENDER),15.3887783,73.8513266,0,STOP,At Fire Station Vasco,Fire Station Vasco
2025-12-23T00:50:45.624Z,GA 07 G 4101-VAS(MS WATER TENDER),15.3890783,73.85092,0,STOP,At Fire Station Vasco,Fire Station Vasco
2025-12-23T00:50:45.624Z,GA 07 G 0819-VAS(WATER/FOAM TENDER),15.3888217,73.8512367,0,IDLE,At Fire Station Vasco,Fire Station Vasco
2025-12-23T00:50:45.624Z,GA 07 G 7100-MRG(WATER BOUSER),15.2694566,73.97006,0,STOP,At Fire Station Margoa,Fire Station Margao
2025-12-23T00:50:45.624Z,GA 07 G 1568-MRG(QUICK RESPONSE ),15.269325,73.9706466,0,STOP,At Fire Station Margoa,Fire Station Margao
2025-12-23T00:50:45.624Z,GA 07 G 6101-MRG(WATER TENDER),15.2693733,73.9701416,0,STOP,At Fire Station Margoa,Fire Station Margao
2025-12-23T00:50:45.624Z,GA 07 G 1001-MRG(AERIAL LADDER PLATFORM),15.2695583,73.969735,0,STOP,At Fire Station Margoa,Fire Station Margao
2025-12-23T00:50:45.624Z,GA 07 G 0820-BIC(WATER TEDNER),15.4027094,74.0029172,0,STOP,At Fire Station Ponda ,Fire Station Bicholim
2025-12-23T00:50:45.624Z,GA 07 G 5101-OLG(MS WATER TENDER),15.5003033,73.91403,0,STOP,At Fire Station Old Goa,Fire Station Old Goa
2025-12-23T00:50:45.624Z,GA 07 G 3101-BIC(MS WATER TENDER),15.5888766,73.9462733,6,STOP,At Fire Station Bicholim ,Fire Station Bicholim
2025-12-23T00:50:45.624Z,GA 07 G 1941-BIC(QUICK RESPONSE),15.5894533,73.9467033,0,STOP,At Fire Station Bicholim ,Fire Station Bicholim
2025-12-23T00:50:45.624Z,GA 07 G 2319-VAS (EMERGENCY RESCUE TENDER),15.3901916,73.8524983,0,STOP,"near melisa garage,NSD, Dabolim, Goa (SW)",Fire Station Vasco
2025-12-23T00:50:45.624Z,GA 07 G 3737-VAP(WATER TENDER),15.53099,74.1387199,0,STOP,At Fire Station Valpoi ,Fire Station Valpoi
2025-12-23T00:50:45.624Z,GA 07 G 2318-PND(EMERGENCY RESCUE TENDER),15.4028416,74.0028083,0,STOP,At Fire Station Ponda ,Fire Station Ponda
2025-12-23T00:50:45.624Z,GA 07 G 2004-PND(QUICK RESPONSE),15.4026666,74.0028483,0,STOP,At Fire Station Ponda ,Fire Station Ponda
2025-12-23T00:50:45.624Z,GA 07 G 9101-PND(WATER TENDER),15.402745,74.0028816,0,STOP,At Fire Station Ponda ,Fire Station Ponda
2025-12-23T00:50:45.624Z,GA 07 G 9797-PND(WATER BOUSER),15.402635,74.00284,0,STOP,At Fire Station Ponda ,Fire Station Ponda
2025-12-23T00:50:45.624Z,GA 07 G 6363-CAN(WATER TENDER),15.0236183,74.0440433,0,INACTIVE,"Canacona, The Lalitrajbaga ,Canacona, Canacona, Goa (NE)",Fire Station Canacona
2025-12-23T00:50:45.624Z,GA 07 G 1567-CAN(QUICK RESPONSE FT),15.0171383,74.0398266,32,INACTIVE,"Canacona, The Lalitrajbaga ,Canacona, Canacona, Goa (SW)",Fire Station Canacona
2025-12-23T00:50:45.624Z,GA 07 G 1569-VRN(QUICK RESPONSE),15.3694583,73.9356766,0,STOP,At Fire Station Verna,Fire Station Verna
2025-12-23T00:50:45.624Z,GA 07 G 9909-VRN(ADVANCE MULTI-PURPOSE),15.3695866,73.9351966,0,STOP,At Fire Station Verna,Fire Station Verna
2025-12-23T00:50:45.624Z,GA 07 G 1942-VAP(QUICK RESPONSE),15.5311233,74.1388183,0,STOP,At Fire Station Valpoi ,Fire Station Valpoi
2025-12-23T00:50:45.624Z,GA 07 G 2003-CUR(QUICK RESPONSE),15.2603983,74.1037033,0,STOP,At Fire Station Curchorem,Fire Station Curchorem
2025-12-23T00:50:45.624Z,GA 07 G 7447-CUR(EMERGENCY RESCUE),15.26048,74.1037033,0,STOP,At Fire Station Curchorem,Fire Station Curchorem
2025-12-23T00:50:45.624Z,GA 07 G 7557-CUR(WATER TENDER),15.26045,74.10345,0,STOP,At Fire Station Curchorem,Fire Station Curchorem
2025-12-23T00:50:45.624Z,GA 07 G 7667-CUR(WATER BOUSER),15.1454033,73.99108,0,STOP,"Shri Shantadurga fatarpekarin Temple, Fatorpa, Cuncolim, Goa (SW)",Fire Station Curchorem
2025-12-23T00:50:45.624Z,GA 07 G 4989-KUN(WATER TENDER),15.4630467,73.97251,0,STOP,At Fire Station Kundaim,Fire Station Kundaim
2025-12-23T00:50:45.624Z,GA 07 G 2242-PIL(WATER TENDER),15.5328322,73.7941056,0,STOP,At Fire Station Pilerne,Fire Station Pilerne
2025-12-23T00:50:45.624Z,GA 07 G 0681-MAP(QUICK RESPONSE),15.589775,73.8087733,0,STOP,At Fire Station Mapusa,Fire Station Mapusa
2025-12-23T00:50:45.624Z,GA 07 G 0307-PER(QUICK RESPONSE),15.7164939,73.7974239,0,INACTIVE,At Fire Station Pernem,Fire Station Pernem
2025-12-23T00:50:45.624Z,GA 07 G 2101-PER(MS WATER TENDER),15.7163717,73.7975772,0,STOP,At Fire Station Pernem,Fire Station Pernem
2025-12-23T00:50:45.624Z,GA 07 G 4600-PER(MINI RESCUE TENDER),15.7165206,73.7975167,0,STOP,At Fire Station Pernem,Fire Station Pernem
2025-12-23T00:50:45.624Z,GA 07 G 7272-PNJ(WATER TENDER),15.4877517,73.8175178,0,STOP,"Goa College of Home Science, Dayanand Bandodkar Road, Opposite Parade Ground Campal,, Panaji, Goa (SE)",Fire Station Panaji
2025-12-23T00:50:45.624Z,GA07G2384- Cuncolim,15.1862206,74.0209944,0,STOP,At Fire Station Cuncolim,Fire Station Cuncolim
2025-12-23T00:50:45.624Z,GA07G2507 - Mid Size (Water Tender),15.7164733,73.7974933,0,STOP,At Fire Station Pernem,Fire Station Pernem
2025-12-23T00:50:45.624Z,GA07G2505 - Mid Size (Water Tender),15.530985,74.13868,0,STOP,At Fire Station Valpoi ,Fire Station Valpoi
2025-12-23T00:50:45.624Z,GA07G2504 - Mid Size (Water Tender),15.5890983,73.9465083,0,STOP,At Fire Station Bicholim ,Fire Station Bicholim
2025-12-23T00:50:45.624Z,GA07G2503-Mid Size (Water Tender),15.5900233,73.80865,0,STOP,At Fire Station Mapusa,Fire Station Mapusa
2025-12-23T00:50:45.624Z,GA07G2502 - Mid Size (Water Tender),15.4870233,73.8172283,0,STOP,"Caculo Mall, 16 Shanta, St Inez Rd, Caculo Enclave, Santa Inez, Panaji, Goa (NW)",Fire Force Headquarters
2025-12-23T00:51:43.048Z,GA 07 G 0680-PIL(QUICK RESPONSE VEHICLE),15.5329733,73.7939283,0,STOP,At Fire Station Pilerne,Fire Station Pilerne
2025-12-23T00:51:43.048Z,GA07G2506 - Mid Size (Water Tender),15.500348,73.914085,0,INACTIVE,At Fire Station Old Goa,Fire Station Old Goa
2025-12-23T00:51:43.048Z,GA 07 G 5115-POR(MINI WATER TENDER),15.522988,73.829384,0,STOP,At Porvorim Fire Station,Fire Station Porvorim
2025-12-23T00:51:43.048Z,GA 07 G 0350-MRG(WATER TENDER),15.269428,73.970604,0,STOP,At Fire Station Margoa,Fire Station Margao
2025-12-23T00:51:43.048Z,GA 07 G 2900-MAP(MINI RESCUE TENDER),15.589908,73.808716,0,STOP,At Fire Station Mapusa,Fire Station Mapusa
2025-12-23T00:51:43.048Z,GA 07 G 7600-FFHQ(WATER BOUSER),15.487103,73.817108,0,STOP,"Caculo Mall, 16 Shanta, St Inez Rd, Caculo Enclave, Santa Inez, Panaji, Goa (NW)",Fire Force Headquarters
2025-12-23T00:51:43.048Z,GA 07 G 2002-FFHQ(TURN TABLE LADDER),15.48742,73.817375,0,STOP,"Caculo Mall, 16 Shanta, St Inez Rd, Caculo Enclave, Santa Inez, Panaji, Goa (NW)",Fire Force Headquarters
2025-12-23T00:51:43.048Z,GA 07 G 7101-FFHQ(WATER TENDER),15.486877,73.817055,0,STOP,"Caculo Mall, 16 Shanta, St Inez Rd, Caculo Enclave, Santa Inez, Panaji, Goa (NW)",Fire Force Headquarters
2025-12-23T00:51:43.048Z,GA 07 G 7677-FFHQ(EMERGENCY RESCUE),15.48719,73.817192,0,STOP,"Caculo Mall, 16 Shanta, St Inez Rd, Caculo Enclave, Santa Inez, Panaji, Goa (NW)",Fire Force Headquarters
2025-12-23T00:51:43.048Z,GA 07 G 1121-PNJ(EMERGENCY RESCUE),15.487292,73.817276,0,STOP,"Caculo Mall, 16 Shanta, St Inez Rd, Caculo Enclave, Santa Inez, Panaji, Goa (NW)",Fire Station Panaji
2025-12-23T00:51:43.048Z,GA 07 G 1571-FFHQ(QUICK RESPONSE),15.48666,73.817444,0,STOP,"Caculo Mall, 16 Shanta, St Inez Rd, Caculo Enclave, Santa Inez, Panaji, Goa (NW)",Fire Force Headquarters
2025-12-23T00:51:43.048Z,GA 07 G 8101-MAP(WATER TENDER),15.589937,73.80867,0,STOP,At Fire Station Mapusa,Fire Station Mapusa
2025-12-23T00:51:43.048Z,GA 07 G 2317-MRG(EMERGENCY RESCUE TENDER),15.2693033,73.9700766,0,STOP,At Fire Station Margoa,Fire Station Margao
2025-12-23T00:51:43.048Z,GA 07 G 1570-VAS(QUICK RESPONSE FIRE TENDER),15.3887783,73.8513266,0,STOP,At Fire Station Vasco,Fire Station Vasco
2025-12-23T00:51:43.048Z,GA 07 G 4101-VAS(MS WATER TENDER),15.3890783,73.85092,0,STOP,At Fire Station Vasco,Fire Station Vasco
2025-12-23T00:51:43.048Z,GA 07 G 0819-VAS(WATER/FOAM TENDER),15.3888217,73.8512367,0,IDLE,At Fire Station Vasco,Fire Station Vasco
2025-12-23T00:51:43.048Z,GA 07 G 7100-MRG(WATER BOUSER),15.2694566,73.97006,0,STOP,At Fire Station Margoa,Fire Station Margao
2025-12-23T00:51:43.048Z,GA 07 G 1568-MRG(QUICK RESPONSE ),15.269325,73.9706466,0,STOP,At Fire Station Margoa,Fire Station Margao
2025-12-23T00:51:43.048Z,GA 07 G 6101-MRG(WATER TENDER),15.2693733,73.9701416,0,STOP,At Fire Station Margoa,Fire Station Margao
2025-12-23T00:51:43.048Z,GA 07 G 1001-MRG(AERIAL LADDER PLATFORM),15.2695583,73.969735,0,STOP,At Fire Station Margoa,Fire Station Margao
2025-12-23T00:51:43.048Z,GA 07 G 0820-BIC(WATER TEDNER),15.4027094,74.0029172,0,STOP,At Fire Station Ponda ,Fire Station Bicholim
2025-12-23T00:51:43.048Z,GA 07 G 5101-OLG(MS WATER TENDER),15.5003033,73.91403,0,STOP,At Fire Station Old Goa,Fire Station Old Goa
2025-12-23T00:51:43.048Z,GA 07 G 3101-BIC(MS WATER TENDER),15.5882633,73.9464683,8,STOP,At Fire Station Bicholim ,Fire Station Bicholim
2025-12-23T00:51:43.048Z,GA 07 G 1941-BIC(QUICK RESPONSE),15.5894533,73.9467033,0,STOP,At Fire Station Bicholim ,Fire Station Bicholim
2025-12-23T00:51:43.048Z,GA 07 G 2319-VAS (EMERGENCY RESCUE TENDER),15.3901916,73.8524983,0,STOP,"near melisa garage,NSD, Dabolim, Goa (SW)",Fire Station Vasco
2025-12-23T00:51:43.048Z,GA 07 G 3737-VAP(WATER TENDER),15.53099,74.1387199,0,STOP,At Fire Station Valpoi ,Fire Station Valpoi
2025-12-23T00:51:43.048Z,GA 07 G 2318-PND(EMERGENCY RESCUE TENDER),15.4028416,74.0028083,0,STOP,At Fire Station Ponda ,Fire Station Ponda
2025-12-23T00:51:43.048Z,GA 07 G 2004-PND(QUICK RESPONSE),15.4026666,74.0028483,0,STOP,At Fire Station Ponda ,Fire Station Ponda
2025-12-23T00:51:43.048Z,GA 07 G 9101-PND(WATER TENDER),15.402745,74.0028816,0,STOP,At Fire Station Ponda ,Fire Station Ponda
2025-12-23T00:51:43.048Z,GA 07 G 9797-PND(WATER BOUSER),15.402635,74.00284,0,STOP,At Fire Station Ponda ,Fire Station Ponda
2025-12-23T00:51:43.048Z,GA 07 G 6363-CAN(WATER TENDER),15.0236183,74.0440433,0,INACTIVE,"Canacona, The Lalitrajbaga ,Canacona, Canacona, Goa (NE)",Fire Station Canacona
2025-12-23T00:51:43.048Z,GA 07 G 1567-CAN(QUICK RESPONSE FT),15.0171383,74.0398266,32,INACTIVE,"Canacona, The Lalitrajbaga ,Canacona, Canacona, Goa (SW)",Fire Station Canacona
2025-12-23T00:51:43.048Z,GA 07 G 1569-VRN(QUICK RESPONSE),15.3694583,73.9356766,0,STOP,At Fire Station Verna,Fire Station Verna
2025-12-23T00:51:43.048Z,GA 07 G 9909-VRN(ADVANCE MULTI-PURPOSE),15.3695866,73.9351966,0,STOP,At Fire Station Verna,Fire Station Verna
2025-12-23T00:51:43.048Z,GA 07 G 1942-VAP(QUICK RESPONSE),15.5311233,74.1388183,0,STOP,At Fire Station Valpoi ,Fire Station Valpoi
2025-12-23T00:51:43.048Z,GA 07 G 2003-CUR(QUICK RESPONSE),15.2603983,74.1037033,0,STOP,At Fire Station Curchorem,Fire Station Curchorem
2025-12-23T00:51:43.048Z,GA 07 G 7447-CUR(EMERGENCY RESCUE),15.26048,74.1037033,0,STOP,At Fire Station Curchorem,Fire Station Curchorem
2025-12-23T00:51:43.048Z,GA 07 G 7557-CUR(WATER TENDER),15.26045,74.10345,0,STOP,At Fire Station Curchorem,Fire Station Curchorem
2025-12-23T00:51:43.048Z,GA 07 G 7667-CUR(WATER BOUSER),15.1454033,73.99108,0,STOP,"Shri Shantadurga fatarpekarin Temple, Fatorpa, Cuncolim, Goa (SW)",Fire Station Curchorem
2025-12-23T00:51:43.048Z,GA 07 G 4989-KUN(WATER TENDER),15.4630467,73.97251,0,STOP,At Fire Station Kundaim,Fire Station Kundaim
2025-12-23T00:51:43.048Z,GA 07 G 2242-PIL(WATER TENDER),15.5328322,73.7941056,0,STOP,At Fire Station Pilerne,Fire Station Pilerne
2025-12-23T00:51:43.048Z,GA 07 G 0681-MAP(QUICK RESPONSE),15.589775,73.8087733,0,STOP,At Fire Station Mapusa,Fire Station Mapusa
2025-12-23T00:51:43.048Z,GA 07 G 0307-PER(QUICK RESPONSE),15.7164939,73.7974239,0,INACTIVE,At Fire Station Pernem,Fire Station Pernem
2025-12-23T00:51:43.048Z,GA 07 G 2101-PER(MS WATER TENDER),15.7163717,73.7975772,0,STOP,At Fire Station Pernem,Fire Station Pernem
2025-12-23T00:51:43.048Z,GA 07 G 4600-PER(MINI RESCUE TENDER),15.7165206,73.7975167,0,STOP,At Fire Station Pernem,Fire Station Pernem
2025-12-23T00:51:43.048Z,GA 07 G 7272-PNJ(WATER TENDER),15.4877517,73.8175178,0,STOP,"Goa College of Home Science, Dayanand Bandodkar Road, Opposite Parade Ground Campal,, Panaji, Goa (SE)",Fire Station Panaji
2025-12-23T00:51:43.048Z,GA07G2384- Cuncolim,15.1862206,74.0209944,0,STOP,At Fire Station Cuncolim,Fire Station Cuncolim
2025-12-23T00:51:43.048Z,GA07G2507 - Mid Size (Water Tender),15.7164733,73.7974933,0,STOP,At Fire Station Pernem,Fire Station Pernem
2025-12-23T00:51:43.048Z,GA07G2505 - Mid Size (Water Tender),15.530985,74.13868,0,STOP,At Fire Station Valpoi ,Fire Station Valpoi
2025-12-23T00:51:43.048Z,GA07G2504 - Mid Size (Water Tender),15.5890983,73.9465083,0,STOP,At Fire Station Bicholim ,Fire Station Bicholim
2025-12-23T00:51:43.048Z,GA07G2503-Mid Size (Water Tender),15.5900233,73.80865,0,STOP,At Fire Station Mapusa,Fire Station Mapusa
2025-12-23T00:51:43.048Z,GA07G2502 - Mid Size (Water Tender),15.4870233,73.8172283,0,STOP,"Caculo Mall, 16 Shanta, St Inez Rd, Caculo Enclave, Santa Inez, Panaji, Goa (NW)",Fire Force Headquarters
2025-12-23T00:52:45.163Z,GA 07 G 0680-PIL(QUICK RESPONSE VEHICLE),15.5329733,73.7939283,0,STOP,At Fire Station Pilerne,Fire Station Pilerne
2025-12-23T00:52:45.163Z,GA07G2506 - Mid Size (Water Tender),15.500348,73.914085,0,INACTIVE,At Fire Station Old Goa,Fire Station Old Goa
2025-12-23T00:52:45.163Z,GA 07 G 5115-POR(MINI WATER TENDER),15.522988,73.829384,0,STOP,At Porvorim Fire Station,Fire Station Porvorim
2025-12-23T00:52:45.163Z,GA 07 G 0350-MRG(WATER TENDER),15.269428,73.970604,0,STOP,At Fire Station Margoa,Fire Station Margao
2025-12-23T00:52:45.163Z,GA 07 G 2900-MAP(MINI RESCUE TENDER),15.589908,73.808716,0,STOP,At Fire Station Mapusa,Fire Station Mapusa
2025-12-23T00:52:45.163Z,GA 07 G 7600-FFHQ(WATER BOUSER),15.487103,73.817108,0,STOP,"Caculo Mall, 16 Shanta, St Inez Rd, Caculo Enclave, Santa Inez, Panaji, Goa (NW)",Fire Force Headquarters
2025-12-23T00:52:45.163Z,GA 07 G 2002-FFHQ(TURN TABLE LADDER),15.48742,73.817375,0,STOP,"Caculo Mall, 16 Shanta, St Inez Rd, Caculo Enclave, Santa Inez, Panaji, Goa (NW)",Fire Force Headquarters
2025-12-23T00:52:45.163Z,GA 07 G 7101-FFHQ(WATER TENDER),15.486877,73.817055,0,STOP,"Caculo Mall, 16 Shanta, St Inez Rd, Caculo Enclave, Santa Inez, Panaji, Goa (NW)",Fire Force Headquarters
2025-12-23T00:52:45.163Z,GA 07 G 7677-FFHQ(EMERGENCY RESCUE),15.48719,73.817192,0,STOP,"Caculo Mall, 16 Shanta, St Inez Rd, Caculo Enclave, Santa Inez, Panaji, Goa (NW)",Fire Force Headquarters
2025-12-23T00:52:45.163Z,GA 07 G 1121-PNJ(EMERGENCY RESCUE),15.487292,73.817276,0,STOP,"Caculo Mall, 16 Shanta, St Inez Rd, Caculo Enclave, Santa Inez, Panaji, Goa (NW)",Fire Station Panaji
2025-12-23T00:52:45.163Z,GA 07 G 1571-FFHQ(QUICK RESPONSE),15.48666,73.817444,0,STOP,"Caculo Mall, 16 Shanta, St Inez Rd, Caculo Enclave, Santa Inez, Panaji, Goa (NW)",Fire Force Headquarters
2025-12-23T00:52:45.163Z,GA 07 G 8101-MAP(WATER TENDER),15.589937,73.80867,0,STOP,At Fire Station Mapusa,Fire Station Mapusa
2025-12-23T00:52:45.163Z,GA 07 G 2317-MRG(EMERGENCY RESCUE TENDER),15.2694816,73.9701983,0,STOP,At Fire Station Margoa,Fire Station Margao
2025-12-23T00:52:45.163Z,GA 07 G 1570-VAS(QUICK RESPONSE FIRE TENDER),15.3887783,73.8513266,0,STOP,At Fire Station Vasco,Fire Station Vasco
2025-12-23T00:52:45.163Z,GA 07 G 4101-VAS(MS WATER TENDER),15.3890783,73.85092,0,STOP,At Fire Station Vasco,Fire Station Vasco
2025-12-23T00:52:45.163Z,GA 07 G 0819-VAS(WATER/FOAM TENDER),15.3888217,73.8512367,0,IDLE,At Fire Station Vasco,Fire Station Vasco
2025-12-23T00:52:45.163Z,GA 07 G 7100-MRG(WATER BOUSER),15.2694566,73.97006,0,STOP,At Fire Station Margoa,Fire Station Margao
2025-12-23T00:52:45.163Z,GA 07 G 1568-MRG(QUICK RESPONSE ),15.269325,73.9706466,0,STOP,At Fire Station Margoa,Fire Station Margao
2025-12-23T00:52:45.163Z,GA 07 G 6101-MRG(WATER TENDER),15.2693733,73.9701416,0,STOP,At Fire Station Margoa,Fire Station Margao
2025-12-23T00:52:45.163Z,GA 07 G 1001-MRG(AERIAL LADDER PLATFORM),15.2695583,73.969735,0,STOP,At Fire Station Margoa,Fire Station Margao
2025-12-23T00:52:45.163Z,GA 07 G 0820-BIC(WATER TEDNER),15.4027094,74.0029172,0,STOP,At Fire Station Ponda ,Fire Station Bicholim
2025-12-23T00:52:45.163Z,GA 07 G 5101-OLG(MS WATER TENDER),15.5003033,73.91403,0,STOP,At Fire Station Old Goa,Fire Station Old Goa
2025-12-23T00:52:45.163Z,GA 07 G 3101-BIC(MS WATER TENDER),15.5884866,73.94677,4,STOP,At Fire Station Bicholim ,Fire Station Bicholim
2025-12-23T00:52:45.163Z,GA 07 G 1941-BIC(QUICK RESPONSE),15.5894533,73.9467033,0,STOP,At Fire Station Bicholim ,Fire Station Bicholim
2025-12-23T00:52:45.163Z,GA 07 G 2319-VAS (EMERGENCY RESCUE TENDER),15.3901916,73.8524983,0,STOP,"near melisa garage,NSD, Dabolim, Goa (SW)",Fire Station Vasco
2025-12-23T00:52:45.163Z,GA 07 G 3737-VAP(WATER TENDER),15.53099,74.1387199,0,STOP,At Fire Station Valpoi ,Fire Station Valpoi
2025-12-23T00:52:45.163Z,GA 07 G 2318-PND(EMERGENCY RESCUE TENDER),15.4028416,74.0028083,0,STOP,At Fire Station Ponda ,Fire Station Ponda
2025-12-23T00:52:45.163Z,GA 07 G 2004-PND(QUICK RESPONSE),15.4026666,74.0028483,0,STOP,At Fire Station Ponda ,Fire Station Ponda
2025-12-23T00:52:45.163Z,GA 07 G 9101-PND(WATER TENDER),15.402745,74.0028816,0,STOP,At Fire Station Ponda ,Fire Station Ponda
2025-12-23T00:52:45.163Z,GA 07 G 9797-PND(WATER BOUSER),15.402635,74.00284,0,STOP,At Fire Station Ponda ,Fire Station Ponda
2025-12-23T00:52:45.163Z,GA 07 G 6363-CAN(WATER TENDER),15.0236183,74.0440433,0,INACTIVE,"Canacona, The Lalitrajbaga ,Canacona, Canacona, Goa (NE)",Fire Station Canacona
2025-12-23T00:52:45.163Z,GA 07 G 1567-CAN(QUICK RESPONSE FT),15.0171383,74.0398266,32,INACTIVE,"Canacona, The Lalitrajbaga ,Canacona, Canacona, Goa (SW)",Fire Station Canacona
2025-12-23T00:52:45.163Z,GA 07 G 1569-VRN(QUICK RESPONSE),15.3694583,73.9356766,0,STOP,At Fire Station Verna,Fire Station Verna
2025-12-23T00:52:45.163Z,GA 07 G 9909-VRN(ADVANCE MULTI-PURPOSE),15.3695866,73.9351966,0,STOP,At Fire Station Verna,Fire Station Verna
2025-12-23T00:52:45.163Z,GA 07 G 1942-VAP(QUICK RESPONSE),15.5311233,74.1388183,0,STOP,At Fire Station Valpoi ,Fire Station Valpoi
2025-12-23T00:52:45.163Z,GA 07 G 2003-CUR(QUICK RESPONSE),15.2603983,74.1037033,0,STOP,At Fire Station Curchorem,Fire Station Curchorem
2025-12-23T00:52:45.163Z,GA 07 G 7447-CUR(EMERGENCY RESCUE),15.26048,74.1037033,0,STOP,At Fire Station Curchorem,Fire Station Curchorem
2025-12-23T00:52:45.163Z,GA 07 G 7557-CUR(WATER TENDER),15.26045,74.10345,0,STOP,At Fire Station Curchorem,Fire Station Curchorem
2025-12-23T00:52:45.163Z,GA 07 G 7667-CUR(WATER BOUSER),15.1454033,73.99108,0,STOP,"Shri Shantadurga fatarpekarin Temple, Fatorpa, Cuncolim, Goa (SW)",Fire Station Curchorem
2025-12-23T00:52:45.163Z,GA 07 G 4989-KUN(WATER TENDER),15.4630467,73.97251,0,STOP,At Fire Station Kundaim,Fire Station Kundaim
2025-12-23T00:52:45.163Z,GA 07 G 2242-PIL(WATER TENDER),15.5328322,73.7941056,0,STOP,At Fire Station Pilerne,Fire Station Pilerne
2025-12-23T00:52:45.163Z,GA 07 G 0681-MAP(QUICK RESPONSE),15.589775,73.8087733,0,STOP,At Fire Station Mapusa,Fire Station Mapusa
2025-12-23T00:52:45.163Z,GA 07 G 0307-PER(QUICK RESPONSE),15.7164939,73.7974239,0,INACTIVE,At Fire Station Pernem,Fire Station Pernem
2025-12-23T00:52:45.163Z,GA 07 G 2101-PER(MS WATER TENDER),15.7163717,73.7975772,0,STOP,At Fire Station Pernem,Fire Station Pernem
2025-12-23T00:52:45.163Z,GA 07 G 4600-PER(MINI RESCUE TENDER),15.7165206,73.7975167,0,STOP,At Fire Station Pernem,Fire Station Pernem
2025-12-23T00:52:45.163Z,GA 07 G 7272-PNJ(WATER TENDER),15.4877517,73.8175178,0,STOP,"Goa College of Home Science, Dayanand Bandodkar Road, Opposite Parade Ground Campal,, Panaji, Goa (SE)",Fire Station Panaji
2025-12-23T00:52:45.163Z,GA07G2384- Cuncolim,15.1862206,74.0209944,0,STOP,At Fire Station Cuncolim,Fire Station Cuncolim
2025-12-23T00:52:45.163Z,GA07G2507 - Mid Size (Water Tender),15.7164733,73.7974933,0,STOP,At Fire Station Pernem,Fire Station Pernem
2025-12-23T00:52:45.163Z,GA07G2505 - Mid Size (Water Tender),15.530985,74.13868,0,STOP,At Fire Station Valpoi ,Fire Station Valpoi
2025-12-23T00:52:45.163Z,GA07G2504 - Mid Size (Water Tender),15.5890983,73.9465083,0,STOP,At Fire Station Bicholim ,Fire Station Bicholim
2025-12-23T00:52:45.163Z,GA07G2503-Mid Size (Water Tender),15.5900233,73.80865,0,STOP,At Fire Station Mapusa,Fire Station Mapusa
2025-12-23T00:52:45.163Z,GA07G2502 - Mid Size (Water Tender),15.4870233,73.8172283,0,STOP,"Caculo Mall, 16 Shanta, St Inez Rd, Caculo Enclave, Santa Inez, Panaji, Goa (NW)",Fire Force Headquarters
2025-12-23T00:53:41.235Z,GA 07 G 0680-PIL(QUICK RESPONSE VEHICLE),15.5329733,73.7939283,0,STOP,At Fire Station Pilerne,Fire Station Pilerne
2025-12-23T00:53:41.235Z,GA07G2506 - Mid Size (Water Tender),15.500348,73.914085,0,INACTIVE,At Fire Station Old Goa,Fire Station Old Goa
2025-12-23T00:53:41.235Z,GA 07 G 5115-POR(MINI WATER TENDER),15.522988,73.829384,0,STOP,At Porvorim Fire Station,Fire Station Porvorim
2025-12-23T00:53:41.235Z,GA 07 G 0350-MRG(WATER TENDER),15.269428,73.970604,0,STOP,At Fire Station Margoa,Fire Station Margao
2025-12-23T00:53:41.235Z,GA 07 G 2900-MAP(MINI RESCUE TENDER),15.589908,73.808716,0,STOP,At Fire Station Mapusa,Fire Station Mapusa
2025-12-23T00:53:41.235Z,GA 07 G 7600-FFHQ(WATER BOUSER),15.487103,73.817108,0,STOP,"Caculo Mall, 16 Shanta, St Inez Rd, Caculo Enclave, Santa Inez, Panaji, Goa (NW)",Fire Force Headquarters
2025-12-23T00:53:41.235Z,GA 07 G 2002-FFHQ(TURN TABLE LADDER),15.48742,73.817375,0,STOP,"Caculo Mall, 16 Shanta, St Inez Rd, Caculo Enclave, Santa Inez, Panaji, Goa (NW)",Fire Force Headquarters
2025-12-23T00:53:41.235Z,GA 07 G 7101-FFHQ(WATER TENDER),15.486877,73.817055,0,STOP,"Caculo Mall, 16 Shanta, St Inez Rd, Caculo Enclave, Santa Inez, Panaji, Goa (NW)",Fire Force Headquarters
2025-12-23T00:53:41.235Z,GA 07 G 7677-FFHQ(EMERGENCY RESCUE),15.48719,73.817192,0,STOP,"Caculo Mall, 16 Shanta, St Inez Rd, Caculo Enclave, Santa Inez, Panaji, Goa (NW)",Fire Force Headquarters
2025-12-23T00:53:41.235Z,GA 07 G 1121-PNJ(EMERGENCY RESCUE),15.487292,73.817276,0,STOP,"Caculo Mall, 16 Shanta, St Inez Rd, Caculo Enclave, Santa Inez, Panaji, Goa (NW)",Fire Station Panaji
2025-12-23T00:53:41.235Z,GA 07 G 1571-FFHQ(QUICK RESPONSE),15.48666,73.817444,0,STOP,"Caculo Mall, 16 Shanta, St Inez Rd, Caculo Enclave, Santa Inez, Panaji, Goa (NW)",Fire Force Headquarters
2025-12-23T00:53:41.235Z,GA 07 G 8101-MAP(WATER TENDER),15.589937,73.80867,0,STOP,At Fire Station Mapusa,Fire Station Mapusa
2025-12-23T00:53:41.235Z,GA 07 G 2317-MRG(EMERGENCY RESCUE TENDER),15.2694816,73.9701983,0,STOP,At Fire Station Margoa,Fire Station Margao
2025-12-23T00:53:41.235Z,GA 07 G 1570-VAS(QUICK RESPONSE FIRE TENDER),15.3887783,73.8513266,0,STOP,At Fire Station Vasco,Fire Station Vasco
2025-12-23T00:53:41.235Z,GA 07 G 4101-VAS(MS WATER TENDER),15.3890783,73.85092,0,STOP,At Fire Station Vasco,Fire Station Vasco
2025-12-23T00:53:41.235Z,GA 07 G 0819-VAS(WATER/FOAM TENDER),15.3888217,73.8512367,0,IDLE,At Fire Station Vasco,Fire Station Vasco
2025-12-23T00:53:41.235Z,GA 07 G 7100-MRG(WATER BOUSER),15.2694566,73.97006,0,STOP,At Fire Station Margoa,Fire Station Margao
2025-12-23T00:53:41.235Z,GA 07 G 1568-MRG(QUICK RESPONSE ),15.269325,73.9706466,0,STOP,At Fire Station Margoa,Fire Station Margao
2025-12-23T00:53:41.235Z,GA 07 G 6101-MRG(WATER TENDER),15.2693733,73.9701416,0,STOP,At Fire Station Margoa,Fire Station Margao
2025-12-23T00:53:41.235Z,GA 07 G 1001-MRG(AERIAL LADDER PLATFORM),15.2695583,73.969735,0,STOP,At Fire Station Margoa,Fire Station Margao
2025-12-23T00:53:41.235Z,GA 07 G 0820-BIC(WATER TEDNER),15.4027094,74.0029172,0,STOP,At Fire Station Ponda ,Fire Station Bicholim
2025-12-23T00:53:41.235Z,GA 07 G 5101-OLG(MS WATER TENDER),15.5003033,73.91403,0,STOP,At Fire Station Old Goa,Fire Station Old Goa
2025-12-23T00:53:41.235Z,GA 07 G 3101-BIC(MS WATER TENDER),15.5884866,73.94677,3,STOP,At Fire Station Bicholim ,Fire Station Bicholim
2025-12-23T00:53:41.235Z,GA 07 G 1941-BIC(QUICK RESPONSE),15.5894533,73.9467033,0,STOP,At Fire Station Bicholim ,Fire Station Bicholim
2025-12-23T00:53:41.235Z,GA 07 G 2319-VAS (EMERGENCY RESCUE TENDER),15.3901916,73.8524983,0,STOP,"near melisa garage,NSD, Dabolim, Goa (SW)",Fire Station Vasco
2025-12-23T00:53:41.235Z,GA 07 G 3737-VAP(WATER TENDER),15.53099,74.1387199,0,STOP,At Fire Station Valpoi ,Fire Station Valpoi
2025-12-23T00:53:41.235Z,GA 07 G 2318-PND(EMERGENCY RESCUE TENDER),15.4028416,74.0028083,0,STOP,At Fire Station Ponda ,Fire Station Ponda
2025-12-23T00:53:41.235Z,GA 07 G 2004-PND(QUICK RESPONSE),15.4026666,74.0028483,0,STOP,At Fire Station Ponda ,Fire Station Ponda
2025-12-23T00:53:41.235Z,GA 07 G 9101-PND(WATER TENDER),15.402745,74.0028816,0,STOP,At Fire Station Ponda ,Fire Station Ponda
2025-12-23T00:53:41.235Z,GA 07 G 9797-PND(WATER BOUSER),15.402635,74.00284,0,STOP,At Fire Station Ponda ,Fire Station Ponda
2025-12-23T00:53:41.235Z,GA 07 G 6363-CAN(WATER TENDER),15.0236183,74.0440433,0,INACTIVE,"Canacona, The Lalitrajbaga ,Canacona, Canacona, Goa (NE)",Fire Station Canacona
2025-12-23T00:53:41.235Z,GA 07 G 1567-CAN(QUICK RESPONSE FT),15.0171383,74.0398266,32,INACTIVE,"Canacona, The Lalitrajbaga ,Canacona, Canacona, Goa (SW)",Fire Station Canacona
2025-12-23T00:53:41.235Z,GA 07 G 1569-VRN(QUICK RESPONSE),15.3694583,73.9356766,0,STOP,At Fire Station Verna,Fire Station Verna
2025-12-23T00:53:41.235Z,GA 07 G 9909-VRN(ADVANCE MULTI-PURPOSE),15.3695866,73.9351966,0,STOP,At Fire Station Verna,Fire Station Verna
2025-12-23T00:53:41.235Z,GA 07 G 1942-VAP(QUICK RESPONSE),15.5311233,74.1388183,0,STOP,At Fire Station Valpoi ,Fire Station Valpoi
2025-12-23T00:53:41.235Z,GA 07 G 2003-CUR(QUICK RESPONSE),15.2603983,74.1037033,0,STOP,At Fire Station Curchorem,Fire Station Curchorem
2025-12-23T00:53:41.235Z,GA 07 G 7447-CUR(EMERGENCY RESCUE),15.26048,74.1037033,0,STOP,At Fire Station Curchorem,Fire Station Curchorem
2025-12-23T00:53:41.235Z,GA 07 G 7557-CUR(WATER TENDER),15.26045,74.10345,0,STOP,At Fire Station Curchorem,Fire Station Curchorem
2025-12-23T00:53:41.235Z,GA 07 G 7667-CUR(WATER BOUSER),15.1454033,73.99108,0,STOP,"Shri Shantadurga fatarpekarin Temple, Fatorpa, Cuncolim, Goa (SW)",Fire Station Curchorem
2025-12-23T00:53:41.235Z,GA 07 G 4989-KUN(WATER TENDER),15.4630467,73.97251,0,STOP,At Fire Station Kundaim,Fire Station Kundaim
2025-12-23T00:53:41.235Z,GA 07 G 2242-PIL(WATER TENDER),15.5328322,73.7941056,0,STOP,At Fire Station Pilerne,Fire Station Pilerne
2025-12-23T00:53:41.235Z,GA 07 G 0681-MAP(QUICK RESPONSE),15.589775,73.8087733,0,STOP,At Fire Station Mapusa,Fire Station Mapusa
2025-12-23T00:53:41.235Z,GA 07 G 0307-PER(QUICK RESPONSE),15.7164939,73.7974239,0,INACTIVE,At Fire Station Pernem,Fire Station Pernem
2025-12-23T00:53:41.235Z,GA 07 G 2101-PER(MS WATER TENDER),15.7163717,73.7975772,0,STOP,At Fire Station Pernem,Fire Station Pernem
2025-12-23T00:53:41.235Z,GA 07 G 4600-PER(MINI RESCUE TENDER),15.7165206,73.7975167,0,STOP,At Fire Station Pernem,Fire Station Pernem
2025-12-23T00:53:41.235Z,GA 07 G 7272-PNJ(WATER TENDER),15.4877517,73.8175178,0,STOP,"Goa College of Home Science, Dayanand Bandodkar Road, Opposite Parade Ground Campal,, Panaji, Goa (SE)",Fire Station Panaji
2025-12-23T00:53:41.235Z,GA07G2384- Cuncolim,15.1862206,74.0209944,0,STOP,At Fire Station Cuncolim,Fire Station Cuncolim
2025-12-23T00:53:41.235Z,GA07G2507 - Mid Size (Water Tender),15.7164733,73.7974933,0,STOP,At Fire Station Pernem,Fire Station Pernem
2025-12-23T00:53:41.235Z,GA07G2505 - Mid Size (Water Tender),15.530985,74.13868,0,STOP,At Fire Station Valpoi ,Fire Station Valpoi
2025-12-23T00:53:41.235Z,GA07G2504 - Mid Size (Water Tender),15.5890983,73.9465083,0,STOP,At Fire Station Bicholim ,Fire Station Bicholim
2025-12-23T00:53:41.235Z,GA07G2503-Mid Size (Water Tender),15.5900233,73.80865,0,STOP,At Fire Station Mapusa,Fire Station Mapusa
2025-12-23T00:53:41.235Z,GA07G2502 - Mid Size (Water Tender),15.4870233,73.8172283,0,STOP,"Caculo Mall, 16 Shanta, St Inez Rd, Caculo Enclave, Santa Inez, Panaji, Goa (NW)",Fire Force Headquarters
2025-12-23T00:54:45.051Z,GA 07 G 0680-PIL(QUICK RESPONSE VEHICLE),15.5329733,73.7939283,0,STOP,At Fire Station Pilerne,Fire Station Pilerne
2025-12-23T00:54:45.051Z,GA07G2506 - Mid Size (Water Tender),15.500348,73.914085,0,INACTIVE,At Fire Station Old Goa,Fire Station Old Goa
2025-12-23T00:54:45.051Z,GA 07 G 5115-POR(MINI WATER TENDER),15.522988,73.829384,0,STOP,At Porvorim Fire Station,Fire Station Porvorim
2025-12-23T00:54:45.051Z,GA 07 G 0350-MRG(WATER TENDER),15.269428,73.970604,0,STOP,At Fire Station Margoa,Fire Station Margao
2025-12-23T00:54:45.051Z,GA 07 G 2900-MAP(MINI RESCUE TENDER),15.589908,73.808716,0,STOP,At Fire Station Mapusa,Fire Station Mapusa
2025-12-23T00:54:45.051Z,GA 07 G 7600-FFHQ(WATER BOUSER),15.487103,73.817108,0,STOP,"Caculo Mall, 16 Shanta, St Inez Rd, Caculo Enclave, Santa Inez, Panaji, Goa (NW)",Fire Force Headquarters
2025-12-23T00:54:45.051Z,GA 07 G 2002-FFHQ(TURN TABLE LADDER),15.48742,73.817375,0,STOP,"Caculo Mall, 16 Shanta, St Inez Rd, Caculo Enclave, Santa Inez, Panaji, Goa (NW)",Fire Force Headquarters
2025-12-23T00:54:45.051Z,GA 07 G 7101-FFHQ(WATER TENDER),15.486877,73.817055,0,STOP,"Caculo Mall, 16 Shanta, St Inez Rd, Caculo Enclave, Santa Inez, Panaji, Goa (NW)",Fire Force Headquarters
2025-12-23T00:54:45.051Z,GA 07 G 7677-FFHQ(EMERGENCY RESCUE),15.48719,73.817192,0,STOP,"Caculo Mall, 16 Shanta, St Inez Rd, Caculo Enclave, Santa Inez, Panaji, Goa (NW)",Fire Force Headquarters
2025-12-23T00:54:45.051Z,GA 07 G 1121-PNJ(EMERGENCY RESCUE),15.487292,73.817276,0,STOP,"Caculo Mall, 16 Shanta, St Inez Rd, Caculo Enclave, Santa Inez, Panaji, Goa (NW)",Fire Station Panaji
2025-12-23T00:54:45.051Z,GA 07 G 1571-FFHQ(QUICK RESPONSE),15.48666,73.817444,0,STOP,"Caculo Mall, 16 Shanta, St Inez Rd, Caculo Enclave, Santa Inez, Panaji, Goa (NW)",Fire Force Headquarters
2025-12-23T00:54:45.051Z,GA 07 G 8101-MAP(WATER TENDER),15.589937,73.80867,0,STOP,At Fire Station Mapusa,Fire Station Mapusa
2025-12-23T00:54:45.051Z,GA 07 G 2317-MRG(EMERGENCY RESCUE TENDER),15.2694783,73.9701333,0,STOP,At Fire Station Margoa,Fire Station Margao
2025-12-23T00:54:45.051Z,GA 07 G 1570-VAS(QUICK RESPONSE FIRE TENDER),15.3887783,73.8513266,0,STOP,At Fire Station Vasco,Fire Station Vasco
2025-12-23T00:54:45.051Z,GA 07 G 4101-VAS(MS WATER TENDER),15.3890783,73.85092,0,STOP,At Fire Station Vasco,Fire Station Vasco
2025-12-23T00:54:45.051Z,GA 07 G 0819-VAS(WATER/FOAM TENDER),15.3888217,73.8512367,0,IDLE,At Fire Station Vasco,Fire Station Vasco
2025-12-23T00:54:45.051Z,GA 07 G 7100-MRG(WATER BOUSER),15.2694566,73.97006,0,STOP,At Fire Station Margoa,Fire Station Margao
2025-12-23T00:54:45.051Z,GA 07 G 1568-MRG(QUICK RESPONSE ),15.269325,73.9706466,0,STOP,At Fire Station Margoa,Fire Station Margao
2025-12-23T00:54:45.051Z,GA 07 G 6101-MRG(WATER TENDER),15.2693733,73.9701416,0,STOP,At Fire Station Margoa,Fire Station Margao
2025-12-23T00:54:45.051Z,GA 07 G 1001-MRG(AERIAL LADDER PLATFORM),15.2695583,73.969735,0,STOP,At Fire Station Margoa,Fire Station Margao
2025-12-23T00:54:45.051Z,GA 07 G 0820-BIC(WATER TEDNER),15.4027094,74.0029172,0,STOP,At Fire Station Ponda ,Fire Station Bicholim
2025-12-23T00:54:45.051Z,GA 07 G 5101-OLG(MS WATER TENDER),15.5003033,73.91403,0,STOP,At Fire Station Old Goa,Fire Station Old Goa
2025-12-23T00:54:45.051Z,GA 07 G 3101-BIC(MS WATER TENDER),15.5887716,73.9462966,1,STOP,At Fire Station Bicholim ,Fire Station Bicholim
2025-12-23T00:54:45.051Z,GA 07 G 1941-BIC(QUICK RESPONSE),15.5894533,73.9467033,0,STOP,At Fire Station Bicholim ,Fire Station Bicholim
2025-12-23T00:54:45.051Z,GA 07 G 2319-VAS (EMERGENCY RESCUE TENDER),15.3901916,73.8524983,0,STOP,"near melisa garage,NSD, Dabolim, Goa (SW)",Fire Station Vasco
2025-12-23T00:54:45.051Z,GA 07 G 3737-VAP(WATER TENDER),15.53099,74.1387199,0,STOP,At Fire Station Valpoi ,Fire Station Valpoi
2025-12-23T00:54:45.051Z,GA 07 G 2318-PND(EMERGENCY RESCUE TENDER),15.4028416,74.0028083,0,STOP,At Fire Station Ponda ,Fire Station Ponda
2025-12-23T00:54:45.051Z,GA 07 G 2004-PND(QUICK RESPONSE),15.4026666,74.0028483,0,STOP,At Fire Station Ponda ,Fire Station Ponda
2025-12-23T00:54:45.051Z,GA 07 G 9101-PND(WATER TENDER),15.402745,74.0028816,0,STOP,At Fire Station Ponda ,Fire Station Ponda
2025-12-23T00:54:45.051Z,GA 07 G 9797-PND(WATER BOUSER),15.402635,74.00284,0,STOP,At Fire Station Ponda ,Fire Station Ponda
2025-12-23T00:54:45.051Z,GA 07 G 6363-CAN(WATER TENDER),15.0236183,74.0440433,0,INACTIVE,"Canacona, The Lalitrajbaga ,Canacona, Canacona, Goa (NE)",Fire Station Canacona
2025-12-23T00:54:45.051Z,GA 07 G 1567-CAN(QUICK RESPONSE FT),15.0171383,74.0398266,32,INACTIVE,"Canacona, The Lalitrajbaga ,Canacona, Canacona, Goa (SW)",Fire Station Canacona
2025-12-23T00:54:45.051Z,GA 07 G 1569-VRN(QUICK RESPONSE),15.3694583,73.9356766,0,STOP,At Fire Station Verna,Fire Station Verna
2025-12-23T00:54:45.051Z,GA 07 G 9909-VRN(ADVANCE MULTI-PURPOSE),15.3695866,73.9351966,0,STOP,At Fire Station Verna,Fire Station Verna
2025-12-23T00:54:45.051Z,GA 07 G 1942-VAP(QUICK RESPONSE),15.5311233,74.1388183,0,STOP,At Fire Station Valpoi ,Fire Station Valpoi
2025-12-23T00:54:45.051Z,GA 07 G 2003-CUR(QUICK RESPONSE),15.2603983,74.1037033,0,STOP,At Fire Station Curchorem,Fire Station Curchorem
2025-12-23T00:54:45.051Z,GA 07 G 7447-CUR(EMERGENCY RESCUE),15.26048,74.1037033,0,STOP,At Fire Station Curchorem,Fire Station Curchorem
2025-12-23T00:54:45.051Z,GA 07 G 7557-CUR(WATER TENDER),15.26045,74.10345,0,STOP,At Fire Station Curchorem,Fire Station Curchorem
2025-12-23T00:54:45.051Z,GA 07 G 7667-CUR(WATER BOUSER),15.1454033,73.99108,0,STOP,"Shri Shantadurga fatarpekarin Temple, Fatorpa, Cuncolim, Goa (SW)",Fire Station Curchorem
2025-12-23T00:54:45.051Z,GA 07 G 4989-KUN(WATER TENDER),15.4630467,73.97251,0,STOP,At Fire Station Kundaim,Fire Station Kundaim
2025-12-23T00:54:45.051Z,GA 07 G 2242-PIL(WATER TENDER),15.5328322,73.7941056,0,STOP,At Fire Station Pilerne,Fire Station Pilerne
2025-12-23T00:54:45.051Z,GA 07 G 0681-MAP(QUICK RESPONSE),15.589775,73.8087733,0,STOP,At Fire Station Mapusa,Fire Station Mapusa
2025-12-23T00:54:45.051Z,GA 07 G 0307-PER(QUICK RESPONSE),15.7164939,73.7974239,0,INACTIVE,At Fire Station Pernem,Fire Station Pernem
2025-12-23T00:54:45.051Z,GA 07 G 2101-PER(MS WATER TENDER),15.7163717,73.7975772,0,STOP,At Fire Station Pernem,Fire Station Pernem
2025-12-23T00:54:45.051Z,GA 07 G 4600-PER(MINI RESCUE TENDER),15.7165206,73.7975167,0,STOP,At Fire Station Pernem,Fire Station Pernem
2025-12-23T00:54:45.051Z,GA 07 G 7272-PNJ(WATER TENDER),15.4877517,73.8175178,0,STOP,"Goa College of Home Science, Dayanand Bandodkar Road, Opposite Parade Ground Campal,, Panaji, Goa (SE)",Fire Station Panaji
2025-12-23T00:54:45.051Z,GA07G2384- Cuncolim,15.1862206,74.0209944,0,STOP,At Fire Station Cuncolim,Fire Station Cuncolim
2025-12-23T00:54:45.051Z,GA07G2507 - Mid Size (Water Tender),15.7164733,73.7974933,0,STOP,At Fire Station Pernem,Fire Station Pernem
2025-12-23T00:54:45.051Z,GA07G2505 - Mid Size (Water Tender),15.530985,74.13868,0,STOP,At Fire Station Valpoi ,Fire Station Valpoi
2025-12-23T00:54:45.051Z,GA07G2504 - Mid Size (Water Tender),15.5890983,73.9465083,0,STOP,At Fire Station Bicholim ,Fire Station Bicholim
2025-12-23T00:54:45.051Z,GA07G2503-Mid Size (Water Tender),15.5900233,73.80865,0,STOP,At Fire Station Mapusa,Fire Station Mapusa
2025-12-23T00:54:45.051Z,GA07G2502 - Mid Size (Water Tender),15.4870233,73.8172283,0,STOP,"Caculo Mall, 16 Shanta, St Inez Rd, Caculo Enclave, Santa Inez, Panaji, Goa (NW)",Fire Force Headquarters
2025-12-23T00:55:49.235Z,GA 07 G 0680-PIL(QUICK RESPONSE VEHICLE),15.5329733,73.7939283,0,STOP,At Fire Station Pilerne,Fire Station Pilerne
2025-12-23T00:55:49.235Z,GA07G2506 - Mid Size (Water Tender),15.500348,73.914085,0,INACTIVE,At Fire Station Old Goa,Fire Station Old Goa
2025-12-23T00:55:49.235Z,GA 07 G 5115-POR(MINI WATER TENDER),15.522988,73.829384,0,STOP,At Porvorim Fire Station,Fire Station Porvorim
2025-12-23T00:55:49.235Z,GA 07 G 0350-MRG(WATER TENDER),15.269428,73.970604,0,STOP,At Fire Station Margoa,Fire Station Margao
2025-12-23T00:55:49.235Z,GA 07 G 2900-MAP(MINI RESCUE TENDER),15.589908,73.808716,0,STOP,At Fire Station Mapusa,Fire Station Mapusa
2025-12-23T00:55:49.235Z,GA 07 G 7600-FFHQ(WATER BOUSER),15.487103,73.817108,0,STOP,"Caculo Mall, 16 Shanta, St Inez Rd, Caculo Enclave, Santa Inez, Panaji, Goa (NW)",Fire Force Headquarters
2025-12-23T00:55:49.235Z,GA 07 G 2002-FFHQ(TURN TABLE LADDER),15.48742,73.817375,0,STOP,"Caculo Mall, 16 Shanta, St Inez Rd, Caculo Enclave, Santa Inez, Panaji, Goa (NW)",Fire Force Headquarters
2025-12-23T00:55:49.235Z,GA 07 G 7101-FFHQ(WATER TENDER),15.486877,73.817055,0,STOP,"Caculo Mall, 16 Shanta, St Inez Rd, Caculo Enclave, Santa Inez, Panaji, Goa (NW)",Fire Force Headquarters
2025-12-23T00:55:49.235Z,GA 07 G 7677-FFHQ(EMERGENCY RESCUE),15.48719,73.817192,0,STOP,"Caculo Mall, 16 Shanta, St Inez Rd, Caculo Enclave, Santa Inez, Panaji, Goa (NW)",Fire Force Headquarters
2025-12-23T00:55:49.235Z,GA 07 G 1121-PNJ(EMERGENCY RESCUE),15.487292,73.817276,0,STOP,"Caculo Mall, 16 Shanta, St Inez Rd, Caculo Enclave, Santa Inez, Panaji, Goa (NW)",Fire Station Panaji
2025-12-23T00:55:49.235Z,GA 07 G 1571-FFHQ(QUICK RESPONSE),15.48666,73.817444,0,STOP,"Caculo Mall, 16 Shanta, St Inez Rd, Caculo Enclave, Santa Inez, Panaji, Goa (NW)",Fire Force Headquarters
2025-12-23T00:55:49.235Z,GA 07 G 8101-MAP(WATER TENDER),15.589937,73.80867,0,STOP,At Fire Station Mapusa,Fire Station Mapusa
2025-12-23T00:55:49.235Z,GA 07 G 2317-MRG(EMERGENCY RESCUE TENDER),15.2694783,73.9701333,2,STOP,At Fire Station Margoa,Fire Station Margao
2025-12-23T00:55:49.235Z,GA 07 G 1570-VAS(QUICK RESPONSE FIRE TENDER),15.3887783,73.8513266,0,STOP,At Fire Station Vasco,Fire Station Vasco
2025-12-23T00:55:49.235Z,GA 07 G 4101-VAS(MS WATER TENDER),15.3890783,73.85092,0,STOP,At Fire Station Vasco,Fire Station Vasco
2025-12-23T00:55:49.235Z,GA 07 G 0819-VAS(WATER/FOAM TENDER),15.3888217,73.8512367,0,IDLE,At Fire Station Vasco,Fire Station Vasco
2025-12-23T00:55:49.235Z,GA 07 G 7100-MRG(WATER BOUSER),15.2694566,73.97006,0,STOP,At Fire Station Margoa,Fire Station Margao
2025-12-23T00:55:49.235Z,GA 07 G 1568-MRG(QUICK RESPONSE ),15.269325,73.9706466,0,STOP,At Fire Station Margoa,Fire Station Margao
2025-12-23T00:55:49.235Z,GA 07 G 6101-MRG(WATER TENDER),15.2693733,73.9701416,0,STOP,At Fire Station Margoa,Fire Station Margao
2025-12-23T00:55:49.235Z,GA 07 G 1001-MRG(AERIAL LADDER PLATFORM),15.2695583,73.969735,0,STOP,At Fire Station Margoa,Fire Station Margao
2025-12-23T00:55:49.235Z,GA 07 G 0820-BIC(WATER TEDNER),15.4027094,74.0029172,0,STOP,At Fire Station Ponda ,Fire Station Bicholim
2025-12-23T00:55:49.235Z,GA 07 G 5101-OLG(MS WATER TENDER),15.5003033,73.91403,0,STOP,At Fire Station Old Goa,Fire Station Old Goa
2025-12-23T00:55:49.235Z,GA 07 G 3101-BIC(MS WATER TENDER),15.588705,73.9463783,4,STOP,At Fire Station Bicholim ,Fire Station Bicholim
2025-12-23T00:55:49.235Z,GA 07 G 1941-BIC(QUICK RESPONSE),15.5894533,73.9467033,0,STOP,At Fire Station Bicholim ,Fire Station Bicholim
2025-12-23T00:55:49.235Z,GA 07 G 2319-VAS (EMERGENCY RESCUE TENDER),15.3901916,73.8524983,0,STOP,"near melisa garage,NSD, Dabolim, Goa (SW)",Fire Station Vasco
2025-12-23T00:55:49.235Z,GA 07 G 3737-VAP(WATER TENDER),15.53099,74.1387199,0,STOP,At Fire Station Valpoi ,Fire Station Valpoi
2025-12-23T00:55:49.235Z,GA 07 G 2318-PND(EMERGENCY RESCUE TENDER),15.4028416,74.0028083,0,STOP,At Fire Station Ponda ,Fire Station Ponda
2025-12-23T00:55:49.235Z,GA 07 G 2004-PND(QUICK RESPONSE),15.4026666,74.0028483,0,STOP,At Fire Station Ponda ,Fire Station Ponda
2025-12-23T00:55:49.235Z,GA 07 G 9101-PND(WATER TENDER),15.402745,74.0028816,0,STOP,At Fire Station Ponda ,Fire Station Ponda
2025-12-23T00:55:49.235Z,GA 07 G 9797-PND(WATER BOUSER),15.402635,74.00284,0,STOP,At Fire Station Ponda ,Fire Station Ponda
2025-12-23T00:55:49.235Z,GA 07 G 6363-CAN(WATER TENDER),15.0236183,74.0440433,0,INACTIVE,"Canacona, The Lalitrajbaga ,Canacona, Canacona, Goa (NE)",Fire Station Canacona
2025-12-23T00:55:49.235Z,GA 07 G 1567-CAN(QUICK RESPONSE FT),15.0171383,74.0398266,32,INACTIVE,"Canacona, The Lalitrajbaga ,Canacona, Canacona, Goa (SW)",Fire Station Canacona
2025-12-23T00:55:49.235Z,GA 07 G 1569-VRN(QUICK RESPONSE),15.3694583,73.9356766,0,STOP,At Fire Station Verna,Fire Station Verna
2025-12-23T00:55:49.235Z,GA 07 G 9909-VRN(ADVANCE MULTI-PURPOSE),15.3695866,73.9351966,0,STOP,At Fire Station Verna,Fire Station Verna
2025-12-23T00:55:49.235Z,GA 07 G 1942-VAP(QUICK RESPONSE),15.5311233,74.1388183,0,STOP,At Fire Station Valpoi ,Fire Station Valpoi
2025-12-23T00:55:49.235Z,GA 07 G 2003-CUR(QUICK RESPONSE),15.2603983,74.1037033,0,STOP,At Fire Station Curchorem,Fire Station Curchorem
2025-12-23T00:55:49.235Z,GA 07 G 7447-CUR(EMERGENCY RESCUE),15.26048,74.1037033,0,STOP,At Fire Station Curchorem,Fire Station Curchorem
2025-12-23T00:55:49.235Z,GA 07 G 7557-CUR(WATER TENDER),15.26045,74.10345,0,STOP,At Fire Station Curchorem,Fire Station Curchorem
2025-12-23T00:55:49.235Z,GA 07 G 7667-CUR(WATER BOUSER),15.1454033,73.99108,0,STOP,"Shri Shantadurga fatarpekarin Temple, Fatorpa, Cuncolim, Goa (SW)",Fire Station Curchorem
2025-12-23T00:55:49.235Z,GA 07 G 4989-KUN(WATER TENDER),15.4630467,73.97251,0,STOP,At Fire Station Kundaim,Fire Station Kundaim
2025-12-23T00:55:49.235Z,GA 07 G 2242-PIL(WATER TENDER),15.5328322,73.7941056,0,STOP,At Fire Station Pilerne,Fire Station Pilerne
2025-12-23T00:55:49.235Z,GA 07 G 0681-MAP(QUICK RESPONSE),15.589775,73.8087733,0,STOP,At Fire Station Mapusa,Fire Station Mapusa
2025-12-23T00:55:49.235Z,GA 07 G 0307-PER(QUICK RESPONSE),15.7164939,73.7974239,0,INACTIVE,At Fire Station Pernem,Fire Station Pernem
2025-12-23T00:55:49.235Z,GA 07 G 2101-PER(MS WATER TENDER),15.7163717,73.7975772,0,STOP,At Fire Station Pernem,Fire Station Pernem
2025-12-23T00:55:49.235Z,GA 07 G 4600-PER(MINI RESCUE TENDER),15.7165206,73.7975167,0,STOP,At Fire Station Pernem,Fire Station Pernem
2025-12-23T00:55:49.235Z,GA 07 G 7272-PNJ(WATER TENDER),15.4877517,73.8175178,0,STOP,"Goa College of Home Science, Dayanand Bandodkar Road, Opposite Parade Ground Campal,, Panaji, Goa (SE)",Fire Station Panaji
2025-12-23T00:55:49.235Z,GA07G2384- Cuncolim,15.1862206,74.0209944,0,STOP,At Fire Station Cuncolim,Fire Station Cuncolim
2025-12-23T00:55:49.235Z,GA07G2507 - Mid Size (Water Tender),15.7164733,73.7974933,0,STOP,At Fire Station Pernem,Fire Station Pernem
2025-12-23T00:55:49.235Z,GA07G2505 - Mid Size (Water Tender),15.530985,74.13868,0,STOP,At Fire Station Valpoi ,Fire Station Valpoi
2025-12-23T00:55:49.235Z,GA07G2504 - Mid Size (Water Tender),15.5890983,73.9465083,0,STOP,At Fire Station Bicholim ,Fire Station Bicholim
2025-12-23T00:55:49.235Z,GA07G2503-Mid Size (Water Tender),15.5900233,73.80865,0,STOP,At Fire Station Mapusa,Fire Station Mapusa
2025-12-23T00:55:49.235Z,GA07G2502 - Mid Size (Water Tender),15.4870233,73.8172283,0,STOP,"Caculo Mall, 16 Shanta, St Inez Rd, Caculo Enclave, Santa Inez, Panaji, Goa (NW)",Fire Force Headquarters
2025-12-23T00:56:47.909Z,GA 07 G 0680-PIL(QUICK RESPONSE VEHICLE),15.5329733,73.7939283,0,STOP,At Fire Station Pilerne,Fire Station Pilerne
2025-12-23T00:56:47.909Z,GA07G2506 - Mid Size (Water Tender),15.500348,73.914085,0,INACTIVE,At Fire Station Old Goa,Fire Station Old Goa
2025-12-23T00:56:47.909Z,GA 07 G 5115-POR(MINI WATER TENDER),15.522988,73.829384,0,STOP,At Porvorim Fire Station,Fire Station Porvorim
2025-12-23T00:56:47.909Z,GA 07 G 0350-MRG(WATER TENDER),15.269428,73.970604,0,STOP,At Fire Station Margoa,Fire Station Margao
2025-12-23T00:56:47.909Z,GA 07 G 2900-MAP(MINI RESCUE TENDER),15.589908,73.808716,0,STOP,At Fire Station Mapusa,Fire Station Mapusa
2025-12-23T00:56:47.909Z,GA 07 G 7600-FFHQ(WATER BOUSER),15.487103,73.817108,0,STOP,"Caculo Mall, 16 Shanta, St Inez Rd, Caculo Enclave, Santa Inez, Panaji, Goa (NW)",Fire Force Headquarters
2025-12-23T00:56:47.909Z,GA 07 G 2002-FFHQ(TURN TABLE LADDER),15.48742,73.817375,0,STOP,"Caculo Mall, 16 Shanta, St Inez Rd, Caculo Enclave, Santa Inez, Panaji, Goa (NW)",Fire Force Headquarters
2025-12-23T00:56:47.909Z,GA 07 G 7101-FFHQ(WATER TENDER),15.486877,73.817055,0,STOP,"Caculo Mall, 16 Shanta, St Inez Rd, Caculo Enclave, Santa Inez, Panaji, Goa (NW)",Fire Force Headquarters
2025-12-23T00:56:47.909Z,GA 07 G 7677-FFHQ(EMERGENCY RESCUE),15.48719,73.817192,0,STOP,"Caculo Mall, 16 Shanta, St Inez Rd, Caculo Enclave, Santa Inez, Panaji, Goa (NW)",Fire Force Headquarters
2025-12-23T00:56:47.909Z,GA 07 G 1121-PNJ(EMERGENCY RESCUE),15.487292,73.817276,0,STOP,"Caculo Mall, 16 Shanta, St Inez Rd, Caculo Enclave, Santa Inez, Panaji, Goa (NW)",Fire Station Panaji
2025-12-23T00:56:47.909Z,GA 07 G 1571-FFHQ(QUICK RESPONSE),15.48666,73.817444,0,STOP,"Caculo Mall, 16 Shanta, St Inez Rd, Caculo Enclave, Santa Inez, Panaji, Goa (NW)",Fire Force Headquarters
2025-12-23T00:56:47.909Z,GA 07 G 8101-MAP(WATER TENDER),15.589937,73.80867,0,STOP,At Fire Station Mapusa,Fire Station Mapusa
2025-12-23T00:56:47.909Z,GA 07 G 2317-MRG(EMERGENCY RESCUE TENDER),15.26937,73.970035,0,STOP,At Fire Station Margoa,Fire Station Margao
2025-12-23T00:56:47.909Z,GA 07 G 1570-VAS(QUICK RESPONSE FIRE TENDER),15.3887783,73.8513266,0,STOP,At Fire Station Vasco,Fire Station Vasco
2025-12-23T00:56:47.909Z,GA 07 G 4101-VAS(MS WATER TENDER),15.3890783,73.85092,0,STOP,At Fire Station Vasco,Fire Station Vasco
2025-12-23T00:56:47.909Z,GA 07 G 0819-VAS(WATER/FOAM TENDER),15.3888217,73.8512367,0,IDLE,At Fire Station Vasco,Fire Station Vasco
2025-12-23T00:56:47.909Z,GA 07 G 7100-MRG(WATER BOUSER),15.2694566,73.97006,0,STOP,At Fire Station Margoa,Fire Station Margao
2025-12-23T00:56:47.909Z,GA 07 G 1568-MRG(QUICK RESPONSE ),15.269325,73.9706466,0,STOP,At Fire Station Margoa,Fire Station Margao
2025-12-23T00:56:47.909Z,GA 07 G 6101-MRG(WATER TENDER),15.2693733,73.9701416,0,STOP,At Fire Station Margoa,Fire Station Margao
2025-12-23T00:56:47.909Z,GA 07 G 1001-MRG(AERIAL LADDER PLATFORM),15.2695583,73.969735,0,STOP,At Fire Station Margoa,Fire Station Margao
2025-12-23T00:56:47.909Z,GA 07 G 0820-BIC(WATER TEDNER),15.4027094,74.0029172,0,STOP,At Fire Station Ponda ,Fire Station Bicholim
2025-12-23T00:56:47.909Z,GA 07 G 5101-OLG(MS WATER TENDER),15.5003033,73.91403,0,STOP,At Fire Station Old Goa,Fire Station Old Goa
2025-12-23T00:56:47.909Z,GA 07 G 3101-BIC(MS WATER TENDER),15.588705,73.9463783,0,STOP,At Fire Station Bicholim ,Fire Station Bicholim
2025-12-23T00:56:47.909Z,GA 07 G 1941-BIC(QUICK RESPONSE),15.5894533,73.9467033,0,STOP,At Fire Station Bicholim ,Fire Station Bicholim
2025-12-23T00:56:47.909Z,GA 07 G 2319-VAS (EMERGENCY RESCUE TENDER),15.3901916,73.8524983,0,STOP,"near melisa garage,NSD, Dabolim, Goa (SW)",Fire Station Vasco
2025-12-23T00:56:47.909Z,GA 07 G 3737-VAP(WATER TENDER),15.53099,74.1387199,0,STOP,At Fire Station Valpoi ,Fire Station Valpoi
2025-12-23T00:56:47.909Z,GA 07 G 2318-PND(EMERGENCY RESCUE TENDER),15.4028416,74.0028083,0,STOP,At Fire Station Ponda ,Fire Station Ponda
2025-12-23T00:56:47.909Z,GA 07 G 2004-PND(QUICK RESPONSE),15.4026666,74.0028483,0,STOP,At Fire Station Ponda ,Fire Station Ponda
2025-12-23T00:56:47.909Z,GA 07 G 9101-PND(WATER TENDER),15.402745,74.0028816,0,STOP,At Fire Station Ponda ,Fire Station Ponda
2025-12-23T00:56:47.909Z,GA 07 G 9797-PND(WATER BOUSER),15.402635,74.00284,0,STOP,At Fire Station Ponda ,Fire Station Ponda
2025-12-23T00:56:47.909Z,GA 07 G 6363-CAN(WATER TENDER),15.0236183,74.0440433,0,INACTIVE,"Canacona, The Lalitrajbaga ,Canacona, Canacona, Goa (NE)",Fire Station Canacona
2025-12-23T00:56:47.909Z,GA 07 G 1567-CAN(QUICK RESPONSE FT),15.0171383,74.0398266,32,INACTIVE,"Canacona, The Lalitrajbaga ,Canacona, Canacona, Goa (SW)",Fire Station Canacona
2025-12-23T00:56:47.909Z,GA 07 G 1569-VRN(QUICK RESPONSE),15.3694583,73.9356766,0,STOP,At Fire Station Verna,Fire Station Verna
2025-12-23T00:56:47.909Z,GA 07 G 9909-VRN(ADVANCE MULTI-PURPOSE),15.3695866,73.9351966,0,STOP,At Fire Station Verna,Fire Station Verna
2025-12-23T00:56:47.909Z,GA 07 G 1942-VAP(QUICK RESPONSE),15.5311233,74.1388183,0,STOP,At Fire Station Valpoi ,Fire Station Valpoi
2025-12-23T00:56:47.909Z,GA 07 G 2003-CUR(QUICK RESPONSE),15.2603983,74.1037033,0,STOP,At Fire Station Curchorem,Fire Station Curchorem
2025-12-23T00:56:47.909Z,GA 07 G 7447-CUR(EMERGENCY RESCUE),15.26048,74.1037033,0,STOP,At Fire Station Curchorem,Fire Station Curchorem
2025-12-23T00:56:47.909Z,GA 07 G 7557-CUR(WATER TENDER),15.26045,74.10345,0,STOP,At Fire Station Curchorem,Fire Station Curchorem
2025-12-23T00:56:47.909Z,GA 07 G 7667-CUR(WATER BOUSER),15.1454033,73.99108,0,STOP,"Shri Shantadurga fatarpekarin Temple, Fatorpa, Cuncolim, Goa (SW)",Fire Station Curchorem
2025-12-23T00:56:47.909Z,GA 07 G 4989-KUN(WATER TENDER),15.4630467,73.97251,0,STOP,At Fire Station Kundaim,Fire Station Kundaim
2025-12-23T00:56:47.909Z,GA 07 G 2242-PIL(WATER TENDER),15.5328322,73.7941056,0,STOP,At Fire Station Pilerne,Fire Station Pilerne
2025-12-23T00:56:47.909Z,GA 07 G 0681-MAP(QUICK RESPONSE),15.589775,73.8087733,0,STOP,At Fire Station Mapusa,Fire Station Mapusa
2025-12-23T00:56:47.909Z,GA 07 G 0307-PER(QUICK RESPONSE),15.7164939,73.7974239,0,INACTIVE,At Fire Station Pernem,Fire Station Pernem
2025-12-23T00:56:47.909Z,GA 07 G 2101-PER(MS WATER TENDER),15.7163717,73.7975772,0,STOP,At Fire Station Pernem,Fire Station Pernem
2025-12-23T00:56:47.909Z,GA 07 G 4600-PER(MINI RESCUE TENDER),15.7165206,73.7975167,0,STOP,At Fire Station Pernem,Fire Station Pernem
2025-12-23T00:56:47.909Z,GA 07 G 7272-PNJ(WATER TENDER),15.4877517,73.8175178,0,STOP,"Goa College of Home Science, Dayanand Bandodkar Road, Opposite Parade Ground Campal,, Panaji, Goa (SE)",Fire Station Panaji
2025-12-23T00:56:47.909Z,GA07G2384- Cuncolim,15.1862206,74.0209944,0,STOP,At Fire Station Cuncolim,Fire Station Cuncolim
2025-12-23T00:56:47.909Z,GA07G2507 - Mid Size (Water Tender),15.7164733,73.7974933,0,STOP,At Fire Station Pernem,Fire Station Pernem
2025-12-23T00:56:47.909Z,GA07G2505 - Mid Size (Water Tender),15.530985,74.13868,0,STOP,At Fire Station Valpoi ,Fire Station Valpoi
2025-12-23T00:56:47.909Z,GA07G2504 - Mid Size (Water Tender),15.5890983,73.9465083,0,STOP,At Fire Station Bicholim ,Fire Station Bicholim
2025-12-23T00:56:47.909Z,GA07G2503-Mid Size (Water Tender),15.5900233,73.80865,0,STOP,At Fire Station Mapusa,Fire Station Mapusa
2025-12-23T00:56:47.909Z,GA07G2502 - Mid Size (Water Tender),15.4870233,73.8172283,0,STOP,"Caculo Mall, 16 Shanta, St Inez Rd, Caculo Enclave, Santa Inez, Panaji, Goa (NW)",Fire Force Headquarters
2025-12-23T00:57:42.539Z,GA 07 G 0680-PIL(QUICK RESPONSE VEHICLE),15.5329733,73.7939283,0,STOP,At Fire Station Pilerne,Fire Station Pilerne
2025-12-23T00:57:42.539Z,GA07G2506 - Mid Size (Water Tender),15.500348,73.914085,0,INACTIVE,At Fire Station Old Goa,Fire Station Old Goa
2025-12-23T00:57:42.539Z,GA 07 G 5115-POR(MINI WATER TENDER),15.522988,73.829384,0,STOP,At Porvorim Fire Station,Fire Station Porvorim
2025-12-23T00:57:42.539Z,GA 07 G 0350-MRG(WATER TENDER),15.269428,73.970604,0,STOP,At Fire Station Margoa,Fire Station Margao
2025-12-23T00:57:42.539Z,GA 07 G 2900-MAP(MINI RESCUE TENDER),15.589908,73.808716,0,STOP,At Fire Station Mapusa,Fire Station Mapusa
2025-12-23T00:57:42.539Z,GA 07 G 7600-FFHQ(WATER BOUSER),15.487103,73.817108,0,STOP,"Caculo Mall, 16 Shanta, St Inez Rd, Caculo Enclave, Santa Inez, Panaji, Goa (NW)",Fire Force Headquarters
2025-12-23T00:57:42.539Z,GA 07 G 2002-FFHQ(TURN TABLE LADDER),15.48742,73.817375,0,STOP,"Caculo Mall, 16 Shanta, St Inez Rd, Caculo Enclave, Santa Inez, Panaji, Goa (NW)",Fire Force Headquarters
2025-12-23T00:57:42.539Z,GA 07 G 7101-FFHQ(WATER TENDER),15.486877,73.817055,0,STOP,"Caculo Mall, 16 Shanta, St Inez Rd, Caculo Enclave, Santa Inez, Panaji, Goa (NW)",Fire Force Headquarters
2025-12-23T00:57:42.539Z,GA 07 G 7677-FFHQ(EMERGENCY RESCUE),15.48719,73.817192,0,STOP,"Caculo Mall, 16 Shanta, St Inez Rd, Caculo Enclave, Santa Inez, Panaji, Goa (NW)",Fire Force Headquarters
2025-12-23T00:57:42.539Z,GA 07 G 1121-PNJ(EMERGENCY RESCUE),15.487292,73.817276,0,STOP,"Caculo Mall, 16 Shanta, St Inez Rd, Caculo Enclave, Santa Inez, Panaji, Goa (NW)",Fire Station Panaji
2025-12-23T00:57:42.539Z,GA 07 G 1571-FFHQ(QUICK RESPONSE),15.48666,73.817444,0,STOP,"Caculo Mall, 16 Shanta, St Inez Rd, Caculo Enclave, Santa Inez, Panaji, Goa (NW)",Fire Force Headquarters
2025-12-23T00:57:42.539Z,GA 07 G 8101-MAP(WATER TENDER),15.589937,73.80867,0,STOP,At Fire Station Mapusa,Fire Station Mapusa
2025-12-23T00:57:42.539Z,GA 07 G 2317-MRG(EMERGENCY RESCUE TENDER),15.26969,73.97019,1,STOP,At Fire Station Margoa,Fire Station Margao
2025-12-23T00:57:42.539Z,GA 07 G 1570-VAS(QUICK RESPONSE FIRE TENDER),15.3887783,73.8513266,0,STOP,At Fire Station Vasco,Fire Station Vasco
2025-12-23T00:57:42.539Z,GA 07 G 4101-VAS(MS WATER TENDER),15.3890783,73.85092,0,STOP,At Fire Station Vasco,Fire Station Vasco
2025-12-23T00:57:42.539Z,GA 07 G 0819-VAS(WATER/FOAM TENDER),15.3888217,73.8512367,0,IDLE,At Fire Station Vasco,Fire Station Vasco
2025-12-23T00:57:42.539Z,GA 07 G 7100-MRG(WATER BOUSER),15.2694566,73.97006,0,STOP,At Fire Station Margoa,Fire Station Margao
2025-12-23T00:57:42.539Z,GA 07 G 1568-MRG(QUICK RESPONSE ),15.269325,73.9706466,0,STOP,At Fire Station Margoa,Fire Station Margao
2025-12-23T00:57:42.539Z,GA 07 G 6101-MRG(WATER TENDER),15.2693733,73.9701416,0,STOP,At Fire Station Margoa,Fire Station Margao
2025-12-23T00:57:42.539Z,GA 07 G 1001-MRG(AERIAL LADDER PLATFORM),15.2695583,73.969735,0,STOP,At Fire Station Margoa,Fire Station Margao
2025-12-23T00:57:42.539Z,GA 07 G 0820-BIC(WATER TEDNER),15.4027094,74.0029172,0,STOP,At Fire Station Ponda ,Fire Station Bicholim
2025-12-23T00:57:42.539Z,GA 07 G 5101-OLG(MS WATER TENDER),15.5003033,73.91403,0,STOP,At Fire Station Old Goa,Fire Station Old Goa
2025-12-23T00:57:42.539Z,GA 07 G 3101-BIC(MS WATER TENDER),15.588705,73.9463783,1,STOP,At Fire Station Bicholim ,Fire Station Bicholim
2025-12-23T00:57:42.539Z,GA 07 G 1941-BIC(QUICK RESPONSE),15.5894533,73.9467033,0,STOP,At Fire Station Bicholim ,Fire Station Bicholim
2025-12-23T00:57:42.539Z,GA 07 G 2319-VAS (EMERGENCY RESCUE TENDER),15.3901916,73.8524983,0,STOP,"near melisa garage,NSD, Dabolim, Goa (SW)",Fire Station Vasco
2025-12-23T00:57:42.539Z,GA 07 G 3737-VAP(WATER TENDER),15.53099,74.1387199,0,STOP,At Fire Station Valpoi ,Fire Station Valpoi
2025-12-23T00:57:42.539Z,GA 07 G 2318-PND(EMERGENCY RESCUE TENDER),15.4028416,74.0028083,0,STOP,At Fire Station Ponda ,Fire Station Ponda
2025-12-23T00:57:42.539Z,GA 07 G 2004-PND(QUICK RESPONSE),15.4026666,74.0028483,0,STOP,At Fire Station Ponda ,Fire Station Ponda
2025-12-23T00:57:42.539Z,GA 07 G 9101-PND(WATER TENDER),15.402745,74.0028816,0,STOP,At Fire Station Ponda ,Fire Station Ponda
2025-12-23T00:57:42.539Z,GA 07 G 9797-PND(WATER BOUSER),15.402635,74.00284,0,STOP,At Fire Station Ponda ,Fire Station Ponda
2025-12-23T00:57:42.539Z,GA 07 G 6363-CAN(WATER TENDER),15.0236183,74.0440433,0,INACTIVE,"Canacona, The Lalitrajbaga ,Canacona, Canacona, Goa (NE)",Fire Station Canacona
2025-12-23T00:57:42.539Z,GA 07 G 1567-CAN(QUICK RESPONSE FT),15.0171383,74.0398266,32,INACTIVE,"Canacona, The Lalitrajbaga ,Canacona, Canacona, Goa (SW)",Fire Station Canacona
2025-12-23T00:57:42.539Z,GA 07 G 1569-VRN(QUICK RESPONSE),15.3694583,73.9356766,0,STOP,At Fire Station Verna,Fire Station Verna
2025-12-23T00:57:42.539Z,GA 07 G 9909-VRN(ADVANCE MULTI-PURPOSE),15.3695866,73.9351966,0,STOP,At Fire Station Verna,Fire Station Verna
2025-12-23T00:57:42.539Z,GA 07 G 1942-VAP(QUICK RESPONSE),15.5311233,74.1388183,0,STOP,At Fire Station Valpoi ,Fire Station Valpoi
2025-12-23T00:57:42.539Z,GA 07 G 2003-CUR(QUICK RESPONSE),15.2603983,74.1037033,0,STOP,At Fire Station Curchorem,Fire Station Curchorem
2025-12-23T00:57:42.539Z,GA 07 G 7447-CUR(EMERGENCY RESCUE),15.26048,74.1037033,0,STOP,At Fire Station Curchorem,Fire Station Curchorem
2025-12-23T00:57:42.539Z,GA 07 G 7557-CUR(WATER TENDER),15.26045,74.10345,0,STOP,At Fire Station Curchorem,Fire Station Curchorem
2025-12-23T00:57:42.539Z,GA 07 G 7667-CUR(WATER BOUSER),15.1454033,73.99108,0,STOP,"Shri Shantadurga fatarpekarin Temple, Fatorpa, Cuncolim, Goa (SW)",Fire Station Curchorem
2025-12-23T00:57:42.539Z,GA 07 G 4989-KUN(WATER TENDER),15.4630467,73.97251,0,STOP,At Fire Station Kundaim,Fire Station Kundaim
2025-12-23T00:57:42.539Z,GA 07 G 2242-PIL(WATER TENDER),15.5328322,73.7941056,0,STOP,At Fire Station Pilerne,Fire Station Pilerne
2025-12-23T00:57:42.539Z,GA 07 G 0681-MAP(QUICK RESPONSE),15.589775,73.8087733,0,STOP,At Fire Station Mapusa,Fire Station Mapusa
2025-12-23T00:57:42.539Z,GA 07 G 0307-PER(QUICK RESPONSE),15.7164939,73.7974239,0,INACTIVE,At Fire Station Pernem,Fire Station Pernem
2025-12-23T00:57:42.539Z,GA 07 G 2101-PER(MS WATER TENDER),15.7163717,73.7975772,0,STOP,At Fire Station Pernem,Fire Station Pernem
2025-12-23T00:57:42.539Z,GA 07 G 4600-PER(MINI RESCUE TENDER),15.7165206,73.7975167,0,STOP,At Fire Station Pernem,Fire Station Pernem
2025-12-23T00:57:42.539Z,GA 07 G 7272-PNJ(WATER TENDER),15.4877517,73.8175178,0,STOP,"Goa College of Home Science, Dayanand Bandodkar Road, Opposite Parade Ground Campal,, Panaji, Goa (SE)",Fire Station Panaji
2025-12-23T00:57:42.539Z,GA07G2384- Cuncolim,15.1862206,74.0209944,0,STOP,At Fire Station Cuncolim,Fire Station Cuncolim
2025-12-23T00:57:42.539Z,GA07G2507 - Mid Size (Water Tender),15.7164733,73.7974933,0,STOP,At Fire Station Pernem,Fire Station Pernem
2025-12-23T00:57:42.539Z,GA07G2505 - Mid Size (Water Tender),15.530985,74.13868,0,STOP,At Fire Station Valpoi ,Fire Station Valpoi
2025-12-23T00:57:42.539Z,GA07G2504 - Mid Size (Water Tender),15.5890983,73.9465083,0,STOP,At Fire Station Bicholim ,Fire Station Bicholim
2025-12-23T00:57:42.539Z,GA07G2503-Mid Size (Water Tender),15.5900233,73.80865,0,STOP,At Fire Station Mapusa,Fire Station Mapusa
2025-12-23T00:57:42.539Z,GA07G2502 - Mid Size (Water Tender),15.4870233,73.8172283,0,STOP,"Caculo Mall, 16 Shanta, St Inez Rd, Caculo Enclave, Santa Inez, Panaji, Goa (NW)",Fire Force Headquarters
2025-12-23T00:58:52.034Z,GA 07 G 0680-PIL(QUICK RESPONSE VEHICLE),15.5329733,73.7939283,0,STOP,At Fire Station Pilerne,Fire Station Pilerne
2025-12-23T00:58:52.034Z,GA07G2506 - Mid Size (Water Tender),15.500348,73.914085,0,INACTIVE,At Fire Station Old Goa,Fire Station Old Goa
2025-12-23T00:58:52.034Z,GA 07 G 5115-POR(MINI WATER TENDER),15.522988,73.829384,0,STOP,At Porvorim Fire Station,Fire Station Porvorim
2025-12-23T00:58:52.034Z,GA 07 G 0350-MRG(WATER TENDER),15.269428,73.970604,0,STOP,At Fire Station Margoa,Fire Station Margao
2025-12-23T00:58:52.034Z,GA 07 G 2900-MAP(MINI RESCUE TENDER),15.589908,73.808716,0,STOP,At Fire Station Mapusa,Fire Station Mapusa
2025-12-23T00:58:52.034Z,GA 07 G 7600-FFHQ(WATER BOUSER),15.487103,73.817108,0,STOP,"Caculo Mall, 16 Shanta, St Inez Rd, Caculo Enclave, Santa Inez, Panaji, Goa (NW)",Fire Force Headquarters
2025-12-23T00:58:52.034Z,GA 07 G 2002-FFHQ(TURN TABLE LADDER),15.48742,73.817375,0,STOP,"Caculo Mall, 16 Shanta, St Inez Rd, Caculo Enclave, Santa Inez, Panaji, Goa (NW)",Fire Force Headquarters
2025-12-23T00:58:52.034Z,GA 07 G 7101-FFHQ(WATER TENDER),15.486877,73.817055,0,STOP,"Caculo Mall, 16 Shanta, St Inez Rd, Caculo Enclave, Santa Inez, Panaji, Goa (NW)",Fire Force Headquarters
2025-12-23T00:58:52.034Z,GA 07 G 7677-FFHQ(EMERGENCY RESCUE),15.48719,73.817192,0,STOP,"Caculo Mall, 16 Shanta, St Inez Rd, Caculo Enclave, Santa Inez, Panaji, Goa (NW)",Fire Force Headquarters
2025-12-23T00:58:52.034Z,GA 07 G 1121-PNJ(EMERGENCY RESCUE),15.487292,73.817276,0,STOP,"Caculo Mall, 16 Shanta, St Inez Rd, Caculo Enclave, Santa Inez, Panaji, Goa (NW)",Fire Station Panaji
2025-12-23T00:58:52.034Z,GA 07 G 1571-FFHQ(QUICK RESPONSE),15.48666,73.817444,0,STOP,"Caculo Mall, 16 Shanta, St Inez Rd, Caculo Enclave, Santa Inez, Panaji, Goa (NW)",Fire Force Headquarters
2025-12-23T00:58:52.034Z,GA 07 G 8101-MAP(WATER TENDER),15.589937,73.80867,0,STOP,At Fire Station Mapusa,Fire Station Mapusa
2025-12-23T00:58:52.034Z,GA 07 G 2317-MRG(EMERGENCY RESCUE TENDER),15.2695766,73.9701816,0,STOP,At Fire Station Margoa,Fire Station Margao
2025-12-23T00:58:52.034Z,GA 07 G 1570-VAS(QUICK RESPONSE FIRE TENDER),15.3887783,73.8513266,0,STOP,At Fire Station Vasco,Fire Station Vasco
2025-12-23T00:58:52.034Z,GA 07 G 4101-VAS(MS WATER TENDER),15.3890783,73.85092,0,STOP,At Fire Station Vasco,Fire Station Vasco
2025-12-23T00:58:52.034Z,GA 07 G 0819-VAS(WATER/FOAM TENDER),15.3888217,73.8512367,0,IDLE,At Fire Station Vasco,Fire Station Vasco
2025-12-23T00:58:52.034Z,GA 07 G 7100-MRG(WATER BOUSER),15.2694566,73.97006,0,STOP,At Fire Station Margoa,Fire Station Margao
2025-12-23T00:58:52.034Z,GA 07 G 1568-MRG(QUICK RESPONSE ),15.269325,73.9706466,0,STOP,At Fire Station Margoa,Fire Station Margao
2025-12-23T00:58:52.034Z,GA 07 G 6101-MRG(WATER TENDER),15.2693733,73.9701416,0,STOP,At Fire Station Margoa,Fire Station Margao
2025-12-23T00:58:52.034Z,GA 07 G 1001-MRG(AERIAL LADDER PLATFORM),15.2695583,73.969735,0,STOP,At Fire Station Margoa,Fire Station Margao
2025-12-23T00:58:52.034Z,GA 07 G 0820-BIC(WATER TEDNER),15.4027094,74.0029172,0,STOP,At Fire Station Ponda ,Fire Station Bicholim
2025-12-23T00:58:52.034Z,GA 07 G 5101-OLG(MS WATER TENDER),15.5003033,73.91403,0,STOP,At Fire Station Old Goa,Fire Station Old Goa
2025-12-23T00:58:52.034Z,GA 07 G 3101-BIC(MS WATER TENDER),15.588705,73.9463783,3,STOP,At Fire Station Bicholim ,Fire Station Bicholim
2025-12-23T00:58:52.034Z,GA 07 G 1941-BIC(QUICK RESPONSE),15.5894533,73.9467033,0,STOP,At Fire Station Bicholim ,Fire Station Bicholim
2025-12-23T00:58:52.034Z,GA 07 G 2319-VAS (EMERGENCY RESCUE TENDER),15.3901916,73.8524983,0,STOP,"near melisa garage,NSD, Dabolim, Goa (SW)",Fire Station Vasco
2025-12-23T00:58:52.034Z,GA 07 G 3737-VAP(WATER TENDER),15.53099,74.1387199,0,STOP,At Fire Station Valpoi ,Fire Station Valpoi
2025-12-23T00:58:52.034Z,GA 07 G 2318-PND(EMERGENCY RESCUE TENDER),15.4028416,74.0028083,0,STOP,At Fire Station Ponda ,Fire Station Ponda
2025-12-23T00:58:52.034Z,GA 07 G 2004-PND(QUICK RESPONSE),15.4026666,74.0028483,0,STOP,At Fire Station Ponda ,Fire Station Ponda
2025-12-23T00:58:52.034Z,GA 07 G 9101-PND(WATER TENDER),15.402745,74.0028816,0,STOP,At Fire Station Ponda ,Fire Station Ponda
2025-12-23T00:58:52.034Z,GA 07 G 9797-PND(WATER BOUSER),15.402635,74.00284,0,STOP,At Fire Station Ponda ,Fire Station Ponda
2025-12-23T00:58:52.034Z,GA 07 G 6363-CAN(WATER TENDER),15.0236183,74.0440433,0,INACTIVE,"Canacona, The Lalitrajbaga ,Canacona, Canacona, Goa (NE)",Fire Station Canacona
2025-12-23T00:58:52.034Z,GA 07 G 1567-CAN(QUICK RESPONSE FT),15.0171383,74.0398266,32,INACTIVE,"Canacona, The Lalitrajbaga ,Canacona, Canacona, Goa (SW)",Fire Station Canacona
2025-12-23T00:58:52.034Z,GA 07 G 1569-VRN(QUICK RESPONSE),15.3694583,73.9356766,0,STOP,At Fire Station Verna,Fire Station Verna
2025-12-23T00:58:52.034Z,GA 07 G 9909-VRN(ADVANCE MULTI-PURPOSE),15.3695866,73.9351966,0,STOP,At Fire Station Verna,Fire Station Verna
2025-12-23T00:58:52.034Z,GA 07 G 1942-VAP(QUICK RESPONSE),15.5311233,74.1388183,0,STOP,At Fire Station Valpoi ,Fire Station Valpoi
2025-12-23T00:58:52.034Z,GA 07 G 2003-CUR(QUICK RESPONSE),15.2603983,74.1037033,0,STOP,At Fire Station Curchorem,Fire Station Curchorem
2025-12-23T00:58:52.034Z,GA 07 G 7447-CUR(EMERGENCY RESCUE),15.26048,74.1037033,0,STOP,At Fire Station Curchorem,Fire Station Curchorem
2025-12-23T00:58:52.034Z,GA 07 G 7557-CUR(WATER TENDER),15.26045,74.10345,0,STOP,At Fire Station Curchorem,Fire Station Curchorem
2025-12-23T00:58:52.034Z,GA 07 G 7667-CUR(WATER BOUSER),15.1454033,73.99108,0,STOP,"Shri Shantadurga fatarpekarin Temple, Fatorpa, Cuncolim, Goa (SW)",Fire Station Curchorem
2025-12-23T00:58:52.034Z,GA 07 G 4989-KUN(WATER TENDER),15.4630467,73.97251,0,STOP,At Fire Station Kundaim,Fire Station Kundaim
2025-12-23T00:58:52.034Z,GA 07 G 2242-PIL(WATER TENDER),15.5328322,73.7941056,0,STOP,At Fire Station Pilerne,Fire Station Pilerne
2025-12-23T00:58:52.034Z,GA 07 G 0681-MAP(QUICK RESPONSE),15.589775,73.8087733,0,STOP,At Fire Station Mapusa,Fire Station Mapusa
2025-12-23T00:58:52.034Z,GA 07 G 0307-PER(QUICK RESPONSE),15.7164939,73.7974239,0,INACTIVE,At Fire Station Pernem,Fire Station Pernem
2025-12-23T00:58:52.034Z,GA 07 G 2101-PER(MS WATER TENDER),15.7163717,73.7975772,0,STOP,At Fire Station Pernem,Fire Station Pernem
2025-12-23T00:58:52.034Z,GA 07 G 4600-PER(MINI RESCUE TENDER),15.7165206,73.7975167,0,STOP,At Fire Station Pernem,Fire Station Pernem
2025-12-23T00:58:52.034Z,GA 07 G 7272-PNJ(WATER TENDER),15.4877517,73.8175178,0,STOP,"Goa College of Home Science, Dayanand Bandodkar Road, Opposite Parade Ground Campal,, Panaji, Goa (SE)",Fire Station Panaji
2025-12-23T00:58:52.034Z,GA07G2384- Cuncolim,15.1862206,74.0209944,0,STOP,At Fire Station Cuncolim,Fire Station Cuncolim
2025-12-23T00:58:52.034Z,GA07G2507 - Mid Size (Water Tender),15.7164733,73.7974933,0,STOP,At Fire Station Pernem,Fire Station Pernem
2025-12-23T00:58:52.034Z,GA07G2505 - Mid Size (Water Tender),15.530985,74.13868,0,STOP,At Fire Station Valpoi ,Fire Station Valpoi
2025-12-23T00:58:52.034Z,GA07G2504 - Mid Size (Water Tender),15.5890983,73.9465083,0,STOP,At Fire Station Bicholim ,Fire Station Bicholim
2025-12-23T00:58:52.034Z,GA07G2503-Mid Size (Water Tender),15.5900233,73.80865,0,STOP,At Fire Station Mapusa,Fire Station Mapusa
2025-12-23T00:58:52.034Z,GA07G2502 - Mid Size (Water Tender),15.4870233,73.8172283,0,STOP,"Caculo Mall, 16 Shanta, St Inez Rd, Caculo Enclave, Santa Inez, Panaji, Goa (NW)",Fire Force Headquarters
2025-12-23T00:59:41.680Z,GA 07 G 0680-PIL(QUICK RESPONSE VEHICLE),15.5329733,73.7939283,0,STOP,At Fire Station Pilerne,Fire Station Pilerne
2025-12-23T00:59:41.680Z,GA07G2506 - Mid Size (Water Tender),15.500348,73.914085,0,INACTIVE,At Fire Station Old Goa,Fire Station Old Goa
2025-12-23T00:59:41.680Z,GA 07 G 5115-POR(MINI WATER TENDER),15.522988,73.829384,0,STOP,At Porvorim Fire Station,Fire Station Porvorim
2025-12-23T00:59:41.680Z,GA 07 G 0350-MRG(WATER TENDER),15.269428,73.970604,0,STOP,At Fire Station Margoa,Fire Station Margao
2025-12-23T00:59:41.680Z,GA 07 G 2900-MAP(MINI RESCUE TENDER),15.589908,73.808716,0,STOP,At Fire Station Mapusa,Fire Station Mapusa
2025-12-23T00:59:41.680Z,GA 07 G 7600-FFHQ(WATER BOUSER),15.487103,73.817108,0,STOP,"Caculo Mall, 16 Shanta, St Inez Rd, Caculo Enclave, Santa Inez, Panaji, Goa (NW)",Fire Force Headquarters
2025-12-23T00:59:41.680Z,GA 07 G 2002-FFHQ(TURN TABLE LADDER),15.48742,73.817375,0,STOP,"Caculo Mall, 16 Shanta, St Inez Rd, Caculo Enclave, Santa Inez, Panaji, Goa (NW)",Fire Force Headquarters
2025-12-23T00:59:41.680Z,GA 07 G 7101-FFHQ(WATER TENDER),15.486877,73.817055,0,STOP,"Caculo Mall, 16 Shanta, St Inez Rd, Caculo Enclave, Santa Inez, Panaji, Goa (NW)",Fire Force Headquarters
2025-12-23T00:59:41.680Z,GA 07 G 7677-FFHQ(EMERGENCY RESCUE),15.48719,73.817192,0,STOP,"Caculo Mall, 16 Shanta, St Inez Rd, Caculo Enclave, Santa Inez, Panaji, Goa (NW)",Fire Force Headquarters
2025-12-23T00:59:41.680Z,GA 07 G 1121-PNJ(EMERGENCY RESCUE),15.487292,73.817276,0,STOP,"Caculo Mall, 16 Shanta, St Inez Rd, Caculo Enclave, Santa Inez, Panaji, Goa (NW)",Fire Station Panaji
2025-12-23T00:59:41.680Z,GA 07 G 1571-FFHQ(QUICK RESPONSE),15.48666,73.817444,0,STOP,"Caculo Mall, 16 Shanta, St Inez Rd, Caculo Enclave, Santa Inez, Panaji, Goa (NW)",Fire Force Headquarters
2025-12-23T00:59:41.680Z,GA 07 G 8101-MAP(WATER TENDER),15.589937,73.80867,0,STOP,At Fire Station Mapusa,Fire Station Mapusa
2025-12-23T00:59:41.680Z,GA 07 G 2317-MRG(EMERGENCY RESCUE TENDER),15.2693116,73.9700033,0,STOP,At Fire Station Margoa,Fire Station Margao
2025-12-23T00:59:41.680Z,GA 07 G 1570-VAS(QUICK RESPONSE FIRE TENDER),15.3887783,73.8513266,0,STOP,At Fire Station Vasco,Fire Station Vasco
2025-12-23T00:59:41.680Z,GA 07 G 4101-VAS(MS WATER TENDER),15.3890783,73.85092,0,STOP,At Fire Station Vasco,Fire Station Vasco
2025-12-23T00:59:41.680Z,GA 07 G 0819-VAS(WATER/FOAM TENDER),15.3888217,73.8512367,0,IDLE,At Fire Station Vasco,Fire Station Vasco
2025-12-23T00:59:41.680Z,GA 07 G 7100-MRG(WATER BOUSER),15.2694566,73.97006,0,STOP,At Fire Station Margoa,Fire Station Margao
2025-12-23T00:59:41.680Z,GA 07 G 1568-MRG(QUICK RESPONSE ),15.269325,73.9706466,0,STOP,At Fire Station Margoa,Fire Station Margao
2025-12-23T00:59:41.680Z,GA 07 G 6101-MRG(WATER TENDER),15.2693733,73.9701416,0,STOP,At Fire Station Margoa,Fire Station Margao
2025-12-23T00:59:41.680Z,GA 07 G 1001-MRG(AERIAL LADDER PLATFORM),15.2695583,73.969735,0,STOP,At Fire Station Margoa,Fire Station Margao
2025-12-23T00:59:41.680Z,GA 07 G 0820-BIC(WATER TEDNER),15.4027094,74.0029172,0,STOP,At Fire Station Ponda ,Fire Station Bicholim
2025-12-23T00:59:41.680Z,GA 07 G 5101-OLG(MS WATER TENDER),15.5003033,73.91403,0,STOP,At Fire Station Old Goa,Fire Station Old Goa
2025-12-23T00:59:41.680Z,GA 07 G 3101-BIC(MS WATER TENDER),15.588705,73.9463783,2,STOP,At Fire Station Bicholim ,Fire Station Bicholim
2025-12-23T00:59:41.680Z,GA 07 G 1941-BIC(QUICK RESPONSE),15.5894533,73.9467033,0,STOP,At Fire Station Bicholim ,Fire Station Bicholim
2025-12-23T00:59:41.680Z,GA 07 G 2319-VAS (EMERGENCY RESCUE TENDER),15.3901916,73.8524983,0,STOP,"near melisa garage,NSD, Dabolim, Goa (SW)",Fire Station Vasco
2025-12-23T00:59:41.680Z,GA 07 G 3737-VAP(WATER TENDER),15.53099,74.1387199,0,STOP,At Fire Station Valpoi ,Fire Station Valpoi
2025-12-23T00:59:41.680Z,GA 07 G 2318-PND(EMERGENCY RESCUE TENDER),15.4028416,74.0028083,0,STOP,At Fire Station Ponda ,Fire Station Ponda
2025-12-23T00:59:41.680Z,GA 07 G 2004-PND(QUICK RESPONSE),15.4026666,74.0028483,0,STOP,At Fire Station Ponda ,Fire Station Ponda
2025-12-23T00:59:41.680Z,GA 07 G 9101-PND(WATER TENDER),15.402745,74.0028816,0,STOP,At Fire Station Ponda ,Fire Station Ponda
2025-12-23T00:59:41.680Z,GA 07 G 9797-PND(WATER BOUSER),15.402635,74.00284,0,STOP,At Fire Station Ponda ,Fire Station Ponda
2025-12-23T00:59:41.680Z,GA 07 G 6363-CAN(WATER TENDER),15.0236183,74.0440433,0,INACTIVE,"Canacona, The Lalitrajbaga ,Canacona, Canacona, Goa (NE)",Fire Station Canacona
2025-12-23T00:59:41.680Z,GA 07 G 1567-CAN(QUICK RESPONSE FT),15.0171383,74.0398266,32,INACTIVE,"Canacona, The Lalitrajbaga ,Canacona, Canacona, Goa (SW)",Fire Station Canacona
2025-12-23T00:59:41.680Z,GA 07 G 1569-VRN(QUICK RESPONSE),15.3694583,73.9356766,0,STOP,At Fire Station Verna,Fire Station Verna
2025-12-23T00:59:41.680Z,GA 07 G 9909-VRN(ADVANCE MULTI-PURPOSE),15.3695866,73.9351966,0,STOP,At Fire Station Verna,Fire Station Verna
2025-12-23T00:59:41.680Z,GA 07 G 1942-VAP(QUICK RESPONSE),15.5311233,74.1388183,0,STOP,At Fire Station Valpoi ,Fire Station Valpoi
2025-12-23T00:59:41.680Z,GA 07 G 2003-CUR(QUICK RESPONSE),15.2603983,74.1037033,0,STOP,At Fire Station Curchorem,Fire Station Curchorem
2025-12-23T00:59:41.680Z,GA 07 G 7447-CUR(EMERGENCY RESCUE),15.26048,74.1037033,0,STOP,At Fire Station Curchorem,Fire Station Curchorem
2025-12-23T00:59:41.680Z,GA 07 G 7557-CUR(WATER TENDER),15.26045,74.10345,0,STOP,At Fire Station Curchorem,Fire Station Curchorem
2025-12-23T00:59:41.680Z,GA 07 G 7667-CUR(WATER BOUSER),15.1454033,73.99108,0,STOP,"Shri Shantadurga fatarpekarin Temple, Fatorpa, Cuncolim, Goa (SW)",Fire Station Curchorem
2025-12-23T00:59:41.680Z,GA 07 G 4989-KUN(WATER TENDER),15.4630467,73.97251,0,STOP,At Fire Station Kundaim,Fire Station Kundaim
2025-12-23T00:59:41.680Z,GA 07 G 2242-PIL(WATER TENDER),15.5328322,73.7941056,0,STOP,At Fire Station Pilerne,Fire Station Pilerne
2025-12-23T00:59:41.680Z,GA 07 G 0681-MAP(QUICK RESPONSE),15.589775,73.8087733,0,STOP,At Fire Station Mapusa,Fire Station Mapusa
2025-12-23T00:59:41.680Z,GA 07 G 0307-PER(QUICK RESPONSE),15.7164939,73.7974239,0,INACTIVE,At Fire Station Pernem,Fire Station Pernem
2025-12-23T00:59:41.680Z,GA 07 G 2101-PER(MS WATER TENDER),15.7163717,73.7975772,0,STOP,At Fire Station Pernem,Fire Station Pernem
2025-12-23T00:59:41.680Z,GA 07 G 4600-PER(MINI RESCUE TENDER),15.7165206,73.7975167,0,STOP,At Fire Station Pernem,Fire Station Pernem
2025-12-23T00:59:41.680Z,GA 07 G 7272-PNJ(WATER TENDER),15.4877517,73.8175178,0,STOP,"Goa College of Home Science, Dayanand Bandodkar Road, Opposite Parade Ground Campal,, Panaji, Goa (SE)",Fire Station Panaji
2025-12-23T00:59:41.680Z,GA07G2384- Cuncolim,15.1862206,74.0209944,0,STOP,At Fire Station Cuncolim,Fire Station Cuncolim
2025-12-23T00:59:41.680Z,GA07G2507 - Mid Size (Water Tender),15.7164733,73.7974933,0,STOP,At Fire Station Pernem,Fire Station Pernem
2025-12-23T00:59:41.680Z,GA07G2505 - Mid Size (Water Tender),15.530985,74.13868,0,STOP,At Fire Station Valpoi ,Fire Station Valpoi
2025-12-23T00:59:41.680Z,GA07G2504 - Mid Size (Water Tender),15.5890983,73.9465083,0,STOP,At Fire Station Bicholim ,Fire Station Bicholim
2025-12-23T00:59:41.680Z,GA07G2503-Mid Size (Water Tender),15.5900233,73.80865,0,STOP,At Fire Station Mapusa,Fire Station Mapusa
2025-12-23T00:59:41.680Z,GA07G2502 - Mid Size (Water Tender),15.4870233,73.8172283,0,STOP,"Caculo Mall, 16 Shanta, St Inez Rd, Caculo Enclave, Santa Inez, Panaji, Goa (NW)",Fire Force Headquarters
2025-12-23T01:00:43.452Z,GA 07 G 0680-PIL(QUICK RESPONSE VEHICLE),15.5329733,73.7939283,0,STOP,At Fire Station Pilerne,Fire Station Pilerne
2025-12-23T01:00:43.452Z,GA07G2506 - Mid Size (Water Tender),15.500348,73.914085,0,INACTIVE,At Fire Station Old Goa,Fire Station Old Goa
2025-12-23T01:00:43.452Z,GA 07 G 5115-POR(MINI WATER TENDER),15.522988,73.829384,0,STOP,At Porvorim Fire Station,Fire Station Porvorim
2025-12-23T01:00:43.452Z,GA 07 G 0350-MRG(WATER TENDER),15.269428,73.970604,0,STOP,At Fire Station Margoa,Fire Station Margao
2025-12-23T01:00:43.452Z,GA 07 G 2900-MAP(MINI RESCUE TENDER),15.589908,73.808716,0,STOP,At Fire Station Mapusa,Fire Station Mapusa
2025-12-23T01:00:43.452Z,GA 07 G 7600-FFHQ(WATER BOUSER),15.487103,73.817108,0,STOP,"Caculo Mall, 16 Shanta, St Inez Rd, Caculo Enclave, Santa Inez, Panaji, Goa (NW)",Fire Force Headquarters
2025-12-23T01:00:43.452Z,GA 07 G 2002-FFHQ(TURN TABLE LADDER),15.48742,73.817375,0,STOP,"Caculo Mall, 16 Shanta, St Inez Rd, Caculo Enclave, Santa Inez, Panaji, Goa (NW)",Fire Force Headquarters
2025-12-23T01:00:43.452Z,GA 07 G 7101-FFHQ(WATER TENDER),15.486877,73.817055,0,STOP,"Caculo Mall, 16 Shanta, St Inez Rd, Caculo Enclave, Santa Inez, Panaji, Goa (NW)",Fire Force Headquarters
2025-12-23T01:00:43.452Z,GA 07 G 7677-FFHQ(EMERGENCY RESCUE),15.48719,73.817192,0,STOP,"Caculo Mall, 16 Shanta, St Inez Rd, Caculo Enclave, Santa Inez, Panaji, Goa (NW)",Fire Force Headquarters
2025-12-23T01:00:43.452Z,GA 07 G 1121-PNJ(EMERGENCY RESCUE),15.487292,73.817276,0,STOP,"Caculo Mall, 16 Shanta, St Inez Rd, Caculo Enclave, Santa Inez, Panaji, Goa (NW)",Fire Station Panaji
2025-12-23T01:00:43.452Z,GA 07 G 1571-FFHQ(QUICK RESPONSE),15.48666,73.817444,0,STOP,"Caculo Mall, 16 Shanta, St Inez Rd, Caculo Enclave, Santa Inez, Panaji, Goa (NW)",Fire Force Headquarters
2025-12-23T01:00:43.452Z,GA 07 G 8101-MAP(WATER TENDER),15.589937,73.80867,0,STOP,At Fire Station Mapusa,Fire Station Mapusa
2025-12-23T01:00:43.452Z,GA 07 G 2317-MRG(EMERGENCY RESCUE TENDER),15.2692183,73.9700283,0,STOP,At Fire Station Margoa,Fire Station Margao
2025-12-23T01:00:43.452Z,GA 07 G 1570-VAS(QUICK RESPONSE FIRE TENDER),15.3887783,73.8513266,0,STOP,At Fire Station Vasco,Fire Station Vasco
2025-12-23T01:00:43.452Z,GA 07 G 4101-VAS(MS WATER TENDER),15.3890783,73.85092,0,STOP,At Fire Station Vasco,Fire Station Vasco
2025-12-23T01:00:43.452Z,GA 07 G 0819-VAS(WATER/FOAM TENDER),15.3888217,73.8512367,0,IDLE,At Fire Station Vasco,Fire Station Vasco
2025-12-23T01:00:43.452Z,GA 07 G 7100-MRG(WATER BOUSER),15.2694566,73.97006,0,STOP,At Fire Station Margoa,Fire Station Margao
2025-12-23T01:00:43.452Z,GA 07 G 1568-MRG(QUICK RESPONSE ),15.269325,73.9706466,0,STOP,At Fire Station Margoa,Fire Station Margao
2025-12-23T01:00:43.452Z,GA 07 G 6101-MRG(WATER TENDER),15.2693733,73.9701416,0,STOP,At Fire Station Margoa,Fire Station Margao
2025-12-23T01:00:43.452Z,GA 07 G 1001-MRG(AERIAL LADDER PLATFORM),15.2695583,73.969735,0,STOP,At Fire Station Margoa,Fire Station Margao
2025-12-23T01:00:43.452Z,GA 07 G 0820-BIC(WATER TEDNER),15.4027094,74.0029172,0,STOP,At Fire Station Ponda ,Fire Station Bicholim
2025-12-23T01:00:43.452Z,GA 07 G 5101-OLG(MS WATER TENDER),15.5003033,73.91403,0,STOP,At Fire Station Old Goa,Fire Station Old Goa
2025-12-23T01:00:43.452Z,GA 07 G 3101-BIC(MS WATER TENDER),15.588705,73.9463783,2,STOP,At Fire Station Bicholim ,Fire Station Bicholim
2025-12-23T01:00:43.452Z,GA 07 G 1941-BIC(QUICK RESPONSE),15.5894533,73.9467033,0,STOP,At Fire Station Bicholim ,Fire Station Bicholim
2025-12-23T01:00:43.452Z,GA 07 G 2319-VAS (EMERGENCY RESCUE TENDER),15.3901916,73.8524983,0,STOP,"near melisa garage,NSD, Dabolim, Goa (SW)",Fire Station Vasco
2025-12-23T01:00:43.452Z,GA 07 G 3737-VAP(WATER TENDER),15.53099,74.1387199,0,STOP,At Fire Station Valpoi ,Fire Station Valpoi
2025-12-23T01:00:43.452Z,GA 07 G 2318-PND(EMERGENCY RESCUE TENDER),15.4028416,74.0028083,0,STOP,At Fire Station Ponda ,Fire Station Ponda
2025-12-23T01:00:43.452Z,GA 07 G 2004-PND(QUICK RESPONSE),15.4026666,74.0028483,0,STOP,At Fire Station Ponda ,Fire Station Ponda
2025-12-23T01:00:43.452Z,GA 07 G 9101-PND(WATER TENDER),15.402745,74.0028816,0,STOP,At Fire Station Ponda ,Fire Station Ponda
2025-12-23T01:00:43.452Z,GA 07 G 9797-PND(WATER BOUSER),15.402635,74.00284,0,STOP,At Fire Station Ponda ,Fire Station Ponda
2025-12-23T01:00:43.452Z,GA 07 G 6363-CAN(WATER TENDER),15.0236183,74.0440433,0,INACTIVE,"Canacona, The Lalitrajbaga ,Canacona, Canacona, Goa (NE)",Fire Station Canacona
2025-12-23T01:00:43.452Z,GA 07 G 1567-CAN(QUICK RESPONSE FT),15.0171383,74.0398266,32,INACTIVE,"Canacona, The Lalitrajbaga ,Canacona, Canacona, Goa (SW)",Fire Station Canacona
2025-12-23T01:00:43.452Z,GA 07 G 1569-VRN(QUICK RESPONSE),15.3694583,73.9356766,0,STOP,At Fire Station Verna,Fire Station Verna
2025-12-23T01:00:43.452Z,GA 07 G 9909-VRN(ADVANCE MULTI-PURPOSE),15.3695866,73.9351966,0,STOP,At Fire Station Verna,Fire Station Verna
2025-12-23T01:00:43.452Z,GA 07 G 1942-VAP(QUICK RESPONSE),15.5311233,74.1388183,0,STOP,At Fire Station Valpoi ,Fire Station Valpoi
2025-12-23T01:00:43.452Z,GA 07 G 2003-CUR(QUICK RESPONSE),15.2603983,74.1037033,0,STOP,At Fire Station Curchorem,Fire Station Curchorem
2025-12-23T01:00:43.452Z,GA 07 G 7447-CUR(EMERGENCY RESCUE),15.26048,74.1037033,0,STOP,At Fire Station Curchorem,Fire Station Curchorem
2025-12-23T01:00:43.452Z,GA 07 G 7557-CUR(WATER TENDER),15.26045,74.10345,0,STOP,At Fire Station Curchorem,Fire Station Curchorem
2025-12-23T01:00:43.452Z,GA 07 G 7667-CUR(WATER BOUSER),15.1454033,73.99108,0,STOP,"Shri Shantadurga fatarpekarin Temple, Fatorpa, Cuncolim, Goa (SW)",Fire Station Curchorem
2025-12-23T01:00:43.452Z,GA 07 G 4989-KUN(WATER TENDER),15.4630467,73.97251,0,STOP,At Fire Station Kundaim,Fire Station Kundaim
2025-12-23T01:00:43.452Z,GA 07 G 2242-PIL(WATER TENDER),15.5328322,73.7941056,0,STOP,At Fire Station Pilerne,Fire Station Pilerne
2025-12-23T01:00:43.452Z,GA 07 G 0681-MAP(QUICK RESPONSE),15.589775,73.8087733,0,STOP,At Fire Station Mapusa,Fire Station Mapusa
2025-12-23T01:00:43.452Z,GA 07 G 0307-PER(QUICK RESPONSE),15.7164939,73.7974239,0,INACTIVE,At Fire Station Pernem,Fire Station Pernem
2025-12-23T01:00:43.452Z,GA 07 G 2101-PER(MS WATER TENDER),15.7163717,73.7975772,0,STOP,At Fire Station Pernem,Fire Station Pernem
2025-12-23T01:00:43.452Z,GA 07 G 4600-PER(MINI RESCUE TENDER),15.7165206,73.7975167,0,STOP,At Fire Station Pernem,Fire Station Pernem
2025-12-23T01:00:43.452Z,GA 07 G 7272-PNJ(WATER TENDER),15.4877517,73.8175178,0,STOP,"Goa College of Home Science, Dayanand Bandodkar Road, Opposite Parade Ground Campal,, Panaji, Goa (SE)",Fire Station Panaji
2025-12-23T01:00:43.452Z,GA07G2384- Cuncolim,15.1862206,74.0209944,0,STOP,At Fire Station Cuncolim,Fire Station Cuncolim
2025-12-23T01:00:43.452Z,GA07G2507 - Mid Size (Water Tender),15.7164733,73.7974933,0,STOP,At Fire Station Pernem,Fire Station Pernem
2025-12-23T01:00:43.452Z,GA07G2505 - Mid Size (Water Tender),15.530985,74.13868,0,STOP,At Fire Station Valpoi ,Fire Station Valpoi
2025-12-23T01:00:43.452Z,GA07G2504 - Mid Size (Water Tender),15.5890983,73.9465083,0,STOP,At Fire Station Bicholim ,Fire Station Bicholim
2025-12-23T01:00:43.452Z,GA07G2503-Mid Size (Water Tender),15.5900233,73.80865,0,STOP,At Fire Station Mapusa,Fire Station Mapusa
2025-12-23T01:00:43.452Z,GA07G2502 - Mid Size (Water Tender),15.4870233,73.8172283,0,STOP,"Caculo Mall, 16 Shanta, St Inez Rd, Caculo Enclave, Santa Inez, Panaji, Goa (NW)",Fire Force Headquarters
2025-12-23T01:01:43.316Z,GA 07 G 0680-PIL(QUICK RESPONSE VEHICLE),15.5329733,73.7939283,0,STOP,At Fire Station Pilerne,Fire Station Pilerne
2025-12-23T01:01:43.316Z,GA07G2506 - Mid Size (Water Tender),15.500348,73.914085,0,INACTIVE,At Fire Station Old Goa,Fire Station Old Goa
2025-12-23T01:01:43.316Z,GA 07 G 5115-POR(MINI WATER TENDER),15.522988,73.829384,0,STOP,At Porvorim Fire Station,Fire Station Porvorim
2025-12-23T01:01:43.316Z,GA 07 G 0350-MRG(WATER TENDER),15.269428,73.970604,0,STOP,At Fire Station Margoa,Fire Station Margao
2025-12-23T01:01:43.316Z,GA 07 G 2900-MAP(MINI RESCUE TENDER),15.589908,73.808716,0,STOP,At Fire Station Mapusa,Fire Station Mapusa
2025-12-23T01:01:43.316Z,GA 07 G 7600-FFHQ(WATER BOUSER),15.487103,73.817108,0,STOP,"Caculo Mall, 16 Shanta, St Inez Rd, Caculo Enclave, Santa Inez, Panaji, Goa (NW)",Fire Force Headquarters
2025-12-23T01:01:43.316Z,GA 07 G 2002-FFHQ(TURN TABLE LADDER),15.48742,73.817375,0,STOP,"Caculo Mall, 16 Shanta, St Inez Rd, Caculo Enclave, Santa Inez, Panaji, Goa (NW)",Fire Force Headquarters
2025-12-23T01:01:43.316Z,GA 07 G 7101-FFHQ(WATER TENDER),15.486877,73.817055,0,STOP,"Caculo Mall, 16 Shanta, St Inez Rd, Caculo Enclave, Santa Inez, Panaji, Goa (NW)",Fire Force Headquarters
2025-12-23T01:01:43.316Z,GA 07 G 7677-FFHQ(EMERGENCY RESCUE),15.48719,73.817192,0,STOP,"Caculo Mall, 16 Shanta, St Inez Rd, Caculo Enclave, Santa Inez, Panaji, Goa (NW)",Fire Force Headquarters
2025-12-23T01:01:43.316Z,GA 07 G 1121-PNJ(EMERGENCY RESCUE),15.487292,73.817276,0,STOP,"Caculo Mall, 16 Shanta, St Inez Rd, Caculo Enclave, Santa Inez, Panaji, Goa (NW)",Fire Station Panaji
2025-12-23T01:01:43.316Z,GA 07 G 1571-FFHQ(QUICK RESPONSE),15.48666,73.817444,0,STOP,"Caculo Mall, 16 Shanta, St Inez Rd, Caculo Enclave, Santa Inez, Panaji, Goa (NW)",Fire Force Headquarters
2025-12-23T01:01:43.316Z,GA 07 G 8101-MAP(WATER TENDER),15.589937,73.80867,0,STOP,At Fire Station Mapusa,Fire Station Mapusa
2025-12-23T01:01:43.316Z,GA 07 G 2317-MRG(EMERGENCY RESCUE TENDER),15.2693183,73.9701083,0,STOP,At Fire Station Margoa,Fire Station Margao
2025-12-23T01:01:43.316Z,GA 07 G 1570-VAS(QUICK RESPONSE FIRE TENDER),15.3887783,73.8513266,0,STOP,At Fire Station Vasco,Fire Station Vasco
2025-12-23T01:01:43.316Z,GA 07 G 4101-VAS(MS WATER TENDER),15.3890783,73.85092,0,STOP,At Fire Station Vasco,Fire Station Vasco
2025-12-23T01:01:43.316Z,GA 07 G 0819-VAS(WATER/FOAM TENDER),15.3888217,73.8512367,0,IDLE,At Fire Station Vasco,Fire Station Vasco
2025-12-23T01:01:43.316Z,GA 07 G 7100-MRG(WATER BOUSER),15.2694566,73.97006,0,STOP,At Fire Station Margoa,Fire Station Margao
2025-12-23T01:01:43.316Z,GA 07 G 1568-MRG(QUICK RESPONSE ),15.269325,73.9706466,0,STOP,At Fire Station Margoa,Fire Station Margao
2025-12-23T01:01:43.316Z,GA 07 G 6101-MRG(WATER TENDER),15.2693733,73.9701416,0,STOP,At Fire Station Margoa,Fire Station Margao
2025-12-23T01:01:43.316Z,GA 07 G 1001-MRG(AERIAL LADDER PLATFORM),15.2695583,73.969735,0,STOP,At Fire Station Margoa,Fire Station Margao
2025-12-23T01:01:43.316Z,GA 07 G 0820-BIC(WATER TEDNER),15.4027094,74.0029172,0,STOP,At Fire Station Ponda ,Fire Station Bicholim
2025-12-23T01:01:43.316Z,GA 07 G 5101-OLG(MS WATER TENDER),15.5003033,73.91403,0,STOP,At Fire Station Old Goa,Fire Station Old Goa
2025-12-23T01:01:43.316Z,GA 07 G 3101-BIC(MS WATER TENDER),15.588705,73.9463783,1,STOP,At Fire Station Bicholim ,Fire Station Bicholim
2025-12-23T01:01:43.316Z,GA 07 G 1941-BIC(QUICK RESPONSE),15.5894533,73.9467033,0,STOP,At Fire Station Bicholim ,Fire Station Bicholim
2025-12-23T01:01:43.316Z,GA 07 G 2319-VAS (EMERGENCY RESCUE TENDER),15.3901916,73.8524983,0,STOP,"near melisa garage,NSD, Dabolim, Goa (SW)",Fire Station Vasco
2025-12-23T01:01:43.316Z,GA 07 G 3737-VAP(WATER TENDER),15.53099,74.1387199,0,STOP,At Fire Station Valpoi ,Fire Station Valpoi
2025-12-23T01:01:43.316Z,GA 07 G 2318-PND(EMERGENCY RESCUE TENDER),15.4028416,74.0028083,0,STOP,At Fire Station Ponda ,Fire Station Ponda
2025-12-23T01:01:43.316Z,GA 07 G 2004-PND(QUICK RESPONSE),15.4026666,74.0028483,0,STOP,At Fire Station Ponda ,Fire Station Ponda
2025-12-23T01:01:43.316Z,GA 07 G 9101-PND(WATER TENDER),15.402745,74.0028816,0,STOP,At Fire Station Ponda ,Fire Station Ponda
2025-12-23T01:01:43.316Z,GA 07 G 9797-PND(WATER BOUSER),15.402635,74.00284,0,STOP,At Fire Station Ponda ,Fire Station Ponda
2025-12-23T01:01:43.316Z,GA 07 G 6363-CAN(WATER TENDER),15.0236183,74.0440433,0,INACTIVE,"Canacona, The Lalitrajbaga ,Canacona, Canacona, Goa (NE)",Fire Station Canacona
2025-12-23T01:01:43.316Z,GA 07 G 1567-CAN(QUICK RESPONSE FT),15.0171383,74.0398266,32,INACTIVE,"Canacona, The Lalitrajbaga ,Canacona, Canacona, Goa (SW)",Fire Station Canacona
2025-12-23T01:01:43.316Z,GA 07 G 1569-VRN(QUICK RESPONSE),15.3694583,73.9356766,0,STOP,At Fire Station Verna,Fire Station Verna
2025-12-23T01:01:43.316Z,GA 07 G 9909-VRN(ADVANCE MULTI-PURPOSE),15.3695866,73.9351966,0,STOP,At Fire Station Verna,Fire Station Verna
2025-12-23T01:01:43.316Z,GA 07 G 1942-VAP(QUICK RESPONSE),15.5311233,74.1388183,0,STOP,At Fire Station Valpoi ,Fire Station Valpoi
2025-12-23T01:01:43.316Z,GA 07 G 2003-CUR(QUICK RESPONSE),15.2603983,74.1037033,0,STOP,At Fire Station Curchorem,Fire Station Curchorem
2025-12-23T01:01:43.316Z,GA 07 G 7447-CUR(EMERGENCY RESCUE),15.26048,74.1037033,0,STOP,At Fire Station Curchorem,Fire Station Curchorem
2025-12-23T01:01:43.316Z,GA 07 G 7557-CUR(WATER TENDER),15.26045,74.10345,0,STOP,At Fire Station Curchorem,Fire Station Curchorem
2025-12-23T01:01:43.316Z,GA 07 G 7667-CUR(WATER BOUSER),15.1454033,73.99108,0,STOP,"Shri Shantadurga fatarpekarin Temple, Fatorpa, Cuncolim, Goa (SW)",Fire Station Curchorem
2025-12-23T01:01:43.316Z,GA 07 G 4989-KUN(WATER TENDER),15.4630467,73.97251,0,STOP,At Fire Station Kundaim,Fire Station Kundaim
2025-12-23T01:01:43.316Z,GA 07 G 2242-PIL(WATER TENDER),15.5328322,73.7941056,0,STOP,At Fire Station Pilerne,Fire Station Pilerne
2025-12-23T01:01:43.316Z,GA 07 G 0681-MAP(QUICK RESPONSE),15.589775,73.8087733,0,STOP,At Fire Station Mapusa,Fire Station Mapusa
2025-12-23T01:01:43.316Z,GA 07 G 0307-PER(QUICK RESPONSE),15.7164939,73.7974239,0,INACTIVE,At Fire Station Pernem,Fire Station Pernem
2025-12-23T01:01:43.316Z,GA 07 G 2101-PER(MS WATER TENDER),15.7163717,73.7975772,0,STOP,At Fire Station Pernem,Fire Station Pernem
2025-12-23T01:01:43.316Z,GA 07 G 4600-PER(MINI RESCUE TENDER),15.7165206,73.7975167,0,STOP,At Fire Station Pernem,Fire Station Pernem
2025-12-23T01:01:43.316Z,GA 07 G 7272-PNJ(WATER TENDER),15.4877517,73.8175178,0,STOP,"Goa College of Home Science, Dayanand Bandodkar Road, Opposite Parade Ground Campal,, Panaji, Goa (SE)",Fire Station Panaji
2025-12-23T01:01:43.316Z,GA07G2384- Cuncolim,15.1862206,74.0209944,0,STOP,At Fire Station Cuncolim,Fire Station Cuncolim
2025-12-23T01:01:43.316Z,GA07G2507 - Mid Size (Water Tender),15.7164733,73.7974933,0,STOP,At Fire Station Pernem,Fire Station Pernem
2025-12-23T01:01:43.316Z,GA07G2505 - Mid Size (Water Tender),15.530985,74.13868,0,STOP,At Fire Station Valpoi ,Fire Station Valpoi
2025-12-23T01:01:43.316Z,GA07G2504 - Mid Size (Water Tender),15.5890983,73.9465083,0,STOP,At Fire Station Bicholim ,Fire Station Bicholim
2025-12-23T01:01:43.316Z,GA07G2503-Mid Size (Water Tender),15.5900233,73.80865,0,STOP,At Fire Station Mapusa,Fire Station Mapusa
2025-12-23T01:01:43.316Z,GA07G2502 - Mid Size (Water Tender),15.4870233,73.8172283,0,STOP,"Caculo Mall, 16 Shanta, St Inez Rd, Caculo Enclave, Santa Inez, Panaji, Goa (NW)",Fire Force Headquarters
2025-12-23T01:02:42.877Z,GA 07 G 0680-PIL(QUICK RESPONSE VEHICLE),15.5329733,73.7939283,0,STOP,At Fire Station Pilerne,Fire Station Pilerne
2025-12-23T01:02:42.877Z,GA07G2506 - Mid Size (Water Tender),15.500348,73.914085,0,INACTIVE,At Fire Station Old Goa,Fire Station Old Goa
2025-12-23T01:02:42.877Z,GA 07 G 5115-POR(MINI WATER TENDER),15.522988,73.829384,0,STOP,At Porvorim Fire Station,Fire Station Porvorim
2025-12-23T01:02:42.877Z,GA 07 G 0350-MRG(WATER TENDER),15.269428,73.970604,0,STOP,At Fire Station Margoa,Fire Station Margao
2025-12-23T01:02:42.877Z,GA 07 G 2900-MAP(MINI RESCUE TENDER),15.589908,73.808716,0,STOP,At Fire Station Mapusa,Fire Station Mapusa
2025-12-23T01:02:42.877Z,GA 07 G 7600-FFHQ(WATER BOUSER),15.487103,73.817108,0,STOP,"Caculo Mall, 16 Shanta, St Inez Rd, Caculo Enclave, Santa Inez, Panaji, Goa (NW)",Fire Force Headquarters
2025-12-23T01:02:42.877Z,GA 07 G 2002-FFHQ(TURN TABLE LADDER),15.48742,73.817375,0,STOP,"Caculo Mall, 16 Shanta, St Inez Rd, Caculo Enclave, Santa Inez, Panaji, Goa (NW)",Fire Force Headquarters
2025-12-23T01:02:42.877Z,GA 07 G 7101-FFHQ(WATER TENDER),15.486877,73.817055,0,STOP,"Caculo Mall, 16 Shanta, St Inez Rd, Caculo Enclave, Santa Inez, Panaji, Goa (NW)",Fire Force Headquarters
2025-12-23T01:02:42.877Z,GA 07 G 7677-FFHQ(EMERGENCY RESCUE),15.48719,73.817192,0,STOP,"Caculo Mall, 16 Shanta, St Inez Rd, Caculo Enclave, Santa Inez, Panaji, Goa (NW)",Fire Force Headquarters
2025-12-23T01:02:42.877Z,GA 07 G 1121-PNJ(EMERGENCY RESCUE),15.487292,73.817276,0,STOP,"Caculo Mall, 16 Shanta, St Inez Rd, Caculo Enclave, Santa Inez, Panaji, Goa (NW)",Fire Station Panaji
2025-12-23T01:02:42.877Z,GA 07 G 1571-FFHQ(QUICK RESPONSE),15.48666,73.817444,0,STOP,"Caculo Mall, 16 Shanta, St Inez Rd, Caculo Enclave, Santa Inez, Panaji, Goa (NW)",Fire Force Headquarters
2025-12-23T01:02:42.877Z,GA 07 G 8101-MAP(WATER TENDER),15.589937,73.80867,0,STOP,At Fire Station Mapusa,Fire Station Mapusa
2025-12-23T01:02:42.877Z,GA 07 G 2317-MRG(EMERGENCY RESCUE TENDER),15.2693183,73.9701083,1,STOP,At Fire Station Margoa,Fire Station Margao
2025-12-23T01:02:42.877Z,GA 07 G 1570-VAS(QUICK RESPONSE FIRE TENDER),15.3887783,73.8513266,0,STOP,At Fire Station Vasco,Fire Station Vasco
2025-12-23T01:02:42.877Z,GA 07 G 4101-VAS(MS WATER TENDER),15.3890783,73.85092,0,STOP,At Fire Station Vasco,Fire Station Vasco
2025-12-23T01:02:42.877Z,GA 07 G 0819-VAS(WATER/FOAM TENDER),15.3888217,73.8512367,0,IDLE,At Fire Station Vasco,Fire Station Vasco
2025-12-23T01:02:42.877Z,GA 07 G 7100-MRG(WATER BOUSER),15.2694566,73.97006,0,STOP,At Fire Station Margoa,Fire Station Margao
2025-12-23T01:02:42.877Z,GA 07 G 1568-MRG(QUICK RESPONSE ),15.269325,73.9706466,0,STOP,At Fire Station Margoa,Fire Station Margao
2025-12-23T01:02:42.877Z,GA 07 G 6101-MRG(WATER TENDER),15.2693733,73.9701416,0,STOP,At Fire Station Margoa,Fire Station Margao
2025-12-23T01:02:42.877Z,GA 07 G 1001-MRG(AERIAL LADDER PLATFORM),15.2695583,73.969735,0,STOP,At Fire Station Margoa,Fire Station Margao
2025-12-23T01:02:42.877Z,GA 07 G 0820-BIC(WATER TEDNER),15.4027094,74.0029172,0,STOP,At Fire Station Ponda ,Fire Station Bicholim
2025-12-23T01:02:42.877Z,GA 07 G 5101-OLG(MS WATER TENDER),15.5003033,73.91403,0,STOP,At Fire Station Old Goa,Fire Station Old Goa
2025-12-23T01:02:42.877Z,GA 07 G 3101-BIC(MS WATER TENDER),15.588885,73.9465583,4,STOP,At Fire Station Bicholim ,Fire Station Bicholim
2025-12-23T01:02:42.877Z,GA 07 G 1941-BIC(QUICK RESPONSE),15.5894533,73.9467033,0,STOP,At Fire Station Bicholim ,Fire Station Bicholim
2025-12-23T01:02:42.877Z,GA 07 G 2319-VAS (EMERGENCY RESCUE TENDER),15.3901916,73.8524983,0,STOP,"near melisa garage,NSD, Dabolim, Goa (SW)",Fire Station Vasco
2025-12-23T01:02:42.877Z,GA 07 G 3737-VAP(WATER TENDER),15.53099,74.1387199,0,STOP,At Fire Station Valpoi ,Fire Station Valpoi
2025-12-23T01:02:42.877Z,GA 07 G 2318-PND(EMERGENCY RESCUE TENDER),15.4028416,74.0028083,0,STOP,At Fire Station Ponda ,Fire Station Ponda
2025-12-23T01:02:42.877Z,GA 07 G 2004-PND(QUICK RESPONSE),15.4026666,74.0028483,0,STOP,At Fire Station Ponda ,Fire Station Ponda
2025-12-23T01:02:42.877Z,GA 07 G 9101-PND(WATER TENDER),15.402745,74.0028816,0,STOP,At Fire Station Ponda ,Fire Station Ponda
2025-12-23T01:02:42.877Z,GA 07 G 9797-PND(WATER BOUSER),15.402635,74.00284,0,STOP,At Fire Station Ponda ,Fire Station Ponda
2025-12-23T01:02:42.877Z,GA 07 G 6363-CAN(WATER TENDER),15.0236183,74.0440433,0,INACTIVE,"Canacona, The Lalitrajbaga ,Canacona, Canacona, Goa (NE)",Fire Station Canacona
2025-12-23T01:02:42.877Z,GA 07 G 1567-CAN(QUICK RESPONSE FT),15.0171383,74.0398266,32,INACTIVE,"Canacona, The Lalitrajbaga ,Canacona, Canacona, Goa (SW)",Fire Station Canacona
2025-12-23T01:02:42.877Z,GA 07 G 1569-VRN(QUICK RESPONSE),15.3694583,73.9356766,0,STOP,At Fire Station Verna,Fire Station Verna
2025-12-23T01:02:42.877Z,GA 07 G 9909-VRN(ADVANCE MULTI-PURPOSE),15.3695866,73.9351966,0,STOP,At Fire Station Verna,Fire Station Verna
2025-12-23T01:02:42.877Z,GA 07 G 1942-VAP(QUICK RESPONSE),15.5311233,74.1388183,0,STOP,At Fire Station Valpoi ,Fire Station Valpoi
2025-12-23T01:02:42.877Z,GA 07 G 2003-CUR(QUICK RESPONSE),15.2603983,74.1037033,0,STOP,At Fire Station Curchorem,Fire Station Curchorem
2025-12-23T01:02:42.877Z,GA 07 G 7447-CUR(EMERGENCY RESCUE),15.26048,74.1037033,0,STOP,At Fire Station Curchorem,Fire Station Curchorem
2025-12-23T01:02:42.877Z,GA 07 G 7557-CUR(WATER TENDER),15.26045,74.10345,0,STOP,At Fire Station Curchorem,Fire Station Curchorem
2025-12-23T01:02:42.877Z,GA 07 G 7667-CUR(WATER BOUSER),15.1454033,73.99108,0,STOP,"Shri Shantadurga fatarpekarin Temple, Fatorpa, Cuncolim, Goa (SW)",Fire Station Curchorem
2025-12-23T01:02:42.877Z,GA 07 G 4989-KUN(WATER TENDER),15.4630467,73.97251,0,STOP,At Fire Station Kundaim,Fire Station Kundaim
2025-12-23T01:02:42.877Z,GA 07 G 2242-PIL(WATER TENDER),15.5328322,73.7941056,0,STOP,At Fire Station Pilerne,Fire Station Pilerne
2025-12-23T01:02:42.877Z,GA 07 G 0681-MAP(QUICK RESPONSE),15.589775,73.8087733,0,STOP,At Fire Station Mapusa,Fire Station Mapusa
2025-12-23T01:02:42.877Z,GA 07 G 0307-PER(QUICK RESPONSE),15.7164939,73.7974239,0,INACTIVE,At Fire Station Pernem,Fire Station Pernem
2025-12-23T01:02:42.877Z,GA 07 G 2101-PER(MS WATER TENDER),15.7163717,73.7975772,0,STOP,At Fire Station Pernem,Fire Station Pernem
2025-12-23T01:02:42.877Z,GA 07 G 4600-PER(MINI RESCUE TENDER),15.7165206,73.7975167,0,STOP,At Fire Station Pernem,Fire Station Pernem
2025-12-23T01:02:42.877Z,GA 07 G 7272-PNJ(WATER TENDER),15.4877517,73.8175178,0,STOP,"Goa College of Home Science, Dayanand Bandodkar Road, Opposite Parade Ground Campal,, Panaji, Goa (SE)",Fire Station Panaji
2025-12-23T01:02:42.877Z,GA07G2384- Cuncolim,15.1862206,74.0209944,0,STOP,At Fire Station Cuncolim,Fire Station Cuncolim
2025-12-23T01:02:42.877Z,GA07G2507 - Mid Size (Water Tender),15.7164733,73.7974933,0,STOP,At Fire Station Pernem,Fire Station Pernem
2025-12-23T01:02:42.877Z,GA07G2505 - Mid Size (Water Tender),15.530985,74.13868,0,STOP,At Fire Station Valpoi ,Fire Station Valpoi
2025-12-23T01:02:42.877Z,GA07G2504 - Mid Size (Water Tender),15.5890983,73.9465083,0,STOP,At Fire Station Bicholim ,Fire Station Bicholim
2025-12-23T01:02:42.877Z,GA07G2503-Mid Size (Water Tender),15.5900233,73.80865,0,STOP,At Fire Station Mapusa,Fire Station Mapusa
2025-12-23T01:02:42.877Z,GA07G2502 - Mid Size (Water Tender),15.4870233,73.8172283,0,STOP,"Caculo Mall, 16 Shanta, St Inez Rd, Caculo Enclave, Santa Inez, Panaji, Goa (NW)",Fire Force Headquarters
2025-12-23T01:03:45.437Z,GA 07 G 0680-PIL(QUICK RESPONSE VEHICLE),15.5329733,73.7939283,0,STOP,At Fire Station Pilerne,Fire Station Pilerne
2025-12-23T01:03:45.437Z,GA07G2506 - Mid Size (Water Tender),15.500348,73.914085,0,INACTIVE,At Fire Station Old Goa,Fire Station Old Goa
2025-12-23T01:03:45.437Z,GA 07 G 5115-POR(MINI WATER TENDER),15.522988,73.829384,0,STOP,At Porvorim Fire Station,Fire Station Porvorim
2025-12-23T01:03:45.437Z,GA 07 G 0350-MRG(WATER TENDER),15.269428,73.970604,0,STOP,At Fire Station Margoa,Fire Station Margao
2025-12-23T01:03:45.437Z,GA 07 G 2900-MAP(MINI RESCUE TENDER),15.589908,73.808716,0,STOP,At Fire Station Mapusa,Fire Station Mapusa
2025-12-23T01:03:45.437Z,GA 07 G 7600-FFHQ(WATER BOUSER),15.487103,73.817108,0,STOP,"Caculo Mall, 16 Shanta, St Inez Rd, Caculo Enclave, Santa Inez, Panaji, Goa (NW)",Fire Force Headquarters
2025-12-23T01:03:45.437Z,GA 07 G 2002-FFHQ(TURN TABLE LADDER),15.48742,73.817375,0,STOP,"Caculo Mall, 16 Shanta, St Inez Rd, Caculo Enclave, Santa Inez, Panaji, Goa (NW)",Fire Force Headquarters
2025-12-23T01:03:45.437Z,GA 07 G 7101-FFHQ(WATER TENDER),15.486877,73.817055,0,STOP,"Caculo Mall, 16 Shanta, St Inez Rd, Caculo Enclave, Santa Inez, Panaji, Goa (NW)",Fire Force Headquarters
2025-12-23T01:03:45.437Z,GA 07 G 7677-FFHQ(EMERGENCY RESCUE),15.48719,73.817192,0,STOP,"Caculo Mall, 16 Shanta, St Inez Rd, Caculo Enclave, Santa Inez, Panaji, Goa (NW)",Fire Force Headquarters
2025-12-23T01:03:45.437Z,GA 07 G 1121-PNJ(EMERGENCY RESCUE),15.487292,73.817276,0,STOP,"Caculo Mall, 16 Shanta, St Inez Rd, Caculo Enclave, Santa Inez, Panaji, Goa (NW)",Fire Station Panaji
2025-12-23T01:03:45.437Z,GA 07 G 1571-FFHQ(QUICK RESPONSE),15.48666,73.817444,0,STOP,"Caculo Mall, 16 Shanta, St Inez Rd, Caculo Enclave, Santa Inez, Panaji, Goa (NW)",Fire Force Headquarters
2025-12-23T01:03:45.437Z,GA 07 G 8101-MAP(WATER TENDER),15.589937,73.80867,0,STOP,At Fire Station Mapusa,Fire Station Mapusa
2025-12-23T01:03:45.437Z,GA 07 G 2317-MRG(EMERGENCY RESCUE TENDER),15.2693766,73.97006,0,STOP,At Fire Station Margoa,Fire Station Margao
2025-12-23T01:03:45.437Z,GA 07 G 1570-VAS(QUICK RESPONSE FIRE TENDER),15.3887783,73.8513266,0,STOP,At Fire Station Vasco,Fire Station Vasco
2025-12-23T01:03:45.437Z,GA 07 G 4101-VAS(MS WATER TENDER),15.3890783,73.85092,0,STOP,At Fire Station Vasco,Fire Station Vasco
2025-12-23T01:03:45.437Z,GA 07 G 0819-VAS(WATER/FOAM TENDER),15.3888217,73.8512367,0,IDLE,At Fire Station Vasco,Fire Station Vasco
2025-12-23T01:03:45.437Z,GA 07 G 7100-MRG(WATER BOUSER),15.2694566,73.97006,0,STOP,At Fire Station Margoa,Fire Station Margao
2025-12-23T01:03:45.437Z,GA 07 G 1568-MRG(QUICK RESPONSE ),15.269325,73.9706466,0,STOP,At Fire Station Margoa,Fire Station Margao
2025-12-23T01:03:45.437Z,GA 07 G 6101-MRG(WATER TENDER),15.2693733,73.9701416,0,STOP,At Fire Station Margoa,Fire Station Margao
2025-12-23T01:03:45.437Z,GA 07 G 1001-MRG(AERIAL LADDER PLATFORM),15.2695583,73.969735,0,STOP,At Fire Station Margoa,Fire Station Margao
2025-12-23T01:03:45.437Z,GA 07 G 0820-BIC(WATER TEDNER),15.4027094,74.0029172,0,STOP,At Fire Station Ponda ,Fire Station Bicholim
2025-12-23T01:03:45.437Z,GA 07 G 5101-OLG(MS WATER TENDER),15.5003033,73.91403,0,STOP,At Fire Station Old Goa,Fire Station Old Goa
2025-12-23T01:03:45.437Z,GA 07 G 3101-BIC(MS WATER TENDER),15.588885,73.9465583,0,STOP,At Fire Station Bicholim ,Fire Station Bicholim
2025-12-23T01:03:45.437Z,GA 07 G 1941-BIC(QUICK RESPONSE),15.5894533,73.9467033,0,STOP,At Fire Station Bicholim ,Fire Station Bicholim
2025-12-23T01:03:45.437Z,GA 07 G 2319-VAS (EMERGENCY RESCUE TENDER),15.3901916,73.8524983,0,STOP,"near melisa garage,NSD, Dabolim, Goa (SW)",Fire Station Vasco
2025-12-23T01:03:45.437Z,GA 07 G 3737-VAP(WATER TENDER),15.53099,74.1387199,0,STOP,At Fire Station Valpoi ,Fire Station Valpoi
2025-12-23T01:03:45.437Z,GA 07 G 2318-PND(EMERGENCY RESCUE TENDER),15.4028416,74.0028083,0,STOP,At Fire Station Ponda ,Fire Station Ponda
2025-12-23T01:03:45.437Z,GA 07 G 2004-PND(QUICK RESPONSE),15.4026666,74.0028483,0,STOP,At Fire Station Ponda ,Fire Station Ponda
2025-12-23T01:03:45.437Z,GA 07 G 9101-PND(WATER TENDER),15.402745,74.0028816,0,STOP,At Fire Station Ponda ,Fire Station Ponda
2025-12-23T01:03:45.437Z,GA 07 G 9797-PND(WATER BOUSER),15.402635,74.00284,0,STOP,At Fire Station Ponda ,Fire Station Ponda
2025-12-23T01:03:45.437Z,GA 07 G 6363-CAN(WATER TENDER),15.0236183,74.0440433,0,INACTIVE,"Canacona, The Lalitrajbaga ,Canacona, Canacona, Goa (NE)",Fire Station Canacona
2025-12-23T01:03:45.437Z,GA 07 G 1567-CAN(QUICK RESPONSE FT),15.0171383,74.0398266,32,INACTIVE,"Canacona, The Lalitrajbaga ,Canacona, Canacona, Goa (SW)",Fire Station Canacona
2025-12-23T01:03:45.437Z,GA 07 G 1569-VRN(QUICK RESPONSE),15.3694583,73.9356766,0,STOP,At Fire Station Verna,Fire Station Verna
2025-12-23T01:03:45.437Z,GA 07 G 9909-VRN(ADVANCE MULTI-PURPOSE),15.3695866,73.9351966,0,STOP,At Fire Station Verna,Fire Station Verna
2025-12-23T01:03:45.437Z,GA 07 G 1942-VAP(QUICK RESPONSE),15.5311233,74.1388183,0,STOP,At Fire Station Valpoi ,Fire Station Valpoi
2025-12-23T01:03:45.437Z,GA 07 G 2003-CUR(QUICK RESPONSE),15.2603983,74.1037033,0,STOP,At Fire Station Curchorem,Fire Station Curchorem
2025-12-23T01:03:45.437Z,GA 07 G 7447-CUR(EMERGENCY RESCUE),15.26048,74.1037033,0,STOP,At Fire Station Curchorem,Fire Station Curchorem
2025-12-23T01:03:45.437Z,GA 07 G 7557-CUR(WATER TENDER),15.26045,74.10345,0,STOP,At Fire Station Curchorem,Fire Station Curchorem
2025-12-23T01:03:45.437Z,GA 07 G 7667-CUR(WATER BOUSER),15.1454033,73.99108,0,STOP,"Shri Shantadurga fatarpekarin Temple, Fatorpa, Cuncolim, Goa (SW)",Fire Station Curchorem
2025-12-23T01:03:45.437Z,GA 07 G 4989-KUN(WATER TENDER),15.4630467,73.97251,0,STOP,At Fire Station Kundaim,Fire Station Kundaim
2025-12-23T01:03:45.437Z,GA 07 G 2242-PIL(WATER TENDER),15.5328322,73.7941056,0,STOP,At Fire Station Pilerne,Fire Station Pilerne
2025-12-23T01:03:45.437Z,GA 07 G 0681-MAP(QUICK RESPONSE),15.589775,73.8087733,0,STOP,At Fire Station Mapusa,Fire Station Mapusa
2025-12-23T01:03:45.437Z,GA 07 G 0307-PER(QUICK RESPONSE),15.7164939,73.7974239,0,INACTIVE,At Fire Station Pernem,Fire Station Pernem
2025-12-23T01:03:45.437Z,GA 07 G 2101-PER(MS WATER TENDER),15.7163717,73.7975772,0,STOP,At Fire Station Pernem,Fire Station Pernem
2025-12-23T01:03:45.437Z,GA 07 G 4600-PER(MINI RESCUE TENDER),15.7165206,73.7975167,0,STOP,At Fire Station Pernem,Fire Station Pernem
2025-12-23T01:03:45.437Z,GA 07 G 7272-PNJ(WATER TENDER),15.4877517,73.8175178,0,STOP,"Goa College of Home Science, Dayanand Bandodkar Road, Opposite Parade Ground Campal,, Panaji, Goa (SE)",Fire Station Panaji
2025-12-23T01:03:45.437Z,GA07G2384- Cuncolim,15.1862206,74.0209944,0,STOP,At Fire Station Cuncolim,Fire Station Cuncolim
2025-12-23T01:03:45.437Z,GA07G2507 - Mid Size (Water Tender),15.7164733,73.7974933,0,STOP,At Fire Station Pernem,Fire Station Pernem
2025-12-23T01:03:45.437Z,GA07G2505 - Mid Size (Water Tender),15.530985,74.13868,0,STOP,At Fire Station Valpoi ,Fire Station Valpoi
2025-12-23T01:03:45.437Z,GA07G2504 - Mid Size (Water Tender),15.5890983,73.9465083,0,STOP,At Fire Station Bicholim ,Fire Station Bicholim
2025-12-23T01:03:45.437Z,GA07G2503-Mid Size (Water Tender),15.5900233,73.80865,0,STOP,At Fire Station Mapusa,Fire Station Mapusa
2025-12-23T01:03:45.437Z,GA07G2502 - Mid Size (Water Tender),15.4870233,73.8172283,0,STOP,"Caculo Mall, 16 Shanta, St Inez Rd, Caculo Enclave, Santa Inez, Panaji, Goa (NW)",Fire Force Headquarters
2025-12-23T01:04:41.777Z,GA 07 G 0680-PIL(QUICK RESPONSE VEHICLE),15.5329733,73.7939283,0,STOP,At Fire Station Pilerne,Fire Station Pilerne
2025-12-23T01:04:41.777Z,GA07G2506 - Mid Size (Water Tender),15.500348,73.914085,0,INACTIVE,At Fire Station Old Goa,Fire Station Old Goa
2025-12-23T01:04:41.777Z,GA 07 G 5115-POR(MINI WATER TENDER),15.522988,73.829384,0,STOP,At Porvorim Fire Station,Fire Station Porvorim
2025-12-23T01:04:41.777Z,GA 07 G 0350-MRG(WATER TENDER),15.269428,73.970604,0,STOP,At Fire Station Margoa,Fire Station Margao
2025-12-23T01:04:41.777Z,GA 07 G 2900-MAP(MINI RESCUE TENDER),15.589908,73.808716,0,STOP,At Fire Station Mapusa,Fire Station Mapusa
2025-12-23T01:04:41.777Z,GA 07 G 7600-FFHQ(WATER BOUSER),15.487103,73.817108,0,STOP,"Caculo Mall, 16 Shanta, St Inez Rd, Caculo Enclave, Santa Inez, Panaji, Goa (NW)",Fire Force Headquarters
2025-12-23T01:04:41.777Z,GA 07 G 2002-FFHQ(TURN TABLE LADDER),15.48742,73.817375,0,STOP,"Caculo Mall, 16 Shanta, St Inez Rd, Caculo Enclave, Santa Inez, Panaji, Goa (NW)",Fire Force Headquarters
2025-12-23T01:04:41.777Z,GA 07 G 7101-FFHQ(WATER TENDER),15.486877,73.817055,0,STOP,"Caculo Mall, 16 Shanta, St Inez Rd, Caculo Enclave, Santa Inez, Panaji, Goa (NW)",Fire Force Headquarters
2025-12-23T01:04:41.777Z,GA 07 G 7677-FFHQ(EMERGENCY RESCUE),15.48719,73.817192,0,STOP,"Caculo Mall, 16 Shanta, St Inez Rd, Caculo Enclave, Santa Inez, Panaji, Goa (NW)",Fire Force Headquarters
2025-12-23T01:04:41.777Z,GA 07 G 1121-PNJ(EMERGENCY RESCUE),15.487292,73.817276,0,STOP,"Caculo Mall, 16 Shanta, St Inez Rd, Caculo Enclave, Santa Inez, Panaji, Goa (NW)",Fire Station Panaji
2025-12-23T01:04:41.777Z,GA 07 G 1571-FFHQ(QUICK RESPONSE),15.48666,73.817444,0,STOP,"Caculo Mall, 16 Shanta, St Inez Rd, Caculo Enclave, Santa Inez, Panaji, Goa (NW)",Fire Force Headquarters
2025-12-23T01:04:41.777Z,GA 07 G 8101-MAP(WATER TENDER),15.589937,73.80867,0,STOP,At Fire Station Mapusa,Fire Station Mapusa
2025-12-23T01:04:41.777Z,GA 07 G 2317-MRG(EMERGENCY RESCUE TENDER),15.269355,73.9701416,4,STOP,At Fire Station Margoa,Fire Station Margao
2025-12-23T01:04:41.777Z,GA 07 G 1570-VAS(QUICK RESPONSE FIRE TENDER),15.3887783,73.8513266,0,STOP,At Fire Station Vasco,Fire Station Vasco
2025-12-23T01:04:41.777Z,GA 07 G 4101-VAS(MS WATER TENDER),15.3890783,73.85092,0,STOP,At Fire Station Vasco,Fire Station Vasco
2025-12-23T01:04:41.777Z,GA 07 G 0819-VAS(WATER/FOAM TENDER),15.3888217,73.8512367,0,IDLE,At Fire Station Vasco,Fire Station Vasco
2025-12-23T01:04:41.777Z,GA 07 G 7100-MRG(WATER BOUSER),15.2694566,73.97006,0,STOP,At Fire Station Margoa,Fire Station Margao
2025-12-23T01:04:41.777Z,GA 07 G 1568-MRG(QUICK RESPONSE ),15.269325,73.9706466,0,STOP,At Fire Station Margoa,Fire Station Margao
2025-12-23T01:04:41.777Z,GA 07 G 6101-MRG(WATER TENDER),15.2693733,73.9701416,0,STOP,At Fire Station Margoa,Fire Station Margao
2025-12-23T01:04:41.777Z,GA 07 G 1001-MRG(AERIAL LADDER PLATFORM),15.2695583,73.969735,0,STOP,At Fire Station Margoa,Fire Station Margao
2025-12-23T01:04:41.777Z,GA 07 G 0820-BIC(WATER TEDNER),15.4027094,74.0029172,0,STOP,At Fire Station Ponda ,Fire Station Bicholim
2025-12-23T01:04:41.777Z,GA 07 G 5101-OLG(MS WATER TENDER),15.5003033,73.91403,0,STOP,At Fire Station Old Goa,Fire Station Old Goa
2025-12-23T01:04:41.777Z,GA 07 G 3101-BIC(MS WATER TENDER),15.588885,73.9465583,0,STOP,At Fire Station Bicholim ,Fire Station Bicholim
2025-12-23T01:04:41.777Z,GA 07 G 1941-BIC(QUICK RESPONSE),15.5894533,73.9467033,0,STOP,At Fire Station Bicholim ,Fire Station Bicholim
2025-12-23T01:04:41.777Z,GA 07 G 2319-VAS (EMERGENCY RESCUE TENDER),15.3901916,73.8524983,0,STOP,"near melisa garage,NSD, Dabolim, Goa (SW)",Fire Station Vasco
2025-12-23T01:04:41.777Z,GA 07 G 3737-VAP(WATER TENDER),15.53099,74.1387199,0,STOP,At Fire Station Valpoi ,Fire Station Valpoi
2025-12-23T01:04:41.777Z,GA 07 G 2318-PND(EMERGENCY RESCUE TENDER),15.4028416,74.0028083,0,STOP,At Fire Station Ponda ,Fire Station Ponda
2025-12-23T01:04:41.777Z,GA 07 G 2004-PND(QUICK RESPONSE),15.4026666,74.0028483,0,STOP,At Fire Station Ponda ,Fire Station Ponda
2025-12-23T01:04:41.777Z,GA 07 G 9101-PND(WATER TENDER),15.402745,74.0028816,0,STOP,At Fire Station Ponda ,Fire Station Ponda
2025-12-23T01:04:41.777Z,GA 07 G 9797-PND(WATER BOUSER),15.402635,74.00284,0,STOP,At Fire Station Ponda ,Fire Station Ponda
2025-12-23T01:04:41.777Z,GA 07 G 6363-CAN(WATER TENDER),15.0236183,74.0440433,0,INACTIVE,"Canacona, The Lalitrajbaga ,Canacona, Canacona, Goa (NE)",Fire Station Canacona
2025-12-23T01:04:41.777Z,GA 07 G 1567-CAN(QUICK RESPONSE FT),15.0171383,74.0398266,32,INACTIVE,"Canacona, The Lalitrajbaga ,Canacona, Canacona, Goa (SW)",Fire Station Canacona
2025-12-23T01:04:41.777Z,GA 07 G 1569-VRN(QUICK RESPONSE),15.3694583,73.9356766,0,STOP,At Fire Station Verna,Fire Station Verna
2025-12-23T01:04:41.777Z,GA 07 G 9909-VRN(ADVANCE MULTI-PURPOSE),15.3695866,73.9351966,0,STOP,At Fire Station Verna,Fire Station Verna
2025-12-23T01:04:41.777Z,GA 07 G 1942-VAP(QUICK RESPONSE),15.5311233,74.1388183,0,STOP,At Fire Station Valpoi ,Fire Station Valpoi
2025-12-23T01:04:41.777Z,GA 07 G 2003-CUR(QUICK RESPONSE),15.2603983,74.1037033,0,STOP,At Fire Station Curchorem,Fire Station Curchorem
2025-12-23T01:04:41.777Z,GA 07 G 7447-CUR(EMERGENCY RESCUE),15.26048,74.1037033,0,STOP,At Fire Station Curchorem,Fire Station Curchorem
2025-12-23T01:04:41.777Z,GA 07 G 7557-CUR(WATER TENDER),15.26045,74.10345,0,STOP,At Fire Station Curchorem,Fire Station Curchorem
2025-12-23T01:04:41.777Z,GA 07 G 7667-CUR(WATER BOUSER),15.1454033,73.99108,0,STOP,"Shri Shantadurga fatarpekarin Temple, Fatorpa, Cuncolim, Goa (SW)",Fire Station Curchorem
2025-12-23T01:04:41.777Z,GA 07 G 4989-KUN(WATER TENDER),15.4630467,73.97251,0,STOP,At Fire Station Kundaim,Fire Station Kundaim
2025-12-23T01:04:41.777Z,GA 07 G 2242-PIL(WATER TENDER),15.5328322,73.7941056,0,STOP,At Fire Station Pilerne,Fire Station Pilerne
2025-12-23T01:04:41.777Z,GA 07 G 0681-MAP(QUICK RESPONSE),15.589775,73.8087733,0,STOP,At Fire Station Mapusa,Fire Station Mapusa
2025-12-23T01:04:41.777Z,GA 07 G 0307-PER(QUICK RESPONSE),15.7164939,73.7974239,0,INACTIVE,At Fire Station Pernem,Fire Station Pernem
2025-12-23T01:04:41.777Z,GA 07 G 2101-PER(MS WATER TENDER),15.7163717,73.7975772,0,STOP,At Fire Station Pernem,Fire Station Pernem
2025-12-23T01:04:41.777Z,GA 07 G 4600-PER(MINI RESCUE TENDER),15.7165206,73.7975167,0,STOP,At Fire Station Pernem,Fire Station Pernem
2025-12-23T01:04:41.777Z,GA 07 G 7272-PNJ(WATER TENDER),15.4877517,73.8175178,0,STOP,"Goa College of Home Science, Dayanand Bandodkar Road, Opposite Parade Ground Campal,, Panaji, Goa (SE)",Fire Station Panaji
2025-12-23T01:04:41.777Z,GA07G2384- Cuncolim,15.1862206,74.0209944,0,STOP,At Fire Station Cuncolim,Fire Station Cuncolim
2025-12-23T01:04:41.777Z,GA07G2507 - Mid Size (Water Tender),15.7164733,73.7974933,0,STOP,At Fire Station Pernem,Fire Station Pernem
2025-12-23T01:04:41.777Z,GA07G2505 - Mid Size (Water Tender),15.530985,74.13868,0,STOP,At Fire Station Valpoi ,Fire Station Valpoi
2025-12-23T01:04:41.777Z,GA07G2504 - Mid Size (Water Tender),15.5890983,73.9465083,0,STOP,At Fire Station Bicholim ,Fire Station Bicholim
2025-12-23T01:04:41.777Z,GA07G2503-Mid Size (Water Tender),15.5900233,73.80865,0,STOP,At Fire Station Mapusa,Fire Station Mapusa
2025-12-23T01:04:41.777Z,GA07G2502 - Mid Size (Water Tender),15.4870233,73.8172283,0,STOP,"Caculo Mall, 16 Shanta, St Inez Rd, Caculo Enclave, Santa Inez, Panaji, Goa (NW)",Fire Force Headquarters
2025-12-23T01:05:48.225Z,GA 07 G 0680-PIL(QUICK RESPONSE VEHICLE),15.5329733,73.7939283,0,STOP,At Fire Station Pilerne,Fire Station Pilerne
2025-12-23T01:05:48.225Z,GA07G2506 - Mid Size (Water Tender),15.500348,73.914085,0,INACTIVE,At Fire Station Old Goa,Fire Station Old Goa
2025-12-23T01:05:48.225Z,GA 07 G 5115-POR(MINI WATER TENDER),15.522988,73.829384,0,STOP,At Porvorim Fire Station,Fire Station Porvorim
2025-12-23T01:05:48.225Z,GA 07 G 0350-MRG(WATER TENDER),15.269428,73.970604,0,STOP,At Fire Station Margoa,Fire Station Margao
2025-12-23T01:05:48.225Z,GA 07 G 2900-MAP(MINI RESCUE TENDER),15.589908,73.808716,0,STOP,At Fire Station Mapusa,Fire Station Mapusa
2025-12-23T01:05:48.225Z,GA 07 G 7600-FFHQ(WATER BOUSER),15.487103,73.817108,0,STOP,"Caculo Mall, 16 Shanta, St Inez Rd, Caculo Enclave, Santa Inez, Panaji, Goa (NW)",Fire Force Headquarters
2025-12-23T01:05:48.225Z,GA 07 G 2002-FFHQ(TURN TABLE LADDER),15.48742,73.817375,0,STOP,"Caculo Mall, 16 Shanta, St Inez Rd, Caculo Enclave, Santa Inez, Panaji, Goa (NW)",Fire Force Headquarters
2025-12-23T01:05:48.225Z,GA 07 G 7101-FFHQ(WATER TENDER),15.486877,73.817055,0,STOP,"Caculo Mall, 16 Shanta, St Inez Rd, Caculo Enclave, Santa Inez, Panaji, Goa (NW)",Fire Force Headquarters
2025-12-23T01:05:48.225Z,GA 07 G 7677-FFHQ(EMERGENCY RESCUE),15.48719,73.817192,0,STOP,"Caculo Mall, 16 Shanta, St Inez Rd, Caculo Enclave, Santa Inez, Panaji, Goa (NW)",Fire Force Headquarters
2025-12-23T01:05:48.225Z,GA 07 G 1121-PNJ(EMERGENCY RESCUE),15.487292,73.817276,0,STOP,"Caculo Mall, 16 Shanta, St Inez Rd, Caculo Enclave, Santa Inez, Panaji, Goa (NW)",Fire Station Panaji
2025-12-23T01:05:48.225Z,GA 07 G 1571-FFHQ(QUICK RESPONSE),15.48666,73.817444,0,STOP,"Caculo Mall, 16 Shanta, St Inez Rd, Caculo Enclave, Santa Inez, Panaji, Goa (NW)",Fire Force Headquarters
2025-12-23T01:05:48.225Z,GA 07 G 8101-MAP(WATER TENDER),15.589937,73.80867,0,STOP,At Fire Station Mapusa,Fire Station Mapusa
2025-12-23T01:05:48.225Z,GA 07 G 2317-MRG(EMERGENCY RESCUE TENDER),15.2693316,73.9701166,0,STOP,At Fire Station Margoa,Fire Station Margao
2025-12-23T01:05:48.225Z,GA 07 G 1570-VAS(QUICK RESPONSE FIRE TENDER),15.3887783,73.8513266,0,STOP,At Fire Station Vasco,Fire Station Vasco
2025-12-23T01:05:48.225Z,GA 07 G 4101-VAS(MS WATER TENDER),15.3890783,73.85092,0,STOP,At Fire Station Vasco,Fire Station Vasco
2025-12-23T01:05:48.225Z,GA 07 G 0819-VAS(WATER/FOAM TENDER),15.3888217,73.8512367,0,IDLE,At Fire Station Vasco,Fire Station Vasco
2025-12-23T01:05:48.225Z,GA 07 G 7100-MRG(WATER BOUSER),15.2694566,73.97006,0,STOP,At Fire Station Margoa,Fire Station Margao
2025-12-23T01:05:48.225Z,GA 07 G 1568-MRG(QUICK RESPONSE ),15.269325,73.9706466,0,STOP,At Fire Station Margoa,Fire Station Margao
2025-12-23T01:05:48.225Z,GA 07 G 6101-MRG(WATER TENDER),15.2693733,73.9701416,0,STOP,At Fire Station Margoa,Fire Station Margao
2025-12-23T01:05:48.225Z,GA 07 G 1001-MRG(AERIAL LADDER PLATFORM),15.2695583,73.969735,0,STOP,At Fire Station Margoa,Fire Station Margao
2025-12-23T01:05:48.225Z,GA 07 G 0820-BIC(WATER TEDNER),15.4027094,74.0029172,0,STOP,At Fire Station Ponda ,Fire Station Bicholim
2025-12-23T01:05:48.225Z,GA 07 G 5101-OLG(MS WATER TENDER),15.5003033,73.91403,0,STOP,At Fire Station Old Goa,Fire Station Old Goa
2025-12-23T01:05:48.225Z,GA 07 G 3101-BIC(MS WATER TENDER),15.588885,73.9465583,0,STOP,At Fire Station Bicholim ,Fire Station Bicholim
2025-12-23T01:05:48.225Z,GA 07 G 1941-BIC(QUICK RESPONSE),15.5894533,73.9467033,0,STOP,At Fire Station Bicholim ,Fire Station Bicholim
2025-12-23T01:05:48.225Z,GA 07 G 2319-VAS (EMERGENCY RESCUE TENDER),15.3901916,73.8524983,0,STOP,"near melisa garage,NSD, Dabolim, Goa (SW)",Fire Station Vasco
2025-12-23T01:05:48.225Z,GA 07 G 3737-VAP(WATER TENDER),15.53099,74.1387199,0,STOP,At Fire Station Valpoi ,Fire Station Valpoi
2025-12-23T01:05:48.225Z,GA 07 G 2318-PND(EMERGENCY RESCUE TENDER),15.4028416,74.0028083,0,STOP,At Fire Station Ponda ,Fire Station Ponda
2025-12-23T01:05:48.225Z,GA 07 G 2004-PND(QUICK RESPONSE),15.4026666,74.0028483,0,STOP,At Fire Station Ponda ,Fire Station Ponda
2025-12-23T01:05:48.225Z,GA 07 G 9101-PND(WATER TENDER),15.402745,74.0028816,0,STOP,At Fire Station Ponda ,Fire Station Ponda
2025-12-23T01:05:48.225Z,GA 07 G 9797-PND(WATER BOUSER),15.402635,74.00284,0,STOP,At Fire Station Ponda ,Fire Station Ponda
2025-12-23T01:05:48.225Z,GA 07 G 6363-CAN(WATER TENDER),15.0236183,74.0440433,0,INACTIVE,"Canacona, The Lalitrajbaga ,Canacona, Canacona, Goa (NE)",Fire Station Canacona
2025-12-23T01:05:48.225Z,GA 07 G 1567-CAN(QUICK RESPONSE FT),15.0171383,74.0398266,32,INACTIVE,"Canacona, The Lalitrajbaga ,Canacona, Canacona, Goa (SW)",Fire Station Canacona
2025-12-23T01:05:48.225Z,GA 07 G 1569-VRN(QUICK RESPONSE),15.3694583,73.9356766,0,STOP,At Fire Station Verna,Fire Station Verna
2025-12-23T01:05:48.225Z,GA 07 G 9909-VRN(ADVANCE MULTI-PURPOSE),15.3695866,73.9351966,0,STOP,At Fire Station Verna,Fire Station Verna
2025-12-23T01:05:48.225Z,GA 07 G 1942-VAP(QUICK RESPONSE),15.5311233,74.1388183,0,STOP,At Fire Station Valpoi ,Fire Station Valpoi
2025-12-23T01:05:48.225Z,GA 07 G 2003-CUR(QUICK RESPONSE),15.2603983,74.1037033,0,STOP,At Fire Station Curchorem,Fire Station Curchorem
2025-12-23T01:05:48.225Z,GA 07 G 7447-CUR(EMERGENCY RESCUE),15.26048,74.1037033,0,STOP,At Fire Station Curchorem,Fire Station Curchorem
2025-12-23T01:05:48.225Z,GA 07 G 7557-CUR(WATER TENDER),15.26045,74.10345,0,STOP,At Fire Station Curchorem,Fire Station Curchorem
2025-12-23T01:05:48.225Z,GA 07 G 7667-CUR(WATER BOUSER),15.1454033,73.99108,0,STOP,"Shri Shantadurga fatarpekarin Temple, Fatorpa, Cuncolim, Goa (SW)",Fire Station Curchorem
2025-12-23T01:05:48.225Z,GA 07 G 4989-KUN(WATER TENDER),15.4630467,73.97251,0,STOP,At Fire Station Kundaim,Fire Station Kundaim
2025-12-23T01:05:48.225Z,GA 07 G 2242-PIL(WATER TENDER),15.5328322,73.7941056,0,STOP,At Fire Station Pilerne,Fire Station Pilerne
2025-12-23T01:05:48.225Z,GA 07 G 0681-MAP(QUICK RESPONSE),15.589775,73.8087733,0,STOP,At Fire Station Mapusa,Fire Station Mapusa
2025-12-23T01:05:48.225Z,GA 07 G 0307-PER(QUICK RESPONSE),15.7164939,73.7974239,0,INACTIVE,At Fire Station Pernem,Fire Station Pernem
2025-12-23T01:05:48.225Z,GA 07 G 2101-PER(MS WATER TENDER),15.7163717,73.7975772,0,STOP,At Fire Station Pernem,Fire Station Pernem
2025-12-23T01:05:48.225Z,GA 07 G 4600-PER(MINI RESCUE TENDER),15.7165206,73.7975167,0,STOP,At Fire Station Pernem,Fire Station Pernem
2025-12-23T01:05:48.225Z,GA 07 G 7272-PNJ(WATER TENDER),15.4877517,73.8175178,0,STOP,"Goa College of Home Science, Dayanand Bandodkar Road, Opposite Parade Ground Campal,, Panaji, Goa (SE)",Fire Station Panaji
2025-12-23T01:05:48.225Z,GA07G2384- Cuncolim,15.1862206,74.0209944,0,STOP,At Fire Station Cuncolim,Fire Station Cuncolim
2025-12-23T01:05:48.225Z,GA07G2507 - Mid Size (Water Tender),15.7164733,73.7974933,0,STOP,At Fire Station Pernem,Fire Station Pernem
2025-12-23T01:05:48.225Z,GA07G2505 - Mid Size (Water Tender),15.530985,74.13868,0,STOP,At Fire Station Valpoi ,Fire Station Valpoi
2025-12-23T01:05:48.225Z,GA07G2504 - Mid Size (Water Tender),15.5890983,73.9465083,0,STOP,At Fire Station Bicholim ,Fire Station Bicholim
2025-12-23T01:05:48.225Z,GA07G2503-Mid Size (Water Tender),15.5900233,73.80865,0,STOP,At Fire Station Mapusa,Fire Station Mapusa
2025-12-23T01:05:48.225Z,GA07G2502 - Mid Size (Water Tender),15.4870233,73.8172283,0,STOP,"Caculo Mall, 16 Shanta, St Inez Rd, Caculo Enclave, Santa Inez, Panaji, Goa (NW)",Fire Force Headquarters
2025-12-23T01:06:44.705Z,GA 07 G 0680-PIL(QUICK RESPONSE VEHICLE),15.5329733,73.7939283,0,STOP,At Fire Station Pilerne,Fire Station Pilerne
2025-12-23T01:06:44.705Z,GA07G2506 - Mid Size (Water Tender),15.500348,73.914085,0,INACTIVE,At Fire Station Old Goa,Fire Station Old Goa
2025-12-23T01:06:44.705Z,GA 07 G 5115-POR(MINI WATER TENDER),15.522988,73.829384,0,STOP,At Porvorim Fire Station,Fire Station Porvorim
2025-12-23T01:06:44.705Z,GA 07 G 0350-MRG(WATER TENDER),15.269428,73.970604,0,STOP,At Fire Station Margoa,Fire Station Margao
2025-12-23T01:06:44.705Z,GA 07 G 2900-MAP(MINI RESCUE TENDER),15.589908,73.808716,0,STOP,At Fire Station Mapusa,Fire Station Mapusa
2025-12-23T01:06:44.705Z,GA 07 G 7600-FFHQ(WATER BOUSER),15.487103,73.817108,0,STOP,"Caculo Mall, 16 Shanta, St Inez Rd, Caculo Enclave, Santa Inez, Panaji, Goa (NW)",Fire Force Headquarters
2025-12-23T01:06:44.705Z,GA 07 G 2002-FFHQ(TURN TABLE LADDER),15.48742,73.817375,0,STOP,"Caculo Mall, 16 Shanta, St Inez Rd, Caculo Enclave, Santa Inez, Panaji, Goa (NW)",Fire Force Headquarters
2025-12-23T01:06:44.705Z,GA 07 G 7101-FFHQ(WATER TENDER),15.486877,73.817055,0,STOP,"Caculo Mall, 16 Shanta, St Inez Rd, Caculo Enclave, Santa Inez, Panaji, Goa (NW)",Fire Force Headquarters
2025-12-23T01:06:44.705Z,GA 07 G 7677-FFHQ(EMERGENCY RESCUE),15.48719,73.817192,0,STOP,"Caculo Mall, 16 Shanta, St Inez Rd, Caculo Enclave, Santa Inez, Panaji, Goa (NW)",Fire Force Headquarters
2025-12-23T01:06:44.705Z,GA 07 G 1121-PNJ(EMERGENCY RESCUE),15.487292,73.817276,0,STOP,"Caculo Mall, 16 Shanta, St Inez Rd, Caculo Enclave, Santa Inez, Panaji, Goa (NW)",Fire Station Panaji
2025-12-23T01:06:44.705Z,GA 07 G 1571-FFHQ(QUICK RESPONSE),15.48666,73.817444,0,STOP,"Caculo Mall, 16 Shanta, St Inez Rd, Caculo Enclave, Santa Inez, Panaji, Goa (NW)",Fire Force Headquarters
2025-12-23T01:06:44.705Z,GA 07 G 8101-MAP(WATER TENDER),15.589937,73.80867,0,STOP,At Fire Station Mapusa,Fire Station Mapusa
2025-12-23T01:06:44.705Z,GA 07 G 2317-MRG(EMERGENCY RESCUE TENDER),15.2694266,73.97015,0,STOP,At Fire Station Margoa,Fire Station Margao
2025-12-23T01:06:44.705Z,GA 07 G 1570-VAS(QUICK RESPONSE FIRE TENDER),15.3887783,73.8513266,0,STOP,At Fire Station Vasco,Fire Station Vasco
2025-12-23T01:06:44.705Z,GA 07 G 4101-VAS(MS WATER TENDER),15.3890783,73.85092,0,STOP,At Fire Station Vasco,Fire Station Vasco
2025-12-23T01:06:44.705Z,GA 07 G 0819-VAS(WATER/FOAM TENDER),15.3888217,73.8512367,0,IDLE,At Fire Station Vasco,Fire Station Vasco
2025-12-23T01:06:44.705Z,GA 07 G 7100-MRG(WATER BOUSER),15.2694566,73.97006,0,STOP,At Fire Station Margoa,Fire Station Margao
2025-12-23T01:06:44.705Z,GA 07 G 1568-MRG(QUICK RESPONSE ),15.269325,73.9706466,0,STOP,At Fire Station Margoa,Fire Station Margao
2025-12-23T01:06:44.705Z,GA 07 G 6101-MRG(WATER TENDER),15.2693733,73.9701416,0,STOP,At Fire Station Margoa,Fire Station Margao
2025-12-23T01:06:44.705Z,GA 07 G 1001-MRG(AERIAL LADDER PLATFORM),15.2695583,73.969735,0,STOP,At Fire Station Margoa,Fire Station Margao
2025-12-23T01:06:44.705Z,GA 07 G 0820-BIC(WATER TEDNER),15.4027094,74.0029172,0,STOP,At Fire Station Ponda ,Fire Station Bicholim
2025-12-23T01:06:44.705Z,GA 07 G 5101-OLG(MS WATER TENDER),15.5003033,73.91403,0,STOP,At Fire Station Old Goa,Fire Station Old Goa
2025-12-23T01:06:44.705Z,GA 07 G 3101-BIC(MS WATER TENDER),15.588885,73.9465583,0,STOP,At Fire Station Bicholim ,Fire Station Bicholim
2025-12-23T01:06:44.705Z,GA 07 G 1941-BIC(QUICK RESPONSE),15.5894533,73.9467033,0,STOP,At Fire Station Bicholim ,Fire Station Bicholim
2025-12-23T01:06:44.705Z,GA 07 G 2319-VAS (EMERGENCY RESCUE TENDER),15.3901916,73.8524983,0,STOP,"near melisa garage,NSD, Dabolim, Goa (SW)",Fire Station Vasco
2025-12-23T01:06:44.705Z,GA 07 G 3737-VAP(WATER TENDER),15.53099,74.1387199,0,STOP,At Fire Station Valpoi ,Fire Station Valpoi
2025-12-23T01:06:44.705Z,GA 07 G 2318-PND(EMERGENCY RESCUE TENDER),15.4028416,74.0028083,0,STOP,At Fire Station Ponda ,Fire Station Ponda
2025-12-23T01:06:44.705Z,GA 07 G 2004-PND(QUICK RESPONSE),15.4026666,74.0028483,0,STOP,At Fire Station Ponda ,Fire Station Ponda
2025-12-23T01:06:44.705Z,GA 07 G 9101-PND(WATER TENDER),15.402745,74.0028816,0,STOP,At Fire Station Ponda ,Fire Station Ponda
2025-12-23T01:06:44.705Z,GA 07 G 9797-PND(WATER BOUSER),15.402635,74.00284,0,STOP,At Fire Station Ponda ,Fire Station Ponda
2025-12-23T01:06:44.705Z,GA 07 G 6363-CAN(WATER TENDER),15.0236183,74.0440433,0,INACTIVE,"Canacona, The Lalitrajbaga ,Canacona, Canacona, Goa (NE)",Fire Station Canacona
2025-12-23T01:06:44.705Z,GA 07 G 1567-CAN(QUICK RESPONSE FT),15.0171383,74.0398266,32,INACTIVE,"Canacona, The Lalitrajbaga ,Canacona, Canacona, Goa (SW)",Fire Station Canacona
2025-12-23T01:06:44.705Z,GA 07 G 1569-VRN(QUICK RESPONSE),15.3694583,73.9356766,0,STOP,At Fire Station Verna,Fire Station Verna
2025-12-23T01:06:44.705Z,GA 07 G 9909-VRN(ADVANCE MULTI-PURPOSE),15.3695866,73.9351966,0,STOP,At Fire Station Verna,Fire Station Verna
2025-12-23T01:06:44.705Z,GA 07 G 1942-VAP(QUICK RESPONSE),15.5311233,74.1388183,0,STOP,At Fire Station Valpoi ,Fire Station Valpoi
2025-12-23T01:06:44.705Z,GA 07 G 2003-CUR(QUICK RESPONSE),15.2603983,74.1037033,0,STOP,At Fire Station Curchorem,Fire Station Curchorem
2025-12-23T01:06:44.705Z,GA 07 G 7447-CUR(EMERGENCY RESCUE),15.26048,74.1037033,0,STOP,At Fire Station Curchorem,Fire Station Curchorem
2025-12-23T01:06:44.705Z,GA 07 G 7557-CUR(WATER TENDER),15.26045,74.10345,0,STOP,At Fire Station Curchorem,Fire Station Curchorem
2025-12-23T01:06:44.705Z,GA 07 G 7667-CUR(WATER BOUSER),15.1454033,73.99108,0,STOP,"Shri Shantadurga fatarpekarin Temple, Fatorpa, Cuncolim, Goa (SW)",Fire Station Curchorem
2025-12-23T01:06:44.705Z,GA 07 G 4989-KUN(WATER TENDER),15.4630467,73.97251,0,STOP,At Fire Station Kundaim,Fire Station Kundaim
2025-12-23T01:06:44.705Z,GA 07 G 2242-PIL(WATER TENDER),15.5328322,73.7941056,0,STOP,At Fire Station Pilerne,Fire Station Pilerne
2025-12-23T01:06:44.705Z,GA 07 G 0681-MAP(QUICK RESPONSE),15.589775,73.8087733,0,STOP,At Fire Station Mapusa,Fire Station Mapusa
2025-12-23T01:06:44.705Z,GA 07 G 0307-PER(QUICK RESPONSE),15.7164939,73.7974239,0,INACTIVE,At Fire Station Pernem,Fire Station Pernem
2025-12-23T01:06:44.705Z,GA 07 G 2101-PER(MS WATER TENDER),15.7163717,73.7975772,0,STOP,At Fire Station Pernem,Fire Station Pernem
2025-12-23T01:06:44.705Z,GA 07 G 4600-PER(MINI RESCUE TENDER),15.7165206,73.7975167,0,STOP,At Fire Station Pernem,Fire Station Pernem
2025-12-23T01:06:44.705Z,GA 07 G 7272-PNJ(WATER TENDER),15.4877517,73.8175178,0,STOP,"Goa College of Home Science, Dayanand Bandodkar Road, Opposite Parade Ground Campal,, Panaji, Goa (SE)",Fire Station Panaji
2025-12-23T01:06:44.705Z,GA07G2384- Cuncolim,15.1862206,74.0209944,0,STOP,At Fire Station Cuncolim,Fire Station Cuncolim
2025-12-23T01:06:44.705Z,GA07G2507 - Mid Size (Water Tender),15.7164733,73.7974933,0,STOP,At Fire Station Pernem,Fire Station Pernem
2025-12-23T01:06:44.705Z,GA07G2505 - Mid Size (Water Tender),15.530985,74.13868,0,STOP,At Fire Station Valpoi ,Fire Station Valpoi
2025-12-23T01:06:44.705Z,GA07G2504 - Mid Size (Water Tender),15.5890983,73.9465083,0,STOP,At Fire Station Bicholim ,Fire Station Bicholim
2025-12-23T01:06:44.705Z,GA07G2503-Mid Size (Water Tender),15.5900233,73.80865,0,STOP,At Fire Station Mapusa,Fire Station Mapusa
2025-12-23T01:06:44.705Z,GA07G2502 - Mid Size (Water Tender),15.4870233,73.8172283,0,STOP,"Caculo Mall, 16 Shanta, St Inez Rd, Caculo Enclave, Santa Inez, Panaji, Goa (NW)",Fire Force Headquarters
2025-12-23T01:07:44.363Z,GA 07 G 0680-PIL(QUICK RESPONSE VEHICLE),15.5329733,73.7939283,0,STOP,At Fire Station Pilerne,Fire Station Pilerne
2025-12-23T01:07:44.363Z,GA07G2506 - Mid Size (Water Tender),15.500348,73.914085,0,INACTIVE,At Fire Station Old Goa,Fire Station Old Goa
2025-12-23T01:07:44.363Z,GA 07 G 5115-POR(MINI WATER TENDER),15.522988,73.829384,0,STOP,At Porvorim Fire Station,Fire Station Porvorim
2025-12-23T01:07:44.363Z,GA 07 G 0350-MRG(WATER TENDER),15.269428,73.970604,0,STOP,At Fire Station Margoa,Fire Station Margao
2025-12-23T01:07:44.363Z,GA 07 G 2900-MAP(MINI RESCUE TENDER),15.589908,73.808716,0,STOP,At Fire Station Mapusa,Fire Station Mapusa
2025-12-23T01:07:44.363Z,GA 07 G 7600-FFHQ(WATER BOUSER),15.487103,73.817108,0,STOP,"Caculo Mall, 16 Shanta, St Inez Rd, Caculo Enclave, Santa Inez, Panaji, Goa (NW)",Fire Force Headquarters
2025-12-23T01:07:44.363Z,GA 07 G 2002-FFHQ(TURN TABLE LADDER),15.48742,73.817375,0,STOP,"Caculo Mall, 16 Shanta, St Inez Rd, Caculo Enclave, Santa Inez, Panaji, Goa (NW)",Fire Force Headquarters
2025-12-23T01:07:44.363Z,GA 07 G 7101-FFHQ(WATER TENDER),15.486877,73.817055,0,STOP,"Caculo Mall, 16 Shanta, St Inez Rd, Caculo Enclave, Santa Inez, Panaji, Goa (NW)",Fire Force Headquarters
2025-12-23T01:07:44.363Z,GA 07 G 7677-FFHQ(EMERGENCY RESCUE),15.48719,73.817192,0,STOP,"Caculo Mall, 16 Shanta, St Inez Rd, Caculo Enclave, Santa Inez, Panaji, Goa (NW)",Fire Force Headquarters
2025-12-23T01:07:44.363Z,GA 07 G 1121-PNJ(EMERGENCY RESCUE),15.487292,73.817276,0,STOP,"Caculo Mall, 16 Shanta, St Inez Rd, Caculo Enclave, Santa Inez, Panaji, Goa (NW)",Fire Station Panaji
2025-12-23T01:07:44.363Z,GA 07 G 1571-FFHQ(QUICK RESPONSE),15.48666,73.817444,0,STOP,"Caculo Mall, 16 Shanta, St Inez Rd, Caculo Enclave, Santa Inez, Panaji, Goa (NW)",Fire Force Headquarters
2025-12-23T01:07:44.363Z,GA 07 G 8101-MAP(WATER TENDER),15.589937,73.80867,0,STOP,At Fire Station Mapusa,Fire Station Mapusa
2025-12-23T01:07:44.363Z,GA 07 G 2317-MRG(EMERGENCY RESCUE TENDER),15.2694266,73.97015,0,STOP,At Fire Station Margoa,Fire Station Margao
2025-12-23T01:07:44.363Z,GA 07 G 1570-VAS(QUICK RESPONSE FIRE TENDER),15.3887783,73.8513266,0,STOP,At Fire Station Vasco,Fire Station Vasco
2025-12-23T01:07:44.363Z,GA 07 G 4101-VAS(MS WATER TENDER),15.3890783,73.85092,0,STOP,At Fire Station Vasco,Fire Station Vasco
2025-12-23T01:07:44.363Z,GA 07 G 0819-VAS(WATER/FOAM TENDER),15.3888217,73.8512367,0,IDLE,At Fire Station Vasco,Fire Station Vasco
2025-12-23T01:07:44.363Z,GA 07 G 7100-MRG(WATER BOUSER),15.2694566,73.97006,0,STOP,At Fire Station Margoa,Fire Station Margao
2025-12-23T01:07:44.363Z,GA 07 G 1568-MRG(QUICK RESPONSE ),15.269325,73.9706466,0,STOP,At Fire Station Margoa,Fire Station Margao
2025-12-23T01:07:44.363Z,GA 07 G 6101-MRG(WATER TENDER),15.2693733,73.9701416,0,STOP,At Fire Station Margoa,Fire Station Margao
2025-12-23T01:07:44.363Z,GA 07 G 1001-MRG(AERIAL LADDER PLATFORM),15.2695583,73.969735,0,STOP,At Fire Station Margoa,Fire Station Margao
2025-12-23T01:07:44.363Z,GA 07 G 0820-BIC(WATER TEDNER),15.4027094,74.0029172,0,STOP,At Fire Station Ponda ,Fire Station Bicholim
2025-12-23T01:07:44.363Z,GA 07 G 5101-OLG(MS WATER TENDER),15.5003033,73.91403,0,STOP,At Fire Station Old Goa,Fire Station Old Goa
2025-12-23T01:07:44.363Z,GA 07 G 3101-BIC(MS WATER TENDER),15.588885,73.9465583,0,STOP,At Fire Station Bicholim ,Fire Station Bicholim
2025-12-23T01:07:44.363Z,GA 07 G 1941-BIC(QUICK RESPONSE),15.5894533,73.9467033,0,STOP,At Fire Station Bicholim ,Fire Station Bicholim
2025-12-23T01:07:44.363Z,GA 07 G 2319-VAS (EMERGENCY RESCUE TENDER),15.3901916,73.8524983,0,STOP,"near melisa garage,NSD, Dabolim, Goa (SW)",Fire Station Vasco
2025-12-23T01:07:44.363Z,GA 07 G 3737-VAP(WATER TENDER),15.53099,74.1387199,0,STOP,At Fire Station Valpoi ,Fire Station Valpoi
2025-12-23T01:07:44.363Z,GA 07 G 2318-PND(EMERGENCY RESCUE TENDER),15.4028416,74.0028083,0,STOP,At Fire Station Ponda ,Fire Station Ponda
2025-12-23T01:07:44.363Z,GA 07 G 2004-PND(QUICK RESPONSE),15.4026666,74.0028483,0,STOP,At Fire Station Ponda ,Fire Station Ponda
2025-12-23T01:07:44.363Z,GA 07 G 9101-PND(WATER TENDER),15.402745,74.0028816,0,STOP,At Fire Station Ponda ,Fire Station Ponda
2025-12-23T01:07:44.363Z,GA 07 G 9797-PND(WATER BOUSER),15.402635,74.00284,0,STOP,At Fire Station Ponda ,Fire Station Ponda
2025-12-23T01:07:44.363Z,GA 07 G 6363-CAN(WATER TENDER),15.0236183,74.0440433,0,INACTIVE,"Canacona, The Lalitrajbaga ,Canacona, Canacona, Goa (NE)",Fire Station Canacona
2025-12-23T01:07:44.363Z,GA 07 G 1567-CAN(QUICK RESPONSE FT),15.0171383,74.0398266,32,INACTIVE,"Canacona, The Lalitrajbaga ,Canacona, Canacona, Goa (SW)",Fire Station Canacona
2025-12-23T01:07:44.363Z,GA 07 G 1569-VRN(QUICK RESPONSE),15.3694583,73.9356766,0,STOP,At Fire Station Verna,Fire Station Verna
2025-12-23T01:07:44.363Z,GA 07 G 9909-VRN(ADVANCE MULTI-PURPOSE),15.3695866,73.9351966,0,STOP,At Fire Station Verna,Fire Station Verna
2025-12-23T01:07:44.363Z,GA 07 G 1942-VAP(QUICK RESPONSE),15.5311233,74.1388183,0,STOP,At Fire Station Valpoi ,Fire Station Valpoi
2025-12-23T01:07:44.363Z,GA 07 G 2003-CUR(QUICK RESPONSE),15.2603983,74.1037033,0,STOP,At Fire Station Curchorem,Fire Station Curchorem
2025-12-23T01:07:44.363Z,GA 07 G 7447-CUR(EMERGENCY RESCUE),15.26048,74.1037033,0,STOP,At Fire Station Curchorem,Fire Station Curchorem
2025-12-23T01:07:44.363Z,GA 07 G 7557-CUR(WATER TENDER),15.26045,74.10345,0,STOP,At Fire Station Curchorem,Fire Station Curchorem
2025-12-23T01:07:44.363Z,GA 07 G 7667-CUR(WATER BOUSER),15.1454033,73.99108,0,STOP,"Shri Shantadurga fatarpekarin Temple, Fatorpa, Cuncolim, Goa (SW)",Fire Station Curchorem
2025-12-23T01:07:44.363Z,GA 07 G 4989-KUN(WATER TENDER),15.4630467,73.97251,0,STOP,At Fire Station Kundaim,Fire Station Kundaim
2025-12-23T01:07:44.363Z,GA 07 G 2242-PIL(WATER TENDER),15.5328322,73.7941056,0,STOP,At Fire Station Pilerne,Fire Station Pilerne
2025-12-23T01:07:44.363Z,GA 07 G 0681-MAP(QUICK RESPONSE),15.589775,73.8087733,0,STOP,At Fire Station Mapusa,Fire Station Mapusa
2025-12-23T01:07:44.363Z,GA 07 G 0307-PER(QUICK RESPONSE),15.7164939,73.7974239,0,INACTIVE,At Fire Station Pernem,Fire Station Pernem
2025-12-23T01:07:44.363Z,GA 07 G 2101-PER(MS WATER TENDER),15.7163717,73.7975772,0,STOP,At Fire Station Pernem,Fire Station Pernem
2025-12-23T01:07:44.363Z,GA 07 G 4600-PER(MINI RESCUE TENDER),15.7165206,73.7975167,0,STOP,At Fire Station Pernem,Fire Station Pernem
2025-12-23T01:07:44.363Z,GA 07 G 7272-PNJ(WATER TENDER),15.4877517,73.8175178,0,STOP,"Goa College of Home Science, Dayanand Bandodkar Road, Opposite Parade Ground Campal,, Panaji, Goa (SE)",Fire Station Panaji
2025-12-23T01:07:44.363Z,GA07G2384- Cuncolim,15.1862206,74.0209944,0,STOP,At Fire Station Cuncolim,Fire Station Cuncolim
2025-12-23T01:07:44.363Z,GA07G2507 - Mid Size (Water Tender),15.7164733,73.7974933,0,STOP,At Fire Station Pernem,Fire Station Pernem
2025-12-23T01:07:44.363Z,GA07G2505 - Mid Size (Water Tender),15.530985,74.13868,0,STOP,At Fire Station Valpoi ,Fire Station Valpoi
2025-12-23T01:07:44.363Z,GA07G2504 - Mid Size (Water Tender),15.5890983,73.9465083,0,STOP,At Fire Station Bicholim ,Fire Station Bicholim
2025-12-23T01:07:44.363Z,GA07G2503-Mid Size (Water Tender),15.5900233,73.80865,0,STOP,At Fire Station Mapusa,Fire Station Mapusa
2025-12-23T01:07:44.363Z,GA07G2502 - Mid Size (Water Tender),15.4870233,73.8172283,0,STOP,"Caculo Mall, 16 Shanta, St Inez Rd, Caculo Enclave, Santa Inez, Panaji, Goa (NW)",Fire Force Headquarters
2025-12-23T01:08:49.024Z,GA 07 G 0680-PIL(QUICK RESPONSE VEHICLE),15.5329733,73.7939283,0,STOP,At Fire Station Pilerne,Fire Station Pilerne
2025-12-23T01:08:49.024Z,GA07G2506 - Mid Size (Water Tender),15.500348,73.914085,0,INACTIVE,At Fire Station Old Goa,Fire Station Old Goa
2025-12-23T01:08:49.024Z,GA 07 G 5115-POR(MINI WATER TENDER),15.522988,73.829384,0,STOP,At Porvorim Fire Station,Fire Station Porvorim
2025-12-23T01:08:49.024Z,GA 07 G 0350-MRG(WATER TENDER),15.269428,73.970604,0,STOP,At Fire Station Margoa,Fire Station Margao
2025-12-23T01:08:49.024Z,GA 07 G 2900-MAP(MINI RESCUE TENDER),15.589908,73.808716,0,STOP,At Fire Station Mapusa,Fire Station Mapusa
2025-12-23T01:08:49.024Z,GA 07 G 7600-FFHQ(WATER BOUSER),15.487103,73.817108,0,STOP,"Caculo Mall, 16 Shanta, St Inez Rd, Caculo Enclave, Santa Inez, Panaji, Goa (NW)",Fire Force Headquarters
2025-12-23T01:08:49.024Z,GA 07 G 2002-FFHQ(TURN TABLE LADDER),15.48742,73.817375,0,STOP,"Caculo Mall, 16 Shanta, St Inez Rd, Caculo Enclave, Santa Inez, Panaji, Goa (NW)",Fire Force Headquarters
2025-12-23T01:08:49.024Z,GA 07 G 7101-FFHQ(WATER TENDER),15.486877,73.817055,0,STOP,"Caculo Mall, 16 Shanta, St Inez Rd, Caculo Enclave, Santa Inez, Panaji, Goa (NW)",Fire Force Headquarters
2025-12-23T01:08:49.024Z,GA 07 G 7677-FFHQ(EMERGENCY RESCUE),15.48719,73.817192,0,STOP,"Caculo Mall, 16 Shanta, St Inez Rd, Caculo Enclave, Santa Inez, Panaji, Goa (NW)",Fire Force Headquarters
2025-12-23T01:08:49.024Z,GA 07 G 1121-PNJ(EMERGENCY RESCUE),15.487292,73.817276,0,STOP,"Caculo Mall, 16 Shanta, St Inez Rd, Caculo Enclave, Santa Inez, Panaji, Goa (NW)",Fire Station Panaji
2025-12-23T01:08:49.024Z,GA 07 G 1571-FFHQ(QUICK RESPONSE),15.48666,73.817444,0,STOP,"Caculo Mall, 16 Shanta, St Inez Rd, Caculo Enclave, Santa Inez, Panaji, Goa (NW)",Fire Force Headquarters
2025-12-23T01:08:49.024Z,GA 07 G 8101-MAP(WATER TENDER),15.589937,73.80867,0,STOP,At Fire Station Mapusa,Fire Station Mapusa
2025-12-23T01:08:49.024Z,GA 07 G 2317-MRG(EMERGENCY RESCUE TENDER),15.2693416,73.9701816,1,STOP,At Fire Station Margoa,Fire Station Margao
2025-12-23T01:08:49.024Z,GA 07 G 1570-VAS(QUICK RESPONSE FIRE TENDER),15.3887783,73.8513266,0,STOP,At Fire Station Vasco,Fire Station Vasco
2025-12-23T01:08:49.024Z,GA 07 G 4101-VAS(MS WATER TENDER),15.3890783,73.85092,0,STOP,At Fire Station Vasco,Fire Station Vasco
2025-12-23T01:08:49.024Z,GA 07 G 0819-VAS(WATER/FOAM TENDER),15.3888217,73.8512367,0,IDLE,At Fire Station Vasco,Fire Station Vasco
2025-12-23T01:08:49.024Z,GA 07 G 7100-MRG(WATER BOUSER),15.2694566,73.97006,0,STOP,At Fire Station Margoa,Fire Station Margao
2025-12-23T01:08:49.024Z,GA 07 G 1568-MRG(QUICK RESPONSE ),15.269325,73.9706466,0,STOP,At Fire Station Margoa,Fire Station Margao
2025-12-23T01:08:49.024Z,GA 07 G 6101-MRG(WATER TENDER),15.2693733,73.9701416,0,STOP,At Fire Station Margoa,Fire Station Margao
2025-12-23T01:08:49.024Z,GA 07 G 1001-MRG(AERIAL LADDER PLATFORM),15.2695583,73.969735,0,STOP,At Fire Station Margoa,Fire Station Margao
2025-12-23T01:08:49.024Z,GA 07 G 0820-BIC(WATER TEDNER),15.4027094,74.0029172,0,STOP,At Fire Station Ponda ,Fire Station Bicholim
2025-12-23T01:08:49.024Z,GA 07 G 5101-OLG(MS WATER TENDER),15.5003033,73.91403,0,STOP,At Fire Station Old Goa,Fire Station Old Goa
2025-12-23T01:08:49.024Z,GA 07 G 3101-BIC(MS WATER TENDER),15.5893416,73.9468916,0,STOP,At Fire Station Bicholim ,Fire Station Bicholim
2025-12-23T01:08:49.024Z,GA 07 G 1941-BIC(QUICK RESPONSE),15.5894533,73.9467033,0,STOP,At Fire Station Bicholim ,Fire Station Bicholim
2025-12-23T01:08:49.024Z,GA 07 G 2319-VAS (EMERGENCY RESCUE TENDER),15.3901916,73.8524983,0,STOP,"near melisa garage,NSD, Dabolim, Goa (SW)",Fire Station Vasco
2025-12-23T01:08:49.024Z,GA 07 G 3737-VAP(WATER TENDER),15.53099,74.1387199,0,STOP,At Fire Station Valpoi ,Fire Station Valpoi
2025-12-23T01:08:49.024Z,GA 07 G 2318-PND(EMERGENCY RESCUE TENDER),15.4028416,74.0028083,0,STOP,At Fire Station Ponda ,Fire Station Ponda
2025-12-23T01:08:49.024Z,GA 07 G 2004-PND(QUICK RESPONSE),15.4026666,74.0028483,0,STOP,At Fire Station Ponda ,Fire Station Ponda
2025-12-23T01:08:49.024Z,GA 07 G 9101-PND(WATER TENDER),15.402745,74.0028816,0,STOP,At Fire Station Ponda ,Fire Station Ponda
2025-12-23T01:08:49.024Z,GA 07 G 9797-PND(WATER BOUSER),15.402635,74.00284,0,STOP,At Fire Station Ponda ,Fire Station Ponda
2025-12-23T01:08:49.024Z,GA 07 G 6363-CAN(WATER TENDER),15.0236183,74.0440433,0,INACTIVE,"Canacona, The Lalitrajbaga ,Canacona, Canacona, Goa (NE)",Fire Station Canacona
2025-12-23T01:08:49.024Z,GA 07 G 1567-CAN(QUICK RESPONSE FT),15.0171383,74.0398266,32,INACTIVE,"Canacona, The Lalitrajbaga ,Canacona, Canacona, Goa (SW)",Fire Station Canacona
2025-12-23T01:08:49.024Z,GA 07 G 1569-VRN(QUICK RESPONSE),15.3694583,73.9356766,0,STOP,At Fire Station Verna,Fire Station Verna
2025-12-23T01:08:49.024Z,GA 07 G 9909-VRN(ADVANCE MULTI-PURPOSE),15.3695866,73.9351966,0,STOP,At Fire Station Verna,Fire Station Verna
2025-12-23T01:08:49.024Z,GA 07 G 1942-VAP(QUICK RESPONSE),15.5311233,74.1388183,0,STOP,At Fire Station Valpoi ,Fire Station Valpoi
2025-12-23T01:08:49.024Z,GA 07 G 2003-CUR(QUICK RESPONSE),15.2603983,74.1037033,0,STOP,At Fire Station Curchorem,Fire Station Curchorem
2025-12-23T01:08:49.024Z,GA 07 G 7447-CUR(EMERGENCY RESCUE),15.26048,74.1037033,0,STOP,At Fire Station Curchorem,Fire Station Curchorem
2025-12-23T01:08:49.024Z,GA 07 G 7557-CUR(WATER TENDER),15.26045,74.10345,0,STOP,At Fire Station Curchorem,Fire Station Curchorem
2025-12-23T01:08:49.024Z,GA 07 G 7667-CUR(WATER BOUSER),15.1454033,73.99108,0,STOP,"Shri Shantadurga fatarpekarin Temple, Fatorpa, Cuncolim, Goa (SW)",Fire Station Curchorem
2025-12-23T01:08:49.024Z,GA 07 G 4989-KUN(WATER TENDER),15.4630467,73.97251,0,STOP,At Fire Station Kundaim,Fire Station Kundaim
2025-12-23T01:08:49.024Z,GA 07 G 2242-PIL(WATER TENDER),15.5328322,73.7941056,0,STOP,At Fire Station Pilerne,Fire Station Pilerne
2025-12-23T01:08:49.024Z,GA 07 G 0681-MAP(QUICK RESPONSE),15.589775,73.8087733,0,STOP,At Fire Station Mapusa,Fire Station Mapusa
2025-12-23T01:08:49.024Z,GA 07 G 0307-PER(QUICK RESPONSE),15.7164939,73.7974239,0,INACTIVE,At Fire Station Pernem,Fire Station Pernem
2025-12-23T01:08:49.024Z,GA 07 G 2101-PER(MS WATER TENDER),15.7163717,73.7975772,0,STOP,At Fire Station Pernem,Fire Station Pernem
2025-12-23T01:08:49.024Z,GA 07 G 4600-PER(MINI RESCUE TENDER),15.7165206,73.7975167,0,STOP,At Fire Station Pernem,Fire Station Pernem
2025-12-23T01:08:49.024Z,GA 07 G 7272-PNJ(WATER TENDER),15.4877517,73.8175178,0,STOP,"Goa College of Home Science, Dayanand Bandodkar Road, Opposite Parade Ground Campal,, Panaji, Goa (SE)",Fire Station Panaji
2025-12-23T01:08:49.024Z,GA07G2384- Cuncolim,15.1862206,74.0209944,0,STOP,At Fire Station Cuncolim,Fire Station Cuncolim
2025-12-23T01:08:49.024Z,GA07G2507 - Mid Size (Water Tender),15.7164733,73.7974933,0,STOP,At Fire Station Pernem,Fire Station Pernem
2025-12-23T01:08:49.024Z,GA07G2505 - Mid Size (Water Tender),15.530985,74.13868,0,STOP,At Fire Station Valpoi ,Fire Station Valpoi
2025-12-23T01:08:49.024Z,GA07G2504 - Mid Size (Water Tender),15.5890983,73.9465083,0,STOP,At Fire Station Bicholim ,Fire Station Bicholim
2025-12-23T01:08:49.024Z,GA07G2503-Mid Size (Water Tender),15.5900233,73.80865,0,STOP,At Fire Station Mapusa,Fire Station Mapusa
2025-12-23T01:08:49.024Z,GA07G2502 - Mid Size (Water Tender),15.4870233,73.8172283,0,STOP,"Caculo Mall, 16 Shanta, St Inez Rd, Caculo Enclave, Santa Inez, Panaji, Goa (NW)",Fire Force Headquarters
2025-12-23T01:09:41.849Z,GA 07 G 0680-PIL(QUICK RESPONSE VEHICLE),15.5329733,73.7939283,0,STOP,At Fire Station Pilerne,Fire Station Pilerne
2025-12-23T01:09:41.849Z,GA07G2506 - Mid Size (Water Tender),15.500348,73.914085,0,INACTIVE,At Fire Station Old Goa,Fire Station Old Goa
2025-12-23T01:09:41.849Z,GA 07 G 5115-POR(MINI WATER TENDER),15.522988,73.829384,0,STOP,At Porvorim Fire Station,Fire Station Porvorim
2025-12-23T01:09:41.849Z,GA 07 G 0350-MRG(WATER TENDER),15.269428,73.970604,0,STOP,At Fire Station Margoa,Fire Station Margao
2025-12-23T01:09:41.849Z,GA 07 G 2900-MAP(MINI RESCUE TENDER),15.589908,73.808716,0,STOP,At Fire Station Mapusa,Fire Station Mapusa
2025-12-23T01:09:41.849Z,GA 07 G 7600-FFHQ(WATER BOUSER),15.487103,73.817108,0,STOP,"Caculo Mall, 16 Shanta, St Inez Rd, Caculo Enclave, Santa Inez, Panaji, Goa (NW)",Fire Force Headquarters
2025-12-23T01:09:41.849Z,GA 07 G 2002-FFHQ(TURN TABLE LADDER),15.48742,73.817375,0,STOP,"Caculo Mall, 16 Shanta, St Inez Rd, Caculo Enclave, Santa Inez, Panaji, Goa (NW)",Fire Force Headquarters
2025-12-23T01:09:41.849Z,GA 07 G 7101-FFHQ(WATER TENDER),15.486877,73.817055,0,STOP,"Caculo Mall, 16 Shanta, St Inez Rd, Caculo Enclave, Santa Inez, Panaji, Goa (NW)",Fire Force Headquarters
2025-12-23T01:09:41.849Z,GA 07 G 7677-FFHQ(EMERGENCY RESCUE),15.48719,73.817192,0,STOP,"Caculo Mall, 16 Shanta, St Inez Rd, Caculo Enclave, Santa Inez, Panaji, Goa (NW)",Fire Force Headquarters
2025-12-23T01:09:41.849Z,GA 07 G 1121-PNJ(EMERGENCY RESCUE),15.487292,73.817276,0,STOP,"Caculo Mall, 16 Shanta, St Inez Rd, Caculo Enclave, Santa Inez, Panaji, Goa (NW)",Fire Station Panaji
2025-12-23T01:09:41.849Z,GA 07 G 1571-FFHQ(QUICK RESPONSE),15.48666,73.817444,0,STOP,"Caculo Mall, 16 Shanta, St Inez Rd, Caculo Enclave, Santa Inez, Panaji, Goa (NW)",Fire Force Headquarters
2025-12-23T01:09:41.849Z,GA 07 G 8101-MAP(WATER TENDER),15.589937,73.80867,0,STOP,At Fire Station Mapusa,Fire Station Mapusa
2025-12-23T01:09:41.849Z,GA 07 G 2317-MRG(EMERGENCY RESCUE TENDER),15.2693416,73.9701816,1,STOP,At Fire Station Margoa,Fire Station Margao
2025-12-23T01:09:41.849Z,GA 07 G 1570-VAS(QUICK RESPONSE FIRE TENDER),15.3887783,73.8513266,0,STOP,At Fire Station Vasco,Fire Station Vasco
2025-12-23T01:09:41.849Z,GA 07 G 4101-VAS(MS WATER TENDER),15.3890783,73.85092,0,STOP,At Fire Station Vasco,Fire Station Vasco
2025-12-23T01:09:41.849Z,GA 07 G 0819-VAS(WATER/FOAM TENDER),15.3888217,73.8512367,0,IDLE,At Fire Station Vasco,Fire Station Vasco
2025-12-23T01:09:41.849Z,GA 07 G 7100-MRG(WATER BOUSER),15.2694566,73.97006,0,STOP,At Fire Station Margoa,Fire Station Margao
2025-12-23T01:09:41.849Z,GA 07 G 1568-MRG(QUICK RESPONSE ),15.269325,73.9706466,0,STOP,At Fire Station Margoa,Fire Station Margao
2025-12-23T01:09:41.849Z,GA 07 G 6101-MRG(WATER TENDER),15.2693733,73.9701416,0,STOP,At Fire Station Margoa,Fire Station Margao
2025-12-23T01:09:41.849Z,GA 07 G 1001-MRG(AERIAL LADDER PLATFORM),15.2695583,73.969735,0,STOP,At Fire Station Margoa,Fire Station Margao
2025-12-23T01:09:41.849Z,GA 07 G 0820-BIC(WATER TEDNER),15.4027094,74.0029172,0,STOP,At Fire Station Ponda ,Fire Station Bicholim
2025-12-23T01:09:41.849Z,GA 07 G 5101-OLG(MS WATER TENDER),15.5003033,73.91403,0,STOP,At Fire Station Old Goa,Fire Station Old Goa
2025-12-23T01:09:41.849Z,GA 07 G 3101-BIC(MS WATER TENDER),15.5893416,73.9468916,0,STOP,At Fire Station Bicholim ,Fire Station Bicholim
2025-12-23T01:09:41.849Z,GA 07 G 1941-BIC(QUICK RESPONSE),15.5894533,73.9467033,0,STOP,At Fire Station Bicholim ,Fire Station Bicholim
2025-12-23T01:09:41.849Z,GA 07 G 2319-VAS (EMERGENCY RESCUE TENDER),15.3901916,73.8524983,0,STOP,"near melisa garage,NSD, Dabolim, Goa (SW)",Fire Station Vasco
2025-12-23T01:09:41.849Z,GA 07 G 3737-VAP(WATER TENDER),15.53099,74.1387199,0,STOP,At Fire Station Valpoi ,Fire Station Valpoi
2025-12-23T01:09:41.849Z,GA 07 G 2318-PND(EMERGENCY RESCUE TENDER),15.4028416,74.0028083,0,STOP,At Fire Station Ponda ,Fire Station Ponda
2025-12-23T01:09:41.849Z,GA 07 G 2004-PND(QUICK RESPONSE),15.4026666,74.0028483,0,STOP,At Fire Station Ponda ,Fire Station Ponda
2025-12-23T01:09:41.849Z,GA 07 G 9101-PND(WATER TENDER),15.402745,74.0028816,0,STOP,At Fire Station Ponda ,Fire Station Ponda
2025-12-23T01:09:41.849Z,GA 07 G 9797-PND(WATER BOUSER),15.402635,74.00284,0,STOP,At Fire Station Ponda ,Fire Station Ponda
2025-12-23T01:09:41.849Z,GA 07 G 6363-CAN(WATER TENDER),15.0236183,74.0440433,0,INACTIVE,"Canacona, The Lalitrajbaga ,Canacona, Canacona, Goa (NE)",Fire Station Canacona
2025-12-23T01:09:41.849Z,GA 07 G 1567-CAN(QUICK RESPONSE FT),15.0171383,74.0398266,32,INACTIVE,"Canacona, The Lalitrajbaga ,Canacona, Canacona, Goa (SW)",Fire Station Canacona
2025-12-23T01:09:41.849Z,GA 07 G 1569-VRN(QUICK RESPONSE),15.3694583,73.9356766,0,STOP,At Fire Station Verna,Fire Station Verna
2025-12-23T01:09:41.849Z,GA 07 G 9909-VRN(ADVANCE MULTI-PURPOSE),15.3695866,73.9351966,0,STOP,At Fire Station Verna,Fire Station Verna
2025-12-23T01:09:41.849Z,GA 07 G 1942-VAP(QUICK RESPONSE),15.5311233,74.1388183,0,STOP,At Fire Station Valpoi ,Fire Station Valpoi
2025-12-23T01:09:41.849Z,GA 07 G 2003-CUR(QUICK RESPONSE),15.2603983,74.1037033,0,STOP,At Fire Station Curchorem,Fire Station Curchorem
2025-12-23T01:09:41.849Z,GA 07 G 7447-CUR(EMERGENCY RESCUE),15.26048,74.1037033,0,STOP,At Fire Station Curchorem,Fire Station Curchorem
2025-12-23T01:09:41.849Z,GA 07 G 7557-CUR(WATER TENDER),15.26045,74.10345,0,STOP,At Fire Station Curchorem,Fire Station Curchorem
2025-12-23T01:09:41.849Z,GA 07 G 7667-CUR(WATER BOUSER),15.1454033,73.99108,0,STOP,"Shri Shantadurga fatarpekarin Temple, Fatorpa, Cuncolim, Goa (SW)",Fire Station Curchorem
2025-12-23T01:09:41.849Z,GA 07 G 4989-KUN(WATER TENDER),15.4630467,73.97251,0,STOP,At Fire Station Kundaim,Fire Station Kundaim
2025-12-23T01:09:41.849Z,GA 07 G 2242-PIL(WATER TENDER),15.5328322,73.7941056,0,STOP,At Fire Station Pilerne,Fire Station Pilerne
2025-12-23T01:09:41.849Z,GA 07 G 0681-MAP(QUICK RESPONSE),15.589775,73.8087733,0,STOP,At Fire Station Mapusa,Fire Station Mapusa
2025-12-23T01:09:41.849Z,GA 07 G 0307-PER(QUICK RESPONSE),15.7164939,73.7974239,0,INACTIVE,At Fire Station Pernem,Fire Station Pernem
2025-12-23T01:09:41.849Z,GA 07 G 2101-PER(MS WATER TENDER),15.7163717,73.7975772,0,STOP,At Fire Station Pernem,Fire Station Pernem
2025-12-23T01:09:41.849Z,GA 07 G 4600-PER(MINI RESCUE TENDER),15.7165206,73.7975167,0,STOP,At Fire Station Pernem,Fire Station Pernem
2025-12-23T01:09:41.849Z,GA 07 G 7272-PNJ(WATER TENDER),15.4877517,73.8175178,0,STOP,"Goa College of Home Science, Dayanand Bandodkar Road, Opposite Parade Ground Campal,, Panaji, Goa (SE)",Fire Station Panaji
2025-12-23T01:09:41.849Z,GA07G2384- Cuncolim,15.1862206,74.0209944,0,STOP,At Fire Station Cuncolim,Fire Station Cuncolim
2025-12-23T01:09:41.849Z,GA07G2507 - Mid Size (Water Tender),15.7164733,73.7974933,0,STOP,At Fire Station Pernem,Fire Station Pernem
2025-12-23T01:09:41.849Z,GA07G2505 - Mid Size (Water Tender),15.530985,74.13868,0,STOP,At Fire Station Valpoi ,Fire Station Valpoi
2025-12-23T01:09:41.849Z,GA07G2504 - Mid Size (Water Tender),15.5890983,73.9465083,0,STOP,At Fire Station Bicholim ,Fire Station Bicholim
2025-12-23T01:09:41.849Z,GA07G2503-Mid Size (Water Tender),15.5900233,73.80865,0,STOP,At Fire Station Mapusa,Fire Station Mapusa
2025-12-23T01:09:41.849Z,GA07G2502 - Mid Size (Water Tender),15.4870233,73.8172283,0,STOP,"Caculo Mall, 16 Shanta, St Inez Rd, Caculo Enclave, Santa Inez, Panaji, Goa (NW)",Fire Force Headquarters
2025-12-23T01:10:45.622Z,GA 07 G 0680-PIL(QUICK RESPONSE VEHICLE),15.5329733,73.7939283,0,STOP,At Fire Station Pilerne,Fire Station Pilerne
2025-12-23T01:10:45.622Z,GA07G2506 - Mid Size (Water Tender),15.500348,73.914085,0,INACTIVE,At Fire Station Old Goa,Fire Station Old Goa
2025-12-23T01:10:45.622Z,GA 07 G 5115-POR(MINI WATER TENDER),15.522988,73.829384,0,STOP,At Porvorim Fire Station,Fire Station Porvorim
2025-12-23T01:10:45.622Z,GA 07 G 0350-MRG(WATER TENDER),15.269428,73.970604,0,STOP,At Fire Station Margoa,Fire Station Margao
2025-12-23T01:10:45.622Z,GA 07 G 2900-MAP(MINI RESCUE TENDER),15.589908,73.808716,0,STOP,At Fire Station Mapusa,Fire Station Mapusa
2025-12-23T01:10:45.622Z,GA 07 G 7600-FFHQ(WATER BOUSER),15.487103,73.817108,0,STOP,"Caculo Mall, 16 Shanta, St Inez Rd, Caculo Enclave, Santa Inez, Panaji, Goa (NW)",Fire Force Headquarters
2025-12-23T01:10:45.622Z,GA 07 G 2002-FFHQ(TURN TABLE LADDER),15.48742,73.817375,0,STOP,"Caculo Mall, 16 Shanta, St Inez Rd, Caculo Enclave, Santa Inez, Panaji, Goa (NW)",Fire Force Headquarters
2025-12-23T01:10:45.622Z,GA 07 G 7101-FFHQ(WATER TENDER),15.486877,73.817055,0,STOP,"Caculo Mall, 16 Shanta, St Inez Rd, Caculo Enclave, Santa Inez, Panaji, Goa (NW)",Fire Force Headquarters
2025-12-23T01:10:45.622Z,GA 07 G 7677-FFHQ(EMERGENCY RESCUE),15.48719,73.817192,0,STOP,"Caculo Mall, 16 Shanta, St Inez Rd, Caculo Enclave, Santa Inez, Panaji, Goa (NW)",Fire Force Headquarters
2025-12-23T01:10:45.622Z,GA 07 G 1121-PNJ(EMERGENCY RESCUE),15.487292,73.817276,0,STOP,"Caculo Mall, 16 Shanta, St Inez Rd, Caculo Enclave, Santa Inez, Panaji, Goa (NW)",Fire Station Panaji
2025-12-23T01:10:45.622Z,GA 07 G 1571-FFHQ(QUICK RESPONSE),15.48666,73.817444,0,STOP,"Caculo Mall, 16 Shanta, St Inez Rd, Caculo Enclave, Santa Inez, Panaji, Goa (NW)",Fire Force Headquarters
2025-12-23T01:10:45.622Z,GA 07 G 8101-MAP(WATER TENDER),15.589937,73.80867,0,STOP,At Fire Station Mapusa,Fire Station Mapusa
2025-12-23T01:10:45.622Z,GA 07 G 2317-MRG(EMERGENCY RESCUE TENDER),15.26927,73.9699216,0,STOP,At Fire Station Margoa,Fire Station Margao
2025-12-23T01:10:45.622Z,GA 07 G 1570-VAS(QUICK RESPONSE FIRE TENDER),15.3887783,73.8513266,0,STOP,At Fire Station Vasco,Fire Station Vasco
2025-12-23T01:10:45.622Z,GA 07 G 4101-VAS(MS WATER TENDER),15.3890783,73.85092,0,STOP,At Fire Station Vasco,Fire Station Vasco
2025-12-23T01:10:45.622Z,GA 07 G 0819-VAS(WATER/FOAM TENDER),15.3888217,73.8512367,0,IDLE,At Fire Station Vasco,Fire Station Vasco
2025-12-23T01:10:45.622Z,GA 07 G 7100-MRG(WATER BOUSER),15.2694566,73.97006,0,STOP,At Fire Station Margoa,Fire Station Margao
2025-12-23T01:10:45.622Z,GA 07 G 1568-MRG(QUICK RESPONSE ),15.269325,73.9706466,0,STOP,At Fire Station Margoa,Fire Station Margao
2025-12-23T01:10:45.622Z,GA 07 G 6101-MRG(WATER TENDER),15.2693733,73.9701416,0,STOP,At Fire Station Margoa,Fire Station Margao
2025-12-23T01:10:45.622Z,GA 07 G 1001-MRG(AERIAL LADDER PLATFORM),15.2695583,73.969735,0,STOP,At Fire Station Margoa,Fire Station Margao
2025-12-23T01:10:45.622Z,GA 07 G 0820-BIC(WATER TEDNER),15.4027094,74.0029172,0,STOP,At Fire Station Ponda ,Fire Station Bicholim
2025-12-23T01:10:45.622Z,GA 07 G 5101-OLG(MS WATER TENDER),15.5003033,73.91403,0,STOP,At Fire Station Old Goa,Fire Station Old Goa
2025-12-23T01:10:45.622Z,GA 07 G 3101-BIC(MS WATER TENDER),15.589435,73.94685,5,STOP,At Fire Station Bicholim ,Fire Station Bicholim
2025-12-23T01:10:45.622Z,GA 07 G 1941-BIC(QUICK RESPONSE),15.5894533,73.9467033,0,STOP,At Fire Station Bicholim ,Fire Station Bicholim
2025-12-23T01:10:45.622Z,GA 07 G 2319-VAS (EMERGENCY RESCUE TENDER),15.3901916,73.8524983,0,STOP,"near melisa garage,NSD, Dabolim, Goa (SW)",Fire Station Vasco
2025-12-23T01:10:45.622Z,GA 07 G 3737-VAP(WATER TENDER),15.53099,74.1387199,0,STOP,At Fire Station Valpoi ,Fire Station Valpoi
2025-12-23T01:10:45.622Z,GA 07 G 2318-PND(EMERGENCY RESCUE TENDER),15.4028416,74.0028083,0,STOP,At Fire Station Ponda ,Fire Station Ponda
2025-12-23T01:10:45.622Z,GA 07 G 2004-PND(QUICK RESPONSE),15.4026666,74.0028483,0,STOP,At Fire Station Ponda ,Fire Station Ponda
2025-12-23T01:10:45.622Z,GA 07 G 9101-PND(WATER TENDER),15.402745,74.0028816,0,STOP,At Fire Station Ponda ,Fire Station Ponda
2025-12-23T01:10:45.622Z,GA 07 G 9797-PND(WATER BOUSER),15.402635,74.00284,0,STOP,At Fire Station Ponda ,Fire Station Ponda
2025-12-23T01:10:45.622Z,GA 07 G 6363-CAN(WATER TENDER),15.0236183,74.0440433,0,INACTIVE,"Canacona, The Lalitrajbaga ,Canacona, Canacona, Goa (NE)",Fire Station Canacona
2025-12-23T01:10:45.622Z,GA 07 G 1567-CAN(QUICK RESPONSE FT),15.0171383,74.0398266,32,INACTIVE,"Canacona, The Lalitrajbaga ,Canacona, Canacona, Goa (SW)",Fire Station Canacona
2025-12-23T01:10:45.622Z,GA 07 G 1569-VRN(QUICK RESPONSE),15.3694583,73.9356766,0,STOP,At Fire Station Verna,Fire Station Verna
2025-12-23T01:10:45.622Z,GA 07 G 9909-VRN(ADVANCE MULTI-PURPOSE),15.3695866,73.9351966,0,STOP,At Fire Station Verna,Fire Station Verna
2025-12-23T01:10:45.622Z,GA 07 G 1942-VAP(QUICK RESPONSE),15.5311233,74.1388183,0,STOP,At Fire Station Valpoi ,Fire Station Valpoi
2025-12-23T01:10:45.622Z,GA 07 G 2003-CUR(QUICK RESPONSE),15.2603983,74.1037033,0,STOP,At Fire Station Curchorem,Fire Station Curchorem
2025-12-23T01:10:45.622Z,GA 07 G 7447-CUR(EMERGENCY RESCUE),15.26048,74.1037033,0,STOP,At Fire Station Curchorem,Fire Station Curchorem
2025-12-23T01:10:45.622Z,GA 07 G 7557-CUR(WATER TENDER),15.26045,74.10345,0,STOP,At Fire Station Curchorem,Fire Station Curchorem
2025-12-23T01:10:45.622Z,GA 07 G 7667-CUR(WATER BOUSER),15.1454033,73.99108,0,STOP,"Shri Shantadurga fatarpekarin Temple, Fatorpa, Cuncolim, Goa (SW)",Fire Station Curchorem
2025-12-23T01:10:45.622Z,GA 07 G 4989-KUN(WATER TENDER),15.4630467,73.97251,0,STOP,At Fire Station Kundaim,Fire Station Kundaim
2025-12-23T01:10:45.622Z,GA 07 G 2242-PIL(WATER TENDER),15.5328322,73.7941056,0,STOP,At Fire Station Pilerne,Fire Station Pilerne
2025-12-23T01:10:45.622Z,GA 07 G 0681-MAP(QUICK RESPONSE),15.589775,73.8087733,0,STOP,At Fire Station Mapusa,Fire Station Mapusa
2025-12-23T01:10:45.622Z,GA 07 G 0307-PER(QUICK RESPONSE),15.7164939,73.7974239,0,INACTIVE,At Fire Station Pernem,Fire Station Pernem
2025-12-23T01:10:45.622Z,GA 07 G 2101-PER(MS WATER TENDER),15.7163717,73.7975772,0,STOP,At Fire Station Pernem,Fire Station Pernem
2025-12-23T01:10:45.622Z,GA 07 G 4600-PER(MINI RESCUE TENDER),15.7165206,73.7975167,0,STOP,At Fire Station Pernem,Fire Station Pernem
2025-12-23T01:10:45.622Z,GA 07 G 7272-PNJ(WATER TENDER),15.4877517,73.8175178,0,STOP,"Goa College of Home Science, Dayanand Bandodkar Road, Opposite Parade Ground Campal,, Panaji, Goa (SE)",Fire Station Panaji
2025-12-23T01:10:45.622Z,GA07G2384- Cuncolim,15.1862206,74.0209944,0,STOP,At Fire Station Cuncolim,Fire Station Cuncolim
2025-12-23T01:10:45.622Z,GA07G2507 - Mid Size (Water Tender),15.7164733,73.7974933,0,STOP,At Fire Station Pernem,Fire Station Pernem
2025-12-23T01:10:45.622Z,GA07G2505 - Mid Size (Water Tender),15.530985,74.13868,0,STOP,At Fire Station Valpoi ,Fire Station Valpoi
2025-12-23T01:10:45.622Z,GA07G2504 - Mid Size (Water Tender),15.5890983,73.9465083,0,STOP,At Fire Station Bicholim ,Fire Station Bicholim
2025-12-23T01:10:45.622Z,GA07G2503-Mid Size (Water Tender),15.5900233,73.80865,0,STOP,At Fire Station Mapusa,Fire Station Mapusa
2025-12-23T01:10:45.622Z,GA07G2502 - Mid Size (Water Tender),15.4870233,73.8172283,0,STOP,"Caculo Mall, 16 Shanta, St Inez Rd, Caculo Enclave, Santa Inez, Panaji, Goa (NW)",Fire Force Headquarters
2025-12-23T01:11:43.485Z,GA 07 G 0680-PIL(QUICK RESPONSE VEHICLE),15.5329733,73.7939283,0,STOP,At Fire Station Pilerne,Fire Station Pilerne
2025-12-23T01:11:43.485Z,GA07G2506 - Mid Size (Water Tender),15.500348,73.914085,0,INACTIVE,At Fire Station Old Goa,Fire Station Old Goa
2025-12-23T01:11:43.485Z,GA 07 G 5115-POR(MINI WATER TENDER),15.522988,73.829384,0,STOP,At Porvorim Fire Station,Fire Station Porvorim
2025-12-23T01:11:43.485Z,GA 07 G 0350-MRG(WATER TENDER),15.269428,73.970604,0,STOP,At Fire Station Margoa,Fire Station Margao
2025-12-23T01:11:43.485Z,GA 07 G 2900-MAP(MINI RESCUE TENDER),15.589908,73.808716,0,STOP,At Fire Station Mapusa,Fire Station Mapusa
2025-12-23T01:11:43.485Z,GA 07 G 7600-FFHQ(WATER BOUSER),15.487103,73.817108,0,STOP,"Caculo Mall, 16 Shanta, St Inez Rd, Caculo Enclave, Santa Inez, Panaji, Goa (NW)",Fire Force Headquarters
2025-12-23T01:11:43.485Z,GA 07 G 2002-FFHQ(TURN TABLE LADDER),15.48742,73.817375,0,STOP,"Caculo Mall, 16 Shanta, St Inez Rd, Caculo Enclave, Santa Inez, Panaji, Goa (NW)",Fire Force Headquarters
2025-12-23T01:11:43.485Z,GA 07 G 7101-FFHQ(WATER TENDER),15.486877,73.817055,0,STOP,"Caculo Mall, 16 Shanta, St Inez Rd, Caculo Enclave, Santa Inez, Panaji, Goa (NW)",Fire Force Headquarters
2025-12-23T01:11:43.485Z,GA 07 G 7677-FFHQ(EMERGENCY RESCUE),15.48719,73.817192,0,STOP,"Caculo Mall, 16 Shanta, St Inez Rd, Caculo Enclave, Santa Inez, Panaji, Goa (NW)",Fire Force Headquarters
2025-12-23T01:11:43.485Z,GA 07 G 1121-PNJ(EMERGENCY RESCUE),15.487292,73.817276,0,STOP,"Caculo Mall, 16 Shanta, St Inez Rd, Caculo Enclave, Santa Inez, Panaji, Goa (NW)",Fire Station Panaji
2025-12-23T01:11:43.485Z,GA 07 G 1571-FFHQ(QUICK RESPONSE),15.48666,73.817444,0,STOP,"Caculo Mall, 16 Shanta, St Inez Rd, Caculo Enclave, Santa Inez, Panaji, Goa (NW)",Fire Force Headquarters
2025-12-23T01:11:43.485Z,GA 07 G 8101-MAP(WATER TENDER),15.589937,73.80867,0,STOP,At Fire Station Mapusa,Fire Station Mapusa
2025-12-23T01:11:43.485Z,GA 07 G 2317-MRG(EMERGENCY RESCUE TENDER),15.269385,73.9701083,0,STOP,At Fire Station Margoa,Fire Station Margao
2025-12-23T01:11:43.485Z,GA 07 G 1570-VAS(QUICK RESPONSE FIRE TENDER),15.3887783,73.8513266,0,STOP,At Fire Station Vasco,Fire Station Vasco
2025-12-23T01:11:43.485Z,GA 07 G 4101-VAS(MS WATER TENDER),15.3890783,73.85092,0,STOP,At Fire Station Vasco,Fire Station Vasco
2025-12-23T01:11:43.485Z,GA 07 G 0819-VAS(WATER/FOAM TENDER),15.3888217,73.8512367,0,IDLE,At Fire Station Vasco,Fire Station Vasco
2025-12-23T01:11:43.485Z,GA 07 G 7100-MRG(WATER BOUSER),15.2694566,73.97006,0,STOP,At Fire Station Margoa,Fire Station Margao
2025-12-23T01:11:43.485Z,GA 07 G 1568-MRG(QUICK RESPONSE ),15.269325,73.9706466,0,STOP,At Fire Station Margoa,Fire Station Margao
2025-12-23T01:11:43.485Z,GA 07 G 6101-MRG(WATER TENDER),15.2693733,73.9701416,0,STOP,At Fire Station Margoa,Fire Station Margao
2025-12-23T01:11:43.485Z,GA 07 G 1001-MRG(AERIAL LADDER PLATFORM),15.2695583,73.969735,0,STOP,At Fire Station Margoa,Fire Station Margao
2025-12-23T01:11:43.485Z,GA 07 G 0820-BIC(WATER TEDNER),15.4027094,74.0029172,0,STOP,At Fire Station Ponda ,Fire Station Bicholim
2025-12-23T01:11:43.485Z,GA 07 G 5101-OLG(MS WATER TENDER),15.5003033,73.91403,0,STOP,At Fire Station Old Goa,Fire Station Old Goa
2025-12-23T01:11:43.485Z,GA 07 G 3101-BIC(MS WATER TENDER),15.589435,73.94685,0,STOP,At Fire Station Bicholim ,Fire Station Bicholim
2025-12-23T01:11:43.485Z,GA 07 G 1941-BIC(QUICK RESPONSE),15.5894533,73.9467033,0,STOP,At Fire Station Bicholim ,Fire Station Bicholim
2025-12-23T01:11:43.485Z,GA 07 G 2319-VAS (EMERGENCY RESCUE TENDER),15.3901916,73.8524983,0,STOP,"near melisa garage,NSD, Dabolim, Goa (SW)",Fire Station Vasco
2025-12-23T01:11:43.485Z,GA 07 G 3737-VAP(WATER TENDER),15.53099,74.1387199,0,STOP,At Fire Station Valpoi ,Fire Station Valpoi
2025-12-23T01:11:43.485Z,GA 07 G 2318-PND(EMERGENCY RESCUE TENDER),15.4028416,74.0028083,0,STOP,At Fire Station Ponda ,Fire Station Ponda
2025-12-23T01:11:43.485Z,GA 07 G 2004-PND(QUICK RESPONSE),15.4026666,74.0028483,0,STOP,At Fire Station Ponda ,Fire Station Ponda
2025-12-23T01:11:43.485Z,GA 07 G 9101-PND(WATER TENDER),15.402745,74.0028816,0,STOP,At Fire Station Ponda ,Fire Station Ponda
2025-12-23T01:11:43.485Z,GA 07 G 9797-PND(WATER BOUSER),15.402635,74.00284,0,STOP,At Fire Station Ponda ,Fire Station Ponda
2025-12-23T01:11:43.485Z,GA 07 G 6363-CAN(WATER TENDER),15.0236183,74.0440433,0,INACTIVE,"Canacona, The Lalitrajbaga ,Canacona, Canacona, Goa (NE)",Fire Station Canacona
2025-12-23T01:11:43.485Z,GA 07 G 1567-CAN(QUICK RESPONSE FT),15.0171383,74.0398266,32,INACTIVE,"Canacona, The Lalitrajbaga ,Canacona, Canacona, Goa (SW)",Fire Station Canacona
2025-12-23T01:11:43.485Z,GA 07 G 1569-VRN(QUICK RESPONSE),15.3694583,73.9356766,0,STOP,At Fire Station Verna,Fire Station Verna
2025-12-23T01:11:43.485Z,GA 07 G 9909-VRN(ADVANCE MULTI-PURPOSE),15.3695866,73.9351966,0,STOP,At Fire Station Verna,Fire Station Verna
2025-12-23T01:11:43.485Z,GA 07 G 1942-VAP(QUICK RESPONSE),15.5311233,74.1388183,0,STOP,At Fire Station Valpoi ,Fire Station Valpoi
2025-12-23T01:11:43.485Z,GA 07 G 2003-CUR(QUICK RESPONSE),15.2603983,74.1037033,0,STOP,At Fire Station Curchorem,Fire Station Curchorem
2025-12-23T01:11:43.485Z,GA 07 G 7447-CUR(EMERGENCY RESCUE),15.26048,74.1037033,0,STOP,At Fire Station Curchorem,Fire Station Curchorem
2025-12-23T01:11:43.485Z,GA 07 G 7557-CUR(WATER TENDER),15.26045,74.10345,0,STOP,At Fire Station Curchorem,Fire Station Curchorem
2025-12-23T01:11:43.485Z,GA 07 G 7667-CUR(WATER BOUSER),15.1454033,73.99108,0,STOP,"Shri Shantadurga fatarpekarin Temple, Fatorpa, Cuncolim, Goa (SW)",Fire Station Curchorem
2025-12-23T01:11:43.485Z,GA 07 G 4989-KUN(WATER TENDER),15.4630467,73.97251,0,STOP,At Fire Station Kundaim,Fire Station Kundaim
2025-12-23T01:11:43.485Z,GA 07 G 2242-PIL(WATER TENDER),15.5328322,73.7941056,0,STOP,At Fire Station Pilerne,Fire Station Pilerne
2025-12-23T01:11:43.485Z,GA 07 G 0681-MAP(QUICK RESPONSE),15.589775,73.8087733,0,STOP,At Fire Station Mapusa,Fire Station Mapusa
2025-12-23T01:11:43.485Z,GA 07 G 0307-PER(QUICK RESPONSE),15.7164939,73.7974239,0,INACTIVE,At Fire Station Pernem,Fire Station Pernem
2025-12-23T01:11:43.485Z,GA 07 G 2101-PER(MS WATER TENDER),15.7163717,73.7975772,0,STOP,At Fire Station Pernem,Fire Station Pernem
2025-12-23T01:11:43.485Z,GA 07 G 4600-PER(MINI RESCUE TENDER),15.7165206,73.7975167,0,STOP,At Fire Station Pernem,Fire Station Pernem
2025-12-23T01:11:43.485Z,GA 07 G 7272-PNJ(WATER TENDER),15.4877517,73.8175178,0,STOP,"Goa College of Home Science, Dayanand Bandodkar Road, Opposite Parade Ground Campal,, Panaji, Goa (SE)",Fire Station Panaji
2025-12-23T01:11:43.485Z,GA07G2384- Cuncolim,15.1862206,74.0209944,0,STOP,At Fire Station Cuncolim,Fire Station Cuncolim
2025-12-23T01:11:43.485Z,GA07G2507 - Mid Size (Water Tender),15.7164733,73.7974933,0,STOP,At Fire Station Pernem,Fire Station Pernem
2025-12-23T01:11:43.485Z,GA07G2505 - Mid Size (Water Tender),15.530985,74.13868,0,STOP,At Fire Station Valpoi ,Fire Station Valpoi
2025-12-23T01:11:43.485Z,GA07G2504 - Mid Size (Water Tender),15.5890983,73.9465083,0,STOP,At Fire Station Bicholim ,Fire Station Bicholim
2025-12-23T01:11:43.485Z,GA07G2503-Mid Size (Water Tender),15.5900233,73.80865,0,STOP,At Fire Station Mapusa,Fire Station Mapusa
2025-12-23T01:11:43.485Z,GA07G2502 - Mid Size (Water Tender),15.4870233,73.8172283,0,STOP,"Caculo Mall, 16 Shanta, St Inez Rd, Caculo Enclave, Santa Inez, Panaji, Goa (NW)",Fire Force Headquarters
2025-12-23T01:12:46.322Z,GA 07 G 0680-PIL(QUICK RESPONSE VEHICLE),15.5329733,73.7939283,0,STOP,At Fire Station Pilerne,Fire Station Pilerne
2025-12-23T01:12:46.322Z,GA07G2506 - Mid Size (Water Tender),15.500348,73.914085,0,INACTIVE,At Fire Station Old Goa,Fire Station Old Goa
2025-12-23T01:12:46.322Z,GA 07 G 5115-POR(MINI WATER TENDER),15.522988,73.829384,0,STOP,At Porvorim Fire Station,Fire Station Porvorim
2025-12-23T01:12:46.322Z,GA 07 G 0350-MRG(WATER TENDER),15.269428,73.970604,0,STOP,At Fire Station Margoa,Fire Station Margao
2025-12-23T01:12:46.322Z,GA 07 G 2900-MAP(MINI RESCUE TENDER),15.589908,73.808716,0,STOP,At Fire Station Mapusa,Fire Station Mapusa
2025-12-23T01:12:46.322Z,GA 07 G 7600-FFHQ(WATER BOUSER),15.487103,73.817108,0,STOP,"Caculo Mall, 16 Shanta, St Inez Rd, Caculo Enclave, Santa Inez, Panaji, Goa (NW)",Fire Force Headquarters
2025-12-23T01:12:46.322Z,GA 07 G 2002-FFHQ(TURN TABLE LADDER),15.48742,73.817375,0,STOP,"Caculo Mall, 16 Shanta, St Inez Rd, Caculo Enclave, Santa Inez, Panaji, Goa (NW)",Fire Force Headquarters
2025-12-23T01:12:46.322Z,GA 07 G 7101-FFHQ(WATER TENDER),15.486877,73.817055,0,STOP,"Caculo Mall, 16 Shanta, St Inez Rd, Caculo Enclave, Santa Inez, Panaji, Goa (NW)",Fire Force Headquarters
2025-12-23T01:12:46.322Z,GA 07 G 7677-FFHQ(EMERGENCY RESCUE),15.48719,73.817192,0,STOP,"Caculo Mall, 16 Shanta, St Inez Rd, Caculo Enclave, Santa Inez, Panaji, Goa (NW)",Fire Force Headquarters
2025-12-23T01:12:46.322Z,GA 07 G 1121-PNJ(EMERGENCY RESCUE),15.487292,73.817276,0,STOP,"Caculo Mall, 16 Shanta, St Inez Rd, Caculo Enclave, Santa Inez, Panaji, Goa (NW)",Fire Station Panaji
2025-12-23T01:12:46.322Z,GA 07 G 1571-FFHQ(QUICK RESPONSE),15.48666,73.817444,0,STOP,"Caculo Mall, 16 Shanta, St Inez Rd, Caculo Enclave, Santa Inez, Panaji, Goa (NW)",Fire Force Headquarters
2025-12-23T01:12:46.322Z,GA 07 G 8101-MAP(WATER TENDER),15.589937,73.80867,0,STOP,At Fire Station Mapusa,Fire Station Mapusa
2025-12-23T01:12:46.322Z,GA 07 G 2317-MRG(EMERGENCY RESCUE TENDER),15.2694199,73.970125,0,STOP,At Fire Station Margoa,Fire Station Margao
2025-12-23T01:12:46.322Z,GA 07 G 1570-VAS(QUICK RESPONSE FIRE TENDER),15.3887783,73.8513266,0,STOP,At Fire Station Vasco,Fire Station Vasco
2025-12-23T01:12:46.322Z,GA 07 G 4101-VAS(MS WATER TENDER),15.3890783,73.85092,0,STOP,At Fire Station Vasco,Fire Station Vasco
2025-12-23T01:12:46.322Z,GA 07 G 0819-VAS(WATER/FOAM TENDER),15.3888217,73.8512367,0,IDLE,At Fire Station Vasco,Fire Station Vasco
2025-12-23T01:12:46.322Z,GA 07 G 7100-MRG(WATER BOUSER),15.2694566,73.97006,0,STOP,At Fire Station Margoa,Fire Station Margao
2025-12-23T01:12:46.322Z,GA 07 G 1568-MRG(QUICK RESPONSE ),15.269325,73.9706466,0,STOP,At Fire Station Margoa,Fire Station Margao
2025-12-23T01:12:46.322Z,GA 07 G 6101-MRG(WATER TENDER),15.2693733,73.9701416,0,STOP,At Fire Station Margoa,Fire Station Margao
2025-12-23T01:12:46.322Z,GA 07 G 1001-MRG(AERIAL LADDER PLATFORM),15.2695583,73.969735,0,STOP,At Fire Station Margoa,Fire Station Margao
2025-12-23T01:12:46.322Z,GA 07 G 0820-BIC(WATER TEDNER),15.4027094,74.0029172,0,STOP,At Fire Station Ponda ,Fire Station Bicholim
2025-12-23T01:12:46.322Z,GA 07 G 5101-OLG(MS WATER TENDER),15.5003033,73.91403,0,STOP,At Fire Station Old Goa,Fire Station Old Goa
2025-12-23T01:12:46.322Z,GA 07 G 3101-BIC(MS WATER TENDER),15.5893966,73.9467766,4,STOP,At Fire Station Bicholim ,Fire Station Bicholim
2025-12-23T01:12:46.322Z,GA 07 G 1941-BIC(QUICK RESPONSE),15.5894533,73.9467033,0,STOP,At Fire Station Bicholim ,Fire Station Bicholim
2025-12-23T01:12:46.322Z,GA 07 G 2319-VAS (EMERGENCY RESCUE TENDER),15.3901916,73.8524983,0,STOP,"near melisa garage,NSD, Dabolim, Goa (SW)",Fire Station Vasco
2025-12-23T01:12:46.322Z,GA 07 G 3737-VAP(WATER TENDER),15.53099,74.1387199,0,STOP,At Fire Station Valpoi ,Fire Station Valpoi
2025-12-23T01:12:46.322Z,GA 07 G 2318-PND(EMERGENCY RESCUE TENDER),15.4028416,74.0028083,0,STOP,At Fire Station Ponda ,Fire Station Ponda
2025-12-23T01:12:46.322Z,GA 07 G 2004-PND(QUICK RESPONSE),15.4026666,74.0028483,0,STOP,At Fire Station Ponda ,Fire Station Ponda
2025-12-23T01:12:46.322Z,GA 07 G 9101-PND(WATER TENDER),15.402745,74.0028816,0,STOP,At Fire Station Ponda ,Fire Station Ponda
2025-12-23T01:12:46.322Z,GA 07 G 9797-PND(WATER BOUSER),15.402635,74.00284,0,STOP,At Fire Station Ponda ,Fire Station Ponda
2025-12-23T01:12:46.322Z,GA 07 G 6363-CAN(WATER TENDER),15.0236183,74.0440433,0,INACTIVE,"Canacona, The Lalitrajbaga ,Canacona, Canacona, Goa (NE)",Fire Station Canacona
2025-12-23T01:12:46.322Z,GA 07 G 1567-CAN(QUICK RESPONSE FT),15.0171383,74.0398266,32,INACTIVE,"Canacona, The Lalitrajbaga ,Canacona, Canacona, Goa (SW)",Fire Station Canacona
2025-12-23T01:12:46.322Z,GA 07 G 1569-VRN(QUICK RESPONSE),15.3694583,73.9356766,0,STOP,At Fire Station Verna,Fire Station Verna
2025-12-23T01:12:46.322Z,GA 07 G 9909-VRN(ADVANCE MULTI-PURPOSE),15.3695866,73.9351966,0,STOP,At Fire Station Verna,Fire Station Verna
2025-12-23T01:12:46.322Z,GA 07 G 1942-VAP(QUICK RESPONSE),15.5311233,74.1388183,0,STOP,At Fire Station Valpoi ,Fire Station Valpoi
2025-12-23T01:12:46.322Z,GA 07 G 2003-CUR(QUICK RESPONSE),15.2603983,74.1037033,0,STOP,At Fire Station Curchorem,Fire Station Curchorem
2025-12-23T01:12:46.322Z,GA 07 G 7447-CUR(EMERGENCY RESCUE),15.26048,74.1037033,0,STOP,At Fire Station Curchorem,Fire Station Curchorem
2025-12-23T01:12:46.322Z,GA 07 G 7557-CUR(WATER TENDER),15.26045,74.10345,0,STOP,At Fire Station Curchorem,Fire Station Curchorem
2025-12-23T01:12:46.322Z,GA 07 G 7667-CUR(WATER BOUSER),15.1454033,73.99108,0,STOP,"Shri Shantadurga fatarpekarin Temple, Fatorpa, Cuncolim, Goa (SW)",Fire Station Curchorem
2025-12-23T01:12:46.322Z,GA 07 G 4989-KUN(WATER TENDER),15.4630467,73.97251,0,STOP,At Fire Station Kundaim,Fire Station Kundaim
2025-12-23T01:12:46.322Z,GA 07 G 2242-PIL(WATER TENDER),15.5328322,73.7941056,0,STOP,At Fire Station Pilerne,Fire Station Pilerne
2025-12-23T01:12:46.322Z,GA 07 G 0681-MAP(QUICK RESPONSE),15.589775,73.8087733,0,STOP,At Fire Station Mapusa,Fire Station Mapusa
2025-12-23T01:12:46.322Z,GA 07 G 0307-PER(QUICK RESPONSE),15.7164939,73.7974239,0,INACTIVE,At Fire Station Pernem,Fire Station Pernem
2025-12-23T01:12:46.322Z,GA 07 G 2101-PER(MS WATER TENDER),15.7163717,73.7975772,0,STOP,At Fire Station Pernem,Fire Station Pernem
2025-12-23T01:12:46.322Z,GA 07 G 4600-PER(MINI RESCUE TENDER),15.7165206,73.7975167,0,STOP,At Fire Station Pernem,Fire Station Pernem
2025-12-23T01:12:46.322Z,GA 07 G 7272-PNJ(WATER TENDER),15.4877517,73.8175178,0,STOP,"Goa College of Home Science, Dayanand Bandodkar Road, Opposite Parade Ground Campal,, Panaji, Goa (SE)",Fire Station Panaji
2025-12-23T01:12:46.322Z,GA07G2384- Cuncolim,15.1862206,74.0209944,0,STOP,At Fire Station Cuncolim,Fire Station Cuncolim
2025-12-23T01:12:46.322Z,GA07G2507 - Mid Size (Water Tender),15.7164733,73.7974933,0,STOP,At Fire Station Pernem,Fire Station Pernem
2025-12-23T01:12:46.322Z,GA07G2505 - Mid Size (Water Tender),15.530985,74.13868,0,STOP,At Fire Station Valpoi ,Fire Station Valpoi
2025-12-23T01:12:46.322Z,GA07G2504 - Mid Size (Water Tender),15.5890983,73.9465083,0,STOP,At Fire Station Bicholim ,Fire Station Bicholim
2025-12-23T01:12:46.322Z,GA07G2503-Mid Size (Water Tender),15.5900233,73.80865,0,STOP,At Fire Station Mapusa,Fire Station Mapusa
2025-12-23T01:12:46.322Z,GA07G2502 - Mid Size (Water Tender),15.4870233,73.8172283,0,STOP,"Caculo Mall, 16 Shanta, St Inez Rd, Caculo Enclave, Santa Inez, Panaji, Goa (NW)",Fire Force Headquarters
2025-12-23T01:13:44.193Z,GA 07 G 0680-PIL(QUICK RESPONSE VEHICLE),15.5329733,73.7939283,0,STOP,At Fire Station Pilerne,Fire Station Pilerne
2025-12-23T01:13:44.193Z,GA07G2506 - Mid Size (Water Tender),15.500348,73.914085,0,INACTIVE,At Fire Station Old Goa,Fire Station Old Goa
2025-12-23T01:13:44.193Z,GA 07 G 5115-POR(MINI WATER TENDER),15.522988,73.829384,0,STOP,At Porvorim Fire Station,Fire Station Porvorim
2025-12-23T01:13:44.193Z,GA 07 G 0350-MRG(WATER TENDER),15.269428,73.970604,0,STOP,At Fire Station Margoa,Fire Station Margao
2025-12-23T01:13:44.193Z,GA 07 G 2900-MAP(MINI RESCUE TENDER),15.589908,73.808716,0,STOP,At Fire Station Mapusa,Fire Station Mapusa
2025-12-23T01:13:44.193Z,GA 07 G 7600-FFHQ(WATER BOUSER),15.487103,73.817108,0,STOP,"Caculo Mall, 16 Shanta, St Inez Rd, Caculo Enclave, Santa Inez, Panaji, Goa (NW)",Fire Force Headquarters
2025-12-23T01:13:44.193Z,GA 07 G 2002-FFHQ(TURN TABLE LADDER),15.48742,73.817375,0,STOP,"Caculo Mall, 16 Shanta, St Inez Rd, Caculo Enclave, Santa Inez, Panaji, Goa (NW)",Fire Force Headquarters
2025-12-23T01:13:44.193Z,GA 07 G 7101-FFHQ(WATER TENDER),15.486877,73.817055,0,STOP,"Caculo Mall, 16 Shanta, St Inez Rd, Caculo Enclave, Santa Inez, Panaji, Goa (NW)",Fire Force Headquarters
2025-12-23T01:13:44.193Z,GA 07 G 7677-FFHQ(EMERGENCY RESCUE),15.48719,73.817192,0,STOP,"Caculo Mall, 16 Shanta, St Inez Rd, Caculo Enclave, Santa Inez, Panaji, Goa (NW)",Fire Force Headquarters
2025-12-23T01:13:44.193Z,GA 07 G 1121-PNJ(EMERGENCY RESCUE),15.487292,73.817276,0,STOP,"Caculo Mall, 16 Shanta, St Inez Rd, Caculo Enclave, Santa Inez, Panaji, Goa (NW)",Fire Station Panaji
2025-12-23T01:13:44.193Z,GA 07 G 1571-FFHQ(QUICK RESPONSE),15.48666,73.817444,0,STOP,"Caculo Mall, 16 Shanta, St Inez Rd, Caculo Enclave, Santa Inez, Panaji, Goa (NW)",Fire Force Headquarters
2025-12-23T01:13:44.193Z,GA 07 G 8101-MAP(WATER TENDER),15.589937,73.80867,0,STOP,At Fire Station Mapusa,Fire Station Mapusa
2025-12-23T01:13:44.193Z,GA 07 G 2317-MRG(EMERGENCY RESCUE TENDER),15.26949,73.969955,1,STOP,At Fire Station Margoa,Fire Station Margao
2025-12-23T01:13:44.193Z,GA 07 G 1570-VAS(QUICK RESPONSE FIRE TENDER),15.3887783,73.8513266,0,STOP,At Fire Station Vasco,Fire Station Vasco
2025-12-23T01:13:44.193Z,GA 07 G 4101-VAS(MS WATER TENDER),15.3890783,73.85092,0,STOP,At Fire Station Vasco,Fire Station Vasco
2025-12-23T01:13:44.193Z,GA 07 G 0819-VAS(WATER/FOAM TENDER),15.3888217,73.8512367,0,IDLE,At Fire Station Vasco,Fire Station Vasco
2025-12-23T01:13:44.193Z,GA 07 G 7100-MRG(WATER BOUSER),15.2694566,73.97006,0,STOP,At Fire Station Margoa,Fire Station Margao
2025-12-23T01:13:44.193Z,GA 07 G 1568-MRG(QUICK RESPONSE ),15.269325,73.9706466,0,STOP,At Fire Station Margoa,Fire Station Margao
2025-12-23T01:13:44.193Z,GA 07 G 6101-MRG(WATER TENDER),15.2693733,73.9701416,0,STOP,At Fire Station Margoa,Fire Station Margao
2025-12-23T01:13:44.193Z,GA 07 G 1001-MRG(AERIAL LADDER PLATFORM),15.2695583,73.969735,0,STOP,At Fire Station Margoa,Fire Station Margao
2025-12-23T01:13:44.193Z,GA 07 G 0820-BIC(WATER TEDNER),15.4027094,74.0029172,0,STOP,At Fire Station Ponda ,Fire Station Bicholim
2025-12-23T01:13:44.193Z,GA 07 G 5101-OLG(MS WATER TENDER),15.5003033,73.91403,0,STOP,At Fire Station Old Goa,Fire Station Old Goa
2025-12-23T01:13:44.193Z,GA 07 G 3101-BIC(MS WATER TENDER),15.5893966,73.9467766,0,STOP,At Fire Station Bicholim ,Fire Station Bicholim
2025-12-23T01:13:44.193Z,GA 07 G 1941-BIC(QUICK RESPONSE),15.5894533,73.9467033,0,STOP,At Fire Station Bicholim ,Fire Station Bicholim
2025-12-23T01:13:44.193Z,GA 07 G 2319-VAS (EMERGENCY RESCUE TENDER),15.3901916,73.8524983,0,STOP,"near melisa garage,NSD, Dabolim, Goa (SW)",Fire Station Vasco
2025-12-23T01:13:44.193Z,GA 07 G 3737-VAP(WATER TENDER),15.53099,74.1387199,0,STOP,At Fire Station Valpoi ,Fire Station Valpoi
2025-12-23T01:13:44.193Z,GA 07 G 2318-PND(EMERGENCY RESCUE TENDER),15.4028416,74.0028083,0,STOP,At Fire Station Ponda ,Fire Station Ponda
2025-12-23T01:13:44.193Z,GA 07 G 2004-PND(QUICK RESPONSE),15.4026666,74.0028483,0,STOP,At Fire Station Ponda ,Fire Station Ponda
2025-12-23T01:13:44.193Z,GA 07 G 9101-PND(WATER TENDER),15.402745,74.0028816,0,STOP,At Fire Station Ponda ,Fire Station Ponda
2025-12-23T01:13:44.193Z,GA 07 G 9797-PND(WATER BOUSER),15.402635,74.00284,0,STOP,At Fire Station Ponda ,Fire Station Ponda
2025-12-23T01:13:44.193Z,GA 07 G 6363-CAN(WATER TENDER),15.0236183,74.0440433,0,INACTIVE,"Canacona, The Lalitrajbaga ,Canacona, Canacona, Goa (NE)",Fire Station Canacona
2025-12-23T01:13:44.193Z,GA 07 G 1567-CAN(QUICK RESPONSE FT),15.0171383,74.0398266,32,INACTIVE,"Canacona, The Lalitrajbaga ,Canacona, Canacona, Goa (SW)",Fire Station Canacona
2025-12-23T01:13:44.193Z,GA 07 G 1569-VRN(QUICK RESPONSE),15.3694583,73.9356766,0,STOP,At Fire Station Verna,Fire Station Verna
2025-12-23T01:13:44.193Z,GA 07 G 9909-VRN(ADVANCE MULTI-PURPOSE),15.3695866,73.9351966,0,STOP,At Fire Station Verna,Fire Station Verna
2025-12-23T01:13:44.193Z,GA 07 G 1942-VAP(QUICK RESPONSE),15.5311233,74.1388183,0,STOP,At Fire Station Valpoi ,Fire Station Valpoi
2025-12-23T01:13:44.193Z,GA 07 G 2003-CUR(QUICK RESPONSE),15.2603983,74.1037033,0,STOP,At Fire Station Curchorem,Fire Station Curchorem
2025-12-23T01:13:44.193Z,GA 07 G 7447-CUR(EMERGENCY RESCUE),15.26048,74.1037033,0,STOP,At Fire Station Curchorem,Fire Station Curchorem
2025-12-23T01:13:44.193Z,GA 07 G 7557-CUR(WATER TENDER),15.26045,74.10345,0,STOP,At Fire Station Curchorem,Fire Station Curchorem
2025-12-23T01:13:44.193Z,GA 07 G 7667-CUR(WATER BOUSER),15.1454033,73.99108,0,STOP,"Shri Shantadurga fatarpekarin Temple, Fatorpa, Cuncolim, Goa (SW)",Fire Station Curchorem
2025-12-23T01:13:44.193Z,GA 07 G 4989-KUN(WATER TENDER),15.4630467,73.97251,0,STOP,At Fire Station Kundaim,Fire Station Kundaim
2025-12-23T01:13:44.193Z,GA 07 G 2242-PIL(WATER TENDER),15.5328322,73.7941056,0,STOP,At Fire Station Pilerne,Fire Station Pilerne
2025-12-23T01:13:44.193Z,GA 07 G 0681-MAP(QUICK RESPONSE),15.589775,73.8087733,0,STOP,At Fire Station Mapusa,Fire Station Mapusa
2025-12-23T01:13:44.193Z,GA 07 G 0307-PER(QUICK RESPONSE),15.7164939,73.7974239,0,INACTIVE,At Fire Station Pernem,Fire Station Pernem
2025-12-23T01:13:44.193Z,GA 07 G 2101-PER(MS WATER TENDER),15.7163717,73.7975772,0,STOP,At Fire Station Pernem,Fire Station Pernem
2025-12-23T01:13:44.193Z,GA 07 G 4600-PER(MINI RESCUE TENDER),15.7165206,73.7975167,0,STOP,At Fire Station Pernem,Fire Station Pernem
2025-12-23T01:13:44.193Z,GA 07 G 7272-PNJ(WATER TENDER),15.4877517,73.8175178,0,STOP,"Goa College of Home Science, Dayanand Bandodkar Road, Opposite Parade Ground Campal,, Panaji, Goa (SE)",Fire Station Panaji
2025-12-23T01:13:44.193Z,GA07G2384- Cuncolim,15.1862206,74.0209944,0,STOP,At Fire Station Cuncolim,Fire Station Cuncolim
2025-12-23T01:13:44.193Z,GA07G2507 - Mid Size (Water Tender),15.7164733,73.7974933,0,STOP,At Fire Station Pernem,Fire Station Pernem
2025-12-23T01:13:44.193Z,GA07G2505 - Mid Size (Water Tender),15.530985,74.13868,0,STOP,At Fire Station Valpoi ,Fire Station Valpoi
2025-12-23T01:13:44.193Z,GA07G2504 - Mid Size (Water Tender),15.5890983,73.9465083,0,STOP,At Fire Station Bicholim ,Fire Station Bicholim
2025-12-23T01:13:44.193Z,GA07G2503-Mid Size (Water Tender),15.5900233,73.80865,0,STOP,At Fire Station Mapusa,Fire Station Mapusa
2025-12-23T01:13:44.193Z,GA07G2502 - Mid Size (Water Tender),15.4870233,73.8172283,0,STOP,"Caculo Mall, 16 Shanta, St Inez Rd, Caculo Enclave, Santa Inez, Panaji, Goa (NW)",Fire Force Headquarters
2025-12-23T01:14:46.782Z,GA 07 G 0680-PIL(QUICK RESPONSE VEHICLE),15.5329733,73.7939283,0,STOP,At Fire Station Pilerne,Fire Station Pilerne
2025-12-23T01:14:46.782Z,GA07G2506 - Mid Size (Water Tender),15.500348,73.914085,0,INACTIVE,At Fire Station Old Goa,Fire Station Old Goa
2025-12-23T01:14:46.782Z,GA 07 G 5115-POR(MINI WATER TENDER),15.522988,73.829384,0,STOP,At Porvorim Fire Station,Fire Station Porvorim
2025-12-23T01:14:46.782Z,GA 07 G 0350-MRG(WATER TENDER),15.269428,73.970604,0,STOP,At Fire Station Margoa,Fire Station Margao
2025-12-23T01:14:46.782Z,GA 07 G 2900-MAP(MINI RESCUE TENDER),15.589908,73.808716,0,STOP,At Fire Station Mapusa,Fire Station Mapusa
2025-12-23T01:14:46.782Z,GA 07 G 7600-FFHQ(WATER BOUSER),15.487103,73.817108,0,STOP,"Caculo Mall, 16 Shanta, St Inez Rd, Caculo Enclave, Santa Inez, Panaji, Goa (NW)",Fire Force Headquarters
2025-12-23T01:14:46.782Z,GA 07 G 2002-FFHQ(TURN TABLE LADDER),15.48742,73.817375,0,STOP,"Caculo Mall, 16 Shanta, St Inez Rd, Caculo Enclave, Santa Inez, Panaji, Goa (NW)",Fire Force Headquarters
2025-12-23T01:14:46.782Z,GA 07 G 7101-FFHQ(WATER TENDER),15.486877,73.817055,0,STOP,"Caculo Mall, 16 Shanta, St Inez Rd, Caculo Enclave, Santa Inez, Panaji, Goa (NW)",Fire Force Headquarters
2025-12-23T01:14:46.782Z,GA 07 G 7677-FFHQ(EMERGENCY RESCUE),15.48719,73.817192,0,STOP,"Caculo Mall, 16 Shanta, St Inez Rd, Caculo Enclave, Santa Inez, Panaji, Goa (NW)",Fire Force Headquarters
2025-12-23T01:14:46.782Z,GA 07 G 1121-PNJ(EMERGENCY RESCUE),15.487292,73.817276,0,STOP,"Caculo Mall, 16 Shanta, St Inez Rd, Caculo Enclave, Santa Inez, Panaji, Goa (NW)",Fire Station Panaji
2025-12-23T01:14:46.782Z,GA 07 G 1571-FFHQ(QUICK RESPONSE),15.48666,73.817444,0,STOP,"Caculo Mall, 16 Shanta, St Inez Rd, Caculo Enclave, Santa Inez, Panaji, Goa (NW)",Fire Force Headquarters
2025-12-23T01:14:46.782Z,GA 07 G 8101-MAP(WATER TENDER),15.589937,73.80867,0,STOP,At Fire Station Mapusa,Fire Station Mapusa
2025-12-23T01:14:46.782Z,GA 07 G 2317-MRG(EMERGENCY RESCUE TENDER),15.26949,73.969955,1,STOP,At Fire Station Margoa,Fire Station Margao
2025-12-23T01:14:46.782Z,GA 07 G 1570-VAS(QUICK RESPONSE FIRE TENDER),15.3887783,73.8513266,0,STOP,At Fire Station Vasco,Fire Station Vasco
2025-12-23T01:14:46.782Z,GA 07 G 4101-VAS(MS WATER TENDER),15.3890783,73.85092,0,STOP,At Fire Station Vasco,Fire Station Vasco
2025-12-23T01:14:46.782Z,GA 07 G 0819-VAS(WATER/FOAM TENDER),15.3888217,73.8512367,0,IDLE,At Fire Station Vasco,Fire Station Vasco
2025-12-23T01:14:46.782Z,GA 07 G 7100-MRG(WATER BOUSER),15.2694566,73.97006,0,STOP,At Fire Station Margoa,Fire Station Margao
2025-12-23T01:14:46.782Z,GA 07 G 1568-MRG(QUICK RESPONSE ),15.269325,73.9706466,0,STOP,At Fire Station Margoa,Fire Station Margao
2025-12-23T01:14:46.782Z,GA 07 G 6101-MRG(WATER TENDER),15.2693733,73.9701416,0,STOP,At Fire Station Margoa,Fire Station Margao
2025-12-23T01:14:46.782Z,GA 07 G 1001-MRG(AERIAL LADDER PLATFORM),15.2695583,73.969735,0,STOP,At Fire Station Margoa,Fire Station Margao
2025-12-23T01:14:46.782Z,GA 07 G 0820-BIC(WATER TEDNER),15.4027094,74.0029172,0,STOP,At Fire Station Ponda ,Fire Station Bicholim
2025-12-23T01:14:46.782Z,GA 07 G 5101-OLG(MS WATER TENDER),15.5003033,73.91403,0,STOP,At Fire Station Old Goa,Fire Station Old Goa
2025-12-23T01:14:46.782Z,GA 07 G 3101-BIC(MS WATER TENDER),15.5893966,73.9467766,0,STOP,At Fire Station Bicholim ,Fire Station Bicholim
2025-12-23T01:14:46.782Z,GA 07 G 1941-BIC(QUICK RESPONSE),15.5894533,73.9467033,0,STOP,At Fire Station Bicholim ,Fire Station Bicholim
2025-12-23T01:14:46.782Z,GA 07 G 2319-VAS (EMERGENCY RESCUE TENDER),15.3901916,73.8524983,0,STOP,"near melisa garage,NSD, Dabolim, Goa (SW)",Fire Station Vasco
2025-12-23T01:14:46.782Z,GA 07 G 3737-VAP(WATER TENDER),15.53099,74.1387199,0,STOP,At Fire Station Valpoi ,Fire Station Valpoi
2025-12-23T01:14:46.782Z,GA 07 G 2318-PND(EMERGENCY RESCUE TENDER),15.4028416,74.0028083,0,STOP,At Fire Station Ponda ,Fire Station Ponda
2025-12-23T01:14:46.782Z,GA 07 G 2004-PND(QUICK RESPONSE),15.4026666,74.0028483,0,STOP,At Fire Station Ponda ,Fire Station Ponda
2025-12-23T01:14:46.782Z,GA 07 G 9101-PND(WATER TENDER),15.402745,74.0028816,0,STOP,At Fire Station Ponda ,Fire Station Ponda
2025-12-23T01:14:46.782Z,GA 07 G 9797-PND(WATER BOUSER),15.402635,74.00284,0,STOP,At Fire Station Ponda ,Fire Station Ponda
2025-12-23T01:14:46.782Z,GA 07 G 6363-CAN(WATER TENDER),15.0236183,74.0440433,0,INACTIVE,"Canacona, The Lalitrajbaga ,Canacona, Canacona, Goa (NE)",Fire Station Canacona
2025-12-23T01:14:46.782Z,GA 07 G 1567-CAN(QUICK RESPONSE FT),15.0171383,74.0398266,32,INACTIVE,"Canacona, The Lalitrajbaga ,Canacona, Canacona, Goa (SW)",Fire Station Canacona
2025-12-23T01:14:46.782Z,GA 07 G 1569-VRN(QUICK RESPONSE),15.3694583,73.9356766,0,STOP,At Fire Station Verna,Fire Station Verna
2025-12-23T01:14:46.782Z,GA 07 G 9909-VRN(ADVANCE MULTI-PURPOSE),15.3695866,73.9351966,0,STOP,At Fire Station Verna,Fire Station Verna
2025-12-23T01:14:46.782Z,GA 07 G 1942-VAP(QUICK RESPONSE),15.5311233,74.1388183,0,STOP,At Fire Station Valpoi ,Fire Station Valpoi
2025-12-23T01:14:46.782Z,GA 07 G 2003-CUR(QUICK RESPONSE),15.2603983,74.1037033,0,STOP,At Fire Station Curchorem,Fire Station Curchorem
2025-12-23T01:14:46.782Z,GA 07 G 7447-CUR(EMERGENCY RESCUE),15.26048,74.1037033,0,STOP,At Fire Station Curchorem,Fire Station Curchorem
2025-12-23T01:14:46.782Z,GA 07 G 7557-CUR(WATER TENDER),15.26045,74.10345,0,STOP,At Fire Station Curchorem,Fire Station Curchorem
2025-12-23T01:14:46.782Z,GA 07 G 7667-CUR(WATER BOUSER),15.1454033,73.99108,0,STOP,"Shri Shantadurga fatarpekarin Temple, Fatorpa, Cuncolim, Goa (SW)",Fire Station Curchorem
2025-12-23T01:14:46.782Z,GA 07 G 4989-KUN(WATER TENDER),15.4630467,73.97251,0,STOP,At Fire Station Kundaim,Fire Station Kundaim
2025-12-23T01:14:46.782Z,GA 07 G 2242-PIL(WATER TENDER),15.5328322,73.7941056,0,STOP,At Fire Station Pilerne,Fire Station Pilerne
2025-12-23T01:14:46.782Z,GA 07 G 0681-MAP(QUICK RESPONSE),15.589775,73.8087733,0,STOP,At Fire Station Mapusa,Fire Station Mapusa
2025-12-23T01:14:46.782Z,GA 07 G 0307-PER(QUICK RESPONSE),15.7164939,73.7974239,0,INACTIVE,At Fire Station Pernem,Fire Station Pernem
2025-12-23T01:14:46.782Z,GA 07 G 2101-PER(MS WATER TENDER),15.7163717,73.7975772,0,STOP,At Fire Station Pernem,Fire Station Pernem
2025-12-23T01:14:46.782Z,GA 07 G 4600-PER(MINI RESCUE TENDER),15.7165206,73.7975167,0,STOP,At Fire Station Pernem,Fire Station Pernem
2025-12-23T01:14:46.782Z,GA 07 G 7272-PNJ(WATER TENDER),15.4877517,73.8175178,0,STOP,"Goa College of Home Science, Dayanand Bandodkar Road, Opposite Parade Ground Campal,, Panaji, Goa (SE)",Fire Station Panaji
2025-12-23T01:14:46.782Z,GA07G2384- Cuncolim,15.1862206,74.0209944,0,STOP,At Fire Station Cuncolim,Fire Station Cuncolim
2025-12-23T01:14:46.782Z,GA07G2507 - Mid Size (Water Tender),15.7164733,73.7974933,0,STOP,At Fire Station Pernem,Fire Station Pernem
2025-12-23T01:14:46.782Z,GA07G2505 - Mid Size (Water Tender),15.530985,74.13868,0,STOP,At Fire Station Valpoi ,Fire Station Valpoi
2025-12-23T01:14:46.782Z,GA07G2504 - Mid Size (Water Tender),15.5890983,73.9465083,0,STOP,At Fire Station Bicholim ,Fire Station Bicholim
2025-12-23T01:14:46.782Z,GA07G2503-Mid Size (Water Tender),15.5900233,73.80865,0,STOP,At Fire Station Mapusa,Fire Station Mapusa
2025-12-23T01:14:46.782Z,GA07G2502 - Mid Size (Water Tender),15.4870233,73.8172283,0,STOP,"Caculo Mall, 16 Shanta, St Inez Rd, Caculo Enclave, Santa Inez, Panaji, Goa (NW)",Fire Force Headquarters
2025-12-23T01:15:44.213Z,GA 07 G 0680-PIL(QUICK RESPONSE VEHICLE),15.5329733,73.7939283,0,STOP,At Fire Station Pilerne,Fire Station Pilerne
2025-12-23T01:15:44.213Z,GA07G2506 - Mid Size (Water Tender),15.500348,73.914085,0,INACTIVE,At Fire Station Old Goa,Fire Station Old Goa
2025-12-23T01:15:44.213Z,GA 07 G 5115-POR(MINI WATER TENDER),15.522988,73.829384,0,STOP,At Porvorim Fire Station,Fire Station Porvorim
2025-12-23T01:15:44.213Z,GA 07 G 0350-MRG(WATER TENDER),15.269428,73.970604,0,STOP,At Fire Station Margoa,Fire Station Margao
2025-12-23T01:15:44.213Z,GA 07 G 2900-MAP(MINI RESCUE TENDER),15.589908,73.808716,0,STOP,At Fire Station Mapusa,Fire Station Mapusa
2025-12-23T01:15:44.213Z,GA 07 G 7600-FFHQ(WATER BOUSER),15.487103,73.817108,0,STOP,"Caculo Mall, 16 Shanta, St Inez Rd, Caculo Enclave, Santa Inez, Panaji, Goa (NW)",Fire Force Headquarters
2025-12-23T01:15:44.213Z,GA 07 G 2002-FFHQ(TURN TABLE LADDER),15.48742,73.817375,0,STOP,"Caculo Mall, 16 Shanta, St Inez Rd, Caculo Enclave, Santa Inez, Panaji, Goa (NW)",Fire Force Headquarters
2025-12-23T01:15:44.213Z,GA 07 G 7101-FFHQ(WATER TENDER),15.486877,73.817055,0,STOP,"Caculo Mall, 16 Shanta, St Inez Rd, Caculo Enclave, Santa Inez, Panaji, Goa (NW)",Fire Force Headquarters
2025-12-23T01:15:44.213Z,GA 07 G 7677-FFHQ(EMERGENCY RESCUE),15.48719,73.817192,0,STOP,"Caculo Mall, 16 Shanta, St Inez Rd, Caculo Enclave, Santa Inez, Panaji, Goa (NW)",Fire Force Headquarters
2025-12-23T01:15:44.213Z,GA 07 G 1121-PNJ(EMERGENCY RESCUE),15.487292,73.817276,0,STOP,"Caculo Mall, 16 Shanta, St Inez Rd, Caculo Enclave, Santa Inez, Panaji, Goa (NW)",Fire Station Panaji
2025-12-23T01:15:44.213Z,GA 07 G 1571-FFHQ(QUICK RESPONSE),15.48666,73.817444,0,STOP,"Caculo Mall, 16 Shanta, St Inez Rd, Caculo Enclave, Santa Inez, Panaji, Goa (NW)",Fire Force Headquarters
2025-12-23T01:15:44.213Z,GA 07 G 8101-MAP(WATER TENDER),15.589937,73.80867,0,STOP,At Fire Station Mapusa,Fire Station Mapusa
2025-12-23T01:15:44.213Z,GA 07 G 2317-MRG(EMERGENCY RESCUE TENDER),15.2692883,73.9700283,0,STOP,At Fire Station Margoa,Fire Station Margao
2025-12-23T01:15:44.213Z,GA 07 G 1570-VAS(QUICK RESPONSE FIRE TENDER),15.3887783,73.8513266,0,STOP,At Fire Station Vasco,Fire Station Vasco
2025-12-23T01:15:44.213Z,GA 07 G 4101-VAS(MS WATER TENDER),15.3890783,73.85092,0,STOP,At Fire Station Vasco,Fire Station Vasco
2025-12-23T01:15:44.213Z,GA 07 G 0819-VAS(WATER/FOAM TENDER),15.3888217,73.8512367,0,IDLE,At Fire Station Vasco,Fire Station Vasco
2025-12-23T01:15:44.213Z,GA 07 G 7100-MRG(WATER BOUSER),15.2694566,73.97006,0,STOP,At Fire Station Margoa,Fire Station Margao
2025-12-23T01:15:44.213Z,GA 07 G 1568-MRG(QUICK RESPONSE ),15.269325,73.9706466,0,STOP,At Fire Station Margoa,Fire Station Margao
2025-12-23T01:15:44.213Z,GA 07 G 6101-MRG(WATER TENDER),15.2693733,73.9701416,0,STOP,At Fire Station Margoa,Fire Station Margao
2025-12-23T01:15:44.213Z,GA 07 G 1001-MRG(AERIAL LADDER PLATFORM),15.2695583,73.969735,0,STOP,At Fire Station Margoa,Fire Station Margao
2025-12-23T01:15:44.213Z,GA 07 G 0820-BIC(WATER TEDNER),15.4027094,74.0029172,0,STOP,At Fire Station Ponda ,Fire Station Bicholim
2025-12-23T01:15:44.213Z,GA 07 G 5101-OLG(MS WATER TENDER),15.5003033,73.91403,0,STOP,At Fire Station Old Goa,Fire Station Old Goa
2025-12-23T01:15:44.213Z,GA 07 G 3101-BIC(MS WATER TENDER),15.5893966,73.9467766,0,STOP,At Fire Station Bicholim ,Fire Station Bicholim
2025-12-23T01:15:44.213Z,GA 07 G 1941-BIC(QUICK RESPONSE),15.5894533,73.9467033,0,STOP,At Fire Station Bicholim ,Fire Station Bicholim
2025-12-23T01:15:44.213Z,GA 07 G 2319-VAS (EMERGENCY RESCUE TENDER),15.3901916,73.8524983,0,STOP,"near melisa garage,NSD, Dabolim, Goa (SW)",Fire Station Vasco
2025-12-23T01:15:44.213Z,GA 07 G 3737-VAP(WATER TENDER),15.53099,74.1387199,0,STOP,At Fire Station Valpoi ,Fire Station Valpoi
2025-12-23T01:15:44.213Z,GA 07 G 2318-PND(EMERGENCY RESCUE TENDER),15.4028416,74.0028083,0,STOP,At Fire Station Ponda ,Fire Station Ponda
2025-12-23T01:15:44.213Z,GA 07 G 2004-PND(QUICK RESPONSE),15.4026666,74.0028483,0,STOP,At Fire Station Ponda ,Fire Station Ponda
2025-12-23T01:15:44.213Z,GA 07 G 9101-PND(WATER TENDER),15.402745,74.0028816,0,STOP,At Fire Station Ponda ,Fire Station Ponda
2025-12-23T01:15:44.213Z,GA 07 G 9797-PND(WATER BOUSER),15.402635,74.00284,0,STOP,At Fire Station Ponda ,Fire Station Ponda
2025-12-23T01:15:44.213Z,GA 07 G 6363-CAN(WATER TENDER),15.0236183,74.0440433,0,INACTIVE,"Canacona, The Lalitrajbaga ,Canacona, Canacona, Goa (NE)",Fire Station Canacona
2025-12-23T01:15:44.213Z,GA 07 G 1567-CAN(QUICK RESPONSE FT),15.0171383,74.0398266,32,INACTIVE,"Canacona, The Lalitrajbaga ,Canacona, Canacona, Goa (SW)",Fire Station Canacona
2025-12-23T01:15:44.213Z,GA 07 G 1569-VRN(QUICK RESPONSE),15.3694583,73.9356766,0,STOP,At Fire Station Verna,Fire Station Verna
2025-12-23T01:15:44.213Z,GA 07 G 9909-VRN(ADVANCE MULTI-PURPOSE),15.3695866,73.9351966,0,STOP,At Fire Station Verna,Fire Station Verna
2025-12-23T01:15:44.213Z,GA 07 G 1942-VAP(QUICK RESPONSE),15.5311233,74.1388183,0,STOP,At Fire Station Valpoi ,Fire Station Valpoi
2025-12-23T01:15:44.213Z,GA 07 G 2003-CUR(QUICK RESPONSE),15.2603983,74.1037033,0,STOP,At Fire Station Curchorem,Fire Station Curchorem
2025-12-23T01:15:44.213Z,GA 07 G 7447-CUR(EMERGENCY RESCUE),15.26048,74.1037033,0,STOP,At Fire Station Curchorem,Fire Station Curchorem
2025-12-23T01:15:44.213Z,GA 07 G 7557-CUR(WATER TENDER),15.26045,74.10345,0,STOP,At Fire Station Curchorem,Fire Station Curchorem
2025-12-23T01:15:44.213Z,GA 07 G 7667-CUR(WATER BOUSER),15.1454033,73.99108,0,STOP,"Shri Shantadurga fatarpekarin Temple, Fatorpa, Cuncolim, Goa (SW)",Fire Station Curchorem
2025-12-23T01:15:44.213Z,GA 07 G 4989-KUN(WATER TENDER),15.4630467,73.97251,0,STOP,At Fire Station Kundaim,Fire Station Kundaim
2025-12-23T01:15:44.213Z,GA 07 G 2242-PIL(WATER TENDER),15.5328322,73.7941056,0,STOP,At Fire Station Pilerne,Fire Station Pilerne
2025-12-23T01:15:44.213Z,GA 07 G 0681-MAP(QUICK RESPONSE),15.589775,73.8087733,0,STOP,At Fire Station Mapusa,Fire Station Mapusa
2025-12-23T01:15:44.213Z,GA 07 G 0307-PER(QUICK RESPONSE),15.7164939,73.7974239,0,INACTIVE,At Fire Station Pernem,Fire Station Pernem
2025-12-23T01:15:44.213Z,GA 07 G 2101-PER(MS WATER TENDER),15.7163717,73.7975772,0,STOP,At Fire Station Pernem,Fire Station Pernem
2025-12-23T01:15:44.213Z,GA 07 G 4600-PER(MINI RESCUE TENDER),15.7165206,73.7975167,0,STOP,At Fire Station Pernem,Fire Station Pernem
2025-12-23T01:15:44.213Z,GA 07 G 7272-PNJ(WATER TENDER),15.4877517,73.8175178,0,STOP,"Goa College of Home Science, Dayanand Bandodkar Road, Opposite Parade Ground Campal,, Panaji, Goa (SE)",Fire Station Panaji
2025-12-23T01:15:44.213Z,GA07G2384- Cuncolim,15.1862206,74.0209944,0,STOP,At Fire Station Cuncolim,Fire Station Cuncolim
2025-12-23T01:15:44.213Z,GA07G2507 - Mid Size (Water Tender),15.7164733,73.7974933,0,STOP,At Fire Station Pernem,Fire Station Pernem
2025-12-23T01:15:44.213Z,GA07G2505 - Mid Size (Water Tender),15.530985,74.13868,0,STOP,At Fire Station Valpoi ,Fire Station Valpoi
2025-12-23T01:15:44.213Z,GA07G2504 - Mid Size (Water Tender),15.5890983,73.9465083,0,STOP,At Fire Station Bicholim ,Fire Station Bicholim
2025-12-23T01:15:44.213Z,GA07G2503-Mid Size (Water Tender),15.5900233,73.80865,0,STOP,At Fire Station Mapusa,Fire Station Mapusa
2025-12-23T01:15:44.213Z,GA07G2502 - Mid Size (Water Tender),15.4870233,73.8172283,0,STOP,"Caculo Mall, 16 Shanta, St Inez Rd, Caculo Enclave, Santa Inez, Panaji, Goa (NW)",Fire Force Headquarters
2025-12-23T01:16:50.510Z,GA 07 G 0680-PIL(QUICK RESPONSE VEHICLE),15.5329733,73.7939283,0,STOP,At Fire Station Pilerne,Fire Station Pilerne
2025-12-23T01:16:50.510Z,GA07G2506 - Mid Size (Water Tender),15.500348,73.914085,0,INACTIVE,At Fire Station Old Goa,Fire Station Old Goa
2025-12-23T01:16:50.510Z,GA 07 G 5115-POR(MINI WATER TENDER),15.522988,73.829384,0,STOP,At Porvorim Fire Station,Fire Station Porvorim
2025-12-23T01:16:50.510Z,GA 07 G 0350-MRG(WATER TENDER),15.269428,73.970604,0,STOP,At Fire Station Margoa,Fire Station Margao
2025-12-23T01:16:50.510Z,GA 07 G 2900-MAP(MINI RESCUE TENDER),15.589908,73.808716,0,STOP,At Fire Station Mapusa,Fire Station Mapusa
2025-12-23T01:16:50.510Z,GA 07 G 7600-FFHQ(WATER BOUSER),15.487103,73.817108,0,STOP,"Caculo Mall, 16 Shanta, St Inez Rd, Caculo Enclave, Santa Inez, Panaji, Goa (NW)",Fire Force Headquarters
2025-12-23T01:16:50.510Z,GA 07 G 2002-FFHQ(TURN TABLE LADDER),15.48742,73.817375,0,STOP,"Caculo Mall, 16 Shanta, St Inez Rd, Caculo Enclave, Santa Inez, Panaji, Goa (NW)",Fire Force Headquarters
2025-12-23T01:16:50.510Z,GA 07 G 7101-FFHQ(WATER TENDER),15.486877,73.817055,0,STOP,"Caculo Mall, 16 Shanta, St Inez Rd, Caculo Enclave, Santa Inez, Panaji, Goa (NW)",Fire Force Headquarters
2025-12-23T01:16:50.510Z,GA 07 G 7677-FFHQ(EMERGENCY RESCUE),15.48719,73.817192,0,STOP,"Caculo Mall, 16 Shanta, St Inez Rd, Caculo Enclave, Santa Inez, Panaji, Goa (NW)",Fire Force Headquarters
2025-12-23T01:16:50.510Z,GA 07 G 1121-PNJ(EMERGENCY RESCUE),15.487292,73.817276,0,STOP,"Caculo Mall, 16 Shanta, St Inez Rd, Caculo Enclave, Santa Inez, Panaji, Goa (NW)",Fire Station Panaji
2025-12-23T01:16:50.510Z,GA 07 G 1571-FFHQ(QUICK RESPONSE),15.48666,73.817444,0,STOP,"Caculo Mall, 16 Shanta, St Inez Rd, Caculo Enclave, Santa Inez, Panaji, Goa (NW)",Fire Force Headquarters
2025-12-23T01:16:50.510Z,GA 07 G 8101-MAP(WATER TENDER),15.589937,73.80867,0,STOP,At Fire Station Mapusa,Fire Station Mapusa
2025-12-23T01:16:50.510Z,GA 07 G 2317-MRG(EMERGENCY RESCUE TENDER),15.2692883,73.9700283,1,STOP,At Fire Station Margoa,Fire Station Margao
2025-12-23T01:16:50.510Z,GA 07 G 1570-VAS(QUICK RESPONSE FIRE TENDER),15.3887783,73.8513266,0,STOP,At Fire Station Vasco,Fire Station Vasco
2025-12-23T01:16:50.510Z,GA 07 G 4101-VAS(MS WATER TENDER),15.3890783,73.85092,0,STOP,At Fire Station Vasco,Fire Station Vasco
2025-12-23T01:16:50.510Z,GA 07 G 0819-VAS(WATER/FOAM TENDER),15.3888217,73.8512367,0,IDLE,At Fire Station Vasco,Fire Station Vasco
2025-12-23T01:16:50.510Z,GA 07 G 7100-MRG(WATER BOUSER),15.2694566,73.97006,0,STOP,At Fire Station Margoa,Fire Station Margao
2025-12-23T01:16:50.510Z,GA 07 G 1568-MRG(QUICK RESPONSE ),15.269325,73.9706466,0,STOP,At Fire Station Margoa,Fire Station Margao
2025-12-23T01:16:50.510Z,GA 07 G 6101-MRG(WATER TENDER),15.2693733,73.9701416,0,STOP,At Fire Station Margoa,Fire Station Margao
2025-12-23T01:16:50.510Z,GA 07 G 1001-MRG(AERIAL LADDER PLATFORM),15.2695583,73.969735,0,STOP,At Fire Station Margoa,Fire Station Margao
2025-12-23T01:16:50.510Z,GA 07 G 0820-BIC(WATER TEDNER),15.4027094,74.0029172,0,STOP,At Fire Station Ponda ,Fire Station Bicholim
2025-12-23T01:16:50.510Z,GA 07 G 5101-OLG(MS WATER TENDER),15.5003033,73.91403,0,STOP,At Fire Station Old Goa,Fire Station Old Goa
2025-12-23T01:16:50.510Z,GA 07 G 3101-BIC(MS WATER TENDER),15.5893966,73.9467766,0,STOP,At Fire Station Bicholim ,Fire Station Bicholim
2025-12-23T01:16:50.510Z,GA 07 G 1941-BIC(QUICK RESPONSE),15.5894533,73.9467033,0,STOP,At Fire Station Bicholim ,Fire Station Bicholim
2025-12-23T01:16:50.510Z,GA 07 G 2319-VAS (EMERGENCY RESCUE TENDER),15.3901916,73.8524983,0,STOP,"near melisa garage,NSD, Dabolim, Goa (SW)",Fire Station Vasco
2025-12-23T01:16:50.510Z,GA 07 G 3737-VAP(WATER TENDER),15.53099,74.1387199,0,STOP,At Fire Station Valpoi ,Fire Station Valpoi
2025-12-23T01:16:50.510Z,GA 07 G 2318-PND(EMERGENCY RESCUE TENDER),15.4028416,74.0028083,0,STOP,At Fire Station Ponda ,Fire Station Ponda
2025-12-23T01:16:50.510Z,GA 07 G 2004-PND(QUICK RESPONSE),15.4026666,74.0028483,0,STOP,At Fire Station Ponda ,Fire Station Ponda
2025-12-23T01:16:50.510Z,GA 07 G 9101-PND(WATER TENDER),15.402745,74.0028816,0,STOP,At Fire Station Ponda ,Fire Station Ponda
2025-12-23T01:16:50.510Z,GA 07 G 9797-PND(WATER BOUSER),15.402635,74.00284,0,STOP,At Fire Station Ponda ,Fire Station Ponda
2025-12-23T01:16:50.510Z,GA 07 G 6363-CAN(WATER TENDER),15.0236183,74.0440433,0,INACTIVE,"Canacona, The Lalitrajbaga ,Canacona, Canacona, Goa (NE)",Fire Station Canacona
2025-12-23T01:16:50.510Z,GA 07 G 1567-CAN(QUICK RESPONSE FT),15.0171383,74.0398266,32,INACTIVE,"Canacona, The Lalitrajbaga ,Canacona, Canacona, Goa (SW)",Fire Station Canacona
2025-12-23T01:16:50.510Z,GA 07 G 1569-VRN(QUICK RESPONSE),15.3694583,73.9356766,0,STOP,At Fire Station Verna,Fire Station Verna
2025-12-23T01:16:50.510Z,GA 07 G 9909-VRN(ADVANCE MULTI-PURPOSE),15.3695866,73.9351966,0,STOP,At Fire Station Verna,Fire Station Verna
2025-12-23T01:16:50.510Z,GA 07 G 1942-VAP(QUICK RESPONSE),15.5311233,74.1388183,0,STOP,At Fire Station Valpoi ,Fire Station Valpoi
2025-12-23T01:16:50.510Z,GA 07 G 2003-CUR(QUICK RESPONSE),15.2603983,74.1037033,0,STOP,At Fire Station Curchorem,Fire Station Curchorem
2025-12-23T01:16:50.510Z,GA 07 G 7447-CUR(EMERGENCY RESCUE),15.26048,74.1037033,0,STOP,At Fire Station Curchorem,Fire Station Curchorem
2025-12-23T01:16:50.510Z,GA 07 G 7557-CUR(WATER TENDER),15.26045,74.10345,0,STOP,At Fire Station Curchorem,Fire Station Curchorem
2025-12-23T01:16:50.510Z,GA 07 G 7667-CUR(WATER BOUSER),15.1454033,73.99108,0,STOP,"Shri Shantadurga fatarpekarin Temple, Fatorpa, Cuncolim, Goa (SW)",Fire Station Curchorem
2025-12-23T01:16:50.510Z,GA 07 G 4989-KUN(WATER TENDER),15.4630467,73.97251,0,STOP,At Fire Station Kundaim,Fire Station Kundaim
2025-12-23T01:16:50.510Z,GA 07 G 2242-PIL(WATER TENDER),15.5328322,73.7941056,0,STOP,At Fire Station Pilerne,Fire Station Pilerne
2025-12-23T01:16:50.510Z,GA 07 G 0681-MAP(QUICK RESPONSE),15.589775,73.8087733,0,STOP,At Fire Station Mapusa,Fire Station Mapusa
2025-12-23T01:16:50.510Z,GA 07 G 0307-PER(QUICK RESPONSE),15.7164939,73.7974239,0,INACTIVE,At Fire Station Pernem,Fire Station Pernem
2025-12-23T01:16:50.510Z,GA 07 G 2101-PER(MS WATER TENDER),15.7163717,73.7975772,0,STOP,At Fire Station Pernem,Fire Station Pernem
2025-12-23T01:16:50.510Z,GA 07 G 4600-PER(MINI RESCUE TENDER),15.7165206,73.7975167,0,STOP,At Fire Station Pernem,Fire Station Pernem
2025-12-23T01:16:50.510Z,GA 07 G 7272-PNJ(WATER TENDER),15.4877517,73.8175178,0,STOP,"Goa College of Home Science, Dayanand Bandodkar Road, Opposite Parade Ground Campal,, Panaji, Goa (SE)",Fire Station Panaji
2025-12-23T01:16:50.510Z,GA07G2384- Cuncolim,15.1862206,74.0209944,0,STOP,At Fire Station Cuncolim,Fire Station Cuncolim
2025-12-23T01:16:50.510Z,GA07G2507 - Mid Size (Water Tender),15.7164733,73.7974933,0,STOP,At Fire Station Pernem,Fire Station Pernem
2025-12-23T01:16:50.510Z,GA07G2505 - Mid Size (Water Tender),15.530985,74.13868,0,STOP,At Fire Station Valpoi ,Fire Station Valpoi
2025-12-23T01:16:50.510Z,GA07G2504 - Mid Size (Water Tender),15.5890983,73.9465083,0,STOP,At Fire Station Bicholim ,Fire Station Bicholim
2025-12-23T01:16:50.510Z,GA07G2503-Mid Size (Water Tender),15.5900233,73.80865,0,STOP,At Fire Station Mapusa,Fire Station Mapusa
2025-12-23T01:16:50.510Z,GA07G2502 - Mid Size (Water Tender),15.4870233,73.8172283,0,STOP,"Caculo Mall, 16 Shanta, St Inez Rd, Caculo Enclave, Santa Inez, Panaji, Goa (NW)",Fire Force Headquarters
2025-12-23T01:17:43.543Z,GA 07 G 0680-PIL(QUICK RESPONSE VEHICLE),15.5329733,73.7939283,0,STOP,At Fire Station Pilerne,Fire Station Pilerne
2025-12-23T01:17:43.543Z,GA07G2506 - Mid Size (Water Tender),15.500348,73.914085,0,INACTIVE,At Fire Station Old Goa,Fire Station Old Goa
2025-12-23T01:17:43.543Z,GA 07 G 5115-POR(MINI WATER TENDER),15.522988,73.829384,0,STOP,At Porvorim Fire Station,Fire Station Porvorim
2025-12-23T01:17:43.543Z,GA 07 G 0350-MRG(WATER TENDER),15.269428,73.970604,0,STOP,At Fire Station Margoa,Fire Station Margao
2025-12-23T01:17:43.543Z,GA 07 G 2900-MAP(MINI RESCUE TENDER),15.589908,73.808716,0,STOP,At Fire Station Mapusa,Fire Station Mapusa
2025-12-23T01:17:43.543Z,GA 07 G 7600-FFHQ(WATER BOUSER),15.487103,73.817108,0,STOP,"Caculo Mall, 16 Shanta, St Inez Rd, Caculo Enclave, Santa Inez, Panaji, Goa (NW)",Fire Force Headquarters
2025-12-23T01:17:43.543Z,GA 07 G 2002-FFHQ(TURN TABLE LADDER),15.48742,73.817375,0,STOP,"Caculo Mall, 16 Shanta, St Inez Rd, Caculo Enclave, Santa Inez, Panaji, Goa (NW)",Fire Force Headquarters
2025-12-23T01:17:43.543Z,GA 07 G 7101-FFHQ(WATER TENDER),15.486877,73.817055,0,STOP,"Caculo Mall, 16 Shanta, St Inez Rd, Caculo Enclave, Santa Inez, Panaji, Goa (NW)",Fire Force Headquarters
2025-12-23T01:17:43.543Z,GA 07 G 7677-FFHQ(EMERGENCY RESCUE),15.48719,73.817192,0,STOP,"Caculo Mall, 16 Shanta, St Inez Rd, Caculo Enclave, Santa Inez, Panaji, Goa (NW)",Fire Force Headquarters
2025-12-23T01:17:43.543Z,GA 07 G 1121-PNJ(EMERGENCY RESCUE),15.487292,73.817276,0,STOP,"Caculo Mall, 16 Shanta, St Inez Rd, Caculo Enclave, Santa Inez, Panaji, Goa (NW)",Fire Station Panaji
2025-12-23T01:17:43.543Z,GA 07 G 1571-FFHQ(QUICK RESPONSE),15.48666,73.817444,0,STOP,"Caculo Mall, 16 Shanta, St Inez Rd, Caculo Enclave, Santa Inez, Panaji, Goa (NW)",Fire Force Headquarters
2025-12-23T01:17:43.543Z,GA 07 G 8101-MAP(WATER TENDER),15.589937,73.80867,0,STOP,At Fire Station Mapusa,Fire Station Mapusa
2025-12-23T01:17:43.543Z,GA 07 G 2317-MRG(EMERGENCY RESCUE TENDER),15.26935,73.970125,0,STOP,At Fire Station Margoa,Fire Station Margao
2025-12-23T01:17:43.543Z,GA 07 G 1570-VAS(QUICK RESPONSE FIRE TENDER),15.3887783,73.8513266,0,STOP,At Fire Station Vasco,Fire Station Vasco
2025-12-23T01:17:43.543Z,GA 07 G 4101-VAS(MS WATER TENDER),15.3890783,73.85092,0,STOP,At Fire Station Vasco,Fire Station Vasco
2025-12-23T01:17:43.543Z,GA 07 G 0819-VAS(WATER/FOAM TENDER),15.3888217,73.8512367,0,IDLE,At Fire Station Vasco,Fire Station Vasco
2025-12-23T01:17:43.543Z,GA 07 G 7100-MRG(WATER BOUSER),15.2694566,73.97006,0,STOP,At Fire Station Margoa,Fire Station Margao
2025-12-23T01:17:43.543Z,GA 07 G 1568-MRG(QUICK RESPONSE ),15.269325,73.9706466,0,STOP,At Fire Station Margoa,Fire Station Margao
2025-12-23T01:17:43.543Z,GA 07 G 6101-MRG(WATER TENDER),15.2693733,73.9701416,0,STOP,At Fire Station Margoa,Fire Station Margao
2025-12-23T01:17:43.543Z,GA 07 G 1001-MRG(AERIAL LADDER PLATFORM),15.2695583,73.969735,0,STOP,At Fire Station Margoa,Fire Station Margao
2025-12-23T01:17:43.543Z,GA 07 G 0820-BIC(WATER TEDNER),15.4027094,74.0029172,0,STOP,At Fire Station Ponda ,Fire Station Bicholim
2025-12-23T01:17:43.543Z,GA 07 G 5101-OLG(MS WATER TENDER),15.5003033,73.91403,0,STOP,At Fire Station Old Goa,Fire Station Old Goa
2025-12-23T01:17:43.543Z,GA 07 G 3101-BIC(MS WATER TENDER),15.5893966,73.9467766,3,STOP,At Fire Station Bicholim ,Fire Station Bicholim
2025-12-23T01:17:43.543Z,GA 07 G 1941-BIC(QUICK RESPONSE),15.5894533,73.9467033,0,STOP,At Fire Station Bicholim ,Fire Station Bicholim
2025-12-23T01:17:43.543Z,GA 07 G 2319-VAS (EMERGENCY RESCUE TENDER),15.3901916,73.8524983,0,STOP,"near melisa garage,NSD, Dabolim, Goa (SW)",Fire Station Vasco
2025-12-23T01:17:43.543Z,GA 07 G 3737-VAP(WATER TENDER),15.53099,74.1387199,0,STOP,At Fire Station Valpoi ,Fire Station Valpoi
2025-12-23T01:17:43.543Z,GA 07 G 2318-PND(EMERGENCY RESCUE TENDER),15.4028416,74.0028083,0,STOP,At Fire Station Ponda ,Fire Station Ponda
2025-12-23T01:17:43.543Z,GA 07 G 2004-PND(QUICK RESPONSE),15.4026666,74.0028483,0,STOP,At Fire Station Ponda ,Fire Station Ponda
2025-12-23T01:17:43.543Z,GA 07 G 9101-PND(WATER TENDER),15.402745,74.0028816,0,STOP,At Fire Station Ponda ,Fire Station Ponda
2025-12-23T01:17:43.543Z,GA 07 G 9797-PND(WATER BOUSER),15.402635,74.00284,0,STOP,At Fire Station Ponda ,Fire Station Ponda
2025-12-23T01:17:43.543Z,GA 07 G 6363-CAN(WATER TENDER),15.0236183,74.0440433,0,INACTIVE,"Canacona, The Lalitrajbaga ,Canacona, Canacona, Goa (NE)",Fire Station Canacona
2025-12-23T01:17:43.543Z,GA 07 G 1567-CAN(QUICK RESPONSE FT),15.0171383,74.0398266,32,INACTIVE,"Canacona, The Lalitrajbaga ,Canacona, Canacona, Goa (SW)",Fire Station Canacona
2025-12-23T01:17:43.543Z,GA 07 G 1569-VRN(QUICK RESPONSE),15.3694583,73.9356766,0,STOP,At Fire Station Verna,Fire Station Verna
2025-12-23T01:17:43.543Z,GA 07 G 9909-VRN(ADVANCE MULTI-PURPOSE),15.3695866,73.9351966,0,STOP,At Fire Station Verna,Fire Station Verna
2025-12-23T01:17:43.543Z,GA 07 G 1942-VAP(QUICK RESPONSE),15.5311233,74.1388183,0,STOP,At Fire Station Valpoi ,Fire Station Valpoi
2025-12-23T01:17:43.543Z,GA 07 G 2003-CUR(QUICK RESPONSE),15.2603983,74.1037033,0,STOP,At Fire Station Curchorem,Fire Station Curchorem
2025-12-23T01:17:43.543Z,GA 07 G 7447-CUR(EMERGENCY RESCUE),15.26048,74.1037033,0,STOP,At Fire Station Curchorem,Fire Station Curchorem
2025-12-23T01:17:43.543Z,GA 07 G 7557-CUR(WATER TENDER),15.26045,74.10345,0,STOP,At Fire Station Curchorem,Fire Station Curchorem
2025-12-23T01:17:43.543Z,GA 07 G 7667-CUR(WATER BOUSER),15.1454033,73.99108,0,STOP,"Shri Shantadurga fatarpekarin Temple, Fatorpa, Cuncolim, Goa (SW)",Fire Station Curchorem
2025-12-23T01:17:43.543Z,GA 07 G 4989-KUN(WATER TENDER),15.4630467,73.97251,0,STOP,At Fire Station Kundaim,Fire Station Kundaim
2025-12-23T01:17:43.543Z,GA 07 G 2242-PIL(WATER TENDER),15.5328322,73.7941056,0,STOP,At Fire Station Pilerne,Fire Station Pilerne
2025-12-23T01:17:43.543Z,GA 07 G 0681-MAP(QUICK RESPONSE),15.589775,73.8087733,0,STOP,At Fire Station Mapusa,Fire Station Mapusa
2025-12-23T01:17:43.543Z,GA 07 G 0307-PER(QUICK RESPONSE),15.7164939,73.7974239,0,INACTIVE,At Fire Station Pernem,Fire Station Pernem
2025-12-23T01:17:43.543Z,GA 07 G 2101-PER(MS WATER TENDER),15.7163717,73.7975772,0,STOP,At Fire Station Pernem,Fire Station Pernem
2025-12-23T01:17:43.543Z,GA 07 G 4600-PER(MINI RESCUE TENDER),15.7165206,73.7975167,0,STOP,At Fire Station Pernem,Fire Station Pernem
2025-12-23T01:17:43.543Z,GA 07 G 7272-PNJ(WATER TENDER),15.4877517,73.8175178,0,STOP,"Goa College of Home Science, Dayanand Bandodkar Road, Opposite Parade Ground Campal,, Panaji, Goa (SE)",Fire Station Panaji
2025-12-23T01:17:43.543Z,GA07G2384- Cuncolim,15.1862206,74.0209944,0,STOP,At Fire Station Cuncolim,Fire Station Cuncolim
2025-12-23T01:17:43.543Z,GA07G2507 - Mid Size (Water Tender),15.7164733,73.7974933,0,STOP,At Fire Station Pernem,Fire Station Pernem
2025-12-23T01:17:43.543Z,GA07G2505 - Mid Size (Water Tender),15.530985,74.13868,0,STOP,At Fire Station Valpoi ,Fire Station Valpoi
2025-12-23T01:17:43.543Z,GA07G2504 - Mid Size (Water Tender),15.5890983,73.9465083,0,STOP,At Fire Station Bicholim ,Fire Station Bicholim
2025-12-23T01:17:43.543Z,GA07G2503-Mid Size (Water Tender),15.5900233,73.80865,0,STOP,At Fire Station Mapusa,Fire Station Mapusa
2025-12-23T01:17:43.543Z,GA07G2502 - Mid Size (Water Tender),15.4870233,73.8172283,0,STOP,"Caculo Mall, 16 Shanta, St Inez Rd, Caculo Enclave, Santa Inez, Panaji, Goa (NW)",Fire Force Headquarters
2025-12-23T01:18:44.118Z,GA 07 G 0680-PIL(QUICK RESPONSE VEHICLE),15.5329733,73.7939283,0,STOP,At Fire Station Pilerne,Fire Station Pilerne
2025-12-23T01:18:44.118Z,GA07G2506 - Mid Size (Water Tender),15.500348,73.914085,0,INACTIVE,At Fire Station Old Goa,Fire Station Old Goa
2025-12-23T01:18:44.118Z,GA 07 G 5115-POR(MINI WATER TENDER),15.522988,73.829384,0,STOP,At Porvorim Fire Station,Fire Station Porvorim
2025-12-23T01:18:44.118Z,GA 07 G 0350-MRG(WATER TENDER),15.269428,73.970604,0,STOP,At Fire Station Margoa,Fire Station Margao
2025-12-23T01:18:44.118Z,GA 07 G 2900-MAP(MINI RESCUE TENDER),15.589908,73.808716,0,STOP,At Fire Station Mapusa,Fire Station Mapusa
2025-12-23T01:18:44.118Z,GA 07 G 7600-FFHQ(WATER BOUSER),15.487103,73.817108,0,STOP,"Caculo Mall, 16 Shanta, St Inez Rd, Caculo Enclave, Santa Inez, Panaji, Goa (NW)",Fire Force Headquarters
2025-12-23T01:18:44.118Z,GA 07 G 2002-FFHQ(TURN TABLE LADDER),15.48742,73.817375,0,STOP,"Caculo Mall, 16 Shanta, St Inez Rd, Caculo Enclave, Santa Inez, Panaji, Goa (NW)",Fire Force Headquarters
2025-12-23T01:18:44.118Z,GA 07 G 7101-FFHQ(WATER TENDER),15.486877,73.817055,0,STOP,"Caculo Mall, 16 Shanta, St Inez Rd, Caculo Enclave, Santa Inez, Panaji, Goa (NW)",Fire Force Headquarters
2025-12-23T01:18:44.118Z,GA 07 G 7677-FFHQ(EMERGENCY RESCUE),15.48719,73.817192,0,STOP,"Caculo Mall, 16 Shanta, St Inez Rd, Caculo Enclave, Santa Inez, Panaji, Goa (NW)",Fire Force Headquarters
2025-12-23T01:18:44.118Z,GA 07 G 1121-PNJ(EMERGENCY RESCUE),15.487292,73.817276,0,STOP,"Caculo Mall, 16 Shanta, St Inez Rd, Caculo Enclave, Santa Inez, Panaji, Goa (NW)",Fire Station Panaji
2025-12-23T01:18:44.118Z,GA 07 G 1571-FFHQ(QUICK RESPONSE),15.48666,73.817444,0,STOP,"Caculo Mall, 16 Shanta, St Inez Rd, Caculo Enclave, Santa Inez, Panaji, Goa (NW)",Fire Force Headquarters
2025-12-23T01:18:44.118Z,GA 07 G 8101-MAP(WATER TENDER),15.589937,73.80867,0,STOP,At Fire Station Mapusa,Fire Station Mapusa
2025-12-23T01:18:44.118Z,GA 07 G 2317-MRG(EMERGENCY RESCUE TENDER),15.2694216,73.9700516,1,STOP,At Fire Station Margoa,Fire Station Margao
2025-12-23T01:18:44.118Z,GA 07 G 1570-VAS(QUICK RESPONSE FIRE TENDER),15.3887783,73.8513266,0,STOP,At Fire Station Vasco,Fire Station Vasco
2025-12-23T01:18:44.118Z,GA 07 G 4101-VAS(MS WATER TENDER),15.3890783,73.85092,0,STOP,At Fire Station Vasco,Fire Station Vasco
2025-12-23T01:18:44.118Z,GA 07 G 0819-VAS(WATER/FOAM TENDER),15.3888217,73.8512367,0,IDLE,At Fire Station Vasco,Fire Station Vasco
2025-12-23T01:18:44.118Z,GA 07 G 7100-MRG(WATER BOUSER),15.2694566,73.97006,0,STOP,At Fire Station Margoa,Fire Station Margao
2025-12-23T01:18:44.118Z,GA 07 G 1568-MRG(QUICK RESPONSE ),15.269325,73.9706466,0,STOP,At Fire Station Margoa,Fire Station Margao
2025-12-23T01:18:44.118Z,GA 07 G 6101-MRG(WATER TENDER),15.2693733,73.9701416,0,STOP,At Fire Station Margoa,Fire Station Margao
2025-12-23T01:18:44.118Z,GA 07 G 1001-MRG(AERIAL LADDER PLATFORM),15.2695583,73.969735,0,STOP,At Fire Station Margoa,Fire Station Margao
2025-12-23T01:18:44.118Z,GA 07 G 0820-BIC(WATER TEDNER),15.4027094,74.0029172,0,STOP,At Fire Station Ponda ,Fire Station Bicholim
2025-12-23T01:18:44.118Z,GA 07 G 5101-OLG(MS WATER TENDER),15.5003033,73.91403,0,STOP,At Fire Station Old Goa,Fire Station Old Goa
2025-12-23T01:18:44.118Z,GA 07 G 3101-BIC(MS WATER TENDER),15.5893966,73.9467766,3,STOP,At Fire Station Bicholim ,Fire Station Bicholim
2025-12-23T01:18:44.118Z,GA 07 G 1941-BIC(QUICK RESPONSE),15.5894533,73.9467033,0,STOP,At Fire Station Bicholim ,Fire Station Bicholim
2025-12-23T01:18:44.118Z,GA 07 G 2319-VAS (EMERGENCY RESCUE TENDER),15.3901916,73.8524983,0,STOP,"near melisa garage,NSD, Dabolim, Goa (SW)",Fire Station Vasco
2025-12-23T01:18:44.118Z,GA 07 G 3737-VAP(WATER TENDER),15.53099,74.1387199,0,STOP,At Fire Station Valpoi ,Fire Station Valpoi
2025-12-23T01:18:44.118Z,GA 07 G 2318-PND(EMERGENCY RESCUE TENDER),15.4028416,74.0028083,0,STOP,At Fire Station Ponda ,Fire Station Ponda
2025-12-23T01:18:44.118Z,GA 07 G 2004-PND(QUICK RESPONSE),15.4026666,74.0028483,0,STOP,At Fire Station Ponda ,Fire Station Ponda
2025-12-23T01:18:44.118Z,GA 07 G 9101-PND(WATER TENDER),15.402745,74.0028816,0,STOP,At Fire Station Ponda ,Fire Station Ponda
2025-12-23T01:18:44.118Z,GA 07 G 9797-PND(WATER BOUSER),15.402635,74.00284,0,STOP,At Fire Station Ponda ,Fire Station Ponda
2025-12-23T01:18:44.118Z,GA 07 G 6363-CAN(WATER TENDER),15.0236183,74.0440433,0,INACTIVE,"Canacona, The Lalitrajbaga ,Canacona, Canacona, Goa (NE)",Fire Station Canacona
2025-12-23T01:18:44.118Z,GA 07 G 1567-CAN(QUICK RESPONSE FT),15.0171383,74.0398266,32,INACTIVE,"Canacona, The Lalitrajbaga ,Canacona, Canacona, Goa (SW)",Fire Station Canacona
2025-12-23T01:18:44.118Z,GA 07 G 1569-VRN(QUICK RESPONSE),15.3694583,73.9356766,0,STOP,At Fire Station Verna,Fire Station Verna
2025-12-23T01:18:44.118Z,GA 07 G 9909-VRN(ADVANCE MULTI-PURPOSE),15.3695866,73.9351966,0,STOP,At Fire Station Verna,Fire Station Verna
2025-12-23T01:18:44.118Z,GA 07 G 1942-VAP(QUICK RESPONSE),15.5311233,74.1388183,0,STOP,At Fire Station Valpoi ,Fire Station Valpoi
2025-12-23T01:18:44.118Z,GA 07 G 2003-CUR(QUICK RESPONSE),15.2603983,74.1037033,0,STOP,At Fire Station Curchorem,Fire Station Curchorem
2025-12-23T01:18:44.118Z,GA 07 G 7447-CUR(EMERGENCY RESCUE),15.26048,74.1037033,0,STOP,At Fire Station Curchorem,Fire Station Curchorem
2025-12-23T01:18:44.118Z,GA 07 G 7557-CUR(WATER TENDER),15.26045,74.10345,0,STOP,At Fire Station Curchorem,Fire Station Curchorem
2025-12-23T01:18:44.118Z,GA 07 G 7667-CUR(WATER BOUSER),15.1454033,73.99108,0,STOP,"Shri Shantadurga fatarpekarin Temple, Fatorpa, Cuncolim, Goa (SW)",Fire Station Curchorem
2025-12-23T01:18:44.118Z,GA 07 G 4989-KUN(WATER TENDER),15.463285,73.972135,0,STOP,At Fire Station Kundaim,Fire Station Kundaim
2025-12-23T01:18:44.118Z,GA 07 G 2242-PIL(WATER TENDER),15.5328322,73.7941056,0,STOP,At Fire Station Pilerne,Fire Station Pilerne
2025-12-23T01:18:44.118Z,GA 07 G 0681-MAP(QUICK RESPONSE),15.589775,73.8087733,0,STOP,At Fire Station Mapusa,Fire Station Mapusa
2025-12-23T01:18:44.118Z,GA 07 G 0307-PER(QUICK RESPONSE),15.7164939,73.7974239,0,INACTIVE,At Fire Station Pernem,Fire Station Pernem
2025-12-23T01:18:44.118Z,GA 07 G 2101-PER(MS WATER TENDER),15.7163717,73.7975772,0,STOP,At Fire Station Pernem,Fire Station Pernem
2025-12-23T01:18:44.118Z,GA 07 G 4600-PER(MINI RESCUE TENDER),15.7165206,73.7975167,0,STOP,At Fire Station Pernem,Fire Station Pernem
2025-12-23T01:18:44.118Z,GA 07 G 7272-PNJ(WATER TENDER),15.4877517,73.8175178,0,STOP,"Goa College of Home Science, Dayanand Bandodkar Road, Opposite Parade Ground Campal,, Panaji, Goa (SE)",Fire Station Panaji
2025-12-23T01:18:44.118Z,GA07G2384- Cuncolim,15.1862206,74.0209944,0,STOP,At Fire Station Cuncolim,Fire Station Cuncolim
2025-12-23T01:18:44.118Z,GA07G2507 - Mid Size (Water Tender),15.7164733,73.7974933,0,STOP,At Fire Station Pernem,Fire Station Pernem
2025-12-23T01:18:44.118Z,GA07G2505 - Mid Size (Water Tender),15.530985,74.13868,0,STOP,At Fire Station Valpoi ,Fire Station Valpoi
2025-12-23T01:18:44.118Z,GA07G2504 - Mid Size (Water Tender),15.5890983,73.9465083,0,STOP,At Fire Station Bicholim ,Fire Station Bicholim
2025-12-23T01:18:44.118Z,GA07G2503-Mid Size (Water Tender),15.5900233,73.80865,0,STOP,At Fire Station Mapusa,Fire Station Mapusa
2025-12-23T01:18:44.118Z,GA07G2502 - Mid Size (Water Tender),15.4870233,73.8172283,0,STOP,"Caculo Mall, 16 Shanta, St Inez Rd, Caculo Enclave, Santa Inez, Panaji, Goa (NW)",Fire Force Headquarters
2025-12-23T01:19:49.414Z,GA 07 G 0680-PIL(QUICK RESPONSE VEHICLE),15.5329733,73.7939283,0,STOP,At Fire Station Pilerne,Fire Station Pilerne
2025-12-23T01:19:49.414Z,GA07G2506 - Mid Size (Water Tender),15.500348,73.914085,0,INACTIVE,At Fire Station Old Goa,Fire Station Old Goa
2025-12-23T01:19:49.414Z,GA 07 G 5115-POR(MINI WATER TENDER),15.522988,73.829384,0,STOP,At Porvorim Fire Station,Fire Station Porvorim
2025-12-23T01:19:49.414Z,GA 07 G 0350-MRG(WATER TENDER),15.269428,73.970604,0,STOP,At Fire Station Margoa,Fire Station Margao
2025-12-23T01:19:49.414Z,GA 07 G 2900-MAP(MINI RESCUE TENDER),15.589908,73.808716,0,STOP,At Fire Station Mapusa,Fire Station Mapusa
2025-12-23T01:19:49.414Z,GA 07 G 7600-FFHQ(WATER BOUSER),15.487103,73.817108,0,STOP,"Caculo Mall, 16 Shanta, St Inez Rd, Caculo Enclave, Santa Inez, Panaji, Goa (NW)",Fire Force Headquarters
2025-12-23T01:19:49.414Z,GA 07 G 2002-FFHQ(TURN TABLE LADDER),15.48742,73.817375,0,STOP,"Caculo Mall, 16 Shanta, St Inez Rd, Caculo Enclave, Santa Inez, Panaji, Goa (NW)",Fire Force Headquarters
2025-12-23T01:19:49.414Z,GA 07 G 7101-FFHQ(WATER TENDER),15.486877,73.817055,0,STOP,"Caculo Mall, 16 Shanta, St Inez Rd, Caculo Enclave, Santa Inez, Panaji, Goa (NW)",Fire Force Headquarters
2025-12-23T01:19:49.414Z,GA 07 G 7677-FFHQ(EMERGENCY RESCUE),15.48719,73.817192,0,STOP,"Caculo Mall, 16 Shanta, St Inez Rd, Caculo Enclave, Santa Inez, Panaji, Goa (NW)",Fire Force Headquarters
2025-12-23T01:19:49.414Z,GA 07 G 1121-PNJ(EMERGENCY RESCUE),15.487292,73.817276,0,STOP,"Caculo Mall, 16 Shanta, St Inez Rd, Caculo Enclave, Santa Inez, Panaji, Goa (NW)",Fire Station Panaji
2025-12-23T01:19:49.414Z,GA 07 G 1571-FFHQ(QUICK RESPONSE),15.48666,73.817444,0,STOP,"Caculo Mall, 16 Shanta, St Inez Rd, Caculo Enclave, Santa Inez, Panaji, Goa (NW)",Fire Force Headquarters
2025-12-23T01:19:49.414Z,GA 07 G 8101-MAP(WATER TENDER),15.589937,73.80867,0,STOP,At Fire Station Mapusa,Fire Station Mapusa
2025-12-23T01:19:49.414Z,GA 07 G 2317-MRG(EMERGENCY RESCUE TENDER),15.2693749,73.9699133,0,STOP,At Fire Station Margoa,Fire Station Margao
2025-12-23T01:19:49.414Z,GA 07 G 1570-VAS(QUICK RESPONSE FIRE TENDER),15.3887783,73.8513266,0,STOP,At Fire Station Vasco,Fire Station Vasco
2025-12-23T01:19:49.414Z,GA 07 G 4101-VAS(MS WATER TENDER),15.3890783,73.85092,0,STOP,At Fire Station Vasco,Fire Station Vasco
2025-12-23T01:19:49.414Z,GA 07 G 0819-VAS(WATER/FOAM TENDER),15.3888217,73.8512367,0,IDLE,At Fire Station Vasco,Fire Station Vasco
2025-12-23T01:19:49.414Z,GA 07 G 7100-MRG(WATER BOUSER),15.2694566,73.97006,0,STOP,At Fire Station Margoa,Fire Station Margao
2025-12-23T01:19:49.414Z,GA 07 G 1568-MRG(QUICK RESPONSE ),15.269325,73.9706466,0,STOP,At Fire Station Margoa,Fire Station Margao
2025-12-23T01:19:49.414Z,GA 07 G 6101-MRG(WATER TENDER),15.2693733,73.9701416,0,STOP,At Fire Station Margoa,Fire Station Margao
2025-12-23T01:19:49.414Z,GA 07 G 1001-MRG(AERIAL LADDER PLATFORM),15.2695583,73.969735,0,STOP,At Fire Station Margoa,Fire Station Margao
2025-12-23T01:19:49.414Z,GA 07 G 0820-BIC(WATER TEDNER),15.4027094,74.0029172,0,STOP,At Fire Station Ponda ,Fire Station Bicholim
2025-12-23T01:19:49.414Z,GA 07 G 5101-OLG(MS WATER TENDER),15.5003033,73.91403,0,STOP,At Fire Station Old Goa,Fire Station Old Goa
2025-12-23T01:19:49.414Z,GA 07 G 3101-BIC(MS WATER TENDER),15.5893966,73.9467766,0,STOP,At Fire Station Bicholim ,Fire Station Bicholim
2025-12-23T01:19:49.414Z,GA 07 G 1941-BIC(QUICK RESPONSE),15.5894533,73.9467033,0,STOP,At Fire Station Bicholim ,Fire Station Bicholim
2025-12-23T01:19:49.414Z,GA 07 G 2319-VAS (EMERGENCY RESCUE TENDER),15.3901916,73.8524983,0,STOP,"near melisa garage,NSD, Dabolim, Goa (SW)",Fire Station Vasco
2025-12-23T01:19:49.414Z,GA 07 G 3737-VAP(WATER TENDER),15.53099,74.1387199,0,STOP,At Fire Station Valpoi ,Fire Station Valpoi
2025-12-23T01:19:49.414Z,GA 07 G 2318-PND(EMERGENCY RESCUE TENDER),15.4028416,74.0028083,0,STOP,At Fire Station Ponda ,Fire Station Ponda
2025-12-23T01:19:49.414Z,GA 07 G 2004-PND(QUICK RESPONSE),15.4026666,74.0028483,0,STOP,At Fire Station Ponda ,Fire Station Ponda
2025-12-23T01:19:49.414Z,GA 07 G 9101-PND(WATER TENDER),15.402745,74.0028816,0,STOP,At Fire Station Ponda ,Fire Station Ponda
2025-12-23T01:19:49.414Z,GA 07 G 9797-PND(WATER BOUSER),15.402635,74.00284,0,STOP,At Fire Station Ponda ,Fire Station Ponda
2025-12-23T01:19:49.414Z,GA 07 G 6363-CAN(WATER TENDER),15.0236183,74.0440433,0,INACTIVE,"Canacona, The Lalitrajbaga ,Canacona, Canacona, Goa (NE)",Fire Station Canacona
2025-12-23T01:19:49.414Z,GA 07 G 1567-CAN(QUICK RESPONSE FT),15.0171383,74.0398266,32,INACTIVE,"Canacona, The Lalitrajbaga ,Canacona, Canacona, Goa (SW)",Fire Station Canacona
2025-12-23T01:19:49.414Z,GA 07 G 1569-VRN(QUICK RESPONSE),15.3694583,73.9356766,0,STOP,At Fire Station Verna,Fire Station Verna
2025-12-23T01:19:49.414Z,GA 07 G 9909-VRN(ADVANCE MULTI-PURPOSE),15.3695866,73.9351966,0,STOP,At Fire Station Verna,Fire Station Verna
2025-12-23T01:19:49.414Z,GA 07 G 1942-VAP(QUICK RESPONSE),15.5311233,74.1388183,0,STOP,At Fire Station Valpoi ,Fire Station Valpoi
2025-12-23T01:19:49.414Z,GA 07 G 2003-CUR(QUICK RESPONSE),15.2603983,74.1037033,0,STOP,At Fire Station Curchorem,Fire Station Curchorem
2025-12-23T01:19:49.414Z,GA 07 G 7447-CUR(EMERGENCY RESCUE),15.26048,74.1037033,0,STOP,At Fire Station Curchorem,Fire Station Curchorem
2025-12-23T01:19:49.414Z,GA 07 G 7557-CUR(WATER TENDER),15.26045,74.10345,0,STOP,At Fire Station Curchorem,Fire Station Curchorem
2025-12-23T01:19:49.414Z,GA 07 G 7667-CUR(WATER BOUSER),15.1454033,73.99108,0,STOP,"Shri Shantadurga fatarpekarin Temple, Fatorpa, Cuncolim, Goa (SW)",Fire Station Curchorem
2025-12-23T01:19:49.414Z,GA 07 G 4989-KUN(WATER TENDER),15.4630317,73.9725183,0,STOP,At Fire Station Kundaim,Fire Station Kundaim
2025-12-23T01:19:49.414Z,GA 07 G 2242-PIL(WATER TENDER),15.5328322,73.7941056,0,STOP,At Fire Station Pilerne,Fire Station Pilerne
2025-12-23T01:19:49.414Z,GA 07 G 0681-MAP(QUICK RESPONSE),15.589775,73.8087733,0,STOP,At Fire Station Mapusa,Fire Station Mapusa
2025-12-23T01:19:49.414Z,GA 07 G 0307-PER(QUICK RESPONSE),15.7164939,73.7974239,0,INACTIVE,At Fire Station Pernem,Fire Station Pernem
2025-12-23T01:19:49.414Z,GA 07 G 2101-PER(MS WATER TENDER),15.7163717,73.7975772,0,STOP,At Fire Station Pernem,Fire Station Pernem
2025-12-23T01:19:49.414Z,GA 07 G 4600-PER(MINI RESCUE TENDER),15.7165206,73.7975167,0,STOP,At Fire Station Pernem,Fire Station Pernem
2025-12-23T01:19:49.414Z,GA 07 G 7272-PNJ(WATER TENDER),15.4877517,73.8175178,0,STOP,"Goa College of Home Science, Dayanand Bandodkar Road, Opposite Parade Ground Campal,, Panaji, Goa (SE)",Fire Station Panaji
2025-12-23T01:19:49.414Z,GA07G2384- Cuncolim,15.1862206,74.0209944,0,STOP,At Fire Station Cuncolim,Fire Station Cuncolim
2025-12-23T01:19:49.414Z,GA07G2507 - Mid Size (Water Tender),15.7164733,73.7974933,0,STOP,At Fire Station Pernem,Fire Station Pernem
2025-12-23T01:19:49.414Z,GA07G2505 - Mid Size (Water Tender),15.530985,74.13868,0,STOP,At Fire Station Valpoi ,Fire Station Valpoi
2025-12-23T01:19:49.414Z,GA07G2504 - Mid Size (Water Tender),15.5890983,73.9465083,0,STOP,At Fire Station Bicholim ,Fire Station Bicholim
2025-12-23T01:19:49.414Z,GA07G2503-Mid Size (Water Tender),15.5900233,73.80865,0,STOP,At Fire Station Mapusa,Fire Station Mapusa
2025-12-23T01:19:49.414Z,GA07G2502 - Mid Size (Water Tender),15.4870233,73.8172283,0,STOP,"Caculo Mall, 16 Shanta, St Inez Rd, Caculo Enclave, Santa Inez, Panaji, Goa (NW)",Fire Force Headquarters
2025-12-23T01:20:49.083Z,GA 07 G 0680-PIL(QUICK RESPONSE VEHICLE),15.5329733,73.7939283,0,STOP,At Fire Station Pilerne,Fire Station Pilerne
2025-12-23T01:20:49.083Z,GA07G2506 - Mid Size (Water Tender),15.500348,73.914085,0,INACTIVE,At Fire Station Old Goa,Fire Station Old Goa
2025-12-23T01:20:49.083Z,GA 07 G 5115-POR(MINI WATER TENDER),15.522988,73.829384,0,STOP,At Porvorim Fire Station,Fire Station Porvorim
2025-12-23T01:20:49.083Z,GA 07 G 0350-MRG(WATER TENDER),15.269428,73.970604,0,STOP,At Fire Station Margoa,Fire Station Margao
2025-12-23T01:20:49.083Z,GA 07 G 2900-MAP(MINI RESCUE TENDER),15.589908,73.808716,0,STOP,At Fire Station Mapusa,Fire Station Mapusa
2025-12-23T01:20:49.083Z,GA 07 G 7600-FFHQ(WATER BOUSER),15.487103,73.817108,0,STOP,"Caculo Mall, 16 Shanta, St Inez Rd, Caculo Enclave, Santa Inez, Panaji, Goa (NW)",Fire Force Headquarters
2025-12-23T01:20:49.083Z,GA 07 G 2002-FFHQ(TURN TABLE LADDER),15.48742,73.817375,0,STOP,"Caculo Mall, 16 Shanta, St Inez Rd, Caculo Enclave, Santa Inez, Panaji, Goa (NW)",Fire Force Headquarters
2025-12-23T01:20:49.083Z,GA 07 G 7101-FFHQ(WATER TENDER),15.486877,73.817055,0,STOP,"Caculo Mall, 16 Shanta, St Inez Rd, Caculo Enclave, Santa Inez, Panaji, Goa (NW)",Fire Force Headquarters
2025-12-23T01:20:49.083Z,GA 07 G 7677-FFHQ(EMERGENCY RESCUE),15.48719,73.817192,0,STOP,"Caculo Mall, 16 Shanta, St Inez Rd, Caculo Enclave, Santa Inez, Panaji, Goa (NW)",Fire Force Headquarters
2025-12-23T01:20:49.083Z,GA 07 G 1121-PNJ(EMERGENCY RESCUE),15.487292,73.817276,0,STOP,"Caculo Mall, 16 Shanta, St Inez Rd, Caculo Enclave, Santa Inez, Panaji, Goa (NW)",Fire Station Panaji
2025-12-23T01:20:49.083Z,GA 07 G 1571-FFHQ(QUICK RESPONSE),15.48666,73.817444,0,STOP,"Caculo Mall, 16 Shanta, St Inez Rd, Caculo Enclave, Santa Inez, Panaji, Goa (NW)",Fire Force Headquarters
2025-12-23T01:20:49.083Z,GA 07 G 8101-MAP(WATER TENDER),15.589937,73.80867,0,STOP,At Fire Station Mapusa,Fire Station Mapusa
2025-12-23T01:20:49.083Z,GA 07 G 2317-MRG(EMERGENCY RESCUE TENDER),15.26946,73.9700933,0,STOP,At Fire Station Margoa,Fire Station Margao
2025-12-23T01:20:49.083Z,GA 07 G 1570-VAS(QUICK RESPONSE FIRE TENDER),15.3887783,73.8513266,0,STOP,At Fire Station Vasco,Fire Station Vasco
2025-12-23T01:20:49.083Z,GA 07 G 4101-VAS(MS WATER TENDER),15.3890783,73.85092,0,STOP,At Fire Station Vasco,Fire Station Vasco
2025-12-23T01:20:49.083Z,GA 07 G 0819-VAS(WATER/FOAM TENDER),15.3888217,73.8512367,0,IDLE,At Fire Station Vasco,Fire Station Vasco
2025-12-23T01:20:49.083Z,GA 07 G 7100-MRG(WATER BOUSER),15.2694566,73.97006,0,STOP,At Fire Station Margoa,Fire Station Margao
2025-12-23T01:20:49.083Z,GA 07 G 1568-MRG(QUICK RESPONSE ),15.269325,73.9706466,0,STOP,At Fire Station Margoa,Fire Station Margao
2025-12-23T01:20:49.083Z,GA 07 G 6101-MRG(WATER TENDER),15.2693733,73.9701416,0,STOP,At Fire Station Margoa,Fire Station Margao
2025-12-23T01:20:49.083Z,GA 07 G 1001-MRG(AERIAL LADDER PLATFORM),15.2695583,73.969735,0,STOP,At Fire Station Margoa,Fire Station Margao
2025-12-23T01:20:49.083Z,GA 07 G 0820-BIC(WATER TEDNER),15.4027094,74.0029172,0,STOP,At Fire Station Ponda ,Fire Station Bicholim
2025-12-23T01:20:49.083Z,GA 07 G 5101-OLG(MS WATER TENDER),15.5003033,73.91403,0,STOP,At Fire Station Old Goa,Fire Station Old Goa
2025-12-23T01:20:49.083Z,GA 07 G 3101-BIC(MS WATER TENDER),15.5893966,73.9467766,0,STOP,At Fire Station Bicholim ,Fire Station Bicholim
2025-12-23T01:20:49.083Z,GA 07 G 1941-BIC(QUICK RESPONSE),15.5894533,73.9467033,0,STOP,At Fire Station Bicholim ,Fire Station Bicholim
2025-12-23T01:20:49.083Z,GA 07 G 2319-VAS (EMERGENCY RESCUE TENDER),15.3901916,73.8524983,0,STOP,"near melisa garage,NSD, Dabolim, Goa (SW)",Fire Station Vasco
2025-12-23T01:20:49.083Z,GA 07 G 3737-VAP(WATER TENDER),15.53099,74.1387199,0,STOP,At Fire Station Valpoi ,Fire Station Valpoi
2025-12-23T01:20:49.083Z,GA 07 G 2318-PND(EMERGENCY RESCUE TENDER),15.4028416,74.0028083,0,STOP,At Fire Station Ponda ,Fire Station Ponda
2025-12-23T01:20:49.083Z,GA 07 G 2004-PND(QUICK RESPONSE),15.4026666,74.0028483,0,STOP,At Fire Station Ponda ,Fire Station Ponda
2025-12-23T01:20:49.083Z,GA 07 G 9101-PND(WATER TENDER),15.402745,74.0028816,0,STOP,At Fire Station Ponda ,Fire Station Ponda
2025-12-23T01:20:49.083Z,GA 07 G 9797-PND(WATER BOUSER),15.402635,74.00284,0,STOP,At Fire Station Ponda ,Fire Station Ponda
2025-12-23T01:20:49.083Z,GA 07 G 6363-CAN(WATER TENDER),15.0236183,74.0440433,0,INACTIVE,"Canacona, The Lalitrajbaga ,Canacona, Canacona, Goa (NE)",Fire Station Canacona
2025-12-23T01:20:49.083Z,GA 07 G 1567-CAN(QUICK RESPONSE FT),15.0171383,74.0398266,32,INACTIVE,"Canacona, The Lalitrajbaga ,Canacona, Canacona, Goa (SW)",Fire Station Canacona
2025-12-23T01:20:49.083Z,GA 07 G 1569-VRN(QUICK RESPONSE),15.3694583,73.9356766,0,STOP,At Fire Station Verna,Fire Station Verna
2025-12-23T01:20:49.083Z,GA 07 G 9909-VRN(ADVANCE MULTI-PURPOSE),15.3695866,73.9351966,0,STOP,At Fire Station Verna,Fire Station Verna
2025-12-23T01:20:49.083Z,GA 07 G 1942-VAP(QUICK RESPONSE),15.5311233,74.1388183,0,STOP,At Fire Station Valpoi ,Fire Station Valpoi
2025-12-23T01:20:49.083Z,GA 07 G 2003-CUR(QUICK RESPONSE),15.2603983,74.1037033,0,STOP,At Fire Station Curchorem,Fire Station Curchorem
2025-12-23T01:20:49.083Z,GA 07 G 7447-CUR(EMERGENCY RESCUE),15.26048,74.1037033,0,STOP,At Fire Station Curchorem,Fire Station Curchorem
2025-12-23T01:20:49.083Z,GA 07 G 7557-CUR(WATER TENDER),15.26045,74.10345,0,STOP,At Fire Station Curchorem,Fire Station Curchorem
2025-12-23T01:20:49.083Z,GA 07 G 7667-CUR(WATER BOUSER),15.1454033,73.99108,0,STOP,"Shri Shantadurga fatarpekarin Temple, Fatorpa, Cuncolim, Goa (SW)",Fire Station Curchorem
2025-12-23T01:20:49.083Z,GA 07 G 4989-KUN(WATER TENDER),15.4630317,73.9725183,0,STOP,At Fire Station Kundaim,Fire Station Kundaim
2025-12-23T01:20:49.083Z,GA 07 G 2242-PIL(WATER TENDER),15.5328322,73.7941056,0,STOP,At Fire Station Pilerne,Fire Station Pilerne
2025-12-23T01:20:49.083Z,GA 07 G 0681-MAP(QUICK RESPONSE),15.589775,73.8087733,0,STOP,At Fire Station Mapusa,Fire Station Mapusa
2025-12-23T01:20:49.083Z,GA 07 G 0307-PER(QUICK RESPONSE),15.7164939,73.7974239,0,INACTIVE,At Fire Station Pernem,Fire Station Pernem
2025-12-23T01:20:49.083Z,GA 07 G 2101-PER(MS WATER TENDER),15.7163717,73.7975772,0,STOP,At Fire Station Pernem,Fire Station Pernem
2025-12-23T01:20:49.083Z,GA 07 G 4600-PER(MINI RESCUE TENDER),15.7165206,73.7975167,0,STOP,At Fire Station Pernem,Fire Station Pernem
2025-12-23T01:20:49.083Z,GA 07 G 7272-PNJ(WATER TENDER),15.4877517,73.8175178,0,STOP,"Goa College of Home Science, Dayanand Bandodkar Road, Opposite Parade Ground Campal,, Panaji, Goa (SE)",Fire Station Panaji
2025-12-23T01:20:49.083Z,GA07G2384- Cuncolim,15.1862206,74.0209944,0,STOP,At Fire Station Cuncolim,Fire Station Cuncolim
2025-12-23T01:20:49.083Z,GA07G2507 - Mid Size (Water Tender),15.7164733,73.7974933,0,STOP,At Fire Station Pernem,Fire Station Pernem
2025-12-23T01:20:49.083Z,GA07G2505 - Mid Size (Water Tender),15.530985,74.13868,0,STOP,At Fire Station Valpoi ,Fire Station Valpoi
2025-12-23T01:20:49.083Z,GA07G2504 - Mid Size (Water Tender),15.5890983,73.9465083,0,STOP,At Fire Station Bicholim ,Fire Station Bicholim
2025-12-23T01:20:49.083Z,GA07G2503-Mid Size (Water Tender),15.5900233,73.80865,0,STOP,At Fire Station Mapusa,Fire Station Mapusa
2025-12-23T01:20:49.083Z,GA07G2502 - Mid Size (Water Tender),15.4870233,73.8172283,0,STOP,"Caculo Mall, 16 Shanta, St Inez Rd, Caculo Enclave, Santa Inez, Panaji, Goa (NW)",Fire Force Headquarters
2025-12-23T01:21:45.736Z,GA 07 G 0680-PIL(QUICK RESPONSE VEHICLE),15.5329733,73.7939283,0,STOP,At Fire Station Pilerne,Fire Station Pilerne
2025-12-23T01:21:45.736Z,GA07G2506 - Mid Size (Water Tender),15.500348,73.914085,0,INACTIVE,At Fire Station Old Goa,Fire Station Old Goa
2025-12-23T01:21:45.736Z,GA 07 G 5115-POR(MINI WATER TENDER),15.522988,73.829384,0,STOP,At Porvorim Fire Station,Fire Station Porvorim
2025-12-23T01:21:45.736Z,GA 07 G 0350-MRG(WATER TENDER),15.269428,73.970604,0,STOP,At Fire Station Margoa,Fire Station Margao
2025-12-23T01:21:45.736Z,GA 07 G 2900-MAP(MINI RESCUE TENDER),15.589908,73.808716,0,STOP,At Fire Station Mapusa,Fire Station Mapusa
2025-12-23T01:21:45.736Z,GA 07 G 7600-FFHQ(WATER BOUSER),15.487103,73.817108,0,STOP,"Caculo Mall, 16 Shanta, St Inez Rd, Caculo Enclave, Santa Inez, Panaji, Goa (NW)",Fire Force Headquarters
2025-12-23T01:21:45.736Z,GA 07 G 2002-FFHQ(TURN TABLE LADDER),15.48742,73.817375,0,STOP,"Caculo Mall, 16 Shanta, St Inez Rd, Caculo Enclave, Santa Inez, Panaji, Goa (NW)",Fire Force Headquarters
2025-12-23T01:21:45.736Z,GA 07 G 7101-FFHQ(WATER TENDER),15.486877,73.817055,0,STOP,"Caculo Mall, 16 Shanta, St Inez Rd, Caculo Enclave, Santa Inez, Panaji, Goa (NW)",Fire Force Headquarters
2025-12-23T01:21:45.736Z,GA 07 G 7677-FFHQ(EMERGENCY RESCUE),15.48719,73.817192,0,STOP,"Caculo Mall, 16 Shanta, St Inez Rd, Caculo Enclave, Santa Inez, Panaji, Goa (NW)",Fire Force Headquarters
2025-12-23T01:21:45.736Z,GA 07 G 1121-PNJ(EMERGENCY RESCUE),15.487292,73.817276,0,STOP,"Caculo Mall, 16 Shanta, St Inez Rd, Caculo Enclave, Santa Inez, Panaji, Goa (NW)",Fire Station Panaji
2025-12-23T01:21:45.736Z,GA 07 G 1571-FFHQ(QUICK RESPONSE),15.48666,73.817444,0,STOP,"Caculo Mall, 16 Shanta, St Inez Rd, Caculo Enclave, Santa Inez, Panaji, Goa (NW)",Fire Force Headquarters
2025-12-23T01:21:45.736Z,GA 07 G 8101-MAP(WATER TENDER),15.589937,73.80867,0,STOP,At Fire Station Mapusa,Fire Station Mapusa
2025-12-23T01:21:45.736Z,GA 07 G 2317-MRG(EMERGENCY RESCUE TENDER),15.26946,73.9700933,0,STOP,At Fire Station Margoa,Fire Station Margao
2025-12-23T01:21:45.736Z,GA 07 G 1570-VAS(QUICK RESPONSE FIRE TENDER),15.3887783,73.8513266,0,STOP,At Fire Station Vasco,Fire Station Vasco
2025-12-23T01:21:45.736Z,GA 07 G 4101-VAS(MS WATER TENDER),15.3890783,73.85092,0,STOP,At Fire Station Vasco,Fire Station Vasco
2025-12-23T01:21:45.736Z,GA 07 G 0819-VAS(WATER/FOAM TENDER),15.3888217,73.8512367,0,IDLE,At Fire Station Vasco,Fire Station Vasco
2025-12-23T01:21:45.736Z,GA 07 G 7100-MRG(WATER BOUSER),15.2694566,73.97006,0,STOP,At Fire Station Margoa,Fire Station Margao
2025-12-23T01:21:45.736Z,GA 07 G 1568-MRG(QUICK RESPONSE ),15.269325,73.9706466,0,STOP,At Fire Station Margoa,Fire Station Margao
2025-12-23T01:21:45.736Z,GA 07 G 6101-MRG(WATER TENDER),15.2693733,73.9701416,0,STOP,At Fire Station Margoa,Fire Station Margao
2025-12-23T01:21:45.736Z,GA 07 G 1001-MRG(AERIAL LADDER PLATFORM),15.2695583,73.969735,0,STOP,At Fire Station Margoa,Fire Station Margao
2025-12-23T01:21:45.736Z,GA 07 G 0820-BIC(WATER TEDNER),15.4027094,74.0029172,0,STOP,At Fire Station Ponda ,Fire Station Bicholim
2025-12-23T01:21:45.736Z,GA 07 G 5101-OLG(MS WATER TENDER),15.5003033,73.91403,0,STOP,At Fire Station Old Goa,Fire Station Old Goa
2025-12-23T01:21:45.736Z,GA 07 G 3101-BIC(MS WATER TENDER),15.5893966,73.9467766,0,STOP,At Fire Station Bicholim ,Fire Station Bicholim
2025-12-23T01:21:45.736Z,GA 07 G 1941-BIC(QUICK RESPONSE),15.5894533,73.9467033,0,STOP,At Fire Station Bicholim ,Fire Station Bicholim
2025-12-23T01:21:45.736Z,GA 07 G 2319-VAS (EMERGENCY RESCUE TENDER),15.3901916,73.8524983,0,STOP,"near melisa garage,NSD, Dabolim, Goa (SW)",Fire Station Vasco
2025-12-23T01:21:45.736Z,GA 07 G 3737-VAP(WATER TENDER),15.53099,74.1387199,0,STOP,At Fire Station Valpoi ,Fire Station Valpoi
2025-12-23T01:21:45.736Z,GA 07 G 2318-PND(EMERGENCY RESCUE TENDER),15.4028416,74.0028083,0,STOP,At Fire Station Ponda ,Fire Station Ponda
2025-12-23T01:21:45.736Z,GA 07 G 2004-PND(QUICK RESPONSE),15.4026666,74.0028483,0,STOP,At Fire Station Ponda ,Fire Station Ponda
2025-12-23T01:21:45.736Z,GA 07 G 9101-PND(WATER TENDER),15.402745,74.0028816,0,STOP,At Fire Station Ponda ,Fire Station Ponda
2025-12-23T01:21:45.736Z,GA 07 G 9797-PND(WATER BOUSER),15.402635,74.00284,0,STOP,At Fire Station Ponda ,Fire Station Ponda
2025-12-23T01:21:45.736Z,GA 07 G 6363-CAN(WATER TENDER),15.0236183,74.0440433,0,INACTIVE,"Canacona, The Lalitrajbaga ,Canacona, Canacona, Goa (NE)",Fire Station Canacona
2025-12-23T01:21:45.736Z,GA 07 G 1567-CAN(QUICK RESPONSE FT),15.0171383,74.0398266,32,INACTIVE,"Canacona, The Lalitrajbaga ,Canacona, Canacona, Goa (SW)",Fire Station Canacona
2025-12-23T01:21:45.736Z,GA 07 G 1569-VRN(QUICK RESPONSE),15.3694583,73.9356766,0,STOP,At Fire Station Verna,Fire Station Verna
2025-12-23T01:21:45.736Z,GA 07 G 9909-VRN(ADVANCE MULTI-PURPOSE),15.3695866,73.9351966,0,STOP,At Fire Station Verna,Fire Station Verna
2025-12-23T01:21:45.736Z,GA 07 G 1942-VAP(QUICK RESPONSE),15.5311233,74.1388183,0,STOP,At Fire Station Valpoi ,Fire Station Valpoi
2025-12-23T01:21:45.736Z,GA 07 G 2003-CUR(QUICK RESPONSE),15.2603983,74.1037033,0,STOP,At Fire Station Curchorem,Fire Station Curchorem
2025-12-23T01:21:45.736Z,GA 07 G 7447-CUR(EMERGENCY RESCUE),15.26048,74.1037033,0,STOP,At Fire Station Curchorem,Fire Station Curchorem
2025-12-23T01:21:45.736Z,GA 07 G 7557-CUR(WATER TENDER),15.26045,74.10345,0,STOP,At Fire Station Curchorem,Fire Station Curchorem
2025-12-23T01:21:45.736Z,GA 07 G 7667-CUR(WATER BOUSER),15.1454033,73.99108,0,STOP,"Shri Shantadurga fatarpekarin Temple, Fatorpa, Cuncolim, Goa (SW)",Fire Station Curchorem
2025-12-23T01:21:45.736Z,GA 07 G 4989-KUN(WATER TENDER),15.4630317,73.9725183,0,STOP,At Fire Station Kundaim,Fire Station Kundaim
2025-12-23T01:21:45.736Z,GA 07 G 2242-PIL(WATER TENDER),15.5328322,73.7941056,0,STOP,At Fire Station Pilerne,Fire Station Pilerne
2025-12-23T01:21:45.736Z,GA 07 G 0681-MAP(QUICK RESPONSE),15.589775,73.8087733,0,STOP,At Fire Station Mapusa,Fire Station Mapusa
2025-12-23T01:21:45.736Z,GA 07 G 0307-PER(QUICK RESPONSE),15.7164939,73.7974239,0,INACTIVE,At Fire Station Pernem,Fire Station Pernem
2025-12-23T01:21:45.736Z,GA 07 G 2101-PER(MS WATER TENDER),15.7163717,73.7975772,0,STOP,At Fire Station Pernem,Fire Station Pernem
2025-12-23T01:21:45.736Z,GA 07 G 4600-PER(MINI RESCUE TENDER),15.7165206,73.7975167,0,STOP,At Fire Station Pernem,Fire Station Pernem
2025-12-23T01:21:45.736Z,GA 07 G 7272-PNJ(WATER TENDER),15.4877517,73.8175178,0,STOP,"Goa College of Home Science, Dayanand Bandodkar Road, Opposite Parade Ground Campal,, Panaji, Goa (SE)",Fire Station Panaji
2025-12-23T01:21:45.736Z,GA07G2384- Cuncolim,15.1862206,74.0209944,0,STOP,At Fire Station Cuncolim,Fire Station Cuncolim
2025-12-23T01:21:45.736Z,GA07G2507 - Mid Size (Water Tender),15.7164733,73.7974933,0,STOP,At Fire Station Pernem,Fire Station Pernem
2025-12-23T01:21:45.736Z,GA07G2505 - Mid Size (Water Tender),15.530985,74.13868,0,STOP,At Fire Station Valpoi ,Fire Station Valpoi
2025-12-23T01:21:45.736Z,GA07G2504 - Mid Size (Water Tender),15.5890983,73.9465083,0,STOP,At Fire Station Bicholim ,Fire Station Bicholim
2025-12-23T01:21:45.736Z,GA07G2503-Mid Size (Water Tender),15.5900233,73.80865,0,STOP,At Fire Station Mapusa,Fire Station Mapusa
2025-12-23T01:21:45.736Z,GA07G2502 - Mid Size (Water Tender),15.4870233,73.8172283,0,STOP,"Caculo Mall, 16 Shanta, St Inez Rd, Caculo Enclave, Santa Inez, Panaji, Goa (NW)",Fire Force Headquarters
2025-12-23T01:22:40.735Z,GA 07 G 0680-PIL(QUICK RESPONSE VEHICLE),15.5329733,73.7939283,0,STOP,At Fire Station Pilerne,Fire Station Pilerne
2025-12-23T01:22:40.735Z,GA07G2506 - Mid Size (Water Tender),15.500348,73.914085,0,INACTIVE,At Fire Station Old Goa,Fire Station Old Goa
2025-12-23T01:22:40.735Z,GA 07 G 5115-POR(MINI WATER TENDER),15.522988,73.829384,0,STOP,At Porvorim Fire Station,Fire Station Porvorim
2025-12-23T01:22:40.735Z,GA 07 G 0350-MRG(WATER TENDER),15.269428,73.970604,0,STOP,At Fire Station Margoa,Fire Station Margao
2025-12-23T01:22:40.735Z,GA 07 G 2900-MAP(MINI RESCUE TENDER),15.589908,73.808716,0,STOP,At Fire Station Mapusa,Fire Station Mapusa
2025-12-23T01:22:40.735Z,GA 07 G 7600-FFHQ(WATER BOUSER),15.487103,73.817108,0,STOP,"Caculo Mall, 16 Shanta, St Inez Rd, Caculo Enclave, Santa Inez, Panaji, Goa (NW)",Fire Force Headquarters
2025-12-23T01:22:40.735Z,GA 07 G 2002-FFHQ(TURN TABLE LADDER),15.48742,73.817375,0,STOP,"Caculo Mall, 16 Shanta, St Inez Rd, Caculo Enclave, Santa Inez, Panaji, Goa (NW)",Fire Force Headquarters
2025-12-23T01:22:40.735Z,GA 07 G 7101-FFHQ(WATER TENDER),15.486877,73.817055,0,STOP,"Caculo Mall, 16 Shanta, St Inez Rd, Caculo Enclave, Santa Inez, Panaji, Goa (NW)",Fire Force Headquarters
2025-12-23T01:22:40.735Z,GA 07 G 7677-FFHQ(EMERGENCY RESCUE),15.48719,73.817192,0,STOP,"Caculo Mall, 16 Shanta, St Inez Rd, Caculo Enclave, Santa Inez, Panaji, Goa (NW)",Fire Force Headquarters
2025-12-23T01:22:40.735Z,GA 07 G 1121-PNJ(EMERGENCY RESCUE),15.487292,73.817276,0,STOP,"Caculo Mall, 16 Shanta, St Inez Rd, Caculo Enclave, Santa Inez, Panaji, Goa (NW)",Fire Station Panaji
2025-12-23T01:22:40.735Z,GA 07 G 1571-FFHQ(QUICK RESPONSE),15.48666,73.817444,0,STOP,"Caculo Mall, 16 Shanta, St Inez Rd, Caculo Enclave, Santa Inez, Panaji, Goa (NW)",Fire Force Headquarters
2025-12-23T01:22:40.735Z,GA 07 G 8101-MAP(WATER TENDER),15.589937,73.80867,0,STOP,At Fire Station Mapusa,Fire Station Mapusa
2025-12-23T01:22:40.735Z,GA 07 G 2317-MRG(EMERGENCY RESCUE TENDER),15.26934,73.9700683,0,STOP,At Fire Station Margoa,Fire Station Margao
2025-12-23T01:22:40.735Z,GA 07 G 1570-VAS(QUICK RESPONSE FIRE TENDER),15.3887783,73.8513266,0,STOP,At Fire Station Vasco,Fire Station Vasco
2025-12-23T01:22:40.735Z,GA 07 G 4101-VAS(MS WATER TENDER),15.3890783,73.85092,0,STOP,At Fire Station Vasco,Fire Station Vasco
2025-12-23T01:22:40.735Z,GA 07 G 0819-VAS(WATER/FOAM TENDER),15.3888217,73.8512367,0,IDLE,At Fire Station Vasco,Fire Station Vasco
2025-12-23T01:22:40.735Z,GA 07 G 7100-MRG(WATER BOUSER),15.2694566,73.97006,0,STOP,At Fire Station Margoa,Fire Station Margao
2025-12-23T01:22:40.735Z,GA 07 G 1568-MRG(QUICK RESPONSE ),15.269325,73.9706466,0,STOP,At Fire Station Margoa,Fire Station Margao
2025-12-23T01:22:40.735Z,GA 07 G 6101-MRG(WATER TENDER),15.2693733,73.9701416,0,STOP,At Fire Station Margoa,Fire Station Margao
2025-12-23T01:22:40.735Z,GA 07 G 1001-MRG(AERIAL LADDER PLATFORM),15.2695583,73.969735,0,STOP,At Fire Station Margoa,Fire Station Margao
2025-12-23T01:22:40.735Z,GA 07 G 0820-BIC(WATER TEDNER),15.4027094,74.0029172,0,STOP,At Fire Station Ponda ,Fire Station Bicholim
2025-12-23T01:22:40.735Z,GA 07 G 5101-OLG(MS WATER TENDER),15.5003033,73.91403,0,STOP,At Fire Station Old Goa,Fire Station Old Goa
2025-12-23T01:22:40.735Z,GA 07 G 3101-BIC(MS WATER TENDER),15.5893966,73.9467766,0,STOP,At Fire Station Bicholim ,Fire Station Bicholim
2025-12-23T01:22:40.735Z,GA 07 G 1941-BIC(QUICK RESPONSE),15.5894533,73.9467033,0,STOP,At Fire Station Bicholim ,Fire Station Bicholim
2025-12-23T01:22:40.735Z,GA 07 G 2319-VAS (EMERGENCY RESCUE TENDER),15.3901916,73.8524983,0,STOP,"near melisa garage,NSD, Dabolim, Goa (SW)",Fire Station Vasco
2025-12-23T01:22:40.735Z,GA 07 G 3737-VAP(WATER TENDER),15.53099,74.1387199,0,STOP,At Fire Station Valpoi ,Fire Station Valpoi
2025-12-23T01:22:40.735Z,GA 07 G 2318-PND(EMERGENCY RESCUE TENDER),15.4028416,74.0028083,0,STOP,At Fire Station Ponda ,Fire Station Ponda
2025-12-23T01:22:40.735Z,GA 07 G 2004-PND(QUICK RESPONSE),15.4026666,74.0028483,0,STOP,At Fire Station Ponda ,Fire Station Ponda
2025-12-23T01:22:40.735Z,GA 07 G 9101-PND(WATER TENDER),15.402745,74.0028816,0,STOP,At Fire Station Ponda ,Fire Station Ponda
2025-12-23T01:22:40.735Z,GA 07 G 9797-PND(WATER BOUSER),15.402635,74.00284,0,STOP,At Fire Station Ponda ,Fire Station Ponda
2025-12-23T01:22:40.735Z,GA 07 G 6363-CAN(WATER TENDER),15.0236183,74.0440433,0,INACTIVE,"Canacona, The Lalitrajbaga ,Canacona, Canacona, Goa (NE)",Fire Station Canacona
2025-12-23T01:22:40.735Z,GA 07 G 1567-CAN(QUICK RESPONSE FT),15.0171383,74.0398266,32,INACTIVE,"Canacona, The Lalitrajbaga ,Canacona, Canacona, Goa (SW)",Fire Station Canacona
2025-12-23T01:22:40.735Z,GA 07 G 1569-VRN(QUICK RESPONSE),15.3694583,73.9356766,0,STOP,At Fire Station Verna,Fire Station Verna
2025-12-23T01:22:40.735Z,GA 07 G 9909-VRN(ADVANCE MULTI-PURPOSE),15.3695866,73.9351966,0,STOP,At Fire Station Verna,Fire Station Verna
2025-12-23T01:22:40.735Z,GA 07 G 1942-VAP(QUICK RESPONSE),15.5311233,74.1388183,0,STOP,At Fire Station Valpoi ,Fire Station Valpoi
2025-12-23T01:22:40.735Z,GA 07 G 2003-CUR(QUICK RESPONSE),15.2603983,74.1037033,0,STOP,At Fire Station Curchorem,Fire Station Curchorem
2025-12-23T01:22:40.735Z,GA 07 G 7447-CUR(EMERGENCY RESCUE),15.26048,74.1037033,0,STOP,At Fire Station Curchorem,Fire Station Curchorem
2025-12-23T01:22:40.735Z,GA 07 G 7557-CUR(WATER TENDER),15.26045,74.10345,0,STOP,At Fire Station Curchorem,Fire Station Curchorem
2025-12-23T01:22:40.735Z,GA 07 G 7667-CUR(WATER BOUSER),15.1454033,73.99108,0,STOP,"Shri Shantadurga fatarpekarin Temple, Fatorpa, Cuncolim, Goa (SW)",Fire Station Curchorem
2025-12-23T01:22:40.735Z,GA 07 G 4989-KUN(WATER TENDER),15.4630317,73.9725183,0,STOP,At Fire Station Kundaim,Fire Station Kundaim
2025-12-23T01:22:40.735Z,GA 07 G 2242-PIL(WATER TENDER),15.5328322,73.7941056,0,STOP,At Fire Station Pilerne,Fire Station Pilerne
2025-12-23T01:22:40.735Z,GA 07 G 0681-MAP(QUICK RESPONSE),15.589775,73.8087733,0,STOP,At Fire Station Mapusa,Fire Station Mapusa
2025-12-23T01:22:40.735Z,GA 07 G 0307-PER(QUICK RESPONSE),15.7164939,73.7974239,0,INACTIVE,At Fire Station Pernem,Fire Station Pernem
2025-12-23T01:22:40.735Z,GA 07 G 2101-PER(MS WATER TENDER),15.7163717,73.7975772,0,STOP,At Fire Station Pernem,Fire Station Pernem
2025-12-23T01:22:40.735Z,GA 07 G 4600-PER(MINI RESCUE TENDER),15.7165206,73.7975167,0,STOP,At Fire Station Pernem,Fire Station Pernem
2025-12-23T01:22:40.735Z,GA 07 G 7272-PNJ(WATER TENDER),15.4877517,73.8175178,0,STOP,"Goa College of Home Science, Dayanand Bandodkar Road, Opposite Parade Ground Campal,, Panaji, Goa (SE)",Fire Station Panaji
2025-12-23T01:22:40.735Z,GA07G2384- Cuncolim,15.1862206,74.0209944,0,STOP,At Fire Station Cuncolim,Fire Station Cuncolim
2025-12-23T01:22:40.735Z,GA07G2507 - Mid Size (Water Tender),15.7164733,73.7974933,0,STOP,At Fire Station Pernem,Fire Station Pernem
2025-12-23T01:22:40.735Z,GA07G2505 - Mid Size (Water Tender),15.530985,74.13868,0,STOP,At Fire Station Valpoi ,Fire Station Valpoi
2025-12-23T01:22:40.735Z,GA07G2504 - Mid Size (Water Tender),15.5890983,73.9465083,0,STOP,At Fire Station Bicholim ,Fire Station Bicholim
2025-12-23T01:22:40.735Z,GA07G2503-Mid Size (Water Tender),15.5900233,73.80865,0,STOP,At Fire Station Mapusa,Fire Station Mapusa
2025-12-23T01:22:40.735Z,GA07G2502 - Mid Size (Water Tender),15.4870233,73.8172283,0,STOP,"Caculo Mall, 16 Shanta, St Inez Rd, Caculo Enclave, Santa Inez, Panaji, Goa (NW)",Fire Force Headquarters
2025-12-23T01:23:41.798Z,GA 07 G 0680-PIL(QUICK RESPONSE VEHICLE),15.5329733,73.7939283,0,STOP,At Fire Station Pilerne,Fire Station Pilerne
2025-12-23T01:23:41.798Z,GA07G2506 - Mid Size (Water Tender),15.500348,73.914085,0,INACTIVE,At Fire Station Old Goa,Fire Station Old Goa
2025-12-23T01:23:41.798Z,GA 07 G 5115-POR(MINI WATER TENDER),15.522988,73.829384,0,STOP,At Porvorim Fire Station,Fire Station Porvorim
2025-12-23T01:23:41.798Z,GA 07 G 0350-MRG(WATER TENDER),15.269428,73.970604,0,STOP,At Fire Station Margoa,Fire Station Margao
2025-12-23T01:23:41.798Z,GA 07 G 2900-MAP(MINI RESCUE TENDER),15.589908,73.808716,0,STOP,At Fire Station Mapusa,Fire Station Mapusa
2025-12-23T01:23:41.798Z,GA 07 G 7600-FFHQ(WATER BOUSER),15.487103,73.817108,0,STOP,"Caculo Mall, 16 Shanta, St Inez Rd, Caculo Enclave, Santa Inez, Panaji, Goa (NW)",Fire Force Headquarters
2025-12-23T01:23:41.798Z,GA 07 G 2002-FFHQ(TURN TABLE LADDER),15.48742,73.817375,0,STOP,"Caculo Mall, 16 Shanta, St Inez Rd, Caculo Enclave, Santa Inez, Panaji, Goa (NW)",Fire Force Headquarters
2025-12-23T01:23:41.798Z,GA 07 G 7101-FFHQ(WATER TENDER),15.486877,73.817055,0,STOP,"Caculo Mall, 16 Shanta, St Inez Rd, Caculo Enclave, Santa Inez, Panaji, Goa (NW)",Fire Force Headquarters
2025-12-23T01:23:41.798Z,GA 07 G 7677-FFHQ(EMERGENCY RESCUE),15.48719,73.817192,0,STOP,"Caculo Mall, 16 Shanta, St Inez Rd, Caculo Enclave, Santa Inez, Panaji, Goa (NW)",Fire Force Headquarters
2025-12-23T01:23:41.798Z,GA 07 G 1121-PNJ(EMERGENCY RESCUE),15.487292,73.817276,0,STOP,"Caculo Mall, 16 Shanta, St Inez Rd, Caculo Enclave, Santa Inez, Panaji, Goa (NW)",Fire Station Panaji
2025-12-23T01:23:41.798Z,GA 07 G 1571-FFHQ(QUICK RESPONSE),15.48666,73.817444,0,STOP,"Caculo Mall, 16 Shanta, St Inez Rd, Caculo Enclave, Santa Inez, Panaji, Goa (NW)",Fire Force Headquarters
2025-12-23T01:23:41.798Z,GA 07 G 8101-MAP(WATER TENDER),15.589937,73.80867,0,STOP,At Fire Station Mapusa,Fire Station Mapusa
2025-12-23T01:23:41.798Z,GA 07 G 2317-MRG(EMERGENCY RESCUE TENDER),15.26934,73.9700683,0,STOP,At Fire Station Margoa,Fire Station Margao
2025-12-23T01:23:41.798Z,GA 07 G 1570-VAS(QUICK RESPONSE FIRE TENDER),15.3887783,73.8513266,0,STOP,At Fire Station Vasco,Fire Station Vasco
2025-12-23T01:23:41.798Z,GA 07 G 4101-VAS(MS WATER TENDER),15.3890783,73.85092,0,STOP,At Fire Station Vasco,Fire Station Vasco
2025-12-23T01:23:41.798Z,GA 07 G 0819-VAS(WATER/FOAM TENDER),15.3888217,73.8512367,0,IDLE,At Fire Station Vasco,Fire Station Vasco
2025-12-23T01:23:41.798Z,GA 07 G 7100-MRG(WATER BOUSER),15.2694566,73.97006,0,STOP,At Fire Station Margoa,Fire Station Margao
2025-12-23T01:23:41.798Z,GA 07 G 1568-MRG(QUICK RESPONSE ),15.269325,73.9706466,0,STOP,At Fire Station Margoa,Fire Station Margao
2025-12-23T01:23:41.798Z,GA 07 G 6101-MRG(WATER TENDER),15.2693733,73.9701416,0,STOP,At Fire Station Margoa,Fire Station Margao
2025-12-23T01:23:41.798Z,GA 07 G 1001-MRG(AERIAL LADDER PLATFORM),15.2695583,73.969735,0,STOP,At Fire Station Margoa,Fire Station Margao
2025-12-23T01:23:41.798Z,GA 07 G 0820-BIC(WATER TEDNER),15.4027094,74.0029172,0,STOP,At Fire Station Ponda ,Fire Station Bicholim
2025-12-23T01:23:41.798Z,GA 07 G 5101-OLG(MS WATER TENDER),15.5003033,73.91403,0,STOP,At Fire Station Old Goa,Fire Station Old Goa
2025-12-23T01:23:41.798Z,GA 07 G 3101-BIC(MS WATER TENDER),15.5889166,73.9471349,2,STOP,At Fire Station Bicholim ,Fire Station Bicholim
2025-12-23T01:23:41.798Z,GA 07 G 1941-BIC(QUICK RESPONSE),15.5894533,73.9467033,0,STOP,At Fire Station Bicholim ,Fire Station Bicholim
2025-12-23T01:23:41.798Z,GA 07 G 2319-VAS (EMERGENCY RESCUE TENDER),15.3901916,73.8524983,0,STOP,"near melisa garage,NSD, Dabolim, Goa (SW)",Fire Station Vasco
2025-12-23T01:23:41.798Z,GA 07 G 3737-VAP(WATER TENDER),15.53099,74.1387199,0,STOP,At Fire Station Valpoi ,Fire Station Valpoi
2025-12-23T01:23:41.798Z,GA 07 G 2318-PND(EMERGENCY RESCUE TENDER),15.4028416,74.0028083,0,STOP,At Fire Station Ponda ,Fire Station Ponda
2025-12-23T01:23:41.798Z,GA 07 G 2004-PND(QUICK RESPONSE),15.4026666,74.0028483,0,STOP,At Fire Station Ponda ,Fire Station Ponda
2025-12-23T01:23:41.798Z,GA 07 G 9101-PND(WATER TENDER),15.402745,74.0028816,0,STOP,At Fire Station Ponda ,Fire Station Ponda
2025-12-23T01:23:41.798Z,GA 07 G 9797-PND(WATER BOUSER),15.402635,74.00284,0,STOP,At Fire Station Ponda ,Fire Station Ponda
2025-12-23T01:23:41.798Z,GA 07 G 6363-CAN(WATER TENDER),15.0236183,74.0440433,0,INACTIVE,"Canacona, The Lalitrajbaga ,Canacona, Canacona, Goa (NE)",Fire Station Canacona
2025-12-23T01:23:41.798Z,GA 07 G 1567-CAN(QUICK RESPONSE FT),15.0171383,74.0398266,32,INACTIVE,"Canacona, The Lalitrajbaga ,Canacona, Canacona, Goa (SW)",Fire Station Canacona
2025-12-23T01:23:41.798Z,GA 07 G 1569-VRN(QUICK RESPONSE),15.3694583,73.9356766,0,STOP,At Fire Station Verna,Fire Station Verna
2025-12-23T01:23:41.798Z,GA 07 G 9909-VRN(ADVANCE MULTI-PURPOSE),15.3695866,73.9351966,0,STOP,At Fire Station Verna,Fire Station Verna
2025-12-23T01:23:41.798Z,GA 07 G 1942-VAP(QUICK RESPONSE),15.5311233,74.1388183,0,STOP,At Fire Station Valpoi ,Fire Station Valpoi
2025-12-23T01:23:41.798Z,GA 07 G 2003-CUR(QUICK RESPONSE),15.2603983,74.1037033,0,STOP,At Fire Station Curchorem,Fire Station Curchorem
2025-12-23T01:23:41.798Z,GA 07 G 7447-CUR(EMERGENCY RESCUE),15.26048,74.1037033,0,STOP,At Fire Station Curchorem,Fire Station Curchorem
2025-12-23T01:23:41.798Z,GA 07 G 7557-CUR(WATER TENDER),15.26045,74.10345,0,STOP,At Fire Station Curchorem,Fire Station Curchorem
2025-12-23T01:23:41.798Z,GA 07 G 7667-CUR(WATER BOUSER),15.1454033,73.99108,0,STOP,"Shri Shantadurga fatarpekarin Temple, Fatorpa, Cuncolim, Goa (SW)",Fire Station Curchorem
2025-12-23T01:23:41.798Z,GA 07 G 4989-KUN(WATER TENDER),15.4630317,73.9725183,0,STOP,At Fire Station Kundaim,Fire Station Kundaim
2025-12-23T01:23:41.798Z,GA 07 G 2242-PIL(WATER TENDER),15.5328322,73.7941056,0,STOP,At Fire Station Pilerne,Fire Station Pilerne
2025-12-23T01:23:41.798Z,GA 07 G 0681-MAP(QUICK RESPONSE),15.589775,73.8087733,0,STOP,At Fire Station Mapusa,Fire Station Mapusa
2025-12-23T01:23:41.798Z,GA 07 G 0307-PER(QUICK RESPONSE),15.7164939,73.7974239,0,INACTIVE,At Fire Station Pernem,Fire Station Pernem
2025-12-23T01:23:41.798Z,GA 07 G 2101-PER(MS WATER TENDER),15.7163717,73.7975772,0,STOP,At Fire Station Pernem,Fire Station Pernem
2025-12-23T01:23:41.798Z,GA 07 G 4600-PER(MINI RESCUE TENDER),15.7165206,73.7975167,0,STOP,At Fire Station Pernem,Fire Station Pernem
2025-12-23T01:23:41.798Z,GA 07 G 7272-PNJ(WATER TENDER),15.4877517,73.8175178,0,STOP,"Goa College of Home Science, Dayanand Bandodkar Road, Opposite Parade Ground Campal,, Panaji, Goa (SE)",Fire Station Panaji
2025-12-23T01:23:41.798Z,GA07G2384- Cuncolim,15.1862206,74.0209944,0,STOP,At Fire Station Cuncolim,Fire Station Cuncolim
2025-12-23T01:23:41.798Z,GA07G2507 - Mid Size (Water Tender),15.7164733,73.7974933,0,STOP,At Fire Station Pernem,Fire Station Pernem
2025-12-23T01:23:41.798Z,GA07G2505 - Mid Size (Water Tender),15.530985,74.13868,0,STOP,At Fire Station Valpoi ,Fire Station Valpoi
2025-12-23T01:23:41.798Z,GA07G2504 - Mid Size (Water Tender),15.5890983,73.9465083,0,STOP,At Fire Station Bicholim ,Fire Station Bicholim
2025-12-23T01:23:41.798Z,GA07G2503-Mid Size (Water Tender),15.5900233,73.80865,0,STOP,At Fire Station Mapusa,Fire Station Mapusa
2025-12-23T01:23:41.798Z,GA07G2502 - Mid Size (Water Tender),15.4870233,73.8172283,0,STOP,"Caculo Mall, 16 Shanta, St Inez Rd, Caculo Enclave, Santa Inez, Panaji, Goa (NW)",Fire Force Headquarters
2025-12-23T01:24:44.574Z,GA 07 G 0680-PIL(QUICK RESPONSE VEHICLE),15.5329733,73.7939283,0,STOP,At Fire Station Pilerne,Fire Station Pilerne
2025-12-23T01:24:44.574Z,GA07G2506 - Mid Size (Water Tender),15.500348,73.914085,0,INACTIVE,At Fire Station Old Goa,Fire Station Old Goa
2025-12-23T01:24:44.574Z,GA 07 G 5115-POR(MINI WATER TENDER),15.522988,73.829384,0,STOP,At Porvorim Fire Station,Fire Station Porvorim
2025-12-23T01:24:44.574Z,GA 07 G 0350-MRG(WATER TENDER),15.269428,73.970604,0,STOP,At Fire Station Margoa,Fire Station Margao
2025-12-23T01:24:44.574Z,GA 07 G 2900-MAP(MINI RESCUE TENDER),15.589908,73.808716,0,STOP,At Fire Station Mapusa,Fire Station Mapusa
2025-12-23T01:24:44.574Z,GA 07 G 7600-FFHQ(WATER BOUSER),15.487103,73.817108,0,STOP,"Caculo Mall, 16 Shanta, St Inez Rd, Caculo Enclave, Santa Inez, Panaji, Goa (NW)",Fire Force Headquarters
2025-12-23T01:24:44.574Z,GA 07 G 2002-FFHQ(TURN TABLE LADDER),15.48742,73.817375,0,STOP,"Caculo Mall, 16 Shanta, St Inez Rd, Caculo Enclave, Santa Inez, Panaji, Goa (NW)",Fire Force Headquarters
2025-12-23T01:24:44.574Z,GA 07 G 7101-FFHQ(WATER TENDER),15.486877,73.817055,0,STOP,"Caculo Mall, 16 Shanta, St Inez Rd, Caculo Enclave, Santa Inez, Panaji, Goa (NW)",Fire Force Headquarters
2025-12-23T01:24:44.574Z,GA 07 G 7677-FFHQ(EMERGENCY RESCUE),15.48719,73.817192,0,STOP,"Caculo Mall, 16 Shanta, St Inez Rd, Caculo Enclave, Santa Inez, Panaji, Goa (NW)",Fire Force Headquarters
2025-12-23T01:24:44.574Z,GA 07 G 1121-PNJ(EMERGENCY RESCUE),15.487292,73.817276,0,STOP,"Caculo Mall, 16 Shanta, St Inez Rd, Caculo Enclave, Santa Inez, Panaji, Goa (NW)",Fire Station Panaji
2025-12-23T01:24:44.574Z,GA 07 G 1571-FFHQ(QUICK RESPONSE),15.48666,73.817444,0,STOP,"Caculo Mall, 16 Shanta, St Inez Rd, Caculo Enclave, Santa Inez, Panaji, Goa (NW)",Fire Force Headquarters
2025-12-23T01:24:44.574Z,GA 07 G 8101-MAP(WATER TENDER),15.589937,73.80867,0,STOP,At Fire Station Mapusa,Fire Station Mapusa
2025-12-23T01:24:44.574Z,GA 07 G 2317-MRG(EMERGENCY RESCUE TENDER),15.2695233,73.9701333,0,STOP,At Fire Station Margoa,Fire Station Margao
2025-12-23T01:24:44.574Z,GA 07 G 1570-VAS(QUICK RESPONSE FIRE TENDER),15.3887783,73.8513266,0,STOP,At Fire Station Vasco,Fire Station Vasco
2025-12-23T01:24:44.574Z,GA 07 G 4101-VAS(MS WATER TENDER),15.3890783,73.85092,0,STOP,At Fire Station Vasco,Fire Station Vasco
2025-12-23T01:24:44.574Z,GA 07 G 0819-VAS(WATER/FOAM TENDER),15.3888217,73.8512367,0,IDLE,At Fire Station Vasco,Fire Station Vasco
2025-12-23T01:24:44.574Z,GA 07 G 7100-MRG(WATER BOUSER),15.2694566,73.97006,0,STOP,At Fire Station Margoa,Fire Station Margao
2025-12-23T01:24:44.574Z,GA 07 G 1568-MRG(QUICK RESPONSE ),15.269325,73.9706466,0,STOP,At Fire Station Margoa,Fire Station Margao
2025-12-23T01:24:44.574Z,GA 07 G 6101-MRG(WATER TENDER),15.2693733,73.9701416,0,STOP,At Fire Station Margoa,Fire Station Margao
2025-12-23T01:24:44.574Z,GA 07 G 1001-MRG(AERIAL LADDER PLATFORM),15.2695583,73.969735,0,STOP,At Fire Station Margoa,Fire Station Margao
2025-12-23T01:24:44.574Z,GA 07 G 0820-BIC(WATER TEDNER),15.4027094,74.0029172,0,STOP,At Fire Station Ponda ,Fire Station Bicholim
2025-12-23T01:24:44.574Z,GA 07 G 5101-OLG(MS WATER TENDER),15.5003033,73.91403,0,STOP,At Fire Station Old Goa,Fire Station Old Goa
2025-12-23T01:24:44.574Z,GA 07 G 3101-BIC(MS WATER TENDER),15.58893,73.9466966,5,STOP,At Fire Station Bicholim ,Fire Station Bicholim
2025-12-23T01:24:44.574Z,GA 07 G 1941-BIC(QUICK RESPONSE),15.5894533,73.9467033,0,STOP,At Fire Station Bicholim ,Fire Station Bicholim
2025-12-23T01:24:44.574Z,GA 07 G 2319-VAS (EMERGENCY RESCUE TENDER),15.3901916,73.8524983,0,STOP,"near melisa garage,NSD, Dabolim, Goa (SW)",Fire Station Vasco
2025-12-23T01:24:44.574Z,GA 07 G 3737-VAP(WATER TENDER),15.53099,74.1387199,0,STOP,At Fire Station Valpoi ,Fire Station Valpoi
2025-12-23T01:24:44.574Z,GA 07 G 2318-PND(EMERGENCY RESCUE TENDER),15.4028416,74.0028083,0,STOP,At Fire Station Ponda ,Fire Station Ponda
2025-12-23T01:24:44.574Z,GA 07 G 2004-PND(QUICK RESPONSE),15.4026666,74.0028483,0,STOP,At Fire Station Ponda ,Fire Station Ponda
2025-12-23T01:24:44.574Z,GA 07 G 9101-PND(WATER TENDER),15.402745,74.0028816,0,STOP,At Fire Station Ponda ,Fire Station Ponda
2025-12-23T01:24:44.574Z,GA 07 G 9797-PND(WATER BOUSER),15.402635,74.00284,0,STOP,At Fire Station Ponda ,Fire Station Ponda
2025-12-23T01:24:44.574Z,GA 07 G 6363-CAN(WATER TENDER),15.0236183,74.0440433,0,INACTIVE,"Canacona, The Lalitrajbaga ,Canacona, Canacona, Goa (NE)",Fire Station Canacona
2025-12-23T01:24:44.574Z,GA 07 G 1567-CAN(QUICK RESPONSE FT),15.0171383,74.0398266,32,INACTIVE,"Canacona, The Lalitrajbaga ,Canacona, Canacona, Goa (SW)",Fire Station Canacona
2025-12-23T01:24:44.574Z,GA 07 G 1569-VRN(QUICK RESPONSE),15.3694583,73.9356766,0,STOP,At Fire Station Verna,Fire Station Verna
2025-12-23T01:24:44.574Z,GA 07 G 9909-VRN(ADVANCE MULTI-PURPOSE),15.3695866,73.9351966,0,STOP,At Fire Station Verna,Fire Station Verna
2025-12-23T01:24:44.574Z,GA 07 G 1942-VAP(QUICK RESPONSE),15.5311233,74.1388183,0,STOP,At Fire Station Valpoi ,Fire Station Valpoi
2025-12-23T01:24:44.574Z,GA 07 G 2003-CUR(QUICK RESPONSE),15.2603983,74.1037033,0,STOP,At Fire Station Curchorem,Fire Station Curchorem
2025-12-23T01:24:44.574Z,GA 07 G 7447-CUR(EMERGENCY RESCUE),15.26048,74.1037033,0,STOP,At Fire Station Curchorem,Fire Station Curchorem
2025-12-23T01:24:44.574Z,GA 07 G 7557-CUR(WATER TENDER),15.26045,74.10345,0,STOP,At Fire Station Curchorem,Fire Station Curchorem
2025-12-23T01:24:44.574Z,GA 07 G 7667-CUR(WATER BOUSER),15.1454033,73.99108,0,STOP,"Shri Shantadurga fatarpekarin Temple, Fatorpa, Cuncolim, Goa (SW)",Fire Station Curchorem
2025-12-23T01:24:44.574Z,GA 07 G 4989-KUN(WATER TENDER),15.4630317,73.9725183,0,STOP,At Fire Station Kundaim,Fire Station Kundaim
2025-12-23T01:24:44.574Z,GA 07 G 2242-PIL(WATER TENDER),15.5328322,73.7941056,0,STOP,At Fire Station Pilerne,Fire Station Pilerne
2025-12-23T01:24:44.574Z,GA 07 G 0681-MAP(QUICK RESPONSE),15.589775,73.8087733,0,STOP,At Fire Station Mapusa,Fire Station Mapusa
2025-12-23T01:24:44.574Z,GA 07 G 0307-PER(QUICK RESPONSE),15.7164939,73.7974239,0,INACTIVE,At Fire Station Pernem,Fire Station Pernem
2025-12-23T01:24:44.574Z,GA 07 G 2101-PER(MS WATER TENDER),15.7163717,73.7975772,0,STOP,At Fire Station Pernem,Fire Station Pernem
2025-12-23T01:24:44.574Z,GA 07 G 4600-PER(MINI RESCUE TENDER),15.7165206,73.7975167,0,STOP,At Fire Station Pernem,Fire Station Pernem
2025-12-23T01:24:44.574Z,GA 07 G 7272-PNJ(WATER TENDER),15.4877517,73.8175178,0,STOP,"Goa College of Home Science, Dayanand Bandodkar Road, Opposite Parade Ground Campal,, Panaji, Goa (SE)",Fire Station Panaji
2025-12-23T01:24:44.574Z,GA07G2384- Cuncolim,15.1862206,74.0209944,0,STOP,At Fire Station Cuncolim,Fire Station Cuncolim
2025-12-23T01:24:44.574Z,GA07G2507 - Mid Size (Water Tender),15.7164733,73.7974933,0,STOP,At Fire Station Pernem,Fire Station Pernem
2025-12-23T01:24:44.574Z,GA07G2505 - Mid Size (Water Tender),15.530985,74.13868,0,STOP,At Fire Station Valpoi ,Fire Station Valpoi
2025-12-23T01:24:44.574Z,GA07G2504 - Mid Size (Water Tender),15.5890983,73.9465083,0,STOP,At Fire Station Bicholim ,Fire Station Bicholim
2025-12-23T01:24:44.574Z,GA07G2503-Mid Size (Water Tender),15.5900233,73.80865,0,STOP,At Fire Station Mapusa,Fire Station Mapusa
2025-12-23T01:24:44.574Z,GA07G2502 - Mid Size (Water Tender),15.4870233,73.8172283,0,STOP,"Caculo Mall, 16 Shanta, St Inez Rd, Caculo Enclave, Santa Inez, Panaji, Goa (NW)",Fire Force Headquarters
2025-12-23T01:25:44.788Z,GA 07 G 0680-PIL(QUICK RESPONSE VEHICLE),15.5329733,73.7939283,0,STOP,At Fire Station Pilerne,Fire Station Pilerne
2025-12-23T01:25:44.788Z,GA07G2506 - Mid Size (Water Tender),15.500348,73.914085,0,INACTIVE,At Fire Station Old Goa,Fire Station Old Goa
2025-12-23T01:25:44.788Z,GA 07 G 5115-POR(MINI WATER TENDER),15.522988,73.829384,0,STOP,At Porvorim Fire Station,Fire Station Porvorim
2025-12-23T01:25:44.788Z,GA 07 G 0350-MRG(WATER TENDER),15.269428,73.970604,0,STOP,At Fire Station Margoa,Fire Station Margao
2025-12-23T01:25:44.788Z,GA 07 G 2900-MAP(MINI RESCUE TENDER),15.589908,73.808716,0,STOP,At Fire Station Mapusa,Fire Station Mapusa
2025-12-23T01:25:44.788Z,GA 07 G 7600-FFHQ(WATER BOUSER),15.487103,73.817108,0,STOP,"Caculo Mall, 16 Shanta, St Inez Rd, Caculo Enclave, Santa Inez, Panaji, Goa (NW)",Fire Force Headquarters
2025-12-23T01:25:44.788Z,GA 07 G 2002-FFHQ(TURN TABLE LADDER),15.48742,73.817375,0,STOP,"Caculo Mall, 16 Shanta, St Inez Rd, Caculo Enclave, Santa Inez, Panaji, Goa (NW)",Fire Force Headquarters
2025-12-23T01:25:44.788Z,GA 07 G 7101-FFHQ(WATER TENDER),15.486877,73.817055,0,STOP,"Caculo Mall, 16 Shanta, St Inez Rd, Caculo Enclave, Santa Inez, Panaji, Goa (NW)",Fire Force Headquarters
2025-12-23T01:25:44.788Z,GA 07 G 7677-FFHQ(EMERGENCY RESCUE),15.48719,73.817192,0,STOP,"Caculo Mall, 16 Shanta, St Inez Rd, Caculo Enclave, Santa Inez, Panaji, Goa (NW)",Fire Force Headquarters
2025-12-23T01:25:44.788Z,GA 07 G 1121-PNJ(EMERGENCY RESCUE),15.487292,73.817276,0,STOP,"Caculo Mall, 16 Shanta, St Inez Rd, Caculo Enclave, Santa Inez, Panaji, Goa (NW)",Fire Station Panaji
2025-12-23T01:25:44.788Z,GA 07 G 1571-FFHQ(QUICK RESPONSE),15.48666,73.817444,0,STOP,"Caculo Mall, 16 Shanta, St Inez Rd, Caculo Enclave, Santa Inez, Panaji, Goa (NW)",Fire Force Headquarters
2025-12-23T01:25:44.788Z,GA 07 G 8101-MAP(WATER TENDER),15.589937,73.80867,0,STOP,At Fire Station Mapusa,Fire Station Mapusa
2025-12-23T01:25:44.788Z,GA 07 G 2317-MRG(EMERGENCY RESCUE TENDER),15.2695233,73.9701333,0,STOP,At Fire Station Margoa,Fire Station Margao
2025-12-23T01:25:44.788Z,GA 07 G 1570-VAS(QUICK RESPONSE FIRE TENDER),15.3887783,73.8513266,0,STOP,At Fire Station Vasco,Fire Station Vasco
2025-12-23T01:25:44.788Z,GA 07 G 4101-VAS(MS WATER TENDER),15.3890783,73.85092,0,STOP,At Fire Station Vasco,Fire Station Vasco
2025-12-23T01:25:44.788Z,GA 07 G 0819-VAS(WATER/FOAM TENDER),15.3888217,73.8512367,0,IDLE,At Fire Station Vasco,Fire Station Vasco
2025-12-23T01:25:44.788Z,GA 07 G 7100-MRG(WATER BOUSER),15.2694566,73.97006,0,STOP,At Fire Station Margoa,Fire Station Margao
2025-12-23T01:25:44.788Z,GA 07 G 1568-MRG(QUICK RESPONSE ),15.269325,73.9706466,0,STOP,At Fire Station Margoa,Fire Station Margao
2025-12-23T01:25:44.788Z,GA 07 G 6101-MRG(WATER TENDER),15.2693733,73.9701416,0,STOP,At Fire Station Margoa,Fire Station Margao
2025-12-23T01:25:44.788Z,GA 07 G 1001-MRG(AERIAL LADDER PLATFORM),15.2695583,73.969735,0,STOP,At Fire Station Margoa,Fire Station Margao
2025-12-23T01:25:44.788Z,GA 07 G 0820-BIC(WATER TEDNER),15.4027094,74.0029172,0,STOP,At Fire Station Ponda ,Fire Station Bicholim
2025-12-23T01:25:44.788Z,GA 07 G 5101-OLG(MS WATER TENDER),15.5003033,73.91403,0,STOP,At Fire Station Old Goa,Fire Station Old Goa
2025-12-23T01:25:44.788Z,GA 07 G 3101-BIC(MS WATER TENDER),15.58892,73.9466383,0,STOP,At Fire Station Bicholim ,Fire Station Bicholim
2025-12-23T01:25:44.788Z,GA 07 G 1941-BIC(QUICK RESPONSE),15.5894533,73.9467033,0,STOP,At Fire Station Bicholim ,Fire Station Bicholim
2025-12-23T01:25:44.788Z,GA 07 G 2319-VAS (EMERGENCY RESCUE TENDER),15.3901916,73.8524983,0,STOP,"near melisa garage,NSD, Dabolim, Goa (SW)",Fire Station Vasco
2025-12-23T01:25:44.788Z,GA 07 G 3737-VAP(WATER TENDER),15.53099,74.1387199,0,STOP,At Fire Station Valpoi ,Fire Station Valpoi
2025-12-23T01:25:44.788Z,GA 07 G 2318-PND(EMERGENCY RESCUE TENDER),15.4028416,74.0028083,0,STOP,At Fire Station Ponda ,Fire Station Ponda
2025-12-23T01:25:44.788Z,GA 07 G 2004-PND(QUICK RESPONSE),15.4026666,74.0028483,0,STOP,At Fire Station Ponda ,Fire Station Ponda
2025-12-23T01:25:44.788Z,GA 07 G 9101-PND(WATER TENDER),15.402745,74.0028816,0,STOP,At Fire Station Ponda ,Fire Station Ponda
2025-12-23T01:25:44.788Z,GA 07 G 9797-PND(WATER BOUSER),15.402635,74.00284,0,STOP,At Fire Station Ponda ,Fire Station Ponda
2025-12-23T01:25:44.788Z,GA 07 G 6363-CAN(WATER TENDER),15.0236183,74.0440433,0,INACTIVE,"Canacona, The Lalitrajbaga ,Canacona, Canacona, Goa (NE)",Fire Station Canacona
2025-12-23T01:25:44.788Z,GA 07 G 1567-CAN(QUICK RESPONSE FT),15.0171383,74.0398266,32,INACTIVE,"Canacona, The Lalitrajbaga ,Canacona, Canacona, Goa (SW)",Fire Station Canacona
2025-12-23T01:25:44.788Z,GA 07 G 1569-VRN(QUICK RESPONSE),15.3694583,73.9356766,0,STOP,At Fire Station Verna,Fire Station Verna
2025-12-23T01:25:44.788Z,GA 07 G 9909-VRN(ADVANCE MULTI-PURPOSE),15.3695866,73.9351966,0,STOP,At Fire Station Verna,Fire Station Verna
2025-12-23T01:25:44.788Z,GA 07 G 1942-VAP(QUICK RESPONSE),15.5311233,74.1388183,0,STOP,At Fire Station Valpoi ,Fire Station Valpoi
2025-12-23T01:25:44.788Z,GA 07 G 2003-CUR(QUICK RESPONSE),15.2603983,74.1037033,0,STOP,At Fire Station Curchorem,Fire Station Curchorem
2025-12-23T01:25:44.788Z,GA 07 G 7447-CUR(EMERGENCY RESCUE),15.26048,74.1037033,0,STOP,At Fire Station Curchorem,Fire Station Curchorem
2025-12-23T01:25:44.788Z,GA 07 G 7557-CUR(WATER TENDER),15.26045,74.10345,0,STOP,At Fire Station Curchorem,Fire Station Curchorem
2025-12-23T01:25:44.788Z,GA 07 G 7667-CUR(WATER BOUSER),15.1454033,73.99108,0,STOP,"Shri Shantadurga fatarpekarin Temple, Fatorpa, Cuncolim, Goa (SW)",Fire Station Curchorem
2025-12-23T01:25:44.788Z,GA 07 G 4989-KUN(WATER TENDER),15.4630317,73.9725183,0,STOP,At Fire Station Kundaim,Fire Station Kundaim
2025-12-23T01:25:44.788Z,GA 07 G 2242-PIL(WATER TENDER),15.5328322,73.7941056,0,STOP,At Fire Station Pilerne,Fire Station Pilerne
2025-12-23T01:25:44.788Z,GA 07 G 0681-MAP(QUICK RESPONSE),15.589775,73.8087733,0,STOP,At Fire Station Mapusa,Fire Station Mapusa
2025-12-23T01:25:44.788Z,GA 07 G 0307-PER(QUICK RESPONSE),15.7164939,73.7974239,0,INACTIVE,At Fire Station Pernem,Fire Station Pernem
2025-12-23T01:25:44.788Z,GA 07 G 2101-PER(MS WATER TENDER),15.7163717,73.7975772,0,STOP,At Fire Station Pernem,Fire Station Pernem
2025-12-23T01:25:44.788Z,GA 07 G 4600-PER(MINI RESCUE TENDER),15.7165206,73.7975167,0,STOP,At Fire Station Pernem,Fire Station Pernem
2025-12-23T01:25:44.788Z,GA 07 G 7272-PNJ(WATER TENDER),15.4877517,73.8175178,0,STOP,"Goa College of Home Science, Dayanand Bandodkar Road, Opposite Parade Ground Campal,, Panaji, Goa (SE)",Fire Station Panaji
2025-12-23T01:25:44.788Z,GA07G2384- Cuncolim,15.1862206,74.0209944,0,STOP,At Fire Station Cuncolim,Fire Station Cuncolim
2025-12-23T01:25:44.788Z,GA07G2507 - Mid Size (Water Tender),15.7164733,73.7974933,0,STOP,At Fire Station Pernem,Fire Station Pernem
2025-12-23T01:25:44.788Z,GA07G2505 - Mid Size (Water Tender),15.530985,74.13868,0,STOP,At Fire Station Valpoi ,Fire Station Valpoi
2025-12-23T01:25:44.788Z,GA07G2504 - Mid Size (Water Tender),15.5890983,73.9465083,0,STOP,At Fire Station Bicholim ,Fire Station Bicholim
2025-12-23T01:25:44.788Z,GA07G2503-Mid Size (Water Tender),15.5900233,73.80865,0,STOP,At Fire Station Mapusa,Fire Station Mapusa
2025-12-23T01:25:44.788Z,GA07G2502 - Mid Size (Water Tender),15.4870233,73.8172283,0,STOP,"Caculo Mall, 16 Shanta, St Inez Rd, Caculo Enclave, Santa Inez, Panaji, Goa (NW)",Fire Force Headquarters
2025-12-23T01:26:45.436Z,GA 07 G 0680-PIL(QUICK RESPONSE VEHICLE),15.5329733,73.7939283,0,STOP,At Fire Station Pilerne,Fire Station Pilerne
2025-12-23T01:26:45.436Z,GA07G2506 - Mid Size (Water Tender),15.500348,73.914085,0,INACTIVE,At Fire Station Old Goa,Fire Station Old Goa
2025-12-23T01:26:45.436Z,GA 07 G 5115-POR(MINI WATER TENDER),15.522988,73.829384,0,STOP,At Porvorim Fire Station,Fire Station Porvorim
2025-12-23T01:26:45.436Z,GA 07 G 0350-MRG(WATER TENDER),15.269428,73.970604,0,STOP,At Fire Station Margoa,Fire Station Margao
2025-12-23T01:26:45.436Z,GA 07 G 2900-MAP(MINI RESCUE TENDER),15.589908,73.808716,0,STOP,At Fire Station Mapusa,Fire Station Mapusa
2025-12-23T01:26:45.436Z,GA 07 G 7600-FFHQ(WATER BOUSER),15.487103,73.817108,0,STOP,"Caculo Mall, 16 Shanta, St Inez Rd, Caculo Enclave, Santa Inez, Panaji, Goa (NW)",Fire Force Headquarters
2025-12-23T01:26:45.436Z,GA 07 G 2002-FFHQ(TURN TABLE LADDER),15.48742,73.817375,0,STOP,"Caculo Mall, 16 Shanta, St Inez Rd, Caculo Enclave, Santa Inez, Panaji, Goa (NW)",Fire Force Headquarters
2025-12-23T01:26:45.436Z,GA 07 G 7101-FFHQ(WATER TENDER),15.486877,73.817055,0,STOP,"Caculo Mall, 16 Shanta, St Inez Rd, Caculo Enclave, Santa Inez, Panaji, Goa (NW)",Fire Force Headquarters
2025-12-23T01:26:45.436Z,GA 07 G 7677-FFHQ(EMERGENCY RESCUE),15.48719,73.817192,0,STOP,"Caculo Mall, 16 Shanta, St Inez Rd, Caculo Enclave, Santa Inez, Panaji, Goa (NW)",Fire Force Headquarters
2025-12-23T01:26:45.436Z,GA 07 G 1121-PNJ(EMERGENCY RESCUE),15.487292,73.817276,0,STOP,"Caculo Mall, 16 Shanta, St Inez Rd, Caculo Enclave, Santa Inez, Panaji, Goa (NW)",Fire Station Panaji
2025-12-23T01:26:45.436Z,GA 07 G 1571-FFHQ(QUICK RESPONSE),15.48666,73.817444,0,STOP,"Caculo Mall, 16 Shanta, St Inez Rd, Caculo Enclave, Santa Inez, Panaji, Goa (NW)",Fire Force Headquarters
2025-12-23T01:26:45.436Z,GA 07 G 8101-MAP(WATER TENDER),15.589937,73.80867,0,STOP,At Fire Station Mapusa,Fire Station Mapusa
2025-12-23T01:26:45.436Z,GA 07 G 2317-MRG(EMERGENCY RESCUE TENDER),15.26937,73.97019,0,STOP,At Fire Station Margoa,Fire Station Margao
2025-12-23T01:26:45.436Z,GA 07 G 1570-VAS(QUICK RESPONSE FIRE TENDER),15.3887783,73.8513266,0,STOP,At Fire Station Vasco,Fire Station Vasco
2025-12-23T01:26:45.436Z,GA 07 G 4101-VAS(MS WATER TENDER),15.3890783,73.85092,0,STOP,At Fire Station Vasco,Fire Station Vasco
2025-12-23T01:26:45.436Z,GA 07 G 0819-VAS(WATER/FOAM TENDER),15.3888217,73.8512367,0,IDLE,At Fire Station Vasco,Fire Station Vasco
2025-12-23T01:26:45.436Z,GA 07 G 7100-MRG(WATER BOUSER),15.2694566,73.97006,0,STOP,At Fire Station Margoa,Fire Station Margao
2025-12-23T01:26:45.436Z,GA 07 G 1568-MRG(QUICK RESPONSE ),15.269325,73.9706466,0,STOP,At Fire Station Margoa,Fire Station Margao
2025-12-23T01:26:45.436Z,GA 07 G 6101-MRG(WATER TENDER),15.2693733,73.9701416,0,STOP,At Fire Station Margoa,Fire Station Margao
2025-12-23T01:26:45.436Z,GA 07 G 1001-MRG(AERIAL LADDER PLATFORM),15.2695583,73.969735,0,STOP,At Fire Station Margoa,Fire Station Margao
2025-12-23T01:26:45.436Z,GA 07 G 0820-BIC(WATER TEDNER),15.4027094,74.0029172,0,STOP,At Fire Station Ponda ,Fire Station Bicholim
2025-12-23T01:26:45.436Z,GA 07 G 5101-OLG(MS WATER TENDER),15.5003033,73.91403,0,STOP,At Fire Station Old Goa,Fire Station Old Goa
2025-12-23T01:26:45.436Z,GA 07 G 3101-BIC(MS WATER TENDER),15.58892,73.9466383,0,STOP,At Fire Station Bicholim ,Fire Station Bicholim
2025-12-23T01:26:45.436Z,GA 07 G 1941-BIC(QUICK RESPONSE),15.5894533,73.9467033,0,STOP,At Fire Station Bicholim ,Fire Station Bicholim
2025-12-23T01:26:45.436Z,GA 07 G 2319-VAS (EMERGENCY RESCUE TENDER),15.3901916,73.8524983,0,STOP,"near melisa garage,NSD, Dabolim, Goa (SW)",Fire Station Vasco
2025-12-23T01:26:45.436Z,GA 07 G 3737-VAP(WATER TENDER),15.53099,74.1387199,0,STOP,At Fire Station Valpoi ,Fire Station Valpoi
2025-12-23T01:26:45.436Z,GA 07 G 2318-PND(EMERGENCY RESCUE TENDER),15.4028416,74.0028083,0,STOP,At Fire Station Ponda ,Fire Station Ponda
2025-12-23T01:26:45.436Z,GA 07 G 2004-PND(QUICK RESPONSE),15.4026666,74.0028483,0,STOP,At Fire Station Ponda ,Fire Station Ponda
2025-12-23T01:26:45.436Z,GA 07 G 9101-PND(WATER TENDER),15.402745,74.0028816,0,STOP,At Fire Station Ponda ,Fire Station Ponda
2025-12-23T01:26:45.436Z,GA 07 G 9797-PND(WATER BOUSER),15.402635,74.00284,0,STOP,At Fire Station Ponda ,Fire Station Ponda
2025-12-23T01:26:45.436Z,GA 07 G 6363-CAN(WATER TENDER),15.0236183,74.0440433,0,INACTIVE,"Canacona, The Lalitrajbaga ,Canacona, Canacona, Goa (NE)",Fire Station Canacona
2025-12-23T01:26:45.436Z,GA 07 G 1567-CAN(QUICK RESPONSE FT),15.0171383,74.0398266,32,INACTIVE,"Canacona, The Lalitrajbaga ,Canacona, Canacona, Goa (SW)",Fire Station Canacona
2025-12-23T01:26:45.436Z,GA 07 G 1569-VRN(QUICK RESPONSE),15.3694583,73.9356766,0,STOP,At Fire Station Verna,Fire Station Verna
2025-12-23T01:26:45.436Z,GA 07 G 9909-VRN(ADVANCE MULTI-PURPOSE),15.3695866,73.9351966,0,STOP,At Fire Station Verna,Fire Station Verna
2025-12-23T01:26:45.436Z,GA 07 G 1942-VAP(QUICK RESPONSE),15.5311233,74.1388183,0,STOP,At Fire Station Valpoi ,Fire Station Valpoi
2025-12-23T01:26:45.436Z,GA 07 G 2003-CUR(QUICK RESPONSE),15.2603983,74.1037033,0,STOP,At Fire Station Curchorem,Fire Station Curchorem
2025-12-23T01:26:45.436Z,GA 07 G 7447-CUR(EMERGENCY RESCUE),15.26048,74.1037033,0,STOP,At Fire Station Curchorem,Fire Station Curchorem
2025-12-23T01:26:45.436Z,GA 07 G 7557-CUR(WATER TENDER),15.26045,74.10345,0,STOP,At Fire Station Curchorem,Fire Station Curchorem
2025-12-23T01:26:45.436Z,GA 07 G 7667-CUR(WATER BOUSER),15.1454033,73.99108,0,STOP,"Shri Shantadurga fatarpekarin Temple, Fatorpa, Cuncolim, Goa (SW)",Fire Station Curchorem
2025-12-23T01:26:45.436Z,GA 07 G 4989-KUN(WATER TENDER),15.4630317,73.9725183,0,STOP,At Fire Station Kundaim,Fire Station Kundaim
2025-12-23T01:26:45.436Z,GA 07 G 2242-PIL(WATER TENDER),15.5328322,73.7941056,0,STOP,At Fire Station Pilerne,Fire Station Pilerne
2025-12-23T01:26:45.436Z,GA 07 G 0681-MAP(QUICK RESPONSE),15.589775,73.8087733,0,STOP,At Fire Station Mapusa,Fire Station Mapusa
2025-12-23T01:26:45.436Z,GA 07 G 0307-PER(QUICK RESPONSE),15.7164939,73.7974239,0,INACTIVE,At Fire Station Pernem,Fire Station Pernem
2025-12-23T01:26:45.436Z,GA 07 G 2101-PER(MS WATER TENDER),15.7163717,73.7975772,0,STOP,At Fire Station Pernem,Fire Station Pernem
2025-12-23T01:26:45.436Z,GA 07 G 4600-PER(MINI RESCUE TENDER),15.7165206,73.7975167,0,STOP,At Fire Station Pernem,Fire Station Pernem
2025-12-23T01:26:45.436Z,GA 07 G 7272-PNJ(WATER TENDER),15.4877517,73.8175178,0,STOP,"Goa College of Home Science, Dayanand Bandodkar Road, Opposite Parade Ground Campal,, Panaji, Goa (SE)",Fire Station Panaji
2025-12-23T01:26:45.436Z,GA07G2384- Cuncolim,15.1862206,74.0209944,0,STOP,At Fire Station Cuncolim,Fire Station Cuncolim
2025-12-23T01:26:45.436Z,GA07G2507 - Mid Size (Water Tender),15.7164733,73.7974933,0,STOP,At Fire Station Pernem,Fire Station Pernem
2025-12-23T01:26:45.436Z,GA07G2505 - Mid Size (Water Tender),15.530985,74.13868,0,STOP,At Fire Station Valpoi ,Fire Station Valpoi
2025-12-23T01:26:45.436Z,GA07G2504 - Mid Size (Water Tender),15.5890983,73.9465083,0,STOP,At Fire Station Bicholim ,Fire Station Bicholim
2025-12-23T01:26:45.436Z,GA07G2503-Mid Size (Water Tender),15.5900233,73.80865,0,STOP,At Fire Station Mapusa,Fire Station Mapusa
2025-12-23T01:26:45.436Z,GA07G2502 - Mid Size (Water Tender),15.4870233,73.8172283,0,STOP,"Caculo Mall, 16 Shanta, St Inez Rd, Caculo Enclave, Santa Inez, Panaji, Goa (NW)",Fire Force Headquarters
2025-12-23T01:27:43.349Z,GA 07 G 0680-PIL(QUICK RESPONSE VEHICLE),15.5329733,73.7939283,0,STOP,At Fire Station Pilerne,Fire Station Pilerne
2025-12-23T01:27:43.349Z,GA07G2506 - Mid Size (Water Tender),15.500348,73.914085,0,INACTIVE,At Fire Station Old Goa,Fire Station Old Goa
2025-12-23T01:27:43.349Z,GA 07 G 5115-POR(MINI WATER TENDER),15.522988,73.829384,0,STOP,At Porvorim Fire Station,Fire Station Porvorim
2025-12-23T01:27:43.349Z,GA 07 G 0350-MRG(WATER TENDER),15.269428,73.970604,0,STOP,At Fire Station Margoa,Fire Station Margao
2025-12-23T01:27:43.349Z,GA 07 G 2900-MAP(MINI RESCUE TENDER),15.589908,73.808716,0,STOP,At Fire Station Mapusa,Fire Station Mapusa
2025-12-23T01:27:43.349Z,GA 07 G 7600-FFHQ(WATER BOUSER),15.487103,73.817108,0,STOP,"Caculo Mall, 16 Shanta, St Inez Rd, Caculo Enclave, Santa Inez, Panaji, Goa (NW)",Fire Force Headquarters
2025-12-23T01:27:43.349Z,GA 07 G 2002-FFHQ(TURN TABLE LADDER),15.48742,73.817375,0,STOP,"Caculo Mall, 16 Shanta, St Inez Rd, Caculo Enclave, Santa Inez, Panaji, Goa (NW)",Fire Force Headquarters
2025-12-23T01:27:43.349Z,GA 07 G 7101-FFHQ(WATER TENDER),15.486877,73.817055,0,STOP,"Caculo Mall, 16 Shanta, St Inez Rd, Caculo Enclave, Santa Inez, Panaji, Goa (NW)",Fire Force Headquarters
2025-12-23T01:27:43.349Z,GA 07 G 7677-FFHQ(EMERGENCY RESCUE),15.48719,73.817192,0,STOP,"Caculo Mall, 16 Shanta, St Inez Rd, Caculo Enclave, Santa Inez, Panaji, Goa (NW)",Fire Force Headquarters
2025-12-23T01:27:43.349Z,GA 07 G 1121-PNJ(EMERGENCY RESCUE),15.487292,73.817276,0,STOP,"Caculo Mall, 16 Shanta, St Inez Rd, Caculo Enclave, Santa Inez, Panaji, Goa (NW)",Fire Station Panaji
2025-12-23T01:27:43.349Z,GA 07 G 1571-FFHQ(QUICK RESPONSE),15.48666,73.817444,0,STOP,"Caculo Mall, 16 Shanta, St Inez Rd, Caculo Enclave, Santa Inez, Panaji, Goa (NW)",Fire Force Headquarters
2025-12-23T01:27:43.349Z,GA 07 G 8101-MAP(WATER TENDER),15.589937,73.80867,0,STOP,At Fire Station Mapusa,Fire Station Mapusa
2025-12-23T01:27:43.349Z,GA 07 G 2317-MRG(EMERGENCY RESCUE TENDER),15.2694816,73.9702883,1,STOP,At Fire Station Margoa,Fire Station Margao
2025-12-23T01:27:43.349Z,GA 07 G 1570-VAS(QUICK RESPONSE FIRE TENDER),15.3887783,73.8513266,0,STOP,At Fire Station Vasco,Fire Station Vasco
2025-12-23T01:27:43.349Z,GA 07 G 4101-VAS(MS WATER TENDER),15.3890783,73.85092,0,STOP,At Fire Station Vasco,Fire Station Vasco
2025-12-23T01:27:43.349Z,GA 07 G 0819-VAS(WATER/FOAM TENDER),15.3888217,73.8512367,0,IDLE,At Fire Station Vasco,Fire Station Vasco
2025-12-23T01:27:43.349Z,GA 07 G 7100-MRG(WATER BOUSER),15.2694566,73.97006,0,STOP,At Fire Station Margoa,Fire Station Margao
2025-12-23T01:27:43.349Z,GA 07 G 1568-MRG(QUICK RESPONSE ),15.269325,73.9706466,0,STOP,At Fire Station Margoa,Fire Station Margao
2025-12-23T01:27:43.349Z,GA 07 G 6101-MRG(WATER TENDER),15.2693733,73.9701416,0,STOP,At Fire Station Margoa,Fire Station Margao
2025-12-23T01:27:43.349Z,GA 07 G 1001-MRG(AERIAL LADDER PLATFORM),15.2695583,73.969735,0,STOP,At Fire Station Margoa,Fire Station Margao
2025-12-23T01:27:43.349Z,GA 07 G 0820-BIC(WATER TEDNER),15.4027094,74.0029172,0,STOP,At Fire Station Ponda ,Fire Station Bicholim
2025-12-23T01:27:43.349Z,GA 07 G 5101-OLG(MS WATER TENDER),15.5003033,73.91403,0,STOP,At Fire Station Old Goa,Fire Station Old Goa
2025-12-23T01:27:43.349Z,GA 07 G 3101-BIC(MS WATER TENDER),15.58892,73.9466383,0,STOP,At Fire Station Bicholim ,Fire Station Bicholim
2025-12-23T01:27:43.349Z,GA 07 G 1941-BIC(QUICK RESPONSE),15.5894533,73.9467033,0,STOP,At Fire Station Bicholim ,Fire Station Bicholim
2025-12-23T01:27:43.349Z,GA 07 G 2319-VAS (EMERGENCY RESCUE TENDER),15.3901916,73.8524983,0,STOP,"near melisa garage,NSD, Dabolim, Goa (SW)",Fire Station Vasco
2025-12-23T01:27:43.349Z,GA 07 G 3737-VAP(WATER TENDER),15.53099,74.1387199,0,STOP,At Fire Station Valpoi ,Fire Station Valpoi
2025-12-23T01:27:43.349Z,GA 07 G 2318-PND(EMERGENCY RESCUE TENDER),15.4028416,74.0028083,0,STOP,At Fire Station Ponda ,Fire Station Ponda
2025-12-23T01:27:43.349Z,GA 07 G 2004-PND(QUICK RESPONSE),15.4026666,74.0028483,0,STOP,At Fire Station Ponda ,Fire Station Ponda
2025-12-23T01:27:43.349Z,GA 07 G 9101-PND(WATER TENDER),15.402745,74.0028816,0,STOP,At Fire Station Ponda ,Fire Station Ponda
2025-12-23T01:27:43.349Z,GA 07 G 9797-PND(WATER BOUSER),15.402635,74.00284,0,STOP,At Fire Station Ponda ,Fire Station Ponda
2025-12-23T01:27:43.349Z,GA 07 G 6363-CAN(WATER TENDER),15.0236183,74.0440433,0,INACTIVE,"Canacona, The Lalitrajbaga ,Canacona, Canacona, Goa (NE)",Fire Station Canacona
2025-12-23T01:27:43.349Z,GA 07 G 1567-CAN(QUICK RESPONSE FT),15.0171383,74.0398266,32,INACTIVE,"Canacona, The Lalitrajbaga ,Canacona, Canacona, Goa (SW)",Fire Station Canacona
2025-12-23T01:27:43.349Z,GA 07 G 1569-VRN(QUICK RESPONSE),15.3694583,73.9356766,0,STOP,At Fire Station Verna,Fire Station Verna
2025-12-23T01:27:43.349Z,GA 07 G 9909-VRN(ADVANCE MULTI-PURPOSE),15.3695866,73.9351966,0,STOP,At Fire Station Verna,Fire Station Verna
2025-12-23T01:27:43.349Z,GA 07 G 1942-VAP(QUICK RESPONSE),15.5311233,74.1388183,0,STOP,At Fire Station Valpoi ,Fire Station Valpoi
2025-12-23T01:27:43.349Z,GA 07 G 2003-CUR(QUICK RESPONSE),15.2603983,74.1037033,0,STOP,At Fire Station Curchorem,Fire Station Curchorem
2025-12-23T01:27:43.349Z,GA 07 G 7447-CUR(EMERGENCY RESCUE),15.26048,74.1037033,0,STOP,At Fire Station Curchorem,Fire Station Curchorem
2025-12-23T01:27:43.349Z,GA 07 G 7557-CUR(WATER TENDER),15.26045,74.10345,0,STOP,At Fire Station Curchorem,Fire Station Curchorem
2025-12-23T01:27:43.349Z,GA 07 G 7667-CUR(WATER BOUSER),15.1454033,73.99108,0,STOP,"Shri Shantadurga fatarpekarin Temple, Fatorpa, Cuncolim, Goa (SW)",Fire Station Curchorem
2025-12-23T01:27:43.349Z,GA 07 G 4989-KUN(WATER TENDER),15.4630317,73.9725183,0,STOP,At Fire Station Kundaim,Fire Station Kundaim
2025-12-23T01:27:43.349Z,GA 07 G 2242-PIL(WATER TENDER),15.5328322,73.7941056,0,STOP,At Fire Station Pilerne,Fire Station Pilerne
2025-12-23T01:27:43.349Z,GA 07 G 0681-MAP(QUICK RESPONSE),15.589775,73.8087733,0,STOP,At Fire Station Mapusa,Fire Station Mapusa
2025-12-23T01:27:43.349Z,GA 07 G 0307-PER(QUICK RESPONSE),15.7164939,73.7974239,0,INACTIVE,At Fire Station Pernem,Fire Station Pernem
2025-12-23T01:27:43.349Z,GA 07 G 2101-PER(MS WATER TENDER),15.7163717,73.7975772,0,STOP,At Fire Station Pernem,Fire Station Pernem
2025-12-23T01:27:43.349Z,GA 07 G 4600-PER(MINI RESCUE TENDER),15.7165206,73.7975167,0,STOP,At Fire Station Pernem,Fire Station Pernem
2025-12-23T01:27:43.349Z,GA 07 G 7272-PNJ(WATER TENDER),15.4877517,73.8175178,0,STOP,"Goa College of Home Science, Dayanand Bandodkar Road, Opposite Parade Ground Campal,, Panaji, Goa (SE)",Fire Station Panaji
2025-12-23T01:27:43.349Z,GA07G2384- Cuncolim,15.1862206,74.0209944,0,STOP,At Fire Station Cuncolim,Fire Station Cuncolim
2025-12-23T01:27:43.349Z,GA07G2507 - Mid Size (Water Tender),15.7164733,73.7974933,0,STOP,At Fire Station Pernem,Fire Station Pernem
2025-12-23T01:27:43.349Z,GA07G2505 - Mid Size (Water Tender),15.530985,74.13868,0,STOP,At Fire Station Valpoi ,Fire Station Valpoi
2025-12-23T01:27:43.349Z,GA07G2504 - Mid Size (Water Tender),15.5890983,73.9465083,0,STOP,At Fire Station Bicholim ,Fire Station Bicholim
2025-12-23T01:27:43.349Z,GA07G2503-Mid Size (Water Tender),15.5900233,73.80865,0,STOP,At Fire Station Mapusa,Fire Station Mapusa
2025-12-23T01:27:43.349Z,GA07G2502 - Mid Size (Water Tender),15.4870233,73.8172283,0,STOP,"Caculo Mall, 16 Shanta, St Inez Rd, Caculo Enclave, Santa Inez, Panaji, Goa (NW)",Fire Force Headquarters
2025-12-23T01:28:41.232Z,GA 07 G 0680-PIL(QUICK RESPONSE VEHICLE),15.5329733,73.7939283,0,STOP,At Fire Station Pilerne,Fire Station Pilerne
2025-12-23T01:28:41.232Z,GA07G2506 - Mid Size (Water Tender),15.500348,73.914085,0,INACTIVE,At Fire Station Old Goa,Fire Station Old Goa
2025-12-23T01:28:41.232Z,GA 07 G 5115-POR(MINI WATER TENDER),15.522988,73.829384,0,STOP,At Porvorim Fire Station,Fire Station Porvorim
2025-12-23T01:28:41.232Z,GA 07 G 0350-MRG(WATER TENDER),15.269428,73.970604,0,STOP,At Fire Station Margoa,Fire Station Margao
2025-12-23T01:28:41.232Z,GA 07 G 2900-MAP(MINI RESCUE TENDER),15.589908,73.808716,0,STOP,At Fire Station Mapusa,Fire Station Mapusa
2025-12-23T01:28:41.232Z,GA 07 G 7600-FFHQ(WATER BOUSER),15.487103,73.817108,0,STOP,"Caculo Mall, 16 Shanta, St Inez Rd, Caculo Enclave, Santa Inez, Panaji, Goa (NW)",Fire Force Headquarters
2025-12-23T01:28:41.232Z,GA 07 G 2002-FFHQ(TURN TABLE LADDER),15.48742,73.817375,0,STOP,"Caculo Mall, 16 Shanta, St Inez Rd, Caculo Enclave, Santa Inez, Panaji, Goa (NW)",Fire Force Headquarters
2025-12-23T01:28:41.232Z,GA 07 G 7101-FFHQ(WATER TENDER),15.486877,73.817055,0,STOP,"Caculo Mall, 16 Shanta, St Inez Rd, Caculo Enclave, Santa Inez, Panaji, Goa (NW)",Fire Force Headquarters
2025-12-23T01:28:41.232Z,GA 07 G 7677-FFHQ(EMERGENCY RESCUE),15.48719,73.817192,0,STOP,"Caculo Mall, 16 Shanta, St Inez Rd, Caculo Enclave, Santa Inez, Panaji, Goa (NW)",Fire Force Headquarters
2025-12-23T01:28:41.232Z,GA 07 G 1121-PNJ(EMERGENCY RESCUE),15.487292,73.817276,0,STOP,"Caculo Mall, 16 Shanta, St Inez Rd, Caculo Enclave, Santa Inez, Panaji, Goa (NW)",Fire Station Panaji
2025-12-23T01:28:41.232Z,GA 07 G 1571-FFHQ(QUICK RESPONSE),15.48666,73.817444,0,STOP,"Caculo Mall, 16 Shanta, St Inez Rd, Caculo Enclave, Santa Inez, Panaji, Goa (NW)",Fire Force Headquarters
2025-12-23T01:28:41.232Z,GA 07 G 8101-MAP(WATER TENDER),15.589937,73.80867,0,STOP,At Fire Station Mapusa,Fire Station Mapusa
2025-12-23T01:28:41.232Z,GA 07 G 2317-MRG(EMERGENCY RESCUE TENDER),15.269385,73.9701983,0,STOP,At Fire Station Margoa,Fire Station Margao
2025-12-23T01:28:41.232Z,GA 07 G 1570-VAS(QUICK RESPONSE FIRE TENDER),15.3887783,73.8513266,0,STOP,At Fire Station Vasco,Fire Station Vasco
2025-12-23T01:28:41.232Z,GA 07 G 4101-VAS(MS WATER TENDER),15.3890783,73.85092,0,STOP,At Fire Station Vasco,Fire Station Vasco
2025-12-23T01:28:41.232Z,GA 07 G 0819-VAS(WATER/FOAM TENDER),15.3888217,73.8512367,0,IDLE,At Fire Station Vasco,Fire Station Vasco
2025-12-23T01:28:41.232Z,GA 07 G 7100-MRG(WATER BOUSER),15.2694566,73.97006,0,STOP,At Fire Station Margoa,Fire Station Margao
2025-12-23T01:28:41.232Z,GA 07 G 1568-MRG(QUICK RESPONSE ),15.269325,73.9706466,0,STOP,At Fire Station Margoa,Fire Station Margao
2025-12-23T01:28:41.232Z,GA 07 G 6101-MRG(WATER TENDER),15.2693733,73.9701416,0,STOP,At Fire Station Margoa,Fire Station Margao
2025-12-23T01:28:41.232Z,GA 07 G 1001-MRG(AERIAL LADDER PLATFORM),15.2695583,73.969735,0,STOP,At Fire Station Margoa,Fire Station Margao
2025-12-23T01:28:41.232Z,GA 07 G 0820-BIC(WATER TEDNER),15.4027094,74.0029172,0,STOP,At Fire Station Ponda ,Fire Station Bicholim
2025-12-23T01:28:41.232Z,GA 07 G 5101-OLG(MS WATER TENDER),15.5003033,73.91403,0,STOP,At Fire Station Old Goa,Fire Station Old Goa
2025-12-23T01:28:41.232Z,GA 07 G 3101-BIC(MS WATER TENDER),15.58892,73.9466383,0,STOP,At Fire Station Bicholim ,Fire Station Bicholim
2025-12-23T01:28:41.232Z,GA 07 G 1941-BIC(QUICK RESPONSE),15.5894533,73.9467033,0,STOP,At Fire Station Bicholim ,Fire Station Bicholim
2025-12-23T01:28:41.232Z,GA 07 G 2319-VAS (EMERGENCY RESCUE TENDER),15.3901916,73.8524983,0,STOP,"near melisa garage,NSD, Dabolim, Goa (SW)",Fire Station Vasco
2025-12-23T01:28:41.232Z,GA 07 G 3737-VAP(WATER TENDER),15.53099,74.1387199,0,STOP,At Fire Station Valpoi ,Fire Station Valpoi
2025-12-23T01:28:41.232Z,GA 07 G 2318-PND(EMERGENCY RESCUE TENDER),15.4028416,74.0028083,0,STOP,At Fire Station Ponda ,Fire Station Ponda
2025-12-23T01:28:41.232Z,GA 07 G 2004-PND(QUICK RESPONSE),15.4026666,74.0028483,0,STOP,At Fire Station Ponda ,Fire Station Ponda
2025-12-23T01:28:41.232Z,GA 07 G 9101-PND(WATER TENDER),15.402745,74.0028816,0,STOP,At Fire Station Ponda ,Fire Station Ponda
2025-12-23T01:28:41.232Z,GA 07 G 9797-PND(WATER BOUSER),15.402635,74.00284,0,STOP,At Fire Station Ponda ,Fire Station Ponda
2025-12-23T01:28:41.232Z,GA 07 G 6363-CAN(WATER TENDER),15.0236183,74.0440433,0,INACTIVE,"Canacona, The Lalitrajbaga ,Canacona, Canacona, Goa (NE)",Fire Station Canacona
2025-12-23T01:28:41.232Z,GA 07 G 1567-CAN(QUICK RESPONSE FT),15.0171383,74.0398266,32,INACTIVE,"Canacona, The Lalitrajbaga ,Canacona, Canacona, Goa (SW)",Fire Station Canacona
2025-12-23T01:28:41.232Z,GA 07 G 1569-VRN(QUICK RESPONSE),15.3694583,73.9356766,0,STOP,At Fire Station Verna,Fire Station Verna
2025-12-23T01:28:41.232Z,GA 07 G 9909-VRN(ADVANCE MULTI-PURPOSE),15.3695866,73.9351966,0,STOP,At Fire Station Verna,Fire Station Verna
2025-12-23T01:28:41.232Z,GA 07 G 1942-VAP(QUICK RESPONSE),15.5311233,74.1388183,0,STOP,At Fire Station Valpoi ,Fire Station Valpoi
2025-12-23T01:28:41.232Z,GA 07 G 2003-CUR(QUICK RESPONSE),15.2603983,74.1037033,0,STOP,At Fire Station Curchorem,Fire Station Curchorem
2025-12-23T01:28:41.232Z,GA 07 G 7447-CUR(EMERGENCY RESCUE),15.26048,74.1037033,0,STOP,At Fire Station Curchorem,Fire Station Curchorem
2025-12-23T01:28:41.232Z,GA 07 G 7557-CUR(WATER TENDER),15.26045,74.10345,0,STOP,At Fire Station Curchorem,Fire Station Curchorem
2025-12-23T01:28:41.232Z,GA 07 G 7667-CUR(WATER BOUSER),15.1454033,73.99108,0,STOP,"Shri Shantadurga fatarpekarin Temple, Fatorpa, Cuncolim, Goa (SW)",Fire Station Curchorem
2025-12-23T01:28:41.232Z,GA 07 G 4989-KUN(WATER TENDER),15.4630317,73.9725183,0,STOP,At Fire Station Kundaim,Fire Station Kundaim
2025-12-23T01:28:41.232Z,GA 07 G 2242-PIL(WATER TENDER),15.5328322,73.7941056,0,STOP,At Fire Station Pilerne,Fire Station Pilerne
2025-12-23T01:28:41.232Z,GA 07 G 0681-MAP(QUICK RESPONSE),15.589775,73.8087733,0,STOP,At Fire Station Mapusa,Fire Station Mapusa
2025-12-23T01:28:41.232Z,GA 07 G 0307-PER(QUICK RESPONSE),15.7164939,73.7974239,0,INACTIVE,At Fire Station Pernem,Fire Station Pernem
2025-12-23T01:28:41.232Z,GA 07 G 2101-PER(MS WATER TENDER),15.7163717,73.7975772,0,STOP,At Fire Station Pernem,Fire Station Pernem
2025-12-23T01:28:41.232Z,GA 07 G 4600-PER(MINI RESCUE TENDER),15.7165206,73.7975167,0,STOP,At Fire Station Pernem,Fire Station Pernem
2025-12-23T01:28:41.232Z,GA 07 G 7272-PNJ(WATER TENDER),15.4877517,73.8175178,0,STOP,"Goa College of Home Science, Dayanand Bandodkar Road, Opposite Parade Ground Campal,, Panaji, Goa (SE)",Fire Station Panaji
2025-12-23T01:28:41.232Z,GA07G2384- Cuncolim,15.1862206,74.0209944,0,STOP,At Fire Station Cuncolim,Fire Station Cuncolim
2025-12-23T01:28:41.232Z,GA07G2507 - Mid Size (Water Tender),15.7164733,73.7974933,0,STOP,At Fire Station Pernem,Fire Station Pernem
2025-12-23T01:28:41.232Z,GA07G2505 - Mid Size (Water Tender),15.530985,74.13868,0,STOP,At Fire Station Valpoi ,Fire Station Valpoi
2025-12-23T01:28:41.232Z,GA07G2504 - Mid Size (Water Tender),15.5890983,73.9465083,0,STOP,At Fire Station Bicholim ,Fire Station Bicholim
2025-12-23T01:28:41.232Z,GA07G2503-Mid Size (Water Tender),15.5900233,73.80865,0,STOP,At Fire Station Mapusa,Fire Station Mapusa
2025-12-23T01:28:41.232Z,GA07G2502 - Mid Size (Water Tender),15.4870233,73.8172283,0,STOP,"Caculo Mall, 16 Shanta, St Inez Rd, Caculo Enclave, Santa Inez, Panaji, Goa (NW)",Fire Force Headquarters
2025-12-23T01:29:43.442Z,GA 07 G 0680-PIL(QUICK RESPONSE VEHICLE),15.5329733,73.7939283,0,STOP,At Fire Station Pilerne,Fire Station Pilerne
2025-12-23T01:29:43.442Z,GA07G2506 - Mid Size (Water Tender),15.500348,73.914085,0,INACTIVE,At Fire Station Old Goa,Fire Station Old Goa
2025-12-23T01:29:43.442Z,GA 07 G 5115-POR(MINI WATER TENDER),15.522988,73.829384,0,STOP,At Porvorim Fire Station,Fire Station Porvorim
2025-12-23T01:29:43.442Z,GA 07 G 0350-MRG(WATER TENDER),15.269428,73.970604,0,STOP,At Fire Station Margoa,Fire Station Margao
2025-12-23T01:29:43.442Z,GA 07 G 2900-MAP(MINI RESCUE TENDER),15.589908,73.808716,0,STOP,At Fire Station Mapusa,Fire Station Mapusa
2025-12-23T01:29:43.442Z,GA 07 G 7600-FFHQ(WATER BOUSER),15.487103,73.817108,0,STOP,"Caculo Mall, 16 Shanta, St Inez Rd, Caculo Enclave, Santa Inez, Panaji, Goa (NW)",Fire Force Headquarters
2025-12-23T01:29:43.442Z,GA 07 G 2002-FFHQ(TURN TABLE LADDER),15.48742,73.817375,0,STOP,"Caculo Mall, 16 Shanta, St Inez Rd, Caculo Enclave, Santa Inez, Panaji, Goa (NW)",Fire Force Headquarters
2025-12-23T01:29:43.442Z,GA 07 G 7101-FFHQ(WATER TENDER),15.486877,73.817055,0,STOP,"Caculo Mall, 16 Shanta, St Inez Rd, Caculo Enclave, Santa Inez, Panaji, Goa (NW)",Fire Force Headquarters
2025-12-23T01:29:43.442Z,GA 07 G 7677-FFHQ(EMERGENCY RESCUE),15.48719,73.817192,0,STOP,"Caculo Mall, 16 Shanta, St Inez Rd, Caculo Enclave, Santa Inez, Panaji, Goa (NW)",Fire Force Headquarters
2025-12-23T01:29:43.442Z,GA 07 G 1121-PNJ(EMERGENCY RESCUE),15.487292,73.817276,0,STOP,"Caculo Mall, 16 Shanta, St Inez Rd, Caculo Enclave, Santa Inez, Panaji, Goa (NW)",Fire Station Panaji
2025-12-23T01:29:43.442Z,GA 07 G 1571-FFHQ(QUICK RESPONSE),15.48666,73.817444,0,STOP,"Caculo Mall, 16 Shanta, St Inez Rd, Caculo Enclave, Santa Inez, Panaji, Goa (NW)",Fire Force Headquarters
2025-12-23T01:29:43.442Z,GA 07 G 8101-MAP(WATER TENDER),15.589937,73.80867,0,STOP,At Fire Station Mapusa,Fire Station Mapusa
2025-12-23T01:29:43.442Z,GA 07 G 2317-MRG(EMERGENCY RESCUE TENDER),15.2692683,73.97006,2,STOP,At Fire Station Margoa,Fire Station Margao
2025-12-23T01:29:43.442Z,GA 07 G 1570-VAS(QUICK RESPONSE FIRE TENDER),15.3887783,73.8513266,0,STOP,At Fire Station Vasco,Fire Station Vasco
2025-12-23T01:29:43.442Z,GA 07 G 4101-VAS(MS WATER TENDER),15.3890783,73.85092,0,STOP,At Fire Station Vasco,Fire Station Vasco
2025-12-23T01:29:43.442Z,GA 07 G 0819-VAS(WATER/FOAM TENDER),15.3888217,73.8512367,0,IDLE,At Fire Station Vasco,Fire Station Vasco
2025-12-23T01:29:43.442Z,GA 07 G 7100-MRG(WATER BOUSER),15.2694566,73.97006,0,STOP,At Fire Station Margoa,Fire Station Margao
2025-12-23T01:29:43.442Z,GA 07 G 1568-MRG(QUICK RESPONSE ),15.269325,73.9706466,0,STOP,At Fire Station Margoa,Fire Station Margao
2025-12-23T01:29:43.442Z,GA 07 G 6101-MRG(WATER TENDER),15.2693733,73.9701416,0,STOP,At Fire Station Margoa,Fire Station Margao
2025-12-23T01:29:43.442Z,GA 07 G 1001-MRG(AERIAL LADDER PLATFORM),15.2695583,73.969735,0,STOP,At Fire Station Margoa,Fire Station Margao
2025-12-23T01:29:43.442Z,GA 07 G 0820-BIC(WATER TEDNER),15.4027094,74.0029172,0,STOP,At Fire Station Ponda ,Fire Station Bicholim
2025-12-23T01:29:43.442Z,GA 07 G 5101-OLG(MS WATER TENDER),15.5003033,73.91403,0,STOP,At Fire Station Old Goa,Fire Station Old Goa
2025-12-23T01:29:43.442Z,GA 07 G 3101-BIC(MS WATER TENDER),15.58892,73.9466383,0,STOP,At Fire Station Bicholim ,Fire Station Bicholim
2025-12-23T01:29:43.442Z,GA 07 G 1941-BIC(QUICK RESPONSE),15.5894533,73.9467033,0,STOP,At Fire Station Bicholim ,Fire Station Bicholim
2025-12-23T01:29:43.442Z,GA 07 G 2319-VAS (EMERGENCY RESCUE TENDER),15.3901916,73.8524983,0,STOP,"near melisa garage,NSD, Dabolim, Goa (SW)",Fire Station Vasco
2025-12-23T01:29:43.442Z,GA 07 G 3737-VAP(WATER TENDER),15.53099,74.1387199,0,STOP,At Fire Station Valpoi ,Fire Station Valpoi
2025-12-23T01:29:43.442Z,GA 07 G 2318-PND(EMERGENCY RESCUE TENDER),15.4028416,74.0028083,0,STOP,At Fire Station Ponda ,Fire Station Ponda
2025-12-23T01:29:43.442Z,GA 07 G 2004-PND(QUICK RESPONSE),15.4026666,74.0028483,0,STOP,At Fire Station Ponda ,Fire Station Ponda
2025-12-23T01:29:43.442Z,GA 07 G 9101-PND(WATER TENDER),15.402745,74.0028816,0,STOP,At Fire Station Ponda ,Fire Station Ponda
2025-12-23T01:29:43.442Z,GA 07 G 9797-PND(WATER BOUSER),15.402635,74.00284,0,STOP,At Fire Station Ponda ,Fire Station Ponda
2025-12-23T01:29:43.442Z,GA 07 G 6363-CAN(WATER TENDER),15.0236183,74.0440433,0,INACTIVE,"Canacona, The Lalitrajbaga ,Canacona, Canacona, Goa (NE)",Fire Station Canacona
2025-12-23T01:29:43.442Z,GA 07 G 1567-CAN(QUICK RESPONSE FT),15.0171383,74.0398266,32,INACTIVE,"Canacona, The Lalitrajbaga ,Canacona, Canacona, Goa (SW)",Fire Station Canacona
2025-12-23T01:29:43.442Z,GA 07 G 1569-VRN(QUICK RESPONSE),15.3694583,73.9356766,0,STOP,At Fire Station Verna,Fire Station Verna
2025-12-23T01:29:43.442Z,GA 07 G 9909-VRN(ADVANCE MULTI-PURPOSE),15.3695866,73.9351966,0,STOP,At Fire Station Verna,Fire Station Verna
2025-12-23T01:29:43.442Z,GA 07 G 1942-VAP(QUICK RESPONSE),15.5311233,74.1388183,0,STOP,At Fire Station Valpoi ,Fire Station Valpoi
2025-12-23T01:29:43.442Z,GA 07 G 2003-CUR(QUICK RESPONSE),15.2603983,74.1037033,0,STOP,At Fire Station Curchorem,Fire Station Curchorem
2025-12-23T01:29:43.442Z,GA 07 G 7447-CUR(EMERGENCY RESCUE),15.26048,74.1037033,0,STOP,At Fire Station Curchorem,Fire Station Curchorem
2025-12-23T01:29:43.442Z,GA 07 G 7557-CUR(WATER TENDER),15.26045,74.10345,0,STOP,At Fire Station Curchorem,Fire Station Curchorem
2025-12-23T01:29:43.442Z,GA 07 G 7667-CUR(WATER BOUSER),15.1454033,73.99108,0,STOP,"Shri Shantadurga fatarpekarin Temple, Fatorpa, Cuncolim, Goa (SW)",Fire Station Curchorem
2025-12-23T01:29:43.442Z,GA 07 G 4989-KUN(WATER TENDER),15.4630317,73.9725183,0,STOP,At Fire Station Kundaim,Fire Station Kundaim
2025-12-23T01:29:43.442Z,GA 07 G 2242-PIL(WATER TENDER),15.5328322,73.7941056,0,STOP,At Fire Station Pilerne,Fire Station Pilerne
2025-12-23T01:29:43.442Z,GA 07 G 0681-MAP(QUICK RESPONSE),15.589775,73.8087733,0,STOP,At Fire Station Mapusa,Fire Station Mapusa
2025-12-23T01:29:43.442Z,GA 07 G 0307-PER(QUICK RESPONSE),15.7164939,73.7974239,0,INACTIVE,At Fire Station Pernem,Fire Station Pernem
2025-12-23T01:29:43.442Z,GA 07 G 2101-PER(MS WATER TENDER),15.7163717,73.7975772,0,STOP,At Fire Station Pernem,Fire Station Pernem
2025-12-23T01:29:43.442Z,GA 07 G 4600-PER(MINI RESCUE TENDER),15.7165206,73.7975167,0,STOP,At Fire Station Pernem,Fire Station Pernem
2025-12-23T01:29:43.442Z,GA 07 G 7272-PNJ(WATER TENDER),15.4877517,73.8175178,0,STOP,"Goa College of Home Science, Dayanand Bandodkar Road, Opposite Parade Ground Campal,, Panaji, Goa (SE)",Fire Station Panaji
2025-12-23T01:29:43.442Z,GA07G2384- Cuncolim,15.1862206,74.0209944,0,STOP,At Fire Station Cuncolim,Fire Station Cuncolim
2025-12-23T01:29:43.442Z,GA07G2507 - Mid Size (Water Tender),15.7164733,73.7974933,0,STOP,At Fire Station Pernem,Fire Station Pernem
2025-12-23T01:29:43.442Z,GA07G2505 - Mid Size (Water Tender),15.530985,74.13868,0,STOP,At Fire Station Valpoi ,Fire Station Valpoi
2025-12-23T01:29:43.442Z,GA07G2504 - Mid Size (Water Tender),15.5890983,73.9465083,0,STOP,At Fire Station Bicholim ,Fire Station Bicholim
2025-12-23T01:29:43.442Z,GA07G2503-Mid Size (Water Tender),15.5900233,73.80865,0,STOP,At Fire Station Mapusa,Fire Station Mapusa
2025-12-23T01:29:43.442Z,GA07G2502 - Mid Size (Water Tender),15.4870233,73.8172283,0,STOP,"Caculo Mall, 16 Shanta, St Inez Rd, Caculo Enclave, Santa Inez, Panaji, Goa (NW)",Fire Force Headquarters
2025-12-23T01:30:41.497Z,GA 07 G 0680-PIL(QUICK RESPONSE VEHICLE),15.5329733,73.7939283,0,STOP,At Fire Station Pilerne,Fire Station Pilerne
2025-12-23T01:30:41.497Z,GA07G2506 - Mid Size (Water Tender),15.500348,73.914085,0,INACTIVE,At Fire Station Old Goa,Fire Station Old Goa
2025-12-23T01:30:41.497Z,GA 07 G 5115-POR(MINI WATER TENDER),15.522988,73.829384,0,STOP,At Porvorim Fire Station,Fire Station Porvorim
2025-12-23T01:30:41.497Z,GA 07 G 0350-MRG(WATER TENDER),15.269428,73.970604,0,STOP,At Fire Station Margoa,Fire Station Margao
2025-12-23T01:30:41.497Z,GA 07 G 2900-MAP(MINI RESCUE TENDER),15.589908,73.808716,0,STOP,At Fire Station Mapusa,Fire Station Mapusa
2025-12-23T01:30:41.497Z,GA 07 G 7600-FFHQ(WATER BOUSER),15.487258,73.817093,0,RUNNING,"Caculo Mall, 16 Shanta, St Inez Rd, Caculo Enclave, Santa Inez, Panaji, Goa (NW)",Fire Force Headquarters
2025-12-23T01:30:41.497Z,GA 07 G 2002-FFHQ(TURN TABLE LADDER),15.48742,73.817375,0,STOP,"Caculo Mall, 16 Shanta, St Inez Rd, Caculo Enclave, Santa Inez, Panaji, Goa (NW)",Fire Force Headquarters
2025-12-23T01:30:41.497Z,GA 07 G 7101-FFHQ(WATER TENDER),15.486877,73.817055,0,STOP,"Caculo Mall, 16 Shanta, St Inez Rd, Caculo Enclave, Santa Inez, Panaji, Goa (NW)",Fire Force Headquarters
2025-12-23T01:30:41.497Z,GA 07 G 7677-FFHQ(EMERGENCY RESCUE),15.48719,73.817192,0,STOP,"Caculo Mall, 16 Shanta, St Inez Rd, Caculo Enclave, Santa Inez, Panaji, Goa (NW)",Fire Force Headquarters
2025-12-23T01:30:41.497Z,GA 07 G 1121-PNJ(EMERGENCY RESCUE),15.487292,73.817276,0,STOP,"Caculo Mall, 16 Shanta, St Inez Rd, Caculo Enclave, Santa Inez, Panaji, Goa (NW)",Fire Station Panaji
2025-12-23T01:30:41.497Z,GA 07 G 1571-FFHQ(QUICK RESPONSE),15.48666,73.817444,0,STOP,"Caculo Mall, 16 Shanta, St Inez Rd, Caculo Enclave, Santa Inez, Panaji, Goa (NW)",Fire Force Headquarters
2025-12-23T01:30:41.497Z,GA 07 G 8101-MAP(WATER TENDER),15.589937,73.80867,0,STOP,At Fire Station Mapusa,Fire Station Mapusa
2025-12-23T01:30:41.497Z,GA 07 G 2317-MRG(EMERGENCY RESCUE TENDER),15.2692683,73.97006,2,STOP,At Fire Station Margoa,Fire Station Margao
2025-12-23T01:30:41.497Z,GA 07 G 1570-VAS(QUICK RESPONSE FIRE TENDER),15.3887783,73.8513266,0,STOP,At Fire Station Vasco,Fire Station Vasco
2025-12-23T01:30:41.497Z,GA 07 G 4101-VAS(MS WATER TENDER),15.3890783,73.85092,0,STOP,At Fire Station Vasco,Fire Station Vasco
2025-12-23T01:30:41.497Z,GA 07 G 0819-VAS(WATER/FOAM TENDER),15.3888217,73.8512367,0,IDLE,At Fire Station Vasco,Fire Station Vasco
2025-12-23T01:30:41.497Z,GA 07 G 7100-MRG(WATER BOUSER),15.2694566,73.97006,0,STOP,At Fire Station Margoa,Fire Station Margao
2025-12-23T01:30:41.497Z,GA 07 G 1568-MRG(QUICK RESPONSE ),15.269325,73.9706466,0,STOP,At Fire Station Margoa,Fire Station Margao
2025-12-23T01:30:41.497Z,GA 07 G 6101-MRG(WATER TENDER),15.2693733,73.9701416,0,STOP,At Fire Station Margoa,Fire Station Margao
2025-12-23T01:30:41.497Z,GA 07 G 1001-MRG(AERIAL LADDER PLATFORM),15.2695583,73.969735,0,STOP,At Fire Station Margoa,Fire Station Margao
2025-12-23T01:30:41.497Z,GA 07 G 0820-BIC(WATER TEDNER),15.4027094,74.0029172,0,STOP,At Fire Station Ponda ,Fire Station Bicholim
2025-12-23T01:30:41.497Z,GA 07 G 5101-OLG(MS WATER TENDER),15.5003033,73.91403,0,STOP,At Fire Station Old Goa,Fire Station Old Goa
2025-12-23T01:30:41.497Z,GA 07 G 3101-BIC(MS WATER TENDER),15.58892,73.9466383,0,STOP,At Fire Station Bicholim ,Fire Station Bicholim
2025-12-23T01:30:41.497Z,GA 07 G 1941-BIC(QUICK RESPONSE),15.5894533,73.9467033,0,STOP,At Fire Station Bicholim ,Fire Station Bicholim
2025-12-23T01:30:41.497Z,GA 07 G 2319-VAS (EMERGENCY RESCUE TENDER),15.3901916,73.8524983,0,STOP,"near melisa garage,NSD, Dabolim, Goa (SW)",Fire Station Vasco
2025-12-23T01:30:41.497Z,GA 07 G 3737-VAP(WATER TENDER),15.53099,74.1387199,0,STOP,At Fire Station Valpoi ,Fire Station Valpoi
2025-12-23T01:30:41.497Z,GA 07 G 2318-PND(EMERGENCY RESCUE TENDER),15.4028416,74.0028083,0,STOP,At Fire Station Ponda ,Fire Station Ponda
2025-12-23T01:30:41.497Z,GA 07 G 2004-PND(QUICK RESPONSE),15.4026666,74.0028483,0,STOP,At Fire Station Ponda ,Fire Station Ponda
2025-12-23T01:30:41.497Z,GA 07 G 9101-PND(WATER TENDER),15.402745,74.0028816,0,STOP,At Fire Station Ponda ,Fire Station Ponda
2025-12-23T01:30:41.497Z,GA 07 G 9797-PND(WATER BOUSER),15.402635,74.00284,0,STOP,At Fire Station Ponda ,Fire Station Ponda
2025-12-23T01:30:41.497Z,GA 07 G 6363-CAN(WATER TENDER),15.0236183,74.0440433,0,INACTIVE,"Canacona, The Lalitrajbaga ,Canacona, Canacona, Goa (NE)",Fire Station Canacona
2025-12-23T01:30:41.497Z,GA 07 G 1567-CAN(QUICK RESPONSE FT),15.0171383,74.0398266,32,INACTIVE,"Canacona, The Lalitrajbaga ,Canacona, Canacona, Goa (SW)",Fire Station Canacona
2025-12-23T01:30:41.497Z,GA 07 G 1569-VRN(QUICK RESPONSE),15.3694583,73.9356766,0,STOP,At Fire Station Verna,Fire Station Verna
2025-12-23T01:30:41.497Z,GA 07 G 9909-VRN(ADVANCE MULTI-PURPOSE),15.3695866,73.9351966,0,STOP,At Fire Station Verna,Fire Station Verna
2025-12-23T01:30:41.497Z,GA 07 G 1942-VAP(QUICK RESPONSE),15.5311233,74.1388183,0,STOP,At Fire Station Valpoi ,Fire Station Valpoi
2025-12-23T01:30:41.497Z,GA 07 G 2003-CUR(QUICK RESPONSE),15.2603983,74.1037033,0,STOP,At Fire Station Curchorem,Fire Station Curchorem
2025-12-23T01:30:41.497Z,GA 07 G 7447-CUR(EMERGENCY RESCUE),15.26048,74.1037033,0,STOP,At Fire Station Curchorem,Fire Station Curchorem
2025-12-23T01:30:41.497Z,GA 07 G 7557-CUR(WATER TENDER),15.26045,74.10345,0,STOP,At Fire Station Curchorem,Fire Station Curchorem
2025-12-23T01:30:41.497Z,GA 07 G 7667-CUR(WATER BOUSER),15.1454033,73.99108,0,STOP,"Shri Shantadurga fatarpekarin Temple, Fatorpa, Cuncolim, Goa (SW)",Fire Station Curchorem
2025-12-23T01:30:41.497Z,GA 07 G 4989-KUN(WATER TENDER),15.4630317,73.9725183,0,STOP,At Fire Station Kundaim,Fire Station Kundaim
2025-12-23T01:30:41.497Z,GA 07 G 2242-PIL(WATER TENDER),15.5328322,73.7941056,0,STOP,At Fire Station Pilerne,Fire Station Pilerne
2025-12-23T01:30:41.497Z,GA 07 G 0681-MAP(QUICK RESPONSE),15.589775,73.8087733,0,STOP,At Fire Station Mapusa,Fire Station Mapusa
2025-12-23T01:30:41.497Z,GA 07 G 0307-PER(QUICK RESPONSE),15.7164939,73.7974239,0,INACTIVE,At Fire Station Pernem,Fire Station Pernem
2025-12-23T01:30:41.497Z,GA 07 G 2101-PER(MS WATER TENDER),15.7163717,73.7975772,0,STOP,At Fire Station Pernem,Fire Station Pernem
2025-12-23T01:30:41.497Z,GA 07 G 4600-PER(MINI RESCUE TENDER),15.7165206,73.7975167,0,STOP,At Fire Station Pernem,Fire Station Pernem
2025-12-23T01:30:41.497Z,GA 07 G 7272-PNJ(WATER TENDER),15.4877517,73.8175178,0,STOP,"Goa College of Home Science, Dayanand Bandodkar Road, Opposite Parade Ground Campal,, Panaji, Goa (SE)",Fire Station Panaji
2025-12-23T01:30:41.497Z,GA07G2384- Cuncolim,15.1862206,74.0209944,0,STOP,At Fire Station Cuncolim,Fire Station Cuncolim
2025-12-23T01:30:41.497Z,GA07G2507 - Mid Size (Water Tender),15.7164733,73.7974933,0,STOP,At Fire Station Pernem,Fire Station Pernem
2025-12-23T01:30:41.497Z,GA07G2505 - Mid Size (Water Tender),15.530985,74.13868,0,STOP,At Fire Station Valpoi ,Fire Station Valpoi
2025-12-23T01:30:41.497Z,GA07G2504 - Mid Size (Water Tender),15.5890983,73.9465083,0,STOP,At Fire Station Bicholim ,Fire Station Bicholim
2025-12-23T01:30:41.497Z,GA07G2503-Mid Size (Water Tender),15.5900233,73.80865,0,STOP,At Fire Station Mapusa,Fire Station Mapusa
2025-12-23T01:30:41.497Z,GA07G2502 - Mid Size (Water Tender),15.4870233,73.8172283,0,STOP,"Caculo Mall, 16 Shanta, St Inez Rd, Caculo Enclave, Santa Inez, Panaji, Goa (NW)",Fire Force Headquarters
2025-12-23T01:31:54.240Z,GA 07 G 0680-PIL(QUICK RESPONSE VEHICLE),15.5329733,73.7939283,0,STOP,At Fire Station Pilerne,Fire Station Pilerne
2025-12-23T01:31:54.240Z,GA07G2506 - Mid Size (Water Tender),15.500348,73.914085,0,INACTIVE,At Fire Station Old Goa,Fire Station Old Goa
2025-12-23T01:31:54.240Z,GA 07 G 5115-POR(MINI WATER TENDER),15.522988,73.829384,0,STOP,At Porvorim Fire Station,Fire Station Porvorim
2025-12-23T01:31:54.240Z,GA 07 G 0350-MRG(WATER TENDER),15.269428,73.970604,0,STOP,At Fire Station Margoa,Fire Station Margao
2025-12-23T01:31:54.240Z,GA 07 G 2900-MAP(MINI RESCUE TENDER),15.589908,73.808716,0,STOP,At Fire Station Mapusa,Fire Station Mapusa
2025-12-23T01:31:54.240Z,GA 07 G 7600-FFHQ(WATER BOUSER),15.487087,73.817215,0,RUNNING,"Caculo Mall, 16 Shanta, St Inez Rd, Caculo Enclave, Santa Inez, Panaji, Goa (NW)",Fire Force Headquarters
2025-12-23T01:31:54.240Z,GA 07 G 2002-FFHQ(TURN TABLE LADDER),15.48742,73.817375,0,STOP,"Caculo Mall, 16 Shanta, St Inez Rd, Caculo Enclave, Santa Inez, Panaji, Goa (NW)",Fire Force Headquarters
2025-12-23T01:31:54.240Z,GA 07 G 7101-FFHQ(WATER TENDER),15.486877,73.817055,0,STOP,"Caculo Mall, 16 Shanta, St Inez Rd, Caculo Enclave, Santa Inez, Panaji, Goa (NW)",Fire Force Headquarters
2025-12-23T01:31:54.240Z,GA 07 G 7677-FFHQ(EMERGENCY RESCUE),15.48719,73.817192,0,STOP,"Caculo Mall, 16 Shanta, St Inez Rd, Caculo Enclave, Santa Inez, Panaji, Goa (NW)",Fire Force Headquarters
2025-12-23T01:31:54.240Z,GA 07 G 1121-PNJ(EMERGENCY RESCUE),15.487292,73.817276,0,STOP,"Caculo Mall, 16 Shanta, St Inez Rd, Caculo Enclave, Santa Inez, Panaji, Goa (NW)",Fire Station Panaji
2025-12-23T01:31:54.240Z,GA 07 G 1571-FFHQ(QUICK RESPONSE),15.48666,73.817444,0,STOP,"Caculo Mall, 16 Shanta, St Inez Rd, Caculo Enclave, Santa Inez, Panaji, Goa (NW)",Fire Force Headquarters
2025-12-23T01:31:54.240Z,GA 07 G 8101-MAP(WATER TENDER),15.589937,73.80867,0,STOP,At Fire Station Mapusa,Fire Station Mapusa
2025-12-23T01:31:54.240Z,GA 07 G 2317-MRG(EMERGENCY RESCUE TENDER),15.269385,73.9699866,0,STOP,At Fire Station Margoa,Fire Station Margao
2025-12-23T01:31:54.240Z,GA 07 G 1570-VAS(QUICK RESPONSE FIRE TENDER),15.3887783,73.8513266,0,STOP,At Fire Station Vasco,Fire Station Vasco
2025-12-23T01:31:54.240Z,GA 07 G 4101-VAS(MS WATER TENDER),15.3890783,73.85092,0,STOP,At Fire Station Vasco,Fire Station Vasco
2025-12-23T01:31:54.240Z,GA 07 G 0819-VAS(WATER/FOAM TENDER),15.3888217,73.8512367,0,IDLE,At Fire Station Vasco,Fire Station Vasco
2025-12-23T01:31:54.240Z,GA 07 G 7100-MRG(WATER BOUSER),15.2694566,73.97006,0,STOP,At Fire Station Margoa,Fire Station Margao
2025-12-23T01:31:54.240Z,GA 07 G 1568-MRG(QUICK RESPONSE ),15.269325,73.9706466,0,STOP,At Fire Station Margoa,Fire Station Margao
2025-12-23T01:31:54.240Z,GA 07 G 6101-MRG(WATER TENDER),15.2693733,73.9701416,0,STOP,At Fire Station Margoa,Fire Station Margao
2025-12-23T01:31:54.240Z,GA 07 G 1001-MRG(AERIAL LADDER PLATFORM),15.2695583,73.969735,0,STOP,At Fire Station Margoa,Fire Station Margao
2025-12-23T01:31:54.240Z,GA 07 G 0820-BIC(WATER TEDNER),15.4027094,74.0029172,0,STOP,At Fire Station Ponda ,Fire Station Bicholim
2025-12-23T01:31:54.240Z,GA 07 G 5101-OLG(MS WATER TENDER),15.5003033,73.91403,0,STOP,At Fire Station Old Goa,Fire Station Old Goa
2025-12-23T01:31:54.240Z,GA 07 G 3101-BIC(MS WATER TENDER),15.58892,73.9466383,0,STOP,At Fire Station Bicholim ,Fire Station Bicholim
2025-12-23T01:31:54.240Z,GA 07 G 1941-BIC(QUICK RESPONSE),15.5894533,73.9467033,0,STOP,At Fire Station Bicholim ,Fire Station Bicholim
2025-12-23T01:31:54.240Z,GA 07 G 2319-VAS (EMERGENCY RESCUE TENDER),15.3901916,73.8524983,0,STOP,"near melisa garage,NSD, Dabolim, Goa (SW)",Fire Station Vasco
2025-12-23T01:31:54.240Z,GA 07 G 3737-VAP(WATER TENDER),15.53099,74.1387199,0,STOP,At Fire Station Valpoi ,Fire Station Valpoi
2025-12-23T01:31:54.240Z,GA 07 G 2318-PND(EMERGENCY RESCUE TENDER),15.4028416,74.0028083,0,STOP,At Fire Station Ponda ,Fire Station Ponda
2025-12-23T01:31:54.240Z,GA 07 G 2004-PND(QUICK RESPONSE),15.4026666,74.0028483,0,STOP,At Fire Station Ponda ,Fire Station Ponda
2025-12-23T01:31:54.240Z,GA 07 G 9101-PND(WATER TENDER),15.402745,74.0028816,0,STOP,At Fire Station Ponda ,Fire Station Ponda
2025-12-23T01:31:54.240Z,GA 07 G 9797-PND(WATER BOUSER),15.402635,74.00284,0,STOP,At Fire Station Ponda ,Fire Station Ponda
2025-12-23T01:31:54.240Z,GA 07 G 6363-CAN(WATER TENDER),15.0236183,74.0440433,0,INACTIVE,"Canacona, The Lalitrajbaga ,Canacona, Canacona, Goa (NE)",Fire Station Canacona
2025-12-23T01:31:54.240Z,GA 07 G 1567-CAN(QUICK RESPONSE FT),15.0171383,74.0398266,32,INACTIVE,"Canacona, The Lalitrajbaga ,Canacona, Canacona, Goa (SW)",Fire Station Canacona
2025-12-23T01:31:54.240Z,GA 07 G 1569-VRN(QUICK RESPONSE),15.3694583,73.9356766,0,STOP,At Fire Station Verna,Fire Station Verna
2025-12-23T01:31:54.240Z,GA 07 G 9909-VRN(ADVANCE MULTI-PURPOSE),15.3695866,73.9351966,0,STOP,At Fire Station Verna,Fire Station Verna
2025-12-23T01:31:54.240Z,GA 07 G 1942-VAP(QUICK RESPONSE),15.5311233,74.1388183,0,STOP,At Fire Station Valpoi ,Fire Station Valpoi
2025-12-23T01:31:54.240Z,GA 07 G 2003-CUR(QUICK RESPONSE),15.2603983,74.1037033,0,STOP,At Fire Station Curchorem,Fire Station Curchorem
2025-12-23T01:31:54.240Z,GA 07 G 7447-CUR(EMERGENCY RESCUE),15.26048,74.1037033,0,STOP,At Fire Station Curchorem,Fire Station Curchorem
2025-12-23T01:31:54.240Z,GA 07 G 7557-CUR(WATER TENDER),15.26045,74.10345,0,STOP,At Fire Station Curchorem,Fire Station Curchorem
2025-12-23T01:31:54.240Z,GA 07 G 7667-CUR(WATER BOUSER),15.1454033,73.99108,0,STOP,"Shri Shantadurga fatarpekarin Temple, Fatorpa, Cuncolim, Goa (SW)",Fire Station Curchorem
2025-12-23T01:31:54.240Z,GA 07 G 4989-KUN(WATER TENDER),15.4630317,73.9725183,0,STOP,At Fire Station Kundaim,Fire Station Kundaim
2025-12-23T01:31:54.240Z,GA 07 G 2242-PIL(WATER TENDER),15.5328322,73.7941056,0,STOP,At Fire Station Pilerne,Fire Station Pilerne
2025-12-23T01:31:54.240Z,GA 07 G 0681-MAP(QUICK RESPONSE),15.589775,73.8087733,0,STOP,At Fire Station Mapusa,Fire Station Mapusa
2025-12-23T01:31:54.240Z,GA 07 G 0307-PER(QUICK RESPONSE),15.7164939,73.7974239,0,INACTIVE,At Fire Station Pernem,Fire Station Pernem
2025-12-23T01:31:54.240Z,GA 07 G 2101-PER(MS WATER TENDER),15.7163717,73.7975772,0,STOP,At Fire Station Pernem,Fire Station Pernem
2025-12-23T01:31:54.240Z,GA 07 G 4600-PER(MINI RESCUE TENDER),15.7165206,73.7975167,0,STOP,At Fire Station Pernem,Fire Station Pernem
2025-12-23T01:31:54.240Z,GA 07 G 7272-PNJ(WATER TENDER),15.4877517,73.8175178,0,STOP,"Goa College of Home Science, Dayanand Bandodkar Road, Opposite Parade Ground Campal,, Panaji, Goa (SE)",Fire Station Panaji
2025-12-23T01:31:54.240Z,GA07G2384- Cuncolim,15.1862206,74.0209944,0,STOP,At Fire Station Cuncolim,Fire Station Cuncolim
2025-12-23T01:31:54.240Z,GA07G2507 - Mid Size (Water Tender),15.7164733,73.7974933,0,STOP,At Fire Station Pernem,Fire Station Pernem
2025-12-23T01:31:54.240Z,GA07G2505 - Mid Size (Water Tender),15.530985,74.13868,0,STOP,At Fire Station Valpoi ,Fire Station Valpoi
2025-12-23T01:31:54.240Z,GA07G2504 - Mid Size (Water Tender),15.5890983,73.9465083,0,STOP,At Fire Station Bicholim ,Fire Station Bicholim
2025-12-23T01:31:54.240Z,GA07G2503-Mid Size (Water Tender),15.5900233,73.80865,0,STOP,At Fire Station Mapusa,Fire Station Mapusa
2025-12-23T01:31:54.240Z,GA07G2502 - Mid Size (Water Tender),15.4870233,73.8172283,0,STOP,"Caculo Mall, 16 Shanta, St Inez Rd, Caculo Enclave, Santa Inez, Panaji, Goa (NW)",Fire Force Headquarters
2025-12-23T01:32:41.694Z,GA 07 G 0680-PIL(QUICK RESPONSE VEHICLE),15.5329733,73.7939283,0,STOP,At Fire Station Pilerne,Fire Station Pilerne
2025-12-23T01:32:41.694Z,GA07G2506 - Mid Size (Water Tender),15.500348,73.914085,0,INACTIVE,At Fire Station Old Goa,Fire Station Old Goa
2025-12-23T01:32:41.694Z,GA 07 G 5115-POR(MINI WATER TENDER),15.522988,73.829384,0,STOP,At Porvorim Fire Station,Fire Station Porvorim
2025-12-23T01:32:41.694Z,GA 07 G 0350-MRG(WATER TENDER),15.269428,73.970604,0,STOP,At Fire Station Margoa,Fire Station Margao
2025-12-23T01:32:41.694Z,GA 07 G 2900-MAP(MINI RESCUE TENDER),15.589908,73.808716,0,STOP,At Fire Station Mapusa,Fire Station Mapusa
2025-12-23T01:32:41.694Z,GA 07 G 7600-FFHQ(WATER BOUSER),15.487105,73.81723,0,RUNNING,"Caculo Mall, 16 Shanta, St Inez Rd, Caculo Enclave, Santa Inez, Panaji, Goa (NW)",Fire Force Headquarters
2025-12-23T01:32:41.694Z,GA 07 G 2002-FFHQ(TURN TABLE LADDER),15.48742,73.817375,0,STOP,"Caculo Mall, 16 Shanta, St Inez Rd, Caculo Enclave, Santa Inez, Panaji, Goa (NW)",Fire Force Headquarters
2025-12-23T01:32:41.694Z,GA 07 G 7101-FFHQ(WATER TENDER),15.486877,73.817055,0,STOP,"Caculo Mall, 16 Shanta, St Inez Rd, Caculo Enclave, Santa Inez, Panaji, Goa (NW)",Fire Force Headquarters
2025-12-23T01:32:41.694Z,GA 07 G 7677-FFHQ(EMERGENCY RESCUE),15.48719,73.817192,0,STOP,"Caculo Mall, 16 Shanta, St Inez Rd, Caculo Enclave, Santa Inez, Panaji, Goa (NW)",Fire Force Headquarters
2025-12-23T01:32:41.694Z,GA 07 G 1121-PNJ(EMERGENCY RESCUE),15.487292,73.817276,0,STOP,"Caculo Mall, 16 Shanta, St Inez Rd, Caculo Enclave, Santa Inez, Panaji, Goa (NW)",Fire Station Panaji
2025-12-23T01:32:41.694Z,GA 07 G 1571-FFHQ(QUICK RESPONSE),15.48666,73.817444,0,STOP,"Caculo Mall, 16 Shanta, St Inez Rd, Caculo Enclave, Santa Inez, Panaji, Goa (NW)",Fire Force Headquarters
2025-12-23T01:32:41.694Z,GA 07 G 8101-MAP(WATER TENDER),15.589937,73.80867,0,STOP,At Fire Station Mapusa,Fire Station Mapusa
2025-12-23T01:32:41.694Z,GA 07 G 2317-MRG(EMERGENCY RESCUE TENDER),15.2697433,73.9700766,2,STOP,At Fire Station Margoa,Fire Station Margao
2025-12-23T01:32:41.694Z,GA 07 G 1570-VAS(QUICK RESPONSE FIRE TENDER),15.3887783,73.8513266,0,STOP,At Fire Station Vasco,Fire Station Vasco
2025-12-23T01:32:41.694Z,GA 07 G 4101-VAS(MS WATER TENDER),15.3890783,73.85092,0,STOP,At Fire Station Vasco,Fire Station Vasco
2025-12-23T01:32:41.694Z,GA 07 G 0819-VAS(WATER/FOAM TENDER),15.3888217,73.8512367,0,IDLE,At Fire Station Vasco,Fire Station Vasco
2025-12-23T01:32:41.694Z,GA 07 G 7100-MRG(WATER BOUSER),15.2694566,73.97006,0,STOP,At Fire Station Margoa,Fire Station Margao
2025-12-23T01:32:41.694Z,GA 07 G 1568-MRG(QUICK RESPONSE ),15.269325,73.9706466,0,STOP,At Fire Station Margoa,Fire Station Margao
2025-12-23T01:32:41.694Z,GA 07 G 6101-MRG(WATER TENDER),15.2693733,73.9701416,0,STOP,At Fire Station Margoa,Fire Station Margao
2025-12-23T01:32:41.694Z,GA 07 G 1001-MRG(AERIAL LADDER PLATFORM),15.2695583,73.969735,0,STOP,At Fire Station Margoa,Fire Station Margao
2025-12-23T01:32:41.694Z,GA 07 G 0820-BIC(WATER TEDNER),15.4027094,74.0029172,0,STOP,At Fire Station Ponda ,Fire Station Bicholim
2025-12-23T01:32:41.694Z,GA 07 G 5101-OLG(MS WATER TENDER),15.5003033,73.91403,0,STOP,At Fire Station Old Goa,Fire Station Old Goa
2025-12-23T01:32:41.694Z,GA 07 G 3101-BIC(MS WATER TENDER),15.58892,73.9466383,0,STOP,At Fire Station Bicholim ,Fire Station Bicholim
2025-12-23T01:32:41.694Z,GA 07 G 1941-BIC(QUICK RESPONSE),15.5894533,73.9467033,0,STOP,At Fire Station Bicholim ,Fire Station Bicholim
2025-12-23T01:32:41.694Z,GA 07 G 2319-VAS (EMERGENCY RESCUE TENDER),15.3901916,73.8524983,0,STOP,"near melisa garage,NSD, Dabolim, Goa (SW)",Fire Station Vasco
2025-12-23T01:32:41.694Z,GA 07 G 3737-VAP(WATER TENDER),15.53099,74.1387199,0,STOP,At Fire Station Valpoi ,Fire Station Valpoi
2025-12-23T01:32:41.694Z,GA 07 G 2318-PND(EMERGENCY RESCUE TENDER),15.4028416,74.0028083,0,STOP,At Fire Station Ponda ,Fire Station Ponda
2025-12-23T01:32:41.694Z,GA 07 G 2004-PND(QUICK RESPONSE),15.4026666,74.0028483,0,STOP,At Fire Station Ponda ,Fire Station Ponda
2025-12-23T01:32:41.694Z,GA 07 G 9101-PND(WATER TENDER),15.402745,74.0028816,0,STOP,At Fire Station Ponda ,Fire Station Ponda
2025-12-23T01:32:41.694Z,GA 07 G 9797-PND(WATER BOUSER),15.402635,74.00284,0,STOP,At Fire Station Ponda ,Fire Station Ponda
2025-12-23T01:32:41.694Z,GA 07 G 6363-CAN(WATER TENDER),15.0236183,74.0440433,0,INACTIVE,"Canacona, The Lalitrajbaga ,Canacona, Canacona, Goa (NE)",Fire Station Canacona
2025-12-23T01:32:41.694Z,GA 07 G 1567-CAN(QUICK RESPONSE FT),15.0171383,74.0398266,32,INACTIVE,"Canacona, The Lalitrajbaga ,Canacona, Canacona, Goa (SW)",Fire Station Canacona
2025-12-23T01:32:41.694Z,GA 07 G 1569-VRN(QUICK RESPONSE),15.3694583,73.9356766,0,STOP,At Fire Station Verna,Fire Station Verna
2025-12-23T01:32:41.694Z,GA 07 G 9909-VRN(ADVANCE MULTI-PURPOSE),15.3695866,73.9351966,0,STOP,At Fire Station Verna,Fire Station Verna
2025-12-23T01:32:41.694Z,GA 07 G 1942-VAP(QUICK RESPONSE),15.5311233,74.1388183,0,STOP,At Fire Station Valpoi ,Fire Station Valpoi
2025-12-23T01:32:41.694Z,GA 07 G 2003-CUR(QUICK RESPONSE),15.2603983,74.1037033,0,STOP,At Fire Station Curchorem,Fire Station Curchorem
2025-12-23T01:32:41.694Z,GA 07 G 7447-CUR(EMERGENCY RESCUE),15.26048,74.1037033,0,STOP,At Fire Station Curchorem,Fire Station Curchorem
2025-12-23T01:32:41.694Z,GA 07 G 7557-CUR(WATER TENDER),15.26045,74.10345,0,STOP,At Fire Station Curchorem,Fire Station Curchorem
2025-12-23T01:32:41.694Z,GA 07 G 7667-CUR(WATER BOUSER),15.1454033,73.99108,0,STOP,"Shri Shantadurga fatarpekarin Temple, Fatorpa, Cuncolim, Goa (SW)",Fire Station Curchorem
2025-12-23T01:32:41.694Z,GA 07 G 4989-KUN(WATER TENDER),15.4630317,73.9725183,0,STOP,At Fire Station Kundaim,Fire Station Kundaim
2025-12-23T01:32:41.694Z,GA 07 G 2242-PIL(WATER TENDER),15.5328322,73.7941056,0,STOP,At Fire Station Pilerne,Fire Station Pilerne
2025-12-23T01:32:41.694Z,GA 07 G 0681-MAP(QUICK RESPONSE),15.589775,73.8087733,0,STOP,At Fire Station Mapusa,Fire Station Mapusa
2025-12-23T01:32:41.694Z,GA 07 G 0307-PER(QUICK RESPONSE),15.7164939,73.7974239,0,INACTIVE,At Fire Station Pernem,Fire Station Pernem
2025-12-23T01:32:41.694Z,GA 07 G 2101-PER(MS WATER TENDER),15.7163717,73.7975772,0,STOP,At Fire Station Pernem,Fire Station Pernem
2025-12-23T01:32:41.694Z,GA 07 G 4600-PER(MINI RESCUE TENDER),15.7165206,73.7975167,0,STOP,At Fire Station Pernem,Fire Station Pernem
2025-12-23T01:32:41.694Z,GA 07 G 7272-PNJ(WATER TENDER),15.4877517,73.8175178,0,STOP,"Goa College of Home Science, Dayanand Bandodkar Road, Opposite Parade Ground Campal,, Panaji, Goa (SE)",Fire Station Panaji
2025-12-23T01:32:41.694Z,GA07G2384- Cuncolim,15.1862206,74.0209944,0,STOP,At Fire Station Cuncolim,Fire Station Cuncolim
2025-12-23T01:32:41.694Z,GA07G2507 - Mid Size (Water Tender),15.7164733,73.7974933,0,STOP,At Fire Station Pernem,Fire Station Pernem
2025-12-23T01:32:41.694Z,GA07G2505 - Mid Size (Water Tender),15.530985,74.13868,0,STOP,At Fire Station Valpoi ,Fire Station Valpoi
2025-12-23T01:32:41.694Z,GA07G2504 - Mid Size (Water Tender),15.5890983,73.9465083,0,STOP,At Fire Station Bicholim ,Fire Station Bicholim
2025-12-23T01:32:41.694Z,GA07G2503-Mid Size (Water Tender),15.5900233,73.80865,0,STOP,At Fire Station Mapusa,Fire Station Mapusa
2025-12-23T01:32:41.694Z,GA07G2502 - Mid Size (Water Tender),15.4870233,73.8172283,0,STOP,"Caculo Mall, 16 Shanta, St Inez Rd, Caculo Enclave, Santa Inez, Panaji, Goa (NW)",Fire Force Headquarters
2025-12-23T01:33:45.224Z,GA 07 G 0680-PIL(QUICK RESPONSE VEHICLE),15.5329733,73.7939283,0,STOP,At Fire Station Pilerne,Fire Station Pilerne
2025-12-23T01:33:45.224Z,GA07G2506 - Mid Size (Water Tender),15.500348,73.914085,0,INACTIVE,At Fire Station Old Goa,Fire Station Old Goa
2025-12-23T01:33:45.224Z,GA 07 G 5115-POR(MINI WATER TENDER),15.522988,73.829384,0,STOP,At Porvorim Fire Station,Fire Station Porvorim
2025-12-23T01:33:45.224Z,GA 07 G 0350-MRG(WATER TENDER),15.269428,73.970604,0,STOP,At Fire Station Margoa,Fire Station Margao
2025-12-23T01:33:45.224Z,GA 07 G 2900-MAP(MINI RESCUE TENDER),15.589908,73.808716,0,STOP,At Fire Station Mapusa,Fire Station Mapusa
2025-12-23T01:33:45.224Z,GA 07 G 7600-FFHQ(WATER BOUSER),15.48651,73.817062,0,RUNNING,At Fire Station panaji,Fire Force Headquarters
2025-12-23T01:33:45.224Z,GA 07 G 2002-FFHQ(TURN TABLE LADDER),15.48742,73.817375,0,STOP,"Caculo Mall, 16 Shanta, St Inez Rd, Caculo Enclave, Santa Inez, Panaji, Goa (NW)",Fire Force Headquarters
2025-12-23T01:33:45.224Z,GA 07 G 7101-FFHQ(WATER TENDER),15.486877,73.817055,0,STOP,"Caculo Mall, 16 Shanta, St Inez Rd, Caculo Enclave, Santa Inez, Panaji, Goa (NW)",Fire Force Headquarters
2025-12-23T01:33:45.224Z,GA 07 G 7677-FFHQ(EMERGENCY RESCUE),15.48719,73.817192,0,STOP,"Caculo Mall, 16 Shanta, St Inez Rd, Caculo Enclave, Santa Inez, Panaji, Goa (NW)",Fire Force Headquarters
2025-12-23T01:33:45.224Z,GA 07 G 1121-PNJ(EMERGENCY RESCUE),15.487292,73.817276,0,STOP,"Caculo Mall, 16 Shanta, St Inez Rd, Caculo Enclave, Santa Inez, Panaji, Goa (NW)",Fire Station Panaji
2025-12-23T01:33:45.224Z,GA 07 G 1571-FFHQ(QUICK RESPONSE),15.48666,73.817444,0,STOP,"Caculo Mall, 16 Shanta, St Inez Rd, Caculo Enclave, Santa Inez, Panaji, Goa (NW)",Fire Force Headquarters
2025-12-23T01:33:45.224Z,GA 07 G 8101-MAP(WATER TENDER),15.589937,73.80867,0,STOP,At Fire Station Mapusa,Fire Station Mapusa
2025-12-23T01:33:45.224Z,GA 07 G 2317-MRG(EMERGENCY RESCUE TENDER),15.2694433,73.9702316,0,STOP,At Fire Station Margoa,Fire Station Margao
2025-12-23T01:33:45.224Z,GA 07 G 1570-VAS(QUICK RESPONSE FIRE TENDER),15.3887783,73.8513266,0,STOP,At Fire Station Vasco,Fire Station Vasco
2025-12-23T01:33:45.224Z,GA 07 G 4101-VAS(MS WATER TENDER),15.3890783,73.85092,0,STOP,At Fire Station Vasco,Fire Station Vasco
2025-12-23T01:33:45.224Z,GA 07 G 0819-VAS(WATER/FOAM TENDER),15.3888217,73.8512367,0,IDLE,At Fire Station Vasco,Fire Station Vasco
2025-12-23T01:33:45.224Z,GA 07 G 7100-MRG(WATER BOUSER),15.2694566,73.97006,0,STOP,At Fire Station Margoa,Fire Station Margao
2025-12-23T01:33:45.224Z,GA 07 G 1568-MRG(QUICK RESPONSE ),15.269325,73.9706466,0,STOP,At Fire Station Margoa,Fire Station Margao
2025-12-23T01:33:45.224Z,GA 07 G 6101-MRG(WATER TENDER),15.2693733,73.9701416,0,STOP,At Fire Station Margoa,Fire Station Margao
2025-12-23T01:33:45.224Z,GA 07 G 1001-MRG(AERIAL LADDER PLATFORM),15.2695583,73.969735,0,STOP,At Fire Station Margoa,Fire Station Margao
2025-12-23T01:33:45.224Z,GA 07 G 0820-BIC(WATER TEDNER),15.4027094,74.0029172,0,STOP,At Fire Station Ponda ,Fire Station Bicholim
2025-12-23T01:33:45.224Z,GA 07 G 5101-OLG(MS WATER TENDER),15.5003033,73.91403,0,STOP,At Fire Station Old Goa,Fire Station Old Goa
2025-12-23T01:33:45.224Z,GA 07 G 3101-BIC(MS WATER TENDER),15.58892,73.9466383,0,STOP,At Fire Station Bicholim ,Fire Station Bicholim
2025-12-23T01:33:45.224Z,GA 07 G 1941-BIC(QUICK RESPONSE),15.5894533,73.9467033,0,STOP,At Fire Station Bicholim ,Fire Station Bicholim
2025-12-23T01:33:45.224Z,GA 07 G 2319-VAS (EMERGENCY RESCUE TENDER),15.3901916,73.8524983,0,STOP,"near melisa garage,NSD, Dabolim, Goa (SW)",Fire Station Vasco
2025-12-23T01:33:45.224Z,GA 07 G 3737-VAP(WATER TENDER),15.53099,74.1387199,0,STOP,At Fire Station Valpoi ,Fire Station Valpoi
2025-12-23T01:33:45.224Z,GA 07 G 2318-PND(EMERGENCY RESCUE TENDER),15.4028416,74.0028083,0,STOP,At Fire Station Ponda ,Fire Station Ponda
2025-12-23T01:33:45.224Z,GA 07 G 2004-PND(QUICK RESPONSE),15.4026666,74.0028483,0,STOP,At Fire Station Ponda ,Fire Station Ponda
2025-12-23T01:33:45.224Z,GA 07 G 9101-PND(WATER TENDER),15.402745,74.0028816,0,STOP,At Fire Station Ponda ,Fire Station Ponda
2025-12-23T01:33:45.224Z,GA 07 G 9797-PND(WATER BOUSER),15.402635,74.00284,0,STOP,At Fire Station Ponda ,Fire Station Ponda
2025-12-23T01:33:45.224Z,GA 07 G 6363-CAN(WATER TENDER),15.0236183,74.0440433,0,INACTIVE,"Canacona, The Lalitrajbaga ,Canacona, Canacona, Goa (NE)",Fire Station Canacona
2025-12-23T01:33:45.224Z,GA 07 G 1567-CAN(QUICK RESPONSE FT),15.0171383,74.0398266,32,INACTIVE,"Canacona, The Lalitrajbaga ,Canacona, Canacona, Goa (SW)",Fire Station Canacona
2025-12-23T01:33:45.224Z,GA 07 G 1569-VRN(QUICK RESPONSE),15.3694583,73.9356766,0,STOP,At Fire Station Verna,Fire Station Verna
2025-12-23T01:33:45.224Z,GA 07 G 9909-VRN(ADVANCE MULTI-PURPOSE),15.3695866,73.9351966,0,STOP,At Fire Station Verna,Fire Station Verna
2025-12-23T01:33:45.224Z,GA 07 G 1942-VAP(QUICK RESPONSE),15.5311233,74.1388183,0,STOP,At Fire Station Valpoi ,Fire Station Valpoi
2025-12-23T01:33:45.224Z,GA 07 G 2003-CUR(QUICK RESPONSE),15.2603983,74.1037033,0,STOP,At Fire Station Curchorem,Fire Station Curchorem
2025-12-23T01:33:45.224Z,GA 07 G 7447-CUR(EMERGENCY RESCUE),15.26048,74.1037033,0,STOP,At Fire Station Curchorem,Fire Station Curchorem
2025-12-23T01:33:45.224Z,GA 07 G 7557-CUR(WATER TENDER),15.26045,74.10345,0,STOP,At Fire Station Curchorem,Fire Station Curchorem
2025-12-23T01:33:45.224Z,GA 07 G 7667-CUR(WATER BOUSER),15.1454033,73.99108,0,STOP,"Shri Shantadurga fatarpekarin Temple, Fatorpa, Cuncolim, Goa (SW)",Fire Station Curchorem
2025-12-23T01:33:45.224Z,GA 07 G 4989-KUN(WATER TENDER),15.4630317,73.9725183,0,STOP,At Fire Station Kundaim,Fire Station Kundaim
2025-12-23T01:33:45.224Z,GA 07 G 2242-PIL(WATER TENDER),15.5328322,73.7941056,0,STOP,At Fire Station Pilerne,Fire Station Pilerne
2025-12-23T01:33:45.224Z,GA 07 G 0681-MAP(QUICK RESPONSE),15.589775,73.8087733,0,STOP,At Fire Station Mapusa,Fire Station Mapusa
2025-12-23T01:33:45.224Z,GA 07 G 0307-PER(QUICK RESPONSE),15.7164939,73.7974239,0,INACTIVE,At Fire Station Pernem,Fire Station Pernem
2025-12-23T01:33:45.224Z,GA 07 G 2101-PER(MS WATER TENDER),15.7163717,73.7975772,0,STOP,At Fire Station Pernem,Fire Station Pernem
2025-12-23T01:33:45.224Z,GA 07 G 4600-PER(MINI RESCUE TENDER),15.7165206,73.7975167,0,STOP,At Fire Station Pernem,Fire Station Pernem
2025-12-23T01:33:45.224Z,GA 07 G 7272-PNJ(WATER TENDER),15.4877517,73.8175178,0,STOP,"Goa College of Home Science, Dayanand Bandodkar Road, Opposite Parade Ground Campal,, Panaji, Goa (SE)",Fire Station Panaji
2025-12-23T01:33:45.224Z,GA07G2384- Cuncolim,15.1862206,74.0209944,0,STOP,At Fire Station Cuncolim,Fire Station Cuncolim
2025-12-23T01:33:45.224Z,GA07G2507 - Mid Size (Water Tender),15.7164733,73.7974933,0,STOP,At Fire Station Pernem,Fire Station Pernem
2025-12-23T01:33:45.224Z,GA07G2505 - Mid Size (Water Tender),15.530985,74.13868,0,STOP,At Fire Station Valpoi ,Fire Station Valpoi
2025-12-23T01:33:45.224Z,GA07G2504 - Mid Size (Water Tender),15.5890983,73.9465083,0,STOP,At Fire Station Bicholim ,Fire Station Bicholim
2025-12-23T01:33:45.224Z,GA07G2503-Mid Size (Water Tender),15.5900233,73.80865,0,STOP,At Fire Station Mapusa,Fire Station Mapusa
2025-12-23T01:33:45.224Z,GA07G2502 - Mid Size (Water Tender),15.4870233,73.8172283,0,STOP,"Caculo Mall, 16 Shanta, St Inez Rd, Caculo Enclave, Santa Inez, Panaji, Goa (NW)",Fire Force Headquarters
2025-12-23T01:34:45.183Z,GA 07 G 0680-PIL(QUICK RESPONSE VEHICLE),15.5329733,73.7939283,0,STOP,At Fire Station Pilerne,Fire Station Pilerne
2025-12-23T01:34:45.183Z,GA07G2506 - Mid Size (Water Tender),15.500348,73.914085,0,INACTIVE,At Fire Station Old Goa,Fire Station Old Goa
2025-12-23T01:34:45.183Z,GA 07 G 5115-POR(MINI WATER TENDER),15.522988,73.829384,0,STOP,At Porvorim Fire Station,Fire Station Porvorim
2025-12-23T01:34:45.183Z,GA 07 G 0350-MRG(WATER TENDER),15.269428,73.970604,0,STOP,At Fire Station Margoa,Fire Station Margao
2025-12-23T01:34:45.183Z,GA 07 G 2900-MAP(MINI RESCUE TENDER),15.589908,73.808716,0,STOP,At Fire Station Mapusa,Fire Station Mapusa
2025-12-23T01:34:45.183Z,GA 07 G 7600-FFHQ(WATER BOUSER),15.48633,73.817345,0,STOP,At Fire Station panaji,Fire Force Headquarters
2025-12-23T01:34:45.183Z,GA 07 G 2002-FFHQ(TURN TABLE LADDER),15.48742,73.817375,0,STOP,"Caculo Mall, 16 Shanta, St Inez Rd, Caculo Enclave, Santa Inez, Panaji, Goa (NW)",Fire Force Headquarters
2025-12-23T01:34:45.183Z,GA 07 G 7101-FFHQ(WATER TENDER),15.486877,73.817055,0,STOP,"Caculo Mall, 16 Shanta, St Inez Rd, Caculo Enclave, Santa Inez, Panaji, Goa (NW)",Fire Force Headquarters
2025-12-23T01:34:45.183Z,GA 07 G 7677-FFHQ(EMERGENCY RESCUE),15.48719,73.817192,0,STOP,"Caculo Mall, 16 Shanta, St Inez Rd, Caculo Enclave, Santa Inez, Panaji, Goa (NW)",Fire Force Headquarters
2025-12-23T01:34:45.183Z,GA 07 G 1121-PNJ(EMERGENCY RESCUE),15.487292,73.817276,0,STOP,"Caculo Mall, 16 Shanta, St Inez Rd, Caculo Enclave, Santa Inez, Panaji, Goa (NW)",Fire Station Panaji
2025-12-23T01:34:45.183Z,GA 07 G 1571-FFHQ(QUICK RESPONSE),15.48666,73.817444,0,STOP,"Caculo Mall, 16 Shanta, St Inez Rd, Caculo Enclave, Santa Inez, Panaji, Goa (NW)",Fire Force Headquarters
2025-12-23T01:34:45.183Z,GA 07 G 8101-MAP(WATER TENDER),15.589937,73.80867,0,STOP,At Fire Station Mapusa,Fire Station Mapusa
2025-12-23T01:34:45.183Z,GA 07 G 2317-MRG(EMERGENCY RESCUE TENDER),15.269485,73.9702316,1,STOP,At Fire Station Margoa,Fire Station Margao
2025-12-23T01:34:45.183Z,GA 07 G 1570-VAS(QUICK RESPONSE FIRE TENDER),15.3887783,73.8513266,0,STOP,At Fire Station Vasco,Fire Station Vasco
2025-12-23T01:34:45.183Z,GA 07 G 4101-VAS(MS WATER TENDER),15.3890783,73.85092,0,STOP,At Fire Station Vasco,Fire Station Vasco
2025-12-23T01:34:45.183Z,GA 07 G 0819-VAS(WATER/FOAM TENDER),15.3888217,73.8512367,0,IDLE,At Fire Station Vasco,Fire Station Vasco
2025-12-23T01:34:45.183Z,GA 07 G 7100-MRG(WATER BOUSER),15.2694566,73.97006,0,STOP,At Fire Station Margoa,Fire Station Margao
2025-12-23T01:34:45.183Z,GA 07 G 1568-MRG(QUICK RESPONSE ),15.269325,73.9706466,0,STOP,At Fire Station Margoa,Fire Station Margao
2025-12-23T01:34:45.183Z,GA 07 G 6101-MRG(WATER TENDER),15.2693733,73.9701416,0,STOP,At Fire Station Margoa,Fire Station Margao
2025-12-23T01:34:45.183Z,GA 07 G 1001-MRG(AERIAL LADDER PLATFORM),15.2695583,73.969735,0,STOP,At Fire Station Margoa,Fire Station Margao
2025-12-23T01:34:45.183Z,GA 07 G 0820-BIC(WATER TEDNER),15.4027094,74.0029172,0,STOP,At Fire Station Ponda ,Fire Station Bicholim
2025-12-23T01:34:45.183Z,GA 07 G 5101-OLG(MS WATER TENDER),15.5003033,73.91403,0,STOP,At Fire Station Old Goa,Fire Station Old Goa
2025-12-23T01:34:45.183Z,GA 07 G 3101-BIC(MS WATER TENDER),15.58892,73.9466383,0,STOP,At Fire Station Bicholim ,Fire Station Bicholim
2025-12-23T01:34:45.183Z,GA 07 G 1941-BIC(QUICK RESPONSE),15.5894533,73.9467033,0,STOP,At Fire Station Bicholim ,Fire Station Bicholim
2025-12-23T01:34:45.183Z,GA 07 G 2319-VAS (EMERGENCY RESCUE TENDER),15.3901916,73.8524983,0,STOP,"near melisa garage,NSD, Dabolim, Goa (SW)",Fire Station Vasco
2025-12-23T01:34:45.183Z,GA 07 G 3737-VAP(WATER TENDER),15.53099,74.1387199,0,STOP,At Fire Station Valpoi ,Fire Station Valpoi
2025-12-23T01:34:45.183Z,GA 07 G 2318-PND(EMERGENCY RESCUE TENDER),15.4028416,74.0028083,0,STOP,At Fire Station Ponda ,Fire Station Ponda
2025-12-23T01:34:45.183Z,GA 07 G 2004-PND(QUICK RESPONSE),15.4026666,74.0028483,0,STOP,At Fire Station Ponda ,Fire Station Ponda
2025-12-23T01:34:45.183Z,GA 07 G 9101-PND(WATER TENDER),15.402745,74.0028816,0,STOP,At Fire Station Ponda ,Fire Station Ponda
2025-12-23T01:34:45.183Z,GA 07 G 9797-PND(WATER BOUSER),15.402635,74.00284,0,STOP,At Fire Station Ponda ,Fire Station Ponda
2025-12-23T01:34:45.183Z,GA 07 G 6363-CAN(WATER TENDER),15.0236183,74.0440433,0,INACTIVE,"Canacona, The Lalitrajbaga ,Canacona, Canacona, Goa (NE)",Fire Station Canacona
2025-12-23T01:34:45.183Z,GA 07 G 1567-CAN(QUICK RESPONSE FT),15.0171383,74.0398266,32,INACTIVE,"Canacona, The Lalitrajbaga ,Canacona, Canacona, Goa (SW)",Fire Station Canacona
2025-12-23T01:34:45.183Z,GA 07 G 1569-VRN(QUICK RESPONSE),15.3694583,73.9356766,0,STOP,At Fire Station Verna,Fire Station Verna
2025-12-23T01:34:45.183Z,GA 07 G 9909-VRN(ADVANCE MULTI-PURPOSE),15.3695866,73.9351966,0,STOP,At Fire Station Verna,Fire Station Verna
2025-12-23T01:34:45.183Z,GA 07 G 1942-VAP(QUICK RESPONSE),15.5311233,74.1388183,0,STOP,At Fire Station Valpoi ,Fire Station Valpoi
2025-12-23T01:34:45.183Z,GA 07 G 2003-CUR(QUICK RESPONSE),15.2603983,74.1037033,0,STOP,At Fire Station Curchorem,Fire Station Curchorem
2025-12-23T01:34:45.183Z,GA 07 G 7447-CUR(EMERGENCY RESCUE),15.26048,74.1037033,0,STOP,At Fire Station Curchorem,Fire Station Curchorem
2025-12-23T01:34:45.183Z,GA 07 G 7557-CUR(WATER TENDER),15.26045,74.10345,0,STOP,At Fire Station Curchorem,Fire Station Curchorem
2025-12-23T01:34:45.183Z,GA 07 G 7667-CUR(WATER BOUSER),15.1454033,73.99108,0,STOP,"Shri Shantadurga fatarpekarin Temple, Fatorpa, Cuncolim, Goa (SW)",Fire Station Curchorem
2025-12-23T01:34:45.183Z,GA 07 G 4989-KUN(WATER TENDER),15.4630933,73.9726483,0,STOP,At Fire Station Kundaim,Fire Station Kundaim
2025-12-23T01:34:45.183Z,GA 07 G 2242-PIL(WATER TENDER),15.5328322,73.7941056,0,STOP,At Fire Station Pilerne,Fire Station Pilerne
2025-12-23T01:34:45.183Z,GA 07 G 0681-MAP(QUICK RESPONSE),15.589775,73.8087733,0,STOP,At Fire Station Mapusa,Fire Station Mapusa
2025-12-23T01:34:45.183Z,GA 07 G 0307-PER(QUICK RESPONSE),15.7164939,73.7974239,0,INACTIVE,At Fire Station Pernem,Fire Station Pernem
2025-12-23T01:34:45.183Z,GA 07 G 2101-PER(MS WATER TENDER),15.7163717,73.7975772,0,STOP,At Fire Station Pernem,Fire Station Pernem
2025-12-23T01:34:45.183Z,GA 07 G 4600-PER(MINI RESCUE TENDER),15.7165206,73.7975167,0,STOP,At Fire Station Pernem,Fire Station Pernem
2025-12-23T01:34:45.183Z,GA 07 G 7272-PNJ(WATER TENDER),15.4877517,73.8175178,0,STOP,"Goa College of Home Science, Dayanand Bandodkar Road, Opposite Parade Ground Campal,, Panaji, Goa (SE)",Fire Station Panaji
2025-12-23T01:34:45.183Z,GA07G2384- Cuncolim,15.1862206,74.0209944,0,STOP,At Fire Station Cuncolim,Fire Station Cuncolim
2025-12-23T01:34:45.183Z,GA07G2507 - Mid Size (Water Tender),15.7164733,73.7974933,0,STOP,At Fire Station Pernem,Fire Station Pernem
2025-12-23T01:34:45.183Z,GA07G2505 - Mid Size (Water Tender),15.530985,74.13868,0,STOP,At Fire Station Valpoi ,Fire Station Valpoi
2025-12-23T01:34:45.183Z,GA07G2504 - Mid Size (Water Tender),15.5890983,73.9465083,0,STOP,At Fire Station Bicholim ,Fire Station Bicholim
2025-12-23T01:34:45.183Z,GA07G2503-Mid Size (Water Tender),15.5900233,73.80865,0,STOP,At Fire Station Mapusa,Fire Station Mapusa
2025-12-23T01:34:45.183Z,GA07G2502 - Mid Size (Water Tender),15.4870233,73.8172283,0,STOP,"Caculo Mall, 16 Shanta, St Inez Rd, Caculo Enclave, Santa Inez, Panaji, Goa (NW)",Fire Force Headquarters
2025-12-23T01:35:41.925Z,GA 07 G 0680-PIL(QUICK RESPONSE VEHICLE),15.5329733,73.7939283,0,STOP,At Fire Station Pilerne,Fire Station Pilerne
2025-12-23T01:35:41.925Z,GA07G2506 - Mid Size (Water Tender),15.500348,73.914085,0,INACTIVE,At Fire Station Old Goa,Fire Station Old Goa
2025-12-23T01:35:41.925Z,GA 07 G 5115-POR(MINI WATER TENDER),15.522988,73.829384,0,STOP,At Porvorim Fire Station,Fire Station Porvorim
2025-12-23T01:35:41.925Z,GA 07 G 0350-MRG(WATER TENDER),15.269428,73.970604,0,STOP,At Fire Station Margoa,Fire Station Margao
2025-12-23T01:35:41.925Z,GA 07 G 2900-MAP(MINI RESCUE TENDER),15.589908,73.808716,0,STOP,At Fire Station Mapusa,Fire Station Mapusa
2025-12-23T01:35:41.925Z,GA 07 G 7600-FFHQ(WATER BOUSER),15.486375,73.817284,0,RUNNING,At Fire Station panaji,Fire Force Headquarters
2025-12-23T01:35:41.925Z,GA 07 G 2002-FFHQ(TURN TABLE LADDER),15.48742,73.817375,0,STOP,"Caculo Mall, 16 Shanta, St Inez Rd, Caculo Enclave, Santa Inez, Panaji, Goa (NW)",Fire Force Headquarters
2025-12-23T01:35:41.925Z,GA 07 G 7101-FFHQ(WATER TENDER),15.486877,73.817055,0,STOP,"Caculo Mall, 16 Shanta, St Inez Rd, Caculo Enclave, Santa Inez, Panaji, Goa (NW)",Fire Force Headquarters
2025-12-23T01:35:41.925Z,GA 07 G 7677-FFHQ(EMERGENCY RESCUE),15.48719,73.817192,0,STOP,"Caculo Mall, 16 Shanta, St Inez Rd, Caculo Enclave, Santa Inez, Panaji, Goa (NW)",Fire Force Headquarters
2025-12-23T01:35:41.925Z,GA 07 G 1121-PNJ(EMERGENCY RESCUE),15.487292,73.817276,0,STOP,"Caculo Mall, 16 Shanta, St Inez Rd, Caculo Enclave, Santa Inez, Panaji, Goa (NW)",Fire Station Panaji
2025-12-23T01:35:41.925Z,GA 07 G 1571-FFHQ(QUICK RESPONSE),15.48666,73.817444,0,STOP,"Caculo Mall, 16 Shanta, St Inez Rd, Caculo Enclave, Santa Inez, Panaji, Goa (NW)",Fire Force Headquarters
2025-12-23T01:35:41.925Z,GA 07 G 8101-MAP(WATER TENDER),15.589937,73.80867,0,STOP,At Fire Station Mapusa,Fire Station Mapusa
2025-12-23T01:35:41.925Z,GA 07 G 2317-MRG(EMERGENCY RESCUE TENDER),15.269485,73.9702316,1,STOP,At Fire Station Margoa,Fire Station Margao
2025-12-23T01:35:41.925Z,GA 07 G 1570-VAS(QUICK RESPONSE FIRE TENDER),15.3887783,73.8513266,0,STOP,At Fire Station Vasco,Fire Station Vasco
2025-12-23T01:35:41.925Z,GA 07 G 4101-VAS(MS WATER TENDER),15.3890783,73.85092,0,STOP,At Fire Station Vasco,Fire Station Vasco
2025-12-23T01:35:41.925Z,GA 07 G 0819-VAS(WATER/FOAM TENDER),15.3888217,73.8512367,0,IDLE,At Fire Station Vasco,Fire Station Vasco
2025-12-23T01:35:41.925Z,GA 07 G 7100-MRG(WATER BOUSER),15.2694566,73.97006,0,STOP,At Fire Station Margoa,Fire Station Margao
2025-12-23T01:35:41.925Z,GA 07 G 1568-MRG(QUICK RESPONSE ),15.269325,73.9706466,0,STOP,At Fire Station Margoa,Fire Station Margao
2025-12-23T01:35:41.925Z,GA 07 G 6101-MRG(WATER TENDER),15.2693733,73.9701416,0,STOP,At Fire Station Margoa,Fire Station Margao
2025-12-23T01:35:41.925Z,GA 07 G 1001-MRG(AERIAL LADDER PLATFORM),15.2695583,73.969735,0,STOP,At Fire Station Margoa,Fire Station Margao
2025-12-23T01:35:41.925Z,GA 07 G 0820-BIC(WATER TEDNER),15.4027094,74.0029172,0,STOP,At Fire Station Ponda ,Fire Station Bicholim
2025-12-23T01:35:41.925Z,GA 07 G 5101-OLG(MS WATER TENDER),15.5003033,73.91403,0,STOP,At Fire Station Old Goa,Fire Station Old Goa
2025-12-23T01:35:41.925Z,GA 07 G 3101-BIC(MS WATER TENDER),15.58892,73.9466383,0,STOP,At Fire Station Bicholim ,Fire Station Bicholim
2025-12-23T01:35:41.925Z,GA 07 G 1941-BIC(QUICK RESPONSE),15.5894533,73.9467033,0,STOP,At Fire Station Bicholim ,Fire Station Bicholim
2025-12-23T01:35:41.925Z,GA 07 G 2319-VAS (EMERGENCY RESCUE TENDER),15.3901916,73.8524983,0,STOP,"near melisa garage,NSD, Dabolim, Goa (SW)",Fire Station Vasco
2025-12-23T01:35:41.925Z,GA 07 G 3737-VAP(WATER TENDER),15.53099,74.1387199,0,STOP,At Fire Station Valpoi ,Fire Station Valpoi
2025-12-23T01:35:41.925Z,GA 07 G 2318-PND(EMERGENCY RESCUE TENDER),15.4028416,74.0028083,0,STOP,At Fire Station Ponda ,Fire Station Ponda
2025-12-23T01:35:41.925Z,GA 07 G 2004-PND(QUICK RESPONSE),15.4026666,74.0028483,0,STOP,At Fire Station Ponda ,Fire Station Ponda
2025-12-23T01:35:41.925Z,GA 07 G 9101-PND(WATER TENDER),15.402745,74.0028816,0,STOP,At Fire Station Ponda ,Fire Station Ponda
2025-12-23T01:35:41.925Z,GA 07 G 9797-PND(WATER BOUSER),15.402635,74.00284,0,STOP,At Fire Station Ponda ,Fire Station Ponda
2025-12-23T01:35:41.925Z,GA 07 G 6363-CAN(WATER TENDER),15.0236183,74.0440433,0,INACTIVE,"Canacona, The Lalitrajbaga ,Canacona, Canacona, Goa (NE)",Fire Station Canacona
2025-12-23T01:35:41.925Z,GA 07 G 1567-CAN(QUICK RESPONSE FT),15.0171383,74.0398266,32,INACTIVE,"Canacona, The Lalitrajbaga ,Canacona, Canacona, Goa (SW)",Fire Station Canacona
2025-12-23T01:35:41.925Z,GA 07 G 1569-VRN(QUICK RESPONSE),15.3694583,73.9356766,0,STOP,At Fire Station Verna,Fire Station Verna
2025-12-23T01:35:41.925Z,GA 07 G 9909-VRN(ADVANCE MULTI-PURPOSE),15.3695866,73.9351966,0,STOP,At Fire Station Verna,Fire Station Verna
2025-12-23T01:35:41.925Z,GA 07 G 1942-VAP(QUICK RESPONSE),15.5311233,74.1388183,0,STOP,At Fire Station Valpoi ,Fire Station Valpoi
2025-12-23T01:35:41.925Z,GA 07 G 2003-CUR(QUICK RESPONSE),15.2603983,74.1037033,0,STOP,At Fire Station Curchorem,Fire Station Curchorem
2025-12-23T01:35:41.925Z,GA 07 G 7447-CUR(EMERGENCY RESCUE),15.26048,74.1037033,0,STOP,At Fire Station Curchorem,Fire Station Curchorem
2025-12-23T01:35:41.925Z,GA 07 G 7557-CUR(WATER TENDER),15.26045,74.10345,0,STOP,At Fire Station Curchorem,Fire Station Curchorem
2025-12-23T01:35:41.925Z,GA 07 G 7667-CUR(WATER BOUSER),15.1454033,73.99108,0,STOP,"Shri Shantadurga fatarpekarin Temple, Fatorpa, Cuncolim, Goa (SW)",Fire Station Curchorem
2025-12-23T01:35:41.925Z,GA 07 G 4989-KUN(WATER TENDER),15.4630933,73.9726483,0,STOP,At Fire Station Kundaim,Fire Station Kundaim
2025-12-23T01:35:41.925Z,GA 07 G 2242-PIL(WATER TENDER),15.5328322,73.7941056,0,STOP,At Fire Station Pilerne,Fire Station Pilerne
2025-12-23T01:35:41.925Z,GA 07 G 0681-MAP(QUICK RESPONSE),15.589775,73.8087733,0,STOP,At Fire Station Mapusa,Fire Station Mapusa
2025-12-23T01:35:41.925Z,GA 07 G 0307-PER(QUICK RESPONSE),15.7164939,73.7974239,0,INACTIVE,At Fire Station Pernem,Fire Station Pernem
2025-12-23T01:35:41.925Z,GA 07 G 2101-PER(MS WATER TENDER),15.7163717,73.7975772,0,STOP,At Fire Station Pernem,Fire Station Pernem
2025-12-23T01:35:41.925Z,GA 07 G 4600-PER(MINI RESCUE TENDER),15.7165206,73.7975167,0,STOP,At Fire Station Pernem,Fire Station Pernem
2025-12-23T01:35:41.925Z,GA 07 G 7272-PNJ(WATER TENDER),15.4877517,73.8175178,0,STOP,"Goa College of Home Science, Dayanand Bandodkar Road, Opposite Parade Ground Campal,, Panaji, Goa (SE)",Fire Station Panaji
2025-12-23T01:35:41.925Z,GA07G2384- Cuncolim,15.1862206,74.0209944,0,STOP,At Fire Station Cuncolim,Fire Station Cuncolim
2025-12-23T01:35:41.925Z,GA07G2507 - Mid Size (Water Tender),15.7164733,73.7974933,0,STOP,At Fire Station Pernem,Fire Station Pernem
2025-12-23T01:35:41.925Z,GA07G2505 - Mid Size (Water Tender),15.530985,74.13868,0,STOP,At Fire Station Valpoi ,Fire Station Valpoi
2025-12-23T01:35:41.925Z,GA07G2504 - Mid Size (Water Tender),15.5890983,73.9465083,0,STOP,At Fire Station Bicholim ,Fire Station Bicholim
2025-12-23T01:35:41.925Z,GA07G2503-Mid Size (Water Tender),15.5900233,73.80865,0,STOP,At Fire Station Mapusa,Fire Station Mapusa
2025-12-23T01:35:41.925Z,GA07G2502 - Mid Size (Water Tender),15.4870233,73.8172283,0,STOP,"Caculo Mall, 16 Shanta, St Inez Rd, Caculo Enclave, Santa Inez, Panaji, Goa (NW)",Fire Force Headquarters
2025-12-23T01:36:42.898Z,GA 07 G 0680-PIL(QUICK RESPONSE VEHICLE),15.5329733,73.7939283,0,STOP,At Fire Station Pilerne,Fire Station Pilerne
2025-12-23T01:36:42.898Z,GA07G2506 - Mid Size (Water Tender),15.500348,73.914085,0,INACTIVE,At Fire Station Old Goa,Fire Station Old Goa
2025-12-23T01:36:42.898Z,GA 07 G 5115-POR(MINI WATER TENDER),15.522988,73.829384,0,STOP,At Porvorim Fire Station,Fire Station Porvorim
2025-12-23T01:36:42.898Z,GA 07 G 0350-MRG(WATER TENDER),15.269428,73.970604,0,STOP,At Fire Station Margoa,Fire Station Margao
2025-12-23T01:36:42.898Z,GA 07 G 2900-MAP(MINI RESCUE TENDER),15.589908,73.808716,0,STOP,At Fire Station Mapusa,Fire Station Mapusa
2025-12-23T01:36:42.898Z,GA 07 G 7600-FFHQ(WATER BOUSER),15.486755,73.817169,8,RUNNING,"Caculo Mall, 16 Shanta, St Inez Rd, Caculo Enclave, Santa Inez, Panaji, Goa (NW)",Fire Force Headquarters
2025-12-23T01:36:42.898Z,GA 07 G 2002-FFHQ(TURN TABLE LADDER),15.48742,73.817375,0,STOP,"Caculo Mall, 16 Shanta, St Inez Rd, Caculo Enclave, Santa Inez, Panaji, Goa (NW)",Fire Force Headquarters
2025-12-23T01:36:42.898Z,GA 07 G 7101-FFHQ(WATER TENDER),15.486877,73.817055,0,STOP,"Caculo Mall, 16 Shanta, St Inez Rd, Caculo Enclave, Santa Inez, Panaji, Goa (NW)",Fire Force Headquarters
2025-12-23T01:36:42.898Z,GA 07 G 7677-FFHQ(EMERGENCY RESCUE),15.48719,73.817192,0,STOP,"Caculo Mall, 16 Shanta, St Inez Rd, Caculo Enclave, Santa Inez, Panaji, Goa (NW)",Fire Force Headquarters
2025-12-23T01:36:42.898Z,GA 07 G 1121-PNJ(EMERGENCY RESCUE),15.487292,73.817276,0,STOP,"Caculo Mall, 16 Shanta, St Inez Rd, Caculo Enclave, Santa Inez, Panaji, Goa (NW)",Fire Station Panaji
2025-12-23T01:36:42.898Z,GA 07 G 1571-FFHQ(QUICK RESPONSE),15.48666,73.817444,0,STOP,"Caculo Mall, 16 Shanta, St Inez Rd, Caculo Enclave, Santa Inez, Panaji, Goa (NW)",Fire Force Headquarters
2025-12-23T01:36:42.898Z,GA 07 G 8101-MAP(WATER TENDER),15.589937,73.80867,0,STOP,At Fire Station Mapusa,Fire Station Mapusa
2025-12-23T01:36:42.898Z,GA 07 G 2317-MRG(EMERGENCY RESCUE TENDER),15.2693233,73.9700766,0,STOP,At Fire Station Margoa,Fire Station Margao
2025-12-23T01:36:42.898Z,GA 07 G 1570-VAS(QUICK RESPONSE FIRE TENDER),15.3887783,73.8513266,0,STOP,At Fire Station Vasco,Fire Station Vasco
2025-12-23T01:36:42.898Z,GA 07 G 4101-VAS(MS WATER TENDER),15.3890783,73.85092,0,STOP,At Fire Station Vasco,Fire Station Vasco
2025-12-23T01:36:42.898Z,GA 07 G 0819-VAS(WATER/FOAM TENDER),15.3888217,73.8512367,0,IDLE,At Fire Station Vasco,Fire Station Vasco
2025-12-23T01:36:42.898Z,GA 07 G 7100-MRG(WATER BOUSER),15.2694566,73.97006,0,STOP,At Fire Station Margoa,Fire Station Margao
2025-12-23T01:36:42.898Z,GA 07 G 1568-MRG(QUICK RESPONSE ),15.269325,73.9706466,0,STOP,At Fire Station Margoa,Fire Station Margao
2025-12-23T01:36:42.898Z,GA 07 G 6101-MRG(WATER TENDER),15.2693733,73.9701416,0,STOP,At Fire Station Margoa,Fire Station Margao
2025-12-23T01:36:42.898Z,GA 07 G 1001-MRG(AERIAL LADDER PLATFORM),15.2695583,73.969735,0,STOP,At Fire Station Margoa,Fire Station Margao
2025-12-23T01:36:42.898Z,GA 07 G 0820-BIC(WATER TEDNER),15.4027094,74.0029172,0,STOP,At Fire Station Ponda ,Fire Station Bicholim
2025-12-23T01:36:42.898Z,GA 07 G 5101-OLG(MS WATER TENDER),15.5003033,73.91403,0,STOP,At Fire Station Old Goa,Fire Station Old Goa
2025-12-23T01:36:42.898Z,GA 07 G 3101-BIC(MS WATER TENDER),15.58892,73.9466383,0,STOP,At Fire Station Bicholim ,Fire Station Bicholim
2025-12-23T01:36:42.898Z,GA 07 G 1941-BIC(QUICK RESPONSE),15.5894533,73.9467033,0,STOP,At Fire Station Bicholim ,Fire Station Bicholim
2025-12-23T01:36:42.898Z,GA 07 G 2319-VAS (EMERGENCY RESCUE TENDER),15.3901916,73.8524983,0,STOP,"near melisa garage,NSD, Dabolim, Goa (SW)",Fire Station Vasco
2025-12-23T01:36:42.898Z,GA 07 G 3737-VAP(WATER TENDER),15.53099,74.1387199,0,STOP,At Fire Station Valpoi ,Fire Station Valpoi
2025-12-23T01:36:42.898Z,GA 07 G 2318-PND(EMERGENCY RESCUE TENDER),15.4028416,74.0028083,0,STOP,At Fire Station Ponda ,Fire Station Ponda
2025-12-23T01:36:42.898Z,GA 07 G 2004-PND(QUICK RESPONSE),15.4026666,74.0028483,0,STOP,At Fire Station Ponda ,Fire Station Ponda
2025-12-23T01:36:42.898Z,GA 07 G 9101-PND(WATER TENDER),15.402745,74.0028816,0,STOP,At Fire Station Ponda ,Fire Station Ponda
2025-12-23T01:36:42.898Z,GA 07 G 9797-PND(WATER BOUSER),15.402635,74.00284,0,STOP,At Fire Station Ponda ,Fire Station Ponda
2025-12-23T01:36:42.898Z,GA 07 G 6363-CAN(WATER TENDER),15.0236183,74.0440433,0,INACTIVE,"Canacona, The Lalitrajbaga ,Canacona, Canacona, Goa (NE)",Fire Station Canacona
2025-12-23T01:36:42.898Z,GA 07 G 1567-CAN(QUICK RESPONSE FT),15.0171383,74.0398266,32,INACTIVE,"Canacona, The Lalitrajbaga ,Canacona, Canacona, Goa (SW)",Fire Station Canacona
2025-12-23T01:36:42.898Z,GA 07 G 1569-VRN(QUICK RESPONSE),15.3694583,73.9356766,0,STOP,At Fire Station Verna,Fire Station Verna
2025-12-23T01:36:42.898Z,GA 07 G 9909-VRN(ADVANCE MULTI-PURPOSE),15.3695866,73.9351966,0,STOP,At Fire Station Verna,Fire Station Verna
2025-12-23T01:36:42.898Z,GA 07 G 1942-VAP(QUICK RESPONSE),15.5311233,74.1388183,0,STOP,At Fire Station Valpoi ,Fire Station Valpoi
2025-12-23T01:36:42.898Z,GA 07 G 2003-CUR(QUICK RESPONSE),15.2603983,74.1037033,0,STOP,At Fire Station Curchorem,Fire Station Curchorem
2025-12-23T01:36:42.898Z,GA 07 G 7447-CUR(EMERGENCY RESCUE),15.26048,74.1037033,0,STOP,At Fire Station Curchorem,Fire Station Curchorem
2025-12-23T01:36:42.898Z,GA 07 G 7557-CUR(WATER TENDER),15.26045,74.10345,0,STOP,At Fire Station Curchorem,Fire Station Curchorem
2025-12-23T01:36:42.898Z,GA 07 G 7667-CUR(WATER BOUSER),15.1454033,73.99108,0,STOP,"Shri Shantadurga fatarpekarin Temple, Fatorpa, Cuncolim, Goa (SW)",Fire Station Curchorem
2025-12-23T01:36:42.898Z,GA 07 G 4989-KUN(WATER TENDER),15.4630933,73.9726483,0,STOP,At Fire Station Kundaim,Fire Station Kundaim
2025-12-23T01:36:42.898Z,GA 07 G 2242-PIL(WATER TENDER),15.5328322,73.7941056,0,STOP,At Fire Station Pilerne,Fire Station Pilerne
2025-12-23T01:36:42.898Z,GA 07 G 0681-MAP(QUICK RESPONSE),15.589775,73.8087733,0,STOP,At Fire Station Mapusa,Fire Station Mapusa
2025-12-23T01:36:42.898Z,GA 07 G 0307-PER(QUICK RESPONSE),15.7164939,73.7974239,0,INACTIVE,At Fire Station Pernem,Fire Station Pernem
2025-12-23T01:36:42.898Z,GA 07 G 2101-PER(MS WATER TENDER),15.7163717,73.7975772,0,STOP,At Fire Station Pernem,Fire Station Pernem
2025-12-23T01:36:42.898Z,GA 07 G 4600-PER(MINI RESCUE TENDER),15.7165206,73.7975167,0,STOP,At Fire Station Pernem,Fire Station Pernem
2025-12-23T01:36:42.898Z,GA 07 G 7272-PNJ(WATER TENDER),15.4877517,73.8175178,0,STOP,"Goa College of Home Science, Dayanand Bandodkar Road, Opposite Parade Ground Campal,, Panaji, Goa (SE)",Fire Station Panaji
2025-12-23T01:36:42.898Z,GA07G2384- Cuncolim,15.1862206,74.0209944,0,STOP,At Fire Station Cuncolim,Fire Station Cuncolim
2025-12-23T01:36:42.898Z,GA07G2507 - Mid Size (Water Tender),15.7164733,73.7974933,0,STOP,At Fire Station Pernem,Fire Station Pernem
2025-12-23T01:36:42.898Z,GA07G2505 - Mid Size (Water Tender),15.530985,74.13868,0,STOP,At Fire Station Valpoi ,Fire Station Valpoi
2025-12-23T01:36:42.898Z,GA07G2504 - Mid Size (Water Tender),15.5890983,73.9465083,0,STOP,At Fire Station Bicholim ,Fire Station Bicholim
2025-12-23T01:36:42.898Z,GA07G2503-Mid Size (Water Tender),15.5900233,73.80865,0,STOP,At Fire Station Mapusa,Fire Station Mapusa
2025-12-23T01:36:42.898Z,GA07G2502 - Mid Size (Water Tender),15.4870233,73.8172283,0,STOP,"Caculo Mall, 16 Shanta, St Inez Rd, Caculo Enclave, Santa Inez, Panaji, Goa (NW)",Fire Force Headquarters
2025-12-23T01:37:49.012Z,GA 07 G 0680-PIL(QUICK RESPONSE VEHICLE),15.5329733,73.7939283,0,STOP,At Fire Station Pilerne,Fire Station Pilerne
2025-12-23T01:37:49.012Z,GA07G2506 - Mid Size (Water Tender),15.500348,73.914085,0,INACTIVE,At Fire Station Old Goa,Fire Station Old Goa
2025-12-23T01:37:49.012Z,GA 07 G 5115-POR(MINI WATER TENDER),15.522988,73.829384,0,STOP,At Porvorim Fire Station,Fire Station Porvorim
2025-12-23T01:37:49.012Z,GA 07 G 0350-MRG(WATER TENDER),15.269428,73.970604,0,STOP,At Fire Station Margoa,Fire Station Margao
2025-12-23T01:37:49.012Z,GA 07 G 2900-MAP(MINI RESCUE TENDER),15.589908,73.808716,0,STOP,At Fire Station Mapusa,Fire Station Mapusa
2025-12-23T01:37:49.012Z,GA 07 G 7600-FFHQ(WATER BOUSER),15.48709,73.817192,0,STOP,"Caculo Mall, 16 Shanta, St Inez Rd, Caculo Enclave, Santa Inez, Panaji, Goa (NW)",Fire Force Headquarters
2025-12-23T01:37:49.012Z,GA 07 G 2002-FFHQ(TURN TABLE LADDER),15.48742,73.817375,0,STOP,"Caculo Mall, 16 Shanta, St Inez Rd, Caculo Enclave, Santa Inez, Panaji, Goa (NW)",Fire Force Headquarters
2025-12-23T01:37:49.012Z,GA 07 G 7101-FFHQ(WATER TENDER),15.486877,73.817055,0,STOP,"Caculo Mall, 16 Shanta, St Inez Rd, Caculo Enclave, Santa Inez, Panaji, Goa (NW)",Fire Force Headquarters
2025-12-23T01:37:49.012Z,GA 07 G 7677-FFHQ(EMERGENCY RESCUE),15.487308,73.817245,0,IDLE,"Caculo Mall, 16 Shanta, St Inez Rd, Caculo Enclave, Santa Inez, Panaji, Goa (NW)",Fire Force Headquarters
2025-12-23T01:37:49.012Z,GA 07 G 1121-PNJ(EMERGENCY RESCUE),15.487292,73.817276,0,STOP,"Caculo Mall, 16 Shanta, St Inez Rd, Caculo Enclave, Santa Inez, Panaji, Goa (NW)",Fire Station Panaji
2025-12-23T01:37:49.012Z,GA 07 G 1571-FFHQ(QUICK RESPONSE),15.48666,73.817444,0,STOP,"Caculo Mall, 16 Shanta, St Inez Rd, Caculo Enclave, Santa Inez, Panaji, Goa (NW)",Fire Force Headquarters
2025-12-23T01:37:49.012Z,GA 07 G 8101-MAP(WATER TENDER),15.589937,73.80867,0,STOP,At Fire Station Mapusa,Fire Station Mapusa
2025-12-23T01:37:49.012Z,GA 07 G 2317-MRG(EMERGENCY RESCUE TENDER),15.2693233,73.9700766,0,STOP,At Fire Station Margoa,Fire Station Margao
2025-12-23T01:37:49.012Z,GA 07 G 1570-VAS(QUICK RESPONSE FIRE TENDER),15.3887783,73.8513266,0,STOP,At Fire Station Vasco,Fire Station Vasco
2025-12-23T01:37:49.012Z,GA 07 G 4101-VAS(MS WATER TENDER),15.3890783,73.85092,0,STOP,At Fire Station Vasco,Fire Station Vasco
2025-12-23T01:37:49.012Z,GA 07 G 0819-VAS(WATER/FOAM TENDER),15.3888217,73.8512367,0,IDLE,At Fire Station Vasco,Fire Station Vasco
2025-12-23T01:37:49.012Z,GA 07 G 7100-MRG(WATER BOUSER),15.2694566,73.97006,0,STOP,At Fire Station Margoa,Fire Station Margao
2025-12-23T01:37:49.012Z,GA 07 G 1568-MRG(QUICK RESPONSE ),15.269325,73.9706466,0,STOP,At Fire Station Margoa,Fire Station Margao
2025-12-23T01:37:49.012Z,GA 07 G 6101-MRG(WATER TENDER),15.2693733,73.9701416,0,STOP,At Fire Station Margoa,Fire Station Margao
2025-12-23T01:37:49.012Z,GA 07 G 1001-MRG(AERIAL LADDER PLATFORM),15.2695583,73.969735,0,STOP,At Fire Station Margoa,Fire Station Margao
2025-12-23T01:37:49.012Z,GA 07 G 0820-BIC(WATER TEDNER),15.4027094,74.0029172,0,STOP,At Fire Station Ponda ,Fire Station Bicholim
2025-12-23T01:37:49.012Z,GA 07 G 5101-OLG(MS WATER TENDER),15.5003033,73.91403,0,STOP,At Fire Station Old Goa,Fire Station Old Goa
2025-12-23T01:37:49.012Z,GA 07 G 3101-BIC(MS WATER TENDER),15.58892,73.9466383,0,STOP,At Fire Station Bicholim ,Fire Station Bicholim
2025-12-23T01:37:49.012Z,GA 07 G 1941-BIC(QUICK RESPONSE),15.5894533,73.9467033,0,STOP,At Fire Station Bicholim ,Fire Station Bicholim
2025-12-23T01:37:49.012Z,GA 07 G 2319-VAS (EMERGENCY RESCUE TENDER),15.3901916,73.8524983,0,STOP,"near melisa garage,NSD, Dabolim, Goa (SW)",Fire Station Vasco
2025-12-23T01:37:49.012Z,GA 07 G 3737-VAP(WATER TENDER),15.53099,74.1387199,0,STOP,At Fire Station Valpoi ,Fire Station Valpoi
2025-12-23T01:37:49.012Z,GA 07 G 2318-PND(EMERGENCY RESCUE TENDER),15.4028416,74.0028083,0,STOP,At Fire Station Ponda ,Fire Station Ponda
2025-12-23T01:37:49.012Z,GA 07 G 2004-PND(QUICK RESPONSE),15.4026666,74.0028483,0,STOP,At Fire Station Ponda ,Fire Station Ponda
2025-12-23T01:37:49.012Z,GA 07 G 9101-PND(WATER TENDER),15.402745,74.0028816,0,STOP,At Fire Station Ponda ,Fire Station Ponda
2025-12-23T01:37:49.012Z,GA 07 G 9797-PND(WATER BOUSER),15.402635,74.00284,0,STOP,At Fire Station Ponda ,Fire Station Ponda
2025-12-23T01:37:49.012Z,GA 07 G 6363-CAN(WATER TENDER),15.0236183,74.0440433,0,INACTIVE,"Canacona, The Lalitrajbaga ,Canacona, Canacona, Goa (NE)",Fire Station Canacona
2025-12-23T01:37:49.012Z,GA 07 G 1567-CAN(QUICK RESPONSE FT),15.0171383,74.0398266,32,INACTIVE,"Canacona, The Lalitrajbaga ,Canacona, Canacona, Goa (SW)",Fire Station Canacona
2025-12-23T01:37:49.012Z,GA 07 G 1569-VRN(QUICK RESPONSE),15.3694583,73.9356766,0,STOP,At Fire Station Verna,Fire Station Verna
2025-12-23T01:37:49.012Z,GA 07 G 9909-VRN(ADVANCE MULTI-PURPOSE),15.3695866,73.9351966,0,STOP,At Fire Station Verna,Fire Station Verna
2025-12-23T01:37:49.012Z,GA 07 G 1942-VAP(QUICK RESPONSE),15.5311233,74.1388183,0,STOP,At Fire Station Valpoi ,Fire Station Valpoi
2025-12-23T01:37:49.012Z,GA 07 G 2003-CUR(QUICK RESPONSE),15.2603983,74.1037033,0,STOP,At Fire Station Curchorem,Fire Station Curchorem
2025-12-23T01:37:49.012Z,GA 07 G 7447-CUR(EMERGENCY RESCUE),15.26048,74.1037033,0,STOP,At Fire Station Curchorem,Fire Station Curchorem
2025-12-23T01:37:49.012Z,GA 07 G 7557-CUR(WATER TENDER),15.26045,74.10345,0,STOP,At Fire Station Curchorem,Fire Station Curchorem
2025-12-23T01:37:49.012Z,GA 07 G 7667-CUR(WATER BOUSER),15.1454033,73.99108,0,STOP,"Shri Shantadurga fatarpekarin Temple, Fatorpa, Cuncolim, Goa (SW)",Fire Station Curchorem
2025-12-23T01:37:49.012Z,GA 07 G 4989-KUN(WATER TENDER),15.4630933,73.9726483,0,STOP,At Fire Station Kundaim,Fire Station Kundaim
2025-12-23T01:37:49.012Z,GA 07 G 2242-PIL(WATER TENDER),15.5328322,73.7941056,0,STOP,At Fire Station Pilerne,Fire Station Pilerne
2025-12-23T01:37:49.012Z,GA 07 G 0681-MAP(QUICK RESPONSE),15.589775,73.8087733,0,STOP,At Fire Station Mapusa,Fire Station Mapusa
2025-12-23T01:37:49.012Z,GA 07 G 0307-PER(QUICK RESPONSE),15.7164939,73.7974239,0,INACTIVE,At Fire Station Pernem,Fire Station Pernem
2025-12-23T01:37:49.012Z,GA 07 G 2101-PER(MS WATER TENDER),15.7163717,73.7975772,0,STOP,At Fire Station Pernem,Fire Station Pernem
2025-12-23T01:37:49.012Z,GA 07 G 4600-PER(MINI RESCUE TENDER),15.7165206,73.7975167,0,STOP,At Fire Station Pernem,Fire Station Pernem
2025-12-23T01:37:49.012Z,GA 07 G 7272-PNJ(WATER TENDER),15.4877517,73.8175178,0,STOP,"Goa College of Home Science, Dayanand Bandodkar Road, Opposite Parade Ground Campal,, Panaji, Goa (SE)",Fire Station Panaji
2025-12-23T01:37:49.012Z,GA07G2384- Cuncolim,15.1862206,74.0209944,0,STOP,At Fire Station Cuncolim,Fire Station Cuncolim
2025-12-23T01:37:49.012Z,GA07G2507 - Mid Size (Water Tender),15.7164733,73.7974933,0,STOP,At Fire Station Pernem,Fire Station Pernem
2025-12-23T01:37:49.012Z,GA07G2505 - Mid Size (Water Tender),15.530985,74.13868,0,STOP,At Fire Station Valpoi ,Fire Station Valpoi
2025-12-23T01:37:49.012Z,GA07G2504 - Mid Size (Water Tender),15.5890983,73.9465083,0,STOP,At Fire Station Bicholim ,Fire Station Bicholim
2025-12-23T01:37:49.012Z,GA07G2503-Mid Size (Water Tender),15.5900233,73.80865,0,STOP,At Fire Station Mapusa,Fire Station Mapusa
2025-12-23T01:37:49.012Z,GA07G2502 - Mid Size (Water Tender),15.4870233,73.8172283,0,STOP,"Caculo Mall, 16 Shanta, St Inez Rd, Caculo Enclave, Santa Inez, Panaji, Goa (NW)",Fire Force Headquarters
2025-12-23T01:38:42.625Z,GA 07 G 0680-PIL(QUICK RESPONSE VEHICLE),15.5329733,73.7939283,0,STOP,At Fire Station Pilerne,Fire Station Pilerne
2025-12-23T01:38:42.625Z,GA07G2506 - Mid Size (Water Tender),15.500348,73.914085,0,INACTIVE,At Fire Station Old Goa,Fire Station Old Goa
2025-12-23T01:38:42.625Z,GA 07 G 5115-POR(MINI WATER TENDER),15.522988,73.829384,0,STOP,At Porvorim Fire Station,Fire Station Porvorim
2025-12-23T01:38:42.625Z,GA 07 G 0350-MRG(WATER TENDER),15.269428,73.970604,0,STOP,At Fire Station Margoa,Fire Station Margao
2025-12-23T01:38:42.625Z,GA 07 G 2900-MAP(MINI RESCUE TENDER),15.589908,73.808716,0,STOP,At Fire Station Mapusa,Fire Station Mapusa
2025-12-23T01:38:42.625Z,GA 07 G 7600-FFHQ(WATER BOUSER),15.48709,73.817192,0,STOP,"Caculo Mall, 16 Shanta, St Inez Rd, Caculo Enclave, Santa Inez, Panaji, Goa (NW)",Fire Force Headquarters
2025-12-23T01:38:42.625Z,GA 07 G 2002-FFHQ(TURN TABLE LADDER),15.48742,73.817375,0,STOP,"Caculo Mall, 16 Shanta, St Inez Rd, Caculo Enclave, Santa Inez, Panaji, Goa (NW)",Fire Force Headquarters
2025-12-23T01:38:42.625Z,GA 07 G 7101-FFHQ(WATER TENDER),15.486877,73.817055,0,STOP,"Caculo Mall, 16 Shanta, St Inez Rd, Caculo Enclave, Santa Inez, Panaji, Goa (NW)",Fire Force Headquarters
2025-12-23T01:38:42.625Z,GA 07 G 7677-FFHQ(EMERGENCY RESCUE),15.487312,73.817253,0,IDLE,"Caculo Mall, 16 Shanta, St Inez Rd, Caculo Enclave, Santa Inez, Panaji, Goa (NW)",Fire Force Headquarters
2025-12-23T01:38:42.625Z,GA 07 G 1121-PNJ(EMERGENCY RESCUE),15.487292,73.817276,0,STOP,"Caculo Mall, 16 Shanta, St Inez Rd, Caculo Enclave, Santa Inez, Panaji, Goa (NW)",Fire Station Panaji
2025-12-23T01:38:42.625Z,GA 07 G 1571-FFHQ(QUICK RESPONSE),15.48666,73.817444,0,STOP,"Caculo Mall, 16 Shanta, St Inez Rd, Caculo Enclave, Santa Inez, Panaji, Goa (NW)",Fire Force Headquarters
2025-12-23T01:38:42.625Z,GA 07 G 8101-MAP(WATER TENDER),15.589937,73.80867,0,STOP,At Fire Station Mapusa,Fire Station Mapusa
2025-12-23T01:38:42.625Z,GA 07 G 2317-MRG(EMERGENCY RESCUE TENDER),15.26937,73.9700033,0,STOP,At Fire Station Margoa,Fire Station Margao
2025-12-23T01:38:42.625Z,GA 07 G 1570-VAS(QUICK RESPONSE FIRE TENDER),15.3887783,73.8513266,0,STOP,At Fire Station Vasco,Fire Station Vasco
2025-12-23T01:38:42.625Z,GA 07 G 4101-VAS(MS WATER TENDER),15.3890783,73.85092,0,STOP,At Fire Station Vasco,Fire Station Vasco
2025-12-23T01:38:42.625Z,GA 07 G 0819-VAS(WATER/FOAM TENDER),15.3888217,73.8512367,0,IDLE,At Fire Station Vasco,Fire Station Vasco
2025-12-23T01:38:42.625Z,GA 07 G 7100-MRG(WATER BOUSER),15.2694566,73.97006,0,STOP,At Fire Station Margoa,Fire Station Margao
2025-12-23T01:38:42.625Z,GA 07 G 1568-MRG(QUICK RESPONSE ),15.269325,73.9706466,0,STOP,At Fire Station Margoa,Fire Station Margao
2025-12-23T01:38:42.625Z,GA 07 G 6101-MRG(WATER TENDER),15.2693733,73.9701416,0,STOP,At Fire Station Margoa,Fire Station Margao
2025-12-23T01:38:42.625Z,GA 07 G 1001-MRG(AERIAL LADDER PLATFORM),15.2695583,73.969735,0,STOP,At Fire Station Margoa,Fire Station Margao
2025-12-23T01:38:42.625Z,GA 07 G 0820-BIC(WATER TEDNER),15.4027094,74.0029172,0,STOP,At Fire Station Ponda ,Fire Station Bicholim
2025-12-23T01:38:42.625Z,GA 07 G 5101-OLG(MS WATER TENDER),15.5003033,73.91403,0,STOP,At Fire Station Old Goa,Fire Station Old Goa
2025-12-23T01:38:42.625Z,GA 07 G 3101-BIC(MS WATER TENDER),15.58892,73.9466383,0,STOP,At Fire Station Bicholim ,Fire Station Bicholim
2025-12-23T01:38:42.625Z,GA 07 G 1941-BIC(QUICK RESPONSE),15.5894533,73.9467033,0,STOP,At Fire Station Bicholim ,Fire Station Bicholim
2025-12-23T01:38:42.625Z,GA 07 G 2319-VAS (EMERGENCY RESCUE TENDER),15.3901916,73.8524983,0,STOP,"near melisa garage,NSD, Dabolim, Goa (SW)",Fire Station Vasco
2025-12-23T01:38:42.625Z,GA 07 G 3737-VAP(WATER TENDER),15.53099,74.1387199,0,STOP,At Fire Station Valpoi ,Fire Station Valpoi
2025-12-23T01:38:42.625Z,GA 07 G 2318-PND(EMERGENCY RESCUE TENDER),15.4028416,74.0028083,0,STOP,At Fire Station Ponda ,Fire Station Ponda
2025-12-23T01:38:42.625Z,GA 07 G 2004-PND(QUICK RESPONSE),15.4026666,74.0028483,0,STOP,At Fire Station Ponda ,Fire Station Ponda
2025-12-23T01:38:42.625Z,GA 07 G 9101-PND(WATER TENDER),15.402745,74.0028816,0,STOP,At Fire Station Ponda ,Fire Station Ponda
2025-12-23T01:38:42.625Z,GA 07 G 9797-PND(WATER BOUSER),15.402635,74.00284,0,STOP,At Fire Station Ponda ,Fire Station Ponda
2025-12-23T01:38:42.625Z,GA 07 G 6363-CAN(WATER TENDER),15.0236183,74.0440433,0,INACTIVE,"Canacona, The Lalitrajbaga ,Canacona, Canacona, Goa (NE)",Fire Station Canacona
2025-12-23T01:38:42.625Z,GA 07 G 1567-CAN(QUICK RESPONSE FT),15.0171383,74.0398266,32,INACTIVE,"Canacona, The Lalitrajbaga ,Canacona, Canacona, Goa (SW)",Fire Station Canacona
2025-12-23T01:38:42.625Z,GA 07 G 1569-VRN(QUICK RESPONSE),15.3694583,73.9356766,0,STOP,At Fire Station Verna,Fire Station Verna
2025-12-23T01:38:42.625Z,GA 07 G 9909-VRN(ADVANCE MULTI-PURPOSE),15.3695866,73.9351966,0,STOP,At Fire Station Verna,Fire Station Verna
2025-12-23T01:38:42.625Z,GA 07 G 1942-VAP(QUICK RESPONSE),15.5311233,74.1388183,0,STOP,At Fire Station Valpoi ,Fire Station Valpoi
2025-12-23T01:38:42.625Z,GA 07 G 2003-CUR(QUICK RESPONSE),15.2603983,74.1037033,0,STOP,At Fire Station Curchorem,Fire Station Curchorem
2025-12-23T01:38:42.625Z,GA 07 G 7447-CUR(EMERGENCY RESCUE),15.26048,74.1037033,0,STOP,At Fire Station Curchorem,Fire Station Curchorem
2025-12-23T01:38:42.625Z,GA 07 G 7557-CUR(WATER TENDER),15.26045,74.10345,0,STOP,At Fire Station Curchorem,Fire Station Curchorem
2025-12-23T01:38:42.625Z,GA 07 G 7667-CUR(WATER BOUSER),15.1454033,73.99108,0,STOP,"Shri Shantadurga fatarpekarin Temple, Fatorpa, Cuncolim, Goa (SW)",Fire Station Curchorem
2025-12-23T01:38:42.625Z,GA 07 G 4989-KUN(WATER TENDER),15.4630933,73.9726483,0,STOP,At Fire Station Kundaim,Fire Station Kundaim
2025-12-23T01:38:42.625Z,GA 07 G 2242-PIL(WATER TENDER),15.5328322,73.7941056,0,STOP,At Fire Station Pilerne,Fire Station Pilerne
2025-12-23T01:38:42.625Z,GA 07 G 0681-MAP(QUICK RESPONSE),15.589775,73.8087733,0,STOP,At Fire Station Mapusa,Fire Station Mapusa
2025-12-23T01:38:42.625Z,GA 07 G 0307-PER(QUICK RESPONSE),15.7164939,73.7974239,0,INACTIVE,At Fire Station Pernem,Fire Station Pernem
2025-12-23T01:38:42.625Z,GA 07 G 2101-PER(MS WATER TENDER),15.7163717,73.7975772,0,STOP,At Fire Station Pernem,Fire Station Pernem
2025-12-23T01:38:42.625Z,GA 07 G 4600-PER(MINI RESCUE TENDER),15.7165206,73.7975167,0,STOP,At Fire Station Pernem,Fire Station Pernem
2025-12-23T01:38:42.625Z,GA 07 G 7272-PNJ(WATER TENDER),15.4877517,73.8175178,0,STOP,"Goa College of Home Science, Dayanand Bandodkar Road, Opposite Parade Ground Campal,, Panaji, Goa (SE)",Fire Station Panaji
2025-12-23T01:38:42.625Z,GA07G2384- Cuncolim,15.1862206,74.0209944,0,STOP,At Fire Station Cuncolim,Fire Station Cuncolim
2025-12-23T01:38:42.625Z,GA07G2507 - Mid Size (Water Tender),15.7164733,73.7974933,0,STOP,At Fire Station Pernem,Fire Station Pernem
2025-12-23T01:38:42.625Z,GA07G2505 - Mid Size (Water Tender),15.530985,74.13868,0,STOP,At Fire Station Valpoi ,Fire Station Valpoi
2025-12-23T01:38:42.625Z,GA07G2504 - Mid Size (Water Tender),15.5890983,73.9465083,0,STOP,At Fire Station Bicholim ,Fire Station Bicholim
2025-12-23T01:38:42.625Z,GA07G2503-Mid Size (Water Tender),15.5900233,73.80865,0,STOP,At Fire Station Mapusa,Fire Station Mapusa
2025-12-23T01:38:42.625Z,GA07G2502 - Mid Size (Water Tender),15.4870233,73.8172283,0,STOP,"Caculo Mall, 16 Shanta, St Inez Rd, Caculo Enclave, Santa Inez, Panaji, Goa (NW)",Fire Force Headquarters
2025-12-23T01:39:42.415Z,GA 07 G 0680-PIL(QUICK RESPONSE VEHICLE),15.5329733,73.7939283,0,STOP,At Fire Station Pilerne,Fire Station Pilerne
2025-12-23T01:39:42.415Z,GA07G2506 - Mid Size (Water Tender),15.500348,73.914085,0,INACTIVE,At Fire Station Old Goa,Fire Station Old Goa
2025-12-23T01:39:42.415Z,GA 07 G 5115-POR(MINI WATER TENDER),15.522988,73.829384,0,STOP,At Porvorim Fire Station,Fire Station Porvorim
2025-12-23T01:39:42.415Z,GA 07 G 0350-MRG(WATER TENDER),15.269428,73.970604,0,STOP,At Fire Station Margoa,Fire Station Margao
2025-12-23T01:39:42.415Z,GA 07 G 2900-MAP(MINI RESCUE TENDER),15.589908,73.808716,0,STOP,At Fire Station Mapusa,Fire Station Mapusa
2025-12-23T01:39:42.415Z,GA 07 G 7600-FFHQ(WATER BOUSER),15.48709,73.817192,0,STOP,"Caculo Mall, 16 Shanta, St Inez Rd, Caculo Enclave, Santa Inez, Panaji, Goa (NW)",Fire Force Headquarters
2025-12-23T01:39:42.415Z,GA 07 G 2002-FFHQ(TURN TABLE LADDER),15.48742,73.817375,0,STOP,"Caculo Mall, 16 Shanta, St Inez Rd, Caculo Enclave, Santa Inez, Panaji, Goa (NW)",Fire Force Headquarters
2025-12-23T01:39:42.415Z,GA 07 G 7101-FFHQ(WATER TENDER),15.486877,73.817055,0,STOP,"Caculo Mall, 16 Shanta, St Inez Rd, Caculo Enclave, Santa Inez, Panaji, Goa (NW)",Fire Force Headquarters
2025-12-23T01:39:42.415Z,GA 07 G 7677-FFHQ(EMERGENCY RESCUE),15.48731,73.817261,0,STOP,"Caculo Mall, 16 Shanta, St Inez Rd, Caculo Enclave, Santa Inez, Panaji, Goa (NW)",Fire Force Headquarters
2025-12-23T01:39:42.415Z,GA 07 G 1121-PNJ(EMERGENCY RESCUE),15.487292,73.817276,0,STOP,"Caculo Mall, 16 Shanta, St Inez Rd, Caculo Enclave, Santa Inez, Panaji, Goa (NW)",Fire Station Panaji
2025-12-23T01:39:42.415Z,GA 07 G 1571-FFHQ(QUICK RESPONSE),15.48666,73.817444,0,STOP,"Caculo Mall, 16 Shanta, St Inez Rd, Caculo Enclave, Santa Inez, Panaji, Goa (NW)",Fire Force Headquarters
2025-12-23T01:39:42.415Z,GA 07 G 8101-MAP(WATER TENDER),15.589937,73.80867,0,STOP,At Fire Station Mapusa,Fire Station Mapusa
2025-12-23T01:39:42.415Z,GA 07 G 2317-MRG(EMERGENCY RESCUE TENDER),15.26937,73.9700033,1,STOP,At Fire Station Margoa,Fire Station Margao
2025-12-23T01:39:42.415Z,GA 07 G 1570-VAS(QUICK RESPONSE FIRE TENDER),15.3887783,73.8513266,0,STOP,At Fire Station Vasco,Fire Station Vasco
2025-12-23T01:39:42.415Z,GA 07 G 4101-VAS(MS WATER TENDER),15.3890783,73.85092,0,STOP,At Fire Station Vasco,Fire Station Vasco
2025-12-23T01:39:42.415Z,GA 07 G 0819-VAS(WATER/FOAM TENDER),15.3888217,73.8512367,0,IDLE,At Fire Station Vasco,Fire Station Vasco
2025-12-23T01:39:42.415Z,GA 07 G 7100-MRG(WATER BOUSER),15.2694566,73.97006,0,STOP,At Fire Station Margoa,Fire Station Margao
2025-12-23T01:39:42.415Z,GA 07 G 1568-MRG(QUICK RESPONSE ),15.269325,73.9706466,0,STOP,At Fire Station Margoa,Fire Station Margao
2025-12-23T01:39:42.415Z,GA 07 G 6101-MRG(WATER TENDER),15.2693733,73.9701416,0,STOP,At Fire Station Margoa,Fire Station Margao
2025-12-23T01:39:42.415Z,GA 07 G 1001-MRG(AERIAL LADDER PLATFORM),15.2695583,73.969735,0,STOP,At Fire Station Margoa,Fire Station Margao
2025-12-23T01:39:42.415Z,GA 07 G 0820-BIC(WATER TEDNER),15.4027094,74.0029172,0,STOP,At Fire Station Ponda ,Fire Station Bicholim
2025-12-23T01:39:42.415Z,GA 07 G 5101-OLG(MS WATER TENDER),15.5003033,73.91403,0,STOP,At Fire Station Old Goa,Fire Station Old Goa
2025-12-23T01:39:42.415Z,GA 07 G 3101-BIC(MS WATER TENDER),15.58892,73.9466383,0,STOP,At Fire Station Bicholim ,Fire Station Bicholim
2025-12-23T01:39:42.415Z,GA 07 G 1941-BIC(QUICK RESPONSE),15.5894533,73.9467033,0,STOP,At Fire Station Bicholim ,Fire Station Bicholim
2025-12-23T01:39:42.415Z,GA 07 G 2319-VAS (EMERGENCY RESCUE TENDER),15.3901916,73.8524983,0,STOP,"near melisa garage,NSD, Dabolim, Goa (SW)",Fire Station Vasco
2025-12-23T01:39:42.415Z,GA 07 G 3737-VAP(WATER TENDER),15.53099,74.1387199,0,STOP,At Fire Station Valpoi ,Fire Station Valpoi
2025-12-23T01:39:42.415Z,GA 07 G 2318-PND(EMERGENCY RESCUE TENDER),15.4028416,74.0028083,0,STOP,At Fire Station Ponda ,Fire Station Ponda
2025-12-23T01:39:42.415Z,GA 07 G 2004-PND(QUICK RESPONSE),15.4026666,74.0028483,0,STOP,At Fire Station Ponda ,Fire Station Ponda
2025-12-23T01:39:42.415Z,GA 07 G 9101-PND(WATER TENDER),15.402745,74.0028816,0,STOP,At Fire Station Ponda ,Fire Station Ponda
2025-12-23T01:39:42.415Z,GA 07 G 9797-PND(WATER BOUSER),15.402635,74.00284,0,STOP,At Fire Station Ponda ,Fire Station Ponda
2025-12-23T01:39:42.415Z,GA 07 G 6363-CAN(WATER TENDER),15.0236183,74.0440433,0,INACTIVE,"Canacona, The Lalitrajbaga ,Canacona, Canacona, Goa (NE)",Fire Station Canacona
2025-12-23T01:39:42.415Z,GA 07 G 1567-CAN(QUICK RESPONSE FT),15.0171383,74.0398266,32,INACTIVE,"Canacona, The Lalitrajbaga ,Canacona, Canacona, Goa (SW)",Fire Station Canacona
2025-12-23T01:39:42.415Z,GA 07 G 1569-VRN(QUICK RESPONSE),15.3694583,73.9356766,0,STOP,At Fire Station Verna,Fire Station Verna
2025-12-23T01:39:42.415Z,GA 07 G 9909-VRN(ADVANCE MULTI-PURPOSE),15.3695866,73.9351966,0,STOP,At Fire Station Verna,Fire Station Verna
2025-12-23T01:39:42.415Z,GA 07 G 1942-VAP(QUICK RESPONSE),15.5311233,74.1388183,0,STOP,At Fire Station Valpoi ,Fire Station Valpoi
2025-12-23T01:39:42.415Z,GA 07 G 2003-CUR(QUICK RESPONSE),15.2603983,74.1037033,0,STOP,At Fire Station Curchorem,Fire Station Curchorem
2025-12-23T01:39:42.415Z,GA 07 G 7447-CUR(EMERGENCY RESCUE),15.26048,74.1037033,0,STOP,At Fire Station Curchorem,Fire Station Curchorem
2025-12-23T01:39:42.415Z,GA 07 G 7557-CUR(WATER TENDER),15.26045,74.10345,0,STOP,At Fire Station Curchorem,Fire Station Curchorem
2025-12-23T01:39:42.415Z,GA 07 G 7667-CUR(WATER BOUSER),15.1454033,73.99108,0,STOP,"Shri Shantadurga fatarpekarin Temple, Fatorpa, Cuncolim, Goa (SW)",Fire Station Curchorem
2025-12-23T01:39:42.415Z,GA 07 G 4989-KUN(WATER TENDER),15.4630933,73.9726483,0,STOP,At Fire Station Kundaim,Fire Station Kundaim
2025-12-23T01:39:42.415Z,GA 07 G 2242-PIL(WATER TENDER),15.5328322,73.7941056,0,STOP,At Fire Station Pilerne,Fire Station Pilerne
2025-12-23T01:39:42.415Z,GA 07 G 0681-MAP(QUICK RESPONSE),15.589775,73.8087733,0,STOP,At Fire Station Mapusa,Fire Station Mapusa
2025-12-23T01:39:42.415Z,GA 07 G 0307-PER(QUICK RESPONSE),15.7164939,73.7974239,0,INACTIVE,At Fire Station Pernem,Fire Station Pernem
2025-12-23T01:39:42.415Z,GA 07 G 2101-PER(MS WATER TENDER),15.7163717,73.7975772,0,STOP,At Fire Station Pernem,Fire Station Pernem
2025-12-23T01:39:42.415Z,GA 07 G 4600-PER(MINI RESCUE TENDER),15.7165206,73.7975167,0,STOP,At Fire Station Pernem,Fire Station Pernem
2025-12-23T01:39:42.415Z,GA 07 G 7272-PNJ(WATER TENDER),15.4877517,73.8175178,0,STOP,"Goa College of Home Science, Dayanand Bandodkar Road, Opposite Parade Ground Campal,, Panaji, Goa (SE)",Fire Station Panaji
2025-12-23T01:39:42.415Z,GA07G2384- Cuncolim,15.1862206,74.0209944,0,STOP,At Fire Station Cuncolim,Fire Station Cuncolim
2025-12-23T01:39:42.415Z,GA07G2507 - Mid Size (Water Tender),15.7164733,73.7974933,0,STOP,At Fire Station Pernem,Fire Station Pernem
2025-12-23T01:39:42.415Z,GA07G2505 - Mid Size (Water Tender),15.530985,74.13868,0,STOP,At Fire Station Valpoi ,Fire Station Valpoi
2025-12-23T01:39:42.415Z,GA07G2504 - Mid Size (Water Tender),15.5890983,73.9465083,0,STOP,At Fire Station Bicholim ,Fire Station Bicholim
2025-12-23T01:39:42.415Z,GA07G2503-Mid Size (Water Tender),15.5900233,73.80865,0,STOP,At Fire Station Mapusa,Fire Station Mapusa
2025-12-23T01:39:42.415Z,GA07G2502 - Mid Size (Water Tender),15.4870233,73.8172283,0,STOP,"Caculo Mall, 16 Shanta, St Inez Rd, Caculo Enclave, Santa Inez, Panaji, Goa (NW)",Fire Force Headquarters
2025-12-23T01:40:42.010Z,GA 07 G 0680-PIL(QUICK RESPONSE VEHICLE),15.5329733,73.7939283,0,STOP,At Fire Station Pilerne,Fire Station Pilerne
2025-12-23T01:40:42.010Z,GA07G2506 - Mid Size (Water Tender),15.500348,73.914085,0,INACTIVE,At Fire Station Old Goa,Fire Station Old Goa
2025-12-23T01:40:42.010Z,GA 07 G 5115-POR(MINI WATER TENDER),15.522988,73.829384,0,STOP,At Porvorim Fire Station,Fire Station Porvorim
2025-12-23T01:40:42.010Z,GA 07 G 0350-MRG(WATER TENDER),15.269428,73.970604,0,STOP,At Fire Station Margoa,Fire Station Margao
2025-12-23T01:40:42.010Z,GA 07 G 2900-MAP(MINI RESCUE TENDER),15.589908,73.808716,0,STOP,At Fire Station Mapusa,Fire Station Mapusa
2025-12-23T01:40:42.010Z,GA 07 G 7600-FFHQ(WATER BOUSER),15.48709,73.817192,0,STOP,"Caculo Mall, 16 Shanta, St Inez Rd, Caculo Enclave, Santa Inez, Panaji, Goa (NW)",Fire Force Headquarters
2025-12-23T01:40:42.010Z,GA 07 G 2002-FFHQ(TURN TABLE LADDER),15.48742,73.817375,0,STOP,"Caculo Mall, 16 Shanta, St Inez Rd, Caculo Enclave, Santa Inez, Panaji, Goa (NW)",Fire Force Headquarters
2025-12-23T01:40:42.010Z,GA 07 G 7101-FFHQ(WATER TENDER),15.486877,73.817055,0,STOP,"Caculo Mall, 16 Shanta, St Inez Rd, Caculo Enclave, Santa Inez, Panaji, Goa (NW)",Fire Force Headquarters
2025-12-23T01:40:42.010Z,GA 07 G 7677-FFHQ(EMERGENCY RESCUE),15.48731,73.817261,0,STOP,"Caculo Mall, 16 Shanta, St Inez Rd, Caculo Enclave, Santa Inez, Panaji, Goa (NW)",Fire Force Headquarters
2025-12-23T01:40:42.010Z,GA 07 G 1121-PNJ(EMERGENCY RESCUE),15.487292,73.817276,0,STOP,"Caculo Mall, 16 Shanta, St Inez Rd, Caculo Enclave, Santa Inez, Panaji, Goa (NW)",Fire Station Panaji
2025-12-23T01:40:42.010Z,GA 07 G 1571-FFHQ(QUICK RESPONSE),15.48666,73.817444,0,STOP,"Caculo Mall, 16 Shanta, St Inez Rd, Caculo Enclave, Santa Inez, Panaji, Goa (NW)",Fire Force Headquarters
2025-12-23T01:40:42.010Z,GA 07 G 8101-MAP(WATER TENDER),15.589937,73.80867,0,STOP,At Fire Station Mapusa,Fire Station Mapusa
2025-12-23T01:40:42.010Z,GA 07 G 2317-MRG(EMERGENCY RESCUE TENDER),15.2694799,73.9699866,0,STOP,At Fire Station Margoa,Fire Station Margao
2025-12-23T01:40:42.010Z,GA 07 G 1570-VAS(QUICK RESPONSE FIRE TENDER),15.3887783,73.8513266,0,STOP,At Fire Station Vasco,Fire Station Vasco
2025-12-23T01:40:42.010Z,GA 07 G 4101-VAS(MS WATER TENDER),15.3890783,73.85092,0,STOP,At Fire Station Vasco,Fire Station Vasco
2025-12-23T01:40:42.010Z,GA 07 G 0819-VAS(WATER/FOAM TENDER),15.3888217,73.8512367,0,IDLE,At Fire Station Vasco,Fire Station Vasco
2025-12-23T01:40:42.010Z,GA 07 G 7100-MRG(WATER BOUSER),15.2694566,73.97006,0,STOP,At Fire Station Margoa,Fire Station Margao
2025-12-23T01:40:42.010Z,GA 07 G 1568-MRG(QUICK RESPONSE ),15.269325,73.9706466,0,STOP,At Fire Station Margoa,Fire Station Margao
2025-12-23T01:40:42.010Z,GA 07 G 6101-MRG(WATER TENDER),15.2693733,73.9701416,0,STOP,At Fire Station Margoa,Fire Station Margao
2025-12-23T01:40:42.010Z,GA 07 G 1001-MRG(AERIAL LADDER PLATFORM),15.2695583,73.969735,0,STOP,At Fire Station Margoa,Fire Station Margao
2025-12-23T01:40:42.010Z,GA 07 G 0820-BIC(WATER TEDNER),15.4027094,74.0029172,0,STOP,At Fire Station Ponda ,Fire Station Bicholim
2025-12-23T01:40:42.010Z,GA 07 G 5101-OLG(MS WATER TENDER),15.5003033,73.91403,0,STOP,At Fire Station Old Goa,Fire Station Old Goa
2025-12-23T01:40:42.010Z,GA 07 G 3101-BIC(MS WATER TENDER),15.58892,73.9466383,0,STOP,At Fire Station Bicholim ,Fire Station Bicholim
2025-12-23T01:40:42.010Z,GA 07 G 1941-BIC(QUICK RESPONSE),15.5894533,73.9467033,0,STOP,At Fire Station Bicholim ,Fire Station Bicholim
2025-12-23T01:40:42.010Z,GA 07 G 2319-VAS (EMERGENCY RESCUE TENDER),15.3901916,73.8524983,0,STOP,"near melisa garage,NSD, Dabolim, Goa (SW)",Fire Station Vasco
2025-12-23T01:40:42.010Z,GA 07 G 3737-VAP(WATER TENDER),15.53099,74.1387199,0,STOP,At Fire Station Valpoi ,Fire Station Valpoi
2025-12-23T01:40:42.010Z,GA 07 G 2318-PND(EMERGENCY RESCUE TENDER),15.4028416,74.0028083,0,STOP,At Fire Station Ponda ,Fire Station Ponda
2025-12-23T01:40:42.010Z,GA 07 G 2004-PND(QUICK RESPONSE),15.4026666,74.0028483,0,STOP,At Fire Station Ponda ,Fire Station Ponda
2025-12-23T01:40:42.010Z,GA 07 G 9101-PND(WATER TENDER),15.402745,74.0028816,0,STOP,At Fire Station Ponda ,Fire Station Ponda
2025-12-23T01:40:42.010Z,GA 07 G 9797-PND(WATER BOUSER),15.402635,74.00284,0,STOP,At Fire Station Ponda ,Fire Station Ponda
2025-12-23T01:40:42.010Z,GA 07 G 6363-CAN(WATER TENDER),15.0236183,74.0440433,0,INACTIVE,"Canacona, The Lalitrajbaga ,Canacona, Canacona, Goa (NE)",Fire Station Canacona
2025-12-23T01:40:42.010Z,GA 07 G 1567-CAN(QUICK RESPONSE FT),15.0171383,74.0398266,32,INACTIVE,"Canacona, The Lalitrajbaga ,Canacona, Canacona, Goa (SW)",Fire Station Canacona
2025-12-23T01:40:42.010Z,GA 07 G 1569-VRN(QUICK RESPONSE),15.3694583,73.9356766,0,STOP,At Fire Station Verna,Fire Station Verna
2025-12-23T01:40:42.010Z,GA 07 G 9909-VRN(ADVANCE MULTI-PURPOSE),15.3695866,73.9351966,0,STOP,At Fire Station Verna,Fire Station Verna
2025-12-23T01:40:42.010Z,GA 07 G 1942-VAP(QUICK RESPONSE),15.5311233,74.1388183,0,STOP,At Fire Station Valpoi ,Fire Station Valpoi
2025-12-23T01:40:42.010Z,GA 07 G 2003-CUR(QUICK RESPONSE),15.2603983,74.1037033,0,STOP,At Fire Station Curchorem,Fire Station Curchorem
2025-12-23T01:40:42.010Z,GA 07 G 7447-CUR(EMERGENCY RESCUE),15.26048,74.1037033,0,STOP,At Fire Station Curchorem,Fire Station Curchorem
2025-12-23T01:40:42.010Z,GA 07 G 7557-CUR(WATER TENDER),15.26045,74.10345,0,STOP,At Fire Station Curchorem,Fire Station Curchorem
2025-12-23T01:40:42.010Z,GA 07 G 7667-CUR(WATER BOUSER),15.1454033,73.99108,0,STOP,"Shri Shantadurga fatarpekarin Temple, Fatorpa, Cuncolim, Goa (SW)",Fire Station Curchorem
2025-12-23T01:40:42.010Z,GA 07 G 4989-KUN(WATER TENDER),15.4630933,73.9726483,0,STOP,At Fire Station Kundaim,Fire Station Kundaim
2025-12-23T01:40:42.010Z,GA 07 G 2242-PIL(WATER TENDER),15.5328322,73.7941056,0,STOP,At Fire Station Pilerne,Fire Station Pilerne
2025-12-23T01:40:42.010Z,GA 07 G 0681-MAP(QUICK RESPONSE),15.589775,73.8087733,0,STOP,At Fire Station Mapusa,Fire Station Mapusa
2025-12-23T01:40:42.010Z,GA 07 G 0307-PER(QUICK RESPONSE),15.7164939,73.7974239,0,INACTIVE,At Fire Station Pernem,Fire Station Pernem
2025-12-23T01:40:42.010Z,GA 07 G 2101-PER(MS WATER TENDER),15.7163717,73.7975772,0,STOP,At Fire Station Pernem,Fire Station Pernem
2025-12-23T01:40:42.010Z,GA 07 G 4600-PER(MINI RESCUE TENDER),15.7165206,73.7975167,0,STOP,At Fire Station Pernem,Fire Station Pernem
2025-12-23T01:40:42.010Z,GA 07 G 7272-PNJ(WATER TENDER),15.4877517,73.8175178,0,STOP,"Goa College of Home Science, Dayanand Bandodkar Road, Opposite Parade Ground Campal,, Panaji, Goa (SE)",Fire Station Panaji
2025-12-23T01:40:42.010Z,GA07G2384- Cuncolim,15.1862206,74.0209944,0,STOP,At Fire Station Cuncolim,Fire Station Cuncolim
2025-12-23T01:40:42.010Z,GA07G2507 - Mid Size (Water Tender),15.7164733,73.7974933,0,STOP,At Fire Station Pernem,Fire Station Pernem
2025-12-23T01:40:42.010Z,GA07G2505 - Mid Size (Water Tender),15.530985,74.13868,0,STOP,At Fire Station Valpoi ,Fire Station Valpoi
2025-12-23T01:40:42.010Z,GA07G2504 - Mid Size (Water Tender),15.5890983,73.9465083,0,STOP,At Fire Station Bicholim ,Fire Station Bicholim
2025-12-23T01:40:42.010Z,GA07G2503-Mid Size (Water Tender),15.5900233,73.80865,0,STOP,At Fire Station Mapusa,Fire Station Mapusa
2025-12-23T01:40:42.010Z,GA07G2502 - Mid Size (Water Tender),15.4870233,73.8172283,0,STOP,"Caculo Mall, 16 Shanta, St Inez Rd, Caculo Enclave, Santa Inez, Panaji, Goa (NW)",Fire Force Headquarters
2025-12-23T01:41:49.006Z,GA 07 G 0680-PIL(QUICK RESPONSE VEHICLE),15.5329733,73.7939283,0,STOP,At Fire Station Pilerne,Fire Station Pilerne
2025-12-23T01:41:49.006Z,GA07G2506 - Mid Size (Water Tender),15.500348,73.914085,0,INACTIVE,At Fire Station Old Goa,Fire Station Old Goa
2025-12-23T01:41:49.006Z,GA 07 G 5115-POR(MINI WATER TENDER),15.522988,73.829384,0,STOP,At Porvorim Fire Station,Fire Station Porvorim
2025-12-23T01:41:49.006Z,GA 07 G 0350-MRG(WATER TENDER),15.269428,73.970604,0,STOP,At Fire Station Margoa,Fire Station Margao
2025-12-23T01:41:49.006Z,GA 07 G 2900-MAP(MINI RESCUE TENDER),15.589908,73.808716,0,STOP,At Fire Station Mapusa,Fire Station Mapusa
2025-12-23T01:41:49.006Z,GA 07 G 7600-FFHQ(WATER BOUSER),15.487245,73.81691,0,STOP,"Caculo Mall, 16 Shanta, St Inez Rd, Caculo Enclave, Santa Inez, Panaji, Goa (NW)",Fire Force Headquarters
2025-12-23T01:41:49.006Z,GA 07 G 2002-FFHQ(TURN TABLE LADDER),15.48742,73.817375,0,STOP,"Caculo Mall, 16 Shanta, St Inez Rd, Caculo Enclave, Santa Inez, Panaji, Goa (NW)",Fire Force Headquarters
2025-12-23T01:41:49.006Z,GA 07 G 7101-FFHQ(WATER TENDER),15.486877,73.817055,0,STOP,"Caculo Mall, 16 Shanta, St Inez Rd, Caculo Enclave, Santa Inez, Panaji, Goa (NW)",Fire Force Headquarters
2025-12-23T01:41:49.006Z,GA 07 G 7677-FFHQ(EMERGENCY RESCUE),15.48731,73.817261,0,STOP,"Caculo Mall, 16 Shanta, St Inez Rd, Caculo Enclave, Santa Inez, Panaji, Goa (NW)",Fire Force Headquarters
2025-12-23T01:41:49.006Z,GA 07 G 1121-PNJ(EMERGENCY RESCUE),15.487292,73.817276,0,STOP,"Caculo Mall, 16 Shanta, St Inez Rd, Caculo Enclave, Santa Inez, Panaji, Goa (NW)",Fire Station Panaji
2025-12-23T01:41:49.006Z,GA 07 G 1571-FFHQ(QUICK RESPONSE),15.48666,73.817444,0,STOP,"Caculo Mall, 16 Shanta, St Inez Rd, Caculo Enclave, Santa Inez, Panaji, Goa (NW)",Fire Force Headquarters
2025-12-23T01:41:49.006Z,GA 07 G 8101-MAP(WATER TENDER),15.589937,73.80867,0,STOP,At Fire Station Mapusa,Fire Station Mapusa
2025-12-23T01:41:49.006Z,GA 07 G 2317-MRG(EMERGENCY RESCUE TENDER),15.269485,73.9702233,0,STOP,At Fire Station Margoa,Fire Station Margao
2025-12-23T01:41:49.006Z,GA 07 G 1570-VAS(QUICK RESPONSE FIRE TENDER),15.3887783,73.8513266,0,STOP,At Fire Station Vasco,Fire Station Vasco
2025-12-23T01:41:49.006Z,GA 07 G 4101-VAS(MS WATER TENDER),15.3890783,73.85092,0,STOP,At Fire Station Vasco,Fire Station Vasco
2025-12-23T01:41:49.006Z,GA 07 G 0819-VAS(WATER/FOAM TENDER),15.3888217,73.8512367,0,IDLE,At Fire Station Vasco,Fire Station Vasco
2025-12-23T01:41:49.006Z,GA 07 G 7100-MRG(WATER BOUSER),15.2694566,73.97006,0,STOP,At Fire Station Margoa,Fire Station Margao
2025-12-23T01:41:49.006Z,GA 07 G 1568-MRG(QUICK RESPONSE ),15.269325,73.9706466,0,STOP,At Fire Station Margoa,Fire Station Margao
2025-12-23T01:41:49.006Z,GA 07 G 6101-MRG(WATER TENDER),15.2693733,73.9701416,0,STOP,At Fire Station Margoa,Fire Station Margao
2025-12-23T01:41:49.006Z,GA 07 G 1001-MRG(AERIAL LADDER PLATFORM),15.2695583,73.969735,0,STOP,At Fire Station Margoa,Fire Station Margao
2025-12-23T01:41:49.006Z,GA 07 G 0820-BIC(WATER TEDNER),15.4027094,74.0029172,0,STOP,At Fire Station Ponda ,Fire Station Bicholim
2025-12-23T01:41:49.006Z,GA 07 G 5101-OLG(MS WATER TENDER),15.5003033,73.91403,0,STOP,At Fire Station Old Goa,Fire Station Old Goa
2025-12-23T01:41:49.006Z,GA 07 G 3101-BIC(MS WATER TENDER),15.58892,73.9466383,0,STOP,At Fire Station Bicholim ,Fire Station Bicholim
2025-12-23T01:41:49.006Z,GA 07 G 1941-BIC(QUICK RESPONSE),15.5894533,73.9467033,0,STOP,At Fire Station Bicholim ,Fire Station Bicholim
2025-12-23T01:41:49.006Z,GA 07 G 2319-VAS (EMERGENCY RESCUE TENDER),15.3901916,73.8524983,0,STOP,"near melisa garage,NSD, Dabolim, Goa (SW)",Fire Station Vasco
2025-12-23T01:41:49.006Z,GA 07 G 3737-VAP(WATER TENDER),15.53099,74.1387199,0,STOP,At Fire Station Valpoi ,Fire Station Valpoi
2025-12-23T01:41:49.006Z,GA 07 G 2318-PND(EMERGENCY RESCUE TENDER),15.4028416,74.0028083,0,STOP,At Fire Station Ponda ,Fire Station Ponda
2025-12-23T01:41:49.006Z,GA 07 G 2004-PND(QUICK RESPONSE),15.4026666,74.0028483,0,STOP,At Fire Station Ponda ,Fire Station Ponda
2025-12-23T01:41:49.006Z,GA 07 G 9101-PND(WATER TENDER),15.402745,74.0028816,0,STOP,At Fire Station Ponda ,Fire Station Ponda
2025-12-23T01:41:49.006Z,GA 07 G 9797-PND(WATER BOUSER),15.402635,74.00284,0,STOP,At Fire Station Ponda ,Fire Station Ponda
2025-12-23T01:41:49.006Z,GA 07 G 6363-CAN(WATER TENDER),15.0236183,74.0440433,0,INACTIVE,"Canacona, The Lalitrajbaga ,Canacona, Canacona, Goa (NE)",Fire Station Canacona
2025-12-23T01:41:49.006Z,GA 07 G 1567-CAN(QUICK RESPONSE FT),15.0171383,74.0398266,32,INACTIVE,"Canacona, The Lalitrajbaga ,Canacona, Canacona, Goa (SW)",Fire Station Canacona
2025-12-23T01:41:49.006Z,GA 07 G 1569-VRN(QUICK RESPONSE),15.3694583,73.9356766,0,STOP,At Fire Station Verna,Fire Station Verna
2025-12-23T01:41:49.006Z,GA 07 G 9909-VRN(ADVANCE MULTI-PURPOSE),15.3695866,73.9351966,0,STOP,At Fire Station Verna,Fire Station Verna
2025-12-23T01:41:49.006Z,GA 07 G 1942-VAP(QUICK RESPONSE),15.5311233,74.1388183,0,STOP,At Fire Station Valpoi ,Fire Station Valpoi
2025-12-23T01:41:49.006Z,GA 07 G 2003-CUR(QUICK RESPONSE),15.2603983,74.1037033,0,STOP,At Fire Station Curchorem,Fire Station Curchorem
2025-12-23T01:41:49.006Z,GA 07 G 7447-CUR(EMERGENCY RESCUE),15.26048,74.1037033,0,STOP,At Fire Station Curchorem,Fire Station Curchorem
2025-12-23T01:41:49.006Z,GA 07 G 7557-CUR(WATER TENDER),15.26045,74.10345,0,STOP,At Fire Station Curchorem,Fire Station Curchorem
2025-12-23T01:41:49.006Z,GA 07 G 7667-CUR(WATER BOUSER),15.1454033,73.99108,0,STOP,"Shri Shantadurga fatarpekarin Temple, Fatorpa, Cuncolim, Goa (SW)",Fire Station Curchorem
2025-12-23T01:41:49.006Z,GA 07 G 4989-KUN(WATER TENDER),15.4630933,73.9726483,0,STOP,At Fire Station Kundaim,Fire Station Kundaim
2025-12-23T01:41:49.006Z,GA 07 G 2242-PIL(WATER TENDER),15.5328322,73.7941056,0,STOP,At Fire Station Pilerne,Fire Station Pilerne
2025-12-23T01:41:49.006Z,GA 07 G 0681-MAP(QUICK RESPONSE),15.589775,73.8087733,0,STOP,At Fire Station Mapusa,Fire Station Mapusa
2025-12-23T01:41:49.006Z,GA 07 G 0307-PER(QUICK RESPONSE),15.7164939,73.7974239,0,INACTIVE,At Fire Station Pernem,Fire Station Pernem
2025-12-23T01:41:49.006Z,GA 07 G 2101-PER(MS WATER TENDER),15.7163717,73.7975772,0,STOP,At Fire Station Pernem,Fire Station Pernem
2025-12-23T01:41:49.006Z,GA 07 G 4600-PER(MINI RESCUE TENDER),15.7165206,73.7975167,0,STOP,At Fire Station Pernem,Fire Station Pernem
2025-12-23T01:41:49.006Z,GA 07 G 7272-PNJ(WATER TENDER),15.4877517,73.8175178,0,STOP,"Goa College of Home Science, Dayanand Bandodkar Road, Opposite Parade Ground Campal,, Panaji, Goa (SE)",Fire Station Panaji
2025-12-23T01:41:49.006Z,GA07G2384- Cuncolim,15.1862206,74.0209944,0,STOP,At Fire Station Cuncolim,Fire Station Cuncolim
2025-12-23T01:41:49.006Z,GA07G2507 - Mid Size (Water Tender),15.7164733,73.7974933,0,STOP,At Fire Station Pernem,Fire Station Pernem
2025-12-23T01:41:49.006Z,GA07G2505 - Mid Size (Water Tender),15.530985,74.13868,0,STOP,At Fire Station Valpoi ,Fire Station Valpoi
2025-12-23T01:41:49.006Z,GA07G2504 - Mid Size (Water Tender),15.5890983,73.9465083,0,STOP,At Fire Station Bicholim ,Fire Station Bicholim
2025-12-23T01:41:49.006Z,GA07G2503-Mid Size (Water Tender),15.5900233,73.80865,0,STOP,At Fire Station Mapusa,Fire Station Mapusa
2025-12-23T01:41:49.006Z,GA07G2502 - Mid Size (Water Tender),15.4870233,73.8172283,0,STOP,"Caculo Mall, 16 Shanta, St Inez Rd, Caculo Enclave, Santa Inez, Panaji, Goa (NW)",Fire Force Headquarters
