Timestamp,Vehicle_No,Latitude,Longitude,Speed,Status,Location,Branch
2026-01-08T00:00:25.801Z,GA 07 G 0680-PIL(QUICK RESPONSE VEHICLE),15.532865,73.7939283,0,STOP,At Fire Station Pilerne,Fire Station Pilerne
2026-01-08T00:00:25.801Z,GA07G2506 - Mid Size (Water Tender),15.500272,73.914215,0,STOP,At Fire Station Old Goa,Fire Station Old Goa
2026-01-08T00:00:25.801Z,GA 07 G 5115-POR(MINI WATER TENDER),15.523157,73.829254,0,STOP,At Porvorim Fire Station,Fire Station Porvorim
2026-01-08T00:00:25.801Z,GA 07 G 0350-MRG(WATER TENDER),15.269408,73.970665,0,STOP,At Fire Station Margoa,Fire Station Margao
2026-01-08T00:00:25.801Z,GA 07 G 2900-MAP(MINI RESCUE TENDER),15.589915,73.808846,0,STOP,At Fire Station Mapusa,Fire Station Mapusa
2026-01-08T00:00:25.801Z,GA 07 G 7600-FFHQ(WATER BOUSER),15.48722,73.817223,0,STOP,"Caculo Mall, 16 Shanta, St Inez Rd, Caculo Enclave, Santa Inez, Panaji, Goa (NW)",Fire Force Headquarters
2026-01-08T00:00:25.801Z,GA 07 G 2002-FFHQ(TURN TABLE LADDER),15.487275,73.817154,0,STOP,"Caculo Mall, 16 Shanta, St Inez Rd, Caculo Enclave, Santa Inez, Panaji, Goa (NW)",Fire Force Headquarters
2026-01-08T00:00:25.801Z,GA 07 G 7101-FFHQ(WATER TENDER),15.487165,73.816765,0,STOP,"Caculo Mall, 16 Shanta, St Inez Rd, Caculo Enclave, Santa Inez, Panaji, Goa (NW)",Fire Force Headquarters
2026-01-08T00:00:25.801Z,GA 07 G 7677-FFHQ(EMERGENCY RESCUE),15.487005,73.817436,0,STOP,"Caculo Mall, 16 Shanta, St Inez Rd, Caculo Enclave, Santa Inez, Panaji, Goa (NW)",Fire Force Headquarters
2026-01-08T00:00:25.801Z,GA 07 G 1121-PNJ(EMERGENCY RESCUE),15.487197,73.817276,0,STOP,"Caculo Mall, 16 Shanta, St Inez Rd, Caculo Enclave, Santa Inez, Panaji, Goa (NW)",Fire Station Panaji
2026-01-08T00:00:25.801Z,GA 07 G 1571-FFHQ(QUICK RESPONSE),15.486668,73.817223,0,STOP,"Caculo Mall, 16 Shanta, St Inez Rd, Caculo Enclave, Santa Inez, Panaji, Goa (NW)",Fire Force Headquarters
2026-01-08T00:00:25.801Z,GA 07 G 8101-MAP(WATER TENDER),15.589967,73.808762,0,STOP,At Fire Station Mapusa,Fire Station Mapusa
2026-01-08T00:00:25.801Z,GA 07 G 2317-MRG(EMERGENCY RESCUE TENDER),15.2692033,73.969905,1,STOP,At Fire Station Margoa,Fire Station Margao
2026-01-08T00:00:25.801Z,GA 07 G 1570-VAS(QUICK RESPONSE FIRE TENDER),15.4054483,73.893075,0,STOP,"Mendies, National Highway 366, Goa (NE)",Fire Station Vasco
2026-01-08T00:00:25.801Z,GA 07 G 4101-VAS(MS WATER TENDER),15.3888216,73.8512533,0,INACTIVE,At Fire Station Vasco,Fire Station Vasco
2026-01-08T00:00:25.801Z,GA 07 G 0819-VAS(WATER/FOAM TENDER),15.3888067,73.8512617,0,IDLE,At Fire Station Vasco,Fire Station Vasco
2026-01-08T00:00:25.801Z,GA 07 G 7100-MRG(WATER BOUSER),15.2695066,73.9701016,0,STOP,At Fire Station Margoa,Fire Station Margao
2026-01-08T00:00:25.801Z,GA 07 G 1568-MRG(QUICK RESPONSE ),15.26936,73.9704583,0,STOP,At Fire Station Margoa,Fire Station Margao
2026-01-08T00:00:25.801Z,GA 07 G 6101-MRG(WATER TENDER),15.2694199,73.969955,0,STOP,At Fire Station Margoa,Fire Station Margao
2026-01-08T00:00:25.801Z,GA 07 G 1001-MRG(AERIAL LADDER PLATFORM),15.269385,73.97019,0,STOP,At Fire Station Margoa,Fire Station Margao
2026-01-08T00:00:25.801Z,GA 07 G 0820-BIC(WATER TEDNER),15.40271,74.0028017,0,STOP,At Fire Station Ponda ,Fire Station Bicholim
2026-01-08T00:00:25.801Z,GA 07 G 5101-OLG(MS WATER TENDER),15.5001633,73.914055,0,STOP,At Fire Station Old Goa,Fire Station Old Goa
2026-01-08T00:00:25.801Z,GA 07 G 3101-BIC(MS WATER TENDER),15.58949,73.9465499,0,STOP,At Fire Station Bicholim ,Fire Station Bicholim
2026-01-08T00:00:25.801Z,GA 07 G 1941-BIC(QUICK RESPONSE),15.589475,73.9467283,0,STOP,At Fire Station Bicholim ,Fire Station Bicholim
2026-01-08T00:00:25.801Z,GA 07 G 2319-VAS (EMERGENCY RESCUE TENDER),15.3892083,73.8478433,0,STOP,"155/C, near railway bridge, airport road, Alto-dabolim, Dabolim, Goa (SW)",Fire Station Vasco
2026-01-08T00:00:25.801Z,GA 07 G 3737-VAP(WATER TENDER),15.54645,74.0423016,0,STOP,"SH 1, Honda VP, Goa (SW)",Fire Station Valpoi
2026-01-08T00:00:25.801Z,GA 07 G 2318-PND(EMERGENCY RESCUE TENDER),15.402655,74.0030033,0,STOP,At Fire Station Ponda ,Fire Station Ponda
2026-01-08T00:00:25.801Z,GA 07 G 2004-PND(QUICK RESPONSE),15.4141016,73.9073083,0,INACTIVE,"Guru Hotel, Old Ferry Road, Agaçaim, Goa (SE)",Fire Station Ponda
2026-01-08T00:00:25.801Z,GA 07 G 9101-PND(WATER TENDER),15.4022033,74.0029466,0,STOP,At Fire Station Ponda ,Fire Station Ponda
2026-01-08T00:00:25.801Z,GA 07 G 9797-PND(WATER BOUSER),15.4027433,74.0028966,0,IDLE,At Fire Station Ponda ,Fire Station Ponda
2026-01-08T00:00:25.801Z,GA 07 G 6363-CAN(WATER TENDER),15.0236383,74.0440666,0,STOP,"Canacona, The Lalitrajbaga ,Canacona, Canacona, Goa (NE)",Fire Station Canacona
2026-01-08T00:00:25.801Z,GA 07 G 1567-CAN(QUICK RESPONSE FT),15.0163433,74.0396166,39,INACTIVE,"Canacona, The Lalitrajbaga ,Canacona, Canacona, Goa (SW)",Fire Station Canacona
2026-01-08T00:00:25.801Z,GA 07 G 1569-VRN(QUICK RESPONSE),15.3696816,73.9356849,0,STOP,At Fire Station Verna,Fire Station Verna
2026-01-08T00:00:25.801Z,GA 07 G 9909-VRN(ADVANCE MULTI-PURPOSE),15.36962,73.9357333,0,STOP,At Fire Station Verna,Fire Station Verna
2026-01-08T00:00:25.801Z,GA 07 G 1942-VAP(QUICK RESPONSE),15.531045,74.1388183,0,STOP,At Fire Station Valpoi ,Fire Station Valpoi
2026-01-08T00:00:25.801Z,GA 07 G 2003-CUR(QUICK RESPONSE),15.26014,74.1035316,0,STOP,At Fire Station Curchorem,Fire Station Curchorem
2026-01-08T00:00:25.801Z,GA 07 G 7447-CUR(EMERGENCY RESCUE),15.2604233,74.10376,0,STOP,At Fire Station Curchorem,Fire Station Curchorem
2026-01-08T00:00:25.801Z,GA 07 G 7557-CUR(WATER TENDER),15.260345,74.1037183,0,STOP,At Fire Station Curchorem,Fire Station Curchorem
2026-01-08T00:00:25.801Z,GA 07 G 7667-CUR(WATER BOUSER),15.26034,74.1038333,0,STOP,At Fire Station Curchorem,Fire Station Curchorem
2026-01-08T00:00:25.801Z,GA 07 G 4989-KUN(WATER TENDER),15.4630383,73.972665,0,STOP,At Fire Station Kundaim,Fire Station Kundaim
2026-01-08T00:00:25.801Z,GA 07 G 2242-PIL(WATER TENDER),15.53297,73.7940744,0,STOP,At Fire Station Pilerne,Fire Station Pilerne
2026-01-08T00:00:25.801Z,GA 07 G 0681-MAP(QUICK RESPONSE),15.589765,73.808805,0,STOP,At Fire Station Mapusa,Fire Station Mapusa
2026-01-08T00:00:25.801Z,GA 07 G 0307-PER(QUICK RESPONSE),15.7164939,73.7974239,0,INACTIVE,At Fire Station Pernem,Fire Station Pernem
2026-01-08T00:00:25.801Z,GA 07 G 2101-PER(MS WATER TENDER),15.7164339,73.7974506,0,STOP,At Fire Station Pernem,Fire Station Pernem
2026-01-08T00:00:25.801Z,GA 07 G 4600-PER(MINI RESCUE TENDER),15.7165006,73.7975322,0,STOP,At Fire Station Pernem,Fire Station Pernem
2026-01-08T00:00:25.801Z,GA 07 G 7272-PNJ(WATER TENDER),15.4871567,73.8173333,0,STOP,"Caculo Mall, 16 Shanta, St Inez Rd, Caculo Enclave, Santa Inez, Panaji, Goa (NW)",Fire Station Panaji
2026-01-08T00:00:25.801Z,GA07G2384- Cuncolim,15.1862711,74.0209944,0,STOP,At Fire Station Cuncolim,Fire Station Cuncolim
2026-01-08T00:00:25.801Z,GA07G2507 - Mid Size (Water Tender),15.71641,73.79755,0,STOP,At Fire Station Pernem,Fire Station Pernem
2026-01-08T00:00:25.801Z,GA07G2505 - Mid Size (Water Tender),15.5309333,74.1386233,0,STOP,At Fire Station Valpoi ,Fire Station Valpoi
2026-01-08T00:00:25.801Z,GA07G2504 - Mid Size (Water Tender),15.5893267,73.946525,0,STOP,At Fire Station Bicholim ,Fire Station Bicholim
2026-01-08T00:00:25.801Z,GA07G2503-Mid Size (Water Tender),15.58997,73.80865,0,STOP,At Fire Station Mapusa,Fire Station Mapusa
2026-01-08T00:00:25.801Z,GA07G2502 - Mid Size (Water Tender),15.58982,73.8087483,0,STOP,At Fire Station Mapusa,Fire Force Headquarters
2026-01-08T00:01:25.888Z,GA 07 G 0680-PIL(QUICK RESPONSE VEHICLE),15.532865,73.7939283,0,STOP,At Fire Station Pilerne,Fire Station Pilerne
2026-01-08T00:01:25.888Z,GA07G2506 - Mid Size (Water Tender),15.500272,73.914215,0,STOP,At Fire Station Old Goa,Fire Station Old Goa
2026-01-08T00:01:25.888Z,GA 07 G 5115-POR(MINI WATER TENDER),15.523018,73.829498,0,STOP,At Porvorim Fire Station,Fire Station Porvorim
2026-01-08T00:01:25.888Z,GA 07 G 0350-MRG(WATER TENDER),15.269408,73.970665,0,STOP,At Fire Station Margoa,Fire Station Margao
2026-01-08T00:01:25.888Z,GA 07 G 2900-MAP(MINI RESCUE TENDER),15.589915,73.808846,0,STOP,At Fire Station Mapusa,Fire Station Mapusa
2026-01-08T00:01:25.888Z,GA 07 G 7600-FFHQ(WATER BOUSER),15.487355,73.817284,0,STOP,"Caculo Mall, 16 Shanta, St Inez Rd, Caculo Enclave, Santa Inez, Panaji, Goa (NW)",Fire Force Headquarters
2026-01-08T00:01:25.888Z,GA 07 G 2002-FFHQ(TURN TABLE LADDER),15.487275,73.817154,0,STOP,"Caculo Mall, 16 Shanta, St Inez Rd, Caculo Enclave, Santa Inez, Panaji, Goa (NW)",Fire Force Headquarters
2026-01-08T00:01:25.888Z,GA 07 G 7101-FFHQ(WATER TENDER),15.487165,73.816765,0,STOP,"Caculo Mall, 16 Shanta, St Inez Rd, Caculo Enclave, Santa Inez, Panaji, Goa (NW)",Fire Force Headquarters
2026-01-08T00:01:25.888Z,GA 07 G 7677-FFHQ(EMERGENCY RESCUE),15.487005,73.817436,0,STOP,"Caculo Mall, 16 Shanta, St Inez Rd, Caculo Enclave, Santa Inez, Panaji, Goa (NW)",Fire Force Headquarters
2026-01-08T00:01:25.888Z,GA 07 G 1121-PNJ(EMERGENCY RESCUE),15.487197,73.817276,0,STOP,"Caculo Mall, 16 Shanta, St Inez Rd, Caculo Enclave, Santa Inez, Panaji, Goa (NW)",Fire Station Panaji
2026-01-08T00:01:25.888Z,GA 07 G 1571-FFHQ(QUICK RESPONSE),15.486595,73.817528,0,STOP,"Caculo Mall, 16 Shanta, St Inez Rd, Caculo Enclave, Santa Inez, Panaji, Goa (SW)",Fire Force Headquarters
2026-01-08T00:01:25.888Z,GA 07 G 8101-MAP(WATER TENDER),15.589967,73.808762,0,STOP,At Fire Station Mapusa,Fire Station Mapusa
2026-01-08T00:01:25.888Z,GA 07 G 2317-MRG(EMERGENCY RESCUE TENDER),15.269205,73.97006,0,STOP,At Fire Station Margoa,Fire Station Margao
2026-01-08T00:01:25.888Z,GA 07 G 1570-VAS(QUICK RESPONSE FIRE TENDER),15.4054366,73.8930833,0,STOP,"Mendies, National Highway 366, Goa (NE)",Fire Station Vasco
2026-01-08T00:01:25.888Z,GA 07 G 4101-VAS(MS WATER TENDER),15.3888216,73.8512533,0,INACTIVE,At Fire Station Vasco,Fire Station Vasco
2026-01-08T00:01:25.888Z,GA 07 G 0819-VAS(WATER/FOAM TENDER),15.3888067,73.8512617,0,IDLE,At Fire Station Vasco,Fire Station Vasco
2026-01-08T00:01:25.888Z,GA 07 G 7100-MRG(WATER BOUSER),15.2694416,73.9701166,0,STOP,At Fire Station Margoa,Fire Station Margao
2026-01-08T00:01:25.888Z,GA 07 G 1568-MRG(QUICK RESPONSE ),15.26936,73.9704583,0,STOP,At Fire Station Margoa,Fire Station Margao
2026-01-08T00:01:25.888Z,GA 07 G 6101-MRG(WATER TENDER),15.2694199,73.969955,0,STOP,At Fire Station Margoa,Fire Station Margao
2026-01-08T00:01:25.888Z,GA 07 G 1001-MRG(AERIAL LADDER PLATFORM),15.269385,73.97019,0,STOP,At Fire Station Margoa,Fire Station Margao
2026-01-08T00:01:25.888Z,GA 07 G 0820-BIC(WATER TEDNER),15.40271,74.0028017,0,STOP,At Fire Station Ponda ,Fire Station Bicholim
2026-01-08T00:01:25.888Z,GA 07 G 5101-OLG(MS WATER TENDER),15.5001633,73.914055,0,STOP,At Fire Station Old Goa,Fire Station Old Goa
2026-01-08T00:01:25.888Z,GA 07 G 3101-BIC(MS WATER TENDER),15.58949,73.9465499,1,STOP,At Fire Station Bicholim ,Fire Station Bicholim
2026-01-08T00:01:25.888Z,GA 07 G 1941-BIC(QUICK RESPONSE),15.589475,73.9467283,0,STOP,At Fire Station Bicholim ,Fire Station Bicholim
2026-01-08T00:01:25.888Z,GA 07 G 2319-VAS (EMERGENCY RESCUE TENDER),15.3892083,73.8478433,0,STOP,"155/C, near railway bridge, airport road, Alto-dabolim, Dabolim, Goa (SW)",Fire Station Vasco
2026-01-08T00:01:25.888Z,GA 07 G 3737-VAP(WATER TENDER),15.54645,74.0423016,0,STOP,"SH 1, Honda VP, Goa (SW)",Fire Station Valpoi
2026-01-08T00:01:25.888Z,GA 07 G 2318-PND(EMERGENCY RESCUE TENDER),15.402655,74.0030033,0,STOP,At Fire Station Ponda ,Fire Station Ponda
2026-01-08T00:01:25.888Z,GA 07 G 2004-PND(QUICK RESPONSE),15.4141016,73.9073083,0,INACTIVE,"Guru Hotel, Old Ferry Road, Agaçaim, Goa (SE)",Fire Station Ponda
2026-01-08T00:01:25.888Z,GA 07 G 9101-PND(WATER TENDER),15.4022033,74.0029466,0,STOP,At Fire Station Ponda ,Fire Station Ponda
2026-01-08T00:01:25.888Z,GA 07 G 9797-PND(WATER BOUSER),15.4027433,74.0028966,0,IDLE,At Fire Station Ponda ,Fire Station Ponda
2026-01-08T00:01:25.888Z,GA 07 G 6363-CAN(WATER TENDER),15.0236383,74.0440666,0,STOP,"Canacona, The Lalitrajbaga ,Canacona, Canacona, Goa (NE)",Fire Station Canacona
2026-01-08T00:01:25.888Z,GA 07 G 1567-CAN(QUICK RESPONSE FT),15.0163433,74.0396166,39,INACTIVE,"Canacona, The Lalitrajbaga ,Canacona, Canacona, Goa (SW)",Fire Station Canacona
2026-01-08T00:01:25.888Z,GA 07 G 1569-VRN(QUICK RESPONSE),15.3696816,73.9356849,0,STOP,At Fire Station Verna,Fire Station Verna
2026-01-08T00:01:25.888Z,GA 07 G 9909-VRN(ADVANCE MULTI-PURPOSE),15.36962,73.9357333,0,STOP,At Fire Station Verna,Fire Station Verna
2026-01-08T00:01:25.888Z,GA 07 G 1942-VAP(QUICK RESPONSE),15.531045,74.1388183,0,STOP,At Fire Station Valpoi ,Fire Station Valpoi
2026-01-08T00:01:25.888Z,GA 07 G 2003-CUR(QUICK RESPONSE),15.2603983,74.1037433,0,STOP,At Fire Station Curchorem,Fire Station Curchorem
2026-01-08T00:01:25.888Z,GA 07 G 7447-CUR(EMERGENCY RESCUE),15.2604233,74.10376,0,STOP,At Fire Station Curchorem,Fire Station Curchorem
2026-01-08T00:01:25.888Z,GA 07 G 7557-CUR(WATER TENDER),15.260345,74.1037183,0,STOP,At Fire Station Curchorem,Fire Station Curchorem
2026-01-08T00:01:25.888Z,GA 07 G 7667-CUR(WATER BOUSER),15.26034,74.1038333,0,STOP,At Fire Station Curchorem,Fire Station Curchorem
2026-01-08T00:01:25.888Z,GA 07 G 4989-KUN(WATER TENDER),15.4630383,73.972665,0,STOP,At Fire Station Kundaim,Fire Station Kundaim
2026-01-08T00:01:25.888Z,GA 07 G 2242-PIL(WATER TENDER),15.53297,73.7940744,0,STOP,At Fire Station Pilerne,Fire Station Pilerne
2026-01-08T00:01:25.888Z,GA 07 G 0681-MAP(QUICK RESPONSE),15.589765,73.808805,0,STOP,At Fire Station Mapusa,Fire Station Mapusa
2026-01-08T00:01:25.888Z,GA 07 G 0307-PER(QUICK RESPONSE),15.7164939,73.7974239,0,INACTIVE,At Fire Station Pernem,Fire Station Pernem
2026-01-08T00:01:25.888Z,GA 07 G 2101-PER(MS WATER TENDER),15.7164339,73.7974506,0,STOP,At Fire Station Pernem,Fire Station Pernem
2026-01-08T00:01:25.888Z,GA 07 G 4600-PER(MINI RESCUE TENDER),15.7165006,73.7975322,0,STOP,At Fire Station Pernem,Fire Station Pernem
2026-01-08T00:01:25.888Z,GA 07 G 7272-PNJ(WATER TENDER),15.4871567,73.8173333,0,STOP,"Caculo Mall, 16 Shanta, St Inez Rd, Caculo Enclave, Santa Inez, Panaji, Goa (NW)",Fire Station Panaji
2026-01-08T00:01:25.888Z,GA07G2384- Cuncolim,15.1862711,74.0209944,0,STOP,At Fire Station Cuncolim,Fire Station Cuncolim
2026-01-08T00:01:25.888Z,GA07G2507 - Mid Size (Water Tender),15.71641,73.79755,0,STOP,At Fire Station Pernem,Fire Station Pernem
2026-01-08T00:01:25.888Z,GA07G2505 - Mid Size (Water Tender),15.5309333,74.1386233,0,STOP,At Fire Station Valpoi ,Fire Station Valpoi
2026-01-08T00:01:25.888Z,GA07G2504 - Mid Size (Water Tender),15.5893133,73.9465083,0,STOP,At Fire Station Bicholim ,Fire Station Bicholim
2026-01-08T00:01:25.888Z,GA07G2503-Mid Size (Water Tender),15.58997,73.80865,0,STOP,At Fire Station Mapusa,Fire Station Mapusa
2026-01-08T00:01:25.888Z,GA07G2502 - Mid Size (Water Tender),15.58982,73.8087483,0,STOP,At Fire Station Mapusa,Fire Force Headquarters
2026-01-08T00:02:26.483Z,GA 07 G 0680-PIL(QUICK RESPONSE VEHICLE),15.532865,73.7939283,0,STOP,At Fire Station Pilerne,Fire Station Pilerne
2026-01-08T00:02:26.483Z,GA07G2506 - Mid Size (Water Tender),15.500272,73.914215,0,STOP,At Fire Station Old Goa,Fire Station Old Goa
2026-01-08T00:02:26.483Z,GA 07 G 5115-POR(MINI WATER TENDER),15.523018,73.829498,0,STOP,At Porvorim Fire Station,Fire Station Porvorim
2026-01-08T00:02:26.483Z,GA 07 G 0350-MRG(WATER TENDER),15.269408,73.970665,0,STOP,At Fire Station Margoa,Fire Station Margao
2026-01-08T00:02:26.483Z,GA 07 G 2900-MAP(MINI RESCUE TENDER),15.59015,73.808701,0,STOP,At Fire Station Mapusa,Fire Station Mapusa
2026-01-08T00:02:26.483Z,GA 07 G 7600-FFHQ(WATER BOUSER),15.487355,73.817284,0,STOP,"Caculo Mall, 16 Shanta, St Inez Rd, Caculo Enclave, Santa Inez, Panaji, Goa (NW)",Fire Force Headquarters
2026-01-08T00:02:26.483Z,GA 07 G 2002-FFHQ(TURN TABLE LADDER),15.487413,73.8172,0,STOP,"Caculo Mall, 16 Shanta, St Inez Rd, Caculo Enclave, Santa Inez, Panaji, Goa (NW)",Fire Force Headquarters
2026-01-08T00:02:26.483Z,GA 07 G 7101-FFHQ(WATER TENDER),15.487165,73.816765,0,STOP,"Caculo Mall, 16 Shanta, St Inez Rd, Caculo Enclave, Santa Inez, Panaji, Goa (NW)",Fire Force Headquarters
2026-01-08T00:02:26.483Z,GA 07 G 7677-FFHQ(EMERGENCY RESCUE),15.487005,73.817436,0,STOP,"Caculo Mall, 16 Shanta, St Inez Rd, Caculo Enclave, Santa Inez, Panaji, Goa (NW)",Fire Force Headquarters
2026-01-08T00:02:26.483Z,GA 07 G 1121-PNJ(EMERGENCY RESCUE),15.487197,73.817276,0,STOP,"Caculo Mall, 16 Shanta, St Inez Rd, Caculo Enclave, Santa Inez, Panaji, Goa (NW)",Fire Station Panaji
2026-01-08T00:02:26.483Z,GA 07 G 1571-FFHQ(QUICK RESPONSE),15.486595,73.817528,0,STOP,"Caculo Mall, 16 Shanta, St Inez Rd, Caculo Enclave, Santa Inez, Panaji, Goa (SW)",Fire Force Headquarters
2026-01-08T00:02:26.483Z,GA 07 G 8101-MAP(WATER TENDER),15.589967,73.808762,0,STOP,At Fire Station Mapusa,Fire Station Mapusa
2026-01-08T00:02:26.483Z,GA 07 G 2317-MRG(EMERGENCY RESCUE TENDER),15.269325,73.9699383,1,STOP,At Fire Station Margoa,Fire Station Margao
2026-01-08T00:02:26.483Z,GA 07 G 1570-VAS(QUICK RESPONSE FIRE TENDER),15.4054366,73.8930833,0,STOP,"Mendies, National Highway 366, Goa (NE)",Fire Station Vasco
2026-01-08T00:02:26.483Z,GA 07 G 4101-VAS(MS WATER TENDER),15.3888216,73.8512533,0,INACTIVE,At Fire Station Vasco,Fire Station Vasco
2026-01-08T00:02:26.483Z,GA 07 G 0819-VAS(WATER/FOAM TENDER),15.3888067,73.8512617,0,IDLE,At Fire Station Vasco,Fire Station Vasco
2026-01-08T00:02:26.483Z,GA 07 G 7100-MRG(WATER BOUSER),15.2694416,73.9701166,0,STOP,At Fire Station Margoa,Fire Station Margao
2026-01-08T00:02:26.483Z,GA 07 G 1568-MRG(QUICK RESPONSE ),15.26936,73.9704583,0,STOP,At Fire Station Margoa,Fire Station Margao
2026-01-08T00:02:26.483Z,GA 07 G 6101-MRG(WATER TENDER),15.2694199,73.969955,0,STOP,At Fire Station Margoa,Fire Station Margao
2026-01-08T00:02:26.483Z,GA 07 G 1001-MRG(AERIAL LADDER PLATFORM),15.269385,73.97019,0,STOP,At Fire Station Margoa,Fire Station Margao
2026-01-08T00:02:26.483Z,GA 07 G 0820-BIC(WATER TEDNER),15.40271,74.0028017,0,STOP,At Fire Station Ponda ,Fire Station Bicholim
2026-01-08T00:02:26.483Z,GA 07 G 5101-OLG(MS WATER TENDER),15.5001633,73.914055,0,STOP,At Fire Station Old Goa,Fire Station Old Goa
2026-01-08T00:02:26.483Z,GA 07 G 3101-BIC(MS WATER TENDER),15.589135,73.9464599,5,STOP,At Fire Station Bicholim ,Fire Station Bicholim
2026-01-08T00:02:26.483Z,GA 07 G 1941-BIC(QUICK RESPONSE),15.589475,73.9467283,0,STOP,At Fire Station Bicholim ,Fire Station Bicholim
2026-01-08T00:02:26.483Z,GA 07 G 2319-VAS (EMERGENCY RESCUE TENDER),15.3892083,73.8478433,0,STOP,"155/C, near railway bridge, airport road, Alto-dabolim, Dabolim, Goa (SW)",Fire Station Vasco
2026-01-08T00:02:26.483Z,GA 07 G 3737-VAP(WATER TENDER),15.54645,74.0423016,0,STOP,"SH 1, Honda VP, Goa (SW)",Fire Station Valpoi
2026-01-08T00:02:26.483Z,GA 07 G 2318-PND(EMERGENCY RESCUE TENDER),15.402655,74.0030033,0,STOP,At Fire Station Ponda ,Fire Station Ponda
2026-01-08T00:02:26.483Z,GA 07 G 2004-PND(QUICK RESPONSE),15.4141016,73.9073083,0,INACTIVE,"Guru Hotel, Old Ferry Road, Agaçaim, Goa (SE)",Fire Station Ponda
2026-01-08T00:02:26.483Z,GA 07 G 9101-PND(WATER TENDER),15.4022033,74.0029466,0,STOP,At Fire Station Ponda ,Fire Station Ponda
2026-01-08T00:02:26.483Z,GA 07 G 9797-PND(WATER BOUSER),15.4027433,74.0028966,0,IDLE,At Fire Station Ponda ,Fire Station Ponda
2026-01-08T00:02:26.483Z,GA 07 G 6363-CAN(WATER TENDER),15.0236383,74.0440666,0,STOP,"Canacona, The Lalitrajbaga ,Canacona, Canacona, Goa (NE)",Fire Station Canacona
2026-01-08T00:02:26.483Z,GA 07 G 1567-CAN(QUICK RESPONSE FT),15.0163433,74.0396166,39,INACTIVE,"Canacona, The Lalitrajbaga ,Canacona, Canacona, Goa (SW)",Fire Station Canacona
2026-01-08T00:02:26.483Z,GA 07 G 1569-VRN(QUICK RESPONSE),15.3696816,73.9356849,0,STOP,At Fire Station Verna,Fire Station Verna
2026-01-08T00:02:26.483Z,GA 07 G 9909-VRN(ADVANCE MULTI-PURPOSE),15.36962,73.9357333,0,STOP,At Fire Station Verna,Fire Station Verna
2026-01-08T00:02:26.483Z,GA 07 G 1942-VAP(QUICK RESPONSE),15.531045,74.1388183,0,STOP,At Fire Station Valpoi ,Fire Station Valpoi
2026-01-08T00:02:26.483Z,GA 07 G 2003-CUR(QUICK RESPONSE),15.2603983,74.1037433,0,STOP,At Fire Station Curchorem,Fire Station Curchorem
2026-01-08T00:02:26.483Z,GA 07 G 7447-CUR(EMERGENCY RESCUE),15.2604233,74.10376,0,STOP,At Fire Station Curchorem,Fire Station Curchorem
2026-01-08T00:02:26.483Z,GA 07 G 7557-CUR(WATER TENDER),15.260345,74.1037183,0,STOP,At Fire Station Curchorem,Fire Station Curchorem
2026-01-08T00:02:26.483Z,GA 07 G 7667-CUR(WATER BOUSER),15.26034,74.1038333,0,STOP,At Fire Station Curchorem,Fire Station Curchorem
2026-01-08T00:02:26.483Z,GA 07 G 4989-KUN(WATER TENDER),15.4630383,73.972665,0,STOP,At Fire Station Kundaim,Fire Station Kundaim
2026-01-08T00:02:26.483Z,GA 07 G 2242-PIL(WATER TENDER),15.53297,73.7940744,0,STOP,At Fire Station Pilerne,Fire Station Pilerne
2026-01-08T00:02:26.483Z,GA 07 G 0681-MAP(QUICK RESPONSE),15.589765,73.808805,0,STOP,At Fire Station Mapusa,Fire Station Mapusa
2026-01-08T00:02:26.483Z,GA 07 G 0307-PER(QUICK RESPONSE),15.7164939,73.7974239,0,INACTIVE,At Fire Station Pernem,Fire Station Pernem
2026-01-08T00:02:26.483Z,GA 07 G 2101-PER(MS WATER TENDER),15.7164339,73.7974506,0,STOP,At Fire Station Pernem,Fire Station Pernem
2026-01-08T00:02:26.483Z,GA 07 G 4600-PER(MINI RESCUE TENDER),15.7165006,73.7975322,0,STOP,At Fire Station Pernem,Fire Station Pernem
2026-01-08T00:02:26.483Z,GA 07 G 7272-PNJ(WATER TENDER),15.4871567,73.8173333,0,STOP,"Caculo Mall, 16 Shanta, St Inez Rd, Caculo Enclave, Santa Inez, Panaji, Goa (NW)",Fire Station Panaji
2026-01-08T00:02:26.483Z,GA07G2384- Cuncolim,15.1862711,74.0209944,0,STOP,At Fire Station Cuncolim,Fire Station Cuncolim
2026-01-08T00:02:26.483Z,GA07G2507 - Mid Size (Water Tender),15.71641,73.79755,0,STOP,At Fire Station Pernem,Fire Station Pernem
2026-01-08T00:02:26.483Z,GA07G2505 - Mid Size (Water Tender),15.5309333,74.1386233,0,STOP,At Fire Station Valpoi ,Fire Station Valpoi
2026-01-08T00:02:26.483Z,GA07G2504 - Mid Size (Water Tender),15.5893133,73.9465083,0,STOP,At Fire Station Bicholim ,Fire Station Bicholim
2026-01-08T00:02:26.483Z,GA07G2503-Mid Size (Water Tender),15.58997,73.80865,0,STOP,At Fire Station Mapusa,Fire Station Mapusa
2026-01-08T00:02:26.483Z,GA07G2502 - Mid Size (Water Tender),15.58982,73.8087483,0,STOP,At Fire Station Mapusa,Fire Force Headquarters
2026-01-08T00:03:26.456Z,GA 07 G 0680-PIL(QUICK RESPONSE VEHICLE),15.532865,73.7939283,0,STOP,At Fire Station Pilerne,Fire Station Pilerne
2026-01-08T00:03:26.456Z,GA07G2506 - Mid Size (Water Tender),15.500272,73.914215,0,STOP,At Fire Station Old Goa,Fire Station Old Goa
2026-01-08T00:03:26.456Z,GA 07 G 5115-POR(MINI WATER TENDER),15.523018,73.829498,0,STOP,At Porvorim Fire Station,Fire Station Porvorim
2026-01-08T00:03:26.456Z,GA 07 G 0350-MRG(WATER TENDER),15.269435,73.97068,0,STOP,At Fire Station Margoa,Fire Station Margao
2026-01-08T00:03:26.456Z,GA 07 G 2900-MAP(MINI RESCUE TENDER),15.59015,73.808701,0,STOP,At Fire Station Mapusa,Fire Station Mapusa
2026-01-08T00:03:26.456Z,GA 07 G 7600-FFHQ(WATER BOUSER),15.487355,73.817284,0,STOP,"Caculo Mall, 16 Shanta, St Inez Rd, Caculo Enclave, Santa Inez, Panaji, Goa (NW)",Fire Force Headquarters
2026-01-08T00:03:26.456Z,GA 07 G 2002-FFHQ(TURN TABLE LADDER),15.487413,73.8172,0,STOP,"Caculo Mall, 16 Shanta, St Inez Rd, Caculo Enclave, Santa Inez, Panaji, Goa (NW)",Fire Force Headquarters
2026-01-08T00:03:26.456Z,GA 07 G 7101-FFHQ(WATER TENDER),15.486933,73.817017,0,STOP,"Caculo Mall, 16 Shanta, St Inez Rd, Caculo Enclave, Santa Inez, Panaji, Goa (NW)",Fire Force Headquarters
2026-01-08T00:03:26.456Z,GA 07 G 7677-FFHQ(EMERGENCY RESCUE),15.487005,73.817436,0,STOP,"Caculo Mall, 16 Shanta, St Inez Rd, Caculo Enclave, Santa Inez, Panaji, Goa (NW)",Fire Force Headquarters
2026-01-08T00:03:26.456Z,GA 07 G 1121-PNJ(EMERGENCY RESCUE),15.487197,73.817276,0,STOP,"Caculo Mall, 16 Shanta, St Inez Rd, Caculo Enclave, Santa Inez, Panaji, Goa (NW)",Fire Station Panaji
2026-01-08T00:03:26.456Z,GA 07 G 1571-FFHQ(QUICK RESPONSE),15.486595,73.817528,0,STOP,"Caculo Mall, 16 Shanta, St Inez Rd, Caculo Enclave, Santa Inez, Panaji, Goa (SW)",Fire Force Headquarters
2026-01-08T00:03:26.456Z,GA 07 G 8101-MAP(WATER TENDER),15.589967,73.808762,0,STOP,At Fire Station Mapusa,Fire Station Mapusa
2026-01-08T00:03:26.456Z,GA 07 G 2317-MRG(EMERGENCY RESCUE TENDER),15.269325,73.9699383,1,STOP,At Fire Station Margoa,Fire Station Margao
2026-01-08T00:03:26.456Z,GA 07 G 1570-VAS(QUICK RESPONSE FIRE TENDER),15.4054366,73.8930833,0,STOP,"Mendies, National Highway 366, Goa (NE)",Fire Station Vasco
2026-01-08T00:03:26.456Z,GA 07 G 4101-VAS(MS WATER TENDER),15.3888216,73.8512533,0,INACTIVE,At Fire Station Vasco,Fire Station Vasco
2026-01-08T00:03:26.456Z,GA 07 G 0819-VAS(WATER/FOAM TENDER),15.3888067,73.8512617,0,IDLE,At Fire Station Vasco,Fire Station Vasco
2026-01-08T00:03:26.456Z,GA 07 G 7100-MRG(WATER BOUSER),15.2694416,73.9701166,0,STOP,At Fire Station Margoa,Fire Station Margao
2026-01-08T00:03:26.456Z,GA 07 G 1568-MRG(QUICK RESPONSE ),15.26936,73.9704583,0,STOP,At Fire Station Margoa,Fire Station Margao
2026-01-08T00:03:26.456Z,GA 07 G 6101-MRG(WATER TENDER),15.2694199,73.969955,0,STOP,At Fire Station Margoa,Fire Station Margao
2026-01-08T00:03:26.456Z,GA 07 G 1001-MRG(AERIAL LADDER PLATFORM),15.269385,73.97019,0,STOP,At Fire Station Margoa,Fire Station Margao
2026-01-08T00:03:26.456Z,GA 07 G 0820-BIC(WATER TEDNER),15.40271,74.0028017,0,STOP,At Fire Station Ponda ,Fire Station Bicholim
2026-01-08T00:03:26.456Z,GA 07 G 5101-OLG(MS WATER TENDER),15.5001633,73.914055,0,STOP,At Fire Station Old Goa,Fire Station Old Goa
2026-01-08T00:03:26.456Z,GA 07 G 3101-BIC(MS WATER TENDER),15.589125,73.9464033,7,STOP,At Fire Station Bicholim ,Fire Station Bicholim
2026-01-08T00:03:26.456Z,GA 07 G 1941-BIC(QUICK RESPONSE),15.589475,73.9467283,0,STOP,At Fire Station Bicholim ,Fire Station Bicholim
2026-01-08T00:03:26.456Z,GA 07 G 2319-VAS (EMERGENCY RESCUE TENDER),15.3892083,73.8478433,0,STOP,"155/C, near railway bridge, airport road, Alto-dabolim, Dabolim, Goa (SW)",Fire Station Vasco
2026-01-08T00:03:26.456Z,GA 07 G 3737-VAP(WATER TENDER),15.54645,74.0423016,0,STOP,"SH 1, Honda VP, Goa (SW)",Fire Station Valpoi
2026-01-08T00:03:26.456Z,GA 07 G 2318-PND(EMERGENCY RESCUE TENDER),15.402655,74.0030033,0,STOP,At Fire Station Ponda ,Fire Station Ponda
2026-01-08T00:03:26.456Z,GA 07 G 2004-PND(QUICK RESPONSE),15.4141016,73.9073083,0,INACTIVE,"Guru Hotel, Old Ferry Road, Agaçaim, Goa (SE)",Fire Station Ponda
2026-01-08T00:03:26.456Z,GA 07 G 9101-PND(WATER TENDER),15.4022033,74.0029466,0,STOP,At Fire Station Ponda ,Fire Station Ponda
2026-01-08T00:03:26.456Z,GA 07 G 9797-PND(WATER BOUSER),15.4027433,74.0028966,0,IDLE,At Fire Station Ponda ,Fire Station Ponda
2026-01-08T00:03:26.456Z,GA 07 G 6363-CAN(WATER TENDER),15.0236383,74.0440666,0,STOP,"Canacona, The Lalitrajbaga ,Canacona, Canacona, Goa (NE)",Fire Station Canacona
2026-01-08T00:03:26.456Z,GA 07 G 1567-CAN(QUICK RESPONSE FT),15.0163433,74.0396166,39,INACTIVE,"Canacona, The Lalitrajbaga ,Canacona, Canacona, Goa (SW)",Fire Station Canacona
2026-01-08T00:03:26.456Z,GA 07 G 1569-VRN(QUICK RESPONSE),15.3696816,73.9356849,0,STOP,At Fire Station Verna,Fire Station Verna
2026-01-08T00:03:26.456Z,GA 07 G 9909-VRN(ADVANCE MULTI-PURPOSE),15.36962,73.9357333,0,STOP,At Fire Station Verna,Fire Station Verna
2026-01-08T00:03:26.456Z,GA 07 G 1942-VAP(QUICK RESPONSE),15.531045,74.1388183,0,STOP,At Fire Station Valpoi ,Fire Station Valpoi
2026-01-08T00:03:26.456Z,GA 07 G 2003-CUR(QUICK RESPONSE),15.2603983,74.1037433,0,STOP,At Fire Station Curchorem,Fire Station Curchorem
2026-01-08T00:03:26.456Z,GA 07 G 7447-CUR(EMERGENCY RESCUE),15.2604233,74.10376,0,STOP,At Fire Station Curchorem,Fire Station Curchorem
2026-01-08T00:03:26.456Z,GA 07 G 7557-CUR(WATER TENDER),15.260345,74.1037183,0,STOP,At Fire Station Curchorem,Fire Station Curchorem
2026-01-08T00:03:26.456Z,GA 07 G 7667-CUR(WATER BOUSER),15.26034,74.1038333,0,STOP,At Fire Station Curchorem,Fire Station Curchorem
2026-01-08T00:03:26.456Z,GA 07 G 4989-KUN(WATER TENDER),15.4630383,73.972665,0,STOP,At Fire Station Kundaim,Fire Station Kundaim
2026-01-08T00:03:26.456Z,GA 07 G 2242-PIL(WATER TENDER),15.53297,73.7940744,0,STOP,At Fire Station Pilerne,Fire Station Pilerne
2026-01-08T00:03:26.456Z,GA 07 G 0681-MAP(QUICK RESPONSE),15.589765,73.808805,0,STOP,At Fire Station Mapusa,Fire Station Mapusa
2026-01-08T00:03:26.456Z,GA 07 G 0307-PER(QUICK RESPONSE),15.7164939,73.7974239,0,INACTIVE,At Fire Station Pernem,Fire Station Pernem
2026-01-08T00:03:26.456Z,GA 07 G 2101-PER(MS WATER TENDER),15.7164339,73.7974506,0,STOP,At Fire Station Pernem,Fire Station Pernem
2026-01-08T00:03:26.456Z,GA 07 G 4600-PER(MINI RESCUE TENDER),15.7165006,73.7975322,0,STOP,At Fire Station Pernem,Fire Station Pernem
2026-01-08T00:03:26.456Z,GA 07 G 7272-PNJ(WATER TENDER),15.4871567,73.8173333,0,STOP,"Caculo Mall, 16 Shanta, St Inez Rd, Caculo Enclave, Santa Inez, Panaji, Goa (NW)",Fire Station Panaji
2026-01-08T00:03:26.456Z,GA07G2384- Cuncolim,15.1862711,74.0209944,0,STOP,At Fire Station Cuncolim,Fire Station Cuncolim
2026-01-08T00:03:26.456Z,GA07G2507 - Mid Size (Water Tender),15.71641,73.79755,0,STOP,At Fire Station Pernem,Fire Station Pernem
2026-01-08T00:03:26.456Z,GA07G2505 - Mid Size (Water Tender),15.5309333,74.1386233,0,STOP,At Fire Station Valpoi ,Fire Station Valpoi
2026-01-08T00:03:26.456Z,GA07G2504 - Mid Size (Water Tender),15.5893133,73.9465083,0,STOP,At Fire Station Bicholim ,Fire Station Bicholim
2026-01-08T00:03:26.456Z,GA07G2503-Mid Size (Water Tender),15.58997,73.80865,0,STOP,At Fire Station Mapusa,Fire Station Mapusa
2026-01-08T00:03:26.456Z,GA07G2502 - Mid Size (Water Tender),15.58982,73.8087483,0,STOP,At Fire Station Mapusa,Fire Force Headquarters
2026-01-08T00:04:28.875Z,GA 07 G 0680-PIL(QUICK RESPONSE VEHICLE),15.532865,73.7939283,0,STOP,At Fire Station Pilerne,Fire Station Pilerne
2026-01-08T00:04:28.875Z,GA07G2506 - Mid Size (Water Tender),15.500418,73.914055,0,STOP,At Fire Station Old Goa,Fire Station Old Goa
2026-01-08T00:04:28.875Z,GA 07 G 5115-POR(MINI WATER TENDER),15.523018,73.829498,0,STOP,At Porvorim Fire Station,Fire Station Porvorim
2026-01-08T00:04:28.875Z,GA 07 G 0350-MRG(WATER TENDER),15.269435,73.97068,0,STOP,At Fire Station Margoa,Fire Station Margao
2026-01-08T00:04:28.875Z,GA 07 G 2900-MAP(MINI RESCUE TENDER),15.59015,73.808701,0,STOP,At Fire Station Mapusa,Fire Station Mapusa
2026-01-08T00:04:28.875Z,GA 07 G 7600-FFHQ(WATER BOUSER),15.487355,73.817284,0,STOP,"Caculo Mall, 16 Shanta, St Inez Rd, Caculo Enclave, Santa Inez, Panaji, Goa (NW)",Fire Force Headquarters
2026-01-08T00:04:28.875Z,GA 07 G 2002-FFHQ(TURN TABLE LADDER),15.487413,73.8172,0,STOP,"Caculo Mall, 16 Shanta, St Inez Rd, Caculo Enclave, Santa Inez, Panaji, Goa (NW)",Fire Force Headquarters
2026-01-08T00:04:28.875Z,GA 07 G 7101-FFHQ(WATER TENDER),15.486933,73.817017,0,STOP,"Caculo Mall, 16 Shanta, St Inez Rd, Caculo Enclave, Santa Inez, Panaji, Goa (NW)",Fire Force Headquarters
2026-01-08T00:04:28.875Z,GA 07 G 7677-FFHQ(EMERGENCY RESCUE),15.487005,73.817436,0,STOP,"Caculo Mall, 16 Shanta, St Inez Rd, Caculo Enclave, Santa Inez, Panaji, Goa (NW)",Fire Force Headquarters
2026-01-08T00:04:28.875Z,GA 07 G 1121-PNJ(EMERGENCY RESCUE),15.487197,73.817276,0,STOP,"Caculo Mall, 16 Shanta, St Inez Rd, Caculo Enclave, Santa Inez, Panaji, Goa (NW)",Fire Station Panaji
2026-01-08T00:04:28.875Z,GA 07 G 1571-FFHQ(QUICK RESPONSE),15.486595,73.817528,0,STOP,"Caculo Mall, 16 Shanta, St Inez Rd, Caculo Enclave, Santa Inez, Panaji, Goa (SW)",Fire Force Headquarters
2026-01-08T00:04:28.875Z,GA 07 G 8101-MAP(WATER TENDER),15.589967,73.808762,0,STOP,At Fire Station Mapusa,Fire Station Mapusa
2026-01-08T00:04:28.875Z,GA 07 G 2317-MRG(EMERGENCY RESCUE TENDER),15.2693916,73.9700433,1,STOP,At Fire Station Margoa,Fire Station Margao
2026-01-08T00:04:28.875Z,GA 07 G 1570-VAS(QUICK RESPONSE FIRE TENDER),15.4054366,73.8930833,0,STOP,"Mendies, National Highway 366, Goa (NE)",Fire Station Vasco
2026-01-08T00:04:28.875Z,GA 07 G 4101-VAS(MS WATER TENDER),15.3888216,73.8512533,0,INACTIVE,At Fire Station Vasco,Fire Station Vasco
2026-01-08T00:04:28.875Z,GA 07 G 0819-VAS(WATER/FOAM TENDER),15.3888067,73.8512617,0,IDLE,At Fire Station Vasco,Fire Station Vasco
2026-01-08T00:04:28.875Z,GA 07 G 7100-MRG(WATER BOUSER),15.2694416,73.9701166,0,STOP,At Fire Station Margoa,Fire Station Margao
2026-01-08T00:04:28.875Z,GA 07 G 1568-MRG(QUICK RESPONSE ),15.26936,73.9704583,0,STOP,At Fire Station Margoa,Fire Station Margao
2026-01-08T00:04:28.875Z,GA 07 G 6101-MRG(WATER TENDER),15.2694199,73.969955,0,STOP,At Fire Station Margoa,Fire Station Margao
2026-01-08T00:04:28.875Z,GA 07 G 1001-MRG(AERIAL LADDER PLATFORM),15.269385,73.97019,0,STOP,At Fire Station Margoa,Fire Station Margao
2026-01-08T00:04:28.875Z,GA 07 G 0820-BIC(WATER TEDNER),15.40271,74.0028017,0,STOP,At Fire Station Ponda ,Fire Station Bicholim
2026-01-08T00:04:28.875Z,GA 07 G 5101-OLG(MS WATER TENDER),15.5001633,73.914055,0,STOP,At Fire Station Old Goa,Fire Station Old Goa
2026-01-08T00:04:28.875Z,GA 07 G 3101-BIC(MS WATER TENDER),15.5891499,73.9463783,5,STOP,At Fire Station Bicholim ,Fire Station Bicholim
2026-01-08T00:04:28.875Z,GA 07 G 1941-BIC(QUICK RESPONSE),15.589475,73.9467283,0,STOP,At Fire Station Bicholim ,Fire Station Bicholim
2026-01-08T00:04:28.875Z,GA 07 G 2319-VAS (EMERGENCY RESCUE TENDER),15.3892083,73.8478433,0,STOP,"155/C, near railway bridge, airport road, Alto-dabolim, Dabolim, Goa (SW)",Fire Station Vasco
2026-01-08T00:04:28.875Z,GA 07 G 3737-VAP(WATER TENDER),15.54645,74.0423016,0,STOP,"SH 1, Honda VP, Goa (SW)",Fire Station Valpoi
2026-01-08T00:04:28.875Z,GA 07 G 2318-PND(EMERGENCY RESCUE TENDER),15.402655,74.0030033,0,STOP,At Fire Station Ponda ,Fire Station Ponda
2026-01-08T00:04:28.875Z,GA 07 G 2004-PND(QUICK RESPONSE),15.4141016,73.9073083,0,INACTIVE,"Guru Hotel, Old Ferry Road, Agaçaim, Goa (SE)",Fire Station Ponda
2026-01-08T00:04:28.875Z,GA 07 G 9101-PND(WATER TENDER),15.4022033,74.0029466,0,STOP,At Fire Station Ponda ,Fire Station Ponda
2026-01-08T00:04:28.875Z,GA 07 G 9797-PND(WATER BOUSER),15.4027433,74.0028966,0,IDLE,At Fire Station Ponda ,Fire Station Ponda
2026-01-08T00:04:28.875Z,GA 07 G 6363-CAN(WATER TENDER),15.0236383,74.0440666,0,STOP,"Canacona, The Lalitrajbaga ,Canacona, Canacona, Goa (NE)",Fire Station Canacona
2026-01-08T00:04:28.875Z,GA 07 G 1567-CAN(QUICK RESPONSE FT),15.0163433,74.0396166,39,INACTIVE,"Canacona, The Lalitrajbaga ,Canacona, Canacona, Goa (SW)",Fire Station Canacona
2026-01-08T00:04:28.875Z,GA 07 G 1569-VRN(QUICK RESPONSE),15.3696816,73.9356849,0,STOP,At Fire Station Verna,Fire Station Verna
2026-01-08T00:04:28.875Z,GA 07 G 9909-VRN(ADVANCE MULTI-PURPOSE),15.36962,73.9357333,0,STOP,At Fire Station Verna,Fire Station Verna
2026-01-08T00:04:28.875Z,GA 07 G 1942-VAP(QUICK RESPONSE),15.531045,74.1388183,0,STOP,At Fire Station Valpoi ,Fire Station Valpoi
2026-01-08T00:04:28.875Z,GA 07 G 2003-CUR(QUICK RESPONSE),15.2603983,74.1037433,0,STOP,At Fire Station Curchorem,Fire Station Curchorem
2026-01-08T00:04:28.875Z,GA 07 G 7447-CUR(EMERGENCY RESCUE),15.2604233,74.10376,0,STOP,At Fire Station Curchorem,Fire Station Curchorem
2026-01-08T00:04:28.875Z,GA 07 G 7557-CUR(WATER TENDER),15.260345,74.1037183,0,STOP,At Fire Station Curchorem,Fire Station Curchorem
2026-01-08T00:04:28.875Z,GA 07 G 7667-CUR(WATER BOUSER),15.26034,74.1038333,0,STOP,At Fire Station Curchorem,Fire Station Curchorem
2026-01-08T00:04:28.875Z,GA 07 G 4989-KUN(WATER TENDER),15.4630383,73.972665,0,STOP,At Fire Station Kundaim,Fire Station Kundaim
2026-01-08T00:04:28.875Z,GA 07 G 2242-PIL(WATER TENDER),15.53297,73.7940744,0,STOP,At Fire Station Pilerne,Fire Station Pilerne
2026-01-08T00:04:28.875Z,GA 07 G 0681-MAP(QUICK RESPONSE),15.589765,73.808805,0,STOP,At Fire Station Mapusa,Fire Station Mapusa
2026-01-08T00:04:28.875Z,GA 07 G 0307-PER(QUICK RESPONSE),15.7164939,73.7974239,0,INACTIVE,At Fire Station Pernem,Fire Station Pernem
2026-01-08T00:04:28.875Z,GA 07 G 2101-PER(MS WATER TENDER),15.7164339,73.7974506,0,STOP,At Fire Station Pernem,Fire Station Pernem
2026-01-08T00:04:28.875Z,GA 07 G 4600-PER(MINI RESCUE TENDER),15.7165006,73.7975322,0,STOP,At Fire Station Pernem,Fire Station Pernem
2026-01-08T00:04:28.875Z,GA 07 G 7272-PNJ(WATER TENDER),15.4871567,73.8173333,0,STOP,"Caculo Mall, 16 Shanta, St Inez Rd, Caculo Enclave, Santa Inez, Panaji, Goa (NW)",Fire Station Panaji
2026-01-08T00:04:28.875Z,GA07G2384- Cuncolim,15.1862711,74.0209944,0,STOP,At Fire Station Cuncolim,Fire Station Cuncolim
2026-01-08T00:04:28.875Z,GA07G2507 - Mid Size (Water Tender),15.71641,73.79755,0,STOP,At Fire Station Pernem,Fire Station Pernem
2026-01-08T00:04:28.875Z,GA07G2505 - Mid Size (Water Tender),15.5309333,74.1386233,0,STOP,At Fire Station Valpoi ,Fire Station Valpoi
2026-01-08T00:04:28.875Z,GA07G2504 - Mid Size (Water Tender),15.5893133,73.9465083,0,STOP,At Fire Station Bicholim ,Fire Station Bicholim
2026-01-08T00:04:28.875Z,GA07G2503-Mid Size (Water Tender),15.58997,73.80865,0,STOP,At Fire Station Mapusa,Fire Station Mapusa
2026-01-08T00:04:28.875Z,GA07G2502 - Mid Size (Water Tender),15.58982,73.8087483,0,STOP,At Fire Station Mapusa,Fire Force Headquarters
2026-01-08T00:06:00.080Z,GA 07 G 0680-PIL(QUICK RESPONSE VEHICLE),15.532865,73.7939283,0,STOP,At Fire Station Pilerne,Fire Station Pilerne
2026-01-08T00:06:00.080Z,GA07G2506 - Mid Size (Water Tender),15.500418,73.914055,0,STOP,At Fire Station Old Goa,Fire Station Old Goa
2026-01-08T00:06:00.080Z,GA 07 G 5115-POR(MINI WATER TENDER),15.523018,73.829498,0,STOP,At Porvorim Fire Station,Fire Station Porvorim
2026-01-08T00:06:00.080Z,GA 07 G 0350-MRG(WATER TENDER),15.269435,73.97068,0,STOP,At Fire Station Margoa,Fire Station Margao
2026-01-08T00:06:00.080Z,GA 07 G 2900-MAP(MINI RESCUE TENDER),15.59015,73.808701,0,STOP,At Fire Station Mapusa,Fire Station Mapusa
2026-01-08T00:06:00.080Z,GA 07 G 7600-FFHQ(WATER BOUSER),15.487355,73.817284,0,STOP,"Caculo Mall, 16 Shanta, St Inez Rd, Caculo Enclave, Santa Inez, Panaji, Goa (NW)",Fire Force Headquarters
2026-01-08T00:06:00.080Z,GA 07 G 2002-FFHQ(TURN TABLE LADDER),15.487413,73.8172,0,STOP,"Caculo Mall, 16 Shanta, St Inez Rd, Caculo Enclave, Santa Inez, Panaji, Goa (NW)",Fire Force Headquarters
2026-01-08T00:06:00.080Z,GA 07 G 7101-FFHQ(WATER TENDER),15.486933,73.817017,0,STOP,"Caculo Mall, 16 Shanta, St Inez Rd, Caculo Enclave, Santa Inez, Panaji, Goa (NW)",Fire Force Headquarters
2026-01-08T00:06:00.080Z,GA 07 G 7677-FFHQ(EMERGENCY RESCUE),15.487005,73.817436,0,STOP,"Caculo Mall, 16 Shanta, St Inez Rd, Caculo Enclave, Santa Inez, Panaji, Goa (NW)",Fire Force Headquarters
2026-01-08T00:06:00.080Z,GA 07 G 1121-PNJ(EMERGENCY RESCUE),15.487197,73.817276,0,STOP,"Caculo Mall, 16 Shanta, St Inez Rd, Caculo Enclave, Santa Inez, Panaji, Goa (NW)",Fire Station Panaji
2026-01-08T00:06:00.080Z,GA 07 G 1571-FFHQ(QUICK RESPONSE),15.486595,73.817528,0,STOP,"Caculo Mall, 16 Shanta, St Inez Rd, Caculo Enclave, Santa Inez, Panaji, Goa (SW)",Fire Force Headquarters
2026-01-08T00:06:00.080Z,GA 07 G 8101-MAP(WATER TENDER),15.589967,73.808762,0,STOP,At Fire Station Mapusa,Fire Station Mapusa
2026-01-08T00:06:00.080Z,GA 07 G 2317-MRG(EMERGENCY RESCUE TENDER),15.2694133,73.9701333,0,STOP,At Fire Station Margoa,Fire Station Margao
2026-01-08T00:06:00.080Z,GA 07 G 1570-VAS(QUICK RESPONSE FIRE TENDER),15.4054016,73.8930833,0,STOP,"Mendies, National Highway 366, Goa (NE)",Fire Station Vasco
2026-01-08T00:06:00.080Z,GA 07 G 4101-VAS(MS WATER TENDER),15.3888216,73.8512533,0,INACTIVE,At Fire Station Vasco,Fire Station Vasco
2026-01-08T00:06:00.080Z,GA 07 G 0819-VAS(WATER/FOAM TENDER),15.3888067,73.8512617,0,IDLE,At Fire Station Vasco,Fire Station Vasco
2026-01-08T00:06:00.080Z,GA 07 G 7100-MRG(WATER BOUSER),15.2694416,73.9701166,0,STOP,At Fire Station Margoa,Fire Station Margao
2026-01-08T00:06:00.080Z,GA 07 G 1568-MRG(QUICK RESPONSE ),15.26936,73.9704583,0,STOP,At Fire Station Margoa,Fire Station Margao
2026-01-08T00:06:00.080Z,GA 07 G 6101-MRG(WATER TENDER),15.2694199,73.969955,0,STOP,At Fire Station Margoa,Fire Station Margao
2026-01-08T00:06:00.080Z,GA 07 G 1001-MRG(AERIAL LADDER PLATFORM),15.269385,73.97019,0,STOP,At Fire Station Margoa,Fire Station Margao
2026-01-08T00:06:00.080Z,GA 07 G 0820-BIC(WATER TEDNER),15.40271,74.0028017,0,STOP,At Fire Station Ponda ,Fire Station Bicholim
2026-01-08T00:06:00.080Z,GA 07 G 5101-OLG(MS WATER TENDER),15.5001633,73.914055,0,STOP,At Fire Station Old Goa,Fire Station Old Goa
2026-01-08T00:06:00.080Z,GA 07 G 3101-BIC(MS WATER TENDER),15.589235,73.9464433,4,STOP,At Fire Station Bicholim ,Fire Station Bicholim
2026-01-08T00:06:00.080Z,GA 07 G 1941-BIC(QUICK RESPONSE),15.589475,73.9467283,0,STOP,At Fire Station Bicholim ,Fire Station Bicholim
2026-01-08T00:06:00.080Z,GA 07 G 2319-VAS (EMERGENCY RESCUE TENDER),15.3892083,73.8478433,0,STOP,"155/C, near railway bridge, airport road, Alto-dabolim, Dabolim, Goa (SW)",Fire Station Vasco
2026-01-08T00:06:00.080Z,GA 07 G 3737-VAP(WATER TENDER),15.54645,74.0423016,0,STOP,"SH 1, Honda VP, Goa (SW)",Fire Station Valpoi
2026-01-08T00:06:00.080Z,GA 07 G 2318-PND(EMERGENCY RESCUE TENDER),15.402655,74.0030033,0,STOP,At Fire Station Ponda ,Fire Station Ponda
2026-01-08T00:06:00.080Z,GA 07 G 2004-PND(QUICK RESPONSE),15.4141016,73.9073083,0,INACTIVE,"Guru Hotel, Old Ferry Road, Agaçaim, Goa (SE)",Fire Station Ponda
2026-01-08T00:06:00.080Z,GA 07 G 9101-PND(WATER TENDER),15.4022033,74.0029466,0,STOP,At Fire Station Ponda ,Fire Station Ponda
2026-01-08T00:06:00.080Z,GA 07 G 9797-PND(WATER BOUSER),15.4027433,74.0028966,0,IDLE,At Fire Station Ponda ,Fire Station Ponda
2026-01-08T00:06:00.080Z,GA 07 G 6363-CAN(WATER TENDER),15.0236383,74.0440666,0,STOP,"Canacona, The Lalitrajbaga ,Canacona, Canacona, Goa (NE)",Fire Station Canacona
2026-01-08T00:06:00.080Z,GA 07 G 1567-CAN(QUICK RESPONSE FT),15.0163433,74.0396166,39,INACTIVE,"Canacona, The Lalitrajbaga ,Canacona, Canacona, Goa (SW)",Fire Station Canacona
2026-01-08T00:06:00.080Z,GA 07 G 1569-VRN(QUICK RESPONSE),15.3696816,73.9356849,0,STOP,At Fire Station Verna,Fire Station Verna
2026-01-08T00:06:00.080Z,GA 07 G 9909-VRN(ADVANCE MULTI-PURPOSE),15.36962,73.9357333,0,STOP,At Fire Station Verna,Fire Station Verna
2026-01-08T00:06:00.080Z,GA 07 G 1942-VAP(QUICK RESPONSE),15.531045,74.1388183,0,STOP,At Fire Station Valpoi ,Fire Station Valpoi
2026-01-08T00:06:00.080Z,GA 07 G 2003-CUR(QUICK RESPONSE),15.2603983,74.1037433,0,STOP,At Fire Station Curchorem,Fire Station Curchorem
2026-01-08T00:06:00.080Z,GA 07 G 7447-CUR(EMERGENCY RESCUE),15.2604233,74.10376,0,STOP,At Fire Station Curchorem,Fire Station Curchorem
2026-01-08T00:06:00.080Z,GA 07 G 7557-CUR(WATER TENDER),15.260345,74.1037183,0,STOP,At Fire Station Curchorem,Fire Station Curchorem
2026-01-08T00:06:00.080Z,GA 07 G 7667-CUR(WATER BOUSER),15.26034,74.1038333,0,STOP,At Fire Station Curchorem,Fire Station Curchorem
2026-01-08T00:06:00.080Z,GA 07 G 4989-KUN(WATER TENDER),15.4630383,73.972665,0,STOP,At Fire Station Kundaim,Fire Station Kundaim
2026-01-08T00:06:00.080Z,GA 07 G 2242-PIL(WATER TENDER),15.53297,73.7940744,0,STOP,At Fire Station Pilerne,Fire Station Pilerne
2026-01-08T00:06:00.080Z,GA 07 G 0681-MAP(QUICK RESPONSE),15.589765,73.808805,0,STOP,At Fire Station Mapusa,Fire Station Mapusa
2026-01-08T00:06:00.080Z,GA 07 G 0307-PER(QUICK RESPONSE),15.7164939,73.7974239,0,INACTIVE,At Fire Station Pernem,Fire Station Pernem
2026-01-08T00:06:00.080Z,GA 07 G 2101-PER(MS WATER TENDER),15.7164339,73.7974506,0,STOP,At Fire Station Pernem,Fire Station Pernem
2026-01-08T00:06:00.080Z,GA 07 G 4600-PER(MINI RESCUE TENDER),15.7165006,73.7975322,0,STOP,At Fire Station Pernem,Fire Station Pernem
2026-01-08T00:06:00.080Z,GA 07 G 7272-PNJ(WATER TENDER),15.4871567,73.8173333,0,STOP,"Caculo Mall, 16 Shanta, St Inez Rd, Caculo Enclave, Santa Inez, Panaji, Goa (NW)",Fire Station Panaji
2026-01-08T00:06:00.080Z,GA07G2384- Cuncolim,15.1862711,74.0209944,0,STOP,At Fire Station Cuncolim,Fire Station Cuncolim
2026-01-08T00:06:00.080Z,GA07G2507 - Mid Size (Water Tender),15.71641,73.79755,0,STOP,At Fire Station Pernem,Fire Station Pernem
2026-01-08T00:06:00.080Z,GA07G2505 - Mid Size (Water Tender),15.5309333,74.1386233,0,STOP,At Fire Station Valpoi ,Fire Station Valpoi
2026-01-08T00:06:00.080Z,GA07G2504 - Mid Size (Water Tender),15.5893133,73.9465083,0,STOP,At Fire Station Bicholim ,Fire Station Bicholim
2026-01-08T00:06:00.080Z,GA07G2503-Mid Size (Water Tender),15.58997,73.80865,0,STOP,At Fire Station Mapusa,Fire Station Mapusa
2026-01-08T00:06:00.080Z,GA07G2502 - Mid Size (Water Tender),15.58982,73.8087483,0,STOP,At Fire Station Mapusa,Fire Force Headquarters
2026-01-08T00:06:31.565Z,GA 07 G 0680-PIL(QUICK RESPONSE VEHICLE),15.532865,73.7939283,0,STOP,At Fire Station Pilerne,Fire Station Pilerne
2026-01-08T00:06:31.565Z,GA07G2506 - Mid Size (Water Tender),15.500418,73.914055,0,STOP,At Fire Station Old Goa,Fire Station Old Goa
2026-01-08T00:06:31.565Z,GA 07 G 5115-POR(MINI WATER TENDER),15.523018,73.829498,0,STOP,At Porvorim Fire Station,Fire Station Porvorim
2026-01-08T00:06:31.565Z,GA 07 G 0350-MRG(WATER TENDER),15.269435,73.97068,0,STOP,At Fire Station Margoa,Fire Station Margao
2026-01-08T00:06:31.565Z,GA 07 G 2900-MAP(MINI RESCUE TENDER),15.59015,73.808701,0,STOP,At Fire Station Mapusa,Fire Station Mapusa
2026-01-08T00:06:31.565Z,GA 07 G 7600-FFHQ(WATER BOUSER),15.487355,73.817284,0,STOP,"Caculo Mall, 16 Shanta, St Inez Rd, Caculo Enclave, Santa Inez, Panaji, Goa (NW)",Fire Force Headquarters
2026-01-08T00:06:31.565Z,GA 07 G 2002-FFHQ(TURN TABLE LADDER),15.487413,73.8172,0,STOP,"Caculo Mall, 16 Shanta, St Inez Rd, Caculo Enclave, Santa Inez, Panaji, Goa (NW)",Fire Force Headquarters
2026-01-08T00:06:31.565Z,GA 07 G 7101-FFHQ(WATER TENDER),15.486933,73.817017,0,STOP,"Caculo Mall, 16 Shanta, St Inez Rd, Caculo Enclave, Santa Inez, Panaji, Goa (NW)",Fire Force Headquarters
2026-01-08T00:06:31.565Z,GA 07 G 7677-FFHQ(EMERGENCY RESCUE),15.487005,73.817436,0,STOP,"Caculo Mall, 16 Shanta, St Inez Rd, Caculo Enclave, Santa Inez, Panaji, Goa (NW)",Fire Force Headquarters
2026-01-08T00:06:31.565Z,GA 07 G 1121-PNJ(EMERGENCY RESCUE),15.487197,73.817276,0,STOP,"Caculo Mall, 16 Shanta, St Inez Rd, Caculo Enclave, Santa Inez, Panaji, Goa (NW)",Fire Station Panaji
2026-01-08T00:06:31.565Z,GA 07 G 1571-FFHQ(QUICK RESPONSE),15.486595,73.817528,0,STOP,"Caculo Mall, 16 Shanta, St Inez Rd, Caculo Enclave, Santa Inez, Panaji, Goa (SW)",Fire Force Headquarters
2026-01-08T00:06:31.565Z,GA 07 G 8101-MAP(WATER TENDER),15.589967,73.808762,0,STOP,At Fire Station Mapusa,Fire Station Mapusa
2026-01-08T00:06:31.565Z,GA 07 G 2317-MRG(EMERGENCY RESCUE TENDER),15.2694133,73.9701333,0,STOP,At Fire Station Margoa,Fire Station Margao
2026-01-08T00:06:31.565Z,GA 07 G 1570-VAS(QUICK RESPONSE FIRE TENDER),15.4054016,73.8930833,0,STOP,"Mendies, National Highway 366, Goa (NE)",Fire Station Vasco
2026-01-08T00:06:31.565Z,GA 07 G 4101-VAS(MS WATER TENDER),15.3888216,73.8512533,0,INACTIVE,At Fire Station Vasco,Fire Station Vasco
2026-01-08T00:06:31.565Z,GA 07 G 0819-VAS(WATER/FOAM TENDER),15.3888067,73.8512617,0,IDLE,At Fire Station Vasco,Fire Station Vasco
2026-01-08T00:06:31.565Z,GA 07 G 7100-MRG(WATER BOUSER),15.2694416,73.9701166,0,STOP,At Fire Station Margoa,Fire Station Margao
2026-01-08T00:06:31.565Z,GA 07 G 1568-MRG(QUICK RESPONSE ),15.26936,73.9704583,0,STOP,At Fire Station Margoa,Fire Station Margao
2026-01-08T00:06:31.565Z,GA 07 G 6101-MRG(WATER TENDER),15.2694199,73.969955,0,STOP,At Fire Station Margoa,Fire Station Margao
2026-01-08T00:06:31.565Z,GA 07 G 1001-MRG(AERIAL LADDER PLATFORM),15.269385,73.97019,0,STOP,At Fire Station Margoa,Fire Station Margao
2026-01-08T00:06:31.565Z,GA 07 G 0820-BIC(WATER TEDNER),15.40271,74.0028017,0,STOP,At Fire Station Ponda ,Fire Station Bicholim
2026-01-08T00:06:31.565Z,GA 07 G 5101-OLG(MS WATER TENDER),15.5001633,73.914055,0,STOP,At Fire Station Old Goa,Fire Station Old Goa
2026-01-08T00:06:31.565Z,GA 07 G 3101-BIC(MS WATER TENDER),15.589235,73.9464433,1,STOP,At Fire Station Bicholim ,Fire Station Bicholim
2026-01-08T00:06:31.565Z,GA 07 G 1941-BIC(QUICK RESPONSE),15.589475,73.9467283,0,STOP,At Fire Station Bicholim ,Fire Station Bicholim
2026-01-08T00:06:31.565Z,GA 07 G 2319-VAS (EMERGENCY RESCUE TENDER),15.3892083,73.8478433,0,STOP,"155/C, near railway bridge, airport road, Alto-dabolim, Dabolim, Goa (SW)",Fire Station Vasco
2026-01-08T00:06:31.565Z,GA 07 G 3737-VAP(WATER TENDER),15.54645,74.0423016,0,STOP,"SH 1, Honda VP, Goa (SW)",Fire Station Valpoi
2026-01-08T00:06:31.565Z,GA 07 G 2318-PND(EMERGENCY RESCUE TENDER),15.402655,74.0030033,0,STOP,At Fire Station Ponda ,Fire Station Ponda
2026-01-08T00:06:31.565Z,GA 07 G 2004-PND(QUICK RESPONSE),15.4141016,73.9073083,0,INACTIVE,"Guru Hotel, Old Ferry Road, Agaçaim, Goa (SE)",Fire Station Ponda
2026-01-08T00:06:31.565Z,GA 07 G 9101-PND(WATER TENDER),15.4022033,74.0029466,0,STOP,At Fire Station Ponda ,Fire Station Ponda
2026-01-08T00:06:31.565Z,GA 07 G 9797-PND(WATER BOUSER),15.4027433,74.0028966,0,IDLE,At Fire Station Ponda ,Fire Station Ponda
2026-01-08T00:06:31.565Z,GA 07 G 6363-CAN(WATER TENDER),15.0236383,74.0440666,0,STOP,"Canacona, The Lalitrajbaga ,Canacona, Canacona, Goa (NE)",Fire Station Canacona
2026-01-08T00:06:31.565Z,GA 07 G 1567-CAN(QUICK RESPONSE FT),15.0163433,74.0396166,39,INACTIVE,"Canacona, The Lalitrajbaga ,Canacona, Canacona, Goa (SW)",Fire Station Canacona
2026-01-08T00:06:31.565Z,GA 07 G 1569-VRN(QUICK RESPONSE),15.3696816,73.9356849,0,STOP,At Fire Station Verna,Fire Station Verna
2026-01-08T00:06:31.565Z,GA 07 G 9909-VRN(ADVANCE MULTI-PURPOSE),15.36962,73.9357333,0,STOP,At Fire Station Verna,Fire Station Verna
2026-01-08T00:06:31.565Z,GA 07 G 1942-VAP(QUICK RESPONSE),15.531045,74.1388183,0,STOP,At Fire Station Valpoi ,Fire Station Valpoi
2026-01-08T00:06:31.565Z,GA 07 G 2003-CUR(QUICK RESPONSE),15.2603983,74.1037433,0,STOP,At Fire Station Curchorem,Fire Station Curchorem
2026-01-08T00:06:31.565Z,GA 07 G 7447-CUR(EMERGENCY RESCUE),15.2604233,74.10376,0,STOP,At Fire Station Curchorem,Fire Station Curchorem
2026-01-08T00:06:31.565Z,GA 07 G 7557-CUR(WATER TENDER),15.260345,74.1037183,0,STOP,At Fire Station Curchorem,Fire Station Curchorem
2026-01-08T00:06:31.565Z,GA 07 G 7667-CUR(WATER BOUSER),15.26034,74.1038333,0,STOP,At Fire Station Curchorem,Fire Station Curchorem
2026-01-08T00:06:31.565Z,GA 07 G 4989-KUN(WATER TENDER),15.4630383,73.972665,0,STOP,At Fire Station Kundaim,Fire Station Kundaim
2026-01-08T00:06:31.565Z,GA 07 G 2242-PIL(WATER TENDER),15.53297,73.7940744,0,STOP,At Fire Station Pilerne,Fire Station Pilerne
2026-01-08T00:06:31.565Z,GA 07 G 0681-MAP(QUICK RESPONSE),15.589765,73.808805,0,STOP,At Fire Station Mapusa,Fire Station Mapusa
2026-01-08T00:06:31.565Z,GA 07 G 0307-PER(QUICK RESPONSE),15.7164939,73.7974239,0,INACTIVE,At Fire Station Pernem,Fire Station Pernem
2026-01-08T00:06:31.565Z,GA 07 G 2101-PER(MS WATER TENDER),15.7164339,73.7974506,0,STOP,At Fire Station Pernem,Fire Station Pernem
2026-01-08T00:06:31.565Z,GA 07 G 4600-PER(MINI RESCUE TENDER),15.7165006,73.7975322,0,STOP,At Fire Station Pernem,Fire Station Pernem
2026-01-08T00:06:31.565Z,GA 07 G 7272-PNJ(WATER TENDER),15.4871567,73.8173333,0,STOP,"Caculo Mall, 16 Shanta, St Inez Rd, Caculo Enclave, Santa Inez, Panaji, Goa (NW)",Fire Station Panaji
2026-01-08T00:06:31.565Z,GA07G2384- Cuncolim,15.1862711,74.0209944,0,STOP,At Fire Station Cuncolim,Fire Station Cuncolim
2026-01-08T00:06:31.565Z,GA07G2507 - Mid Size (Water Tender),15.71641,73.79755,0,STOP,At Fire Station Pernem,Fire Station Pernem
2026-01-08T00:06:31.565Z,GA07G2505 - Mid Size (Water Tender),15.5309333,74.1386233,0,STOP,At Fire Station Valpoi ,Fire Station Valpoi
2026-01-08T00:06:31.565Z,GA07G2504 - Mid Size (Water Tender),15.5893133,73.9465083,0,STOP,At Fire Station Bicholim ,Fire Station Bicholim
2026-01-08T00:06:31.565Z,GA07G2503-Mid Size (Water Tender),15.58997,73.80865,0,STOP,At Fire Station Mapusa,Fire Station Mapusa
2026-01-08T00:06:31.565Z,GA07G2502 - Mid Size (Water Tender),15.58982,73.8087483,0,STOP,At Fire Station Mapusa,Fire Force Headquarters
2026-01-08T00:07:57.534Z,GA 07 G 0680-PIL(QUICK RESPONSE VEHICLE),15.532865,73.7939283,0,STOP,At Fire Station Pilerne,Fire Station Pilerne
2026-01-08T00:07:57.534Z,GA07G2506 - Mid Size (Water Tender),15.500418,73.914055,0,STOP,At Fire Station Old Goa,Fire Station Old Goa
2026-01-08T00:07:57.534Z,GA 07 G 5115-POR(MINI WATER TENDER),15.523018,73.829498,0,STOP,At Porvorim Fire Station,Fire Station Porvorim
2026-01-08T00:07:57.534Z,GA 07 G 0350-MRG(WATER TENDER),15.269435,73.97068,0,STOP,At Fire Station Margoa,Fire Station Margao
2026-01-08T00:07:57.534Z,GA 07 G 2900-MAP(MINI RESCUE TENDER),15.59015,73.808701,0,STOP,At Fire Station Mapusa,Fire Station Mapusa
2026-01-08T00:07:57.534Z,GA 07 G 7600-FFHQ(WATER BOUSER),15.487355,73.817284,0,STOP,"Caculo Mall, 16 Shanta, St Inez Rd, Caculo Enclave, Santa Inez, Panaji, Goa (NW)",Fire Force Headquarters
2026-01-08T00:07:57.534Z,GA 07 G 2002-FFHQ(TURN TABLE LADDER),15.487413,73.8172,0,STOP,"Caculo Mall, 16 Shanta, St Inez Rd, Caculo Enclave, Santa Inez, Panaji, Goa (NW)",Fire Force Headquarters
2026-01-08T00:07:57.534Z,GA 07 G 7101-FFHQ(WATER TENDER),15.486933,73.817017,0,STOP,"Caculo Mall, 16 Shanta, St Inez Rd, Caculo Enclave, Santa Inez, Panaji, Goa (NW)",Fire Force Headquarters
2026-01-08T00:07:57.534Z,GA 07 G 7677-FFHQ(EMERGENCY RESCUE),15.487005,73.817436,0,STOP,"Caculo Mall, 16 Shanta, St Inez Rd, Caculo Enclave, Santa Inez, Panaji, Goa (NW)",Fire Force Headquarters
2026-01-08T00:07:57.534Z,GA 07 G 1121-PNJ(EMERGENCY RESCUE),15.487197,73.817276,0,STOP,"Caculo Mall, 16 Shanta, St Inez Rd, Caculo Enclave, Santa Inez, Panaji, Goa (NW)",Fire Station Panaji
2026-01-08T00:07:57.534Z,GA 07 G 1571-FFHQ(QUICK RESPONSE),15.486595,73.817528,0,STOP,"Caculo Mall, 16 Shanta, St Inez Rd, Caculo Enclave, Santa Inez, Panaji, Goa (SW)",Fire Force Headquarters
2026-01-08T00:07:57.534Z,GA 07 G 8101-MAP(WATER TENDER),15.589967,73.808762,0,STOP,At Fire Station Mapusa,Fire Station Mapusa
2026-01-08T00:07:57.534Z,GA 07 G 2317-MRG(EMERGENCY RESCUE TENDER),15.2695083,73.96997,0,STOP,At Fire Station Margoa,Fire Station Margao
2026-01-08T00:07:57.534Z,GA 07 G 1570-VAS(QUICK RESPONSE FIRE TENDER),15.4054016,73.8930833,0,STOP,"Mendies, National Highway 366, Goa (NE)",Fire Station Vasco
2026-01-08T00:07:57.534Z,GA 07 G 4101-VAS(MS WATER TENDER),15.3888216,73.8512533,0,INACTIVE,At Fire Station Vasco,Fire Station Vasco
2026-01-08T00:07:57.534Z,GA 07 G 0819-VAS(WATER/FOAM TENDER),15.3888067,73.8512617,0,IDLE,At Fire Station Vasco,Fire Station Vasco
2026-01-08T00:07:57.534Z,GA 07 G 7100-MRG(WATER BOUSER),15.2694416,73.9701166,0,STOP,At Fire Station Margoa,Fire Station Margao
2026-01-08T00:07:57.534Z,GA 07 G 1568-MRG(QUICK RESPONSE ),15.26936,73.9704583,0,STOP,At Fire Station Margoa,Fire Station Margao
2026-01-08T00:07:57.534Z,GA 07 G 6101-MRG(WATER TENDER),15.2694199,73.969955,0,STOP,At Fire Station Margoa,Fire Station Margao
2026-01-08T00:07:57.534Z,GA 07 G 1001-MRG(AERIAL LADDER PLATFORM),15.269385,73.97019,0,STOP,At Fire Station Margoa,Fire Station Margao
2026-01-08T00:07:57.534Z,GA 07 G 0820-BIC(WATER TEDNER),15.40271,74.0028017,0,STOP,At Fire Station Ponda ,Fire Station Bicholim
2026-01-08T00:07:57.534Z,GA 07 G 5101-OLG(MS WATER TENDER),15.5001633,73.914055,0,STOP,At Fire Station Old Goa,Fire Station Old Goa
2026-01-08T00:07:57.534Z,GA 07 G 3101-BIC(MS WATER TENDER),15.5891716,73.9464266,2,STOP,At Fire Station Bicholim ,Fire Station Bicholim
2026-01-08T00:07:57.534Z,GA 07 G 1941-BIC(QUICK RESPONSE),15.589475,73.9467283,0,STOP,At Fire Station Bicholim ,Fire Station Bicholim
2026-01-08T00:07:57.534Z,GA 07 G 2319-VAS (EMERGENCY RESCUE TENDER),15.3892083,73.8478433,0,STOP,"155/C, near railway bridge, airport road, Alto-dabolim, Dabolim, Goa (SW)",Fire Station Vasco
2026-01-08T00:07:57.534Z,GA 07 G 3737-VAP(WATER TENDER),15.54645,74.0423016,0,STOP,"SH 1, Honda VP, Goa (SW)",Fire Station Valpoi
2026-01-08T00:07:57.534Z,GA 07 G 2318-PND(EMERGENCY RESCUE TENDER),15.402655,74.0030033,0,STOP,At Fire Station Ponda ,Fire Station Ponda
2026-01-08T00:07:57.534Z,GA 07 G 2004-PND(QUICK RESPONSE),15.4141016,73.9073083,0,INACTIVE,"Guru Hotel, Old Ferry Road, Agaçaim, Goa (SE)",Fire Station Ponda
2026-01-08T00:07:57.534Z,GA 07 G 9101-PND(WATER TENDER),15.4022033,74.0029466,0,STOP,At Fire Station Ponda ,Fire Station Ponda
2026-01-08T00:07:57.534Z,GA 07 G 9797-PND(WATER BOUSER),15.4027433,74.0028966,0,IDLE,At Fire Station Ponda ,Fire Station Ponda
2026-01-08T00:07:57.534Z,GA 07 G 6363-CAN(WATER TENDER),15.0236383,74.0440666,0,STOP,"Canacona, The Lalitrajbaga ,Canacona, Canacona, Goa (NE)",Fire Station Canacona
2026-01-08T00:07:57.534Z,GA 07 G 1567-CAN(QUICK RESPONSE FT),15.0163433,74.0396166,39,INACTIVE,"Canacona, The Lalitrajbaga ,Canacona, Canacona, Goa (SW)",Fire Station Canacona
2026-01-08T00:07:57.534Z,GA 07 G 1569-VRN(QUICK RESPONSE),15.3696816,73.9356849,0,STOP,At Fire Station Verna,Fire Station Verna
2026-01-08T00:07:57.534Z,GA 07 G 9909-VRN(ADVANCE MULTI-PURPOSE),15.36962,73.9357333,0,STOP,At Fire Station Verna,Fire Station Verna
2026-01-08T00:07:57.534Z,GA 07 G 1942-VAP(QUICK RESPONSE),15.531045,74.1388183,0,STOP,At Fire Station Valpoi ,Fire Station Valpoi
2026-01-08T00:07:57.534Z,GA 07 G 2003-CUR(QUICK RESPONSE),15.2603983,74.1037433,0,STOP,At Fire Station Curchorem,Fire Station Curchorem
2026-01-08T00:07:57.534Z,GA 07 G 7447-CUR(EMERGENCY RESCUE),15.2604233,74.10376,0,STOP,At Fire Station Curchorem,Fire Station Curchorem
2026-01-08T00:07:57.534Z,GA 07 G 7557-CUR(WATER TENDER),15.260345,74.1037183,0,STOP,At Fire Station Curchorem,Fire Station Curchorem
2026-01-08T00:07:57.534Z,GA 07 G 7667-CUR(WATER BOUSER),15.26034,74.1038333,0,STOP,At Fire Station Curchorem,Fire Station Curchorem
2026-01-08T00:07:57.534Z,GA 07 G 4989-KUN(WATER TENDER),15.4630383,73.972665,0,STOP,At Fire Station Kundaim,Fire Station Kundaim
2026-01-08T00:07:57.534Z,GA 07 G 2242-PIL(WATER TENDER),15.53297,73.7940744,0,STOP,At Fire Station Pilerne,Fire Station Pilerne
2026-01-08T00:07:57.534Z,GA 07 G 0681-MAP(QUICK RESPONSE),15.589765,73.808805,0,STOP,At Fire Station Mapusa,Fire Station Mapusa
2026-01-08T00:07:57.534Z,GA 07 G 0307-PER(QUICK RESPONSE),15.7164939,73.7974239,0,INACTIVE,At Fire Station Pernem,Fire Station Pernem
2026-01-08T00:07:57.534Z,GA 07 G 2101-PER(MS WATER TENDER),15.7164339,73.7974506,0,STOP,At Fire Station Pernem,Fire Station Pernem
2026-01-08T00:07:57.534Z,GA 07 G 4600-PER(MINI RESCUE TENDER),15.7165006,73.7975322,0,STOP,At Fire Station Pernem,Fire Station Pernem
2026-01-08T00:07:57.534Z,GA 07 G 7272-PNJ(WATER TENDER),15.4871567,73.8173333,0,STOP,"Caculo Mall, 16 Shanta, St Inez Rd, Caculo Enclave, Santa Inez, Panaji, Goa (NW)",Fire Station Panaji
2026-01-08T00:07:57.534Z,GA07G2384- Cuncolim,15.1862711,74.0209944,0,STOP,At Fire Station Cuncolim,Fire Station Cuncolim
2026-01-08T00:07:57.534Z,GA07G2507 - Mid Size (Water Tender),15.71641,73.79755,0,STOP,At Fire Station Pernem,Fire Station Pernem
2026-01-08T00:07:57.534Z,GA07G2505 - Mid Size (Water Tender),15.5309333,74.1386233,0,STOP,At Fire Station Valpoi ,Fire Station Valpoi
2026-01-08T00:07:57.534Z,GA07G2504 - Mid Size (Water Tender),15.5893133,73.9465083,0,STOP,At Fire Station Bicholim ,Fire Station Bicholim
2026-01-08T00:07:57.534Z,GA07G2503-Mid Size (Water Tender),15.58997,73.80865,0,STOP,At Fire Station Mapusa,Fire Station Mapusa
2026-01-08T00:07:57.534Z,GA07G2502 - Mid Size (Water Tender),15.58982,73.8087483,0,STOP,At Fire Station Mapusa,Fire Force Headquarters
2026-01-08T00:08:29.550Z,GA 07 G 0680-PIL(QUICK RESPONSE VEHICLE),15.532865,73.7939283,0,STOP,At Fire Station Pilerne,Fire Station Pilerne
2026-01-08T00:08:29.550Z,GA07G2506 - Mid Size (Water Tender),15.500418,73.914055,0,STOP,At Fire Station Old Goa,Fire Station Old Goa
2026-01-08T00:08:29.550Z,GA 07 G 5115-POR(MINI WATER TENDER),15.523018,73.829498,0,STOP,At Porvorim Fire Station,Fire Station Porvorim
2026-01-08T00:08:29.550Z,GA 07 G 0350-MRG(WATER TENDER),15.269435,73.97068,0,STOP,At Fire Station Margoa,Fire Station Margao
2026-01-08T00:08:29.550Z,GA 07 G 2900-MAP(MINI RESCUE TENDER),15.59015,73.808701,0,STOP,At Fire Station Mapusa,Fire Station Mapusa
2026-01-08T00:08:29.550Z,GA 07 G 7600-FFHQ(WATER BOUSER),15.487355,73.817284,0,STOP,"Caculo Mall, 16 Shanta, St Inez Rd, Caculo Enclave, Santa Inez, Panaji, Goa (NW)",Fire Force Headquarters
2026-01-08T00:08:29.550Z,GA 07 G 2002-FFHQ(TURN TABLE LADDER),15.487413,73.8172,0,STOP,"Caculo Mall, 16 Shanta, St Inez Rd, Caculo Enclave, Santa Inez, Panaji, Goa (NW)",Fire Force Headquarters
2026-01-08T00:08:29.550Z,GA 07 G 7101-FFHQ(WATER TENDER),15.486933,73.817017,0,STOP,"Caculo Mall, 16 Shanta, St Inez Rd, Caculo Enclave, Santa Inez, Panaji, Goa (NW)",Fire Force Headquarters
2026-01-08T00:08:29.550Z,GA 07 G 7677-FFHQ(EMERGENCY RESCUE),15.487005,73.817436,0,STOP,"Caculo Mall, 16 Shanta, St Inez Rd, Caculo Enclave, Santa Inez, Panaji, Goa (NW)",Fire Force Headquarters
2026-01-08T00:08:29.550Z,GA 07 G 1121-PNJ(EMERGENCY RESCUE),15.487197,73.817276,0,STOP,"Caculo Mall, 16 Shanta, St Inez Rd, Caculo Enclave, Santa Inez, Panaji, Goa (NW)",Fire Station Panaji
2026-01-08T00:08:29.550Z,GA 07 G 1571-FFHQ(QUICK RESPONSE),15.486595,73.817528,0,STOP,"Caculo Mall, 16 Shanta, St Inez Rd, Caculo Enclave, Santa Inez, Panaji, Goa (SW)",Fire Force Headquarters
2026-01-08T00:08:29.550Z,GA 07 G 8101-MAP(WATER TENDER),15.589967,73.808762,0,STOP,At Fire Station Mapusa,Fire Station Mapusa
2026-01-08T00:08:29.550Z,GA 07 G 2317-MRG(EMERGENCY RESCUE TENDER),15.2695083,73.96997,1,STOP,At Fire Station Margoa,Fire Station Margao
2026-01-08T00:08:29.550Z,GA 07 G 1570-VAS(QUICK RESPONSE FIRE TENDER),15.4054016,73.8930833,0,STOP,"Mendies, National Highway 366, Goa (NE)",Fire Station Vasco
2026-01-08T00:08:29.550Z,GA 07 G 4101-VAS(MS WATER TENDER),15.3888216,73.8512533,0,INACTIVE,At Fire Station Vasco,Fire Station Vasco
2026-01-08T00:08:29.550Z,GA 07 G 0819-VAS(WATER/FOAM TENDER),15.3888067,73.8512617,0,IDLE,At Fire Station Vasco,Fire Station Vasco
2026-01-08T00:08:29.550Z,GA 07 G 7100-MRG(WATER BOUSER),15.2694416,73.9701166,0,STOP,At Fire Station Margoa,Fire Station Margao
2026-01-08T00:08:29.550Z,GA 07 G 1568-MRG(QUICK RESPONSE ),15.26936,73.9704583,0,STOP,At Fire Station Margoa,Fire Station Margao
2026-01-08T00:08:29.550Z,GA 07 G 6101-MRG(WATER TENDER),15.2694199,73.969955,0,STOP,At Fire Station Margoa,Fire Station Margao
2026-01-08T00:08:29.550Z,GA 07 G 1001-MRG(AERIAL LADDER PLATFORM),15.269385,73.97019,0,STOP,At Fire Station Margoa,Fire Station Margao
2026-01-08T00:08:29.550Z,GA 07 G 0820-BIC(WATER TEDNER),15.40271,74.0028017,0,STOP,At Fire Station Ponda ,Fire Station Bicholim
2026-01-08T00:08:29.550Z,GA 07 G 5101-OLG(MS WATER TENDER),15.5001633,73.914055,0,STOP,At Fire Station Old Goa,Fire Station Old Goa
2026-01-08T00:08:29.550Z,GA 07 G 3101-BIC(MS WATER TENDER),15.5891716,73.9464266,0,STOP,At Fire Station Bicholim ,Fire Station Bicholim
2026-01-08T00:08:29.550Z,GA 07 G 1941-BIC(QUICK RESPONSE),15.589475,73.9467283,0,STOP,At Fire Station Bicholim ,Fire Station Bicholim
2026-01-08T00:08:29.550Z,GA 07 G 2319-VAS (EMERGENCY RESCUE TENDER),15.3892083,73.8478433,0,STOP,"155/C, near railway bridge, airport road, Alto-dabolim, Dabolim, Goa (SW)",Fire Station Vasco
2026-01-08T00:08:29.550Z,GA 07 G 3737-VAP(WATER TENDER),15.54645,74.0423016,0,STOP,"SH 1, Honda VP, Goa (SW)",Fire Station Valpoi
2026-01-08T00:08:29.550Z,GA 07 G 2318-PND(EMERGENCY RESCUE TENDER),15.402655,74.0030033,0,STOP,At Fire Station Ponda ,Fire Station Ponda
2026-01-08T00:08:29.550Z,GA 07 G 2004-PND(QUICK RESPONSE),15.4141016,73.9073083,0,INACTIVE,"Guru Hotel, Old Ferry Road, Agaçaim, Goa (SE)",Fire Station Ponda
2026-01-08T00:08:29.550Z,GA 07 G 9101-PND(WATER TENDER),15.4022033,74.0029466,0,STOP,At Fire Station Ponda ,Fire Station Ponda
2026-01-08T00:08:29.550Z,GA 07 G 9797-PND(WATER BOUSER),15.4027433,74.0028966,0,IDLE,At Fire Station Ponda ,Fire Station Ponda
2026-01-08T00:08:29.550Z,GA 07 G 6363-CAN(WATER TENDER),15.0236383,74.0440666,0,STOP,"Canacona, The Lalitrajbaga ,Canacona, Canacona, Goa (NE)",Fire Station Canacona
2026-01-08T00:08:29.550Z,GA 07 G 1567-CAN(QUICK RESPONSE FT),15.0163433,74.0396166,39,INACTIVE,"Canacona, The Lalitrajbaga ,Canacona, Canacona, Goa (SW)",Fire Station Canacona
2026-01-08T00:08:29.550Z,GA 07 G 1569-VRN(QUICK RESPONSE),15.3696816,73.9356849,0,STOP,At Fire Station Verna,Fire Station Verna
2026-01-08T00:08:29.550Z,GA 07 G 9909-VRN(ADVANCE MULTI-PURPOSE),15.36962,73.9357333,0,STOP,At Fire Station Verna,Fire Station Verna
2026-01-08T00:08:29.550Z,GA 07 G 1942-VAP(QUICK RESPONSE),15.531045,74.1388183,0,STOP,At Fire Station Valpoi ,Fire Station Valpoi
2026-01-08T00:08:29.550Z,GA 07 G 2003-CUR(QUICK RESPONSE),15.2603983,74.1037433,0,STOP,At Fire Station Curchorem,Fire Station Curchorem
2026-01-08T00:08:29.550Z,GA 07 G 7447-CUR(EMERGENCY RESCUE),15.2604233,74.10376,0,STOP,At Fire Station Curchorem,Fire Station Curchorem
2026-01-08T00:08:29.550Z,GA 07 G 7557-CUR(WATER TENDER),15.260345,74.1037183,0,STOP,At Fire Station Curchorem,Fire Station Curchorem
2026-01-08T00:08:29.550Z,GA 07 G 7667-CUR(WATER BOUSER),15.26034,74.1038333,0,STOP,At Fire Station Curchorem,Fire Station Curchorem
2026-01-08T00:08:29.550Z,GA 07 G 4989-KUN(WATER TENDER),15.4630383,73.972665,0,STOP,At Fire Station Kundaim,Fire Station Kundaim
2026-01-08T00:08:29.550Z,GA 07 G 2242-PIL(WATER TENDER),15.53297,73.7940744,0,STOP,At Fire Station Pilerne,Fire Station Pilerne
2026-01-08T00:08:29.550Z,GA 07 G 0681-MAP(QUICK RESPONSE),15.589765,73.808805,0,STOP,At Fire Station Mapusa,Fire Station Mapusa
2026-01-08T00:08:29.550Z,GA 07 G 0307-PER(QUICK RESPONSE),15.7164939,73.7974239,0,INACTIVE,At Fire Station Pernem,Fire Station Pernem
2026-01-08T00:08:29.550Z,GA 07 G 2101-PER(MS WATER TENDER),15.7164339,73.7974506,0,STOP,At Fire Station Pernem,Fire Station Pernem
2026-01-08T00:08:29.550Z,GA 07 G 4600-PER(MINI RESCUE TENDER),15.7165006,73.7975322,0,STOP,At Fire Station Pernem,Fire Station Pernem
2026-01-08T00:08:29.550Z,GA 07 G 7272-PNJ(WATER TENDER),15.4871567,73.8173333,0,STOP,"Caculo Mall, 16 Shanta, St Inez Rd, Caculo Enclave, Santa Inez, Panaji, Goa (NW)",Fire Station Panaji
2026-01-08T00:08:29.550Z,GA07G2384- Cuncolim,15.1862711,74.0209944,0,STOP,At Fire Station Cuncolim,Fire Station Cuncolim
2026-01-08T00:08:29.550Z,GA07G2507 - Mid Size (Water Tender),15.71641,73.79755,0,STOP,At Fire Station Pernem,Fire Station Pernem
2026-01-08T00:08:29.550Z,GA07G2505 - Mid Size (Water Tender),15.5309333,74.1386233,0,STOP,At Fire Station Valpoi ,Fire Station Valpoi
2026-01-08T00:08:29.550Z,GA07G2504 - Mid Size (Water Tender),15.5893133,73.9465083,0,STOP,At Fire Station Bicholim ,Fire Station Bicholim
2026-01-08T00:08:29.550Z,GA07G2503-Mid Size (Water Tender),15.58997,73.80865,0,STOP,At Fire Station Mapusa,Fire Station Mapusa
2026-01-08T00:08:29.550Z,GA07G2502 - Mid Size (Water Tender),15.58982,73.8087483,0,STOP,At Fire Station Mapusa,Fire Force Headquarters
2026-01-08T00:09:27.106Z,GA 07 G 0680-PIL(QUICK RESPONSE VEHICLE),15.532865,73.7939283,0,STOP,At Fire Station Pilerne,Fire Station Pilerne
2026-01-08T00:09:27.106Z,GA07G2506 - Mid Size (Water Tender),15.500418,73.914055,0,STOP,At Fire Station Old Goa,Fire Station Old Goa
2026-01-08T00:09:27.106Z,GA 07 G 5115-POR(MINI WATER TENDER),15.523018,73.829498,0,STOP,At Porvorim Fire Station,Fire Station Porvorim
2026-01-08T00:09:27.106Z,GA 07 G 0350-MRG(WATER TENDER),15.269435,73.97068,0,STOP,At Fire Station Margoa,Fire Station Margao
2026-01-08T00:09:27.106Z,GA 07 G 2900-MAP(MINI RESCUE TENDER),15.59015,73.808701,0,STOP,At Fire Station Mapusa,Fire Station Mapusa
2026-01-08T00:09:27.106Z,GA 07 G 7600-FFHQ(WATER BOUSER),15.487355,73.817284,0,STOP,"Caculo Mall, 16 Shanta, St Inez Rd, Caculo Enclave, Santa Inez, Panaji, Goa (NW)",Fire Force Headquarters
2026-01-08T00:09:27.106Z,GA 07 G 2002-FFHQ(TURN TABLE LADDER),15.487413,73.8172,0,STOP,"Caculo Mall, 16 Shanta, St Inez Rd, Caculo Enclave, Santa Inez, Panaji, Goa (NW)",Fire Force Headquarters
2026-01-08T00:09:27.106Z,GA 07 G 7101-FFHQ(WATER TENDER),15.486933,73.817017,0,STOP,"Caculo Mall, 16 Shanta, St Inez Rd, Caculo Enclave, Santa Inez, Panaji, Goa (NW)",Fire Force Headquarters
2026-01-08T00:09:27.106Z,GA 07 G 7677-FFHQ(EMERGENCY RESCUE),15.487005,73.817436,0,STOP,"Caculo Mall, 16 Shanta, St Inez Rd, Caculo Enclave, Santa Inez, Panaji, Goa (NW)",Fire Force Headquarters
2026-01-08T00:09:27.106Z,GA 07 G 1121-PNJ(EMERGENCY RESCUE),15.487197,73.817276,0,STOP,"Caculo Mall, 16 Shanta, St Inez Rd, Caculo Enclave, Santa Inez, Panaji, Goa (NW)",Fire Station Panaji
2026-01-08T00:09:27.106Z,GA 07 G 1571-FFHQ(QUICK RESPONSE),15.486595,73.817528,0,STOP,"Caculo Mall, 16 Shanta, St Inez Rd, Caculo Enclave, Santa Inez, Panaji, Goa (SW)",Fire Force Headquarters
2026-01-08T00:09:27.106Z,GA 07 G 8101-MAP(WATER TENDER),15.589967,73.808762,0,STOP,At Fire Station Mapusa,Fire Station Mapusa
2026-01-08T00:09:27.106Z,GA 07 G 2317-MRG(EMERGENCY RESCUE TENDER),15.2694349,73.9701016,0,STOP,At Fire Station Margoa,Fire Station Margao
2026-01-08T00:09:27.106Z,GA 07 G 1570-VAS(QUICK RESPONSE FIRE TENDER),15.4054016,73.8930833,0,STOP,"Mendies, National Highway 366, Goa (NE)",Fire Station Vasco
2026-01-08T00:09:27.106Z,GA 07 G 4101-VAS(MS WATER TENDER),15.3888216,73.8512533,0,INACTIVE,At Fire Station Vasco,Fire Station Vasco
2026-01-08T00:09:27.106Z,GA 07 G 0819-VAS(WATER/FOAM TENDER),15.3888067,73.8512617,0,IDLE,At Fire Station Vasco,Fire Station Vasco
2026-01-08T00:09:27.106Z,GA 07 G 7100-MRG(WATER BOUSER),15.2694416,73.9701166,0,STOP,At Fire Station Margoa,Fire Station Margao
2026-01-08T00:09:27.106Z,GA 07 G 1568-MRG(QUICK RESPONSE ),15.26936,73.9704583,0,STOP,At Fire Station Margoa,Fire Station Margao
2026-01-08T00:09:27.106Z,GA 07 G 6101-MRG(WATER TENDER),15.2694199,73.969955,0,STOP,At Fire Station Margoa,Fire Station Margao
2026-01-08T00:09:27.106Z,GA 07 G 1001-MRG(AERIAL LADDER PLATFORM),15.269385,73.97019,0,STOP,At Fire Station Margoa,Fire Station Margao
2026-01-08T00:09:27.106Z,GA 07 G 0820-BIC(WATER TEDNER),15.40271,74.0028017,0,STOP,At Fire Station Ponda ,Fire Station Bicholim
2026-01-08T00:09:27.106Z,GA 07 G 5101-OLG(MS WATER TENDER),15.5001633,73.914055,0,STOP,At Fire Station Old Goa,Fire Station Old Goa
2026-01-08T00:09:27.106Z,GA 07 G 3101-BIC(MS WATER TENDER),15.5891716,73.9464266,0,STOP,At Fire Station Bicholim ,Fire Station Bicholim
2026-01-08T00:09:27.106Z,GA 07 G 1941-BIC(QUICK RESPONSE),15.589475,73.9467283,0,STOP,At Fire Station Bicholim ,Fire Station Bicholim
2026-01-08T00:09:27.106Z,GA 07 G 2319-VAS (EMERGENCY RESCUE TENDER),15.3892083,73.8478433,0,STOP,"155/C, near railway bridge, airport road, Alto-dabolim, Dabolim, Goa (SW)",Fire Station Vasco
2026-01-08T00:09:27.106Z,GA 07 G 3737-VAP(WATER TENDER),15.54645,74.0423016,0,STOP,"SH 1, Honda VP, Goa (SW)",Fire Station Valpoi
2026-01-08T00:09:27.106Z,GA 07 G 2318-PND(EMERGENCY RESCUE TENDER),15.402655,74.0030033,0,STOP,At Fire Station Ponda ,Fire Station Ponda
2026-01-08T00:09:27.106Z,GA 07 G 2004-PND(QUICK RESPONSE),15.4141016,73.9073083,0,INACTIVE,"Guru Hotel, Old Ferry Road, Agaçaim, Goa (SE)",Fire Station Ponda
2026-01-08T00:09:27.106Z,GA 07 G 9101-PND(WATER TENDER),15.4022033,74.0029466,0,STOP,At Fire Station Ponda ,Fire Station Ponda
2026-01-08T00:09:27.106Z,GA 07 G 9797-PND(WATER BOUSER),15.4027433,74.0028966,0,IDLE,At Fire Station Ponda ,Fire Station Ponda
2026-01-08T00:09:27.106Z,GA 07 G 6363-CAN(WATER TENDER),15.0236383,74.0440666,0,STOP,"Canacona, The Lalitrajbaga ,Canacona, Canacona, Goa (NE)",Fire Station Canacona
2026-01-08T00:09:27.106Z,GA 07 G 1567-CAN(QUICK RESPONSE FT),15.0163433,74.0396166,39,INACTIVE,"Canacona, The Lalitrajbaga ,Canacona, Canacona, Goa (SW)",Fire Station Canacona
2026-01-08T00:09:27.106Z,GA 07 G 1569-VRN(QUICK RESPONSE),15.3696816,73.9356849,0,STOP,At Fire Station Verna,Fire Station Verna
2026-01-08T00:09:27.106Z,GA 07 G 9909-VRN(ADVANCE MULTI-PURPOSE),15.36962,73.9357333,0,STOP,At Fire Station Verna,Fire Station Verna
2026-01-08T00:09:27.106Z,GA 07 G 1942-VAP(QUICK RESPONSE),15.531045,74.1388183,0,STOP,At Fire Station Valpoi ,Fire Station Valpoi
2026-01-08T00:09:27.106Z,GA 07 G 2003-CUR(QUICK RESPONSE),15.2603983,74.1037433,0,STOP,At Fire Station Curchorem,Fire Station Curchorem
2026-01-08T00:09:27.106Z,GA 07 G 7447-CUR(EMERGENCY RESCUE),15.2604233,74.10376,0,STOP,At Fire Station Curchorem,Fire Station Curchorem
2026-01-08T00:09:27.106Z,GA 07 G 7557-CUR(WATER TENDER),15.260345,74.1037183,0,STOP,At Fire Station Curchorem,Fire Station Curchorem
2026-01-08T00:09:27.106Z,GA 07 G 7667-CUR(WATER BOUSER),15.26034,74.1038333,0,STOP,At Fire Station Curchorem,Fire Station Curchorem
2026-01-08T00:09:27.106Z,GA 07 G 4989-KUN(WATER TENDER),15.4630383,73.972665,0,STOP,At Fire Station Kundaim,Fire Station Kundaim
2026-01-08T00:09:27.106Z,GA 07 G 2242-PIL(WATER TENDER),15.53297,73.7940744,0,STOP,At Fire Station Pilerne,Fire Station Pilerne
2026-01-08T00:09:27.106Z,GA 07 G 0681-MAP(QUICK RESPONSE),15.589765,73.808805,0,STOP,At Fire Station Mapusa,Fire Station Mapusa
2026-01-08T00:09:27.106Z,GA 07 G 0307-PER(QUICK RESPONSE),15.7164939,73.7974239,0,INACTIVE,At Fire Station Pernem,Fire Station Pernem
2026-01-08T00:09:27.106Z,GA 07 G 2101-PER(MS WATER TENDER),15.7164339,73.7974506,0,STOP,At Fire Station Pernem,Fire Station Pernem
2026-01-08T00:09:27.106Z,GA 07 G 4600-PER(MINI RESCUE TENDER),15.7165006,73.7975322,0,STOP,At Fire Station Pernem,Fire Station Pernem
2026-01-08T00:09:27.106Z,GA 07 G 7272-PNJ(WATER TENDER),15.4871567,73.8173333,0,STOP,"Caculo Mall, 16 Shanta, St Inez Rd, Caculo Enclave, Santa Inez, Panaji, Goa (NW)",Fire Station Panaji
2026-01-08T00:09:27.106Z,GA07G2384- Cuncolim,15.1862711,74.0209944,0,STOP,At Fire Station Cuncolim,Fire Station Cuncolim
2026-01-08T00:09:27.106Z,GA07G2507 - Mid Size (Water Tender),15.71641,73.79755,0,STOP,At Fire Station Pernem,Fire Station Pernem
2026-01-08T00:09:27.106Z,GA07G2505 - Mid Size (Water Tender),15.5309333,74.1386233,0,STOP,At Fire Station Valpoi ,Fire Station Valpoi
2026-01-08T00:09:27.106Z,GA07G2504 - Mid Size (Water Tender),15.5893133,73.9465083,0,STOP,At Fire Station Bicholim ,Fire Station Bicholim
2026-01-08T00:09:27.106Z,GA07G2503-Mid Size (Water Tender),15.58997,73.80865,0,STOP,At Fire Station Mapusa,Fire Station Mapusa
2026-01-08T00:09:27.106Z,GA07G2502 - Mid Size (Water Tender),15.58982,73.8087483,0,STOP,At Fire Station Mapusa,Fire Force Headquarters
2026-01-08T00:10:59.436Z,GA 07 G 0680-PIL(QUICK RESPONSE VEHICLE),15.532865,73.7939283,0,STOP,At Fire Station Pilerne,Fire Station Pilerne
2026-01-08T00:10:59.436Z,GA07G2506 - Mid Size (Water Tender),15.500418,73.914055,0,STOP,At Fire Station Old Goa,Fire Station Old Goa
2026-01-08T00:10:59.436Z,GA 07 G 5115-POR(MINI WATER TENDER),15.523018,73.829498,0,STOP,At Porvorim Fire Station,Fire Station Porvorim
2026-01-08T00:10:59.436Z,GA 07 G 0350-MRG(WATER TENDER),15.269435,73.97068,0,STOP,At Fire Station Margoa,Fire Station Margao
2026-01-08T00:10:59.436Z,GA 07 G 2900-MAP(MINI RESCUE TENDER),15.59015,73.808701,0,STOP,At Fire Station Mapusa,Fire Station Mapusa
2026-01-08T00:10:59.436Z,GA 07 G 7600-FFHQ(WATER BOUSER),15.487355,73.817284,0,STOP,"Caculo Mall, 16 Shanta, St Inez Rd, Caculo Enclave, Santa Inez, Panaji, Goa (NW)",Fire Force Headquarters
2026-01-08T00:10:59.436Z,GA 07 G 2002-FFHQ(TURN TABLE LADDER),15.487413,73.8172,0,STOP,"Caculo Mall, 16 Shanta, St Inez Rd, Caculo Enclave, Santa Inez, Panaji, Goa (NW)",Fire Force Headquarters
2026-01-08T00:10:59.436Z,GA 07 G 7101-FFHQ(WATER TENDER),15.486933,73.817017,0,STOP,"Caculo Mall, 16 Shanta, St Inez Rd, Caculo Enclave, Santa Inez, Panaji, Goa (NW)",Fire Force Headquarters
2026-01-08T00:10:59.436Z,GA 07 G 7677-FFHQ(EMERGENCY RESCUE),15.487005,73.817436,0,STOP,"Caculo Mall, 16 Shanta, St Inez Rd, Caculo Enclave, Santa Inez, Panaji, Goa (NW)",Fire Force Headquarters
2026-01-08T00:10:59.436Z,GA 07 G 1121-PNJ(EMERGENCY RESCUE),15.487197,73.817276,0,STOP,"Caculo Mall, 16 Shanta, St Inez Rd, Caculo Enclave, Santa Inez, Panaji, Goa (NW)",Fire Station Panaji
2026-01-08T00:10:59.436Z,GA 07 G 1571-FFHQ(QUICK RESPONSE),15.486595,73.817528,0,STOP,"Caculo Mall, 16 Shanta, St Inez Rd, Caculo Enclave, Santa Inez, Panaji, Goa (SW)",Fire Force Headquarters
2026-01-08T00:10:59.436Z,GA 07 G 8101-MAP(WATER TENDER),15.589967,73.808762,0,STOP,At Fire Station Mapusa,Fire Station Mapusa
2026-01-08T00:10:59.436Z,GA 07 G 2317-MRG(EMERGENCY RESCUE TENDER),15.269325,73.9701166,0,STOP,At Fire Station Margoa,Fire Station Margao
2026-01-08T00:10:59.436Z,GA 07 G 1570-VAS(QUICK RESPONSE FIRE TENDER),15.4054016,73.8930833,0,STOP,"Mendies, National Highway 366, Goa (NE)",Fire Station Vasco
2026-01-08T00:10:59.436Z,GA 07 G 4101-VAS(MS WATER TENDER),15.3888216,73.8512533,0,INACTIVE,At Fire Station Vasco,Fire Station Vasco
2026-01-08T00:10:59.436Z,GA 07 G 0819-VAS(WATER/FOAM TENDER),15.3888067,73.8512617,0,IDLE,At Fire Station Vasco,Fire Station Vasco
2026-01-08T00:10:59.436Z,GA 07 G 7100-MRG(WATER BOUSER),15.2694416,73.9701166,0,STOP,At Fire Station Margoa,Fire Station Margao
2026-01-08T00:10:59.436Z,GA 07 G 1568-MRG(QUICK RESPONSE ),15.26936,73.9704583,0,STOP,At Fire Station Margoa,Fire Station Margao
2026-01-08T00:10:59.436Z,GA 07 G 6101-MRG(WATER TENDER),15.2694199,73.969955,0,STOP,At Fire Station Margoa,Fire Station Margao
2026-01-08T00:10:59.436Z,GA 07 G 1001-MRG(AERIAL LADDER PLATFORM),15.269385,73.97019,0,STOP,At Fire Station Margoa,Fire Station Margao
2026-01-08T00:10:59.436Z,GA 07 G 0820-BIC(WATER TEDNER),15.40271,74.0028017,0,STOP,At Fire Station Ponda ,Fire Station Bicholim
2026-01-08T00:10:59.436Z,GA 07 G 5101-OLG(MS WATER TENDER),15.5001633,73.914055,0,STOP,At Fire Station Old Goa,Fire Station Old Goa
2026-01-08T00:10:59.436Z,GA 07 G 3101-BIC(MS WATER TENDER),15.5891716,73.9464266,0,STOP,At Fire Station Bicholim ,Fire Station Bicholim
2026-01-08T00:10:59.436Z,GA 07 G 1941-BIC(QUICK RESPONSE),15.589475,73.9467283,0,STOP,At Fire Station Bicholim ,Fire Station Bicholim
2026-01-08T00:10:59.436Z,GA 07 G 2319-VAS (EMERGENCY RESCUE TENDER),15.3892083,73.8478433,0,STOP,"155/C, near railway bridge, airport road, Alto-dabolim, Dabolim, Goa (SW)",Fire Station Vasco
2026-01-08T00:10:59.436Z,GA 07 G 3737-VAP(WATER TENDER),15.54645,74.0423016,0,STOP,"SH 1, Honda VP, Goa (SW)",Fire Station Valpoi
2026-01-08T00:10:59.436Z,GA 07 G 2318-PND(EMERGENCY RESCUE TENDER),15.402655,74.0030033,0,STOP,At Fire Station Ponda ,Fire Station Ponda
2026-01-08T00:10:59.436Z,GA 07 G 2004-PND(QUICK RESPONSE),15.4141016,73.9073083,0,INACTIVE,"Guru Hotel, Old Ferry Road, Agaçaim, Goa (SE)",Fire Station Ponda
2026-01-08T00:10:59.436Z,GA 07 G 9101-PND(WATER TENDER),15.4022033,74.0029466,0,STOP,At Fire Station Ponda ,Fire Station Ponda
2026-01-08T00:10:59.436Z,GA 07 G 9797-PND(WATER BOUSER),15.4027433,74.0028966,0,IDLE,At Fire Station Ponda ,Fire Station Ponda
2026-01-08T00:10:59.436Z,GA 07 G 6363-CAN(WATER TENDER),15.0236383,74.0440666,0,STOP,"Canacona, The Lalitrajbaga ,Canacona, Canacona, Goa (NE)",Fire Station Canacona
2026-01-08T00:10:59.436Z,GA 07 G 1567-CAN(QUICK RESPONSE FT),15.0163433,74.0396166,39,INACTIVE,"Canacona, The Lalitrajbaga ,Canacona, Canacona, Goa (SW)",Fire Station Canacona
2026-01-08T00:10:59.436Z,GA 07 G 1569-VRN(QUICK RESPONSE),15.3696816,73.9356849,0,STOP,At Fire Station Verna,Fire Station Verna
2026-01-08T00:10:59.436Z,GA 07 G 9909-VRN(ADVANCE MULTI-PURPOSE),15.36962,73.9357333,0,STOP,At Fire Station Verna,Fire Station Verna
2026-01-08T00:10:59.436Z,GA 07 G 1942-VAP(QUICK RESPONSE),15.531045,74.1388183,0,STOP,At Fire Station Valpoi ,Fire Station Valpoi
2026-01-08T00:10:59.436Z,GA 07 G 2003-CUR(QUICK RESPONSE),15.2603983,74.1037433,0,STOP,At Fire Station Curchorem,Fire Station Curchorem
2026-01-08T00:10:59.436Z,GA 07 G 7447-CUR(EMERGENCY RESCUE),15.2604233,74.10376,0,STOP,At Fire Station Curchorem,Fire Station Curchorem
2026-01-08T00:10:59.436Z,GA 07 G 7557-CUR(WATER TENDER),15.260345,74.1037183,0,STOP,At Fire Station Curchorem,Fire Station Curchorem
2026-01-08T00:10:59.436Z,GA 07 G 7667-CUR(WATER BOUSER),15.26034,74.1038333,0,STOP,At Fire Station Curchorem,Fire Station Curchorem
2026-01-08T00:10:59.436Z,GA 07 G 4989-KUN(WATER TENDER),15.4630383,73.972665,0,STOP,At Fire Station Kundaim,Fire Station Kundaim
2026-01-08T00:10:59.436Z,GA 07 G 2242-PIL(WATER TENDER),15.53297,73.7940744,0,STOP,At Fire Station Pilerne,Fire Station Pilerne
2026-01-08T00:10:59.436Z,GA 07 G 0681-MAP(QUICK RESPONSE),15.589765,73.808805,0,STOP,At Fire Station Mapusa,Fire Station Mapusa
2026-01-08T00:10:59.436Z,GA 07 G 0307-PER(QUICK RESPONSE),15.7164939,73.7974239,0,INACTIVE,At Fire Station Pernem,Fire Station Pernem
2026-01-08T00:10:59.436Z,GA 07 G 2101-PER(MS WATER TENDER),15.7164339,73.7974506,0,STOP,At Fire Station Pernem,Fire Station Pernem
2026-01-08T00:10:59.436Z,GA 07 G 4600-PER(MINI RESCUE TENDER),15.7165006,73.7975322,0,STOP,At Fire Station Pernem,Fire Station Pernem
2026-01-08T00:10:59.436Z,GA 07 G 7272-PNJ(WATER TENDER),15.4871567,73.8173333,0,STOP,"Caculo Mall, 16 Shanta, St Inez Rd, Caculo Enclave, Santa Inez, Panaji, Goa (NW)",Fire Station Panaji
2026-01-08T00:10:59.436Z,GA07G2384- Cuncolim,15.1862711,74.0209944,0,STOP,At Fire Station Cuncolim,Fire Station Cuncolim
2026-01-08T00:10:59.436Z,GA07G2507 - Mid Size (Water Tender),15.71641,73.79755,0,STOP,At Fire Station Pernem,Fire Station Pernem
2026-01-08T00:10:59.436Z,GA07G2505 - Mid Size (Water Tender),15.5309333,74.1386233,0,STOP,At Fire Station Valpoi ,Fire Station Valpoi
2026-01-08T00:10:59.436Z,GA07G2504 - Mid Size (Water Tender),15.5893133,73.9465083,0,STOP,At Fire Station Bicholim ,Fire Station Bicholim
2026-01-08T00:10:59.436Z,GA07G2503-Mid Size (Water Tender),15.58997,73.80865,0,STOP,At Fire Station Mapusa,Fire Station Mapusa
2026-01-08T00:10:59.436Z,GA07G2502 - Mid Size (Water Tender),15.58982,73.8087483,0,STOP,At Fire Station Mapusa,Fire Force Headquarters
2026-01-08T00:11:30.330Z,GA 07 G 0680-PIL(QUICK RESPONSE VEHICLE),15.532865,73.7939283,0,STOP,At Fire Station Pilerne,Fire Station Pilerne
2026-01-08T00:11:30.330Z,GA07G2506 - Mid Size (Water Tender),15.500418,73.914055,0,STOP,At Fire Station Old Goa,Fire Station Old Goa
2026-01-08T00:11:30.330Z,GA 07 G 5115-POR(MINI WATER TENDER),15.523018,73.829498,0,STOP,At Porvorim Fire Station,Fire Station Porvorim
2026-01-08T00:11:30.330Z,GA 07 G 0350-MRG(WATER TENDER),15.269435,73.97068,0,STOP,At Fire Station Margoa,Fire Station Margao
2026-01-08T00:11:30.330Z,GA 07 G 2900-MAP(MINI RESCUE TENDER),15.59015,73.808701,0,STOP,At Fire Station Mapusa,Fire Station Mapusa
2026-01-08T00:11:30.330Z,GA 07 G 7600-FFHQ(WATER BOUSER),15.487355,73.817284,0,STOP,"Caculo Mall, 16 Shanta, St Inez Rd, Caculo Enclave, Santa Inez, Panaji, Goa (NW)",Fire Force Headquarters
2026-01-08T00:11:30.330Z,GA 07 G 2002-FFHQ(TURN TABLE LADDER),15.487413,73.8172,0,STOP,"Caculo Mall, 16 Shanta, St Inez Rd, Caculo Enclave, Santa Inez, Panaji, Goa (NW)",Fire Force Headquarters
2026-01-08T00:11:30.330Z,GA 07 G 7101-FFHQ(WATER TENDER),15.486933,73.817017,0,STOP,"Caculo Mall, 16 Shanta, St Inez Rd, Caculo Enclave, Santa Inez, Panaji, Goa (NW)",Fire Force Headquarters
2026-01-08T00:11:30.330Z,GA 07 G 7677-FFHQ(EMERGENCY RESCUE),15.487005,73.817436,0,STOP,"Caculo Mall, 16 Shanta, St Inez Rd, Caculo Enclave, Santa Inez, Panaji, Goa (NW)",Fire Force Headquarters
2026-01-08T00:11:30.330Z,GA 07 G 1121-PNJ(EMERGENCY RESCUE),15.487197,73.817276,0,STOP,"Caculo Mall, 16 Shanta, St Inez Rd, Caculo Enclave, Santa Inez, Panaji, Goa (NW)",Fire Station Panaji
2026-01-08T00:11:30.330Z,GA 07 G 1571-FFHQ(QUICK RESPONSE),15.486595,73.817528,0,STOP,"Caculo Mall, 16 Shanta, St Inez Rd, Caculo Enclave, Santa Inez, Panaji, Goa (SW)",Fire Force Headquarters
2026-01-08T00:11:30.330Z,GA 07 G 8101-MAP(WATER TENDER),15.589967,73.808762,0,STOP,At Fire Station Mapusa,Fire Station Mapusa
2026-01-08T00:11:30.330Z,GA 07 G 2317-MRG(EMERGENCY RESCUE TENDER),15.269325,73.9701166,0,STOP,At Fire Station Margoa,Fire Station Margao
2026-01-08T00:11:30.330Z,GA 07 G 1570-VAS(QUICK RESPONSE FIRE TENDER),15.4054016,73.8930833,0,STOP,"Mendies, National Highway 366, Goa (NE)",Fire Station Vasco
2026-01-08T00:11:30.330Z,GA 07 G 4101-VAS(MS WATER TENDER),15.3888216,73.8512533,0,INACTIVE,At Fire Station Vasco,Fire Station Vasco
2026-01-08T00:11:30.330Z,GA 07 G 0819-VAS(WATER/FOAM TENDER),15.3888067,73.8512617,0,IDLE,At Fire Station Vasco,Fire Station Vasco
2026-01-08T00:11:30.330Z,GA 07 G 7100-MRG(WATER BOUSER),15.2694416,73.9701166,0,STOP,At Fire Station Margoa,Fire Station Margao
2026-01-08T00:11:30.330Z,GA 07 G 1568-MRG(QUICK RESPONSE ),15.26936,73.9704583,0,STOP,At Fire Station Margoa,Fire Station Margao
2026-01-08T00:11:30.330Z,GA 07 G 6101-MRG(WATER TENDER),15.2694199,73.969955,0,STOP,At Fire Station Margoa,Fire Station Margao
2026-01-08T00:11:30.330Z,GA 07 G 1001-MRG(AERIAL LADDER PLATFORM),15.269385,73.97019,0,STOP,At Fire Station Margoa,Fire Station Margao
2026-01-08T00:11:30.330Z,GA 07 G 0820-BIC(WATER TEDNER),15.40271,74.0028017,0,STOP,At Fire Station Ponda ,Fire Station Bicholim
2026-01-08T00:11:30.330Z,GA 07 G 5101-OLG(MS WATER TENDER),15.5001633,73.914055,0,STOP,At Fire Station Old Goa,Fire Station Old Goa
2026-01-08T00:11:30.330Z,GA 07 G 3101-BIC(MS WATER TENDER),15.5891716,73.9464266,0,STOP,At Fire Station Bicholim ,Fire Station Bicholim
2026-01-08T00:11:30.330Z,GA 07 G 1941-BIC(QUICK RESPONSE),15.589475,73.9467283,0,STOP,At Fire Station Bicholim ,Fire Station Bicholim
2026-01-08T00:11:30.330Z,GA 07 G 2319-VAS (EMERGENCY RESCUE TENDER),15.3892083,73.8478433,0,STOP,"155/C, near railway bridge, airport road, Alto-dabolim, Dabolim, Goa (SW)",Fire Station Vasco
2026-01-08T00:11:30.330Z,GA 07 G 3737-VAP(WATER TENDER),15.54645,74.0423016,0,STOP,"SH 1, Honda VP, Goa (SW)",Fire Station Valpoi
2026-01-08T00:11:30.330Z,GA 07 G 2318-PND(EMERGENCY RESCUE TENDER),15.402655,74.0030033,0,STOP,At Fire Station Ponda ,Fire Station Ponda
2026-01-08T00:11:30.330Z,GA 07 G 2004-PND(QUICK RESPONSE),15.4141016,73.9073083,0,INACTIVE,"Guru Hotel, Old Ferry Road, Agaçaim, Goa (SE)",Fire Station Ponda
2026-01-08T00:11:30.330Z,GA 07 G 9101-PND(WATER TENDER),15.4022033,74.0029466,0,STOP,At Fire Station Ponda ,Fire Station Ponda
2026-01-08T00:11:30.330Z,GA 07 G 9797-PND(WATER BOUSER),15.4027433,74.0028966,0,IDLE,At Fire Station Ponda ,Fire Station Ponda
2026-01-08T00:11:30.330Z,GA 07 G 6363-CAN(WATER TENDER),15.0236383,74.0440666,0,STOP,"Canacona, The Lalitrajbaga ,Canacona, Canacona, Goa (NE)",Fire Station Canacona
2026-01-08T00:11:30.330Z,GA 07 G 1567-CAN(QUICK RESPONSE FT),15.0163433,74.0396166,39,INACTIVE,"Canacona, The Lalitrajbaga ,Canacona, Canacona, Goa (SW)",Fire Station Canacona
2026-01-08T00:11:30.330Z,GA 07 G 1569-VRN(QUICK RESPONSE),15.3696816,73.9356849,0,STOP,At Fire Station Verna,Fire Station Verna
2026-01-08T00:11:30.330Z,GA 07 G 9909-VRN(ADVANCE MULTI-PURPOSE),15.36962,73.9357333,0,STOP,At Fire Station Verna,Fire Station Verna
2026-01-08T00:11:30.330Z,GA 07 G 1942-VAP(QUICK RESPONSE),15.531045,74.1388183,0,STOP,At Fire Station Valpoi ,Fire Station Valpoi
2026-01-08T00:11:30.330Z,GA 07 G 2003-CUR(QUICK RESPONSE),15.2603983,74.1037433,0,STOP,At Fire Station Curchorem,Fire Station Curchorem
2026-01-08T00:11:30.330Z,GA 07 G 7447-CUR(EMERGENCY RESCUE),15.2604233,74.10376,0,STOP,At Fire Station Curchorem,Fire Station Curchorem
2026-01-08T00:11:30.330Z,GA 07 G 7557-CUR(WATER TENDER),15.260345,74.1037183,0,STOP,At Fire Station Curchorem,Fire Station Curchorem
2026-01-08T00:11:30.330Z,GA 07 G 7667-CUR(WATER BOUSER),15.26034,74.1038333,0,STOP,At Fire Station Curchorem,Fire Station Curchorem
2026-01-08T00:11:30.330Z,GA 07 G 4989-KUN(WATER TENDER),15.4630383,73.972665,0,STOP,At Fire Station Kundaim,Fire Station Kundaim
2026-01-08T00:11:30.330Z,GA 07 G 2242-PIL(WATER TENDER),15.53297,73.7940744,0,STOP,At Fire Station Pilerne,Fire Station Pilerne
2026-01-08T00:11:30.330Z,GA 07 G 0681-MAP(QUICK RESPONSE),15.589765,73.808805,0,STOP,At Fire Station Mapusa,Fire Station Mapusa
2026-01-08T00:11:30.330Z,GA 07 G 0307-PER(QUICK RESPONSE),15.7164939,73.7974239,0,INACTIVE,At Fire Station Pernem,Fire Station Pernem
2026-01-08T00:11:30.330Z,GA 07 G 2101-PER(MS WATER TENDER),15.7164339,73.7974506,0,STOP,At Fire Station Pernem,Fire Station Pernem
2026-01-08T00:11:30.330Z,GA 07 G 4600-PER(MINI RESCUE TENDER),15.7165006,73.7975322,0,STOP,At Fire Station Pernem,Fire Station Pernem
2026-01-08T00:11:30.330Z,GA 07 G 7272-PNJ(WATER TENDER),15.4871567,73.8173333,0,STOP,"Caculo Mall, 16 Shanta, St Inez Rd, Caculo Enclave, Santa Inez, Panaji, Goa (NW)",Fire Station Panaji
2026-01-08T00:11:30.330Z,GA07G2384- Cuncolim,15.1862711,74.0209944,0,STOP,At Fire Station Cuncolim,Fire Station Cuncolim
2026-01-08T00:11:30.330Z,GA07G2507 - Mid Size (Water Tender),15.71641,73.79755,0,STOP,At Fire Station Pernem,Fire Station Pernem
2026-01-08T00:11:30.330Z,GA07G2505 - Mid Size (Water Tender),15.5309333,74.1386233,0,STOP,At Fire Station Valpoi ,Fire Station Valpoi
2026-01-08T00:11:30.330Z,GA07G2504 - Mid Size (Water Tender),15.5893133,73.9465083,0,STOP,At Fire Station Bicholim ,Fire Station Bicholim
2026-01-08T00:11:30.330Z,GA07G2503-Mid Size (Water Tender),15.58997,73.80865,0,STOP,At Fire Station Mapusa,Fire Station Mapusa
2026-01-08T00:11:30.330Z,GA07G2502 - Mid Size (Water Tender),15.58982,73.8087483,0,STOP,At Fire Station Mapusa,Fire Force Headquarters
2026-01-08T00:12:29.543Z,GA 07 G 0680-PIL(QUICK RESPONSE VEHICLE),15.532865,73.7939283,0,STOP,At Fire Station Pilerne,Fire Station Pilerne
2026-01-08T00:12:29.543Z,GA07G2506 - Mid Size (Water Tender),15.500418,73.914055,0,STOP,At Fire Station Old Goa,Fire Station Old Goa
2026-01-08T00:12:29.543Z,GA 07 G 5115-POR(MINI WATER TENDER),15.523018,73.829498,0,STOP,At Porvorim Fire Station,Fire Station Porvorim
2026-01-08T00:12:29.543Z,GA 07 G 0350-MRG(WATER TENDER),15.269435,73.97068,0,STOP,At Fire Station Margoa,Fire Station Margao
2026-01-08T00:12:29.543Z,GA 07 G 2900-MAP(MINI RESCUE TENDER),15.59015,73.808701,0,STOP,At Fire Station Mapusa,Fire Station Mapusa
2026-01-08T00:12:29.543Z,GA 07 G 7600-FFHQ(WATER BOUSER),15.487355,73.817284,0,STOP,"Caculo Mall, 16 Shanta, St Inez Rd, Caculo Enclave, Santa Inez, Panaji, Goa (NW)",Fire Force Headquarters
2026-01-08T00:12:29.543Z,GA 07 G 2002-FFHQ(TURN TABLE LADDER),15.487413,73.8172,0,STOP,"Caculo Mall, 16 Shanta, St Inez Rd, Caculo Enclave, Santa Inez, Panaji, Goa (NW)",Fire Force Headquarters
2026-01-08T00:12:29.543Z,GA 07 G 7101-FFHQ(WATER TENDER),15.486933,73.817017,0,STOP,"Caculo Mall, 16 Shanta, St Inez Rd, Caculo Enclave, Santa Inez, Panaji, Goa (NW)",Fire Force Headquarters
2026-01-08T00:12:29.543Z,GA 07 G 7677-FFHQ(EMERGENCY RESCUE),15.487005,73.817436,0,STOP,"Caculo Mall, 16 Shanta, St Inez Rd, Caculo Enclave, Santa Inez, Panaji, Goa (NW)",Fire Force Headquarters
2026-01-08T00:12:29.543Z,GA 07 G 1121-PNJ(EMERGENCY RESCUE),15.487197,73.817276,0,STOP,"Caculo Mall, 16 Shanta, St Inez Rd, Caculo Enclave, Santa Inez, Panaji, Goa (NW)",Fire Station Panaji
2026-01-08T00:12:29.543Z,GA 07 G 1571-FFHQ(QUICK RESPONSE),15.486595,73.817528,0,STOP,"Caculo Mall, 16 Shanta, St Inez Rd, Caculo Enclave, Santa Inez, Panaji, Goa (SW)",Fire Force Headquarters
2026-01-08T00:12:29.543Z,GA 07 G 8101-MAP(WATER TENDER),15.589967,73.808762,0,STOP,At Fire Station Mapusa,Fire Station Mapusa
2026-01-08T00:12:29.543Z,GA 07 G 2317-MRG(EMERGENCY RESCUE TENDER),15.2694666,73.9702066,2,STOP,At Fire Station Margoa,Fire Station Margao
2026-01-08T00:12:29.543Z,GA 07 G 1570-VAS(QUICK RESPONSE FIRE TENDER),15.4054016,73.8930833,0,STOP,"Mendies, National Highway 366, Goa (NE)",Fire Station Vasco
2026-01-08T00:12:29.543Z,GA 07 G 4101-VAS(MS WATER TENDER),15.3888216,73.8512533,0,INACTIVE,At Fire Station Vasco,Fire Station Vasco
2026-01-08T00:12:29.543Z,GA 07 G 0819-VAS(WATER/FOAM TENDER),15.3888067,73.8512617,0,IDLE,At Fire Station Vasco,Fire Station Vasco
2026-01-08T00:12:29.543Z,GA 07 G 7100-MRG(WATER BOUSER),15.2694416,73.9701166,0,STOP,At Fire Station Margoa,Fire Station Margao
2026-01-08T00:12:29.543Z,GA 07 G 1568-MRG(QUICK RESPONSE ),15.26936,73.9704583,0,STOP,At Fire Station Margoa,Fire Station Margao
2026-01-08T00:12:29.543Z,GA 07 G 6101-MRG(WATER TENDER),15.2694199,73.969955,0,STOP,At Fire Station Margoa,Fire Station Margao
2026-01-08T00:12:29.543Z,GA 07 G 1001-MRG(AERIAL LADDER PLATFORM),15.269385,73.97019,0,STOP,At Fire Station Margoa,Fire Station Margao
2026-01-08T00:12:29.543Z,GA 07 G 0820-BIC(WATER TEDNER),15.40271,74.0028017,0,STOP,At Fire Station Ponda ,Fire Station Bicholim
2026-01-08T00:12:29.543Z,GA 07 G 5101-OLG(MS WATER TENDER),15.5001633,73.914055,0,STOP,At Fire Station Old Goa,Fire Station Old Goa
2026-01-08T00:12:29.543Z,GA 07 G 3101-BIC(MS WATER TENDER),15.5891716,73.9464266,0,STOP,At Fire Station Bicholim ,Fire Station Bicholim
2026-01-08T00:12:29.543Z,GA 07 G 1941-BIC(QUICK RESPONSE),15.589475,73.9467283,0,STOP,At Fire Station Bicholim ,Fire Station Bicholim
2026-01-08T00:12:29.543Z,GA 07 G 2319-VAS (EMERGENCY RESCUE TENDER),15.3892083,73.8478433,0,STOP,"155/C, near railway bridge, airport road, Alto-dabolim, Dabolim, Goa (SW)",Fire Station Vasco
2026-01-08T00:12:29.543Z,GA 07 G 3737-VAP(WATER TENDER),15.54645,74.0423016,0,STOP,"SH 1, Honda VP, Goa (SW)",Fire Station Valpoi
2026-01-08T00:12:29.543Z,GA 07 G 2318-PND(EMERGENCY RESCUE TENDER),15.402655,74.0030033,0,STOP,At Fire Station Ponda ,Fire Station Ponda
2026-01-08T00:12:29.543Z,GA 07 G 2004-PND(QUICK RESPONSE),15.4141016,73.9073083,0,INACTIVE,"Guru Hotel, Old Ferry Road, Agaçaim, Goa (SE)",Fire Station Ponda
2026-01-08T00:12:29.543Z,GA 07 G 9101-PND(WATER TENDER),15.4022033,74.0029466,0,STOP,At Fire Station Ponda ,Fire Station Ponda
2026-01-08T00:12:29.543Z,GA 07 G 9797-PND(WATER BOUSER),15.4027433,74.0028966,0,IDLE,At Fire Station Ponda ,Fire Station Ponda
2026-01-08T00:12:29.543Z,GA 07 G 6363-CAN(WATER TENDER),15.0236383,74.0440666,0,STOP,"Canacona, The Lalitrajbaga ,Canacona, Canacona, Goa (NE)",Fire Station Canacona
2026-01-08T00:12:29.543Z,GA 07 G 1567-CAN(QUICK RESPONSE FT),15.0163433,74.0396166,39,INACTIVE,"Canacona, The Lalitrajbaga ,Canacona, Canacona, Goa (SW)",Fire Station Canacona
2026-01-08T00:12:29.543Z,GA 07 G 1569-VRN(QUICK RESPONSE),15.3696816,73.9356849,0,STOP,At Fire Station Verna,Fire Station Verna
2026-01-08T00:12:29.543Z,GA 07 G 9909-VRN(ADVANCE MULTI-PURPOSE),15.36962,73.9357333,0,STOP,At Fire Station Verna,Fire Station Verna
2026-01-08T00:12:29.543Z,GA 07 G 1942-VAP(QUICK RESPONSE),15.531045,74.1388183,0,STOP,At Fire Station Valpoi ,Fire Station Valpoi
2026-01-08T00:12:29.543Z,GA 07 G 2003-CUR(QUICK RESPONSE),15.2603983,74.1037433,0,STOP,At Fire Station Curchorem,Fire Station Curchorem
2026-01-08T00:12:29.543Z,GA 07 G 7447-CUR(EMERGENCY RESCUE),15.2604233,74.10376,0,STOP,At Fire Station Curchorem,Fire Station Curchorem
2026-01-08T00:12:29.543Z,GA 07 G 7557-CUR(WATER TENDER),15.260345,74.1037183,0,STOP,At Fire Station Curchorem,Fire Station Curchorem
2026-01-08T00:12:29.543Z,GA 07 G 7667-CUR(WATER BOUSER),15.26034,74.1038333,0,STOP,At Fire Station Curchorem,Fire Station Curchorem
2026-01-08T00:12:29.543Z,GA 07 G 4989-KUN(WATER TENDER),15.4630383,73.972665,0,STOP,At Fire Station Kundaim,Fire Station Kundaim
2026-01-08T00:12:29.543Z,GA 07 G 2242-PIL(WATER TENDER),15.53297,73.7940744,0,STOP,At Fire Station Pilerne,Fire Station Pilerne
2026-01-08T00:12:29.543Z,GA 07 G 0681-MAP(QUICK RESPONSE),15.589765,73.808805,0,STOP,At Fire Station Mapusa,Fire Station Mapusa
2026-01-08T00:12:29.543Z,GA 07 G 0307-PER(QUICK RESPONSE),15.7164939,73.7974239,0,INACTIVE,At Fire Station Pernem,Fire Station Pernem
2026-01-08T00:12:29.543Z,GA 07 G 2101-PER(MS WATER TENDER),15.7164339,73.7974506,0,STOP,At Fire Station Pernem,Fire Station Pernem
2026-01-08T00:12:29.543Z,GA 07 G 4600-PER(MINI RESCUE TENDER),15.7165006,73.7975322,0,STOP,At Fire Station Pernem,Fire Station Pernem
2026-01-08T00:12:29.543Z,GA 07 G 7272-PNJ(WATER TENDER),15.4871567,73.8173333,0,STOP,"Caculo Mall, 16 Shanta, St Inez Rd, Caculo Enclave, Santa Inez, Panaji, Goa (NW)",Fire Station Panaji
2026-01-08T00:12:29.543Z,GA07G2384- Cuncolim,15.1862711,74.0209944,0,STOP,At Fire Station Cuncolim,Fire Station Cuncolim
2026-01-08T00:12:29.543Z,GA07G2507 - Mid Size (Water Tender),15.71641,73.79755,0,STOP,At Fire Station Pernem,Fire Station Pernem
2026-01-08T00:12:29.543Z,GA07G2505 - Mid Size (Water Tender),15.5309333,74.1386233,0,STOP,At Fire Station Valpoi ,Fire Station Valpoi
2026-01-08T00:12:29.543Z,GA07G2504 - Mid Size (Water Tender),15.5893133,73.9465083,0,STOP,At Fire Station Bicholim ,Fire Station Bicholim
2026-01-08T00:12:29.543Z,GA07G2503-Mid Size (Water Tender),15.58997,73.80865,0,STOP,At Fire Station Mapusa,Fire Station Mapusa
2026-01-08T00:12:29.543Z,GA07G2502 - Mid Size (Water Tender),15.58982,73.8087483,0,STOP,At Fire Station Mapusa,Fire Force Headquarters
2026-01-08T00:13:27.888Z,GA 07 G 0680-PIL(QUICK RESPONSE VEHICLE),15.532865,73.7939283,0,STOP,At Fire Station Pilerne,Fire Station Pilerne
2026-01-08T00:13:27.888Z,GA07G2506 - Mid Size (Water Tender),15.500418,73.914055,0,STOP,At Fire Station Old Goa,Fire Station Old Goa
2026-01-08T00:13:27.888Z,GA 07 G 5115-POR(MINI WATER TENDER),15.523018,73.829498,0,STOP,At Porvorim Fire Station,Fire Station Porvorim
2026-01-08T00:13:27.888Z,GA 07 G 0350-MRG(WATER TENDER),15.269435,73.97068,0,STOP,At Fire Station Margoa,Fire Station Margao
2026-01-08T00:13:27.888Z,GA 07 G 2900-MAP(MINI RESCUE TENDER),15.59015,73.808701,0,STOP,At Fire Station Mapusa,Fire Station Mapusa
2026-01-08T00:13:27.888Z,GA 07 G 7600-FFHQ(WATER BOUSER),15.487355,73.817284,0,STOP,"Caculo Mall, 16 Shanta, St Inez Rd, Caculo Enclave, Santa Inez, Panaji, Goa (NW)",Fire Force Headquarters
2026-01-08T00:13:27.888Z,GA 07 G 2002-FFHQ(TURN TABLE LADDER),15.487413,73.8172,0,STOP,"Caculo Mall, 16 Shanta, St Inez Rd, Caculo Enclave, Santa Inez, Panaji, Goa (NW)",Fire Force Headquarters
2026-01-08T00:13:27.888Z,GA 07 G 7101-FFHQ(WATER TENDER),15.486933,73.817017,0,STOP,"Caculo Mall, 16 Shanta, St Inez Rd, Caculo Enclave, Santa Inez, Panaji, Goa (NW)",Fire Force Headquarters
2026-01-08T00:13:27.888Z,GA 07 G 7677-FFHQ(EMERGENCY RESCUE),15.487005,73.817436,0,STOP,"Caculo Mall, 16 Shanta, St Inez Rd, Caculo Enclave, Santa Inez, Panaji, Goa (NW)",Fire Force Headquarters
2026-01-08T00:13:27.888Z,GA 07 G 1121-PNJ(EMERGENCY RESCUE),15.487197,73.817276,0,STOP,"Caculo Mall, 16 Shanta, St Inez Rd, Caculo Enclave, Santa Inez, Panaji, Goa (NW)",Fire Station Panaji
2026-01-08T00:13:27.888Z,GA 07 G 1571-FFHQ(QUICK RESPONSE),15.486595,73.817528,0,STOP,"Caculo Mall, 16 Shanta, St Inez Rd, Caculo Enclave, Santa Inez, Panaji, Goa (SW)",Fire Force Headquarters
2026-01-08T00:13:27.888Z,GA 07 G 8101-MAP(WATER TENDER),15.589967,73.808762,0,STOP,At Fire Station Mapusa,Fire Station Mapusa
2026-01-08T00:13:27.888Z,GA 07 G 2317-MRG(EMERGENCY RESCUE TENDER),15.2694666,73.9702066,2,STOP,At Fire Station Margoa,Fire Station Margao
2026-01-08T00:13:27.888Z,GA 07 G 1570-VAS(QUICK RESPONSE FIRE TENDER),15.4054016,73.8930833,0,STOP,"Mendies, National Highway 366, Goa (NE)",Fire Station Vasco
2026-01-08T00:13:27.888Z,GA 07 G 4101-VAS(MS WATER TENDER),15.3888216,73.8512533,0,INACTIVE,At Fire Station Vasco,Fire Station Vasco
2026-01-08T00:13:27.888Z,GA 07 G 0819-VAS(WATER/FOAM TENDER),15.3888067,73.8512617,0,IDLE,At Fire Station Vasco,Fire Station Vasco
2026-01-08T00:13:27.888Z,GA 07 G 7100-MRG(WATER BOUSER),15.2694416,73.9701166,0,STOP,At Fire Station Margoa,Fire Station Margao
2026-01-08T00:13:27.888Z,GA 07 G 1568-MRG(QUICK RESPONSE ),15.26936,73.9704583,0,STOP,At Fire Station Margoa,Fire Station Margao
2026-01-08T00:13:27.888Z,GA 07 G 6101-MRG(WATER TENDER),15.2694199,73.969955,0,STOP,At Fire Station Margoa,Fire Station Margao
2026-01-08T00:13:27.888Z,GA 07 G 1001-MRG(AERIAL LADDER PLATFORM),15.269385,73.97019,0,STOP,At Fire Station Margoa,Fire Station Margao
2026-01-08T00:13:27.888Z,GA 07 G 0820-BIC(WATER TEDNER),15.40271,74.0028017,0,STOP,At Fire Station Ponda ,Fire Station Bicholim
2026-01-08T00:13:27.888Z,GA 07 G 5101-OLG(MS WATER TENDER),15.5001633,73.914055,0,STOP,At Fire Station Old Goa,Fire Station Old Goa
2026-01-08T00:13:27.888Z,GA 07 G 3101-BIC(MS WATER TENDER),15.5891716,73.9464266,0,STOP,At Fire Station Bicholim ,Fire Station Bicholim
2026-01-08T00:13:27.888Z,GA 07 G 1941-BIC(QUICK RESPONSE),15.589475,73.9467283,0,STOP,At Fire Station Bicholim ,Fire Station Bicholim
2026-01-08T00:13:27.888Z,GA 07 G 2319-VAS (EMERGENCY RESCUE TENDER),15.3892083,73.8478433,0,STOP,"155/C, near railway bridge, airport road, Alto-dabolim, Dabolim, Goa (SW)",Fire Station Vasco
2026-01-08T00:13:27.888Z,GA 07 G 3737-VAP(WATER TENDER),15.54645,74.0423016,0,STOP,"SH 1, Honda VP, Goa (SW)",Fire Station Valpoi
2026-01-08T00:13:27.888Z,GA 07 G 2318-PND(EMERGENCY RESCUE TENDER),15.402655,74.0030033,0,STOP,At Fire Station Ponda ,Fire Station Ponda
2026-01-08T00:13:27.888Z,GA 07 G 2004-PND(QUICK RESPONSE),15.4141016,73.9073083,0,INACTIVE,"Guru Hotel, Old Ferry Road, Agaçaim, Goa (SE)",Fire Station Ponda
2026-01-08T00:13:27.888Z,GA 07 G 9101-PND(WATER TENDER),15.4022033,74.0029466,0,STOP,At Fire Station Ponda ,Fire Station Ponda
2026-01-08T00:13:27.888Z,GA 07 G 9797-PND(WATER BOUSER),15.4027433,74.0028966,0,IDLE,At Fire Station Ponda ,Fire Station Ponda
2026-01-08T00:13:27.888Z,GA 07 G 6363-CAN(WATER TENDER),15.0236383,74.0440666,0,STOP,"Canacona, The Lalitrajbaga ,Canacona, Canacona, Goa (NE)",Fire Station Canacona
2026-01-08T00:13:27.888Z,GA 07 G 1567-CAN(QUICK RESPONSE FT),15.0163433,74.0396166,39,INACTIVE,"Canacona, The Lalitrajbaga ,Canacona, Canacona, Goa (SW)",Fire Station Canacona
2026-01-08T00:13:27.888Z,GA 07 G 1569-VRN(QUICK RESPONSE),15.3696816,73.9356849,0,STOP,At Fire Station Verna,Fire Station Verna
2026-01-08T00:13:27.888Z,GA 07 G 9909-VRN(ADVANCE MULTI-PURPOSE),15.36962,73.9357333,0,STOP,At Fire Station Verna,Fire Station Verna
2026-01-08T00:13:27.888Z,GA 07 G 1942-VAP(QUICK RESPONSE),15.531045,74.1388183,0,STOP,At Fire Station Valpoi ,Fire Station Valpoi
2026-01-08T00:13:27.888Z,GA 07 G 2003-CUR(QUICK RESPONSE),15.2603983,74.1037433,0,STOP,At Fire Station Curchorem,Fire Station Curchorem
2026-01-08T00:13:27.888Z,GA 07 G 7447-CUR(EMERGENCY RESCUE),15.2604233,74.10376,0,STOP,At Fire Station Curchorem,Fire Station Curchorem
2026-01-08T00:13:27.888Z,GA 07 G 7557-CUR(WATER TENDER),15.260345,74.1037183,0,STOP,At Fire Station Curchorem,Fire Station Curchorem
2026-01-08T00:13:27.888Z,GA 07 G 7667-CUR(WATER BOUSER),15.26034,74.1038333,0,STOP,At Fire Station Curchorem,Fire Station Curchorem
2026-01-08T00:13:27.888Z,GA 07 G 4989-KUN(WATER TENDER),15.4630383,73.972665,0,STOP,At Fire Station Kundaim,Fire Station Kundaim
2026-01-08T00:13:27.888Z,GA 07 G 2242-PIL(WATER TENDER),15.53297,73.7940744,0,STOP,At Fire Station Pilerne,Fire Station Pilerne
2026-01-08T00:13:27.888Z,GA 07 G 0681-MAP(QUICK RESPONSE),15.589765,73.808805,0,STOP,At Fire Station Mapusa,Fire Station Mapusa
2026-01-08T00:13:27.888Z,GA 07 G 0307-PER(QUICK RESPONSE),15.7164939,73.7974239,0,INACTIVE,At Fire Station Pernem,Fire Station Pernem
2026-01-08T00:13:27.888Z,GA 07 G 2101-PER(MS WATER TENDER),15.7164339,73.7974506,0,STOP,At Fire Station Pernem,Fire Station Pernem
2026-01-08T00:13:27.888Z,GA 07 G 4600-PER(MINI RESCUE TENDER),15.7165006,73.7975322,0,STOP,At Fire Station Pernem,Fire Station Pernem
2026-01-08T00:13:27.888Z,GA 07 G 7272-PNJ(WATER TENDER),15.4871567,73.8173333,0,STOP,"Caculo Mall, 16 Shanta, St Inez Rd, Caculo Enclave, Santa Inez, Panaji, Goa (NW)",Fire Station Panaji
2026-01-08T00:13:27.888Z,GA07G2384- Cuncolim,15.1862711,74.0209944,0,STOP,At Fire Station Cuncolim,Fire Station Cuncolim
2026-01-08T00:13:27.888Z,GA07G2507 - Mid Size (Water Tender),15.71641,73.79755,0,STOP,At Fire Station Pernem,Fire Station Pernem
2026-01-08T00:13:27.888Z,GA07G2505 - Mid Size (Water Tender),15.5309333,74.1386233,0,STOP,At Fire Station Valpoi ,Fire Station Valpoi
2026-01-08T00:13:27.888Z,GA07G2504 - Mid Size (Water Tender),15.5893133,73.9465083,0,STOP,At Fire Station Bicholim ,Fire Station Bicholim
2026-01-08T00:13:27.888Z,GA07G2503-Mid Size (Water Tender),15.58997,73.80865,0,STOP,At Fire Station Mapusa,Fire Station Mapusa
2026-01-08T00:13:27.888Z,GA07G2502 - Mid Size (Water Tender),15.58982,73.8087483,0,STOP,At Fire Station Mapusa,Fire Force Headquarters
2026-01-08T00:14:26.495Z,GA 07 G 0680-PIL(QUICK RESPONSE VEHICLE),15.532865,73.7939283,0,STOP,At Fire Station Pilerne,Fire Station Pilerne
2026-01-08T00:14:26.495Z,GA07G2506 - Mid Size (Water Tender),15.500418,73.914055,0,STOP,At Fire Station Old Goa,Fire Station Old Goa
2026-01-08T00:14:26.495Z,GA 07 G 5115-POR(MINI WATER TENDER),15.523018,73.829498,0,STOP,At Porvorim Fire Station,Fire Station Porvorim
2026-01-08T00:14:26.495Z,GA 07 G 0350-MRG(WATER TENDER),15.269435,73.97068,0,STOP,At Fire Station Margoa,Fire Station Margao
2026-01-08T00:14:26.495Z,GA 07 G 2900-MAP(MINI RESCUE TENDER),15.59015,73.808701,0,STOP,At Fire Station Mapusa,Fire Station Mapusa
2026-01-08T00:14:26.495Z,GA 07 G 7600-FFHQ(WATER BOUSER),15.487355,73.817284,0,STOP,"Caculo Mall, 16 Shanta, St Inez Rd, Caculo Enclave, Santa Inez, Panaji, Goa (NW)",Fire Force Headquarters
2026-01-08T00:14:26.495Z,GA 07 G 2002-FFHQ(TURN TABLE LADDER),15.487413,73.8172,0,STOP,"Caculo Mall, 16 Shanta, St Inez Rd, Caculo Enclave, Santa Inez, Panaji, Goa (NW)",Fire Force Headquarters
2026-01-08T00:14:26.495Z,GA 07 G 7101-FFHQ(WATER TENDER),15.486933,73.817017,0,STOP,"Caculo Mall, 16 Shanta, St Inez Rd, Caculo Enclave, Santa Inez, Panaji, Goa (NW)",Fire Force Headquarters
2026-01-08T00:14:26.495Z,GA 07 G 7677-FFHQ(EMERGENCY RESCUE),15.487005,73.817436,0,STOP,"Caculo Mall, 16 Shanta, St Inez Rd, Caculo Enclave, Santa Inez, Panaji, Goa (NW)",Fire Force Headquarters
2026-01-08T00:14:26.495Z,GA 07 G 1121-PNJ(EMERGENCY RESCUE),15.487197,73.817276,0,STOP,"Caculo Mall, 16 Shanta, St Inez Rd, Caculo Enclave, Santa Inez, Panaji, Goa (NW)",Fire Station Panaji
2026-01-08T00:14:26.495Z,GA 07 G 1571-FFHQ(QUICK RESPONSE),15.486595,73.817528,0,STOP,"Caculo Mall, 16 Shanta, St Inez Rd, Caculo Enclave, Santa Inez, Panaji, Goa (SW)",Fire Force Headquarters
2026-01-08T00:14:26.495Z,GA 07 G 8101-MAP(WATER TENDER),15.589967,73.808762,0,STOP,At Fire Station Mapusa,Fire Station Mapusa
2026-01-08T00:14:26.495Z,GA 07 G 2317-MRG(EMERGENCY RESCUE TENDER),15.2694533,73.9701816,0,STOP,At Fire Station Margoa,Fire Station Margao
2026-01-08T00:14:26.495Z,GA 07 G 1570-VAS(QUICK RESPONSE FIRE TENDER),15.4054016,73.8930833,0,STOP,"Mendies, National Highway 366, Goa (NE)",Fire Station Vasco
2026-01-08T00:14:26.495Z,GA 07 G 4101-VAS(MS WATER TENDER),15.3888216,73.8512533,0,INACTIVE,At Fire Station Vasco,Fire Station Vasco
2026-01-08T00:14:26.495Z,GA 07 G 0819-VAS(WATER/FOAM TENDER),15.3888067,73.8512617,0,IDLE,At Fire Station Vasco,Fire Station Vasco
2026-01-08T00:14:26.495Z,GA 07 G 7100-MRG(WATER BOUSER),15.2694416,73.9701166,0,STOP,At Fire Station Margoa,Fire Station Margao
2026-01-08T00:14:26.495Z,GA 07 G 1568-MRG(QUICK RESPONSE ),15.26936,73.9704583,0,STOP,At Fire Station Margoa,Fire Station Margao
2026-01-08T00:14:26.495Z,GA 07 G 6101-MRG(WATER TENDER),15.2694199,73.969955,0,STOP,At Fire Station Margoa,Fire Station Margao
2026-01-08T00:14:26.495Z,GA 07 G 1001-MRG(AERIAL LADDER PLATFORM),15.269385,73.97019,0,STOP,At Fire Station Margoa,Fire Station Margao
2026-01-08T00:14:26.495Z,GA 07 G 0820-BIC(WATER TEDNER),15.40271,74.0028017,0,STOP,At Fire Station Ponda ,Fire Station Bicholim
2026-01-08T00:14:26.495Z,GA 07 G 5101-OLG(MS WATER TENDER),15.5001633,73.914055,0,STOP,At Fire Station Old Goa,Fire Station Old Goa
2026-01-08T00:14:26.495Z,GA 07 G 3101-BIC(MS WATER TENDER),15.5891716,73.9464266,0,STOP,At Fire Station Bicholim ,Fire Station Bicholim
2026-01-08T00:14:26.495Z,GA 07 G 1941-BIC(QUICK RESPONSE),15.589475,73.9467283,0,STOP,At Fire Station Bicholim ,Fire Station Bicholim
2026-01-08T00:14:26.495Z,GA 07 G 2319-VAS (EMERGENCY RESCUE TENDER),15.3892083,73.8478433,0,STOP,"155/C, near railway bridge, airport road, Alto-dabolim, Dabolim, Goa (SW)",Fire Station Vasco
2026-01-08T00:14:26.495Z,GA 07 G 3737-VAP(WATER TENDER),15.54645,74.0423016,0,STOP,"SH 1, Honda VP, Goa (SW)",Fire Station Valpoi
2026-01-08T00:14:26.495Z,GA 07 G 2318-PND(EMERGENCY RESCUE TENDER),15.402655,74.0030033,0,STOP,At Fire Station Ponda ,Fire Station Ponda
2026-01-08T00:14:26.495Z,GA 07 G 2004-PND(QUICK RESPONSE),15.4141016,73.9073083,0,INACTIVE,"Guru Hotel, Old Ferry Road, Agaçaim, Goa (SE)",Fire Station Ponda
2026-01-08T00:14:26.495Z,GA 07 G 9101-PND(WATER TENDER),15.4022033,74.0029466,0,STOP,At Fire Station Ponda ,Fire Station Ponda
2026-01-08T00:14:26.495Z,GA 07 G 9797-PND(WATER BOUSER),15.4027433,74.0028966,0,IDLE,At Fire Station Ponda ,Fire Station Ponda
2026-01-08T00:14:26.495Z,GA 07 G 6363-CAN(WATER TENDER),15.0236383,74.0440666,0,STOP,"Canacona, The Lalitrajbaga ,Canacona, Canacona, Goa (NE)",Fire Station Canacona
2026-01-08T00:14:26.495Z,GA 07 G 1567-CAN(QUICK RESPONSE FT),15.0163433,74.0396166,39,INACTIVE,"Canacona, The Lalitrajbaga ,Canacona, Canacona, Goa (SW)",Fire Station Canacona
2026-01-08T00:14:26.495Z,GA 07 G 1569-VRN(QUICK RESPONSE),15.3696816,73.9356849,0,STOP,At Fire Station Verna,Fire Station Verna
2026-01-08T00:14:26.495Z,GA 07 G 9909-VRN(ADVANCE MULTI-PURPOSE),15.36962,73.9357333,0,STOP,At Fire Station Verna,Fire Station Verna
2026-01-08T00:14:26.495Z,GA 07 G 1942-VAP(QUICK RESPONSE),15.531045,74.1388183,0,STOP,At Fire Station Valpoi ,Fire Station Valpoi
2026-01-08T00:14:26.495Z,GA 07 G 2003-CUR(QUICK RESPONSE),15.2603983,74.1037433,0,STOP,At Fire Station Curchorem,Fire Station Curchorem
2026-01-08T00:14:26.495Z,GA 07 G 7447-CUR(EMERGENCY RESCUE),15.2604233,74.10376,0,STOP,At Fire Station Curchorem,Fire Station Curchorem
2026-01-08T00:14:26.495Z,GA 07 G 7557-CUR(WATER TENDER),15.260345,74.1037183,0,STOP,At Fire Station Curchorem,Fire Station Curchorem
2026-01-08T00:14:26.495Z,GA 07 G 7667-CUR(WATER BOUSER),15.26034,74.1038333,0,STOP,At Fire Station Curchorem,Fire Station Curchorem
2026-01-08T00:14:26.495Z,GA 07 G 4989-KUN(WATER TENDER),15.4630383,73.972665,0,STOP,At Fire Station Kundaim,Fire Station Kundaim
2026-01-08T00:14:26.495Z,GA 07 G 2242-PIL(WATER TENDER),15.53297,73.7940744,0,STOP,At Fire Station Pilerne,Fire Station Pilerne
2026-01-08T00:14:26.495Z,GA 07 G 0681-MAP(QUICK RESPONSE),15.589765,73.808805,0,STOP,At Fire Station Mapusa,Fire Station Mapusa
2026-01-08T00:14:26.495Z,GA 07 G 0307-PER(QUICK RESPONSE),15.7164939,73.7974239,0,INACTIVE,At Fire Station Pernem,Fire Station Pernem
2026-01-08T00:14:26.495Z,GA 07 G 2101-PER(MS WATER TENDER),15.7164339,73.7974506,0,STOP,At Fire Station Pernem,Fire Station Pernem
2026-01-08T00:14:26.495Z,GA 07 G 4600-PER(MINI RESCUE TENDER),15.7165006,73.7975322,0,STOP,At Fire Station Pernem,Fire Station Pernem
2026-01-08T00:14:26.495Z,GA 07 G 7272-PNJ(WATER TENDER),15.4871567,73.8173333,0,STOP,"Caculo Mall, 16 Shanta, St Inez Rd, Caculo Enclave, Santa Inez, Panaji, Goa (NW)",Fire Station Panaji
2026-01-08T00:14:26.495Z,GA07G2384- Cuncolim,15.1862711,74.0209944,0,STOP,At Fire Station Cuncolim,Fire Station Cuncolim
2026-01-08T00:14:26.495Z,GA07G2507 - Mid Size (Water Tender),15.71641,73.79755,0,STOP,At Fire Station Pernem,Fire Station Pernem
2026-01-08T00:14:26.495Z,GA07G2505 - Mid Size (Water Tender),15.5309333,74.1386233,0,STOP,At Fire Station Valpoi ,Fire Station Valpoi
2026-01-08T00:14:26.495Z,GA07G2504 - Mid Size (Water Tender),15.5893133,73.9465083,0,STOP,At Fire Station Bicholim ,Fire Station Bicholim
2026-01-08T00:14:26.495Z,GA07G2503-Mid Size (Water Tender),15.58997,73.80865,0,STOP,At Fire Station Mapusa,Fire Station Mapusa
2026-01-08T00:14:26.495Z,GA07G2502 - Mid Size (Water Tender),15.58982,73.8087483,0,STOP,At Fire Station Mapusa,Fire Force Headquarters
2026-01-08T00:15:29.060Z,GA 07 G 0680-PIL(QUICK RESPONSE VEHICLE),15.532865,73.7939283,0,STOP,At Fire Station Pilerne,Fire Station Pilerne
2026-01-08T00:15:29.060Z,GA07G2506 - Mid Size (Water Tender),15.500418,73.914055,0,STOP,At Fire Station Old Goa,Fire Station Old Goa
2026-01-08T00:15:29.060Z,GA 07 G 5115-POR(MINI WATER TENDER),15.523018,73.829498,0,STOP,At Porvorim Fire Station,Fire Station Porvorim
2026-01-08T00:15:29.060Z,GA 07 G 0350-MRG(WATER TENDER),15.269435,73.97068,0,STOP,At Fire Station Margoa,Fire Station Margao
2026-01-08T00:15:29.060Z,GA 07 G 2900-MAP(MINI RESCUE TENDER),15.59015,73.808701,0,STOP,At Fire Station Mapusa,Fire Station Mapusa
2026-01-08T00:15:29.060Z,GA 07 G 7600-FFHQ(WATER BOUSER),15.487355,73.817284,0,STOP,"Caculo Mall, 16 Shanta, St Inez Rd, Caculo Enclave, Santa Inez, Panaji, Goa (NW)",Fire Force Headquarters
2026-01-08T00:15:29.060Z,GA 07 G 2002-FFHQ(TURN TABLE LADDER),15.487413,73.8172,0,STOP,"Caculo Mall, 16 Shanta, St Inez Rd, Caculo Enclave, Santa Inez, Panaji, Goa (NW)",Fire Force Headquarters
2026-01-08T00:15:29.060Z,GA 07 G 7101-FFHQ(WATER TENDER),15.486933,73.817017,0,STOP,"Caculo Mall, 16 Shanta, St Inez Rd, Caculo Enclave, Santa Inez, Panaji, Goa (NW)",Fire Force Headquarters
2026-01-08T00:15:29.060Z,GA 07 G 7677-FFHQ(EMERGENCY RESCUE),15.487005,73.817436,0,STOP,"Caculo Mall, 16 Shanta, St Inez Rd, Caculo Enclave, Santa Inez, Panaji, Goa (NW)",Fire Force Headquarters
2026-01-08T00:15:29.060Z,GA 07 G 1121-PNJ(EMERGENCY RESCUE),15.487197,73.817276,0,STOP,"Caculo Mall, 16 Shanta, St Inez Rd, Caculo Enclave, Santa Inez, Panaji, Goa (NW)",Fire Station Panaji
2026-01-08T00:15:29.060Z,GA 07 G 1571-FFHQ(QUICK RESPONSE),15.486595,73.817528,0,STOP,"Caculo Mall, 16 Shanta, St Inez Rd, Caculo Enclave, Santa Inez, Panaji, Goa (SW)",Fire Force Headquarters
2026-01-08T00:15:29.060Z,GA 07 G 8101-MAP(WATER TENDER),15.589967,73.808762,0,STOP,At Fire Station Mapusa,Fire Station Mapusa
2026-01-08T00:15:29.060Z,GA 07 G 2317-MRG(EMERGENCY RESCUE TENDER),15.2694533,73.9701816,1,STOP,At Fire Station Margoa,Fire Station Margao
2026-01-08T00:15:29.060Z,GA 07 G 1570-VAS(QUICK RESPONSE FIRE TENDER),15.4054016,73.8930833,0,STOP,"Mendies, National Highway 366, Goa (NE)",Fire Station Vasco
2026-01-08T00:15:29.060Z,GA 07 G 4101-VAS(MS WATER TENDER),15.3888216,73.8512533,0,INACTIVE,At Fire Station Vasco,Fire Station Vasco
2026-01-08T00:15:29.060Z,GA 07 G 0819-VAS(WATER/FOAM TENDER),15.3888067,73.8512617,0,IDLE,At Fire Station Vasco,Fire Station Vasco
2026-01-08T00:15:29.060Z,GA 07 G 7100-MRG(WATER BOUSER),15.2694416,73.9701166,0,STOP,At Fire Station Margoa,Fire Station Margao
2026-01-08T00:15:29.060Z,GA 07 G 1568-MRG(QUICK RESPONSE ),15.26936,73.9704583,0,STOP,At Fire Station Margoa,Fire Station Margao
2026-01-08T00:15:29.060Z,GA 07 G 6101-MRG(WATER TENDER),15.2694199,73.969955,0,STOP,At Fire Station Margoa,Fire Station Margao
2026-01-08T00:15:29.060Z,GA 07 G 1001-MRG(AERIAL LADDER PLATFORM),15.269385,73.97019,0,STOP,At Fire Station Margoa,Fire Station Margao
2026-01-08T00:15:29.060Z,GA 07 G 0820-BIC(WATER TEDNER),15.40271,74.0028017,0,STOP,At Fire Station Ponda ,Fire Station Bicholim
2026-01-08T00:15:29.060Z,GA 07 G 5101-OLG(MS WATER TENDER),15.5001633,73.914055,0,STOP,At Fire Station Old Goa,Fire Station Old Goa
2026-01-08T00:15:29.060Z,GA 07 G 3101-BIC(MS WATER TENDER),15.589345,73.9467616,7,STOP,At Fire Station Bicholim ,Fire Station Bicholim
2026-01-08T00:15:29.060Z,GA 07 G 1941-BIC(QUICK RESPONSE),15.589475,73.9467283,0,STOP,At Fire Station Bicholim ,Fire Station Bicholim
2026-01-08T00:15:29.060Z,GA 07 G 2319-VAS (EMERGENCY RESCUE TENDER),15.3892083,73.8478433,0,STOP,"155/C, near railway bridge, airport road, Alto-dabolim, Dabolim, Goa (SW)",Fire Station Vasco
2026-01-08T00:15:29.060Z,GA 07 G 3737-VAP(WATER TENDER),15.54645,74.0423016,0,STOP,"SH 1, Honda VP, Goa (SW)",Fire Station Valpoi
2026-01-08T00:15:29.060Z,GA 07 G 2318-PND(EMERGENCY RESCUE TENDER),15.402655,74.0030033,0,STOP,At Fire Station Ponda ,Fire Station Ponda
2026-01-08T00:15:29.060Z,GA 07 G 2004-PND(QUICK RESPONSE),15.4141016,73.9073083,0,INACTIVE,"Guru Hotel, Old Ferry Road, Agaçaim, Goa (SE)",Fire Station Ponda
2026-01-08T00:15:29.060Z,GA 07 G 9101-PND(WATER TENDER),15.4022033,74.0029466,0,STOP,At Fire Station Ponda ,Fire Station Ponda
2026-01-08T00:15:29.060Z,GA 07 G 9797-PND(WATER BOUSER),15.4027433,74.0028966,0,IDLE,At Fire Station Ponda ,Fire Station Ponda
2026-01-08T00:15:29.060Z,GA 07 G 6363-CAN(WATER TENDER),15.0236383,74.0440666,0,STOP,"Canacona, The Lalitrajbaga ,Canacona, Canacona, Goa (NE)",Fire Station Canacona
2026-01-08T00:15:29.060Z,GA 07 G 1567-CAN(QUICK RESPONSE FT),15.0163433,74.0396166,39,INACTIVE,"Canacona, The Lalitrajbaga ,Canacona, Canacona, Goa (SW)",Fire Station Canacona
2026-01-08T00:15:29.060Z,GA 07 G 1569-VRN(QUICK RESPONSE),15.3696816,73.9356849,0,STOP,At Fire Station Verna,Fire Station Verna
2026-01-08T00:15:29.060Z,GA 07 G 9909-VRN(ADVANCE MULTI-PURPOSE),15.36962,73.9357333,0,STOP,At Fire Station Verna,Fire Station Verna
2026-01-08T00:15:29.060Z,GA 07 G 1942-VAP(QUICK RESPONSE),15.531045,74.1388183,0,STOP,At Fire Station Valpoi ,Fire Station Valpoi
2026-01-08T00:15:29.060Z,GA 07 G 2003-CUR(QUICK RESPONSE),15.2603983,74.1037433,0,STOP,At Fire Station Curchorem,Fire Station Curchorem
2026-01-08T00:15:29.060Z,GA 07 G 7447-CUR(EMERGENCY RESCUE),15.2604233,74.10376,0,STOP,At Fire Station Curchorem,Fire Station Curchorem
2026-01-08T00:15:29.060Z,GA 07 G 7557-CUR(WATER TENDER),15.260345,74.1037183,0,STOP,At Fire Station Curchorem,Fire Station Curchorem
2026-01-08T00:15:29.060Z,GA 07 G 7667-CUR(WATER BOUSER),15.26034,74.1038333,0,STOP,At Fire Station Curchorem,Fire Station Curchorem
2026-01-08T00:15:29.060Z,GA 07 G 4989-KUN(WATER TENDER),15.4630383,73.972665,0,STOP,At Fire Station Kundaim,Fire Station Kundaim
2026-01-08T00:15:29.060Z,GA 07 G 2242-PIL(WATER TENDER),15.53297,73.7940744,0,STOP,At Fire Station Pilerne,Fire Station Pilerne
2026-01-08T00:15:29.060Z,GA 07 G 0681-MAP(QUICK RESPONSE),15.589765,73.808805,0,STOP,At Fire Station Mapusa,Fire Station Mapusa
2026-01-08T00:15:29.060Z,GA 07 G 0307-PER(QUICK RESPONSE),15.7164939,73.7974239,0,INACTIVE,At Fire Station Pernem,Fire Station Pernem
2026-01-08T00:15:29.060Z,GA 07 G 2101-PER(MS WATER TENDER),15.7164339,73.7974506,0,STOP,At Fire Station Pernem,Fire Station Pernem
2026-01-08T00:15:29.060Z,GA 07 G 4600-PER(MINI RESCUE TENDER),15.7165006,73.7975322,0,STOP,At Fire Station Pernem,Fire Station Pernem
2026-01-08T00:15:29.060Z,GA 07 G 7272-PNJ(WATER TENDER),15.4871567,73.8173333,0,STOP,"Caculo Mall, 16 Shanta, St Inez Rd, Caculo Enclave, Santa Inez, Panaji, Goa (NW)",Fire Station Panaji
2026-01-08T00:15:29.060Z,GA07G2384- Cuncolim,15.1862711,74.0209944,0,STOP,At Fire Station Cuncolim,Fire Station Cuncolim
2026-01-08T00:15:29.060Z,GA07G2507 - Mid Size (Water Tender),15.71641,73.79755,0,STOP,At Fire Station Pernem,Fire Station Pernem
2026-01-08T00:15:29.060Z,GA07G2505 - Mid Size (Water Tender),15.5309333,74.1386233,0,STOP,At Fire Station Valpoi ,Fire Station Valpoi
2026-01-08T00:15:29.060Z,GA07G2504 - Mid Size (Water Tender),15.5893133,73.9465083,0,STOP,At Fire Station Bicholim ,Fire Station Bicholim
2026-01-08T00:15:29.060Z,GA07G2503-Mid Size (Water Tender),15.58997,73.80865,0,STOP,At Fire Station Mapusa,Fire Station Mapusa
2026-01-08T00:15:29.060Z,GA07G2502 - Mid Size (Water Tender),15.58982,73.8087483,0,STOP,At Fire Station Mapusa,Fire Force Headquarters
2026-01-08T00:16:27.925Z,GA 07 G 0680-PIL(QUICK RESPONSE VEHICLE),15.532865,73.7939283,0,STOP,At Fire Station Pilerne,Fire Station Pilerne
2026-01-08T00:16:27.925Z,GA07G2506 - Mid Size (Water Tender),15.500418,73.914055,0,STOP,At Fire Station Old Goa,Fire Station Old Goa
2026-01-08T00:16:27.925Z,GA 07 G 5115-POR(MINI WATER TENDER),15.523018,73.829498,0,STOP,At Porvorim Fire Station,Fire Station Porvorim
2026-01-08T00:16:27.925Z,GA 07 G 0350-MRG(WATER TENDER),15.269435,73.97068,0,STOP,At Fire Station Margoa,Fire Station Margao
2026-01-08T00:16:27.925Z,GA 07 G 2900-MAP(MINI RESCUE TENDER),15.59015,73.808701,0,STOP,At Fire Station Mapusa,Fire Station Mapusa
2026-01-08T00:16:27.925Z,GA 07 G 7600-FFHQ(WATER BOUSER),15.487355,73.817284,0,STOP,"Caculo Mall, 16 Shanta, St Inez Rd, Caculo Enclave, Santa Inez, Panaji, Goa (NW)",Fire Force Headquarters
2026-01-08T00:16:27.925Z,GA 07 G 2002-FFHQ(TURN TABLE LADDER),15.487413,73.8172,0,STOP,"Caculo Mall, 16 Shanta, St Inez Rd, Caculo Enclave, Santa Inez, Panaji, Goa (NW)",Fire Force Headquarters
2026-01-08T00:16:27.925Z,GA 07 G 7101-FFHQ(WATER TENDER),15.486933,73.817017,0,STOP,"Caculo Mall, 16 Shanta, St Inez Rd, Caculo Enclave, Santa Inez, Panaji, Goa (NW)",Fire Force Headquarters
2026-01-08T00:16:27.925Z,GA 07 G 7677-FFHQ(EMERGENCY RESCUE),15.487005,73.817436,0,STOP,"Caculo Mall, 16 Shanta, St Inez Rd, Caculo Enclave, Santa Inez, Panaji, Goa (NW)",Fire Force Headquarters
2026-01-08T00:16:27.925Z,GA 07 G 1121-PNJ(EMERGENCY RESCUE),15.487197,73.817276,0,STOP,"Caculo Mall, 16 Shanta, St Inez Rd, Caculo Enclave, Santa Inez, Panaji, Goa (NW)",Fire Station Panaji
2026-01-08T00:16:27.925Z,GA 07 G 1571-FFHQ(QUICK RESPONSE),15.486595,73.817528,0,STOP,"Caculo Mall, 16 Shanta, St Inez Rd, Caculo Enclave, Santa Inez, Panaji, Goa (SW)",Fire Force Headquarters
2026-01-08T00:16:27.925Z,GA 07 G 8101-MAP(WATER TENDER),15.589967,73.808762,0,STOP,At Fire Station Mapusa,Fire Station Mapusa
2026-01-08T00:16:27.925Z,GA 07 G 2317-MRG(EMERGENCY RESCUE TENDER),15.2693666,73.9699383,0,STOP,At Fire Station Margoa,Fire Station Margao
2026-01-08T00:16:27.925Z,GA 07 G 1570-VAS(QUICK RESPONSE FIRE TENDER),15.4054016,73.8930833,0,STOP,"Mendies, National Highway 366, Goa (NE)",Fire Station Vasco
2026-01-08T00:16:27.925Z,GA 07 G 4101-VAS(MS WATER TENDER),15.3888216,73.8512533,0,INACTIVE,At Fire Station Vasco,Fire Station Vasco
2026-01-08T00:16:27.925Z,GA 07 G 0819-VAS(WATER/FOAM TENDER),15.3888067,73.8512617,0,IDLE,At Fire Station Vasco,Fire Station Vasco
2026-01-08T00:16:27.925Z,GA 07 G 7100-MRG(WATER BOUSER),15.2694416,73.9701166,0,STOP,At Fire Station Margoa,Fire Station Margao
2026-01-08T00:16:27.925Z,GA 07 G 1568-MRG(QUICK RESPONSE ),15.26936,73.9704583,0,STOP,At Fire Station Margoa,Fire Station Margao
2026-01-08T00:16:27.925Z,GA 07 G 6101-MRG(WATER TENDER),15.2694199,73.969955,0,STOP,At Fire Station Margoa,Fire Station Margao
2026-01-08T00:16:27.925Z,GA 07 G 1001-MRG(AERIAL LADDER PLATFORM),15.269385,73.97019,0,STOP,At Fire Station Margoa,Fire Station Margao
2026-01-08T00:16:27.925Z,GA 07 G 0820-BIC(WATER TEDNER),15.40271,74.0028017,0,STOP,At Fire Station Ponda ,Fire Station Bicholim
2026-01-08T00:16:27.925Z,GA 07 G 5101-OLG(MS WATER TENDER),15.5001633,73.914055,0,STOP,At Fire Station Old Goa,Fire Station Old Goa
2026-01-08T00:16:27.925Z,GA 07 G 3101-BIC(MS WATER TENDER),15.5894183,73.9467766,4,STOP,At Fire Station Bicholim ,Fire Station Bicholim
2026-01-08T00:16:27.925Z,GA 07 G 1941-BIC(QUICK RESPONSE),15.589475,73.9467283,0,STOP,At Fire Station Bicholim ,Fire Station Bicholim
2026-01-08T00:16:27.925Z,GA 07 G 2319-VAS (EMERGENCY RESCUE TENDER),15.3892083,73.8478433,0,STOP,"155/C, near railway bridge, airport road, Alto-dabolim, Dabolim, Goa (SW)",Fire Station Vasco
2026-01-08T00:16:27.925Z,GA 07 G 3737-VAP(WATER TENDER),15.54645,74.0423016,0,STOP,"SH 1, Honda VP, Goa (SW)",Fire Station Valpoi
2026-01-08T00:16:27.925Z,GA 07 G 2318-PND(EMERGENCY RESCUE TENDER),15.402655,74.0030033,0,STOP,At Fire Station Ponda ,Fire Station Ponda
2026-01-08T00:16:27.925Z,GA 07 G 2004-PND(QUICK RESPONSE),15.4141016,73.9073083,0,INACTIVE,"Guru Hotel, Old Ferry Road, Agaçaim, Goa (SE)",Fire Station Ponda
2026-01-08T00:16:27.925Z,GA 07 G 9101-PND(WATER TENDER),15.4022033,74.0029466,0,STOP,At Fire Station Ponda ,Fire Station Ponda
2026-01-08T00:16:27.925Z,GA 07 G 9797-PND(WATER BOUSER),15.4027433,74.0028966,0,IDLE,At Fire Station Ponda ,Fire Station Ponda
2026-01-08T00:16:27.925Z,GA 07 G 6363-CAN(WATER TENDER),15.0236383,74.0440666,0,STOP,"Canacona, The Lalitrajbaga ,Canacona, Canacona, Goa (NE)",Fire Station Canacona
2026-01-08T00:16:27.925Z,GA 07 G 1567-CAN(QUICK RESPONSE FT),15.0163433,74.0396166,39,INACTIVE,"Canacona, The Lalitrajbaga ,Canacona, Canacona, Goa (SW)",Fire Station Canacona
2026-01-08T00:16:27.925Z,GA 07 G 1569-VRN(QUICK RESPONSE),15.3696816,73.9356849,0,STOP,At Fire Station Verna,Fire Station Verna
2026-01-08T00:16:27.925Z,GA 07 G 9909-VRN(ADVANCE MULTI-PURPOSE),15.36962,73.9357333,0,STOP,At Fire Station Verna,Fire Station Verna
2026-01-08T00:16:27.925Z,GA 07 G 1942-VAP(QUICK RESPONSE),15.531045,74.1388183,0,STOP,At Fire Station Valpoi ,Fire Station Valpoi
2026-01-08T00:16:27.925Z,GA 07 G 2003-CUR(QUICK RESPONSE),15.2603983,74.1037433,0,STOP,At Fire Station Curchorem,Fire Station Curchorem
2026-01-08T00:16:27.925Z,GA 07 G 7447-CUR(EMERGENCY RESCUE),15.2604233,74.10376,0,STOP,At Fire Station Curchorem,Fire Station Curchorem
2026-01-08T00:16:27.925Z,GA 07 G 7557-CUR(WATER TENDER),15.260345,74.1037183,0,STOP,At Fire Station Curchorem,Fire Station Curchorem
2026-01-08T00:16:27.925Z,GA 07 G 7667-CUR(WATER BOUSER),15.26034,74.1038333,0,STOP,At Fire Station Curchorem,Fire Station Curchorem
2026-01-08T00:16:27.925Z,GA 07 G 4989-KUN(WATER TENDER),15.4630383,73.972665,0,STOP,At Fire Station Kundaim,Fire Station Kundaim
2026-01-08T00:16:27.925Z,GA 07 G 2242-PIL(WATER TENDER),15.53297,73.7940744,0,STOP,At Fire Station Pilerne,Fire Station Pilerne
2026-01-08T00:16:27.925Z,GA 07 G 0681-MAP(QUICK RESPONSE),15.589765,73.808805,0,STOP,At Fire Station Mapusa,Fire Station Mapusa
2026-01-08T00:16:27.925Z,GA 07 G 0307-PER(QUICK RESPONSE),15.7164939,73.7974239,0,INACTIVE,At Fire Station Pernem,Fire Station Pernem
2026-01-08T00:16:27.925Z,GA 07 G 2101-PER(MS WATER TENDER),15.7164339,73.7974506,0,STOP,At Fire Station Pernem,Fire Station Pernem
2026-01-08T00:16:27.925Z,GA 07 G 4600-PER(MINI RESCUE TENDER),15.7165006,73.7975322,0,STOP,At Fire Station Pernem,Fire Station Pernem
2026-01-08T00:16:27.925Z,GA 07 G 7272-PNJ(WATER TENDER),15.4871567,73.8173333,0,STOP,"Caculo Mall, 16 Shanta, St Inez Rd, Caculo Enclave, Santa Inez, Panaji, Goa (NW)",Fire Station Panaji
2026-01-08T00:16:27.925Z,GA07G2384- Cuncolim,15.1862711,74.0209944,0,STOP,At Fire Station Cuncolim,Fire Station Cuncolim
2026-01-08T00:16:27.925Z,GA07G2507 - Mid Size (Water Tender),15.71641,73.79755,0,STOP,At Fire Station Pernem,Fire Station Pernem
2026-01-08T00:16:27.925Z,GA07G2505 - Mid Size (Water Tender),15.5309333,74.1386233,0,STOP,At Fire Station Valpoi ,Fire Station Valpoi
2026-01-08T00:16:27.925Z,GA07G2504 - Mid Size (Water Tender),15.5893133,73.9465083,0,STOP,At Fire Station Bicholim ,Fire Station Bicholim
2026-01-08T00:16:27.925Z,GA07G2503-Mid Size (Water Tender),15.58997,73.80865,0,STOP,At Fire Station Mapusa,Fire Station Mapusa
2026-01-08T00:16:27.925Z,GA07G2502 - Mid Size (Water Tender),15.58982,73.8087483,0,STOP,At Fire Station Mapusa,Fire Force Headquarters
2026-01-08T00:17:27.330Z,GA 07 G 0680-PIL(QUICK RESPONSE VEHICLE),15.532865,73.7939283,0,STOP,At Fire Station Pilerne,Fire Station Pilerne
2026-01-08T00:17:27.330Z,GA07G2506 - Mid Size (Water Tender),15.500418,73.914055,0,STOP,At Fire Station Old Goa,Fire Station Old Goa
2026-01-08T00:17:27.330Z,GA 07 G 5115-POR(MINI WATER TENDER),15.523018,73.829498,0,STOP,At Porvorim Fire Station,Fire Station Porvorim
2026-01-08T00:17:27.330Z,GA 07 G 0350-MRG(WATER TENDER),15.269435,73.97068,0,STOP,At Fire Station Margoa,Fire Station Margao
2026-01-08T00:17:27.330Z,GA 07 G 2900-MAP(MINI RESCUE TENDER),15.59015,73.808701,0,STOP,At Fire Station Mapusa,Fire Station Mapusa
2026-01-08T00:17:27.330Z,GA 07 G 7600-FFHQ(WATER BOUSER),15.487355,73.817284,0,STOP,"Caculo Mall, 16 Shanta, St Inez Rd, Caculo Enclave, Santa Inez, Panaji, Goa (NW)",Fire Force Headquarters
2026-01-08T00:17:27.330Z,GA 07 G 2002-FFHQ(TURN TABLE LADDER),15.487413,73.8172,0,STOP,"Caculo Mall, 16 Shanta, St Inez Rd, Caculo Enclave, Santa Inez, Panaji, Goa (NW)",Fire Force Headquarters
2026-01-08T00:17:27.330Z,GA 07 G 7101-FFHQ(WATER TENDER),15.486933,73.817017,0,STOP,"Caculo Mall, 16 Shanta, St Inez Rd, Caculo Enclave, Santa Inez, Panaji, Goa (NW)",Fire Force Headquarters
2026-01-08T00:17:27.330Z,GA 07 G 7677-FFHQ(EMERGENCY RESCUE),15.487005,73.817436,0,STOP,"Caculo Mall, 16 Shanta, St Inez Rd, Caculo Enclave, Santa Inez, Panaji, Goa (NW)",Fire Force Headquarters
2026-01-08T00:17:27.330Z,GA 07 G 1121-PNJ(EMERGENCY RESCUE),15.487197,73.817276,0,STOP,"Caculo Mall, 16 Shanta, St Inez Rd, Caculo Enclave, Santa Inez, Panaji, Goa (NW)",Fire Station Panaji
2026-01-08T00:17:27.330Z,GA 07 G 1571-FFHQ(QUICK RESPONSE),15.486595,73.817528,0,STOP,"Caculo Mall, 16 Shanta, St Inez Rd, Caculo Enclave, Santa Inez, Panaji, Goa (SW)",Fire Force Headquarters
2026-01-08T00:17:27.330Z,GA 07 G 8101-MAP(WATER TENDER),15.589967,73.808762,0,STOP,At Fire Station Mapusa,Fire Station Mapusa
2026-01-08T00:17:27.330Z,GA 07 G 2317-MRG(EMERGENCY RESCUE TENDER),15.2695366,73.9699133,1,STOP,At Fire Station Margoa,Fire Station Margao
2026-01-08T00:17:27.330Z,GA 07 G 1570-VAS(QUICK RESPONSE FIRE TENDER),15.4054016,73.8930833,0,STOP,"Mendies, National Highway 366, Goa (NE)",Fire Station Vasco
2026-01-08T00:17:27.330Z,GA 07 G 4101-VAS(MS WATER TENDER),15.3888216,73.8512533,0,INACTIVE,At Fire Station Vasco,Fire Station Vasco
2026-01-08T00:17:27.330Z,GA 07 G 0819-VAS(WATER/FOAM TENDER),15.3888067,73.8512617,0,IDLE,At Fire Station Vasco,Fire Station Vasco
2026-01-08T00:17:27.330Z,GA 07 G 7100-MRG(WATER BOUSER),15.2694416,73.9701166,0,STOP,At Fire Station Margoa,Fire Station Margao
2026-01-08T00:17:27.330Z,GA 07 G 1568-MRG(QUICK RESPONSE ),15.26936,73.9704583,0,STOP,At Fire Station Margoa,Fire Station Margao
2026-01-08T00:17:27.330Z,GA 07 G 6101-MRG(WATER TENDER),15.2694199,73.969955,0,STOP,At Fire Station Margoa,Fire Station Margao
2026-01-08T00:17:27.330Z,GA 07 G 1001-MRG(AERIAL LADDER PLATFORM),15.269385,73.97019,0,STOP,At Fire Station Margoa,Fire Station Margao
2026-01-08T00:17:27.330Z,GA 07 G 0820-BIC(WATER TEDNER),15.40271,74.0028017,0,STOP,At Fire Station Ponda ,Fire Station Bicholim
2026-01-08T00:17:27.330Z,GA 07 G 5101-OLG(MS WATER TENDER),15.5001633,73.914055,0,STOP,At Fire Station Old Goa,Fire Station Old Goa
2026-01-08T00:17:27.330Z,GA 07 G 3101-BIC(MS WATER TENDER),15.5894183,73.9467766,2,STOP,At Fire Station Bicholim ,Fire Station Bicholim
2026-01-08T00:17:27.330Z,GA 07 G 1941-BIC(QUICK RESPONSE),15.589475,73.9467283,0,STOP,At Fire Station Bicholim ,Fire Station Bicholim
2026-01-08T00:17:27.330Z,GA 07 G 2319-VAS (EMERGENCY RESCUE TENDER),15.3892083,73.8478433,0,STOP,"155/C, near railway bridge, airport road, Alto-dabolim, Dabolim, Goa (SW)",Fire Station Vasco
2026-01-08T00:17:27.330Z,GA 07 G 3737-VAP(WATER TENDER),15.54645,74.0423016,0,STOP,"SH 1, Honda VP, Goa (SW)",Fire Station Valpoi
2026-01-08T00:17:27.330Z,GA 07 G 2318-PND(EMERGENCY RESCUE TENDER),15.402655,74.0030033,0,STOP,At Fire Station Ponda ,Fire Station Ponda
2026-01-08T00:17:27.330Z,GA 07 G 2004-PND(QUICK RESPONSE),15.4141016,73.9073083,0,INACTIVE,"Guru Hotel, Old Ferry Road, Agaçaim, Goa (SE)",Fire Station Ponda
2026-01-08T00:17:27.330Z,GA 07 G 9101-PND(WATER TENDER),15.4022033,74.0029466,0,STOP,At Fire Station Ponda ,Fire Station Ponda
2026-01-08T00:17:27.330Z,GA 07 G 9797-PND(WATER BOUSER),15.4027433,74.0028966,0,IDLE,At Fire Station Ponda ,Fire Station Ponda
2026-01-08T00:17:27.330Z,GA 07 G 6363-CAN(WATER TENDER),15.0236383,74.0440666,0,STOP,"Canacona, The Lalitrajbaga ,Canacona, Canacona, Goa (NE)",Fire Station Canacona
2026-01-08T00:17:27.330Z,GA 07 G 1567-CAN(QUICK RESPONSE FT),15.0163433,74.0396166,39,INACTIVE,"Canacona, The Lalitrajbaga ,Canacona, Canacona, Goa (SW)",Fire Station Canacona
2026-01-08T00:17:27.330Z,GA 07 G 1569-VRN(QUICK RESPONSE),15.3696816,73.9356849,0,STOP,At Fire Station Verna,Fire Station Verna
2026-01-08T00:17:27.330Z,GA 07 G 9909-VRN(ADVANCE MULTI-PURPOSE),15.36962,73.9357333,0,STOP,At Fire Station Verna,Fire Station Verna
2026-01-08T00:17:27.330Z,GA 07 G 1942-VAP(QUICK RESPONSE),15.531045,74.1388183,0,STOP,At Fire Station Valpoi ,Fire Station Valpoi
2026-01-08T00:17:27.330Z,GA 07 G 2003-CUR(QUICK RESPONSE),15.2603983,74.1037433,0,STOP,At Fire Station Curchorem,Fire Station Curchorem
2026-01-08T00:17:27.330Z,GA 07 G 7447-CUR(EMERGENCY RESCUE),15.2604233,74.10376,0,STOP,At Fire Station Curchorem,Fire Station Curchorem
2026-01-08T00:17:27.330Z,GA 07 G 7557-CUR(WATER TENDER),15.260345,74.1037183,0,STOP,At Fire Station Curchorem,Fire Station Curchorem
2026-01-08T00:17:27.330Z,GA 07 G 7667-CUR(WATER BOUSER),15.26034,74.1038333,0,STOP,At Fire Station Curchorem,Fire Station Curchorem
2026-01-08T00:17:27.330Z,GA 07 G 4989-KUN(WATER TENDER),15.4630383,73.972665,0,STOP,At Fire Station Kundaim,Fire Station Kundaim
2026-01-08T00:17:27.330Z,GA 07 G 2242-PIL(WATER TENDER),15.53297,73.7940744,0,STOP,At Fire Station Pilerne,Fire Station Pilerne
2026-01-08T00:17:27.330Z,GA 07 G 0681-MAP(QUICK RESPONSE),15.589765,73.808805,0,STOP,At Fire Station Mapusa,Fire Station Mapusa
2026-01-08T00:17:27.330Z,GA 07 G 0307-PER(QUICK RESPONSE),15.7164939,73.7974239,0,INACTIVE,At Fire Station Pernem,Fire Station Pernem
2026-01-08T00:17:27.330Z,GA 07 G 2101-PER(MS WATER TENDER),15.7164339,73.7974506,0,STOP,At Fire Station Pernem,Fire Station Pernem
2026-01-08T00:17:27.330Z,GA 07 G 4600-PER(MINI RESCUE TENDER),15.7165006,73.7975322,0,STOP,At Fire Station Pernem,Fire Station Pernem
2026-01-08T00:17:27.330Z,GA 07 G 7272-PNJ(WATER TENDER),15.4871567,73.8173333,0,STOP,"Caculo Mall, 16 Shanta, St Inez Rd, Caculo Enclave, Santa Inez, Panaji, Goa (NW)",Fire Station Panaji
2026-01-08T00:17:27.330Z,GA07G2384- Cuncolim,15.1862711,74.0209944,0,STOP,At Fire Station Cuncolim,Fire Station Cuncolim
2026-01-08T00:17:27.330Z,GA07G2507 - Mid Size (Water Tender),15.71641,73.79755,0,STOP,At Fire Station Pernem,Fire Station Pernem
2026-01-08T00:17:27.330Z,GA07G2505 - Mid Size (Water Tender),15.5309333,74.1386233,0,STOP,At Fire Station Valpoi ,Fire Station Valpoi
2026-01-08T00:17:27.330Z,GA07G2504 - Mid Size (Water Tender),15.5893133,73.9465083,0,STOP,At Fire Station Bicholim ,Fire Station Bicholim
2026-01-08T00:17:27.330Z,GA07G2503-Mid Size (Water Tender),15.58997,73.80865,0,STOP,At Fire Station Mapusa,Fire Station Mapusa
2026-01-08T00:17:27.330Z,GA07G2502 - Mid Size (Water Tender),15.58982,73.8087483,0,STOP,At Fire Station Mapusa,Fire Force Headquarters
2026-01-08T00:18:28.309Z,GA 07 G 0680-PIL(QUICK RESPONSE VEHICLE),15.532865,73.7939283,0,STOP,At Fire Station Pilerne,Fire Station Pilerne
2026-01-08T00:18:28.309Z,GA07G2506 - Mid Size (Water Tender),15.500418,73.914055,0,STOP,At Fire Station Old Goa,Fire Station Old Goa
2026-01-08T00:18:28.309Z,GA 07 G 5115-POR(MINI WATER TENDER),15.523018,73.829498,0,STOP,At Porvorim Fire Station,Fire Station Porvorim
2026-01-08T00:18:28.309Z,GA 07 G 0350-MRG(WATER TENDER),15.269435,73.97068,0,STOP,At Fire Station Margoa,Fire Station Margao
2026-01-08T00:18:28.309Z,GA 07 G 2900-MAP(MINI RESCUE TENDER),15.59015,73.808701,0,STOP,At Fire Station Mapusa,Fire Station Mapusa
2026-01-08T00:18:28.309Z,GA 07 G 7600-FFHQ(WATER BOUSER),15.487355,73.817284,0,STOP,"Caculo Mall, 16 Shanta, St Inez Rd, Caculo Enclave, Santa Inez, Panaji, Goa (NW)",Fire Force Headquarters
2026-01-08T00:18:28.309Z,GA 07 G 2002-FFHQ(TURN TABLE LADDER),15.487413,73.8172,0,STOP,"Caculo Mall, 16 Shanta, St Inez Rd, Caculo Enclave, Santa Inez, Panaji, Goa (NW)",Fire Force Headquarters
2026-01-08T00:18:28.309Z,GA 07 G 7101-FFHQ(WATER TENDER),15.486933,73.817017,0,STOP,"Caculo Mall, 16 Shanta, St Inez Rd, Caculo Enclave, Santa Inez, Panaji, Goa (NW)",Fire Force Headquarters
2026-01-08T00:18:28.309Z,GA 07 G 7677-FFHQ(EMERGENCY RESCUE),15.487005,73.817436,0,STOP,"Caculo Mall, 16 Shanta, St Inez Rd, Caculo Enclave, Santa Inez, Panaji, Goa (NW)",Fire Force Headquarters
2026-01-08T00:18:28.309Z,GA 07 G 1121-PNJ(EMERGENCY RESCUE),15.487197,73.817276,0,STOP,"Caculo Mall, 16 Shanta, St Inez Rd, Caculo Enclave, Santa Inez, Panaji, Goa (NW)",Fire Station Panaji
2026-01-08T00:18:28.309Z,GA 07 G 1571-FFHQ(QUICK RESPONSE),15.486595,73.817528,0,STOP,"Caculo Mall, 16 Shanta, St Inez Rd, Caculo Enclave, Santa Inez, Panaji, Goa (SW)",Fire Force Headquarters
2026-01-08T00:18:28.309Z,GA 07 G 8101-MAP(WATER TENDER),15.589967,73.808762,0,STOP,At Fire Station Mapusa,Fire Station Mapusa
2026-01-08T00:18:28.309Z,GA 07 G 2317-MRG(EMERGENCY RESCUE TENDER),15.2694383,73.9699783,1,STOP,At Fire Station Margoa,Fire Station Margao
2026-01-08T00:18:28.309Z,GA 07 G 1570-VAS(QUICK RESPONSE FIRE TENDER),15.4054016,73.8930833,0,STOP,"Mendies, National Highway 366, Goa (NE)",Fire Station Vasco
2026-01-08T00:18:28.309Z,GA 07 G 4101-VAS(MS WATER TENDER),15.3888216,73.8512533,0,INACTIVE,At Fire Station Vasco,Fire Station Vasco
2026-01-08T00:18:28.309Z,GA 07 G 0819-VAS(WATER/FOAM TENDER),15.3888067,73.8512617,0,IDLE,At Fire Station Vasco,Fire Station Vasco
2026-01-08T00:18:28.309Z,GA 07 G 7100-MRG(WATER BOUSER),15.2694416,73.9701166,0,STOP,At Fire Station Margoa,Fire Station Margao
2026-01-08T00:18:28.309Z,GA 07 G 1568-MRG(QUICK RESPONSE ),15.26936,73.9704583,0,STOP,At Fire Station Margoa,Fire Station Margao
2026-01-08T00:18:28.309Z,GA 07 G 6101-MRG(WATER TENDER),15.2694199,73.969955,0,STOP,At Fire Station Margoa,Fire Station Margao
2026-01-08T00:18:28.309Z,GA 07 G 1001-MRG(AERIAL LADDER PLATFORM),15.269385,73.97019,0,STOP,At Fire Station Margoa,Fire Station Margao
2026-01-08T00:18:28.309Z,GA 07 G 0820-BIC(WATER TEDNER),15.40271,74.0028017,0,STOP,At Fire Station Ponda ,Fire Station Bicholim
2026-01-08T00:18:28.309Z,GA 07 G 5101-OLG(MS WATER TENDER),15.5001633,73.914055,0,STOP,At Fire Station Old Goa,Fire Station Old Goa
2026-01-08T00:18:28.309Z,GA 07 G 3101-BIC(MS WATER TENDER),15.5894183,73.9467766,2,STOP,At Fire Station Bicholim ,Fire Station Bicholim
2026-01-08T00:18:28.309Z,GA 07 G 1941-BIC(QUICK RESPONSE),15.589475,73.9467283,0,STOP,At Fire Station Bicholim ,Fire Station Bicholim
2026-01-08T00:18:28.309Z,GA 07 G 2319-VAS (EMERGENCY RESCUE TENDER),15.3892083,73.8478433,0,STOP,"155/C, near railway bridge, airport road, Alto-dabolim, Dabolim, Goa (SW)",Fire Station Vasco
2026-01-08T00:18:28.309Z,GA 07 G 3737-VAP(WATER TENDER),15.54645,74.0423016,0,STOP,"SH 1, Honda VP, Goa (SW)",Fire Station Valpoi
2026-01-08T00:18:28.309Z,GA 07 G 2318-PND(EMERGENCY RESCUE TENDER),15.402655,74.0030033,0,STOP,At Fire Station Ponda ,Fire Station Ponda
2026-01-08T00:18:28.309Z,GA 07 G 2004-PND(QUICK RESPONSE),15.4141016,73.9073083,0,INACTIVE,"Guru Hotel, Old Ferry Road, Agaçaim, Goa (SE)",Fire Station Ponda
2026-01-08T00:18:28.309Z,GA 07 G 9101-PND(WATER TENDER),15.4022033,74.0029466,0,STOP,At Fire Station Ponda ,Fire Station Ponda
2026-01-08T00:18:28.309Z,GA 07 G 9797-PND(WATER BOUSER),15.4027433,74.0028966,0,IDLE,At Fire Station Ponda ,Fire Station Ponda
2026-01-08T00:18:28.309Z,GA 07 G 6363-CAN(WATER TENDER),15.0236383,74.0440666,0,STOP,"Canacona, The Lalitrajbaga ,Canacona, Canacona, Goa (NE)",Fire Station Canacona
2026-01-08T00:18:28.309Z,GA 07 G 1567-CAN(QUICK RESPONSE FT),15.0163433,74.0396166,39,INACTIVE,"Canacona, The Lalitrajbaga ,Canacona, Canacona, Goa (SW)",Fire Station Canacona
2026-01-08T00:18:28.309Z,GA 07 G 1569-VRN(QUICK RESPONSE),15.3696816,73.9356849,0,STOP,At Fire Station Verna,Fire Station Verna
2026-01-08T00:18:28.309Z,GA 07 G 9909-VRN(ADVANCE MULTI-PURPOSE),15.36962,73.9357333,0,STOP,At Fire Station Verna,Fire Station Verna
2026-01-08T00:18:28.309Z,GA 07 G 1942-VAP(QUICK RESPONSE),15.531045,74.1388183,0,STOP,At Fire Station Valpoi ,Fire Station Valpoi
2026-01-08T00:18:28.309Z,GA 07 G 2003-CUR(QUICK RESPONSE),15.2603983,74.1037433,0,STOP,At Fire Station Curchorem,Fire Station Curchorem
2026-01-08T00:18:28.309Z,GA 07 G 7447-CUR(EMERGENCY RESCUE),15.2604233,74.10376,0,STOP,At Fire Station Curchorem,Fire Station Curchorem
2026-01-08T00:18:28.309Z,GA 07 G 7557-CUR(WATER TENDER),15.260345,74.1037183,0,STOP,At Fire Station Curchorem,Fire Station Curchorem
2026-01-08T00:18:28.309Z,GA 07 G 7667-CUR(WATER BOUSER),15.26034,74.1038333,0,STOP,At Fire Station Curchorem,Fire Station Curchorem
2026-01-08T00:18:28.309Z,GA 07 G 4989-KUN(WATER TENDER),15.4630383,73.972665,0,STOP,At Fire Station Kundaim,Fire Station Kundaim
2026-01-08T00:18:28.309Z,GA 07 G 2242-PIL(WATER TENDER),15.53297,73.7940744,0,STOP,At Fire Station Pilerne,Fire Station Pilerne
2026-01-08T00:18:28.309Z,GA 07 G 0681-MAP(QUICK RESPONSE),15.589765,73.808805,0,STOP,At Fire Station Mapusa,Fire Station Mapusa
2026-01-08T00:18:28.309Z,GA 07 G 0307-PER(QUICK RESPONSE),15.7164939,73.7974239,0,INACTIVE,At Fire Station Pernem,Fire Station Pernem
2026-01-08T00:18:28.309Z,GA 07 G 2101-PER(MS WATER TENDER),15.7164339,73.7974506,0,STOP,At Fire Station Pernem,Fire Station Pernem
2026-01-08T00:18:28.309Z,GA 07 G 4600-PER(MINI RESCUE TENDER),15.7165006,73.7975322,0,STOP,At Fire Station Pernem,Fire Station Pernem
2026-01-08T00:18:28.309Z,GA 07 G 7272-PNJ(WATER TENDER),15.4871567,73.8173333,0,STOP,"Caculo Mall, 16 Shanta, St Inez Rd, Caculo Enclave, Santa Inez, Panaji, Goa (NW)",Fire Station Panaji
2026-01-08T00:18:28.309Z,GA07G2384- Cuncolim,15.1862711,74.0209944,0,STOP,At Fire Station Cuncolim,Fire Station Cuncolim
2026-01-08T00:18:28.309Z,GA07G2507 - Mid Size (Water Tender),15.71641,73.79755,0,STOP,At Fire Station Pernem,Fire Station Pernem
2026-01-08T00:18:28.309Z,GA07G2505 - Mid Size (Water Tender),15.5309333,74.1386233,0,STOP,At Fire Station Valpoi ,Fire Station Valpoi
2026-01-08T00:18:28.309Z,GA07G2504 - Mid Size (Water Tender),15.5893133,73.9465083,0,STOP,At Fire Station Bicholim ,Fire Station Bicholim
2026-01-08T00:18:28.309Z,GA07G2503-Mid Size (Water Tender),15.58997,73.80865,0,STOP,At Fire Station Mapusa,Fire Station Mapusa
2026-01-08T00:18:28.309Z,GA07G2502 - Mid Size (Water Tender),15.58982,73.8087483,0,STOP,At Fire Station Mapusa,Fire Force Headquarters
2026-01-08T00:19:25.596Z,GA 07 G 0680-PIL(QUICK RESPONSE VEHICLE),15.532865,73.7939283,0,STOP,At Fire Station Pilerne,Fire Station Pilerne
2026-01-08T00:19:25.596Z,GA07G2506 - Mid Size (Water Tender),15.500418,73.914055,0,STOP,At Fire Station Old Goa,Fire Station Old Goa
2026-01-08T00:19:25.596Z,GA 07 G 5115-POR(MINI WATER TENDER),15.523018,73.829498,0,STOP,At Porvorim Fire Station,Fire Station Porvorim
2026-01-08T00:19:25.596Z,GA 07 G 0350-MRG(WATER TENDER),15.269435,73.97068,0,STOP,At Fire Station Margoa,Fire Station Margao
2026-01-08T00:19:25.596Z,GA 07 G 2900-MAP(MINI RESCUE TENDER),15.59015,73.808701,0,STOP,At Fire Station Mapusa,Fire Station Mapusa
2026-01-08T00:19:25.596Z,GA 07 G 7600-FFHQ(WATER BOUSER),15.487355,73.817284,0,STOP,"Caculo Mall, 16 Shanta, St Inez Rd, Caculo Enclave, Santa Inez, Panaji, Goa (NW)",Fire Force Headquarters
2026-01-08T00:19:25.596Z,GA 07 G 2002-FFHQ(TURN TABLE LADDER),15.487413,73.8172,0,STOP,"Caculo Mall, 16 Shanta, St Inez Rd, Caculo Enclave, Santa Inez, Panaji, Goa (NW)",Fire Force Headquarters
2026-01-08T00:19:25.596Z,GA 07 G 7101-FFHQ(WATER TENDER),15.486933,73.817017,0,STOP,"Caculo Mall, 16 Shanta, St Inez Rd, Caculo Enclave, Santa Inez, Panaji, Goa (NW)",Fire Force Headquarters
2026-01-08T00:19:25.596Z,GA 07 G 7677-FFHQ(EMERGENCY RESCUE),15.487005,73.817436,0,STOP,"Caculo Mall, 16 Shanta, St Inez Rd, Caculo Enclave, Santa Inez, Panaji, Goa (NW)",Fire Force Headquarters
2026-01-08T00:19:25.596Z,GA 07 G 1121-PNJ(EMERGENCY RESCUE),15.487197,73.817276,0,STOP,"Caculo Mall, 16 Shanta, St Inez Rd, Caculo Enclave, Santa Inez, Panaji, Goa (NW)",Fire Station Panaji
2026-01-08T00:19:25.596Z,GA 07 G 1571-FFHQ(QUICK RESPONSE),15.486595,73.817528,0,STOP,"Caculo Mall, 16 Shanta, St Inez Rd, Caculo Enclave, Santa Inez, Panaji, Goa (SW)",Fire Force Headquarters
2026-01-08T00:19:25.596Z,GA 07 G 8101-MAP(WATER TENDER),15.589967,73.808762,0,STOP,At Fire Station Mapusa,Fire Station Mapusa
2026-01-08T00:19:25.596Z,GA 07 G 2317-MRG(EMERGENCY RESCUE TENDER),15.2693683,73.9699866,0,STOP,At Fire Station Margoa,Fire Station Margao
2026-01-08T00:19:25.596Z,GA 07 G 1570-VAS(QUICK RESPONSE FIRE TENDER),15.4054016,73.8930833,0,STOP,"Mendies, National Highway 366, Goa (NE)",Fire Station Vasco
2026-01-08T00:19:25.596Z,GA 07 G 4101-VAS(MS WATER TENDER),15.3888216,73.8512533,0,INACTIVE,At Fire Station Vasco,Fire Station Vasco
2026-01-08T00:19:25.596Z,GA 07 G 0819-VAS(WATER/FOAM TENDER),15.3888067,73.8512617,0,IDLE,At Fire Station Vasco,Fire Station Vasco
2026-01-08T00:19:25.596Z,GA 07 G 7100-MRG(WATER BOUSER),15.2694416,73.9701166,0,STOP,At Fire Station Margoa,Fire Station Margao
2026-01-08T00:19:25.596Z,GA 07 G 1568-MRG(QUICK RESPONSE ),15.26936,73.9704583,0,STOP,At Fire Station Margoa,Fire Station Margao
2026-01-08T00:19:25.596Z,GA 07 G 6101-MRG(WATER TENDER),15.2694199,73.969955,0,STOP,At Fire Station Margoa,Fire Station Margao
2026-01-08T00:19:25.596Z,GA 07 G 1001-MRG(AERIAL LADDER PLATFORM),15.269385,73.97019,0,STOP,At Fire Station Margoa,Fire Station Margao
2026-01-08T00:19:25.596Z,GA 07 G 0820-BIC(WATER TEDNER),15.40271,74.0028017,0,STOP,At Fire Station Ponda ,Fire Station Bicholim
2026-01-08T00:19:25.596Z,GA 07 G 5101-OLG(MS WATER TENDER),15.5001633,73.914055,0,STOP,At Fire Station Old Goa,Fire Station Old Goa
2026-01-08T00:19:25.596Z,GA 07 G 3101-BIC(MS WATER TENDER),15.5894183,73.9467766,2,STOP,At Fire Station Bicholim ,Fire Station Bicholim
2026-01-08T00:19:25.596Z,GA 07 G 1941-BIC(QUICK RESPONSE),15.589475,73.9467283,0,STOP,At Fire Station Bicholim ,Fire Station Bicholim
2026-01-08T00:19:25.596Z,GA 07 G 2319-VAS (EMERGENCY RESCUE TENDER),15.3892083,73.8478433,0,STOP,"155/C, near railway bridge, airport road, Alto-dabolim, Dabolim, Goa (SW)",Fire Station Vasco
2026-01-08T00:19:25.596Z,GA 07 G 3737-VAP(WATER TENDER),15.54645,74.0423016,0,STOP,"SH 1, Honda VP, Goa (SW)",Fire Station Valpoi
2026-01-08T00:19:25.596Z,GA 07 G 2318-PND(EMERGENCY RESCUE TENDER),15.402655,74.0030033,0,STOP,At Fire Station Ponda ,Fire Station Ponda
2026-01-08T00:19:25.596Z,GA 07 G 2004-PND(QUICK RESPONSE),15.4141016,73.9073083,0,INACTIVE,"Guru Hotel, Old Ferry Road, Agaçaim, Goa (SE)",Fire Station Ponda
2026-01-08T00:19:25.596Z,GA 07 G 9101-PND(WATER TENDER),15.4022033,74.0029466,0,STOP,At Fire Station Ponda ,Fire Station Ponda
2026-01-08T00:19:25.596Z,GA 07 G 9797-PND(WATER BOUSER),15.4027433,74.0028966,0,IDLE,At Fire Station Ponda ,Fire Station Ponda
2026-01-08T00:19:25.596Z,GA 07 G 6363-CAN(WATER TENDER),15.0236383,74.0440666,0,STOP,"Canacona, The Lalitrajbaga ,Canacona, Canacona, Goa (NE)",Fire Station Canacona
2026-01-08T00:19:25.596Z,GA 07 G 1567-CAN(QUICK RESPONSE FT),15.0163433,74.0396166,39,INACTIVE,"Canacona, The Lalitrajbaga ,Canacona, Canacona, Goa (SW)",Fire Station Canacona
2026-01-08T00:19:25.596Z,GA 07 G 1569-VRN(QUICK RESPONSE),15.3696816,73.9356849,0,STOP,At Fire Station Verna,Fire Station Verna
2026-01-08T00:19:25.596Z,GA 07 G 9909-VRN(ADVANCE MULTI-PURPOSE),15.36962,73.9357333,0,STOP,At Fire Station Verna,Fire Station Verna
2026-01-08T00:19:25.596Z,GA 07 G 1942-VAP(QUICK RESPONSE),15.531045,74.1388183,0,STOP,At Fire Station Valpoi ,Fire Station Valpoi
2026-01-08T00:19:25.596Z,GA 07 G 2003-CUR(QUICK RESPONSE),15.2603983,74.1037433,0,STOP,At Fire Station Curchorem,Fire Station Curchorem
2026-01-08T00:19:25.596Z,GA 07 G 7447-CUR(EMERGENCY RESCUE),15.2604233,74.10376,0,STOP,At Fire Station Curchorem,Fire Station Curchorem
2026-01-08T00:19:25.596Z,GA 07 G 7557-CUR(WATER TENDER),15.260345,74.1037183,0,STOP,At Fire Station Curchorem,Fire Station Curchorem
2026-01-08T00:19:25.596Z,GA 07 G 7667-CUR(WATER BOUSER),15.26034,74.1038333,0,STOP,At Fire Station Curchorem,Fire Station Curchorem
2026-01-08T00:19:25.596Z,GA 07 G 4989-KUN(WATER TENDER),15.4631883,73.9726567,2,STOP,At Fire Station Kundaim,Fire Station Kundaim
2026-01-08T00:19:25.596Z,GA 07 G 2242-PIL(WATER TENDER),15.53297,73.7940744,0,STOP,At Fire Station Pilerne,Fire Station Pilerne
2026-01-08T00:19:25.596Z,GA 07 G 0681-MAP(QUICK RESPONSE),15.589765,73.808805,0,STOP,At Fire Station Mapusa,Fire Station Mapusa
2026-01-08T00:19:25.596Z,GA 07 G 0307-PER(QUICK RESPONSE),15.7164939,73.7974239,0,INACTIVE,At Fire Station Pernem,Fire Station Pernem
2026-01-08T00:19:25.596Z,GA 07 G 2101-PER(MS WATER TENDER),15.7164339,73.7974506,0,STOP,At Fire Station Pernem,Fire Station Pernem
2026-01-08T00:19:25.596Z,GA 07 G 4600-PER(MINI RESCUE TENDER),15.7165006,73.7975322,0,STOP,At Fire Station Pernem,Fire Station Pernem
2026-01-08T00:19:25.596Z,GA 07 G 7272-PNJ(WATER TENDER),15.4871567,73.8173333,0,STOP,"Caculo Mall, 16 Shanta, St Inez Rd, Caculo Enclave, Santa Inez, Panaji, Goa (NW)",Fire Station Panaji
2026-01-08T00:19:25.596Z,GA07G2384- Cuncolim,15.1862711,74.0209944,0,STOP,At Fire Station Cuncolim,Fire Station Cuncolim
2026-01-08T00:19:25.596Z,GA07G2507 - Mid Size (Water Tender),15.71641,73.79755,0,STOP,At Fire Station Pernem,Fire Station Pernem
2026-01-08T00:19:25.596Z,GA07G2505 - Mid Size (Water Tender),15.5309333,74.1386233,0,STOP,At Fire Station Valpoi ,Fire Station Valpoi
2026-01-08T00:19:25.596Z,GA07G2504 - Mid Size (Water Tender),15.5893133,73.9465083,0,STOP,At Fire Station Bicholim ,Fire Station Bicholim
2026-01-08T00:19:25.596Z,GA07G2503-Mid Size (Water Tender),15.58997,73.80865,0,STOP,At Fire Station Mapusa,Fire Station Mapusa
2026-01-08T00:19:25.596Z,GA07G2502 - Mid Size (Water Tender),15.58982,73.8087483,0,STOP,At Fire Station Mapusa,Fire Force Headquarters
2026-01-08T00:20:28.579Z,GA 07 G 0680-PIL(QUICK RESPONSE VEHICLE),15.532865,73.7939283,0,STOP,At Fire Station Pilerne,Fire Station Pilerne
2026-01-08T00:20:28.579Z,GA07G2506 - Mid Size (Water Tender),15.500418,73.914055,0,STOP,At Fire Station Old Goa,Fire Station Old Goa
2026-01-08T00:20:28.579Z,GA 07 G 5115-POR(MINI WATER TENDER),15.523018,73.829498,0,STOP,At Porvorim Fire Station,Fire Station Porvorim
2026-01-08T00:20:28.579Z,GA 07 G 0350-MRG(WATER TENDER),15.269435,73.97068,0,STOP,At Fire Station Margoa,Fire Station Margao
2026-01-08T00:20:28.579Z,GA 07 G 2900-MAP(MINI RESCUE TENDER),15.59015,73.808701,0,STOP,At Fire Station Mapusa,Fire Station Mapusa
2026-01-08T00:20:28.579Z,GA 07 G 7600-FFHQ(WATER BOUSER),15.487355,73.817284,0,STOP,"Caculo Mall, 16 Shanta, St Inez Rd, Caculo Enclave, Santa Inez, Panaji, Goa (NW)",Fire Force Headquarters
2026-01-08T00:20:28.579Z,GA 07 G 2002-FFHQ(TURN TABLE LADDER),15.487413,73.8172,0,STOP,"Caculo Mall, 16 Shanta, St Inez Rd, Caculo Enclave, Santa Inez, Panaji, Goa (NW)",Fire Force Headquarters
2026-01-08T00:20:28.579Z,GA 07 G 7101-FFHQ(WATER TENDER),15.486933,73.817017,0,STOP,"Caculo Mall, 16 Shanta, St Inez Rd, Caculo Enclave, Santa Inez, Panaji, Goa (NW)",Fire Force Headquarters
2026-01-08T00:20:28.579Z,GA 07 G 7677-FFHQ(EMERGENCY RESCUE),15.487005,73.817436,0,STOP,"Caculo Mall, 16 Shanta, St Inez Rd, Caculo Enclave, Santa Inez, Panaji, Goa (NW)",Fire Force Headquarters
2026-01-08T00:20:28.579Z,GA 07 G 1121-PNJ(EMERGENCY RESCUE),15.487197,73.817276,0,STOP,"Caculo Mall, 16 Shanta, St Inez Rd, Caculo Enclave, Santa Inez, Panaji, Goa (NW)",Fire Station Panaji
2026-01-08T00:20:28.579Z,GA 07 G 1571-FFHQ(QUICK RESPONSE),15.486595,73.817528,0,STOP,"Caculo Mall, 16 Shanta, St Inez Rd, Caculo Enclave, Santa Inez, Panaji, Goa (SW)",Fire Force Headquarters
2026-01-08T00:20:28.579Z,GA 07 G 8101-MAP(WATER TENDER),15.589967,73.808762,0,STOP,At Fire Station Mapusa,Fire Station Mapusa
2026-01-08T00:20:28.579Z,GA 07 G 2317-MRG(EMERGENCY RESCUE TENDER),15.2693733,73.9699866,0,STOP,At Fire Station Margoa,Fire Station Margao
2026-01-08T00:20:28.579Z,GA 07 G 1570-VAS(QUICK RESPONSE FIRE TENDER),15.4054016,73.8930833,0,STOP,"Mendies, National Highway 366, Goa (NE)",Fire Station Vasco
2026-01-08T00:20:28.579Z,GA 07 G 4101-VAS(MS WATER TENDER),15.3888216,73.8512533,0,INACTIVE,At Fire Station Vasco,Fire Station Vasco
2026-01-08T00:20:28.579Z,GA 07 G 0819-VAS(WATER/FOAM TENDER),15.3888067,73.8512617,0,IDLE,At Fire Station Vasco,Fire Station Vasco
2026-01-08T00:20:28.579Z,GA 07 G 7100-MRG(WATER BOUSER),15.2694416,73.9701166,0,STOP,At Fire Station Margoa,Fire Station Margao
2026-01-08T00:20:28.579Z,GA 07 G 1568-MRG(QUICK RESPONSE ),15.26936,73.9704583,0,STOP,At Fire Station Margoa,Fire Station Margao
2026-01-08T00:20:28.579Z,GA 07 G 6101-MRG(WATER TENDER),15.2694199,73.969955,0,STOP,At Fire Station Margoa,Fire Station Margao
2026-01-08T00:20:28.579Z,GA 07 G 1001-MRG(AERIAL LADDER PLATFORM),15.269385,73.97019,0,STOP,At Fire Station Margoa,Fire Station Margao
2026-01-08T00:20:28.579Z,GA 07 G 0820-BIC(WATER TEDNER),15.40271,74.0028017,0,STOP,At Fire Station Ponda ,Fire Station Bicholim
2026-01-08T00:20:28.579Z,GA 07 G 5101-OLG(MS WATER TENDER),15.5001633,73.914055,0,STOP,At Fire Station Old Goa,Fire Station Old Goa
2026-01-08T00:20:28.579Z,GA 07 G 3101-BIC(MS WATER TENDER),15.5894183,73.9467766,0,STOP,At Fire Station Bicholim ,Fire Station Bicholim
2026-01-08T00:20:28.579Z,GA 07 G 1941-BIC(QUICK RESPONSE),15.589475,73.9467283,0,STOP,At Fire Station Bicholim ,Fire Station Bicholim
2026-01-08T00:20:28.579Z,GA 07 G 2319-VAS (EMERGENCY RESCUE TENDER),15.3892083,73.8478433,0,STOP,"155/C, near railway bridge, airport road, Alto-dabolim, Dabolim, Goa (SW)",Fire Station Vasco
2026-01-08T00:20:28.579Z,GA 07 G 3737-VAP(WATER TENDER),15.54645,74.0423016,0,STOP,"SH 1, Honda VP, Goa (SW)",Fire Station Valpoi
2026-01-08T00:20:28.579Z,GA 07 G 2318-PND(EMERGENCY RESCUE TENDER),15.402655,74.0030033,0,STOP,At Fire Station Ponda ,Fire Station Ponda
2026-01-08T00:20:28.579Z,GA 07 G 2004-PND(QUICK RESPONSE),15.4141016,73.9073083,0,INACTIVE,"Guru Hotel, Old Ferry Road, Agaçaim, Goa (SE)",Fire Station Ponda
2026-01-08T00:20:28.579Z,GA 07 G 9101-PND(WATER TENDER),15.4022033,74.0029466,0,STOP,At Fire Station Ponda ,Fire Station Ponda
2026-01-08T00:20:28.579Z,GA 07 G 9797-PND(WATER BOUSER),15.4027433,74.0028966,0,IDLE,At Fire Station Ponda ,Fire Station Ponda
2026-01-08T00:20:28.579Z,GA 07 G 6363-CAN(WATER TENDER),15.0236383,74.0440666,0,STOP,"Canacona, The Lalitrajbaga ,Canacona, Canacona, Goa (NE)",Fire Station Canacona
2026-01-08T00:20:28.579Z,GA 07 G 1567-CAN(QUICK RESPONSE FT),15.0163433,74.0396166,39,INACTIVE,"Canacona, The Lalitrajbaga ,Canacona, Canacona, Goa (SW)",Fire Station Canacona
2026-01-08T00:20:28.579Z,GA 07 G 1569-VRN(QUICK RESPONSE),15.3696816,73.9356849,0,STOP,At Fire Station Verna,Fire Station Verna
2026-01-08T00:20:28.579Z,GA 07 G 9909-VRN(ADVANCE MULTI-PURPOSE),15.36962,73.9357333,0,STOP,At Fire Station Verna,Fire Station Verna
2026-01-08T00:20:28.579Z,GA 07 G 1942-VAP(QUICK RESPONSE),15.531045,74.1388183,0,STOP,At Fire Station Valpoi ,Fire Station Valpoi
2026-01-08T00:20:28.579Z,GA 07 G 2003-CUR(QUICK RESPONSE),15.2603983,74.1037433,0,STOP,At Fire Station Curchorem,Fire Station Curchorem
2026-01-08T00:20:28.579Z,GA 07 G 7447-CUR(EMERGENCY RESCUE),15.2604233,74.10376,0,STOP,At Fire Station Curchorem,Fire Station Curchorem
2026-01-08T00:20:28.579Z,GA 07 G 7557-CUR(WATER TENDER),15.260345,74.1037183,0,STOP,At Fire Station Curchorem,Fire Station Curchorem
2026-01-08T00:20:28.579Z,GA 07 G 7667-CUR(WATER BOUSER),15.26034,74.1038333,0,STOP,At Fire Station Curchorem,Fire Station Curchorem
2026-01-08T00:20:28.579Z,GA 07 G 4989-KUN(WATER TENDER),15.4631883,73.9726567,0,STOP,At Fire Station Kundaim,Fire Station Kundaim
2026-01-08T00:20:28.579Z,GA 07 G 2242-PIL(WATER TENDER),15.53297,73.7940744,0,STOP,At Fire Station Pilerne,Fire Station Pilerne
2026-01-08T00:20:28.579Z,GA 07 G 0681-MAP(QUICK RESPONSE),15.589765,73.808805,0,STOP,At Fire Station Mapusa,Fire Station Mapusa
2026-01-08T00:20:28.579Z,GA 07 G 0307-PER(QUICK RESPONSE),15.7164939,73.7974239,0,INACTIVE,At Fire Station Pernem,Fire Station Pernem
2026-01-08T00:20:28.579Z,GA 07 G 2101-PER(MS WATER TENDER),15.7164339,73.7974506,0,STOP,At Fire Station Pernem,Fire Station Pernem
2026-01-08T00:20:28.579Z,GA 07 G 4600-PER(MINI RESCUE TENDER),15.7165006,73.7975322,0,STOP,At Fire Station Pernem,Fire Station Pernem
2026-01-08T00:20:28.579Z,GA 07 G 7272-PNJ(WATER TENDER),15.4871567,73.8173333,0,STOP,"Caculo Mall, 16 Shanta, St Inez Rd, Caculo Enclave, Santa Inez, Panaji, Goa (NW)",Fire Station Panaji
2026-01-08T00:20:28.579Z,GA07G2384- Cuncolim,15.1862711,74.0209944,0,STOP,At Fire Station Cuncolim,Fire Station Cuncolim
2026-01-08T00:20:28.579Z,GA07G2507 - Mid Size (Water Tender),15.71641,73.79755,0,STOP,At Fire Station Pernem,Fire Station Pernem
2026-01-08T00:20:28.579Z,GA07G2505 - Mid Size (Water Tender),15.5309333,74.1386233,0,STOP,At Fire Station Valpoi ,Fire Station Valpoi
2026-01-08T00:20:28.579Z,GA07G2504 - Mid Size (Water Tender),15.5893133,73.9465083,0,STOP,At Fire Station Bicholim ,Fire Station Bicholim
2026-01-08T00:20:28.579Z,GA07G2503-Mid Size (Water Tender),15.58997,73.80865,0,STOP,At Fire Station Mapusa,Fire Station Mapusa
2026-01-08T00:20:28.579Z,GA07G2502 - Mid Size (Water Tender),15.58982,73.8087483,0,STOP,At Fire Station Mapusa,Fire Force Headquarters
2026-01-08T00:21:29.787Z,GA 07 G 0680-PIL(QUICK RESPONSE VEHICLE),15.532865,73.7939283,0,STOP,At Fire Station Pilerne,Fire Station Pilerne
2026-01-08T00:21:29.787Z,GA07G2506 - Mid Size (Water Tender),15.500418,73.914055,0,STOP,At Fire Station Old Goa,Fire Station Old Goa
2026-01-08T00:21:29.787Z,GA 07 G 5115-POR(MINI WATER TENDER),15.523018,73.829498,0,STOP,At Porvorim Fire Station,Fire Station Porvorim
2026-01-08T00:21:29.787Z,GA 07 G 0350-MRG(WATER TENDER),15.269435,73.97068,0,STOP,At Fire Station Margoa,Fire Station Margao
2026-01-08T00:21:29.787Z,GA 07 G 2900-MAP(MINI RESCUE TENDER),15.59015,73.808701,0,STOP,At Fire Station Mapusa,Fire Station Mapusa
2026-01-08T00:21:29.787Z,GA 07 G 7600-FFHQ(WATER BOUSER),15.487355,73.817284,0,STOP,"Caculo Mall, 16 Shanta, St Inez Rd, Caculo Enclave, Santa Inez, Panaji, Goa (NW)",Fire Force Headquarters
2026-01-08T00:21:29.787Z,GA 07 G 2002-FFHQ(TURN TABLE LADDER),15.487413,73.8172,0,STOP,"Caculo Mall, 16 Shanta, St Inez Rd, Caculo Enclave, Santa Inez, Panaji, Goa (NW)",Fire Force Headquarters
2026-01-08T00:21:29.787Z,GA 07 G 7101-FFHQ(WATER TENDER),15.486933,73.817017,0,STOP,"Caculo Mall, 16 Shanta, St Inez Rd, Caculo Enclave, Santa Inez, Panaji, Goa (NW)",Fire Force Headquarters
2026-01-08T00:21:29.787Z,GA 07 G 7677-FFHQ(EMERGENCY RESCUE),15.487005,73.817436,0,STOP,"Caculo Mall, 16 Shanta, St Inez Rd, Caculo Enclave, Santa Inez, Panaji, Goa (NW)",Fire Force Headquarters
2026-01-08T00:21:29.787Z,GA 07 G 1121-PNJ(EMERGENCY RESCUE),15.487197,73.817276,0,STOP,"Caculo Mall, 16 Shanta, St Inez Rd, Caculo Enclave, Santa Inez, Panaji, Goa (NW)",Fire Station Panaji
2026-01-08T00:21:29.787Z,GA 07 G 1571-FFHQ(QUICK RESPONSE),15.486595,73.817528,0,STOP,"Caculo Mall, 16 Shanta, St Inez Rd, Caculo Enclave, Santa Inez, Panaji, Goa (SW)",Fire Force Headquarters
2026-01-08T00:21:29.787Z,GA 07 G 8101-MAP(WATER TENDER),15.589967,73.808762,0,STOP,At Fire Station Mapusa,Fire Station Mapusa
2026-01-08T00:21:29.787Z,GA 07 G 2317-MRG(EMERGENCY RESCUE TENDER),15.2695266,73.9699866,0,STOP,At Fire Station Margoa,Fire Station Margao
2026-01-08T00:21:29.787Z,GA 07 G 1570-VAS(QUICK RESPONSE FIRE TENDER),15.4054016,73.8930833,0,STOP,"Mendies, National Highway 366, Goa (NE)",Fire Station Vasco
2026-01-08T00:21:29.787Z,GA 07 G 4101-VAS(MS WATER TENDER),15.3888216,73.8512533,0,INACTIVE,At Fire Station Vasco,Fire Station Vasco
2026-01-08T00:21:29.787Z,GA 07 G 0819-VAS(WATER/FOAM TENDER),15.3888067,73.8512617,0,IDLE,At Fire Station Vasco,Fire Station Vasco
2026-01-08T00:21:29.787Z,GA 07 G 7100-MRG(WATER BOUSER),15.2694416,73.9701166,0,STOP,At Fire Station Margoa,Fire Station Margao
2026-01-08T00:21:29.787Z,GA 07 G 1568-MRG(QUICK RESPONSE ),15.26936,73.9704583,0,STOP,At Fire Station Margoa,Fire Station Margao
2026-01-08T00:21:29.787Z,GA 07 G 6101-MRG(WATER TENDER),15.2694199,73.969955,0,STOP,At Fire Station Margoa,Fire Station Margao
2026-01-08T00:21:29.787Z,GA 07 G 1001-MRG(AERIAL LADDER PLATFORM),15.269385,73.97019,0,STOP,At Fire Station Margoa,Fire Station Margao
2026-01-08T00:21:29.787Z,GA 07 G 0820-BIC(WATER TEDNER),15.40271,74.0028017,0,STOP,At Fire Station Ponda ,Fire Station Bicholim
2026-01-08T00:21:29.787Z,GA 07 G 5101-OLG(MS WATER TENDER),15.5001633,73.914055,0,STOP,At Fire Station Old Goa,Fire Station Old Goa
2026-01-08T00:21:29.787Z,GA 07 G 3101-BIC(MS WATER TENDER),15.5894183,73.9467766,0,STOP,At Fire Station Bicholim ,Fire Station Bicholim
2026-01-08T00:21:29.787Z,GA 07 G 1941-BIC(QUICK RESPONSE),15.589475,73.9467283,0,STOP,At Fire Station Bicholim ,Fire Station Bicholim
2026-01-08T00:21:29.787Z,GA 07 G 2319-VAS (EMERGENCY RESCUE TENDER),15.3892083,73.8478433,0,STOP,"155/C, near railway bridge, airport road, Alto-dabolim, Dabolim, Goa (SW)",Fire Station Vasco
2026-01-08T00:21:29.787Z,GA 07 G 3737-VAP(WATER TENDER),15.54645,74.0423016,0,STOP,"SH 1, Honda VP, Goa (SW)",Fire Station Valpoi
2026-01-08T00:21:29.787Z,GA 07 G 2318-PND(EMERGENCY RESCUE TENDER),15.402655,74.0030033,0,STOP,At Fire Station Ponda ,Fire Station Ponda
2026-01-08T00:21:29.787Z,GA 07 G 2004-PND(QUICK RESPONSE),15.4141016,73.9073083,0,INACTIVE,"Guru Hotel, Old Ferry Road, Agaçaim, Goa (SE)",Fire Station Ponda
2026-01-08T00:21:29.787Z,GA 07 G 9101-PND(WATER TENDER),15.4022033,74.0029466,0,STOP,At Fire Station Ponda ,Fire Station Ponda
2026-01-08T00:21:29.787Z,GA 07 G 9797-PND(WATER BOUSER),15.4027433,74.0028966,0,IDLE,At Fire Station Ponda ,Fire Station Ponda
2026-01-08T00:21:29.787Z,GA 07 G 6363-CAN(WATER TENDER),15.0236383,74.0440666,0,STOP,"Canacona, The Lalitrajbaga ,Canacona, Canacona, Goa (NE)",Fire Station Canacona
2026-01-08T00:21:29.787Z,GA 07 G 1567-CAN(QUICK RESPONSE FT),15.0163433,74.0396166,39,INACTIVE,"Canacona, The Lalitrajbaga ,Canacona, Canacona, Goa (SW)",Fire Station Canacona
2026-01-08T00:21:29.787Z,GA 07 G 1569-VRN(QUICK RESPONSE),15.3696816,73.9356849,0,STOP,At Fire Station Verna,Fire Station Verna
2026-01-08T00:21:29.787Z,GA 07 G 9909-VRN(ADVANCE MULTI-PURPOSE),15.36962,73.9357333,0,STOP,At Fire Station Verna,Fire Station Verna
2026-01-08T00:21:29.787Z,GA 07 G 1942-VAP(QUICK RESPONSE),15.531045,74.1388183,0,STOP,At Fire Station Valpoi ,Fire Station Valpoi
2026-01-08T00:21:29.787Z,GA 07 G 2003-CUR(QUICK RESPONSE),15.2603983,74.1037433,0,STOP,At Fire Station Curchorem,Fire Station Curchorem
2026-01-08T00:21:29.787Z,GA 07 G 7447-CUR(EMERGENCY RESCUE),15.2604233,74.10376,0,STOP,At Fire Station Curchorem,Fire Station Curchorem
2026-01-08T00:21:29.787Z,GA 07 G 7557-CUR(WATER TENDER),15.260345,74.1037183,0,STOP,At Fire Station Curchorem,Fire Station Curchorem
2026-01-08T00:21:29.787Z,GA 07 G 7667-CUR(WATER BOUSER),15.26034,74.1038333,0,STOP,At Fire Station Curchorem,Fire Station Curchorem
2026-01-08T00:21:29.787Z,GA 07 G 4989-KUN(WATER TENDER),15.4631883,73.9726567,0,STOP,At Fire Station Kundaim,Fire Station Kundaim
2026-01-08T00:21:29.787Z,GA 07 G 2242-PIL(WATER TENDER),15.53297,73.7940744,0,STOP,At Fire Station Pilerne,Fire Station Pilerne
2026-01-08T00:21:29.787Z,GA 07 G 0681-MAP(QUICK RESPONSE),15.589765,73.808805,0,STOP,At Fire Station Mapusa,Fire Station Mapusa
2026-01-08T00:21:29.787Z,GA 07 G 0307-PER(QUICK RESPONSE),15.7164939,73.7974239,0,INACTIVE,At Fire Station Pernem,Fire Station Pernem
2026-01-08T00:21:29.787Z,GA 07 G 2101-PER(MS WATER TENDER),15.7164339,73.7974506,0,STOP,At Fire Station Pernem,Fire Station Pernem
2026-01-08T00:21:29.787Z,GA 07 G 4600-PER(MINI RESCUE TENDER),15.7165006,73.7975322,0,STOP,At Fire Station Pernem,Fire Station Pernem
2026-01-08T00:21:29.787Z,GA 07 G 7272-PNJ(WATER TENDER),15.4871567,73.8173333,0,STOP,"Caculo Mall, 16 Shanta, St Inez Rd, Caculo Enclave, Santa Inez, Panaji, Goa (NW)",Fire Station Panaji
2026-01-08T00:21:29.787Z,GA07G2384- Cuncolim,15.1862711,74.0209944,0,STOP,At Fire Station Cuncolim,Fire Station Cuncolim
2026-01-08T00:21:29.787Z,GA07G2507 - Mid Size (Water Tender),15.71641,73.79755,0,STOP,At Fire Station Pernem,Fire Station Pernem
2026-01-08T00:21:29.787Z,GA07G2505 - Mid Size (Water Tender),15.5309333,74.1386233,0,STOP,At Fire Station Valpoi ,Fire Station Valpoi
2026-01-08T00:21:29.787Z,GA07G2504 - Mid Size (Water Tender),15.5893133,73.9465083,0,STOP,At Fire Station Bicholim ,Fire Station Bicholim
2026-01-08T00:21:29.787Z,GA07G2503-Mid Size (Water Tender),15.58997,73.80865,0,STOP,At Fire Station Mapusa,Fire Station Mapusa
2026-01-08T00:21:29.787Z,GA07G2502 - Mid Size (Water Tender),15.58982,73.8087483,0,STOP,At Fire Station Mapusa,Fire Force Headquarters
2026-01-08T00:22:28.419Z,GA 07 G 0680-PIL(QUICK RESPONSE VEHICLE),15.532865,73.7939283,0,STOP,At Fire Station Pilerne,Fire Station Pilerne
2026-01-08T00:22:28.419Z,GA07G2506 - Mid Size (Water Tender),15.500418,73.914055,0,STOP,At Fire Station Old Goa,Fire Station Old Goa
2026-01-08T00:22:28.419Z,GA 07 G 5115-POR(MINI WATER TENDER),15.523018,73.829498,0,STOP,At Porvorim Fire Station,Fire Station Porvorim
2026-01-08T00:22:28.419Z,GA 07 G 0350-MRG(WATER TENDER),15.269435,73.97068,0,STOP,At Fire Station Margoa,Fire Station Margao
2026-01-08T00:22:28.419Z,GA 07 G 2900-MAP(MINI RESCUE TENDER),15.59015,73.808701,0,STOP,At Fire Station Mapusa,Fire Station Mapusa
2026-01-08T00:22:28.419Z,GA 07 G 7600-FFHQ(WATER BOUSER),15.487355,73.817284,0,STOP,"Caculo Mall, 16 Shanta, St Inez Rd, Caculo Enclave, Santa Inez, Panaji, Goa (NW)",Fire Force Headquarters
2026-01-08T00:22:28.419Z,GA 07 G 2002-FFHQ(TURN TABLE LADDER),15.487413,73.8172,0,STOP,"Caculo Mall, 16 Shanta, St Inez Rd, Caculo Enclave, Santa Inez, Panaji, Goa (NW)",Fire Force Headquarters
2026-01-08T00:22:28.419Z,GA 07 G 7101-FFHQ(WATER TENDER),15.486933,73.817017,0,STOP,"Caculo Mall, 16 Shanta, St Inez Rd, Caculo Enclave, Santa Inez, Panaji, Goa (NW)",Fire Force Headquarters
2026-01-08T00:22:28.419Z,GA 07 G 7677-FFHQ(EMERGENCY RESCUE),15.487005,73.817436,0,STOP,"Caculo Mall, 16 Shanta, St Inez Rd, Caculo Enclave, Santa Inez, Panaji, Goa (NW)",Fire Force Headquarters
2026-01-08T00:22:28.419Z,GA 07 G 1121-PNJ(EMERGENCY RESCUE),15.487197,73.817276,0,STOP,"Caculo Mall, 16 Shanta, St Inez Rd, Caculo Enclave, Santa Inez, Panaji, Goa (NW)",Fire Station Panaji
2026-01-08T00:22:28.419Z,GA 07 G 1571-FFHQ(QUICK RESPONSE),15.486595,73.817528,0,STOP,"Caculo Mall, 16 Shanta, St Inez Rd, Caculo Enclave, Santa Inez, Panaji, Goa (SW)",Fire Force Headquarters
2026-01-08T00:22:28.419Z,GA 07 G 8101-MAP(WATER TENDER),15.589967,73.808762,0,STOP,At Fire Station Mapusa,Fire Station Mapusa
2026-01-08T00:22:28.419Z,GA 07 G 2317-MRG(EMERGENCY RESCUE TENDER),15.2687283,73.97006,0,STOP,At Fire Station Margoa,Fire Station Margao
2026-01-08T00:22:28.419Z,GA 07 G 1570-VAS(QUICK RESPONSE FIRE TENDER),15.4054016,73.8930833,0,STOP,"Mendies, National Highway 366, Goa (NE)",Fire Station Vasco
2026-01-08T00:22:28.419Z,GA 07 G 4101-VAS(MS WATER TENDER),15.3888216,73.8512533,0,INACTIVE,At Fire Station Vasco,Fire Station Vasco
2026-01-08T00:22:28.419Z,GA 07 G 0819-VAS(WATER/FOAM TENDER),15.3888067,73.8512617,0,IDLE,At Fire Station Vasco,Fire Station Vasco
2026-01-08T00:22:28.419Z,GA 07 G 7100-MRG(WATER BOUSER),15.2694416,73.9701166,0,STOP,At Fire Station Margoa,Fire Station Margao
2026-01-08T00:22:28.419Z,GA 07 G 1568-MRG(QUICK RESPONSE ),15.26936,73.9704583,0,STOP,At Fire Station Margoa,Fire Station Margao
2026-01-08T00:22:28.419Z,GA 07 G 6101-MRG(WATER TENDER),15.2694199,73.969955,0,STOP,At Fire Station Margoa,Fire Station Margao
2026-01-08T00:22:28.419Z,GA 07 G 1001-MRG(AERIAL LADDER PLATFORM),15.269385,73.97019,0,STOP,At Fire Station Margoa,Fire Station Margao
2026-01-08T00:22:28.419Z,GA 07 G 0820-BIC(WATER TEDNER),15.40271,74.0028017,0,STOP,At Fire Station Ponda ,Fire Station Bicholim
2026-01-08T00:22:28.419Z,GA 07 G 5101-OLG(MS WATER TENDER),15.5001633,73.914055,0,STOP,At Fire Station Old Goa,Fire Station Old Goa
2026-01-08T00:22:28.419Z,GA 07 G 3101-BIC(MS WATER TENDER),15.5894183,73.9467766,0,STOP,At Fire Station Bicholim ,Fire Station Bicholim
2026-01-08T00:22:28.419Z,GA 07 G 1941-BIC(QUICK RESPONSE),15.589475,73.9467283,0,STOP,At Fire Station Bicholim ,Fire Station Bicholim
2026-01-08T00:22:28.419Z,GA 07 G 2319-VAS (EMERGENCY RESCUE TENDER),15.3892083,73.8478433,0,STOP,"155/C, near railway bridge, airport road, Alto-dabolim, Dabolim, Goa (SW)",Fire Station Vasco
2026-01-08T00:22:28.419Z,GA 07 G 3737-VAP(WATER TENDER),15.54645,74.0423016,0,STOP,"SH 1, Honda VP, Goa (SW)",Fire Station Valpoi
2026-01-08T00:22:28.419Z,GA 07 G 2318-PND(EMERGENCY RESCUE TENDER),15.402655,74.0030033,0,STOP,At Fire Station Ponda ,Fire Station Ponda
2026-01-08T00:22:28.419Z,GA 07 G 2004-PND(QUICK RESPONSE),15.4141016,73.9073083,0,INACTIVE,"Guru Hotel, Old Ferry Road, Agaçaim, Goa (SE)",Fire Station Ponda
2026-01-08T00:22:28.419Z,GA 07 G 9101-PND(WATER TENDER),15.4022033,74.0029466,0,STOP,At Fire Station Ponda ,Fire Station Ponda
2026-01-08T00:22:28.419Z,GA 07 G 9797-PND(WATER BOUSER),15.4027433,74.0028966,0,IDLE,At Fire Station Ponda ,Fire Station Ponda
2026-01-08T00:22:28.419Z,GA 07 G 6363-CAN(WATER TENDER),15.0236383,74.0440666,0,STOP,"Canacona, The Lalitrajbaga ,Canacona, Canacona, Goa (NE)",Fire Station Canacona
2026-01-08T00:22:28.419Z,GA 07 G 1567-CAN(QUICK RESPONSE FT),15.0163433,74.0396166,39,INACTIVE,"Canacona, The Lalitrajbaga ,Canacona, Canacona, Goa (SW)",Fire Station Canacona
2026-01-08T00:22:28.419Z,GA 07 G 1569-VRN(QUICK RESPONSE),15.3696816,73.9356849,0,STOP,At Fire Station Verna,Fire Station Verna
2026-01-08T00:22:28.419Z,GA 07 G 9909-VRN(ADVANCE MULTI-PURPOSE),15.36962,73.9357333,0,STOP,At Fire Station Verna,Fire Station Verna
2026-01-08T00:22:28.419Z,GA 07 G 1942-VAP(QUICK RESPONSE),15.531045,74.1388183,0,STOP,At Fire Station Valpoi ,Fire Station Valpoi
2026-01-08T00:22:28.419Z,GA 07 G 2003-CUR(QUICK RESPONSE),15.2603983,74.1037433,0,STOP,At Fire Station Curchorem,Fire Station Curchorem
2026-01-08T00:22:28.419Z,GA 07 G 7447-CUR(EMERGENCY RESCUE),15.2604233,74.10376,0,STOP,At Fire Station Curchorem,Fire Station Curchorem
2026-01-08T00:22:28.419Z,GA 07 G 7557-CUR(WATER TENDER),15.260345,74.1037183,0,STOP,At Fire Station Curchorem,Fire Station Curchorem
2026-01-08T00:22:28.419Z,GA 07 G 7667-CUR(WATER BOUSER),15.26034,74.1038333,0,STOP,At Fire Station Curchorem,Fire Station Curchorem
2026-01-08T00:22:28.419Z,GA 07 G 4989-KUN(WATER TENDER),15.4631883,73.9726567,0,STOP,At Fire Station Kundaim,Fire Station Kundaim
2026-01-08T00:22:28.419Z,GA 07 G 2242-PIL(WATER TENDER),15.53297,73.7940744,0,STOP,At Fire Station Pilerne,Fire Station Pilerne
2026-01-08T00:22:28.419Z,GA 07 G 0681-MAP(QUICK RESPONSE),15.589765,73.808805,0,STOP,At Fire Station Mapusa,Fire Station Mapusa
2026-01-08T00:22:28.419Z,GA 07 G 0307-PER(QUICK RESPONSE),15.7164939,73.7974239,0,INACTIVE,At Fire Station Pernem,Fire Station Pernem
2026-01-08T00:22:28.419Z,GA 07 G 2101-PER(MS WATER TENDER),15.7164339,73.7974506,0,STOP,At Fire Station Pernem,Fire Station Pernem
2026-01-08T00:22:28.419Z,GA 07 G 4600-PER(MINI RESCUE TENDER),15.7165006,73.7975322,0,STOP,At Fire Station Pernem,Fire Station Pernem
2026-01-08T00:22:28.419Z,GA 07 G 7272-PNJ(WATER TENDER),15.4871567,73.8173333,0,STOP,"Caculo Mall, 16 Shanta, St Inez Rd, Caculo Enclave, Santa Inez, Panaji, Goa (NW)",Fire Station Panaji
2026-01-08T00:22:28.419Z,GA07G2384- Cuncolim,15.1862711,74.0209944,0,STOP,At Fire Station Cuncolim,Fire Station Cuncolim
2026-01-08T00:22:28.419Z,GA07G2507 - Mid Size (Water Tender),15.71641,73.79755,0,STOP,At Fire Station Pernem,Fire Station Pernem
2026-01-08T00:22:28.419Z,GA07G2505 - Mid Size (Water Tender),15.5309333,74.1386233,0,STOP,At Fire Station Valpoi ,Fire Station Valpoi
2026-01-08T00:22:28.419Z,GA07G2504 - Mid Size (Water Tender),15.5893133,73.9465083,0,STOP,At Fire Station Bicholim ,Fire Station Bicholim
2026-01-08T00:22:28.419Z,GA07G2503-Mid Size (Water Tender),15.58997,73.80865,0,STOP,At Fire Station Mapusa,Fire Station Mapusa
2026-01-08T00:22:28.419Z,GA07G2502 - Mid Size (Water Tender),15.58982,73.8087483,0,STOP,At Fire Station Mapusa,Fire Force Headquarters
2026-01-08T00:23:26.383Z,GA 07 G 0680-PIL(QUICK RESPONSE VEHICLE),15.532865,73.7939283,0,STOP,At Fire Station Pilerne,Fire Station Pilerne
2026-01-08T00:23:26.383Z,GA07G2506 - Mid Size (Water Tender),15.500418,73.914055,0,STOP,At Fire Station Old Goa,Fire Station Old Goa
2026-01-08T00:23:26.383Z,GA 07 G 5115-POR(MINI WATER TENDER),15.523018,73.829498,0,STOP,At Porvorim Fire Station,Fire Station Porvorim
2026-01-08T00:23:26.383Z,GA 07 G 0350-MRG(WATER TENDER),15.269435,73.97068,0,STOP,At Fire Station Margoa,Fire Station Margao
2026-01-08T00:23:26.383Z,GA 07 G 2900-MAP(MINI RESCUE TENDER),15.59015,73.808701,0,STOP,At Fire Station Mapusa,Fire Station Mapusa
2026-01-08T00:23:26.383Z,GA 07 G 7600-FFHQ(WATER BOUSER),15.487355,73.817284,0,STOP,"Caculo Mall, 16 Shanta, St Inez Rd, Caculo Enclave, Santa Inez, Panaji, Goa (NW)",Fire Force Headquarters
2026-01-08T00:23:26.383Z,GA 07 G 2002-FFHQ(TURN TABLE LADDER),15.487413,73.8172,0,STOP,"Caculo Mall, 16 Shanta, St Inez Rd, Caculo Enclave, Santa Inez, Panaji, Goa (NW)",Fire Force Headquarters
2026-01-08T00:23:26.383Z,GA 07 G 7101-FFHQ(WATER TENDER),15.486933,73.817017,0,STOP,"Caculo Mall, 16 Shanta, St Inez Rd, Caculo Enclave, Santa Inez, Panaji, Goa (NW)",Fire Force Headquarters
2026-01-08T00:23:26.383Z,GA 07 G 7677-FFHQ(EMERGENCY RESCUE),15.487005,73.817436,0,STOP,"Caculo Mall, 16 Shanta, St Inez Rd, Caculo Enclave, Santa Inez, Panaji, Goa (NW)",Fire Force Headquarters
2026-01-08T00:23:26.383Z,GA 07 G 1121-PNJ(EMERGENCY RESCUE),15.487197,73.817276,0,STOP,"Caculo Mall, 16 Shanta, St Inez Rd, Caculo Enclave, Santa Inez, Panaji, Goa (NW)",Fire Station Panaji
2026-01-08T00:23:26.383Z,GA 07 G 1571-FFHQ(QUICK RESPONSE),15.486595,73.817528,0,STOP,"Caculo Mall, 16 Shanta, St Inez Rd, Caculo Enclave, Santa Inez, Panaji, Goa (SW)",Fire Force Headquarters
2026-01-08T00:23:26.383Z,GA 07 G 8101-MAP(WATER TENDER),15.589967,73.808762,0,STOP,At Fire Station Mapusa,Fire Station Mapusa
2026-01-08T00:23:26.383Z,GA 07 G 2317-MRG(EMERGENCY RESCUE TENDER),15.2693383,73.9700683,0,STOP,At Fire Station Margoa,Fire Station Margao
2026-01-08T00:23:26.383Z,GA 07 G 1570-VAS(QUICK RESPONSE FIRE TENDER),15.4054016,73.8930833,0,STOP,"Mendies, National Highway 366, Goa (NE)",Fire Station Vasco
2026-01-08T00:23:26.383Z,GA 07 G 4101-VAS(MS WATER TENDER),15.3888216,73.8512533,0,INACTIVE,At Fire Station Vasco,Fire Station Vasco
2026-01-08T00:23:26.383Z,GA 07 G 0819-VAS(WATER/FOAM TENDER),15.3888067,73.8512617,0,IDLE,At Fire Station Vasco,Fire Station Vasco
2026-01-08T00:23:26.383Z,GA 07 G 7100-MRG(WATER BOUSER),15.2694416,73.9701166,0,STOP,At Fire Station Margoa,Fire Station Margao
2026-01-08T00:23:26.383Z,GA 07 G 1568-MRG(QUICK RESPONSE ),15.26936,73.9704583,0,STOP,At Fire Station Margoa,Fire Station Margao
2026-01-08T00:23:26.383Z,GA 07 G 6101-MRG(WATER TENDER),15.2694199,73.969955,0,STOP,At Fire Station Margoa,Fire Station Margao
2026-01-08T00:23:26.383Z,GA 07 G 1001-MRG(AERIAL LADDER PLATFORM),15.269385,73.97019,0,STOP,At Fire Station Margoa,Fire Station Margao
2026-01-08T00:23:26.383Z,GA 07 G 0820-BIC(WATER TEDNER),15.40271,74.0028017,0,STOP,At Fire Station Ponda ,Fire Station Bicholim
2026-01-08T00:23:26.383Z,GA 07 G 5101-OLG(MS WATER TENDER),15.5001633,73.914055,0,STOP,At Fire Station Old Goa,Fire Station Old Goa
2026-01-08T00:23:26.383Z,GA 07 G 3101-BIC(MS WATER TENDER),15.5894183,73.9467766,0,STOP,At Fire Station Bicholim ,Fire Station Bicholim
2026-01-08T00:23:26.383Z,GA 07 G 1941-BIC(QUICK RESPONSE),15.589475,73.9467283,0,STOP,At Fire Station Bicholim ,Fire Station Bicholim
2026-01-08T00:23:26.383Z,GA 07 G 2319-VAS (EMERGENCY RESCUE TENDER),15.3892083,73.8478433,0,STOP,"155/C, near railway bridge, airport road, Alto-dabolim, Dabolim, Goa (SW)",Fire Station Vasco
2026-01-08T00:23:26.383Z,GA 07 G 3737-VAP(WATER TENDER),15.54645,74.0423016,0,STOP,"SH 1, Honda VP, Goa (SW)",Fire Station Valpoi
2026-01-08T00:23:26.383Z,GA 07 G 2318-PND(EMERGENCY RESCUE TENDER),15.402655,74.0030033,0,STOP,At Fire Station Ponda ,Fire Station Ponda
2026-01-08T00:23:26.383Z,GA 07 G 2004-PND(QUICK RESPONSE),15.4141016,73.9073083,0,INACTIVE,"Guru Hotel, Old Ferry Road, Agaçaim, Goa (SE)",Fire Station Ponda
2026-01-08T00:23:26.383Z,GA 07 G 9101-PND(WATER TENDER),15.4022033,74.0029466,0,STOP,At Fire Station Ponda ,Fire Station Ponda
2026-01-08T00:23:26.383Z,GA 07 G 9797-PND(WATER BOUSER),15.4027433,74.0028966,0,IDLE,At Fire Station Ponda ,Fire Station Ponda
2026-01-08T00:23:26.383Z,GA 07 G 6363-CAN(WATER TENDER),15.0236383,74.0440666,0,STOP,"Canacona, The Lalitrajbaga ,Canacona, Canacona, Goa (NE)",Fire Station Canacona
2026-01-08T00:23:26.383Z,GA 07 G 1567-CAN(QUICK RESPONSE FT),15.0163433,74.0396166,39,INACTIVE,"Canacona, The Lalitrajbaga ,Canacona, Canacona, Goa (SW)",Fire Station Canacona
2026-01-08T00:23:26.383Z,GA 07 G 1569-VRN(QUICK RESPONSE),15.3696816,73.9356849,0,STOP,At Fire Station Verna,Fire Station Verna
2026-01-08T00:23:26.383Z,GA 07 G 9909-VRN(ADVANCE MULTI-PURPOSE),15.36962,73.9357333,0,STOP,At Fire Station Verna,Fire Station Verna
2026-01-08T00:23:26.383Z,GA 07 G 1942-VAP(QUICK RESPONSE),15.531045,74.1388183,0,STOP,At Fire Station Valpoi ,Fire Station Valpoi
2026-01-08T00:23:26.383Z,GA 07 G 2003-CUR(QUICK RESPONSE),15.2603983,74.1037433,0,STOP,At Fire Station Curchorem,Fire Station Curchorem
2026-01-08T00:23:26.383Z,GA 07 G 7447-CUR(EMERGENCY RESCUE),15.2604233,74.10376,0,STOP,At Fire Station Curchorem,Fire Station Curchorem
2026-01-08T00:23:26.383Z,GA 07 G 7557-CUR(WATER TENDER),15.260345,74.1037183,0,STOP,At Fire Station Curchorem,Fire Station Curchorem
2026-01-08T00:23:26.383Z,GA 07 G 7667-CUR(WATER BOUSER),15.26034,74.1038333,0,STOP,At Fire Station Curchorem,Fire Station Curchorem
2026-01-08T00:23:26.383Z,GA 07 G 4989-KUN(WATER TENDER),15.4631883,73.9726567,0,STOP,At Fire Station Kundaim,Fire Station Kundaim
2026-01-08T00:23:26.383Z,GA 07 G 2242-PIL(WATER TENDER),15.53297,73.7940744,0,STOP,At Fire Station Pilerne,Fire Station Pilerne
2026-01-08T00:23:26.383Z,GA 07 G 0681-MAP(QUICK RESPONSE),15.589765,73.808805,0,STOP,At Fire Station Mapusa,Fire Station Mapusa
2026-01-08T00:23:26.383Z,GA 07 G 0307-PER(QUICK RESPONSE),15.7164939,73.7974239,0,INACTIVE,At Fire Station Pernem,Fire Station Pernem
2026-01-08T00:23:26.383Z,GA 07 G 2101-PER(MS WATER TENDER),15.7164339,73.7974506,0,STOP,At Fire Station Pernem,Fire Station Pernem
2026-01-08T00:23:26.383Z,GA 07 G 4600-PER(MINI RESCUE TENDER),15.7165006,73.7975322,0,STOP,At Fire Station Pernem,Fire Station Pernem
2026-01-08T00:23:26.383Z,GA 07 G 7272-PNJ(WATER TENDER),15.4871567,73.8173333,0,STOP,"Caculo Mall, 16 Shanta, St Inez Rd, Caculo Enclave, Santa Inez, Panaji, Goa (NW)",Fire Station Panaji
2026-01-08T00:23:26.383Z,GA07G2384- Cuncolim,15.1862711,74.0209944,0,STOP,At Fire Station Cuncolim,Fire Station Cuncolim
2026-01-08T00:23:26.383Z,GA07G2507 - Mid Size (Water Tender),15.71641,73.79755,0,STOP,At Fire Station Pernem,Fire Station Pernem
2026-01-08T00:23:26.383Z,GA07G2505 - Mid Size (Water Tender),15.5309333,74.1386233,0,STOP,At Fire Station Valpoi ,Fire Station Valpoi
2026-01-08T00:23:26.383Z,GA07G2504 - Mid Size (Water Tender),15.5893133,73.9465083,0,STOP,At Fire Station Bicholim ,Fire Station Bicholim
2026-01-08T00:23:26.383Z,GA07G2503-Mid Size (Water Tender),15.58997,73.80865,0,STOP,At Fire Station Mapusa,Fire Station Mapusa
2026-01-08T00:23:26.383Z,GA07G2502 - Mid Size (Water Tender),15.58982,73.8087483,0,STOP,At Fire Station Mapusa,Fire Force Headquarters
2026-01-08T00:24:27.967Z,GA 07 G 0680-PIL(QUICK RESPONSE VEHICLE),15.532865,73.7939283,0,STOP,At Fire Station Pilerne,Fire Station Pilerne
2026-01-08T00:24:27.967Z,GA07G2506 - Mid Size (Water Tender),15.500418,73.914055,0,STOP,At Fire Station Old Goa,Fire Station Old Goa
2026-01-08T00:24:27.967Z,GA 07 G 5115-POR(MINI WATER TENDER),15.523018,73.829498,0,STOP,At Porvorim Fire Station,Fire Station Porvorim
2026-01-08T00:24:27.967Z,GA 07 G 0350-MRG(WATER TENDER),15.269435,73.97068,0,STOP,At Fire Station Margoa,Fire Station Margao
2026-01-08T00:24:27.967Z,GA 07 G 2900-MAP(MINI RESCUE TENDER),15.59015,73.808701,0,STOP,At Fire Station Mapusa,Fire Station Mapusa
2026-01-08T00:24:27.967Z,GA 07 G 7600-FFHQ(WATER BOUSER),15.487355,73.817284,0,STOP,"Caculo Mall, 16 Shanta, St Inez Rd, Caculo Enclave, Santa Inez, Panaji, Goa (NW)",Fire Force Headquarters
2026-01-08T00:24:27.967Z,GA 07 G 2002-FFHQ(TURN TABLE LADDER),15.487413,73.8172,0,STOP,"Caculo Mall, 16 Shanta, St Inez Rd, Caculo Enclave, Santa Inez, Panaji, Goa (NW)",Fire Force Headquarters
2026-01-08T00:24:27.967Z,GA 07 G 7101-FFHQ(WATER TENDER),15.486933,73.817017,0,STOP,"Caculo Mall, 16 Shanta, St Inez Rd, Caculo Enclave, Santa Inez, Panaji, Goa (NW)",Fire Force Headquarters
2026-01-08T00:24:27.967Z,GA 07 G 7677-FFHQ(EMERGENCY RESCUE),15.487005,73.817436,0,STOP,"Caculo Mall, 16 Shanta, St Inez Rd, Caculo Enclave, Santa Inez, Panaji, Goa (NW)",Fire Force Headquarters
2026-01-08T00:24:27.967Z,GA 07 G 1121-PNJ(EMERGENCY RESCUE),15.487197,73.817276,0,STOP,"Caculo Mall, 16 Shanta, St Inez Rd, Caculo Enclave, Santa Inez, Panaji, Goa (NW)",Fire Station Panaji
2026-01-08T00:24:27.967Z,GA 07 G 1571-FFHQ(QUICK RESPONSE),15.486595,73.817528,0,STOP,"Caculo Mall, 16 Shanta, St Inez Rd, Caculo Enclave, Santa Inez, Panaji, Goa (SW)",Fire Force Headquarters
2026-01-08T00:24:27.967Z,GA 07 G 8101-MAP(WATER TENDER),15.589967,73.808762,0,STOP,At Fire Station Mapusa,Fire Station Mapusa
2026-01-08T00:24:27.967Z,GA 07 G 2317-MRG(EMERGENCY RESCUE TENDER),15.269425,73.97006,1,STOP,At Fire Station Margoa,Fire Station Margao
2026-01-08T00:24:27.967Z,GA 07 G 1570-VAS(QUICK RESPONSE FIRE TENDER),15.4054016,73.8930833,0,STOP,"Mendies, National Highway 366, Goa (NE)",Fire Station Vasco
2026-01-08T00:24:27.967Z,GA 07 G 4101-VAS(MS WATER TENDER),15.3888216,73.8512533,0,INACTIVE,At Fire Station Vasco,Fire Station Vasco
2026-01-08T00:24:27.967Z,GA 07 G 0819-VAS(WATER/FOAM TENDER),15.3888067,73.8512617,0,IDLE,At Fire Station Vasco,Fire Station Vasco
2026-01-08T00:24:27.967Z,GA 07 G 7100-MRG(WATER BOUSER),15.2694416,73.9701166,0,STOP,At Fire Station Margoa,Fire Station Margao
2026-01-08T00:24:27.967Z,GA 07 G 1568-MRG(QUICK RESPONSE ),15.26936,73.9704583,0,STOP,At Fire Station Margoa,Fire Station Margao
2026-01-08T00:24:27.967Z,GA 07 G 6101-MRG(WATER TENDER),15.2694199,73.969955,0,STOP,At Fire Station Margoa,Fire Station Margao
2026-01-08T00:24:27.967Z,GA 07 G 1001-MRG(AERIAL LADDER PLATFORM),15.269385,73.97019,0,STOP,At Fire Station Margoa,Fire Station Margao
2026-01-08T00:24:27.967Z,GA 07 G 0820-BIC(WATER TEDNER),15.40271,74.0028017,0,STOP,At Fire Station Ponda ,Fire Station Bicholim
2026-01-08T00:24:27.967Z,GA 07 G 5101-OLG(MS WATER TENDER),15.5001633,73.914055,0,STOP,At Fire Station Old Goa,Fire Station Old Goa
2026-01-08T00:24:27.967Z,GA 07 G 3101-BIC(MS WATER TENDER),15.5894183,73.9467766,0,STOP,At Fire Station Bicholim ,Fire Station Bicholim
2026-01-08T00:24:27.967Z,GA 07 G 1941-BIC(QUICK RESPONSE),15.589475,73.9467283,0,STOP,At Fire Station Bicholim ,Fire Station Bicholim
2026-01-08T00:24:27.967Z,GA 07 G 2319-VAS (EMERGENCY RESCUE TENDER),15.3892083,73.8478433,0,STOP,"155/C, near railway bridge, airport road, Alto-dabolim, Dabolim, Goa (SW)",Fire Station Vasco
2026-01-08T00:24:27.967Z,GA 07 G 3737-VAP(WATER TENDER),15.54645,74.0423016,0,STOP,"SH 1, Honda VP, Goa (SW)",Fire Station Valpoi
2026-01-08T00:24:27.967Z,GA 07 G 2318-PND(EMERGENCY RESCUE TENDER),15.402655,74.0030033,0,STOP,At Fire Station Ponda ,Fire Station Ponda
2026-01-08T00:24:27.967Z,GA 07 G 2004-PND(QUICK RESPONSE),15.4141016,73.9073083,0,INACTIVE,"Guru Hotel, Old Ferry Road, Agaçaim, Goa (SE)",Fire Station Ponda
2026-01-08T00:24:27.967Z,GA 07 G 9101-PND(WATER TENDER),15.4022033,74.0029466,0,STOP,At Fire Station Ponda ,Fire Station Ponda
2026-01-08T00:24:27.967Z,GA 07 G 9797-PND(WATER BOUSER),15.4027433,74.0028966,0,IDLE,At Fire Station Ponda ,Fire Station Ponda
2026-01-08T00:24:27.967Z,GA 07 G 6363-CAN(WATER TENDER),15.0236383,74.0440666,0,STOP,"Canacona, The Lalitrajbaga ,Canacona, Canacona, Goa (NE)",Fire Station Canacona
2026-01-08T00:24:27.967Z,GA 07 G 1567-CAN(QUICK RESPONSE FT),15.0163433,74.0396166,39,INACTIVE,"Canacona, The Lalitrajbaga ,Canacona, Canacona, Goa (SW)",Fire Station Canacona
2026-01-08T00:24:27.967Z,GA 07 G 1569-VRN(QUICK RESPONSE),15.3696816,73.9356849,0,STOP,At Fire Station Verna,Fire Station Verna
2026-01-08T00:24:27.967Z,GA 07 G 9909-VRN(ADVANCE MULTI-PURPOSE),15.36962,73.9357333,0,STOP,At Fire Station Verna,Fire Station Verna
2026-01-08T00:24:27.967Z,GA 07 G 1942-VAP(QUICK RESPONSE),15.531045,74.1388183,0,STOP,At Fire Station Valpoi ,Fire Station Valpoi
2026-01-08T00:24:27.967Z,GA 07 G 2003-CUR(QUICK RESPONSE),15.2603983,74.1037433,0,STOP,At Fire Station Curchorem,Fire Station Curchorem
2026-01-08T00:24:27.967Z,GA 07 G 7447-CUR(EMERGENCY RESCUE),15.2604233,74.10376,0,STOP,At Fire Station Curchorem,Fire Station Curchorem
2026-01-08T00:24:27.967Z,GA 07 G 7557-CUR(WATER TENDER),15.260345,74.1037183,0,STOP,At Fire Station Curchorem,Fire Station Curchorem
2026-01-08T00:24:27.967Z,GA 07 G 7667-CUR(WATER BOUSER),15.26034,74.1038333,0,STOP,At Fire Station Curchorem,Fire Station Curchorem
2026-01-08T00:24:27.967Z,GA 07 G 4989-KUN(WATER TENDER),15.4631883,73.9726567,0,STOP,At Fire Station Kundaim,Fire Station Kundaim
2026-01-08T00:24:27.967Z,GA 07 G 2242-PIL(WATER TENDER),15.53297,73.7940744,0,STOP,At Fire Station Pilerne,Fire Station Pilerne
2026-01-08T00:24:27.967Z,GA 07 G 0681-MAP(QUICK RESPONSE),15.589765,73.808805,0,STOP,At Fire Station Mapusa,Fire Station Mapusa
2026-01-08T00:24:27.967Z,GA 07 G 0307-PER(QUICK RESPONSE),15.7164939,73.7974239,0,INACTIVE,At Fire Station Pernem,Fire Station Pernem
2026-01-08T00:24:27.967Z,GA 07 G 2101-PER(MS WATER TENDER),15.7164339,73.7974506,0,STOP,At Fire Station Pernem,Fire Station Pernem
2026-01-08T00:24:27.967Z,GA 07 G 4600-PER(MINI RESCUE TENDER),15.7165006,73.7975322,0,STOP,At Fire Station Pernem,Fire Station Pernem
2026-01-08T00:24:27.967Z,GA 07 G 7272-PNJ(WATER TENDER),15.4871567,73.8173333,0,STOP,"Caculo Mall, 16 Shanta, St Inez Rd, Caculo Enclave, Santa Inez, Panaji, Goa (NW)",Fire Station Panaji
2026-01-08T00:24:27.967Z,GA07G2384- Cuncolim,15.1862711,74.0209944,0,STOP,At Fire Station Cuncolim,Fire Station Cuncolim
2026-01-08T00:24:27.967Z,GA07G2507 - Mid Size (Water Tender),15.71641,73.79755,0,STOP,At Fire Station Pernem,Fire Station Pernem
2026-01-08T00:24:27.967Z,GA07G2505 - Mid Size (Water Tender),15.5309333,74.1386233,0,STOP,At Fire Station Valpoi ,Fire Station Valpoi
2026-01-08T00:24:27.967Z,GA07G2504 - Mid Size (Water Tender),15.5893133,73.9465083,0,STOP,At Fire Station Bicholim ,Fire Station Bicholim
2026-01-08T00:24:27.967Z,GA07G2503-Mid Size (Water Tender),15.58997,73.80865,0,STOP,At Fire Station Mapusa,Fire Station Mapusa
2026-01-08T00:24:27.967Z,GA07G2502 - Mid Size (Water Tender),15.58982,73.8087483,0,STOP,At Fire Station Mapusa,Fire Force Headquarters
2026-01-08T00:25:28.520Z,GA 07 G 0680-PIL(QUICK RESPONSE VEHICLE),15.532865,73.7939283,0,STOP,At Fire Station Pilerne,Fire Station Pilerne
2026-01-08T00:25:28.520Z,GA07G2506 - Mid Size (Water Tender),15.500418,73.914055,0,STOP,At Fire Station Old Goa,Fire Station Old Goa
2026-01-08T00:25:28.520Z,GA 07 G 5115-POR(MINI WATER TENDER),15.523018,73.829498,0,STOP,At Porvorim Fire Station,Fire Station Porvorim
2026-01-08T00:25:28.520Z,GA 07 G 0350-MRG(WATER TENDER),15.269435,73.97068,0,STOP,At Fire Station Margoa,Fire Station Margao
2026-01-08T00:25:28.520Z,GA 07 G 2900-MAP(MINI RESCUE TENDER),15.59015,73.808701,0,STOP,At Fire Station Mapusa,Fire Station Mapusa
2026-01-08T00:25:28.520Z,GA 07 G 7600-FFHQ(WATER BOUSER),15.487355,73.817284,0,STOP,"Caculo Mall, 16 Shanta, St Inez Rd, Caculo Enclave, Santa Inez, Panaji, Goa (NW)",Fire Force Headquarters
2026-01-08T00:25:28.520Z,GA 07 G 2002-FFHQ(TURN TABLE LADDER),15.487413,73.8172,0,STOP,"Caculo Mall, 16 Shanta, St Inez Rd, Caculo Enclave, Santa Inez, Panaji, Goa (NW)",Fire Force Headquarters
2026-01-08T00:25:28.520Z,GA 07 G 7101-FFHQ(WATER TENDER),15.486933,73.817017,0,STOP,"Caculo Mall, 16 Shanta, St Inez Rd, Caculo Enclave, Santa Inez, Panaji, Goa (NW)",Fire Force Headquarters
2026-01-08T00:25:28.520Z,GA 07 G 7677-FFHQ(EMERGENCY RESCUE),15.487005,73.817436,0,STOP,"Caculo Mall, 16 Shanta, St Inez Rd, Caculo Enclave, Santa Inez, Panaji, Goa (NW)",Fire Force Headquarters
2026-01-08T00:25:28.520Z,GA 07 G 1121-PNJ(EMERGENCY RESCUE),15.487197,73.817276,0,STOP,"Caculo Mall, 16 Shanta, St Inez Rd, Caculo Enclave, Santa Inez, Panaji, Goa (NW)",Fire Station Panaji
2026-01-08T00:25:28.520Z,GA 07 G 1571-FFHQ(QUICK RESPONSE),15.486595,73.817528,0,STOP,"Caculo Mall, 16 Shanta, St Inez Rd, Caculo Enclave, Santa Inez, Panaji, Goa (SW)",Fire Force Headquarters
2026-01-08T00:25:28.520Z,GA 07 G 8101-MAP(WATER TENDER),15.589967,73.808762,0,STOP,At Fire Station Mapusa,Fire Station Mapusa
2026-01-08T00:25:28.520Z,GA 07 G 2317-MRG(EMERGENCY RESCUE TENDER),15.269415,73.9699866,0,STOP,At Fire Station Margoa,Fire Station Margao
2026-01-08T00:25:28.520Z,GA 07 G 1570-VAS(QUICK RESPONSE FIRE TENDER),15.4054016,73.8930833,0,STOP,"Mendies, National Highway 366, Goa (NE)",Fire Station Vasco
2026-01-08T00:25:28.520Z,GA 07 G 4101-VAS(MS WATER TENDER),15.3888216,73.8512533,0,INACTIVE,At Fire Station Vasco,Fire Station Vasco
2026-01-08T00:25:28.520Z,GA 07 G 0819-VAS(WATER/FOAM TENDER),15.3888067,73.8512617,0,IDLE,At Fire Station Vasco,Fire Station Vasco
2026-01-08T00:25:28.520Z,GA 07 G 7100-MRG(WATER BOUSER),15.2694416,73.9701166,0,STOP,At Fire Station Margoa,Fire Station Margao
2026-01-08T00:25:28.520Z,GA 07 G 1568-MRG(QUICK RESPONSE ),15.26936,73.9704583,0,STOP,At Fire Station Margoa,Fire Station Margao
2026-01-08T00:25:28.520Z,GA 07 G 6101-MRG(WATER TENDER),15.2694199,73.969955,0,STOP,At Fire Station Margoa,Fire Station Margao
2026-01-08T00:25:28.520Z,GA 07 G 1001-MRG(AERIAL LADDER PLATFORM),15.269385,73.97019,0,STOP,At Fire Station Margoa,Fire Station Margao
2026-01-08T00:25:28.520Z,GA 07 G 0820-BIC(WATER TEDNER),15.40271,74.0028017,0,STOP,At Fire Station Ponda ,Fire Station Bicholim
2026-01-08T00:25:28.520Z,GA 07 G 5101-OLG(MS WATER TENDER),15.5001633,73.914055,0,STOP,At Fire Station Old Goa,Fire Station Old Goa
2026-01-08T00:25:28.520Z,GA 07 G 3101-BIC(MS WATER TENDER),15.5894183,73.9467766,0,STOP,At Fire Station Bicholim ,Fire Station Bicholim
2026-01-08T00:25:28.520Z,GA 07 G 1941-BIC(QUICK RESPONSE),15.589475,73.9467283,0,STOP,At Fire Station Bicholim ,Fire Station Bicholim
2026-01-08T00:25:28.520Z,GA 07 G 2319-VAS (EMERGENCY RESCUE TENDER),15.3892083,73.8478433,0,STOP,"155/C, near railway bridge, airport road, Alto-dabolim, Dabolim, Goa (SW)",Fire Station Vasco
2026-01-08T00:25:28.520Z,GA 07 G 3737-VAP(WATER TENDER),15.54645,74.0423016,0,STOP,"SH 1, Honda VP, Goa (SW)",Fire Station Valpoi
2026-01-08T00:25:28.520Z,GA 07 G 2318-PND(EMERGENCY RESCUE TENDER),15.402655,74.0030033,0,STOP,At Fire Station Ponda ,Fire Station Ponda
2026-01-08T00:25:28.520Z,GA 07 G 2004-PND(QUICK RESPONSE),15.4141016,73.9073083,0,INACTIVE,"Guru Hotel, Old Ferry Road, Agaçaim, Goa (SE)",Fire Station Ponda
2026-01-08T00:25:28.520Z,GA 07 G 9101-PND(WATER TENDER),15.4022033,74.0029466,0,STOP,At Fire Station Ponda ,Fire Station Ponda
2026-01-08T00:25:28.520Z,GA 07 G 9797-PND(WATER BOUSER),15.4027433,74.0028966,0,IDLE,At Fire Station Ponda ,Fire Station Ponda
2026-01-08T00:25:28.520Z,GA 07 G 6363-CAN(WATER TENDER),15.0236383,74.0440666,0,STOP,"Canacona, The Lalitrajbaga ,Canacona, Canacona, Goa (NE)",Fire Station Canacona
2026-01-08T00:25:28.520Z,GA 07 G 1567-CAN(QUICK RESPONSE FT),15.0163433,74.0396166,39,INACTIVE,"Canacona, The Lalitrajbaga ,Canacona, Canacona, Goa (SW)",Fire Station Canacona
2026-01-08T00:25:28.520Z,GA 07 G 1569-VRN(QUICK RESPONSE),15.3696816,73.9356849,0,STOP,At Fire Station Verna,Fire Station Verna
2026-01-08T00:25:28.520Z,GA 07 G 9909-VRN(ADVANCE MULTI-PURPOSE),15.36962,73.9357333,0,STOP,At Fire Station Verna,Fire Station Verna
2026-01-08T00:25:28.520Z,GA 07 G 1942-VAP(QUICK RESPONSE),15.531045,74.1388183,0,STOP,At Fire Station Valpoi ,Fire Station Valpoi
2026-01-08T00:25:28.520Z,GA 07 G 2003-CUR(QUICK RESPONSE),15.2603983,74.1037433,0,STOP,At Fire Station Curchorem,Fire Station Curchorem
2026-01-08T00:25:28.520Z,GA 07 G 7447-CUR(EMERGENCY RESCUE),15.2604233,74.10376,0,STOP,At Fire Station Curchorem,Fire Station Curchorem
2026-01-08T00:25:28.520Z,GA 07 G 7557-CUR(WATER TENDER),15.260345,74.1037183,0,STOP,At Fire Station Curchorem,Fire Station Curchorem
2026-01-08T00:25:28.520Z,GA 07 G 7667-CUR(WATER BOUSER),15.26034,74.1038333,0,STOP,At Fire Station Curchorem,Fire Station Curchorem
2026-01-08T00:25:28.520Z,GA 07 G 4989-KUN(WATER TENDER),15.4631883,73.9726567,0,STOP,At Fire Station Kundaim,Fire Station Kundaim
2026-01-08T00:25:28.520Z,GA 07 G 2242-PIL(WATER TENDER),15.53297,73.7940744,0,STOP,At Fire Station Pilerne,Fire Station Pilerne
2026-01-08T00:25:28.520Z,GA 07 G 0681-MAP(QUICK RESPONSE),15.589765,73.808805,0,STOP,At Fire Station Mapusa,Fire Station Mapusa
2026-01-08T00:25:28.520Z,GA 07 G 0307-PER(QUICK RESPONSE),15.7164939,73.7974239,0,INACTIVE,At Fire Station Pernem,Fire Station Pernem
2026-01-08T00:25:28.520Z,GA 07 G 2101-PER(MS WATER TENDER),15.7164339,73.7974506,0,STOP,At Fire Station Pernem,Fire Station Pernem
2026-01-08T00:25:28.520Z,GA 07 G 4600-PER(MINI RESCUE TENDER),15.7165006,73.7975322,0,STOP,At Fire Station Pernem,Fire Station Pernem
2026-01-08T00:25:28.520Z,GA 07 G 7272-PNJ(WATER TENDER),15.4871567,73.8173333,0,STOP,"Caculo Mall, 16 Shanta, St Inez Rd, Caculo Enclave, Santa Inez, Panaji, Goa (NW)",Fire Station Panaji
2026-01-08T00:25:28.520Z,GA07G2384- Cuncolim,15.1862711,74.0209944,0,STOP,At Fire Station Cuncolim,Fire Station Cuncolim
2026-01-08T00:25:28.520Z,GA07G2507 - Mid Size (Water Tender),15.71641,73.79755,0,STOP,At Fire Station Pernem,Fire Station Pernem
2026-01-08T00:25:28.520Z,GA07G2505 - Mid Size (Water Tender),15.5309333,74.1386233,0,STOP,At Fire Station Valpoi ,Fire Station Valpoi
2026-01-08T00:25:28.520Z,GA07G2504 - Mid Size (Water Tender),15.5893133,73.9465083,0,STOP,At Fire Station Bicholim ,Fire Station Bicholim
2026-01-08T00:25:28.520Z,GA07G2503-Mid Size (Water Tender),15.58997,73.80865,0,STOP,At Fire Station Mapusa,Fire Station Mapusa
2026-01-08T00:25:28.520Z,GA07G2502 - Mid Size (Water Tender),15.58982,73.8087483,0,STOP,At Fire Station Mapusa,Fire Force Headquarters
2026-01-08T00:26:24.449Z,GA 07 G 0680-PIL(QUICK RESPONSE VEHICLE),15.532865,73.7939283,0,STOP,At Fire Station Pilerne,Fire Station Pilerne
2026-01-08T00:26:24.449Z,GA07G2506 - Mid Size (Water Tender),15.500418,73.914055,0,STOP,At Fire Station Old Goa,Fire Station Old Goa
2026-01-08T00:26:24.449Z,GA 07 G 5115-POR(MINI WATER TENDER),15.523018,73.829498,0,STOP,At Porvorim Fire Station,Fire Station Porvorim
2026-01-08T00:26:24.449Z,GA 07 G 0350-MRG(WATER TENDER),15.269435,73.97068,0,STOP,At Fire Station Margoa,Fire Station Margao
2026-01-08T00:26:24.449Z,GA 07 G 2900-MAP(MINI RESCUE TENDER),15.59015,73.808701,0,STOP,At Fire Station Mapusa,Fire Station Mapusa
2026-01-08T00:26:24.449Z,GA 07 G 7600-FFHQ(WATER BOUSER),15.487355,73.817284,0,STOP,"Caculo Mall, 16 Shanta, St Inez Rd, Caculo Enclave, Santa Inez, Panaji, Goa (NW)",Fire Force Headquarters
2026-01-08T00:26:24.449Z,GA 07 G 2002-FFHQ(TURN TABLE LADDER),15.487413,73.8172,0,STOP,"Caculo Mall, 16 Shanta, St Inez Rd, Caculo Enclave, Santa Inez, Panaji, Goa (NW)",Fire Force Headquarters
2026-01-08T00:26:24.449Z,GA 07 G 7101-FFHQ(WATER TENDER),15.486933,73.817017,0,STOP,"Caculo Mall, 16 Shanta, St Inez Rd, Caculo Enclave, Santa Inez, Panaji, Goa (NW)",Fire Force Headquarters
2026-01-08T00:26:24.449Z,GA 07 G 7677-FFHQ(EMERGENCY RESCUE),15.487005,73.817436,0,STOP,"Caculo Mall, 16 Shanta, St Inez Rd, Caculo Enclave, Santa Inez, Panaji, Goa (NW)",Fire Force Headquarters
2026-01-08T00:26:24.449Z,GA 07 G 1121-PNJ(EMERGENCY RESCUE),15.487197,73.817276,0,STOP,"Caculo Mall, 16 Shanta, St Inez Rd, Caculo Enclave, Santa Inez, Panaji, Goa (NW)",Fire Station Panaji
2026-01-08T00:26:24.449Z,GA 07 G 1571-FFHQ(QUICK RESPONSE),15.486595,73.817528,0,STOP,"Caculo Mall, 16 Shanta, St Inez Rd, Caculo Enclave, Santa Inez, Panaji, Goa (SW)",Fire Force Headquarters
2026-01-08T00:26:24.449Z,GA 07 G 8101-MAP(WATER TENDER),15.589967,73.808762,0,STOP,At Fire Station Mapusa,Fire Station Mapusa
2026-01-08T00:26:24.449Z,GA 07 G 2317-MRG(EMERGENCY RESCUE TENDER),15.2693966,73.9702066,0,STOP,At Fire Station Margoa,Fire Station Margao
2026-01-08T00:26:24.449Z,GA 07 G 1570-VAS(QUICK RESPONSE FIRE TENDER),15.4054016,73.8930833,0,STOP,"Mendies, National Highway 366, Goa (NE)",Fire Station Vasco
2026-01-08T00:26:24.449Z,GA 07 G 4101-VAS(MS WATER TENDER),15.3888216,73.8512533,0,INACTIVE,At Fire Station Vasco,Fire Station Vasco
2026-01-08T00:26:24.449Z,GA 07 G 0819-VAS(WATER/FOAM TENDER),15.3888067,73.8512617,0,IDLE,At Fire Station Vasco,Fire Station Vasco
2026-01-08T00:26:24.449Z,GA 07 G 7100-MRG(WATER BOUSER),15.2694416,73.9701166,0,STOP,At Fire Station Margoa,Fire Station Margao
2026-01-08T00:26:24.449Z,GA 07 G 1568-MRG(QUICK RESPONSE ),15.26936,73.9704583,0,STOP,At Fire Station Margoa,Fire Station Margao
2026-01-08T00:26:24.449Z,GA 07 G 6101-MRG(WATER TENDER),15.2694199,73.969955,0,STOP,At Fire Station Margoa,Fire Station Margao
2026-01-08T00:26:24.449Z,GA 07 G 1001-MRG(AERIAL LADDER PLATFORM),15.269385,73.97019,0,STOP,At Fire Station Margoa,Fire Station Margao
2026-01-08T00:26:24.449Z,GA 07 G 0820-BIC(WATER TEDNER),15.40271,74.0028017,0,STOP,At Fire Station Ponda ,Fire Station Bicholim
2026-01-08T00:26:24.449Z,GA 07 G 5101-OLG(MS WATER TENDER),15.5001633,73.914055,0,STOP,At Fire Station Old Goa,Fire Station Old Goa
2026-01-08T00:26:24.449Z,GA 07 G 3101-BIC(MS WATER TENDER),15.5894183,73.9467766,0,STOP,At Fire Station Bicholim ,Fire Station Bicholim
2026-01-08T00:26:24.449Z,GA 07 G 1941-BIC(QUICK RESPONSE),15.589475,73.9467283,0,STOP,At Fire Station Bicholim ,Fire Station Bicholim
2026-01-08T00:26:24.449Z,GA 07 G 2319-VAS (EMERGENCY RESCUE TENDER),15.3892083,73.8478433,0,STOP,"155/C, near railway bridge, airport road, Alto-dabolim, Dabolim, Goa (SW)",Fire Station Vasco
2026-01-08T00:26:24.449Z,GA 07 G 3737-VAP(WATER TENDER),15.54645,74.0423016,0,STOP,"SH 1, Honda VP, Goa (SW)",Fire Station Valpoi
2026-01-08T00:26:24.449Z,GA 07 G 2318-PND(EMERGENCY RESCUE TENDER),15.402655,74.0030033,0,STOP,At Fire Station Ponda ,Fire Station Ponda
2026-01-08T00:26:24.449Z,GA 07 G 2004-PND(QUICK RESPONSE),15.4141016,73.9073083,0,INACTIVE,"Guru Hotel, Old Ferry Road, Agaçaim, Goa (SE)",Fire Station Ponda
2026-01-08T00:26:24.449Z,GA 07 G 9101-PND(WATER TENDER),15.4022033,74.0029466,0,STOP,At Fire Station Ponda ,Fire Station Ponda
2026-01-08T00:26:24.449Z,GA 07 G 9797-PND(WATER BOUSER),15.4027433,74.0028966,0,IDLE,At Fire Station Ponda ,Fire Station Ponda
2026-01-08T00:26:24.449Z,GA 07 G 6363-CAN(WATER TENDER),15.0236383,74.0440666,0,STOP,"Canacona, The Lalitrajbaga ,Canacona, Canacona, Goa (NE)",Fire Station Canacona
2026-01-08T00:26:24.449Z,GA 07 G 1567-CAN(QUICK RESPONSE FT),15.0163433,74.0396166,39,INACTIVE,"Canacona, The Lalitrajbaga ,Canacona, Canacona, Goa (SW)",Fire Station Canacona
2026-01-08T00:26:24.449Z,GA 07 G 1569-VRN(QUICK RESPONSE),15.3696816,73.9356849,0,STOP,At Fire Station Verna,Fire Station Verna
2026-01-08T00:26:24.449Z,GA 07 G 9909-VRN(ADVANCE MULTI-PURPOSE),15.36962,73.9357333,0,STOP,At Fire Station Verna,Fire Station Verna
2026-01-08T00:26:24.449Z,GA 07 G 1942-VAP(QUICK RESPONSE),15.531045,74.1388183,0,STOP,At Fire Station Valpoi ,Fire Station Valpoi
2026-01-08T00:26:24.449Z,GA 07 G 2003-CUR(QUICK RESPONSE),15.2603983,74.1037433,0,STOP,At Fire Station Curchorem,Fire Station Curchorem
2026-01-08T00:26:24.449Z,GA 07 G 7447-CUR(EMERGENCY RESCUE),15.2604233,74.10376,0,STOP,At Fire Station Curchorem,Fire Station Curchorem
2026-01-08T00:26:24.449Z,GA 07 G 7557-CUR(WATER TENDER),15.260345,74.1037183,0,STOP,At Fire Station Curchorem,Fire Station Curchorem
2026-01-08T00:26:24.449Z,GA 07 G 7667-CUR(WATER BOUSER),15.26034,74.1038333,0,STOP,At Fire Station Curchorem,Fire Station Curchorem
2026-01-08T00:26:24.449Z,GA 07 G 4989-KUN(WATER TENDER),15.4631883,73.9726567,0,STOP,At Fire Station Kundaim,Fire Station Kundaim
2026-01-08T00:26:24.449Z,GA 07 G 2242-PIL(WATER TENDER),15.53297,73.7940744,0,STOP,At Fire Station Pilerne,Fire Station Pilerne
2026-01-08T00:26:24.449Z,GA 07 G 0681-MAP(QUICK RESPONSE),15.589765,73.808805,0,STOP,At Fire Station Mapusa,Fire Station Mapusa
2026-01-08T00:26:24.449Z,GA 07 G 0307-PER(QUICK RESPONSE),15.7164939,73.7974239,0,INACTIVE,At Fire Station Pernem,Fire Station Pernem
2026-01-08T00:26:24.449Z,GA 07 G 2101-PER(MS WATER TENDER),15.7164339,73.7974506,0,STOP,At Fire Station Pernem,Fire Station Pernem
2026-01-08T00:26:24.449Z,GA 07 G 4600-PER(MINI RESCUE TENDER),15.7165006,73.7975322,0,STOP,At Fire Station Pernem,Fire Station Pernem
2026-01-08T00:26:24.449Z,GA 07 G 7272-PNJ(WATER TENDER),15.4871567,73.8173333,0,STOP,"Caculo Mall, 16 Shanta, St Inez Rd, Caculo Enclave, Santa Inez, Panaji, Goa (NW)",Fire Station Panaji
2026-01-08T00:26:24.449Z,GA07G2384- Cuncolim,15.1862711,74.0209944,0,STOP,At Fire Station Cuncolim,Fire Station Cuncolim
2026-01-08T00:26:24.449Z,GA07G2507 - Mid Size (Water Tender),15.71641,73.79755,0,STOP,At Fire Station Pernem,Fire Station Pernem
2026-01-08T00:26:24.449Z,GA07G2505 - Mid Size (Water Tender),15.5309333,74.1386233,0,STOP,At Fire Station Valpoi ,Fire Station Valpoi
2026-01-08T00:26:24.449Z,GA07G2504 - Mid Size (Water Tender),15.5893133,73.9465083,0,STOP,At Fire Station Bicholim ,Fire Station Bicholim
2026-01-08T00:26:24.449Z,GA07G2503-Mid Size (Water Tender),15.58997,73.80865,0,STOP,At Fire Station Mapusa,Fire Station Mapusa
2026-01-08T00:26:24.449Z,GA07G2502 - Mid Size (Water Tender),15.58982,73.8087483,0,STOP,At Fire Station Mapusa,Fire Force Headquarters
2026-01-08T00:27:25.910Z,GA 07 G 0680-PIL(QUICK RESPONSE VEHICLE),15.532865,73.7939283,0,STOP,At Fire Station Pilerne,Fire Station Pilerne
2026-01-08T00:27:25.910Z,GA07G2506 - Mid Size (Water Tender),15.500418,73.914055,0,STOP,At Fire Station Old Goa,Fire Station Old Goa
2026-01-08T00:27:25.910Z,GA 07 G 5115-POR(MINI WATER TENDER),15.523018,73.829498,0,STOP,At Porvorim Fire Station,Fire Station Porvorim
2026-01-08T00:27:25.910Z,GA 07 G 0350-MRG(WATER TENDER),15.269435,73.97068,0,STOP,At Fire Station Margoa,Fire Station Margao
2026-01-08T00:27:25.910Z,GA 07 G 2900-MAP(MINI RESCUE TENDER),15.59015,73.808701,0,STOP,At Fire Station Mapusa,Fire Station Mapusa
2026-01-08T00:27:25.910Z,GA 07 G 7600-FFHQ(WATER BOUSER),15.487355,73.817284,0,STOP,"Caculo Mall, 16 Shanta, St Inez Rd, Caculo Enclave, Santa Inez, Panaji, Goa (NW)",Fire Force Headquarters
2026-01-08T00:27:25.910Z,GA 07 G 2002-FFHQ(TURN TABLE LADDER),15.487413,73.8172,0,STOP,"Caculo Mall, 16 Shanta, St Inez Rd, Caculo Enclave, Santa Inez, Panaji, Goa (NW)",Fire Force Headquarters
2026-01-08T00:27:25.910Z,GA 07 G 7101-FFHQ(WATER TENDER),15.486933,73.817017,0,STOP,"Caculo Mall, 16 Shanta, St Inez Rd, Caculo Enclave, Santa Inez, Panaji, Goa (NW)",Fire Force Headquarters
2026-01-08T00:27:25.910Z,GA 07 G 7677-FFHQ(EMERGENCY RESCUE),15.487005,73.817436,0,STOP,"Caculo Mall, 16 Shanta, St Inez Rd, Caculo Enclave, Santa Inez, Panaji, Goa (NW)",Fire Force Headquarters
2026-01-08T00:27:25.910Z,GA 07 G 1121-PNJ(EMERGENCY RESCUE),15.487197,73.817276,0,STOP,"Caculo Mall, 16 Shanta, St Inez Rd, Caculo Enclave, Santa Inez, Panaji, Goa (NW)",Fire Station Panaji
2026-01-08T00:27:25.910Z,GA 07 G 1571-FFHQ(QUICK RESPONSE),15.486595,73.817528,0,STOP,"Caculo Mall, 16 Shanta, St Inez Rd, Caculo Enclave, Santa Inez, Panaji, Goa (SW)",Fire Force Headquarters
2026-01-08T00:27:25.910Z,GA 07 G 8101-MAP(WATER TENDER),15.589967,73.808762,0,STOP,At Fire Station Mapusa,Fire Station Mapusa
2026-01-08T00:27:25.910Z,GA 07 G 2317-MRG(EMERGENCY RESCUE TENDER),15.2693966,73.9702066,0,STOP,At Fire Station Margoa,Fire Station Margao
2026-01-08T00:27:25.910Z,GA 07 G 1570-VAS(QUICK RESPONSE FIRE TENDER),15.4054016,73.8930833,0,STOP,"Mendies, National Highway 366, Goa (NE)",Fire Station Vasco
2026-01-08T00:27:25.910Z,GA 07 G 4101-VAS(MS WATER TENDER),15.3888216,73.8512533,0,INACTIVE,At Fire Station Vasco,Fire Station Vasco
2026-01-08T00:27:25.910Z,GA 07 G 0819-VAS(WATER/FOAM TENDER),15.3888067,73.8512617,0,IDLE,At Fire Station Vasco,Fire Station Vasco
2026-01-08T00:27:25.910Z,GA 07 G 7100-MRG(WATER BOUSER),15.2694416,73.9701166,0,STOP,At Fire Station Margoa,Fire Station Margao
2026-01-08T00:27:25.910Z,GA 07 G 1568-MRG(QUICK RESPONSE ),15.26936,73.9704583,0,STOP,At Fire Station Margoa,Fire Station Margao
2026-01-08T00:27:25.910Z,GA 07 G 6101-MRG(WATER TENDER),15.2694199,73.969955,0,STOP,At Fire Station Margoa,Fire Station Margao
2026-01-08T00:27:25.910Z,GA 07 G 1001-MRG(AERIAL LADDER PLATFORM),15.269385,73.97019,0,STOP,At Fire Station Margoa,Fire Station Margao
2026-01-08T00:27:25.910Z,GA 07 G 0820-BIC(WATER TEDNER),15.40271,74.0028017,0,STOP,At Fire Station Ponda ,Fire Station Bicholim
2026-01-08T00:27:25.910Z,GA 07 G 5101-OLG(MS WATER TENDER),15.5001633,73.914055,0,STOP,At Fire Station Old Goa,Fire Station Old Goa
2026-01-08T00:27:25.910Z,GA 07 G 3101-BIC(MS WATER TENDER),15.5894183,73.9467766,0,STOP,At Fire Station Bicholim ,Fire Station Bicholim
2026-01-08T00:27:25.910Z,GA 07 G 1941-BIC(QUICK RESPONSE),15.589475,73.9467283,0,STOP,At Fire Station Bicholim ,Fire Station Bicholim
2026-01-08T00:27:25.910Z,GA 07 G 2319-VAS (EMERGENCY RESCUE TENDER),15.3892083,73.8478433,0,STOP,"155/C, near railway bridge, airport road, Alto-dabolim, Dabolim, Goa (SW)",Fire Station Vasco
2026-01-08T00:27:25.910Z,GA 07 G 3737-VAP(WATER TENDER),15.54645,74.0423016,0,STOP,"SH 1, Honda VP, Goa (SW)",Fire Station Valpoi
2026-01-08T00:27:25.910Z,GA 07 G 2318-PND(EMERGENCY RESCUE TENDER),15.402655,74.0030033,0,STOP,At Fire Station Ponda ,Fire Station Ponda
2026-01-08T00:27:25.910Z,GA 07 G 2004-PND(QUICK RESPONSE),15.4141016,73.9073083,0,INACTIVE,"Guru Hotel, Old Ferry Road, Agaçaim, Goa (SE)",Fire Station Ponda
2026-01-08T00:27:25.910Z,GA 07 G 9101-PND(WATER TENDER),15.4022033,74.0029466,0,STOP,At Fire Station Ponda ,Fire Station Ponda
2026-01-08T00:27:25.910Z,GA 07 G 9797-PND(WATER BOUSER),15.4027433,74.0028966,0,IDLE,At Fire Station Ponda ,Fire Station Ponda
2026-01-08T00:27:25.910Z,GA 07 G 6363-CAN(WATER TENDER),15.0236383,74.0440666,0,STOP,"Canacona, The Lalitrajbaga ,Canacona, Canacona, Goa (NE)",Fire Station Canacona
2026-01-08T00:27:25.910Z,GA 07 G 1567-CAN(QUICK RESPONSE FT),15.0163433,74.0396166,39,INACTIVE,"Canacona, The Lalitrajbaga ,Canacona, Canacona, Goa (SW)",Fire Station Canacona
2026-01-08T00:27:25.910Z,GA 07 G 1569-VRN(QUICK RESPONSE),15.3696816,73.9356849,0,STOP,At Fire Station Verna,Fire Station Verna
2026-01-08T00:27:25.910Z,GA 07 G 9909-VRN(ADVANCE MULTI-PURPOSE),15.36962,73.9357333,0,STOP,At Fire Station Verna,Fire Station Verna
2026-01-08T00:27:25.910Z,GA 07 G 1942-VAP(QUICK RESPONSE),15.531045,74.1388183,0,STOP,At Fire Station Valpoi ,Fire Station Valpoi
2026-01-08T00:27:25.910Z,GA 07 G 2003-CUR(QUICK RESPONSE),15.2603983,74.1037433,0,STOP,At Fire Station Curchorem,Fire Station Curchorem
2026-01-08T00:27:25.910Z,GA 07 G 7447-CUR(EMERGENCY RESCUE),15.2604233,74.10376,0,STOP,At Fire Station Curchorem,Fire Station Curchorem
2026-01-08T00:27:25.910Z,GA 07 G 7557-CUR(WATER TENDER),15.260345,74.1037183,0,STOP,At Fire Station Curchorem,Fire Station Curchorem
2026-01-08T00:27:25.910Z,GA 07 G 7667-CUR(WATER BOUSER),15.26034,74.1038333,0,STOP,At Fire Station Curchorem,Fire Station Curchorem
2026-01-08T00:27:25.910Z,GA 07 G 4989-KUN(WATER TENDER),15.4631883,73.9726567,0,STOP,At Fire Station Kundaim,Fire Station Kundaim
2026-01-08T00:27:25.910Z,GA 07 G 2242-PIL(WATER TENDER),15.53297,73.7940744,0,STOP,At Fire Station Pilerne,Fire Station Pilerne
2026-01-08T00:27:25.910Z,GA 07 G 0681-MAP(QUICK RESPONSE),15.589765,73.808805,0,STOP,At Fire Station Mapusa,Fire Station Mapusa
2026-01-08T00:27:25.910Z,GA 07 G 0307-PER(QUICK RESPONSE),15.7164939,73.7974239,0,INACTIVE,At Fire Station Pernem,Fire Station Pernem
2026-01-08T00:27:25.910Z,GA 07 G 2101-PER(MS WATER TENDER),15.7164339,73.7974506,0,STOP,At Fire Station Pernem,Fire Station Pernem
2026-01-08T00:27:25.910Z,GA 07 G 4600-PER(MINI RESCUE TENDER),15.7165006,73.7975322,0,STOP,At Fire Station Pernem,Fire Station Pernem
2026-01-08T00:27:25.910Z,GA 07 G 7272-PNJ(WATER TENDER),15.4871567,73.8173333,0,STOP,"Caculo Mall, 16 Shanta, St Inez Rd, Caculo Enclave, Santa Inez, Panaji, Goa (NW)",Fire Station Panaji
2026-01-08T00:27:25.910Z,GA07G2384- Cuncolim,15.1862711,74.0209944,0,STOP,At Fire Station Cuncolim,Fire Station Cuncolim
2026-01-08T00:27:25.910Z,GA07G2507 - Mid Size (Water Tender),15.71641,73.79755,0,STOP,At Fire Station Pernem,Fire Station Pernem
2026-01-08T00:27:25.910Z,GA07G2505 - Mid Size (Water Tender),15.5309333,74.1386233,0,STOP,At Fire Station Valpoi ,Fire Station Valpoi
2026-01-08T00:27:25.910Z,GA07G2504 - Mid Size (Water Tender),15.5893133,73.9465083,0,STOP,At Fire Station Bicholim ,Fire Station Bicholim
2026-01-08T00:27:25.910Z,GA07G2503-Mid Size (Water Tender),15.58997,73.80865,0,STOP,At Fire Station Mapusa,Fire Station Mapusa
2026-01-08T00:27:25.910Z,GA07G2502 - Mid Size (Water Tender),15.58982,73.8087483,0,STOP,At Fire Station Mapusa,Fire Force Headquarters
2026-01-08T00:28:30.719Z,GA 07 G 0680-PIL(QUICK RESPONSE VEHICLE),15.532865,73.7939283,0,STOP,At Fire Station Pilerne,Fire Station Pilerne
2026-01-08T00:28:30.719Z,GA07G2506 - Mid Size (Water Tender),15.500418,73.914055,0,STOP,At Fire Station Old Goa,Fire Station Old Goa
2026-01-08T00:28:30.719Z,GA 07 G 5115-POR(MINI WATER TENDER),15.523018,73.829498,0,STOP,At Porvorim Fire Station,Fire Station Porvorim
2026-01-08T00:28:30.719Z,GA 07 G 0350-MRG(WATER TENDER),15.269435,73.97068,0,STOP,At Fire Station Margoa,Fire Station Margao
2026-01-08T00:28:30.719Z,GA 07 G 2900-MAP(MINI RESCUE TENDER),15.59015,73.808701,0,STOP,At Fire Station Mapusa,Fire Station Mapusa
2026-01-08T00:28:30.719Z,GA 07 G 7600-FFHQ(WATER BOUSER),15.487355,73.817284,0,STOP,"Caculo Mall, 16 Shanta, St Inez Rd, Caculo Enclave, Santa Inez, Panaji, Goa (NW)",Fire Force Headquarters
2026-01-08T00:28:30.719Z,GA 07 G 2002-FFHQ(TURN TABLE LADDER),15.487413,73.8172,0,STOP,"Caculo Mall, 16 Shanta, St Inez Rd, Caculo Enclave, Santa Inez, Panaji, Goa (NW)",Fire Force Headquarters
2026-01-08T00:28:30.719Z,GA 07 G 7101-FFHQ(WATER TENDER),15.486933,73.817017,0,STOP,"Caculo Mall, 16 Shanta, St Inez Rd, Caculo Enclave, Santa Inez, Panaji, Goa (NW)",Fire Force Headquarters
2026-01-08T00:28:30.719Z,GA 07 G 7677-FFHQ(EMERGENCY RESCUE),15.487005,73.817436,0,STOP,"Caculo Mall, 16 Shanta, St Inez Rd, Caculo Enclave, Santa Inez, Panaji, Goa (NW)",Fire Force Headquarters
2026-01-08T00:28:30.719Z,GA 07 G 1121-PNJ(EMERGENCY RESCUE),15.487197,73.817276,0,STOP,"Caculo Mall, 16 Shanta, St Inez Rd, Caculo Enclave, Santa Inez, Panaji, Goa (NW)",Fire Station Panaji
2026-01-08T00:28:30.719Z,GA 07 G 1571-FFHQ(QUICK RESPONSE),15.486595,73.817528,0,STOP,"Caculo Mall, 16 Shanta, St Inez Rd, Caculo Enclave, Santa Inez, Panaji, Goa (SW)",Fire Force Headquarters
2026-01-08T00:28:30.719Z,GA 07 G 8101-MAP(WATER TENDER),15.589967,73.808762,0,STOP,At Fire Station Mapusa,Fire Station Mapusa
2026-01-08T00:28:30.719Z,GA 07 G 2317-MRG(EMERGENCY RESCUE TENDER),15.2693766,73.970215,0,STOP,At Fire Station Margoa,Fire Station Margao
2026-01-08T00:28:30.719Z,GA 07 G 1570-VAS(QUICK RESPONSE FIRE TENDER),15.4054016,73.8930833,0,STOP,"Mendies, National Highway 366, Goa (NE)",Fire Station Vasco
2026-01-08T00:28:30.719Z,GA 07 G 4101-VAS(MS WATER TENDER),15.3888216,73.8512533,0,INACTIVE,At Fire Station Vasco,Fire Station Vasco
2026-01-08T00:28:30.719Z,GA 07 G 0819-VAS(WATER/FOAM TENDER),15.3888067,73.8512617,0,IDLE,At Fire Station Vasco,Fire Station Vasco
2026-01-08T00:28:30.719Z,GA 07 G 7100-MRG(WATER BOUSER),15.2694416,73.9701166,0,STOP,At Fire Station Margoa,Fire Station Margao
2026-01-08T00:28:30.719Z,GA 07 G 1568-MRG(QUICK RESPONSE ),15.26936,73.9704583,0,STOP,At Fire Station Margoa,Fire Station Margao
2026-01-08T00:28:30.719Z,GA 07 G 6101-MRG(WATER TENDER),15.2694199,73.969955,0,STOP,At Fire Station Margoa,Fire Station Margao
2026-01-08T00:28:30.719Z,GA 07 G 1001-MRG(AERIAL LADDER PLATFORM),15.269385,73.97019,0,STOP,At Fire Station Margoa,Fire Station Margao
2026-01-08T00:28:30.719Z,GA 07 G 0820-BIC(WATER TEDNER),15.40271,74.0028017,0,STOP,At Fire Station Ponda ,Fire Station Bicholim
2026-01-08T00:28:30.719Z,GA 07 G 5101-OLG(MS WATER TENDER),15.5001633,73.914055,0,STOP,At Fire Station Old Goa,Fire Station Old Goa
2026-01-08T00:28:30.719Z,GA 07 G 3101-BIC(MS WATER TENDER),15.5887183,73.94642,1,STOP,At Fire Station Bicholim ,Fire Station Bicholim
2026-01-08T00:28:30.719Z,GA 07 G 1941-BIC(QUICK RESPONSE),15.589475,73.9467283,0,STOP,At Fire Station Bicholim ,Fire Station Bicholim
2026-01-08T00:28:30.719Z,GA 07 G 2319-VAS (EMERGENCY RESCUE TENDER),15.3892083,73.8478433,0,STOP,"155/C, near railway bridge, airport road, Alto-dabolim, Dabolim, Goa (SW)",Fire Station Vasco
2026-01-08T00:28:30.719Z,GA 07 G 3737-VAP(WATER TENDER),15.54645,74.0423016,0,STOP,"SH 1, Honda VP, Goa (SW)",Fire Station Valpoi
2026-01-08T00:28:30.719Z,GA 07 G 2318-PND(EMERGENCY RESCUE TENDER),15.402655,74.0030033,0,STOP,At Fire Station Ponda ,Fire Station Ponda
2026-01-08T00:28:30.719Z,GA 07 G 2004-PND(QUICK RESPONSE),15.4141016,73.9073083,0,INACTIVE,"Guru Hotel, Old Ferry Road, Agaçaim, Goa (SE)",Fire Station Ponda
2026-01-08T00:28:30.719Z,GA 07 G 9101-PND(WATER TENDER),15.4022033,74.0029466,0,STOP,At Fire Station Ponda ,Fire Station Ponda
2026-01-08T00:28:30.719Z,GA 07 G 9797-PND(WATER BOUSER),15.4027433,74.0028966,0,IDLE,At Fire Station Ponda ,Fire Station Ponda
2026-01-08T00:28:30.719Z,GA 07 G 6363-CAN(WATER TENDER),15.0236383,74.0440666,0,STOP,"Canacona, The Lalitrajbaga ,Canacona, Canacona, Goa (NE)",Fire Station Canacona
2026-01-08T00:28:30.719Z,GA 07 G 1567-CAN(QUICK RESPONSE FT),15.0163433,74.0396166,39,INACTIVE,"Canacona, The Lalitrajbaga ,Canacona, Canacona, Goa (SW)",Fire Station Canacona
2026-01-08T00:28:30.719Z,GA 07 G 1569-VRN(QUICK RESPONSE),15.3696816,73.9356849,0,STOP,At Fire Station Verna,Fire Station Verna
2026-01-08T00:28:30.719Z,GA 07 G 9909-VRN(ADVANCE MULTI-PURPOSE),15.36962,73.9357333,0,STOP,At Fire Station Verna,Fire Station Verna
2026-01-08T00:28:30.719Z,GA 07 G 1942-VAP(QUICK RESPONSE),15.531045,74.1388183,0,STOP,At Fire Station Valpoi ,Fire Station Valpoi
2026-01-08T00:28:30.719Z,GA 07 G 2003-CUR(QUICK RESPONSE),15.2603983,74.1037433,0,STOP,At Fire Station Curchorem,Fire Station Curchorem
2026-01-08T00:28:30.719Z,GA 07 G 7447-CUR(EMERGENCY RESCUE),15.2604233,74.10376,0,STOP,At Fire Station Curchorem,Fire Station Curchorem
2026-01-08T00:28:30.719Z,GA 07 G 7557-CUR(WATER TENDER),15.260345,74.1037183,0,STOP,At Fire Station Curchorem,Fire Station Curchorem
2026-01-08T00:28:30.719Z,GA 07 G 7667-CUR(WATER BOUSER),15.26034,74.1038333,0,STOP,At Fire Station Curchorem,Fire Station Curchorem
2026-01-08T00:28:30.719Z,GA 07 G 4989-KUN(WATER TENDER),15.4631883,73.9726567,0,STOP,At Fire Station Kundaim,Fire Station Kundaim
2026-01-08T00:28:30.719Z,GA 07 G 2242-PIL(WATER TENDER),15.53297,73.7940744,0,STOP,At Fire Station Pilerne,Fire Station Pilerne
2026-01-08T00:28:30.719Z,GA 07 G 0681-MAP(QUICK RESPONSE),15.589765,73.808805,0,STOP,At Fire Station Mapusa,Fire Station Mapusa
2026-01-08T00:28:30.719Z,GA 07 G 0307-PER(QUICK RESPONSE),15.7164939,73.7974239,0,INACTIVE,At Fire Station Pernem,Fire Station Pernem
2026-01-08T00:28:30.719Z,GA 07 G 2101-PER(MS WATER TENDER),15.7164339,73.7974506,0,STOP,At Fire Station Pernem,Fire Station Pernem
2026-01-08T00:28:30.719Z,GA 07 G 4600-PER(MINI RESCUE TENDER),15.7165006,73.7975322,0,STOP,At Fire Station Pernem,Fire Station Pernem
2026-01-08T00:28:30.719Z,GA 07 G 7272-PNJ(WATER TENDER),15.4871567,73.8173333,0,STOP,"Caculo Mall, 16 Shanta, St Inez Rd, Caculo Enclave, Santa Inez, Panaji, Goa (NW)",Fire Station Panaji
2026-01-08T00:28:30.719Z,GA07G2384- Cuncolim,15.1862711,74.0209944,0,STOP,At Fire Station Cuncolim,Fire Station Cuncolim
2026-01-08T00:28:30.719Z,GA07G2507 - Mid Size (Water Tender),15.71641,73.79755,0,STOP,At Fire Station Pernem,Fire Station Pernem
2026-01-08T00:28:30.719Z,GA07G2505 - Mid Size (Water Tender),15.5309333,74.1386233,0,STOP,At Fire Station Valpoi ,Fire Station Valpoi
2026-01-08T00:28:30.719Z,GA07G2504 - Mid Size (Water Tender),15.5893133,73.9465083,0,STOP,At Fire Station Bicholim ,Fire Station Bicholim
2026-01-08T00:28:30.719Z,GA07G2503-Mid Size (Water Tender),15.58997,73.80865,0,STOP,At Fire Station Mapusa,Fire Station Mapusa
2026-01-08T00:28:30.719Z,GA07G2502 - Mid Size (Water Tender),15.58982,73.8087483,0,STOP,At Fire Station Mapusa,Fire Force Headquarters
2026-01-08T00:29:26.532Z,GA 07 G 0680-PIL(QUICK RESPONSE VEHICLE),15.532865,73.7939283,0,STOP,At Fire Station Pilerne,Fire Station Pilerne
2026-01-08T00:29:26.532Z,GA07G2506 - Mid Size (Water Tender),15.500418,73.914055,0,STOP,At Fire Station Old Goa,Fire Station Old Goa
2026-01-08T00:29:26.532Z,GA 07 G 5115-POR(MINI WATER TENDER),15.523018,73.829498,0,STOP,At Porvorim Fire Station,Fire Station Porvorim
2026-01-08T00:29:26.532Z,GA 07 G 0350-MRG(WATER TENDER),15.269435,73.97068,0,STOP,At Fire Station Margoa,Fire Station Margao
2026-01-08T00:29:26.532Z,GA 07 G 2900-MAP(MINI RESCUE TENDER),15.59015,73.808701,0,STOP,At Fire Station Mapusa,Fire Station Mapusa
2026-01-08T00:29:26.532Z,GA 07 G 7600-FFHQ(WATER BOUSER),15.487355,73.817284,0,STOP,"Caculo Mall, 16 Shanta, St Inez Rd, Caculo Enclave, Santa Inez, Panaji, Goa (NW)",Fire Force Headquarters
2026-01-08T00:29:26.532Z,GA 07 G 2002-FFHQ(TURN TABLE LADDER),15.487413,73.8172,0,STOP,"Caculo Mall, 16 Shanta, St Inez Rd, Caculo Enclave, Santa Inez, Panaji, Goa (NW)",Fire Force Headquarters
2026-01-08T00:29:26.532Z,GA 07 G 7101-FFHQ(WATER TENDER),15.486933,73.817017,0,STOP,"Caculo Mall, 16 Shanta, St Inez Rd, Caculo Enclave, Santa Inez, Panaji, Goa (NW)",Fire Force Headquarters
2026-01-08T00:29:26.532Z,GA 07 G 7677-FFHQ(EMERGENCY RESCUE),15.487005,73.817436,0,STOP,"Caculo Mall, 16 Shanta, St Inez Rd, Caculo Enclave, Santa Inez, Panaji, Goa (NW)",Fire Force Headquarters
2026-01-08T00:29:26.532Z,GA 07 G 1121-PNJ(EMERGENCY RESCUE),15.487197,73.817276,0,STOP,"Caculo Mall, 16 Shanta, St Inez Rd, Caculo Enclave, Santa Inez, Panaji, Goa (NW)",Fire Station Panaji
2026-01-08T00:29:26.532Z,GA 07 G 1571-FFHQ(QUICK RESPONSE),15.486595,73.817528,0,STOP,"Caculo Mall, 16 Shanta, St Inez Rd, Caculo Enclave, Santa Inez, Panaji, Goa (SW)",Fire Force Headquarters
2026-01-08T00:29:26.532Z,GA 07 G 8101-MAP(WATER TENDER),15.589967,73.808762,0,STOP,At Fire Station Mapusa,Fire Station Mapusa
2026-01-08T00:29:26.532Z,GA 07 G 2317-MRG(EMERGENCY RESCUE TENDER),15.2694033,73.9705083,0,STOP,At Fire Station Margoa,Fire Station Margao
2026-01-08T00:29:26.532Z,GA 07 G 1570-VAS(QUICK RESPONSE FIRE TENDER),15.4054016,73.8930833,0,STOP,"Mendies, National Highway 366, Goa (NE)",Fire Station Vasco
2026-01-08T00:29:26.532Z,GA 07 G 4101-VAS(MS WATER TENDER),15.3888216,73.8512533,0,INACTIVE,At Fire Station Vasco,Fire Station Vasco
2026-01-08T00:29:26.532Z,GA 07 G 0819-VAS(WATER/FOAM TENDER),15.3888067,73.8512617,0,IDLE,At Fire Station Vasco,Fire Station Vasco
2026-01-08T00:29:26.532Z,GA 07 G 7100-MRG(WATER BOUSER),15.2694416,73.9701166,0,STOP,At Fire Station Margoa,Fire Station Margao
2026-01-08T00:29:26.532Z,GA 07 G 1568-MRG(QUICK RESPONSE ),15.26936,73.9704583,0,STOP,At Fire Station Margoa,Fire Station Margao
2026-01-08T00:29:26.532Z,GA 07 G 6101-MRG(WATER TENDER),15.2694199,73.969955,0,STOP,At Fire Station Margoa,Fire Station Margao
2026-01-08T00:29:26.532Z,GA 07 G 1001-MRG(AERIAL LADDER PLATFORM),15.269385,73.97019,0,STOP,At Fire Station Margoa,Fire Station Margao
2026-01-08T00:29:26.532Z,GA 07 G 0820-BIC(WATER TEDNER),15.40271,74.0028017,0,STOP,At Fire Station Ponda ,Fire Station Bicholim
2026-01-08T00:29:26.532Z,GA 07 G 5101-OLG(MS WATER TENDER),15.5001633,73.914055,0,STOP,At Fire Station Old Goa,Fire Station Old Goa
2026-01-08T00:29:26.532Z,GA 07 G 3101-BIC(MS WATER TENDER),15.5887183,73.94642,1,STOP,At Fire Station Bicholim ,Fire Station Bicholim
2026-01-08T00:29:26.532Z,GA 07 G 1941-BIC(QUICK RESPONSE),15.589475,73.9467283,0,STOP,At Fire Station Bicholim ,Fire Station Bicholim
2026-01-08T00:29:26.532Z,GA 07 G 2319-VAS (EMERGENCY RESCUE TENDER),15.3892083,73.8478433,0,STOP,"155/C, near railway bridge, airport road, Alto-dabolim, Dabolim, Goa (SW)",Fire Station Vasco
2026-01-08T00:29:26.532Z,GA 07 G 3737-VAP(WATER TENDER),15.54645,74.0423016,0,STOP,"SH 1, Honda VP, Goa (SW)",Fire Station Valpoi
2026-01-08T00:29:26.532Z,GA 07 G 2318-PND(EMERGENCY RESCUE TENDER),15.402655,74.0030033,0,STOP,At Fire Station Ponda ,Fire Station Ponda
2026-01-08T00:29:26.532Z,GA 07 G 2004-PND(QUICK RESPONSE),15.4141016,73.9073083,0,INACTIVE,"Guru Hotel, Old Ferry Road, Agaçaim, Goa (SE)",Fire Station Ponda
2026-01-08T00:29:26.532Z,GA 07 G 9101-PND(WATER TENDER),15.4022033,74.0029466,0,STOP,At Fire Station Ponda ,Fire Station Ponda
2026-01-08T00:29:26.532Z,GA 07 G 9797-PND(WATER BOUSER),15.4027433,74.0028966,0,IDLE,At Fire Station Ponda ,Fire Station Ponda
2026-01-08T00:29:26.532Z,GA 07 G 6363-CAN(WATER TENDER),15.0236383,74.0440666,0,STOP,"Canacona, The Lalitrajbaga ,Canacona, Canacona, Goa (NE)",Fire Station Canacona
2026-01-08T00:29:26.532Z,GA 07 G 1567-CAN(QUICK RESPONSE FT),15.0163433,74.0396166,39,INACTIVE,"Canacona, The Lalitrajbaga ,Canacona, Canacona, Goa (SW)",Fire Station Canacona
2026-01-08T00:29:26.532Z,GA 07 G 1569-VRN(QUICK RESPONSE),15.3696816,73.9356849,0,STOP,At Fire Station Verna,Fire Station Verna
2026-01-08T00:29:26.532Z,GA 07 G 9909-VRN(ADVANCE MULTI-PURPOSE),15.36962,73.9357333,0,STOP,At Fire Station Verna,Fire Station Verna
2026-01-08T00:29:26.532Z,GA 07 G 1942-VAP(QUICK RESPONSE),15.531045,74.1388183,0,STOP,At Fire Station Valpoi ,Fire Station Valpoi
2026-01-08T00:29:26.532Z,GA 07 G 2003-CUR(QUICK RESPONSE),15.2603983,74.1037433,0,STOP,At Fire Station Curchorem,Fire Station Curchorem
2026-01-08T00:29:26.532Z,GA 07 G 7447-CUR(EMERGENCY RESCUE),15.2604233,74.10376,0,STOP,At Fire Station Curchorem,Fire Station Curchorem
2026-01-08T00:29:26.532Z,GA 07 G 7557-CUR(WATER TENDER),15.260345,74.1037183,0,STOP,At Fire Station Curchorem,Fire Station Curchorem
2026-01-08T00:29:26.532Z,GA 07 G 7667-CUR(WATER BOUSER),15.26034,74.1038333,0,STOP,At Fire Station Curchorem,Fire Station Curchorem
2026-01-08T00:29:26.532Z,GA 07 G 4989-KUN(WATER TENDER),15.4631883,73.9726567,0,STOP,At Fire Station Kundaim,Fire Station Kundaim
2026-01-08T00:29:26.532Z,GA 07 G 2242-PIL(WATER TENDER),15.53297,73.7940744,0,STOP,At Fire Station Pilerne,Fire Station Pilerne
2026-01-08T00:29:26.532Z,GA 07 G 0681-MAP(QUICK RESPONSE),15.589765,73.808805,0,STOP,At Fire Station Mapusa,Fire Station Mapusa
2026-01-08T00:29:26.532Z,GA 07 G 0307-PER(QUICK RESPONSE),15.7164939,73.7974239,0,INACTIVE,At Fire Station Pernem,Fire Station Pernem
2026-01-08T00:29:26.532Z,GA 07 G 2101-PER(MS WATER TENDER),15.7164339,73.7974506,0,STOP,At Fire Station Pernem,Fire Station Pernem
2026-01-08T00:29:26.532Z,GA 07 G 4600-PER(MINI RESCUE TENDER),15.7165006,73.7975322,0,STOP,At Fire Station Pernem,Fire Station Pernem
2026-01-08T00:29:26.532Z,GA 07 G 7272-PNJ(WATER TENDER),15.4871567,73.8173333,0,STOP,"Caculo Mall, 16 Shanta, St Inez Rd, Caculo Enclave, Santa Inez, Panaji, Goa (NW)",Fire Station Panaji
2026-01-08T00:29:26.532Z,GA07G2384- Cuncolim,15.1862711,74.0209944,0,STOP,At Fire Station Cuncolim,Fire Station Cuncolim
2026-01-08T00:29:26.532Z,GA07G2507 - Mid Size (Water Tender),15.71641,73.79755,0,STOP,At Fire Station Pernem,Fire Station Pernem
2026-01-08T00:29:26.532Z,GA07G2505 - Mid Size (Water Tender),15.5309333,74.1386233,0,STOP,At Fire Station Valpoi ,Fire Station Valpoi
2026-01-08T00:29:26.532Z,GA07G2504 - Mid Size (Water Tender),15.5893133,73.9465083,0,STOP,At Fire Station Bicholim ,Fire Station Bicholim
2026-01-08T00:29:26.532Z,GA07G2503-Mid Size (Water Tender),15.58997,73.80865,0,STOP,At Fire Station Mapusa,Fire Station Mapusa
2026-01-08T00:29:26.532Z,GA07G2502 - Mid Size (Water Tender),15.58982,73.8087483,0,STOP,At Fire Station Mapusa,Fire Force Headquarters
2026-01-08T00:30:27.243Z,GA 07 G 0680-PIL(QUICK RESPONSE VEHICLE),15.532865,73.7939283,0,STOP,At Fire Station Pilerne,Fire Station Pilerne
2026-01-08T00:30:27.243Z,GA07G2506 - Mid Size (Water Tender),15.500418,73.914055,0,STOP,At Fire Station Old Goa,Fire Station Old Goa
2026-01-08T00:30:27.243Z,GA 07 G 5115-POR(MINI WATER TENDER),15.523018,73.829498,0,STOP,At Porvorim Fire Station,Fire Station Porvorim
2026-01-08T00:30:27.243Z,GA 07 G 0350-MRG(WATER TENDER),15.269435,73.97068,0,STOP,At Fire Station Margoa,Fire Station Margao
2026-01-08T00:30:27.243Z,GA 07 G 2900-MAP(MINI RESCUE TENDER),15.59015,73.808701,0,STOP,At Fire Station Mapusa,Fire Station Mapusa
2026-01-08T00:30:27.243Z,GA 07 G 7600-FFHQ(WATER BOUSER),15.487355,73.817284,0,STOP,"Caculo Mall, 16 Shanta, St Inez Rd, Caculo Enclave, Santa Inez, Panaji, Goa (NW)",Fire Force Headquarters
2026-01-08T00:30:27.243Z,GA 07 G 2002-FFHQ(TURN TABLE LADDER),15.487413,73.8172,0,STOP,"Caculo Mall, 16 Shanta, St Inez Rd, Caculo Enclave, Santa Inez, Panaji, Goa (NW)",Fire Force Headquarters
2026-01-08T00:30:27.243Z,GA 07 G 7101-FFHQ(WATER TENDER),15.486933,73.817017,0,STOP,"Caculo Mall, 16 Shanta, St Inez Rd, Caculo Enclave, Santa Inez, Panaji, Goa (NW)",Fire Force Headquarters
2026-01-08T00:30:27.243Z,GA 07 G 7677-FFHQ(EMERGENCY RESCUE),15.487005,73.817436,0,STOP,"Caculo Mall, 16 Shanta, St Inez Rd, Caculo Enclave, Santa Inez, Panaji, Goa (NW)",Fire Force Headquarters
2026-01-08T00:30:27.243Z,GA 07 G 1121-PNJ(EMERGENCY RESCUE),15.487197,73.817276,0,STOP,"Caculo Mall, 16 Shanta, St Inez Rd, Caculo Enclave, Santa Inez, Panaji, Goa (NW)",Fire Station Panaji
2026-01-08T00:30:27.243Z,GA 07 G 1571-FFHQ(QUICK RESPONSE),15.486595,73.817528,0,STOP,"Caculo Mall, 16 Shanta, St Inez Rd, Caculo Enclave, Santa Inez, Panaji, Goa (SW)",Fire Force Headquarters
2026-01-08T00:30:27.243Z,GA 07 G 8101-MAP(WATER TENDER),15.589967,73.808762,0,STOP,At Fire Station Mapusa,Fire Station Mapusa
2026-01-08T00:30:27.243Z,GA 07 G 2317-MRG(EMERGENCY RESCUE TENDER),15.2694483,73.97024,0,STOP,At Fire Station Margoa,Fire Station Margao
2026-01-08T00:30:27.243Z,GA 07 G 1570-VAS(QUICK RESPONSE FIRE TENDER),15.4054016,73.8930833,0,STOP,"Mendies, National Highway 366, Goa (NE)",Fire Station Vasco
2026-01-08T00:30:27.243Z,GA 07 G 4101-VAS(MS WATER TENDER),15.3888216,73.8512533,0,INACTIVE,At Fire Station Vasco,Fire Station Vasco
2026-01-08T00:30:27.243Z,GA 07 G 0819-VAS(WATER/FOAM TENDER),15.3888067,73.8512617,0,IDLE,At Fire Station Vasco,Fire Station Vasco
2026-01-08T00:30:27.243Z,GA 07 G 7100-MRG(WATER BOUSER),15.2694416,73.9701166,0,STOP,At Fire Station Margoa,Fire Station Margao
2026-01-08T00:30:27.243Z,GA 07 G 1568-MRG(QUICK RESPONSE ),15.26936,73.9704583,0,STOP,At Fire Station Margoa,Fire Station Margao
2026-01-08T00:30:27.243Z,GA 07 G 6101-MRG(WATER TENDER),15.2694199,73.969955,0,STOP,At Fire Station Margoa,Fire Station Margao
2026-01-08T00:30:27.243Z,GA 07 G 1001-MRG(AERIAL LADDER PLATFORM),15.269385,73.97019,0,STOP,At Fire Station Margoa,Fire Station Margao
2026-01-08T00:30:27.243Z,GA 07 G 0820-BIC(WATER TEDNER),15.40271,74.0028017,0,STOP,At Fire Station Ponda ,Fire Station Bicholim
2026-01-08T00:30:27.243Z,GA 07 G 5101-OLG(MS WATER TENDER),15.5001633,73.914055,0,STOP,At Fire Station Old Goa,Fire Station Old Goa
2026-01-08T00:30:27.243Z,GA 07 G 3101-BIC(MS WATER TENDER),15.5892066,73.9466383,0,STOP,At Fire Station Bicholim ,Fire Station Bicholim
2026-01-08T00:30:27.243Z,GA 07 G 1941-BIC(QUICK RESPONSE),15.589475,73.9467283,0,STOP,At Fire Station Bicholim ,Fire Station Bicholim
2026-01-08T00:30:27.243Z,GA 07 G 2319-VAS (EMERGENCY RESCUE TENDER),15.3892083,73.8478433,0,STOP,"155/C, near railway bridge, airport road, Alto-dabolim, Dabolim, Goa (SW)",Fire Station Vasco
2026-01-08T00:30:27.243Z,GA 07 G 3737-VAP(WATER TENDER),15.54645,74.0423016,0,STOP,"SH 1, Honda VP, Goa (SW)",Fire Station Valpoi
2026-01-08T00:30:27.243Z,GA 07 G 2318-PND(EMERGENCY RESCUE TENDER),15.402655,74.0030033,0,STOP,At Fire Station Ponda ,Fire Station Ponda
2026-01-08T00:30:27.243Z,GA 07 G 2004-PND(QUICK RESPONSE),15.4141016,73.9073083,0,INACTIVE,"Guru Hotel, Old Ferry Road, Agaçaim, Goa (SE)",Fire Station Ponda
2026-01-08T00:30:27.243Z,GA 07 G 9101-PND(WATER TENDER),15.4022033,74.0029466,0,STOP,At Fire Station Ponda ,Fire Station Ponda
2026-01-08T00:30:27.243Z,GA 07 G 9797-PND(WATER BOUSER),15.4027433,74.0028966,0,IDLE,At Fire Station Ponda ,Fire Station Ponda
2026-01-08T00:30:27.243Z,GA 07 G 6363-CAN(WATER TENDER),15.0236383,74.0440666,0,STOP,"Canacona, The Lalitrajbaga ,Canacona, Canacona, Goa (NE)",Fire Station Canacona
2026-01-08T00:30:27.243Z,GA 07 G 1567-CAN(QUICK RESPONSE FT),15.0163433,74.0396166,39,INACTIVE,"Canacona, The Lalitrajbaga ,Canacona, Canacona, Goa (SW)",Fire Station Canacona
2026-01-08T00:30:27.243Z,GA 07 G 1569-VRN(QUICK RESPONSE),15.3696816,73.9356849,0,STOP,At Fire Station Verna,Fire Station Verna
2026-01-08T00:30:27.243Z,GA 07 G 9909-VRN(ADVANCE MULTI-PURPOSE),15.36962,73.9357333,0,STOP,At Fire Station Verna,Fire Station Verna
2026-01-08T00:30:27.243Z,GA 07 G 1942-VAP(QUICK RESPONSE),15.531045,74.1388183,0,STOP,At Fire Station Valpoi ,Fire Station Valpoi
2026-01-08T00:30:27.243Z,GA 07 G 2003-CUR(QUICK RESPONSE),15.2603983,74.1037433,0,STOP,At Fire Station Curchorem,Fire Station Curchorem
2026-01-08T00:30:27.243Z,GA 07 G 7447-CUR(EMERGENCY RESCUE),15.2604233,74.10376,0,STOP,At Fire Station Curchorem,Fire Station Curchorem
2026-01-08T00:30:27.243Z,GA 07 G 7557-CUR(WATER TENDER),15.260345,74.1037183,0,STOP,At Fire Station Curchorem,Fire Station Curchorem
2026-01-08T00:30:27.243Z,GA 07 G 7667-CUR(WATER BOUSER),15.26034,74.1038333,0,STOP,At Fire Station Curchorem,Fire Station Curchorem
2026-01-08T00:30:27.243Z,GA 07 G 4989-KUN(WATER TENDER),15.4631883,73.9726567,0,STOP,At Fire Station Kundaim,Fire Station Kundaim
2026-01-08T00:30:27.243Z,GA 07 G 2242-PIL(WATER TENDER),15.53297,73.7940744,0,STOP,At Fire Station Pilerne,Fire Station Pilerne
2026-01-08T00:30:27.243Z,GA 07 G 0681-MAP(QUICK RESPONSE),15.589765,73.808805,0,STOP,At Fire Station Mapusa,Fire Station Mapusa
2026-01-08T00:30:27.243Z,GA 07 G 0307-PER(QUICK RESPONSE),15.7164939,73.7974239,0,INACTIVE,At Fire Station Pernem,Fire Station Pernem
2026-01-08T00:30:27.243Z,GA 07 G 2101-PER(MS WATER TENDER),15.7164339,73.7974506,0,STOP,At Fire Station Pernem,Fire Station Pernem
2026-01-08T00:30:27.243Z,GA 07 G 4600-PER(MINI RESCUE TENDER),15.7165006,73.7975322,0,STOP,At Fire Station Pernem,Fire Station Pernem
2026-01-08T00:30:27.243Z,GA 07 G 7272-PNJ(WATER TENDER),15.4871567,73.8173333,0,STOP,"Caculo Mall, 16 Shanta, St Inez Rd, Caculo Enclave, Santa Inez, Panaji, Goa (NW)",Fire Station Panaji
2026-01-08T00:30:27.243Z,GA07G2384- Cuncolim,15.1862711,74.0209944,0,STOP,At Fire Station Cuncolim,Fire Station Cuncolim
2026-01-08T00:30:27.243Z,GA07G2507 - Mid Size (Water Tender),15.71641,73.79755,0,STOP,At Fire Station Pernem,Fire Station Pernem
2026-01-08T00:30:27.243Z,GA07G2505 - Mid Size (Water Tender),15.5309333,74.1386233,0,STOP,At Fire Station Valpoi ,Fire Station Valpoi
2026-01-08T00:30:27.243Z,GA07G2504 - Mid Size (Water Tender),15.5893133,73.9465083,0,STOP,At Fire Station Bicholim ,Fire Station Bicholim
2026-01-08T00:30:27.243Z,GA07G2503-Mid Size (Water Tender),15.58997,73.80865,0,STOP,At Fire Station Mapusa,Fire Station Mapusa
2026-01-08T00:30:27.243Z,GA07G2502 - Mid Size (Water Tender),15.58982,73.8087483,0,STOP,At Fire Station Mapusa,Fire Force Headquarters
2026-01-08T00:31:25.769Z,GA 07 G 0680-PIL(QUICK RESPONSE VEHICLE),15.532865,73.7939283,0,STOP,At Fire Station Pilerne,Fire Station Pilerne
2026-01-08T00:31:25.769Z,GA07G2506 - Mid Size (Water Tender),15.500418,73.914055,0,STOP,At Fire Station Old Goa,Fire Station Old Goa
2026-01-08T00:31:25.769Z,GA 07 G 5115-POR(MINI WATER TENDER),15.523018,73.829498,0,STOP,At Porvorim Fire Station,Fire Station Porvorim
2026-01-08T00:31:25.769Z,GA 07 G 0350-MRG(WATER TENDER),15.269435,73.97068,0,STOP,At Fire Station Margoa,Fire Station Margao
2026-01-08T00:31:25.769Z,GA 07 G 2900-MAP(MINI RESCUE TENDER),15.59015,73.808701,0,STOP,At Fire Station Mapusa,Fire Station Mapusa
2026-01-08T00:31:25.769Z,GA 07 G 7600-FFHQ(WATER BOUSER),15.487355,73.817284,0,STOP,"Caculo Mall, 16 Shanta, St Inez Rd, Caculo Enclave, Santa Inez, Panaji, Goa (NW)",Fire Force Headquarters
2026-01-08T00:31:25.769Z,GA 07 G 2002-FFHQ(TURN TABLE LADDER),15.487413,73.8172,0,STOP,"Caculo Mall, 16 Shanta, St Inez Rd, Caculo Enclave, Santa Inez, Panaji, Goa (NW)",Fire Force Headquarters
2026-01-08T00:31:25.769Z,GA 07 G 7101-FFHQ(WATER TENDER),15.486933,73.817017,0,STOP,"Caculo Mall, 16 Shanta, St Inez Rd, Caculo Enclave, Santa Inez, Panaji, Goa (NW)",Fire Force Headquarters
2026-01-08T00:31:25.769Z,GA 07 G 7677-FFHQ(EMERGENCY RESCUE),15.487005,73.817436,0,STOP,"Caculo Mall, 16 Shanta, St Inez Rd, Caculo Enclave, Santa Inez, Panaji, Goa (NW)",Fire Force Headquarters
2026-01-08T00:31:25.769Z,GA 07 G 1121-PNJ(EMERGENCY RESCUE),15.487197,73.817276,0,STOP,"Caculo Mall, 16 Shanta, St Inez Rd, Caculo Enclave, Santa Inez, Panaji, Goa (NW)",Fire Station Panaji
2026-01-08T00:31:25.769Z,GA 07 G 1571-FFHQ(QUICK RESPONSE),15.486595,73.817528,0,STOP,"Caculo Mall, 16 Shanta, St Inez Rd, Caculo Enclave, Santa Inez, Panaji, Goa (SW)",Fire Force Headquarters
2026-01-08T00:31:25.769Z,GA 07 G 8101-MAP(WATER TENDER),15.589967,73.808762,0,STOP,At Fire Station Mapusa,Fire Station Mapusa
2026-01-08T00:31:25.769Z,GA 07 G 2317-MRG(EMERGENCY RESCUE TENDER),15.2694566,73.9701666,0,STOP,At Fire Station Margoa,Fire Station Margao
2026-01-08T00:31:25.769Z,GA 07 G 1570-VAS(QUICK RESPONSE FIRE TENDER),15.4054016,73.8930833,0,STOP,"Mendies, National Highway 366, Goa (NE)",Fire Station Vasco
2026-01-08T00:31:25.769Z,GA 07 G 4101-VAS(MS WATER TENDER),15.3888216,73.8512533,0,INACTIVE,At Fire Station Vasco,Fire Station Vasco
2026-01-08T00:31:25.769Z,GA 07 G 0819-VAS(WATER/FOAM TENDER),15.3888067,73.8512617,0,IDLE,At Fire Station Vasco,Fire Station Vasco
2026-01-08T00:31:25.769Z,GA 07 G 7100-MRG(WATER BOUSER),15.2694416,73.9701166,0,STOP,At Fire Station Margoa,Fire Station Margao
2026-01-08T00:31:25.769Z,GA 07 G 1568-MRG(QUICK RESPONSE ),15.26936,73.9704583,0,STOP,At Fire Station Margoa,Fire Station Margao
2026-01-08T00:31:25.769Z,GA 07 G 6101-MRG(WATER TENDER),15.2694199,73.969955,0,STOP,At Fire Station Margoa,Fire Station Margao
2026-01-08T00:31:25.769Z,GA 07 G 1001-MRG(AERIAL LADDER PLATFORM),15.269385,73.97019,0,STOP,At Fire Station Margoa,Fire Station Margao
2026-01-08T00:31:25.769Z,GA 07 G 0820-BIC(WATER TEDNER),15.40271,74.0028017,0,STOP,At Fire Station Ponda ,Fire Station Bicholim
2026-01-08T00:31:25.769Z,GA 07 G 5101-OLG(MS WATER TENDER),15.5001633,73.914055,0,STOP,At Fire Station Old Goa,Fire Station Old Goa
2026-01-08T00:31:25.769Z,GA 07 G 3101-BIC(MS WATER TENDER),15.5892066,73.9466383,0,STOP,At Fire Station Bicholim ,Fire Station Bicholim
2026-01-08T00:31:25.769Z,GA 07 G 1941-BIC(QUICK RESPONSE),15.589475,73.9467283,0,STOP,At Fire Station Bicholim ,Fire Station Bicholim
2026-01-08T00:31:25.769Z,GA 07 G 2319-VAS (EMERGENCY RESCUE TENDER),15.3892083,73.8478433,0,STOP,"155/C, near railway bridge, airport road, Alto-dabolim, Dabolim, Goa (SW)",Fire Station Vasco
2026-01-08T00:31:25.769Z,GA 07 G 3737-VAP(WATER TENDER),15.54645,74.0423016,0,STOP,"SH 1, Honda VP, Goa (SW)",Fire Station Valpoi
2026-01-08T00:31:25.769Z,GA 07 G 2318-PND(EMERGENCY RESCUE TENDER),15.402655,74.0030033,0,STOP,At Fire Station Ponda ,Fire Station Ponda
2026-01-08T00:31:25.769Z,GA 07 G 2004-PND(QUICK RESPONSE),15.4141016,73.9073083,0,INACTIVE,"Guru Hotel, Old Ferry Road, Agaçaim, Goa (SE)",Fire Station Ponda
2026-01-08T00:31:25.769Z,GA 07 G 9101-PND(WATER TENDER),15.4022033,74.0029466,0,STOP,At Fire Station Ponda ,Fire Station Ponda
2026-01-08T00:31:25.769Z,GA 07 G 9797-PND(WATER BOUSER),15.4027433,74.0028966,0,IDLE,At Fire Station Ponda ,Fire Station Ponda
2026-01-08T00:31:25.769Z,GA 07 G 6363-CAN(WATER TENDER),15.0236383,74.0440666,0,STOP,"Canacona, The Lalitrajbaga ,Canacona, Canacona, Goa (NE)",Fire Station Canacona
2026-01-08T00:31:25.769Z,GA 07 G 1567-CAN(QUICK RESPONSE FT),15.0163433,74.0396166,39,INACTIVE,"Canacona, The Lalitrajbaga ,Canacona, Canacona, Goa (SW)",Fire Station Canacona
2026-01-08T00:31:25.769Z,GA 07 G 1569-VRN(QUICK RESPONSE),15.3696816,73.9356849,0,STOP,At Fire Station Verna,Fire Station Verna
2026-01-08T00:31:25.769Z,GA 07 G 9909-VRN(ADVANCE MULTI-PURPOSE),15.36962,73.9357333,0,STOP,At Fire Station Verna,Fire Station Verna
2026-01-08T00:31:25.769Z,GA 07 G 1942-VAP(QUICK RESPONSE),15.531045,74.1388183,0,STOP,At Fire Station Valpoi ,Fire Station Valpoi
2026-01-08T00:31:25.769Z,GA 07 G 2003-CUR(QUICK RESPONSE),15.2603983,74.1037433,0,STOP,At Fire Station Curchorem,Fire Station Curchorem
2026-01-08T00:31:25.769Z,GA 07 G 7447-CUR(EMERGENCY RESCUE),15.2604233,74.10376,0,STOP,At Fire Station Curchorem,Fire Station Curchorem
2026-01-08T00:31:25.769Z,GA 07 G 7557-CUR(WATER TENDER),15.260345,74.1037183,0,STOP,At Fire Station Curchorem,Fire Station Curchorem
2026-01-08T00:31:25.769Z,GA 07 G 7667-CUR(WATER BOUSER),15.26034,74.1038333,0,STOP,At Fire Station Curchorem,Fire Station Curchorem
2026-01-08T00:31:25.769Z,GA 07 G 4989-KUN(WATER TENDER),15.4631883,73.9726567,0,STOP,At Fire Station Kundaim,Fire Station Kundaim
2026-01-08T00:31:25.769Z,GA 07 G 2242-PIL(WATER TENDER),15.53297,73.7940744,0,STOP,At Fire Station Pilerne,Fire Station Pilerne
2026-01-08T00:31:25.769Z,GA 07 G 0681-MAP(QUICK RESPONSE),15.589765,73.808805,0,STOP,At Fire Station Mapusa,Fire Station Mapusa
2026-01-08T00:31:25.769Z,GA 07 G 0307-PER(QUICK RESPONSE),15.7164939,73.7974239,0,INACTIVE,At Fire Station Pernem,Fire Station Pernem
2026-01-08T00:31:25.769Z,GA 07 G 2101-PER(MS WATER TENDER),15.7164339,73.7974506,0,STOP,At Fire Station Pernem,Fire Station Pernem
2026-01-08T00:31:25.769Z,GA 07 G 4600-PER(MINI RESCUE TENDER),15.7165006,73.7975322,0,STOP,At Fire Station Pernem,Fire Station Pernem
2026-01-08T00:31:25.769Z,GA 07 G 7272-PNJ(WATER TENDER),15.4871567,73.8173333,0,STOP,"Caculo Mall, 16 Shanta, St Inez Rd, Caculo Enclave, Santa Inez, Panaji, Goa (NW)",Fire Station Panaji
2026-01-08T00:31:25.769Z,GA07G2384- Cuncolim,15.1862711,74.0209944,0,STOP,At Fire Station Cuncolim,Fire Station Cuncolim
2026-01-08T00:31:25.769Z,GA07G2507 - Mid Size (Water Tender),15.71641,73.79755,0,STOP,At Fire Station Pernem,Fire Station Pernem
2026-01-08T00:31:25.769Z,GA07G2505 - Mid Size (Water Tender),15.5309333,74.1386233,0,STOP,At Fire Station Valpoi ,Fire Station Valpoi
2026-01-08T00:31:25.769Z,GA07G2504 - Mid Size (Water Tender),15.5893133,73.9465083,0,STOP,At Fire Station Bicholim ,Fire Station Bicholim
2026-01-08T00:31:25.769Z,GA07G2503-Mid Size (Water Tender),15.58997,73.80865,0,STOP,At Fire Station Mapusa,Fire Station Mapusa
2026-01-08T00:31:25.769Z,GA07G2502 - Mid Size (Water Tender),15.58982,73.8087483,0,STOP,At Fire Station Mapusa,Fire Force Headquarters
2026-01-08T00:32:26.744Z,GA 07 G 0680-PIL(QUICK RESPONSE VEHICLE),15.532865,73.7939283,0,STOP,At Fire Station Pilerne,Fire Station Pilerne
2026-01-08T00:32:26.744Z,GA07G2506 - Mid Size (Water Tender),15.500418,73.914055,0,STOP,At Fire Station Old Goa,Fire Station Old Goa
2026-01-08T00:32:26.744Z,GA 07 G 5115-POR(MINI WATER TENDER),15.523018,73.829498,0,STOP,At Porvorim Fire Station,Fire Station Porvorim
2026-01-08T00:32:26.744Z,GA 07 G 0350-MRG(WATER TENDER),15.269435,73.97068,0,STOP,At Fire Station Margoa,Fire Station Margao
2026-01-08T00:32:26.744Z,GA 07 G 2900-MAP(MINI RESCUE TENDER),15.59015,73.808701,0,STOP,At Fire Station Mapusa,Fire Station Mapusa
2026-01-08T00:32:26.744Z,GA 07 G 7600-FFHQ(WATER BOUSER),15.487355,73.817284,0,STOP,"Caculo Mall, 16 Shanta, St Inez Rd, Caculo Enclave, Santa Inez, Panaji, Goa (NW)",Fire Force Headquarters
2026-01-08T00:32:26.744Z,GA 07 G 2002-FFHQ(TURN TABLE LADDER),15.487413,73.8172,0,STOP,"Caculo Mall, 16 Shanta, St Inez Rd, Caculo Enclave, Santa Inez, Panaji, Goa (NW)",Fire Force Headquarters
2026-01-08T00:32:26.744Z,GA 07 G 7101-FFHQ(WATER TENDER),15.486933,73.817017,0,STOP,"Caculo Mall, 16 Shanta, St Inez Rd, Caculo Enclave, Santa Inez, Panaji, Goa (NW)",Fire Force Headquarters
2026-01-08T00:32:26.744Z,GA 07 G 7677-FFHQ(EMERGENCY RESCUE),15.487005,73.817436,0,STOP,"Caculo Mall, 16 Shanta, St Inez Rd, Caculo Enclave, Santa Inez, Panaji, Goa (NW)",Fire Force Headquarters
2026-01-08T00:32:26.744Z,GA 07 G 1121-PNJ(EMERGENCY RESCUE),15.487197,73.817276,0,STOP,"Caculo Mall, 16 Shanta, St Inez Rd, Caculo Enclave, Santa Inez, Panaji, Goa (NW)",Fire Station Panaji
2026-01-08T00:32:26.744Z,GA 07 G 1571-FFHQ(QUICK RESPONSE),15.486595,73.817528,0,STOP,"Caculo Mall, 16 Shanta, St Inez Rd, Caculo Enclave, Santa Inez, Panaji, Goa (SW)",Fire Force Headquarters
2026-01-08T00:32:26.744Z,GA 07 G 8101-MAP(WATER TENDER),15.589967,73.808762,0,STOP,At Fire Station Mapusa,Fire Station Mapusa
2026-01-08T00:32:26.744Z,GA 07 G 2317-MRG(EMERGENCY RESCUE TENDER),15.2694566,73.9701666,1,STOP,At Fire Station Margoa,Fire Station Margao
2026-01-08T00:32:26.744Z,GA 07 G 1570-VAS(QUICK RESPONSE FIRE TENDER),15.4054016,73.8930833,0,STOP,"Mendies, National Highway 366, Goa (NE)",Fire Station Vasco
2026-01-08T00:32:26.744Z,GA 07 G 4101-VAS(MS WATER TENDER),15.3888216,73.8512533,0,INACTIVE,At Fire Station Vasco,Fire Station Vasco
2026-01-08T00:32:26.744Z,GA 07 G 0819-VAS(WATER/FOAM TENDER),15.3888067,73.8512617,0,IDLE,At Fire Station Vasco,Fire Station Vasco
2026-01-08T00:32:26.744Z,GA 07 G 7100-MRG(WATER BOUSER),15.2694416,73.9701166,0,STOP,At Fire Station Margoa,Fire Station Margao
2026-01-08T00:32:26.744Z,GA 07 G 1568-MRG(QUICK RESPONSE ),15.26936,73.9704583,0,STOP,At Fire Station Margoa,Fire Station Margao
2026-01-08T00:32:26.744Z,GA 07 G 6101-MRG(WATER TENDER),15.2694199,73.969955,0,STOP,At Fire Station Margoa,Fire Station Margao
2026-01-08T00:32:26.744Z,GA 07 G 1001-MRG(AERIAL LADDER PLATFORM),15.269385,73.97019,0,STOP,At Fire Station Margoa,Fire Station Margao
2026-01-08T00:32:26.744Z,GA 07 G 0820-BIC(WATER TEDNER),15.40271,74.0028017,0,STOP,At Fire Station Ponda ,Fire Station Bicholim
2026-01-08T00:32:26.744Z,GA 07 G 5101-OLG(MS WATER TENDER),15.5001633,73.914055,0,STOP,At Fire Station Old Goa,Fire Station Old Goa
2026-01-08T00:32:26.744Z,GA 07 G 3101-BIC(MS WATER TENDER),15.5894733,73.94672,0,STOP,At Fire Station Bicholim ,Fire Station Bicholim
2026-01-08T00:32:26.744Z,GA 07 G 1941-BIC(QUICK RESPONSE),15.589475,73.9467283,0,STOP,At Fire Station Bicholim ,Fire Station Bicholim
2026-01-08T00:32:26.744Z,GA 07 G 2319-VAS (EMERGENCY RESCUE TENDER),15.3892083,73.8478433,0,STOP,"155/C, near railway bridge, airport road, Alto-dabolim, Dabolim, Goa (SW)",Fire Station Vasco
2026-01-08T00:32:26.744Z,GA 07 G 3737-VAP(WATER TENDER),15.54645,74.0423016,0,STOP,"SH 1, Honda VP, Goa (SW)",Fire Station Valpoi
2026-01-08T00:32:26.744Z,GA 07 G 2318-PND(EMERGENCY RESCUE TENDER),15.402655,74.0030033,0,STOP,At Fire Station Ponda ,Fire Station Ponda
2026-01-08T00:32:26.744Z,GA 07 G 2004-PND(QUICK RESPONSE),15.4141016,73.9073083,0,INACTIVE,"Guru Hotel, Old Ferry Road, Agaçaim, Goa (SE)",Fire Station Ponda
2026-01-08T00:32:26.744Z,GA 07 G 9101-PND(WATER TENDER),15.4022033,74.0029466,0,STOP,At Fire Station Ponda ,Fire Station Ponda
2026-01-08T00:32:26.744Z,GA 07 G 9797-PND(WATER BOUSER),15.4027433,74.0028966,0,IDLE,At Fire Station Ponda ,Fire Station Ponda
2026-01-08T00:32:26.744Z,GA 07 G 6363-CAN(WATER TENDER),15.0236383,74.0440666,0,STOP,"Canacona, The Lalitrajbaga ,Canacona, Canacona, Goa (NE)",Fire Station Canacona
2026-01-08T00:32:26.744Z,GA 07 G 1567-CAN(QUICK RESPONSE FT),15.0163433,74.0396166,39,INACTIVE,"Canacona, The Lalitrajbaga ,Canacona, Canacona, Goa (SW)",Fire Station Canacona
2026-01-08T00:32:26.744Z,GA 07 G 1569-VRN(QUICK RESPONSE),15.3696816,73.9356849,0,STOP,At Fire Station Verna,Fire Station Verna
2026-01-08T00:32:26.744Z,GA 07 G 9909-VRN(ADVANCE MULTI-PURPOSE),15.36962,73.9357333,0,STOP,At Fire Station Verna,Fire Station Verna
2026-01-08T00:32:26.744Z,GA 07 G 1942-VAP(QUICK RESPONSE),15.531045,74.1388183,0,STOP,At Fire Station Valpoi ,Fire Station Valpoi
2026-01-08T00:32:26.744Z,GA 07 G 2003-CUR(QUICK RESPONSE),15.2603983,74.1037433,0,STOP,At Fire Station Curchorem,Fire Station Curchorem
2026-01-08T00:32:26.744Z,GA 07 G 7447-CUR(EMERGENCY RESCUE),15.2604233,74.10376,0,STOP,At Fire Station Curchorem,Fire Station Curchorem
2026-01-08T00:32:26.744Z,GA 07 G 7557-CUR(WATER TENDER),15.260345,74.1037183,0,STOP,At Fire Station Curchorem,Fire Station Curchorem
2026-01-08T00:32:26.744Z,GA 07 G 7667-CUR(WATER BOUSER),15.26034,74.1038333,0,STOP,At Fire Station Curchorem,Fire Station Curchorem
2026-01-08T00:32:26.744Z,GA 07 G 4989-KUN(WATER TENDER),15.4631883,73.9726567,0,STOP,At Fire Station Kundaim,Fire Station Kundaim
2026-01-08T00:32:26.744Z,GA 07 G 2242-PIL(WATER TENDER),15.53297,73.7940744,0,STOP,At Fire Station Pilerne,Fire Station Pilerne
2026-01-08T00:32:26.744Z,GA 07 G 0681-MAP(QUICK RESPONSE),15.589765,73.808805,0,STOP,At Fire Station Mapusa,Fire Station Mapusa
2026-01-08T00:32:26.744Z,GA 07 G 0307-PER(QUICK RESPONSE),15.7164939,73.7974239,0,INACTIVE,At Fire Station Pernem,Fire Station Pernem
2026-01-08T00:32:26.744Z,GA 07 G 2101-PER(MS WATER TENDER),15.7164339,73.7974506,0,STOP,At Fire Station Pernem,Fire Station Pernem
2026-01-08T00:32:26.744Z,GA 07 G 4600-PER(MINI RESCUE TENDER),15.7165006,73.7975322,0,STOP,At Fire Station Pernem,Fire Station Pernem
2026-01-08T00:32:26.744Z,GA 07 G 7272-PNJ(WATER TENDER),15.4871567,73.8173333,0,STOP,"Caculo Mall, 16 Shanta, St Inez Rd, Caculo Enclave, Santa Inez, Panaji, Goa (NW)",Fire Station Panaji
2026-01-08T00:32:26.744Z,GA07G2384- Cuncolim,15.1862711,74.0209944,0,STOP,At Fire Station Cuncolim,Fire Station Cuncolim
2026-01-08T00:32:26.744Z,GA07G2507 - Mid Size (Water Tender),15.71641,73.79755,0,STOP,At Fire Station Pernem,Fire Station Pernem
2026-01-08T00:32:26.744Z,GA07G2505 - Mid Size (Water Tender),15.5309333,74.1386233,0,STOP,At Fire Station Valpoi ,Fire Station Valpoi
2026-01-08T00:32:26.744Z,GA07G2504 - Mid Size (Water Tender),15.5893133,73.9465083,0,STOP,At Fire Station Bicholim ,Fire Station Bicholim
2026-01-08T00:32:26.744Z,GA07G2503-Mid Size (Water Tender),15.58997,73.80865,0,STOP,At Fire Station Mapusa,Fire Station Mapusa
2026-01-08T00:32:26.744Z,GA07G2502 - Mid Size (Water Tender),15.58982,73.8087483,0,STOP,At Fire Station Mapusa,Fire Force Headquarters
2026-01-08T00:33:27.364Z,GA 07 G 0680-PIL(QUICK RESPONSE VEHICLE),15.532865,73.7939283,0,STOP,At Fire Station Pilerne,Fire Station Pilerne
2026-01-08T00:33:27.364Z,GA07G2506 - Mid Size (Water Tender),15.500418,73.914055,0,STOP,At Fire Station Old Goa,Fire Station Old Goa
2026-01-08T00:33:27.364Z,GA 07 G 5115-POR(MINI WATER TENDER),15.523018,73.829498,0,STOP,At Porvorim Fire Station,Fire Station Porvorim
2026-01-08T00:33:27.364Z,GA 07 G 0350-MRG(WATER TENDER),15.269435,73.97068,0,STOP,At Fire Station Margoa,Fire Station Margao
2026-01-08T00:33:27.364Z,GA 07 G 2900-MAP(MINI RESCUE TENDER),15.59015,73.808701,0,STOP,At Fire Station Mapusa,Fire Station Mapusa
2026-01-08T00:33:27.364Z,GA 07 G 7600-FFHQ(WATER BOUSER),15.487355,73.817284,0,STOP,"Caculo Mall, 16 Shanta, St Inez Rd, Caculo Enclave, Santa Inez, Panaji, Goa (NW)",Fire Force Headquarters
2026-01-08T00:33:27.364Z,GA 07 G 2002-FFHQ(TURN TABLE LADDER),15.487413,73.8172,0,STOP,"Caculo Mall, 16 Shanta, St Inez Rd, Caculo Enclave, Santa Inez, Panaji, Goa (NW)",Fire Force Headquarters
2026-01-08T00:33:27.364Z,GA 07 G 7101-FFHQ(WATER TENDER),15.486933,73.817017,0,STOP,"Caculo Mall, 16 Shanta, St Inez Rd, Caculo Enclave, Santa Inez, Panaji, Goa (NW)",Fire Force Headquarters
2026-01-08T00:33:27.364Z,GA 07 G 7677-FFHQ(EMERGENCY RESCUE),15.487005,73.817436,0,STOP,"Caculo Mall, 16 Shanta, St Inez Rd, Caculo Enclave, Santa Inez, Panaji, Goa (NW)",Fire Force Headquarters
2026-01-08T00:33:27.364Z,GA 07 G 1121-PNJ(EMERGENCY RESCUE),15.487197,73.817276,0,STOP,"Caculo Mall, 16 Shanta, St Inez Rd, Caculo Enclave, Santa Inez, Panaji, Goa (NW)",Fire Station Panaji
2026-01-08T00:33:27.364Z,GA 07 G 1571-FFHQ(QUICK RESPONSE),15.486595,73.817528,0,STOP,"Caculo Mall, 16 Shanta, St Inez Rd, Caculo Enclave, Santa Inez, Panaji, Goa (SW)",Fire Force Headquarters
2026-01-08T00:33:27.364Z,GA 07 G 8101-MAP(WATER TENDER),15.589967,73.808762,0,STOP,At Fire Station Mapusa,Fire Station Mapusa
2026-01-08T00:33:27.364Z,GA 07 G 2317-MRG(EMERGENCY RESCUE TENDER),15.2694616,73.9701416,0,STOP,At Fire Station Margoa,Fire Station Margao
2026-01-08T00:33:27.364Z,GA 07 G 1570-VAS(QUICK RESPONSE FIRE TENDER),15.4054016,73.8930833,0,STOP,"Mendies, National Highway 366, Goa (NE)",Fire Station Vasco
2026-01-08T00:33:27.364Z,GA 07 G 4101-VAS(MS WATER TENDER),15.3888216,73.8512533,0,INACTIVE,At Fire Station Vasco,Fire Station Vasco
2026-01-08T00:33:27.364Z,GA 07 G 0819-VAS(WATER/FOAM TENDER),15.3888067,73.8512617,0,IDLE,At Fire Station Vasco,Fire Station Vasco
2026-01-08T00:33:27.364Z,GA 07 G 7100-MRG(WATER BOUSER),15.2694416,73.9701166,0,STOP,At Fire Station Margoa,Fire Station Margao
2026-01-08T00:33:27.364Z,GA 07 G 1568-MRG(QUICK RESPONSE ),15.26936,73.9704583,0,STOP,At Fire Station Margoa,Fire Station Margao
2026-01-08T00:33:27.364Z,GA 07 G 6101-MRG(WATER TENDER),15.2694199,73.969955,0,STOP,At Fire Station Margoa,Fire Station Margao
2026-01-08T00:33:27.364Z,GA 07 G 1001-MRG(AERIAL LADDER PLATFORM),15.269385,73.97019,0,STOP,At Fire Station Margoa,Fire Station Margao
2026-01-08T00:33:27.364Z,GA 07 G 0820-BIC(WATER TEDNER),15.40271,74.0028017,0,STOP,At Fire Station Ponda ,Fire Station Bicholim
2026-01-08T00:33:27.364Z,GA 07 G 5101-OLG(MS WATER TENDER),15.5001633,73.914055,0,STOP,At Fire Station Old Goa,Fire Station Old Goa
2026-01-08T00:33:27.364Z,GA 07 G 3101-BIC(MS WATER TENDER),15.5894733,73.94672,0,STOP,At Fire Station Bicholim ,Fire Station Bicholim
2026-01-08T00:33:27.364Z,GA 07 G 1941-BIC(QUICK RESPONSE),15.589475,73.9467283,0,STOP,At Fire Station Bicholim ,Fire Station Bicholim
2026-01-08T00:33:27.364Z,GA 07 G 2319-VAS (EMERGENCY RESCUE TENDER),15.3892083,73.8478433,0,STOP,"155/C, near railway bridge, airport road, Alto-dabolim, Dabolim, Goa (SW)",Fire Station Vasco
2026-01-08T00:33:27.364Z,GA 07 G 3737-VAP(WATER TENDER),15.54645,74.0423016,0,STOP,"SH 1, Honda VP, Goa (SW)",Fire Station Valpoi
2026-01-08T00:33:27.364Z,GA 07 G 2318-PND(EMERGENCY RESCUE TENDER),15.402655,74.0030033,0,STOP,At Fire Station Ponda ,Fire Station Ponda
2026-01-08T00:33:27.364Z,GA 07 G 2004-PND(QUICK RESPONSE),15.4141016,73.9073083,0,INACTIVE,"Guru Hotel, Old Ferry Road, Agaçaim, Goa (SE)",Fire Station Ponda
2026-01-08T00:33:27.364Z,GA 07 G 9101-PND(WATER TENDER),15.4022033,74.0029466,0,STOP,At Fire Station Ponda ,Fire Station Ponda
2026-01-08T00:33:27.364Z,GA 07 G 9797-PND(WATER BOUSER),15.4027433,74.0028966,0,IDLE,At Fire Station Ponda ,Fire Station Ponda
2026-01-08T00:33:27.364Z,GA 07 G 6363-CAN(WATER TENDER),15.0236383,74.0440666,0,STOP,"Canacona, The Lalitrajbaga ,Canacona, Canacona, Goa (NE)",Fire Station Canacona
2026-01-08T00:33:27.364Z,GA 07 G 1567-CAN(QUICK RESPONSE FT),15.0163433,74.0396166,39,INACTIVE,"Canacona, The Lalitrajbaga ,Canacona, Canacona, Goa (SW)",Fire Station Canacona
2026-01-08T00:33:27.364Z,GA 07 G 1569-VRN(QUICK RESPONSE),15.3696816,73.9356849,0,STOP,At Fire Station Verna,Fire Station Verna
2026-01-08T00:33:27.364Z,GA 07 G 9909-VRN(ADVANCE MULTI-PURPOSE),15.36962,73.9357333,0,STOP,At Fire Station Verna,Fire Station Verna
2026-01-08T00:33:27.364Z,GA 07 G 1942-VAP(QUICK RESPONSE),15.531045,74.1388183,0,STOP,At Fire Station Valpoi ,Fire Station Valpoi
2026-01-08T00:33:27.364Z,GA 07 G 2003-CUR(QUICK RESPONSE),15.2603983,74.1037433,0,STOP,At Fire Station Curchorem,Fire Station Curchorem
2026-01-08T00:33:27.364Z,GA 07 G 7447-CUR(EMERGENCY RESCUE),15.2604233,74.10376,0,STOP,At Fire Station Curchorem,Fire Station Curchorem
2026-01-08T00:33:27.364Z,GA 07 G 7557-CUR(WATER TENDER),15.260345,74.1037183,0,STOP,At Fire Station Curchorem,Fire Station Curchorem
2026-01-08T00:33:27.364Z,GA 07 G 7667-CUR(WATER BOUSER),15.26034,74.1038333,0,STOP,At Fire Station Curchorem,Fire Station Curchorem
2026-01-08T00:33:27.364Z,GA 07 G 4989-KUN(WATER TENDER),15.4631883,73.9726567,0,STOP,At Fire Station Kundaim,Fire Station Kundaim
2026-01-08T00:33:27.364Z,GA 07 G 2242-PIL(WATER TENDER),15.53297,73.7940744,0,STOP,At Fire Station Pilerne,Fire Station Pilerne
2026-01-08T00:33:27.364Z,GA 07 G 0681-MAP(QUICK RESPONSE),15.589765,73.808805,0,STOP,At Fire Station Mapusa,Fire Station Mapusa
2026-01-08T00:33:27.364Z,GA 07 G 0307-PER(QUICK RESPONSE),15.7164939,73.7974239,0,INACTIVE,At Fire Station Pernem,Fire Station Pernem
2026-01-08T00:33:27.364Z,GA 07 G 2101-PER(MS WATER TENDER),15.7164339,73.7974506,0,STOP,At Fire Station Pernem,Fire Station Pernem
2026-01-08T00:33:27.364Z,GA 07 G 4600-PER(MINI RESCUE TENDER),15.7165006,73.7975322,0,STOP,At Fire Station Pernem,Fire Station Pernem
2026-01-08T00:33:27.364Z,GA 07 G 7272-PNJ(WATER TENDER),15.4871567,73.8173333,0,STOP,"Caculo Mall, 16 Shanta, St Inez Rd, Caculo Enclave, Santa Inez, Panaji, Goa (NW)",Fire Station Panaji
2026-01-08T00:33:27.364Z,GA07G2384- Cuncolim,15.1862711,74.0209944,0,STOP,At Fire Station Cuncolim,Fire Station Cuncolim
2026-01-08T00:33:27.364Z,GA07G2507 - Mid Size (Water Tender),15.71641,73.79755,0,STOP,At Fire Station Pernem,Fire Station Pernem
2026-01-08T00:33:27.364Z,GA07G2505 - Mid Size (Water Tender),15.5309333,74.1386233,0,STOP,At Fire Station Valpoi ,Fire Station Valpoi
2026-01-08T00:33:27.364Z,GA07G2504 - Mid Size (Water Tender),15.5893133,73.9465083,0,STOP,At Fire Station Bicholim ,Fire Station Bicholim
2026-01-08T00:33:27.364Z,GA07G2503-Mid Size (Water Tender),15.58997,73.80865,0,STOP,At Fire Station Mapusa,Fire Station Mapusa
2026-01-08T00:33:27.364Z,GA07G2502 - Mid Size (Water Tender),15.58982,73.8087483,0,STOP,At Fire Station Mapusa,Fire Force Headquarters
2026-01-08T00:34:29.425Z,GA 07 G 0680-PIL(QUICK RESPONSE VEHICLE),15.532865,73.7939283,0,STOP,At Fire Station Pilerne,Fire Station Pilerne
2026-01-08T00:34:29.425Z,GA07G2506 - Mid Size (Water Tender),15.500418,73.914055,0,STOP,At Fire Station Old Goa,Fire Station Old Goa
2026-01-08T00:34:29.425Z,GA 07 G 5115-POR(MINI WATER TENDER),15.523018,73.829498,0,STOP,At Porvorim Fire Station,Fire Station Porvorim
2026-01-08T00:34:29.425Z,GA 07 G 0350-MRG(WATER TENDER),15.269435,73.97068,0,STOP,At Fire Station Margoa,Fire Station Margao
2026-01-08T00:34:29.425Z,GA 07 G 2900-MAP(MINI RESCUE TENDER),15.59015,73.808701,0,STOP,At Fire Station Mapusa,Fire Station Mapusa
2026-01-08T00:34:29.425Z,GA 07 G 7600-FFHQ(WATER BOUSER),15.487355,73.817284,0,STOP,"Caculo Mall, 16 Shanta, St Inez Rd, Caculo Enclave, Santa Inez, Panaji, Goa (NW)",Fire Force Headquarters
2026-01-08T00:34:29.425Z,GA 07 G 2002-FFHQ(TURN TABLE LADDER),15.487413,73.8172,0,STOP,"Caculo Mall, 16 Shanta, St Inez Rd, Caculo Enclave, Santa Inez, Panaji, Goa (NW)",Fire Force Headquarters
2026-01-08T00:34:29.425Z,GA 07 G 7101-FFHQ(WATER TENDER),15.486933,73.817017,0,STOP,"Caculo Mall, 16 Shanta, St Inez Rd, Caculo Enclave, Santa Inez, Panaji, Goa (NW)",Fire Force Headquarters
2026-01-08T00:34:29.425Z,GA 07 G 7677-FFHQ(EMERGENCY RESCUE),15.487005,73.817436,0,STOP,"Caculo Mall, 16 Shanta, St Inez Rd, Caculo Enclave, Santa Inez, Panaji, Goa (NW)",Fire Force Headquarters
2026-01-08T00:34:29.425Z,GA 07 G 1121-PNJ(EMERGENCY RESCUE),15.487197,73.817276,0,STOP,"Caculo Mall, 16 Shanta, St Inez Rd, Caculo Enclave, Santa Inez, Panaji, Goa (NW)",Fire Station Panaji
2026-01-08T00:34:29.425Z,GA 07 G 1571-FFHQ(QUICK RESPONSE),15.486595,73.817528,0,STOP,"Caculo Mall, 16 Shanta, St Inez Rd, Caculo Enclave, Santa Inez, Panaji, Goa (SW)",Fire Force Headquarters
2026-01-08T00:34:29.425Z,GA 07 G 8101-MAP(WATER TENDER),15.589967,73.808762,0,STOP,At Fire Station Mapusa,Fire Station Mapusa
2026-01-08T00:34:29.425Z,GA 07 G 2317-MRG(EMERGENCY RESCUE TENDER),15.2694316,73.9701016,1,STOP,At Fire Station Margoa,Fire Station Margao
2026-01-08T00:34:29.425Z,GA 07 G 1570-VAS(QUICK RESPONSE FIRE TENDER),15.4054016,73.8930833,0,STOP,"Mendies, National Highway 366, Goa (NE)",Fire Station Vasco
2026-01-08T00:34:29.425Z,GA 07 G 4101-VAS(MS WATER TENDER),15.3888216,73.8512533,0,INACTIVE,At Fire Station Vasco,Fire Station Vasco
2026-01-08T00:34:29.425Z,GA 07 G 0819-VAS(WATER/FOAM TENDER),15.3888067,73.8512617,0,IDLE,At Fire Station Vasco,Fire Station Vasco
2026-01-08T00:34:29.425Z,GA 07 G 7100-MRG(WATER BOUSER),15.2694416,73.9701166,0,STOP,At Fire Station Margoa,Fire Station Margao
2026-01-08T00:34:29.425Z,GA 07 G 1568-MRG(QUICK RESPONSE ),15.26936,73.9704583,0,STOP,At Fire Station Margoa,Fire Station Margao
2026-01-08T00:34:29.425Z,GA 07 G 6101-MRG(WATER TENDER),15.2694199,73.969955,0,STOP,At Fire Station Margoa,Fire Station Margao
2026-01-08T00:34:29.425Z,GA 07 G 1001-MRG(AERIAL LADDER PLATFORM),15.269385,73.97019,0,STOP,At Fire Station Margoa,Fire Station Margao
2026-01-08T00:34:29.425Z,GA 07 G 0820-BIC(WATER TEDNER),15.40271,74.0028017,0,STOP,At Fire Station Ponda ,Fire Station Bicholim
2026-01-08T00:34:29.425Z,GA 07 G 5101-OLG(MS WATER TENDER),15.5001633,73.914055,0,STOP,At Fire Station Old Goa,Fire Station Old Goa
2026-01-08T00:34:29.425Z,GA 07 G 3101-BIC(MS WATER TENDER),15.5894733,73.94672,0,STOP,At Fire Station Bicholim ,Fire Station Bicholim
2026-01-08T00:34:29.425Z,GA 07 G 1941-BIC(QUICK RESPONSE),15.589475,73.9467283,0,STOP,At Fire Station Bicholim ,Fire Station Bicholim
2026-01-08T00:34:29.425Z,GA 07 G 2319-VAS (EMERGENCY RESCUE TENDER),15.3892083,73.8478433,0,STOP,"155/C, near railway bridge, airport road, Alto-dabolim, Dabolim, Goa (SW)",Fire Station Vasco
2026-01-08T00:34:29.425Z,GA 07 G 3737-VAP(WATER TENDER),15.54645,74.0423016,0,STOP,"SH 1, Honda VP, Goa (SW)",Fire Station Valpoi
2026-01-08T00:34:29.425Z,GA 07 G 2318-PND(EMERGENCY RESCUE TENDER),15.402655,74.0030033,0,STOP,At Fire Station Ponda ,Fire Station Ponda
2026-01-08T00:34:29.425Z,GA 07 G 2004-PND(QUICK RESPONSE),15.4141016,73.9073083,0,INACTIVE,"Guru Hotel, Old Ferry Road, Agaçaim, Goa (SE)",Fire Station Ponda
2026-01-08T00:34:29.425Z,GA 07 G 9101-PND(WATER TENDER),15.4022033,74.0029466,0,STOP,At Fire Station Ponda ,Fire Station Ponda
2026-01-08T00:34:29.425Z,GA 07 G 9797-PND(WATER BOUSER),15.4027433,74.0028966,0,IDLE,At Fire Station Ponda ,Fire Station Ponda
2026-01-08T00:34:29.425Z,GA 07 G 6363-CAN(WATER TENDER),15.0236383,74.0440666,0,STOP,"Canacona, The Lalitrajbaga ,Canacona, Canacona, Goa (NE)",Fire Station Canacona
2026-01-08T00:34:29.425Z,GA 07 G 1567-CAN(QUICK RESPONSE FT),15.0163433,74.0396166,39,INACTIVE,"Canacona, The Lalitrajbaga ,Canacona, Canacona, Goa (SW)",Fire Station Canacona
2026-01-08T00:34:29.425Z,GA 07 G 1569-VRN(QUICK RESPONSE),15.3696816,73.9356849,0,STOP,At Fire Station Verna,Fire Station Verna
2026-01-08T00:34:29.425Z,GA 07 G 9909-VRN(ADVANCE MULTI-PURPOSE),15.36962,73.9357333,0,STOP,At Fire Station Verna,Fire Station Verna
2026-01-08T00:34:29.425Z,GA 07 G 1942-VAP(QUICK RESPONSE),15.531045,74.1388183,0,STOP,At Fire Station Valpoi ,Fire Station Valpoi
2026-01-08T00:34:29.425Z,GA 07 G 2003-CUR(QUICK RESPONSE),15.2603983,74.1037433,0,STOP,At Fire Station Curchorem,Fire Station Curchorem
2026-01-08T00:34:29.425Z,GA 07 G 7447-CUR(EMERGENCY RESCUE),15.2604233,74.10376,0,STOP,At Fire Station Curchorem,Fire Station Curchorem
2026-01-08T00:34:29.425Z,GA 07 G 7557-CUR(WATER TENDER),15.260345,74.1037183,0,STOP,At Fire Station Curchorem,Fire Station Curchorem
2026-01-08T00:34:29.425Z,GA 07 G 7667-CUR(WATER BOUSER),15.26034,74.1038333,0,STOP,At Fire Station Curchorem,Fire Station Curchorem
2026-01-08T00:34:29.425Z,GA 07 G 4989-KUN(WATER TENDER),15.4631883,73.9726567,0,STOP,At Fire Station Kundaim,Fire Station Kundaim
2026-01-08T00:34:29.425Z,GA 07 G 2242-PIL(WATER TENDER),15.53297,73.7940744,0,STOP,At Fire Station Pilerne,Fire Station Pilerne
2026-01-08T00:34:29.425Z,GA 07 G 0681-MAP(QUICK RESPONSE),15.589765,73.808805,0,STOP,At Fire Station Mapusa,Fire Station Mapusa
2026-01-08T00:34:29.425Z,GA 07 G 0307-PER(QUICK RESPONSE),15.7164939,73.7974239,0,INACTIVE,At Fire Station Pernem,Fire Station Pernem
2026-01-08T00:34:29.425Z,GA 07 G 2101-PER(MS WATER TENDER),15.7164339,73.7974506,0,STOP,At Fire Station Pernem,Fire Station Pernem
2026-01-08T00:34:29.425Z,GA 07 G 4600-PER(MINI RESCUE TENDER),15.7165006,73.7975322,0,STOP,At Fire Station Pernem,Fire Station Pernem
2026-01-08T00:34:29.425Z,GA 07 G 7272-PNJ(WATER TENDER),15.4871567,73.8173333,0,STOP,"Caculo Mall, 16 Shanta, St Inez Rd, Caculo Enclave, Santa Inez, Panaji, Goa (NW)",Fire Station Panaji
2026-01-08T00:34:29.425Z,GA07G2384- Cuncolim,15.1862711,74.0209944,0,STOP,At Fire Station Cuncolim,Fire Station Cuncolim
2026-01-08T00:34:29.425Z,GA07G2507 - Mid Size (Water Tender),15.71641,73.79755,0,STOP,At Fire Station Pernem,Fire Station Pernem
2026-01-08T00:34:29.425Z,GA07G2505 - Mid Size (Water Tender),15.5309333,74.1386233,0,STOP,At Fire Station Valpoi ,Fire Station Valpoi
2026-01-08T00:34:29.425Z,GA07G2504 - Mid Size (Water Tender),15.5893133,73.9465083,0,STOP,At Fire Station Bicholim ,Fire Station Bicholim
2026-01-08T00:34:29.425Z,GA07G2503-Mid Size (Water Tender),15.58997,73.80865,0,STOP,At Fire Station Mapusa,Fire Station Mapusa
2026-01-08T00:34:29.425Z,GA07G2502 - Mid Size (Water Tender),15.58982,73.8087483,0,STOP,At Fire Station Mapusa,Fire Force Headquarters
2026-01-08T00:35:27.995Z,GA 07 G 0680-PIL(QUICK RESPONSE VEHICLE),15.532865,73.7939283,0,STOP,At Fire Station Pilerne,Fire Station Pilerne
2026-01-08T00:35:27.995Z,GA07G2506 - Mid Size (Water Tender),15.500418,73.914055,0,STOP,At Fire Station Old Goa,Fire Station Old Goa
2026-01-08T00:35:27.995Z,GA 07 G 5115-POR(MINI WATER TENDER),15.523018,73.829498,0,STOP,At Porvorim Fire Station,Fire Station Porvorim
2026-01-08T00:35:27.995Z,GA 07 G 0350-MRG(WATER TENDER),15.269435,73.97068,0,STOP,At Fire Station Margoa,Fire Station Margao
2026-01-08T00:35:27.995Z,GA 07 G 2900-MAP(MINI RESCUE TENDER),15.59015,73.808701,0,STOP,At Fire Station Mapusa,Fire Station Mapusa
2026-01-08T00:35:27.995Z,GA 07 G 7600-FFHQ(WATER BOUSER),15.487355,73.817284,0,STOP,"Caculo Mall, 16 Shanta, St Inez Rd, Caculo Enclave, Santa Inez, Panaji, Goa (NW)",Fire Force Headquarters
2026-01-08T00:35:27.995Z,GA 07 G 2002-FFHQ(TURN TABLE LADDER),15.487413,73.8172,0,STOP,"Caculo Mall, 16 Shanta, St Inez Rd, Caculo Enclave, Santa Inez, Panaji, Goa (NW)",Fire Force Headquarters
2026-01-08T00:35:27.995Z,GA 07 G 7101-FFHQ(WATER TENDER),15.486933,73.817017,0,STOP,"Caculo Mall, 16 Shanta, St Inez Rd, Caculo Enclave, Santa Inez, Panaji, Goa (NW)",Fire Force Headquarters
2026-01-08T00:35:27.995Z,GA 07 G 7677-FFHQ(EMERGENCY RESCUE),15.487005,73.817436,0,STOP,"Caculo Mall, 16 Shanta, St Inez Rd, Caculo Enclave, Santa Inez, Panaji, Goa (NW)",Fire Force Headquarters
2026-01-08T00:35:27.995Z,GA 07 G 1121-PNJ(EMERGENCY RESCUE),15.487197,73.817276,0,STOP,"Caculo Mall, 16 Shanta, St Inez Rd, Caculo Enclave, Santa Inez, Panaji, Goa (NW)",Fire Station Panaji
2026-01-08T00:35:27.995Z,GA 07 G 1571-FFHQ(QUICK RESPONSE),15.486595,73.817528,0,STOP,"Caculo Mall, 16 Shanta, St Inez Rd, Caculo Enclave, Santa Inez, Panaji, Goa (SW)",Fire Force Headquarters
2026-01-08T00:35:27.995Z,GA 07 G 8101-MAP(WATER TENDER),15.589967,73.808762,0,STOP,At Fire Station Mapusa,Fire Station Mapusa
2026-01-08T00:35:27.995Z,GA 07 G 2317-MRG(EMERGENCY RESCUE TENDER),15.269405,73.970085,1,STOP,At Fire Station Margoa,Fire Station Margao
2026-01-08T00:35:27.995Z,GA 07 G 1570-VAS(QUICK RESPONSE FIRE TENDER),15.4054016,73.8930833,0,STOP,"Mendies, National Highway 366, Goa (NE)",Fire Station Vasco
2026-01-08T00:35:27.995Z,GA 07 G 4101-VAS(MS WATER TENDER),15.3888216,73.8512533,0,INACTIVE,At Fire Station Vasco,Fire Station Vasco
2026-01-08T00:35:27.995Z,GA 07 G 0819-VAS(WATER/FOAM TENDER),15.3888067,73.8512617,0,IDLE,At Fire Station Vasco,Fire Station Vasco
2026-01-08T00:35:27.995Z,GA 07 G 7100-MRG(WATER BOUSER),15.2694416,73.9701166,0,STOP,At Fire Station Margoa,Fire Station Margao
2026-01-08T00:35:27.995Z,GA 07 G 1568-MRG(QUICK RESPONSE ),15.26936,73.9704583,0,STOP,At Fire Station Margoa,Fire Station Margao
2026-01-08T00:35:27.995Z,GA 07 G 6101-MRG(WATER TENDER),15.2694199,73.969955,0,STOP,At Fire Station Margoa,Fire Station Margao
2026-01-08T00:35:27.995Z,GA 07 G 1001-MRG(AERIAL LADDER PLATFORM),15.269385,73.97019,0,STOP,At Fire Station Margoa,Fire Station Margao
2026-01-08T00:35:27.995Z,GA 07 G 0820-BIC(WATER TEDNER),15.40271,74.0028017,0,STOP,At Fire Station Ponda ,Fire Station Bicholim
2026-01-08T00:35:27.995Z,GA 07 G 5101-OLG(MS WATER TENDER),15.5001633,73.914055,0,STOP,At Fire Station Old Goa,Fire Station Old Goa
2026-01-08T00:35:27.995Z,GA 07 G 3101-BIC(MS WATER TENDER),15.5894733,73.94672,0,STOP,At Fire Station Bicholim ,Fire Station Bicholim
2026-01-08T00:35:27.995Z,GA 07 G 1941-BIC(QUICK RESPONSE),15.589475,73.9467283,0,STOP,At Fire Station Bicholim ,Fire Station Bicholim
2026-01-08T00:35:27.995Z,GA 07 G 2319-VAS (EMERGENCY RESCUE TENDER),15.3892083,73.8478433,0,STOP,"155/C, near railway bridge, airport road, Alto-dabolim, Dabolim, Goa (SW)",Fire Station Vasco
2026-01-08T00:35:27.995Z,GA 07 G 3737-VAP(WATER TENDER),15.54645,74.0423016,0,STOP,"SH 1, Honda VP, Goa (SW)",Fire Station Valpoi
2026-01-08T00:35:27.995Z,GA 07 G 2318-PND(EMERGENCY RESCUE TENDER),15.402655,74.0030033,0,STOP,At Fire Station Ponda ,Fire Station Ponda
2026-01-08T00:35:27.995Z,GA 07 G 2004-PND(QUICK RESPONSE),15.4141016,73.9073083,0,INACTIVE,"Guru Hotel, Old Ferry Road, Agaçaim, Goa (SE)",Fire Station Ponda
2026-01-08T00:35:27.995Z,GA 07 G 9101-PND(WATER TENDER),15.4022033,74.0029466,0,STOP,At Fire Station Ponda ,Fire Station Ponda
2026-01-08T00:35:27.995Z,GA 07 G 9797-PND(WATER BOUSER),15.4027433,74.0028966,0,IDLE,At Fire Station Ponda ,Fire Station Ponda
2026-01-08T00:35:27.995Z,GA 07 G 6363-CAN(WATER TENDER),15.0236383,74.0440666,0,STOP,"Canacona, The Lalitrajbaga ,Canacona, Canacona, Goa (NE)",Fire Station Canacona
2026-01-08T00:35:27.995Z,GA 07 G 1567-CAN(QUICK RESPONSE FT),15.0163433,74.0396166,39,INACTIVE,"Canacona, The Lalitrajbaga ,Canacona, Canacona, Goa (SW)",Fire Station Canacona
2026-01-08T00:35:27.995Z,GA 07 G 1569-VRN(QUICK RESPONSE),15.3696816,73.9356849,0,STOP,At Fire Station Verna,Fire Station Verna
2026-01-08T00:35:27.995Z,GA 07 G 9909-VRN(ADVANCE MULTI-PURPOSE),15.36962,73.9357333,0,STOP,At Fire Station Verna,Fire Station Verna
2026-01-08T00:35:27.995Z,GA 07 G 1942-VAP(QUICK RESPONSE),15.531045,74.1388183,0,STOP,At Fire Station Valpoi ,Fire Station Valpoi
2026-01-08T00:35:27.995Z,GA 07 G 2003-CUR(QUICK RESPONSE),15.2603983,74.1037433,0,STOP,At Fire Station Curchorem,Fire Station Curchorem
2026-01-08T00:35:27.995Z,GA 07 G 7447-CUR(EMERGENCY RESCUE),15.2604233,74.10376,0,STOP,At Fire Station Curchorem,Fire Station Curchorem
2026-01-08T00:35:27.995Z,GA 07 G 7557-CUR(WATER TENDER),15.260345,74.1037183,0,STOP,At Fire Station Curchorem,Fire Station Curchorem
2026-01-08T00:35:27.995Z,GA 07 G 7667-CUR(WATER BOUSER),15.26034,74.1038333,0,STOP,At Fire Station Curchorem,Fire Station Curchorem
2026-01-08T00:35:27.995Z,GA 07 G 4989-KUN(WATER TENDER),15.4631883,73.9726567,0,STOP,At Fire Station Kundaim,Fire Station Kundaim
2026-01-08T00:35:27.995Z,GA 07 G 2242-PIL(WATER TENDER),15.53297,73.7940744,0,STOP,At Fire Station Pilerne,Fire Station Pilerne
2026-01-08T00:35:27.995Z,GA 07 G 0681-MAP(QUICK RESPONSE),15.589765,73.808805,0,STOP,At Fire Station Mapusa,Fire Station Mapusa
2026-01-08T00:35:27.995Z,GA 07 G 0307-PER(QUICK RESPONSE),15.7164939,73.7974239,0,INACTIVE,At Fire Station Pernem,Fire Station Pernem
2026-01-08T00:35:27.995Z,GA 07 G 2101-PER(MS WATER TENDER),15.7164339,73.7974506,0,STOP,At Fire Station Pernem,Fire Station Pernem
2026-01-08T00:35:27.995Z,GA 07 G 4600-PER(MINI RESCUE TENDER),15.7165006,73.7975322,0,STOP,At Fire Station Pernem,Fire Station Pernem
2026-01-08T00:35:27.995Z,GA 07 G 7272-PNJ(WATER TENDER),15.4871567,73.8173333,0,STOP,"Caculo Mall, 16 Shanta, St Inez Rd, Caculo Enclave, Santa Inez, Panaji, Goa (NW)",Fire Station Panaji
2026-01-08T00:35:27.995Z,GA07G2384- Cuncolim,15.1862711,74.0209944,0,STOP,At Fire Station Cuncolim,Fire Station Cuncolim
2026-01-08T00:35:27.995Z,GA07G2507 - Mid Size (Water Tender),15.71641,73.79755,0,STOP,At Fire Station Pernem,Fire Station Pernem
2026-01-08T00:35:27.995Z,GA07G2505 - Mid Size (Water Tender),15.5309333,74.1386233,0,STOP,At Fire Station Valpoi ,Fire Station Valpoi
2026-01-08T00:35:27.995Z,GA07G2504 - Mid Size (Water Tender),15.5893133,73.9465083,0,STOP,At Fire Station Bicholim ,Fire Station Bicholim
2026-01-08T00:35:27.995Z,GA07G2503-Mid Size (Water Tender),15.58997,73.80865,0,STOP,At Fire Station Mapusa,Fire Station Mapusa
2026-01-08T00:35:27.995Z,GA07G2502 - Mid Size (Water Tender),15.58982,73.8087483,0,STOP,At Fire Station Mapusa,Fire Force Headquarters
2026-01-08T00:36:27.333Z,GA 07 G 0680-PIL(QUICK RESPONSE VEHICLE),15.532865,73.7939283,0,STOP,At Fire Station Pilerne,Fire Station Pilerne
2026-01-08T00:36:27.333Z,GA07G2506 - Mid Size (Water Tender),15.500418,73.914055,0,STOP,At Fire Station Old Goa,Fire Station Old Goa
2026-01-08T00:36:27.333Z,GA 07 G 5115-POR(MINI WATER TENDER),15.523018,73.829498,0,STOP,At Porvorim Fire Station,Fire Station Porvorim
2026-01-08T00:36:27.333Z,GA 07 G 0350-MRG(WATER TENDER),15.269435,73.97068,0,STOP,At Fire Station Margoa,Fire Station Margao
2026-01-08T00:36:27.333Z,GA 07 G 2900-MAP(MINI RESCUE TENDER),15.59015,73.808701,0,STOP,At Fire Station Mapusa,Fire Station Mapusa
2026-01-08T00:36:27.333Z,GA 07 G 7600-FFHQ(WATER BOUSER),15.487355,73.817284,0,STOP,"Caculo Mall, 16 Shanta, St Inez Rd, Caculo Enclave, Santa Inez, Panaji, Goa (NW)",Fire Force Headquarters
2026-01-08T00:36:27.333Z,GA 07 G 2002-FFHQ(TURN TABLE LADDER),15.487413,73.8172,0,STOP,"Caculo Mall, 16 Shanta, St Inez Rd, Caculo Enclave, Santa Inez, Panaji, Goa (NW)",Fire Force Headquarters
2026-01-08T00:36:27.333Z,GA 07 G 7101-FFHQ(WATER TENDER),15.486933,73.817017,0,STOP,"Caculo Mall, 16 Shanta, St Inez Rd, Caculo Enclave, Santa Inez, Panaji, Goa (NW)",Fire Force Headquarters
2026-01-08T00:36:27.333Z,GA 07 G 7677-FFHQ(EMERGENCY RESCUE),15.487005,73.817436,0,STOP,"Caculo Mall, 16 Shanta, St Inez Rd, Caculo Enclave, Santa Inez, Panaji, Goa (NW)",Fire Force Headquarters
2026-01-08T00:36:27.333Z,GA 07 G 1121-PNJ(EMERGENCY RESCUE),15.487197,73.817276,0,STOP,"Caculo Mall, 16 Shanta, St Inez Rd, Caculo Enclave, Santa Inez, Panaji, Goa (NW)",Fire Station Panaji
2026-01-08T00:36:27.333Z,GA 07 G 1571-FFHQ(QUICK RESPONSE),15.486595,73.817528,0,STOP,"Caculo Mall, 16 Shanta, St Inez Rd, Caculo Enclave, Santa Inez, Panaji, Goa (SW)",Fire Force Headquarters
2026-01-08T00:36:27.333Z,GA 07 G 8101-MAP(WATER TENDER),15.589967,73.808762,0,STOP,At Fire Station Mapusa,Fire Station Mapusa
2026-01-08T00:36:27.333Z,GA 07 G 2317-MRG(EMERGENCY RESCUE TENDER),15.26938,73.9701083,1,STOP,At Fire Station Margoa,Fire Station Margao
2026-01-08T00:36:27.333Z,GA 07 G 1570-VAS(QUICK RESPONSE FIRE TENDER),15.4054016,73.8930833,0,STOP,"Mendies, National Highway 366, Goa (NE)",Fire Station Vasco
2026-01-08T00:36:27.333Z,GA 07 G 4101-VAS(MS WATER TENDER),15.3888216,73.8512533,0,INACTIVE,At Fire Station Vasco,Fire Station Vasco
2026-01-08T00:36:27.333Z,GA 07 G 0819-VAS(WATER/FOAM TENDER),15.3888067,73.8512617,0,IDLE,At Fire Station Vasco,Fire Station Vasco
2026-01-08T00:36:27.333Z,GA 07 G 7100-MRG(WATER BOUSER),15.2694416,73.9701166,0,STOP,At Fire Station Margoa,Fire Station Margao
2026-01-08T00:36:27.333Z,GA 07 G 1568-MRG(QUICK RESPONSE ),15.26936,73.9704583,0,STOP,At Fire Station Margoa,Fire Station Margao
2026-01-08T00:36:27.333Z,GA 07 G 6101-MRG(WATER TENDER),15.2694199,73.969955,0,STOP,At Fire Station Margoa,Fire Station Margao
2026-01-08T00:36:27.333Z,GA 07 G 1001-MRG(AERIAL LADDER PLATFORM),15.269385,73.97019,0,STOP,At Fire Station Margoa,Fire Station Margao
2026-01-08T00:36:27.333Z,GA 07 G 0820-BIC(WATER TEDNER),15.40271,74.0028017,0,STOP,At Fire Station Ponda ,Fire Station Bicholim
2026-01-08T00:36:27.333Z,GA 07 G 5101-OLG(MS WATER TENDER),15.5001633,73.914055,0,STOP,At Fire Station Old Goa,Fire Station Old Goa
2026-01-08T00:36:27.333Z,GA 07 G 3101-BIC(MS WATER TENDER),15.5894716,73.9465983,4,STOP,At Fire Station Bicholim ,Fire Station Bicholim
2026-01-08T00:36:27.333Z,GA 07 G 1941-BIC(QUICK RESPONSE),15.589475,73.9467283,0,STOP,At Fire Station Bicholim ,Fire Station Bicholim
2026-01-08T00:36:27.333Z,GA 07 G 2319-VAS (EMERGENCY RESCUE TENDER),15.3892083,73.8478433,0,STOP,"155/C, near railway bridge, airport road, Alto-dabolim, Dabolim, Goa (SW)",Fire Station Vasco
2026-01-08T00:36:27.333Z,GA 07 G 3737-VAP(WATER TENDER),15.54645,74.0423016,0,STOP,"SH 1, Honda VP, Goa (SW)",Fire Station Valpoi
2026-01-08T00:36:27.333Z,GA 07 G 2318-PND(EMERGENCY RESCUE TENDER),15.402655,74.0030033,0,STOP,At Fire Station Ponda ,Fire Station Ponda
2026-01-08T00:36:27.333Z,GA 07 G 2004-PND(QUICK RESPONSE),15.4141016,73.9073083,0,INACTIVE,"Guru Hotel, Old Ferry Road, Agaçaim, Goa (SE)",Fire Station Ponda
2026-01-08T00:36:27.333Z,GA 07 G 9101-PND(WATER TENDER),15.4022033,74.0029466,0,STOP,At Fire Station Ponda ,Fire Station Ponda
2026-01-08T00:36:27.333Z,GA 07 G 9797-PND(WATER BOUSER),15.4027433,74.0028966,0,IDLE,At Fire Station Ponda ,Fire Station Ponda
2026-01-08T00:36:27.333Z,GA 07 G 6363-CAN(WATER TENDER),15.0236383,74.0440666,0,STOP,"Canacona, The Lalitrajbaga ,Canacona, Canacona, Goa (NE)",Fire Station Canacona
2026-01-08T00:36:27.333Z,GA 07 G 1567-CAN(QUICK RESPONSE FT),15.0163433,74.0396166,39,INACTIVE,"Canacona, The Lalitrajbaga ,Canacona, Canacona, Goa (SW)",Fire Station Canacona
2026-01-08T00:36:27.333Z,GA 07 G 1569-VRN(QUICK RESPONSE),15.3696816,73.9356849,0,STOP,At Fire Station Verna,Fire Station Verna
2026-01-08T00:36:27.333Z,GA 07 G 9909-VRN(ADVANCE MULTI-PURPOSE),15.36962,73.9357333,0,STOP,At Fire Station Verna,Fire Station Verna
2026-01-08T00:36:27.333Z,GA 07 G 1942-VAP(QUICK RESPONSE),15.531045,74.1388183,0,STOP,At Fire Station Valpoi ,Fire Station Valpoi
2026-01-08T00:36:27.333Z,GA 07 G 2003-CUR(QUICK RESPONSE),15.2603983,74.1037433,0,STOP,At Fire Station Curchorem,Fire Station Curchorem
2026-01-08T00:36:27.333Z,GA 07 G 7447-CUR(EMERGENCY RESCUE),15.2604233,74.10376,0,STOP,At Fire Station Curchorem,Fire Station Curchorem
2026-01-08T00:36:27.333Z,GA 07 G 7557-CUR(WATER TENDER),15.260345,74.1037183,0,STOP,At Fire Station Curchorem,Fire Station Curchorem
2026-01-08T00:36:27.333Z,GA 07 G 7667-CUR(WATER BOUSER),15.26034,74.1038333,0,STOP,At Fire Station Curchorem,Fire Station Curchorem
2026-01-08T00:36:27.333Z,GA 07 G 4989-KUN(WATER TENDER),15.4631883,73.9726567,0,STOP,At Fire Station Kundaim,Fire Station Kundaim
2026-01-08T00:36:27.333Z,GA 07 G 2242-PIL(WATER TENDER),15.53297,73.7940744,0,STOP,At Fire Station Pilerne,Fire Station Pilerne
2026-01-08T00:36:27.333Z,GA 07 G 0681-MAP(QUICK RESPONSE),15.589765,73.808805,0,STOP,At Fire Station Mapusa,Fire Station Mapusa
2026-01-08T00:36:27.333Z,GA 07 G 0307-PER(QUICK RESPONSE),15.7164939,73.7974239,0,INACTIVE,At Fire Station Pernem,Fire Station Pernem
2026-01-08T00:36:27.333Z,GA 07 G 2101-PER(MS WATER TENDER),15.7164339,73.7974506,0,STOP,At Fire Station Pernem,Fire Station Pernem
2026-01-08T00:36:27.333Z,GA 07 G 4600-PER(MINI RESCUE TENDER),15.7165006,73.7975322,0,STOP,At Fire Station Pernem,Fire Station Pernem
2026-01-08T00:36:27.333Z,GA 07 G 7272-PNJ(WATER TENDER),15.4871567,73.8173333,0,STOP,"Caculo Mall, 16 Shanta, St Inez Rd, Caculo Enclave, Santa Inez, Panaji, Goa (NW)",Fire Station Panaji
2026-01-08T00:36:27.333Z,GA07G2384- Cuncolim,15.1862711,74.0209944,0,STOP,At Fire Station Cuncolim,Fire Station Cuncolim
2026-01-08T00:36:27.333Z,GA07G2507 - Mid Size (Water Tender),15.71641,73.79755,0,STOP,At Fire Station Pernem,Fire Station Pernem
2026-01-08T00:36:27.333Z,GA07G2505 - Mid Size (Water Tender),15.5309333,74.1386233,0,STOP,At Fire Station Valpoi ,Fire Station Valpoi
2026-01-08T00:36:27.333Z,GA07G2504 - Mid Size (Water Tender),15.5893133,73.9465083,0,STOP,At Fire Station Bicholim ,Fire Station Bicholim
2026-01-08T00:36:27.333Z,GA07G2503-Mid Size (Water Tender),15.58997,73.80865,0,STOP,At Fire Station Mapusa,Fire Station Mapusa
2026-01-08T00:36:27.333Z,GA07G2502 - Mid Size (Water Tender),15.58982,73.8087483,0,STOP,At Fire Station Mapusa,Fire Force Headquarters
2026-01-08T00:37:29.119Z,GA 07 G 0680-PIL(QUICK RESPONSE VEHICLE),15.532865,73.7939283,0,STOP,At Fire Station Pilerne,Fire Station Pilerne
2026-01-08T00:37:29.119Z,GA07G2506 - Mid Size (Water Tender),15.500418,73.914055,0,STOP,At Fire Station Old Goa,Fire Station Old Goa
2026-01-08T00:37:29.119Z,GA 07 G 5115-POR(MINI WATER TENDER),15.523018,73.829498,0,STOP,At Porvorim Fire Station,Fire Station Porvorim
2026-01-08T00:37:29.119Z,GA 07 G 0350-MRG(WATER TENDER),15.269435,73.97068,0,STOP,At Fire Station Margoa,Fire Station Margao
2026-01-08T00:37:29.119Z,GA 07 G 2900-MAP(MINI RESCUE TENDER),15.59015,73.808701,0,STOP,At Fire Station Mapusa,Fire Station Mapusa
2026-01-08T00:37:29.119Z,GA 07 G 7600-FFHQ(WATER BOUSER),15.487355,73.817284,0,STOP,"Caculo Mall, 16 Shanta, St Inez Rd, Caculo Enclave, Santa Inez, Panaji, Goa (NW)",Fire Force Headquarters
2026-01-08T00:37:29.119Z,GA 07 G 2002-FFHQ(TURN TABLE LADDER),15.487413,73.8172,0,STOP,"Caculo Mall, 16 Shanta, St Inez Rd, Caculo Enclave, Santa Inez, Panaji, Goa (NW)",Fire Force Headquarters
2026-01-08T00:37:29.119Z,GA 07 G 7101-FFHQ(WATER TENDER),15.486933,73.817017,0,STOP,"Caculo Mall, 16 Shanta, St Inez Rd, Caculo Enclave, Santa Inez, Panaji, Goa (NW)",Fire Force Headquarters
2026-01-08T00:37:29.119Z,GA 07 G 7677-FFHQ(EMERGENCY RESCUE),15.487005,73.817436,0,STOP,"Caculo Mall, 16 Shanta, St Inez Rd, Caculo Enclave, Santa Inez, Panaji, Goa (NW)",Fire Force Headquarters
2026-01-08T00:37:29.119Z,GA 07 G 1121-PNJ(EMERGENCY RESCUE),15.487197,73.817276,0,STOP,"Caculo Mall, 16 Shanta, St Inez Rd, Caculo Enclave, Santa Inez, Panaji, Goa (NW)",Fire Station Panaji
2026-01-08T00:37:29.119Z,GA 07 G 1571-FFHQ(QUICK RESPONSE),15.486595,73.817528,0,STOP,"Caculo Mall, 16 Shanta, St Inez Rd, Caculo Enclave, Santa Inez, Panaji, Goa (SW)",Fire Force Headquarters
2026-01-08T00:37:29.119Z,GA 07 G 8101-MAP(WATER TENDER),15.589967,73.808762,0,STOP,At Fire Station Mapusa,Fire Station Mapusa
2026-01-08T00:37:29.119Z,GA 07 G 2317-MRG(EMERGENCY RESCUE TENDER),15.26938,73.9701083,0,STOP,At Fire Station Margoa,Fire Station Margao
2026-01-08T00:37:29.119Z,GA 07 G 1570-VAS(QUICK RESPONSE FIRE TENDER),15.4054016,73.8930833,0,STOP,"Mendies, National Highway 366, Goa (NE)",Fire Station Vasco
2026-01-08T00:37:29.119Z,GA 07 G 4101-VAS(MS WATER TENDER),15.3888216,73.8512533,0,INACTIVE,At Fire Station Vasco,Fire Station Vasco
2026-01-08T00:37:29.119Z,GA 07 G 0819-VAS(WATER/FOAM TENDER),15.3888067,73.8512617,0,IDLE,At Fire Station Vasco,Fire Station Vasco
2026-01-08T00:37:29.119Z,GA 07 G 7100-MRG(WATER BOUSER),15.2694416,73.9701166,0,STOP,At Fire Station Margoa,Fire Station Margao
2026-01-08T00:37:29.119Z,GA 07 G 1568-MRG(QUICK RESPONSE ),15.26936,73.9704583,0,STOP,At Fire Station Margoa,Fire Station Margao
2026-01-08T00:37:29.119Z,GA 07 G 6101-MRG(WATER TENDER),15.2694199,73.969955,0,STOP,At Fire Station Margoa,Fire Station Margao
2026-01-08T00:37:29.119Z,GA 07 G 1001-MRG(AERIAL LADDER PLATFORM),15.269385,73.97019,0,STOP,At Fire Station Margoa,Fire Station Margao
2026-01-08T00:37:29.119Z,GA 07 G 0820-BIC(WATER TEDNER),15.40271,74.0028017,0,STOP,At Fire Station Ponda ,Fire Station Bicholim
2026-01-08T00:37:29.119Z,GA 07 G 5101-OLG(MS WATER TENDER),15.5001633,73.914055,0,STOP,At Fire Station Old Goa,Fire Station Old Goa
2026-01-08T00:37:29.119Z,GA 07 G 3101-BIC(MS WATER TENDER),15.5894716,73.9465983,2,STOP,At Fire Station Bicholim ,Fire Station Bicholim
2026-01-08T00:37:29.119Z,GA 07 G 1941-BIC(QUICK RESPONSE),15.589475,73.9467283,0,STOP,At Fire Station Bicholim ,Fire Station Bicholim
2026-01-08T00:37:29.119Z,GA 07 G 2319-VAS (EMERGENCY RESCUE TENDER),15.3892083,73.8478433,0,STOP,"155/C, near railway bridge, airport road, Alto-dabolim, Dabolim, Goa (SW)",Fire Station Vasco
2026-01-08T00:37:29.119Z,GA 07 G 3737-VAP(WATER TENDER),15.54645,74.0423016,0,STOP,"SH 1, Honda VP, Goa (SW)",Fire Station Valpoi
2026-01-08T00:37:29.119Z,GA 07 G 2318-PND(EMERGENCY RESCUE TENDER),15.402655,74.0030033,0,STOP,At Fire Station Ponda ,Fire Station Ponda
2026-01-08T00:37:29.119Z,GA 07 G 2004-PND(QUICK RESPONSE),15.4141016,73.9073083,0,INACTIVE,"Guru Hotel, Old Ferry Road, Agaçaim, Goa (SE)",Fire Station Ponda
2026-01-08T00:37:29.119Z,GA 07 G 9101-PND(WATER TENDER),15.4022033,74.0029466,0,STOP,At Fire Station Ponda ,Fire Station Ponda
2026-01-08T00:37:29.119Z,GA 07 G 9797-PND(WATER BOUSER),15.4027433,74.0028966,0,IDLE,At Fire Station Ponda ,Fire Station Ponda
2026-01-08T00:37:29.119Z,GA 07 G 6363-CAN(WATER TENDER),15.0236383,74.0440666,0,STOP,"Canacona, The Lalitrajbaga ,Canacona, Canacona, Goa (NE)",Fire Station Canacona
2026-01-08T00:37:29.119Z,GA 07 G 1567-CAN(QUICK RESPONSE FT),15.0163433,74.0396166,39,INACTIVE,"Canacona, The Lalitrajbaga ,Canacona, Canacona, Goa (SW)",Fire Station Canacona
2026-01-08T00:37:29.119Z,GA 07 G 1569-VRN(QUICK RESPONSE),15.3696816,73.9356849,0,STOP,At Fire Station Verna,Fire Station Verna
2026-01-08T00:37:29.119Z,GA 07 G 9909-VRN(ADVANCE MULTI-PURPOSE),15.36962,73.9357333,0,STOP,At Fire Station Verna,Fire Station Verna
2026-01-08T00:37:29.119Z,GA 07 G 1942-VAP(QUICK RESPONSE),15.531045,74.1388183,0,STOP,At Fire Station Valpoi ,Fire Station Valpoi
2026-01-08T00:37:29.119Z,GA 07 G 2003-CUR(QUICK RESPONSE),15.2603983,74.1037433,0,STOP,At Fire Station Curchorem,Fire Station Curchorem
2026-01-08T00:37:29.119Z,GA 07 G 7447-CUR(EMERGENCY RESCUE),15.2604233,74.10376,0,STOP,At Fire Station Curchorem,Fire Station Curchorem
2026-01-08T00:37:29.119Z,GA 07 G 7557-CUR(WATER TENDER),15.260345,74.1037183,0,STOP,At Fire Station Curchorem,Fire Station Curchorem
2026-01-08T00:37:29.119Z,GA 07 G 7667-CUR(WATER BOUSER),15.26034,74.1038333,0,STOP,At Fire Station Curchorem,Fire Station Curchorem
2026-01-08T00:37:29.119Z,GA 07 G 4989-KUN(WATER TENDER),15.4631883,73.9726567,0,STOP,At Fire Station Kundaim,Fire Station Kundaim
2026-01-08T00:37:29.119Z,GA 07 G 2242-PIL(WATER TENDER),15.53297,73.7940744,0,STOP,At Fire Station Pilerne,Fire Station Pilerne
2026-01-08T00:37:29.119Z,GA 07 G 0681-MAP(QUICK RESPONSE),15.589765,73.808805,0,STOP,At Fire Station Mapusa,Fire Station Mapusa
2026-01-08T00:37:29.119Z,GA 07 G 0307-PER(QUICK RESPONSE),15.7164939,73.7974239,0,INACTIVE,At Fire Station Pernem,Fire Station Pernem
2026-01-08T00:37:29.119Z,GA 07 G 2101-PER(MS WATER TENDER),15.7164339,73.7974506,0,STOP,At Fire Station Pernem,Fire Station Pernem
2026-01-08T00:37:29.119Z,GA 07 G 4600-PER(MINI RESCUE TENDER),15.7165006,73.7975322,0,STOP,At Fire Station Pernem,Fire Station Pernem
2026-01-08T00:37:29.119Z,GA 07 G 7272-PNJ(WATER TENDER),15.4871567,73.8173333,0,STOP,"Caculo Mall, 16 Shanta, St Inez Rd, Caculo Enclave, Santa Inez, Panaji, Goa (NW)",Fire Station Panaji
2026-01-08T00:37:29.119Z,GA07G2384- Cuncolim,15.1862711,74.0209944,0,STOP,At Fire Station Cuncolim,Fire Station Cuncolim
2026-01-08T00:37:29.119Z,GA07G2507 - Mid Size (Water Tender),15.71641,73.79755,0,STOP,At Fire Station Pernem,Fire Station Pernem
2026-01-08T00:37:29.119Z,GA07G2505 - Mid Size (Water Tender),15.5309333,74.1386233,0,STOP,At Fire Station Valpoi ,Fire Station Valpoi
2026-01-08T00:37:29.119Z,GA07G2504 - Mid Size (Water Tender),15.5893133,73.9465083,0,STOP,At Fire Station Bicholim ,Fire Station Bicholim
2026-01-08T00:37:29.119Z,GA07G2503-Mid Size (Water Tender),15.58997,73.80865,0,STOP,At Fire Station Mapusa,Fire Station Mapusa
2026-01-08T00:37:29.119Z,GA07G2502 - Mid Size (Water Tender),15.58982,73.8087483,0,STOP,At Fire Station Mapusa,Fire Force Headquarters
2026-01-08T00:38:30.153Z,GA 07 G 0680-PIL(QUICK RESPONSE VEHICLE),15.532865,73.7939283,0,STOP,At Fire Station Pilerne,Fire Station Pilerne
2026-01-08T00:38:30.153Z,GA07G2506 - Mid Size (Water Tender),15.500418,73.914055,0,STOP,At Fire Station Old Goa,Fire Station Old Goa
2026-01-08T00:38:30.153Z,GA 07 G 5115-POR(MINI WATER TENDER),15.523018,73.829498,0,STOP,At Porvorim Fire Station,Fire Station Porvorim
2026-01-08T00:38:30.153Z,GA 07 G 0350-MRG(WATER TENDER),15.269435,73.97068,0,STOP,At Fire Station Margoa,Fire Station Margao
2026-01-08T00:38:30.153Z,GA 07 G 2900-MAP(MINI RESCUE TENDER),15.59015,73.808701,0,STOP,At Fire Station Mapusa,Fire Station Mapusa
2026-01-08T00:38:30.153Z,GA 07 G 7600-FFHQ(WATER BOUSER),15.487355,73.817284,0,STOP,"Caculo Mall, 16 Shanta, St Inez Rd, Caculo Enclave, Santa Inez, Panaji, Goa (NW)",Fire Force Headquarters
2026-01-08T00:38:30.153Z,GA 07 G 2002-FFHQ(TURN TABLE LADDER),15.487413,73.8172,0,STOP,"Caculo Mall, 16 Shanta, St Inez Rd, Caculo Enclave, Santa Inez, Panaji, Goa (NW)",Fire Force Headquarters
2026-01-08T00:38:30.153Z,GA 07 G 7101-FFHQ(WATER TENDER),15.486933,73.817017,0,STOP,"Caculo Mall, 16 Shanta, St Inez Rd, Caculo Enclave, Santa Inez, Panaji, Goa (NW)",Fire Force Headquarters
2026-01-08T00:38:30.153Z,GA 07 G 7677-FFHQ(EMERGENCY RESCUE),15.487005,73.817436,0,STOP,"Caculo Mall, 16 Shanta, St Inez Rd, Caculo Enclave, Santa Inez, Panaji, Goa (NW)",Fire Force Headquarters
2026-01-08T00:38:30.153Z,GA 07 G 1121-PNJ(EMERGENCY RESCUE),15.487197,73.817276,0,STOP,"Caculo Mall, 16 Shanta, St Inez Rd, Caculo Enclave, Santa Inez, Panaji, Goa (NW)",Fire Station Panaji
2026-01-08T00:38:30.153Z,GA 07 G 1571-FFHQ(QUICK RESPONSE),15.486595,73.817528,0,STOP,"Caculo Mall, 16 Shanta, St Inez Rd, Caculo Enclave, Santa Inez, Panaji, Goa (SW)",Fire Force Headquarters
2026-01-08T00:38:30.153Z,GA 07 G 8101-MAP(WATER TENDER),15.589967,73.808762,0,STOP,At Fire Station Mapusa,Fire Station Mapusa
2026-01-08T00:38:30.153Z,GA 07 G 2317-MRG(EMERGENCY RESCUE TENDER),15.2693583,73.9701983,0,STOP,At Fire Station Margoa,Fire Station Margao
2026-01-08T00:38:30.153Z,GA 07 G 1570-VAS(QUICK RESPONSE FIRE TENDER),15.4054016,73.8930833,0,STOP,"Mendies, National Highway 366, Goa (NE)",Fire Station Vasco
2026-01-08T00:38:30.153Z,GA 07 G 4101-VAS(MS WATER TENDER),15.3888216,73.8512533,0,INACTIVE,At Fire Station Vasco,Fire Station Vasco
2026-01-08T00:38:30.153Z,GA 07 G 0819-VAS(WATER/FOAM TENDER),15.3888067,73.8512617,0,IDLE,At Fire Station Vasco,Fire Station Vasco
2026-01-08T00:38:30.153Z,GA 07 G 7100-MRG(WATER BOUSER),15.2694416,73.9701166,0,STOP,At Fire Station Margoa,Fire Station Margao
2026-01-08T00:38:30.153Z,GA 07 G 1568-MRG(QUICK RESPONSE ),15.26936,73.9704583,0,STOP,At Fire Station Margoa,Fire Station Margao
2026-01-08T00:38:30.153Z,GA 07 G 6101-MRG(WATER TENDER),15.2694199,73.969955,0,STOP,At Fire Station Margoa,Fire Station Margao
2026-01-08T00:38:30.153Z,GA 07 G 1001-MRG(AERIAL LADDER PLATFORM),15.269385,73.97019,0,STOP,At Fire Station Margoa,Fire Station Margao
2026-01-08T00:38:30.153Z,GA 07 G 0820-BIC(WATER TEDNER),15.40271,74.0028017,0,STOP,At Fire Station Ponda ,Fire Station Bicholim
2026-01-08T00:38:30.153Z,GA 07 G 5101-OLG(MS WATER TENDER),15.5001633,73.914055,0,STOP,At Fire Station Old Goa,Fire Station Old Goa
2026-01-08T00:38:30.153Z,GA 07 G 3101-BIC(MS WATER TENDER),15.5894716,73.9465983,0,STOP,At Fire Station Bicholim ,Fire Station Bicholim
2026-01-08T00:38:30.153Z,GA 07 G 1941-BIC(QUICK RESPONSE),15.589475,73.9467283,0,STOP,At Fire Station Bicholim ,Fire Station Bicholim
2026-01-08T00:38:30.153Z,GA 07 G 2319-VAS (EMERGENCY RESCUE TENDER),15.3892083,73.8478433,0,STOP,"155/C, near railway bridge, airport road, Alto-dabolim, Dabolim, Goa (SW)",Fire Station Vasco
2026-01-08T00:38:30.153Z,GA 07 G 3737-VAP(WATER TENDER),15.54645,74.0423016,0,STOP,"SH 1, Honda VP, Goa (SW)",Fire Station Valpoi
2026-01-08T00:38:30.153Z,GA 07 G 2318-PND(EMERGENCY RESCUE TENDER),15.402655,74.0030033,0,STOP,At Fire Station Ponda ,Fire Station Ponda
2026-01-08T00:38:30.153Z,GA 07 G 2004-PND(QUICK RESPONSE),15.4141016,73.9073083,0,INACTIVE,"Guru Hotel, Old Ferry Road, Agaçaim, Goa (SE)",Fire Station Ponda
2026-01-08T00:38:30.153Z,GA 07 G 9101-PND(WATER TENDER),15.4022033,74.0029466,0,STOP,At Fire Station Ponda ,Fire Station Ponda
2026-01-08T00:38:30.153Z,GA 07 G 9797-PND(WATER BOUSER),15.4027433,74.0028966,0,IDLE,At Fire Station Ponda ,Fire Station Ponda
2026-01-08T00:38:30.153Z,GA 07 G 6363-CAN(WATER TENDER),15.0236383,74.0440666,0,STOP,"Canacona, The Lalitrajbaga ,Canacona, Canacona, Goa (NE)",Fire Station Canacona
2026-01-08T00:38:30.153Z,GA 07 G 1567-CAN(QUICK RESPONSE FT),15.0163433,74.0396166,39,INACTIVE,"Canacona, The Lalitrajbaga ,Canacona, Canacona, Goa (SW)",Fire Station Canacona
2026-01-08T00:38:30.153Z,GA 07 G 1569-VRN(QUICK RESPONSE),15.3696816,73.9356849,0,STOP,At Fire Station Verna,Fire Station Verna
2026-01-08T00:38:30.153Z,GA 07 G 9909-VRN(ADVANCE MULTI-PURPOSE),15.36962,73.9357333,0,STOP,At Fire Station Verna,Fire Station Verna
2026-01-08T00:38:30.153Z,GA 07 G 1942-VAP(QUICK RESPONSE),15.531045,74.1388183,0,STOP,At Fire Station Valpoi ,Fire Station Valpoi
2026-01-08T00:38:30.153Z,GA 07 G 2003-CUR(QUICK RESPONSE),15.2603983,74.1037433,0,STOP,At Fire Station Curchorem,Fire Station Curchorem
2026-01-08T00:38:30.153Z,GA 07 G 7447-CUR(EMERGENCY RESCUE),15.2604233,74.10376,0,STOP,At Fire Station Curchorem,Fire Station Curchorem
2026-01-08T00:38:30.153Z,GA 07 G 7557-CUR(WATER TENDER),15.260345,74.1037183,0,STOP,At Fire Station Curchorem,Fire Station Curchorem
2026-01-08T00:38:30.153Z,GA 07 G 7667-CUR(WATER BOUSER),15.26034,74.1038333,0,STOP,At Fire Station Curchorem,Fire Station Curchorem
2026-01-08T00:38:30.153Z,GA 07 G 4989-KUN(WATER TENDER),15.4631883,73.9726567,0,STOP,At Fire Station Kundaim,Fire Station Kundaim
2026-01-08T00:38:30.153Z,GA 07 G 2242-PIL(WATER TENDER),15.53297,73.7940744,0,STOP,At Fire Station Pilerne,Fire Station Pilerne
2026-01-08T00:38:30.153Z,GA 07 G 0681-MAP(QUICK RESPONSE),15.589765,73.808805,0,STOP,At Fire Station Mapusa,Fire Station Mapusa
2026-01-08T00:38:30.153Z,GA 07 G 0307-PER(QUICK RESPONSE),15.7164939,73.7974239,0,INACTIVE,At Fire Station Pernem,Fire Station Pernem
2026-01-08T00:38:30.153Z,GA 07 G 2101-PER(MS WATER TENDER),15.7164339,73.7974506,0,STOP,At Fire Station Pernem,Fire Station Pernem
2026-01-08T00:38:30.153Z,GA 07 G 4600-PER(MINI RESCUE TENDER),15.7165006,73.7975322,0,STOP,At Fire Station Pernem,Fire Station Pernem
2026-01-08T00:38:30.153Z,GA 07 G 7272-PNJ(WATER TENDER),15.4871567,73.8173333,0,STOP,"Caculo Mall, 16 Shanta, St Inez Rd, Caculo Enclave, Santa Inez, Panaji, Goa (NW)",Fire Station Panaji
2026-01-08T00:38:30.153Z,GA07G2384- Cuncolim,15.1862711,74.0209944,0,STOP,At Fire Station Cuncolim,Fire Station Cuncolim
2026-01-08T00:38:30.153Z,GA07G2507 - Mid Size (Water Tender),15.71641,73.79755,0,STOP,At Fire Station Pernem,Fire Station Pernem
2026-01-08T00:38:30.153Z,GA07G2505 - Mid Size (Water Tender),15.5309333,74.1386233,0,STOP,At Fire Station Valpoi ,Fire Station Valpoi
2026-01-08T00:38:30.153Z,GA07G2504 - Mid Size (Water Tender),15.5893133,73.9465083,0,STOP,At Fire Station Bicholim ,Fire Station Bicholim
2026-01-08T00:38:30.153Z,GA07G2503-Mid Size (Water Tender),15.58997,73.80865,0,STOP,At Fire Station Mapusa,Fire Station Mapusa
2026-01-08T00:38:30.153Z,GA07G2502 - Mid Size (Water Tender),15.58982,73.8087483,0,STOP,At Fire Station Mapusa,Fire Force Headquarters
2026-01-08T00:39:25.900Z,GA 07 G 0680-PIL(QUICK RESPONSE VEHICLE),15.532865,73.7939283,0,STOP,At Fire Station Pilerne,Fire Station Pilerne
2026-01-08T00:39:25.900Z,GA07G2506 - Mid Size (Water Tender),15.500418,73.914055,0,STOP,At Fire Station Old Goa,Fire Station Old Goa
2026-01-08T00:39:25.900Z,GA 07 G 5115-POR(MINI WATER TENDER),15.523018,73.829498,0,STOP,At Porvorim Fire Station,Fire Station Porvorim
2026-01-08T00:39:25.900Z,GA 07 G 0350-MRG(WATER TENDER),15.269435,73.97068,0,STOP,At Fire Station Margoa,Fire Station Margao
2026-01-08T00:39:25.900Z,GA 07 G 2900-MAP(MINI RESCUE TENDER),15.59015,73.808701,0,STOP,At Fire Station Mapusa,Fire Station Mapusa
2026-01-08T00:39:25.900Z,GA 07 G 7600-FFHQ(WATER BOUSER),15.487355,73.817284,0,STOP,"Caculo Mall, 16 Shanta, St Inez Rd, Caculo Enclave, Santa Inez, Panaji, Goa (NW)",Fire Force Headquarters
2026-01-08T00:39:25.900Z,GA 07 G 2002-FFHQ(TURN TABLE LADDER),15.487413,73.8172,0,STOP,"Caculo Mall, 16 Shanta, St Inez Rd, Caculo Enclave, Santa Inez, Panaji, Goa (NW)",Fire Force Headquarters
2026-01-08T00:39:25.900Z,GA 07 G 7101-FFHQ(WATER TENDER),15.486933,73.817017,0,STOP,"Caculo Mall, 16 Shanta, St Inez Rd, Caculo Enclave, Santa Inez, Panaji, Goa (NW)",Fire Force Headquarters
2026-01-08T00:39:25.900Z,GA 07 G 7677-FFHQ(EMERGENCY RESCUE),15.487005,73.817436,0,STOP,"Caculo Mall, 16 Shanta, St Inez Rd, Caculo Enclave, Santa Inez, Panaji, Goa (NW)",Fire Force Headquarters
2026-01-08T00:39:25.900Z,GA 07 G 1121-PNJ(EMERGENCY RESCUE),15.487197,73.817276,0,STOP,"Caculo Mall, 16 Shanta, St Inez Rd, Caculo Enclave, Santa Inez, Panaji, Goa (NW)",Fire Station Panaji
2026-01-08T00:39:25.900Z,GA 07 G 1571-FFHQ(QUICK RESPONSE),15.486595,73.817528,0,STOP,"Caculo Mall, 16 Shanta, St Inez Rd, Caculo Enclave, Santa Inez, Panaji, Goa (SW)",Fire Force Headquarters
2026-01-08T00:39:25.900Z,GA 07 G 8101-MAP(WATER TENDER),15.589967,73.808762,0,STOP,At Fire Station Mapusa,Fire Station Mapusa
2026-01-08T00:39:25.900Z,GA 07 G 2317-MRG(EMERGENCY RESCUE TENDER),15.2694216,73.9701016,0,STOP,At Fire Station Margoa,Fire Station Margao
2026-01-08T00:39:25.900Z,GA 07 G 1570-VAS(QUICK RESPONSE FIRE TENDER),15.4054016,73.8930833,0,STOP,"Mendies, National Highway 366, Goa (NE)",Fire Station Vasco
2026-01-08T00:39:25.900Z,GA 07 G 4101-VAS(MS WATER TENDER),15.3888216,73.8512533,0,INACTIVE,At Fire Station Vasco,Fire Station Vasco
2026-01-08T00:39:25.900Z,GA 07 G 0819-VAS(WATER/FOAM TENDER),15.3888067,73.8512617,0,IDLE,At Fire Station Vasco,Fire Station Vasco
2026-01-08T00:39:25.900Z,GA 07 G 7100-MRG(WATER BOUSER),15.2694416,73.9701166,0,STOP,At Fire Station Margoa,Fire Station Margao
2026-01-08T00:39:25.900Z,GA 07 G 1568-MRG(QUICK RESPONSE ),15.26936,73.9704583,0,STOP,At Fire Station Margoa,Fire Station Margao
2026-01-08T00:39:25.900Z,GA 07 G 6101-MRG(WATER TENDER),15.2694199,73.969955,0,STOP,At Fire Station Margoa,Fire Station Margao
2026-01-08T00:39:25.900Z,GA 07 G 1001-MRG(AERIAL LADDER PLATFORM),15.269385,73.97019,0,STOP,At Fire Station Margoa,Fire Station Margao
2026-01-08T00:39:25.900Z,GA 07 G 0820-BIC(WATER TEDNER),15.40271,74.0028017,0,STOP,At Fire Station Ponda ,Fire Station Bicholim
2026-01-08T00:39:25.900Z,GA 07 G 5101-OLG(MS WATER TENDER),15.5001633,73.914055,0,STOP,At Fire Station Old Goa,Fire Station Old Goa
2026-01-08T00:39:25.900Z,GA 07 G 3101-BIC(MS WATER TENDER),15.5894716,73.9465983,0,STOP,At Fire Station Bicholim ,Fire Station Bicholim
2026-01-08T00:39:25.900Z,GA 07 G 1941-BIC(QUICK RESPONSE),15.589475,73.9467283,0,STOP,At Fire Station Bicholim ,Fire Station Bicholim
2026-01-08T00:39:25.900Z,GA 07 G 2319-VAS (EMERGENCY RESCUE TENDER),15.3892083,73.8478433,0,STOP,"155/C, near railway bridge, airport road, Alto-dabolim, Dabolim, Goa (SW)",Fire Station Vasco
2026-01-08T00:39:25.900Z,GA 07 G 3737-VAP(WATER TENDER),15.54645,74.0423016,0,STOP,"SH 1, Honda VP, Goa (SW)",Fire Station Valpoi
2026-01-08T00:39:25.900Z,GA 07 G 2318-PND(EMERGENCY RESCUE TENDER),15.402655,74.0030033,0,STOP,At Fire Station Ponda ,Fire Station Ponda
2026-01-08T00:39:25.900Z,GA 07 G 2004-PND(QUICK RESPONSE),15.4141016,73.9073083,0,INACTIVE,"Guru Hotel, Old Ferry Road, Agaçaim, Goa (SE)",Fire Station Ponda
2026-01-08T00:39:25.900Z,GA 07 G 9101-PND(WATER TENDER),15.4022033,74.0029466,0,STOP,At Fire Station Ponda ,Fire Station Ponda
2026-01-08T00:39:25.900Z,GA 07 G 9797-PND(WATER BOUSER),15.4027433,74.0028966,0,IDLE,At Fire Station Ponda ,Fire Station Ponda
2026-01-08T00:39:25.900Z,GA 07 G 6363-CAN(WATER TENDER),15.0236383,74.0440666,0,STOP,"Canacona, The Lalitrajbaga ,Canacona, Canacona, Goa (NE)",Fire Station Canacona
2026-01-08T00:39:25.900Z,GA 07 G 1567-CAN(QUICK RESPONSE FT),15.0163433,74.0396166,39,INACTIVE,"Canacona, The Lalitrajbaga ,Canacona, Canacona, Goa (SW)",Fire Station Canacona
2026-01-08T00:39:25.900Z,GA 07 G 1569-VRN(QUICK RESPONSE),15.3696816,73.9356849,0,STOP,At Fire Station Verna,Fire Station Verna
2026-01-08T00:39:25.900Z,GA 07 G 9909-VRN(ADVANCE MULTI-PURPOSE),15.36962,73.9357333,0,STOP,At Fire Station Verna,Fire Station Verna
2026-01-08T00:39:25.900Z,GA 07 G 1942-VAP(QUICK RESPONSE),15.531045,74.1388183,0,STOP,At Fire Station Valpoi ,Fire Station Valpoi
2026-01-08T00:39:25.900Z,GA 07 G 2003-CUR(QUICK RESPONSE),15.2603983,74.1037433,0,STOP,At Fire Station Curchorem,Fire Station Curchorem
2026-01-08T00:39:25.900Z,GA 07 G 7447-CUR(EMERGENCY RESCUE),15.2604233,74.10376,0,STOP,At Fire Station Curchorem,Fire Station Curchorem
2026-01-08T00:39:25.900Z,GA 07 G 7557-CUR(WATER TENDER),15.260345,74.1037183,0,STOP,At Fire Station Curchorem,Fire Station Curchorem
2026-01-08T00:39:25.900Z,GA 07 G 7667-CUR(WATER BOUSER),15.26034,74.1038333,0,STOP,At Fire Station Curchorem,Fire Station Curchorem
2026-01-08T00:39:25.900Z,GA 07 G 4989-KUN(WATER TENDER),15.4631883,73.9726567,0,STOP,At Fire Station Kundaim,Fire Station Kundaim
2026-01-08T00:39:25.900Z,GA 07 G 2242-PIL(WATER TENDER),15.53297,73.7940744,0,STOP,At Fire Station Pilerne,Fire Station Pilerne
2026-01-08T00:39:25.900Z,GA 07 G 0681-MAP(QUICK RESPONSE),15.589765,73.808805,0,STOP,At Fire Station Mapusa,Fire Station Mapusa
2026-01-08T00:39:25.900Z,GA 07 G 0307-PER(QUICK RESPONSE),15.7164939,73.7974239,0,INACTIVE,At Fire Station Pernem,Fire Station Pernem
2026-01-08T00:39:25.900Z,GA 07 G 2101-PER(MS WATER TENDER),15.7164339,73.7974506,0,STOP,At Fire Station Pernem,Fire Station Pernem
2026-01-08T00:39:25.900Z,GA 07 G 4600-PER(MINI RESCUE TENDER),15.7165006,73.7975322,0,STOP,At Fire Station Pernem,Fire Station Pernem
2026-01-08T00:39:25.900Z,GA 07 G 7272-PNJ(WATER TENDER),15.4871567,73.8173333,0,STOP,"Caculo Mall, 16 Shanta, St Inez Rd, Caculo Enclave, Santa Inez, Panaji, Goa (NW)",Fire Station Panaji
2026-01-08T00:39:25.900Z,GA07G2384- Cuncolim,15.1862711,74.0209944,0,STOP,At Fire Station Cuncolim,Fire Station Cuncolim
2026-01-08T00:39:25.900Z,GA07G2507 - Mid Size (Water Tender),15.71641,73.79755,0,STOP,At Fire Station Pernem,Fire Station Pernem
2026-01-08T00:39:25.900Z,GA07G2505 - Mid Size (Water Tender),15.5309333,74.1386233,0,STOP,At Fire Station Valpoi ,Fire Station Valpoi
2026-01-08T00:39:25.900Z,GA07G2504 - Mid Size (Water Tender),15.5893133,73.9465083,0,STOP,At Fire Station Bicholim ,Fire Station Bicholim
2026-01-08T00:39:25.900Z,GA07G2503-Mid Size (Water Tender),15.58997,73.80865,0,STOP,At Fire Station Mapusa,Fire Station Mapusa
2026-01-08T00:39:25.900Z,GA07G2502 - Mid Size (Water Tender),15.58982,73.8087483,0,STOP,At Fire Station Mapusa,Fire Force Headquarters
2026-01-08T00:40:26.201Z,GA 07 G 0680-PIL(QUICK RESPONSE VEHICLE),15.532865,73.7939283,0,STOP,At Fire Station Pilerne,Fire Station Pilerne
2026-01-08T00:40:26.201Z,GA07G2506 - Mid Size (Water Tender),15.500418,73.914055,0,STOP,At Fire Station Old Goa,Fire Station Old Goa
2026-01-08T00:40:26.201Z,GA 07 G 5115-POR(MINI WATER TENDER),15.523018,73.829498,0,STOP,At Porvorim Fire Station,Fire Station Porvorim
2026-01-08T00:40:26.201Z,GA 07 G 0350-MRG(WATER TENDER),15.269435,73.97068,0,STOP,At Fire Station Margoa,Fire Station Margao
2026-01-08T00:40:26.201Z,GA 07 G 2900-MAP(MINI RESCUE TENDER),15.59015,73.808701,0,STOP,At Fire Station Mapusa,Fire Station Mapusa
2026-01-08T00:40:26.201Z,GA 07 G 7600-FFHQ(WATER BOUSER),15.487355,73.817284,0,STOP,"Caculo Mall, 16 Shanta, St Inez Rd, Caculo Enclave, Santa Inez, Panaji, Goa (NW)",Fire Force Headquarters
2026-01-08T00:40:26.201Z,GA 07 G 2002-FFHQ(TURN TABLE LADDER),15.487413,73.8172,0,STOP,"Caculo Mall, 16 Shanta, St Inez Rd, Caculo Enclave, Santa Inez, Panaji, Goa (NW)",Fire Force Headquarters
2026-01-08T00:40:26.201Z,GA 07 G 7101-FFHQ(WATER TENDER),15.486933,73.817017,0,STOP,"Caculo Mall, 16 Shanta, St Inez Rd, Caculo Enclave, Santa Inez, Panaji, Goa (NW)",Fire Force Headquarters
2026-01-08T00:40:26.201Z,GA 07 G 7677-FFHQ(EMERGENCY RESCUE),15.487005,73.817436,0,STOP,"Caculo Mall, 16 Shanta, St Inez Rd, Caculo Enclave, Santa Inez, Panaji, Goa (NW)",Fire Force Headquarters
2026-01-08T00:40:26.201Z,GA 07 G 1121-PNJ(EMERGENCY RESCUE),15.487197,73.817276,0,STOP,"Caculo Mall, 16 Shanta, St Inez Rd, Caculo Enclave, Santa Inez, Panaji, Goa (NW)",Fire Station Panaji
2026-01-08T00:40:26.201Z,GA 07 G 1571-FFHQ(QUICK RESPONSE),15.486595,73.817528,0,STOP,"Caculo Mall, 16 Shanta, St Inez Rd, Caculo Enclave, Santa Inez, Panaji, Goa (SW)",Fire Force Headquarters
2026-01-08T00:40:26.201Z,GA 07 G 8101-MAP(WATER TENDER),15.589967,73.808762,0,STOP,At Fire Station Mapusa,Fire Station Mapusa
2026-01-08T00:40:26.201Z,GA 07 G 2317-MRG(EMERGENCY RESCUE TENDER),15.2693666,73.97002,0,STOP,At Fire Station Margoa,Fire Station Margao
2026-01-08T00:40:26.201Z,GA 07 G 1570-VAS(QUICK RESPONSE FIRE TENDER),15.4054016,73.8930833,4,STOP,"Mendies, National Highway 366, Goa (NE)",Fire Station Vasco
2026-01-08T00:40:26.201Z,GA 07 G 4101-VAS(MS WATER TENDER),15.3888216,73.8512533,0,INACTIVE,At Fire Station Vasco,Fire Station Vasco
2026-01-08T00:40:26.201Z,GA 07 G 0819-VAS(WATER/FOAM TENDER),15.3888067,73.8512617,0,IDLE,At Fire Station Vasco,Fire Station Vasco
2026-01-08T00:40:26.201Z,GA 07 G 7100-MRG(WATER BOUSER),15.2694416,73.9701166,0,STOP,At Fire Station Margoa,Fire Station Margao
2026-01-08T00:40:26.201Z,GA 07 G 1568-MRG(QUICK RESPONSE ),15.26936,73.9704583,0,STOP,At Fire Station Margoa,Fire Station Margao
2026-01-08T00:40:26.201Z,GA 07 G 6101-MRG(WATER TENDER),15.2694199,73.969955,0,STOP,At Fire Station Margoa,Fire Station Margao
2026-01-08T00:40:26.201Z,GA 07 G 1001-MRG(AERIAL LADDER PLATFORM),15.269385,73.97019,0,STOP,At Fire Station Margoa,Fire Station Margao
2026-01-08T00:40:26.201Z,GA 07 G 0820-BIC(WATER TEDNER),15.40271,74.0028017,0,STOP,At Fire Station Ponda ,Fire Station Bicholim
2026-01-08T00:40:26.201Z,GA 07 G 5101-OLG(MS WATER TENDER),15.5001633,73.914055,0,STOP,At Fire Station Old Goa,Fire Station Old Goa
2026-01-08T00:40:26.201Z,GA 07 G 3101-BIC(MS WATER TENDER),15.5894716,73.9465983,0,STOP,At Fire Station Bicholim ,Fire Station Bicholim
2026-01-08T00:40:26.201Z,GA 07 G 1941-BIC(QUICK RESPONSE),15.589475,73.9467283,0,STOP,At Fire Station Bicholim ,Fire Station Bicholim
2026-01-08T00:40:26.201Z,GA 07 G 2319-VAS (EMERGENCY RESCUE TENDER),15.3892083,73.8478433,0,STOP,"155/C, near railway bridge, airport road, Alto-dabolim, Dabolim, Goa (SW)",Fire Station Vasco
2026-01-08T00:40:26.201Z,GA 07 G 3737-VAP(WATER TENDER),15.54645,74.0423016,0,STOP,"SH 1, Honda VP, Goa (SW)",Fire Station Valpoi
2026-01-08T00:40:26.201Z,GA 07 G 2318-PND(EMERGENCY RESCUE TENDER),15.402655,74.0030033,0,STOP,At Fire Station Ponda ,Fire Station Ponda
2026-01-08T00:40:26.201Z,GA 07 G 2004-PND(QUICK RESPONSE),15.4141016,73.9073083,0,INACTIVE,"Guru Hotel, Old Ferry Road, Agaçaim, Goa (SE)",Fire Station Ponda
2026-01-08T00:40:26.201Z,GA 07 G 9101-PND(WATER TENDER),15.4022033,74.0029466,0,STOP,At Fire Station Ponda ,Fire Station Ponda
2026-01-08T00:40:26.201Z,GA 07 G 9797-PND(WATER BOUSER),15.4027433,74.0028966,0,IDLE,At Fire Station Ponda ,Fire Station Ponda
2026-01-08T00:40:26.201Z,GA 07 G 6363-CAN(WATER TENDER),15.0236383,74.0440666,0,STOP,"Canacona, The Lalitrajbaga ,Canacona, Canacona, Goa (NE)",Fire Station Canacona
2026-01-08T00:40:26.201Z,GA 07 G 1567-CAN(QUICK RESPONSE FT),15.0163433,74.0396166,39,INACTIVE,"Canacona, The Lalitrajbaga ,Canacona, Canacona, Goa (SW)",Fire Station Canacona
2026-01-08T00:40:26.201Z,GA 07 G 1569-VRN(QUICK RESPONSE),15.3696816,73.9356849,0,STOP,At Fire Station Verna,Fire Station Verna
2026-01-08T00:40:26.201Z,GA 07 G 9909-VRN(ADVANCE MULTI-PURPOSE),15.36962,73.9357333,0,STOP,At Fire Station Verna,Fire Station Verna
2026-01-08T00:40:26.201Z,GA 07 G 1942-VAP(QUICK RESPONSE),15.531045,74.1388183,0,STOP,At Fire Station Valpoi ,Fire Station Valpoi
2026-01-08T00:40:26.201Z,GA 07 G 2003-CUR(QUICK RESPONSE),15.2603983,74.1037433,0,STOP,At Fire Station Curchorem,Fire Station Curchorem
2026-01-08T00:40:26.201Z,GA 07 G 7447-CUR(EMERGENCY RESCUE),15.2604233,74.10376,0,STOP,At Fire Station Curchorem,Fire Station Curchorem
2026-01-08T00:40:26.201Z,GA 07 G 7557-CUR(WATER TENDER),15.260345,74.1037183,0,STOP,At Fire Station Curchorem,Fire Station Curchorem
2026-01-08T00:40:26.201Z,GA 07 G 7667-CUR(WATER BOUSER),15.26034,74.1038333,0,STOP,At Fire Station Curchorem,Fire Station Curchorem
2026-01-08T00:40:26.201Z,GA 07 G 4989-KUN(WATER TENDER),15.4631883,73.9726567,0,STOP,At Fire Station Kundaim,Fire Station Kundaim
2026-01-08T00:40:26.201Z,GA 07 G 2242-PIL(WATER TENDER),15.53297,73.7940744,0,STOP,At Fire Station Pilerne,Fire Station Pilerne
2026-01-08T00:40:26.201Z,GA 07 G 0681-MAP(QUICK RESPONSE),15.589765,73.808805,0,STOP,At Fire Station Mapusa,Fire Station Mapusa
2026-01-08T00:40:26.201Z,GA 07 G 0307-PER(QUICK RESPONSE),15.7164939,73.7974239,0,INACTIVE,At Fire Station Pernem,Fire Station Pernem
2026-01-08T00:40:26.201Z,GA 07 G 2101-PER(MS WATER TENDER),15.7164339,73.7974506,0,STOP,At Fire Station Pernem,Fire Station Pernem
2026-01-08T00:40:26.201Z,GA 07 G 4600-PER(MINI RESCUE TENDER),15.7165006,73.7975322,0,STOP,At Fire Station Pernem,Fire Station Pernem
2026-01-08T00:40:26.201Z,GA 07 G 7272-PNJ(WATER TENDER),15.4871567,73.8173333,0,STOP,"Caculo Mall, 16 Shanta, St Inez Rd, Caculo Enclave, Santa Inez, Panaji, Goa (NW)",Fire Station Panaji
2026-01-08T00:40:26.201Z,GA07G2384- Cuncolim,15.1862711,74.0209944,0,STOP,At Fire Station Cuncolim,Fire Station Cuncolim
2026-01-08T00:40:26.201Z,GA07G2507 - Mid Size (Water Tender),15.71641,73.79755,0,STOP,At Fire Station Pernem,Fire Station Pernem
2026-01-08T00:40:26.201Z,GA07G2505 - Mid Size (Water Tender),15.5309333,74.1386233,0,STOP,At Fire Station Valpoi ,Fire Station Valpoi
2026-01-08T00:40:26.201Z,GA07G2504 - Mid Size (Water Tender),15.5893133,73.9465083,0,STOP,At Fire Station Bicholim ,Fire Station Bicholim
2026-01-08T00:40:26.201Z,GA07G2503-Mid Size (Water Tender),15.58997,73.80865,0,STOP,At Fire Station Mapusa,Fire Station Mapusa
2026-01-08T00:40:26.201Z,GA07G2502 - Mid Size (Water Tender),15.58982,73.8087483,0,STOP,At Fire Station Mapusa,Fire Force Headquarters
2026-01-08T00:41:26.129Z,GA 07 G 0680-PIL(QUICK RESPONSE VEHICLE),15.532865,73.7939283,0,STOP,At Fire Station Pilerne,Fire Station Pilerne
2026-01-08T00:41:26.129Z,GA07G2506 - Mid Size (Water Tender),15.500418,73.914055,0,STOP,At Fire Station Old Goa,Fire Station Old Goa
2026-01-08T00:41:26.129Z,GA 07 G 5115-POR(MINI WATER TENDER),15.523018,73.829498,0,STOP,At Porvorim Fire Station,Fire Station Porvorim
2026-01-08T00:41:26.129Z,GA 07 G 0350-MRG(WATER TENDER),15.269435,73.97068,0,STOP,At Fire Station Margoa,Fire Station Margao
2026-01-08T00:41:26.129Z,GA 07 G 2900-MAP(MINI RESCUE TENDER),15.59015,73.808701,0,STOP,At Fire Station Mapusa,Fire Station Mapusa
2026-01-08T00:41:26.129Z,GA 07 G 7600-FFHQ(WATER BOUSER),15.487355,73.817284,0,STOP,"Caculo Mall, 16 Shanta, St Inez Rd, Caculo Enclave, Santa Inez, Panaji, Goa (NW)",Fire Force Headquarters
2026-01-08T00:41:26.129Z,GA 07 G 2002-FFHQ(TURN TABLE LADDER),15.487413,73.8172,0,STOP,"Caculo Mall, 16 Shanta, St Inez Rd, Caculo Enclave, Santa Inez, Panaji, Goa (NW)",Fire Force Headquarters
2026-01-08T00:41:26.129Z,GA 07 G 7101-FFHQ(WATER TENDER),15.486933,73.817017,0,STOP,"Caculo Mall, 16 Shanta, St Inez Rd, Caculo Enclave, Santa Inez, Panaji, Goa (NW)",Fire Force Headquarters
2026-01-08T00:41:26.129Z,GA 07 G 7677-FFHQ(EMERGENCY RESCUE),15.487005,73.817436,0,STOP,"Caculo Mall, 16 Shanta, St Inez Rd, Caculo Enclave, Santa Inez, Panaji, Goa (NW)",Fire Force Headquarters
2026-01-08T00:41:26.129Z,GA 07 G 1121-PNJ(EMERGENCY RESCUE),15.487197,73.817276,0,STOP,"Caculo Mall, 16 Shanta, St Inez Rd, Caculo Enclave, Santa Inez, Panaji, Goa (NW)",Fire Station Panaji
2026-01-08T00:41:26.129Z,GA 07 G 1571-FFHQ(QUICK RESPONSE),15.486595,73.817528,0,STOP,"Caculo Mall, 16 Shanta, St Inez Rd, Caculo Enclave, Santa Inez, Panaji, Goa (SW)",Fire Force Headquarters
2026-01-08T00:41:26.129Z,GA 07 G 8101-MAP(WATER TENDER),15.589967,73.808762,0,STOP,At Fire Station Mapusa,Fire Station Mapusa
2026-01-08T00:41:26.129Z,GA 07 G 2317-MRG(EMERGENCY RESCUE TENDER),15.269385,73.9700033,0,STOP,At Fire Station Margoa,Fire Station Margao
2026-01-08T00:41:26.129Z,GA 07 G 1570-VAS(QUICK RESPONSE FIRE TENDER),15.4054016,73.8930833,0,STOP,"Mendies, National Highway 366, Goa (NE)",Fire Station Vasco
2026-01-08T00:41:26.129Z,GA 07 G 4101-VAS(MS WATER TENDER),15.3888216,73.8512533,0,INACTIVE,At Fire Station Vasco,Fire Station Vasco
2026-01-08T00:41:26.129Z,GA 07 G 0819-VAS(WATER/FOAM TENDER),15.3888067,73.8512617,0,IDLE,At Fire Station Vasco,Fire Station Vasco
2026-01-08T00:41:26.129Z,GA 07 G 7100-MRG(WATER BOUSER),15.2694416,73.9701166,0,STOP,At Fire Station Margoa,Fire Station Margao
2026-01-08T00:41:26.129Z,GA 07 G 1568-MRG(QUICK RESPONSE ),15.26936,73.9704583,0,STOP,At Fire Station Margoa,Fire Station Margao
2026-01-08T00:41:26.129Z,GA 07 G 6101-MRG(WATER TENDER),15.2694199,73.969955,0,STOP,At Fire Station Margoa,Fire Station Margao
2026-01-08T00:41:26.129Z,GA 07 G 1001-MRG(AERIAL LADDER PLATFORM),15.269385,73.97019,0,STOP,At Fire Station Margoa,Fire Station Margao
2026-01-08T00:41:26.129Z,GA 07 G 0820-BIC(WATER TEDNER),15.40271,74.0028017,0,STOP,At Fire Station Ponda ,Fire Station Bicholim
2026-01-08T00:41:26.129Z,GA 07 G 5101-OLG(MS WATER TENDER),15.5001633,73.914055,0,STOP,At Fire Station Old Goa,Fire Station Old Goa
2026-01-08T00:41:26.129Z,GA 07 G 3101-BIC(MS WATER TENDER),15.5894716,73.9465983,0,STOP,At Fire Station Bicholim ,Fire Station Bicholim
2026-01-08T00:41:26.129Z,GA 07 G 1941-BIC(QUICK RESPONSE),15.589475,73.9467283,0,STOP,At Fire Station Bicholim ,Fire Station Bicholim
2026-01-08T00:41:26.129Z,GA 07 G 2319-VAS (EMERGENCY RESCUE TENDER),15.3892083,73.8478433,0,STOP,"155/C, near railway bridge, airport road, Alto-dabolim, Dabolim, Goa (SW)",Fire Station Vasco
2026-01-08T00:41:26.129Z,GA 07 G 3737-VAP(WATER TENDER),15.54645,74.0423016,0,STOP,"SH 1, Honda VP, Goa (SW)",Fire Station Valpoi
2026-01-08T00:41:26.129Z,GA 07 G 2318-PND(EMERGENCY RESCUE TENDER),15.402655,74.0030033,0,STOP,At Fire Station Ponda ,Fire Station Ponda
2026-01-08T00:41:26.129Z,GA 07 G 2004-PND(QUICK RESPONSE),15.4141016,73.9073083,0,INACTIVE,"Guru Hotel, Old Ferry Road, Agaçaim, Goa (SE)",Fire Station Ponda
2026-01-08T00:41:26.129Z,GA 07 G 9101-PND(WATER TENDER),15.4022033,74.0029466,0,STOP,At Fire Station Ponda ,Fire Station Ponda
2026-01-08T00:41:26.129Z,GA 07 G 9797-PND(WATER BOUSER),15.4027433,74.0028966,0,IDLE,At Fire Station Ponda ,Fire Station Ponda
2026-01-08T00:41:26.129Z,GA 07 G 6363-CAN(WATER TENDER),15.0236383,74.0440666,0,STOP,"Canacona, The Lalitrajbaga ,Canacona, Canacona, Goa (NE)",Fire Station Canacona
2026-01-08T00:41:26.129Z,GA 07 G 1567-CAN(QUICK RESPONSE FT),15.0163433,74.0396166,39,INACTIVE,"Canacona, The Lalitrajbaga ,Canacona, Canacona, Goa (SW)",Fire Station Canacona
2026-01-08T00:41:26.129Z,GA 07 G 1569-VRN(QUICK RESPONSE),15.3696816,73.9356849,0,STOP,At Fire Station Verna,Fire Station Verna
2026-01-08T00:41:26.129Z,GA 07 G 9909-VRN(ADVANCE MULTI-PURPOSE),15.36962,73.9357333,0,STOP,At Fire Station Verna,Fire Station Verna
2026-01-08T00:41:26.129Z,GA 07 G 1942-VAP(QUICK RESPONSE),15.531045,74.1388183,0,STOP,At Fire Station Valpoi ,Fire Station Valpoi
2026-01-08T00:41:26.129Z,GA 07 G 2003-CUR(QUICK RESPONSE),15.2603983,74.1037433,0,STOP,At Fire Station Curchorem,Fire Station Curchorem
2026-01-08T00:41:26.129Z,GA 07 G 7447-CUR(EMERGENCY RESCUE),15.2604233,74.10376,0,STOP,At Fire Station Curchorem,Fire Station Curchorem
2026-01-08T00:41:26.129Z,GA 07 G 7557-CUR(WATER TENDER),15.260345,74.1037183,0,STOP,At Fire Station Curchorem,Fire Station Curchorem
2026-01-08T00:41:26.129Z,GA 07 G 7667-CUR(WATER BOUSER),15.26034,74.1038333,0,STOP,At Fire Station Curchorem,Fire Station Curchorem
2026-01-08T00:41:26.129Z,GA 07 G 4989-KUN(WATER TENDER),15.4631883,73.9726567,0,STOP,At Fire Station Kundaim,Fire Station Kundaim
2026-01-08T00:41:26.129Z,GA 07 G 2242-PIL(WATER TENDER),15.53297,73.7940744,0,STOP,At Fire Station Pilerne,Fire Station Pilerne
2026-01-08T00:41:26.129Z,GA 07 G 0681-MAP(QUICK RESPONSE),15.589765,73.808805,0,STOP,At Fire Station Mapusa,Fire Station Mapusa
2026-01-08T00:41:26.129Z,GA 07 G 0307-PER(QUICK RESPONSE),15.7164939,73.7974239,0,INACTIVE,At Fire Station Pernem,Fire Station Pernem
2026-01-08T00:41:26.129Z,GA 07 G 2101-PER(MS WATER TENDER),15.7164339,73.7974506,0,STOP,At Fire Station Pernem,Fire Station Pernem
2026-01-08T00:41:26.129Z,GA 07 G 4600-PER(MINI RESCUE TENDER),15.7165006,73.7975322,0,STOP,At Fire Station Pernem,Fire Station Pernem
2026-01-08T00:41:26.129Z,GA 07 G 7272-PNJ(WATER TENDER),15.4871567,73.8173333,0,STOP,"Caculo Mall, 16 Shanta, St Inez Rd, Caculo Enclave, Santa Inez, Panaji, Goa (NW)",Fire Station Panaji
2026-01-08T00:41:26.129Z,GA07G2384- Cuncolim,15.1862711,74.0209944,0,STOP,At Fire Station Cuncolim,Fire Station Cuncolim
2026-01-08T00:41:26.129Z,GA07G2507 - Mid Size (Water Tender),15.71641,73.79755,0,STOP,At Fire Station Pernem,Fire Station Pernem
2026-01-08T00:41:26.129Z,GA07G2505 - Mid Size (Water Tender),15.5309333,74.1386233,0,STOP,At Fire Station Valpoi ,Fire Station Valpoi
2026-01-08T00:41:26.129Z,GA07G2504 - Mid Size (Water Tender),15.5893133,73.9465083,0,STOP,At Fire Station Bicholim ,Fire Station Bicholim
2026-01-08T00:41:26.129Z,GA07G2503-Mid Size (Water Tender),15.58997,73.80865,0,STOP,At Fire Station Mapusa,Fire Station Mapusa
2026-01-08T00:41:26.129Z,GA07G2502 - Mid Size (Water Tender),15.58982,73.8087483,0,STOP,At Fire Station Mapusa,Fire Force Headquarters
2026-01-08T00:42:30.457Z,GA 07 G 0680-PIL(QUICK RESPONSE VEHICLE),15.532865,73.7939283,0,STOP,At Fire Station Pilerne,Fire Station Pilerne
2026-01-08T00:42:30.457Z,GA07G2506 - Mid Size (Water Tender),15.500418,73.914055,0,STOP,At Fire Station Old Goa,Fire Station Old Goa
2026-01-08T00:42:30.457Z,GA 07 G 5115-POR(MINI WATER TENDER),15.523018,73.829498,0,STOP,At Porvorim Fire Station,Fire Station Porvorim
2026-01-08T00:42:30.457Z,GA 07 G 0350-MRG(WATER TENDER),15.269435,73.97068,0,STOP,At Fire Station Margoa,Fire Station Margao
2026-01-08T00:42:30.457Z,GA 07 G 2900-MAP(MINI RESCUE TENDER),15.59015,73.808701,0,STOP,At Fire Station Mapusa,Fire Station Mapusa
2026-01-08T00:42:30.457Z,GA 07 G 7600-FFHQ(WATER BOUSER),15.487355,73.817284,0,STOP,"Caculo Mall, 16 Shanta, St Inez Rd, Caculo Enclave, Santa Inez, Panaji, Goa (NW)",Fire Force Headquarters
2026-01-08T00:42:30.457Z,GA 07 G 2002-FFHQ(TURN TABLE LADDER),15.487413,73.8172,0,STOP,"Caculo Mall, 16 Shanta, St Inez Rd, Caculo Enclave, Santa Inez, Panaji, Goa (NW)",Fire Force Headquarters
2026-01-08T00:42:30.457Z,GA 07 G 7101-FFHQ(WATER TENDER),15.486933,73.817017,0,STOP,"Caculo Mall, 16 Shanta, St Inez Rd, Caculo Enclave, Santa Inez, Panaji, Goa (NW)",Fire Force Headquarters
2026-01-08T00:42:30.457Z,GA 07 G 7677-FFHQ(EMERGENCY RESCUE),15.487005,73.817436,0,STOP,"Caculo Mall, 16 Shanta, St Inez Rd, Caculo Enclave, Santa Inez, Panaji, Goa (NW)",Fire Force Headquarters
2026-01-08T00:42:30.457Z,GA 07 G 1121-PNJ(EMERGENCY RESCUE),15.487197,73.817276,0,STOP,"Caculo Mall, 16 Shanta, St Inez Rd, Caculo Enclave, Santa Inez, Panaji, Goa (NW)",Fire Station Panaji
2026-01-08T00:42:30.457Z,GA 07 G 1571-FFHQ(QUICK RESPONSE),15.486595,73.817528,0,STOP,"Caculo Mall, 16 Shanta, St Inez Rd, Caculo Enclave, Santa Inez, Panaji, Goa (SW)",Fire Force Headquarters
2026-01-08T00:42:30.457Z,GA 07 G 8101-MAP(WATER TENDER),15.589967,73.808762,0,STOP,At Fire Station Mapusa,Fire Station Mapusa
2026-01-08T00:42:30.457Z,GA 07 G 2317-MRG(EMERGENCY RESCUE TENDER),15.269385,73.9700033,1,STOP,At Fire Station Margoa,Fire Station Margao
2026-01-08T00:42:30.457Z,GA 07 G 1570-VAS(QUICK RESPONSE FIRE TENDER),15.4054016,73.8930833,0,STOP,"Mendies, National Highway 366, Goa (NE)",Fire Station Vasco
2026-01-08T00:42:30.457Z,GA 07 G 4101-VAS(MS WATER TENDER),15.3888216,73.8512533,0,INACTIVE,At Fire Station Vasco,Fire Station Vasco
2026-01-08T00:42:30.457Z,GA 07 G 0819-VAS(WATER/FOAM TENDER),15.3888067,73.8512617,0,IDLE,At Fire Station Vasco,Fire Station Vasco
2026-01-08T00:42:30.457Z,GA 07 G 7100-MRG(WATER BOUSER),15.2694416,73.9701166,0,STOP,At Fire Station Margoa,Fire Station Margao
2026-01-08T00:42:30.457Z,GA 07 G 1568-MRG(QUICK RESPONSE ),15.26936,73.9704583,0,STOP,At Fire Station Margoa,Fire Station Margao
2026-01-08T00:42:30.457Z,GA 07 G 6101-MRG(WATER TENDER),15.2694199,73.969955,0,STOP,At Fire Station Margoa,Fire Station Margao
2026-01-08T00:42:30.457Z,GA 07 G 1001-MRG(AERIAL LADDER PLATFORM),15.269385,73.97019,0,STOP,At Fire Station Margoa,Fire Station Margao
2026-01-08T00:42:30.457Z,GA 07 G 0820-BIC(WATER TEDNER),15.40271,74.0028017,0,STOP,At Fire Station Ponda ,Fire Station Bicholim
2026-01-08T00:42:30.457Z,GA 07 G 5101-OLG(MS WATER TENDER),15.5001633,73.914055,0,STOP,At Fire Station Old Goa,Fire Station Old Goa
2026-01-08T00:42:30.457Z,GA 07 G 3101-BIC(MS WATER TENDER),15.5894716,73.9465983,0,STOP,At Fire Station Bicholim ,Fire Station Bicholim
2026-01-08T00:42:30.457Z,GA 07 G 1941-BIC(QUICK RESPONSE),15.589475,73.9467283,0,STOP,At Fire Station Bicholim ,Fire Station Bicholim
2026-01-08T00:42:30.457Z,GA 07 G 2319-VAS (EMERGENCY RESCUE TENDER),15.3892083,73.8478433,0,STOP,"155/C, near railway bridge, airport road, Alto-dabolim, Dabolim, Goa (SW)",Fire Station Vasco
2026-01-08T00:42:30.457Z,GA 07 G 3737-VAP(WATER TENDER),15.54645,74.0423016,0,STOP,"SH 1, Honda VP, Goa (SW)",Fire Station Valpoi
2026-01-08T00:42:30.457Z,GA 07 G 2318-PND(EMERGENCY RESCUE TENDER),15.402655,74.0030033,0,STOP,At Fire Station Ponda ,Fire Station Ponda
2026-01-08T00:42:30.457Z,GA 07 G 2004-PND(QUICK RESPONSE),15.4141016,73.9073083,0,INACTIVE,"Guru Hotel, Old Ferry Road, Agaçaim, Goa (SE)",Fire Station Ponda
2026-01-08T00:42:30.457Z,GA 07 G 9101-PND(WATER TENDER),15.4022033,74.0029466,0,STOP,At Fire Station Ponda ,Fire Station Ponda
2026-01-08T00:42:30.457Z,GA 07 G 9797-PND(WATER BOUSER),15.4027433,74.0028966,0,IDLE,At Fire Station Ponda ,Fire Station Ponda
2026-01-08T00:42:30.457Z,GA 07 G 6363-CAN(WATER TENDER),15.0236383,74.0440666,0,STOP,"Canacona, The Lalitrajbaga ,Canacona, Canacona, Goa (NE)",Fire Station Canacona
2026-01-08T00:42:30.457Z,GA 07 G 1567-CAN(QUICK RESPONSE FT),15.0163433,74.0396166,39,INACTIVE,"Canacona, The Lalitrajbaga ,Canacona, Canacona, Goa (SW)",Fire Station Canacona
2026-01-08T00:42:30.457Z,GA 07 G 1569-VRN(QUICK RESPONSE),15.3696816,73.9356849,0,STOP,At Fire Station Verna,Fire Station Verna
2026-01-08T00:42:30.457Z,GA 07 G 9909-VRN(ADVANCE MULTI-PURPOSE),15.36962,73.9357333,0,STOP,At Fire Station Verna,Fire Station Verna
2026-01-08T00:42:30.457Z,GA 07 G 1942-VAP(QUICK RESPONSE),15.531045,74.1388183,0,STOP,At Fire Station Valpoi ,Fire Station Valpoi
2026-01-08T00:42:30.457Z,GA 07 G 2003-CUR(QUICK RESPONSE),15.2603983,74.1037433,0,STOP,At Fire Station Curchorem,Fire Station Curchorem
2026-01-08T00:42:30.457Z,GA 07 G 7447-CUR(EMERGENCY RESCUE),15.2604233,74.10376,0,STOP,At Fire Station Curchorem,Fire Station Curchorem
2026-01-08T00:42:30.457Z,GA 07 G 7557-CUR(WATER TENDER),15.260345,74.1037183,0,STOP,At Fire Station Curchorem,Fire Station Curchorem
2026-01-08T00:42:30.457Z,GA 07 G 7667-CUR(WATER BOUSER),15.26034,74.1038333,0,STOP,At Fire Station Curchorem,Fire Station Curchorem
2026-01-08T00:42:30.457Z,GA 07 G 4989-KUN(WATER TENDER),15.4631883,73.9726567,0,STOP,At Fire Station Kundaim,Fire Station Kundaim
2026-01-08T00:42:30.457Z,GA 07 G 2242-PIL(WATER TENDER),15.53297,73.7940744,0,STOP,At Fire Station Pilerne,Fire Station Pilerne
2026-01-08T00:42:30.457Z,GA 07 G 0681-MAP(QUICK RESPONSE),15.589765,73.808805,0,STOP,At Fire Station Mapusa,Fire Station Mapusa
2026-01-08T00:42:30.457Z,GA 07 G 0307-PER(QUICK RESPONSE),15.7164939,73.7974239,0,INACTIVE,At Fire Station Pernem,Fire Station Pernem
2026-01-08T00:42:30.457Z,GA 07 G 2101-PER(MS WATER TENDER),15.7164339,73.7974506,0,STOP,At Fire Station Pernem,Fire Station Pernem
2026-01-08T00:42:30.457Z,GA 07 G 4600-PER(MINI RESCUE TENDER),15.7165006,73.7975322,0,STOP,At Fire Station Pernem,Fire Station Pernem
2026-01-08T00:42:30.457Z,GA 07 G 7272-PNJ(WATER TENDER),15.4871567,73.8173333,0,STOP,"Caculo Mall, 16 Shanta, St Inez Rd, Caculo Enclave, Santa Inez, Panaji, Goa (NW)",Fire Station Panaji
2026-01-08T00:42:30.457Z,GA07G2384- Cuncolim,15.1862711,74.0209944,0,STOP,At Fire Station Cuncolim,Fire Station Cuncolim
2026-01-08T00:42:30.457Z,GA07G2507 - Mid Size (Water Tender),15.71641,73.79755,0,STOP,At Fire Station Pernem,Fire Station Pernem
2026-01-08T00:42:30.457Z,GA07G2505 - Mid Size (Water Tender),15.5309333,74.1386233,0,STOP,At Fire Station Valpoi ,Fire Station Valpoi
2026-01-08T00:42:30.457Z,GA07G2504 - Mid Size (Water Tender),15.5893133,73.9465083,0,STOP,At Fire Station Bicholim ,Fire Station Bicholim
2026-01-08T00:42:30.457Z,GA07G2503-Mid Size (Water Tender),15.58997,73.80865,0,STOP,At Fire Station Mapusa,Fire Station Mapusa
2026-01-08T00:42:30.457Z,GA07G2502 - Mid Size (Water Tender),15.58982,73.8087483,0,STOP,At Fire Station Mapusa,Fire Force Headquarters
2026-01-08T00:43:26.584Z,GA 07 G 0680-PIL(QUICK RESPONSE VEHICLE),15.532865,73.7939283,0,STOP,At Fire Station Pilerne,Fire Station Pilerne
2026-01-08T00:43:26.584Z,GA07G2506 - Mid Size (Water Tender),15.500418,73.914055,0,STOP,At Fire Station Old Goa,Fire Station Old Goa
2026-01-08T00:43:26.584Z,GA 07 G 5115-POR(MINI WATER TENDER),15.523018,73.829498,0,STOP,At Porvorim Fire Station,Fire Station Porvorim
2026-01-08T00:43:26.584Z,GA 07 G 0350-MRG(WATER TENDER),15.269435,73.97068,0,STOP,At Fire Station Margoa,Fire Station Margao
2026-01-08T00:43:26.584Z,GA 07 G 2900-MAP(MINI RESCUE TENDER),15.59015,73.808701,0,STOP,At Fire Station Mapusa,Fire Station Mapusa
2026-01-08T00:43:26.584Z,GA 07 G 7600-FFHQ(WATER BOUSER),15.487355,73.817284,0,STOP,"Caculo Mall, 16 Shanta, St Inez Rd, Caculo Enclave, Santa Inez, Panaji, Goa (NW)",Fire Force Headquarters
2026-01-08T00:43:26.584Z,GA 07 G 2002-FFHQ(TURN TABLE LADDER),15.487413,73.8172,0,STOP,"Caculo Mall, 16 Shanta, St Inez Rd, Caculo Enclave, Santa Inez, Panaji, Goa (NW)",Fire Force Headquarters
2026-01-08T00:43:26.584Z,GA 07 G 7101-FFHQ(WATER TENDER),15.486933,73.817017,0,STOP,"Caculo Mall, 16 Shanta, St Inez Rd, Caculo Enclave, Santa Inez, Panaji, Goa (NW)",Fire Force Headquarters
2026-01-08T00:43:26.584Z,GA 07 G 7677-FFHQ(EMERGENCY RESCUE),15.487005,73.817436,0,STOP,"Caculo Mall, 16 Shanta, St Inez Rd, Caculo Enclave, Santa Inez, Panaji, Goa (NW)",Fire Force Headquarters
2026-01-08T00:43:26.584Z,GA 07 G 1121-PNJ(EMERGENCY RESCUE),15.487197,73.817276,0,STOP,"Caculo Mall, 16 Shanta, St Inez Rd, Caculo Enclave, Santa Inez, Panaji, Goa (NW)",Fire Station Panaji
2026-01-08T00:43:26.584Z,GA 07 G 1571-FFHQ(QUICK RESPONSE),15.486595,73.817528,0,STOP,"Caculo Mall, 16 Shanta, St Inez Rd, Caculo Enclave, Santa Inez, Panaji, Goa (SW)",Fire Force Headquarters
2026-01-08T00:43:26.584Z,GA 07 G 8101-MAP(WATER TENDER),15.589967,73.808762,0,STOP,At Fire Station Mapusa,Fire Station Mapusa
2026-01-08T00:43:26.584Z,GA 07 G 2317-MRG(EMERGENCY RESCUE TENDER),15.269475,73.9701333,0,STOP,At Fire Station Margoa,Fire Station Margao
2026-01-08T00:43:26.584Z,GA 07 G 1570-VAS(QUICK RESPONSE FIRE TENDER),15.4054016,73.8930833,0,STOP,"Mendies, National Highway 366, Goa (NE)",Fire Station Vasco
2026-01-08T00:43:26.584Z,GA 07 G 4101-VAS(MS WATER TENDER),15.3888216,73.8512533,0,INACTIVE,At Fire Station Vasco,Fire Station Vasco
2026-01-08T00:43:26.584Z,GA 07 G 0819-VAS(WATER/FOAM TENDER),15.3888067,73.8512617,0,IDLE,At Fire Station Vasco,Fire Station Vasco
2026-01-08T00:43:26.584Z,GA 07 G 7100-MRG(WATER BOUSER),15.2694416,73.9701166,0,STOP,At Fire Station Margoa,Fire Station Margao
2026-01-08T00:43:26.584Z,GA 07 G 1568-MRG(QUICK RESPONSE ),15.26936,73.9704583,0,STOP,At Fire Station Margoa,Fire Station Margao
2026-01-08T00:43:26.584Z,GA 07 G 6101-MRG(WATER TENDER),15.2694199,73.969955,0,STOP,At Fire Station Margoa,Fire Station Margao
2026-01-08T00:43:26.584Z,GA 07 G 1001-MRG(AERIAL LADDER PLATFORM),15.269385,73.97019,0,STOP,At Fire Station Margoa,Fire Station Margao
2026-01-08T00:43:26.584Z,GA 07 G 0820-BIC(WATER TEDNER),15.40271,74.0028017,0,STOP,At Fire Station Ponda ,Fire Station Bicholim
2026-01-08T00:43:26.584Z,GA 07 G 5101-OLG(MS WATER TENDER),15.5001633,73.914055,0,STOP,At Fire Station Old Goa,Fire Station Old Goa
2026-01-08T00:43:26.584Z,GA 07 G 3101-BIC(MS WATER TENDER),15.5894716,73.9465983,4,STOP,At Fire Station Bicholim ,Fire Station Bicholim
2026-01-08T00:43:26.584Z,GA 07 G 1941-BIC(QUICK RESPONSE),15.589475,73.9467283,0,STOP,At Fire Station Bicholim ,Fire Station Bicholim
2026-01-08T00:43:26.584Z,GA 07 G 2319-VAS (EMERGENCY RESCUE TENDER),15.3892083,73.8478433,0,STOP,"155/C, near railway bridge, airport road, Alto-dabolim, Dabolim, Goa (SW)",Fire Station Vasco
2026-01-08T00:43:26.584Z,GA 07 G 3737-VAP(WATER TENDER),15.54645,74.0423016,0,STOP,"SH 1, Honda VP, Goa (SW)",Fire Station Valpoi
2026-01-08T00:43:26.584Z,GA 07 G 2318-PND(EMERGENCY RESCUE TENDER),15.402655,74.0030033,0,STOP,At Fire Station Ponda ,Fire Station Ponda
2026-01-08T00:43:26.584Z,GA 07 G 2004-PND(QUICK RESPONSE),15.4141016,73.9073083,0,INACTIVE,"Guru Hotel, Old Ferry Road, Agaçaim, Goa (SE)",Fire Station Ponda
2026-01-08T00:43:26.584Z,GA 07 G 9101-PND(WATER TENDER),15.4022033,74.0029466,0,STOP,At Fire Station Ponda ,Fire Station Ponda
2026-01-08T00:43:26.584Z,GA 07 G 9797-PND(WATER BOUSER),15.4027433,74.0028966,0,IDLE,At Fire Station Ponda ,Fire Station Ponda
2026-01-08T00:43:26.584Z,GA 07 G 6363-CAN(WATER TENDER),15.0236383,74.0440666,0,STOP,"Canacona, The Lalitrajbaga ,Canacona, Canacona, Goa (NE)",Fire Station Canacona
2026-01-08T00:43:26.584Z,GA 07 G 1567-CAN(QUICK RESPONSE FT),15.0163433,74.0396166,39,INACTIVE,"Canacona, The Lalitrajbaga ,Canacona, Canacona, Goa (SW)",Fire Station Canacona
2026-01-08T00:43:26.584Z,GA 07 G 1569-VRN(QUICK RESPONSE),15.3696816,73.9356849,0,STOP,At Fire Station Verna,Fire Station Verna
2026-01-08T00:43:26.584Z,GA 07 G 9909-VRN(ADVANCE MULTI-PURPOSE),15.36962,73.9357333,0,STOP,At Fire Station Verna,Fire Station Verna
2026-01-08T00:43:26.584Z,GA 07 G 1942-VAP(QUICK RESPONSE),15.531045,74.1388183,0,STOP,At Fire Station Valpoi ,Fire Station Valpoi
2026-01-08T00:43:26.584Z,GA 07 G 2003-CUR(QUICK RESPONSE),15.2603983,74.1037433,0,STOP,At Fire Station Curchorem,Fire Station Curchorem
2026-01-08T00:43:26.584Z,GA 07 G 7447-CUR(EMERGENCY RESCUE),15.2604233,74.10376,0,STOP,At Fire Station Curchorem,Fire Station Curchorem
2026-01-08T00:43:26.584Z,GA 07 G 7557-CUR(WATER TENDER),15.260345,74.1037183,0,STOP,At Fire Station Curchorem,Fire Station Curchorem
2026-01-08T00:43:26.584Z,GA 07 G 7667-CUR(WATER BOUSER),15.26034,74.1038333,0,STOP,At Fire Station Curchorem,Fire Station Curchorem
2026-01-08T00:43:26.584Z,GA 07 G 4989-KUN(WATER TENDER),15.4631883,73.9726567,0,STOP,At Fire Station Kundaim,Fire Station Kundaim
2026-01-08T00:43:26.584Z,GA 07 G 2242-PIL(WATER TENDER),15.53297,73.7940744,0,STOP,At Fire Station Pilerne,Fire Station Pilerne
2026-01-08T00:43:26.584Z,GA 07 G 0681-MAP(QUICK RESPONSE),15.589765,73.808805,0,STOP,At Fire Station Mapusa,Fire Station Mapusa
2026-01-08T00:43:26.584Z,GA 07 G 0307-PER(QUICK RESPONSE),15.7164939,73.7974239,0,INACTIVE,At Fire Station Pernem,Fire Station Pernem
2026-01-08T00:43:26.584Z,GA 07 G 2101-PER(MS WATER TENDER),15.7164339,73.7974506,0,STOP,At Fire Station Pernem,Fire Station Pernem
2026-01-08T00:43:26.584Z,GA 07 G 4600-PER(MINI RESCUE TENDER),15.7165006,73.7975322,0,STOP,At Fire Station Pernem,Fire Station Pernem
2026-01-08T00:43:26.584Z,GA 07 G 7272-PNJ(WATER TENDER),15.4871567,73.8173333,0,STOP,"Caculo Mall, 16 Shanta, St Inez Rd, Caculo Enclave, Santa Inez, Panaji, Goa (NW)",Fire Station Panaji
2026-01-08T00:43:26.584Z,GA07G2384- Cuncolim,15.1862711,74.0209944,0,STOP,At Fire Station Cuncolim,Fire Station Cuncolim
2026-01-08T00:43:26.584Z,GA07G2507 - Mid Size (Water Tender),15.71641,73.79755,0,STOP,At Fire Station Pernem,Fire Station Pernem
2026-01-08T00:43:26.584Z,GA07G2505 - Mid Size (Water Tender),15.5309333,74.1386233,0,STOP,At Fire Station Valpoi ,Fire Station Valpoi
2026-01-08T00:43:26.584Z,GA07G2504 - Mid Size (Water Tender),15.5893133,73.9465083,0,STOP,At Fire Station Bicholim ,Fire Station Bicholim
2026-01-08T00:43:26.584Z,GA07G2503-Mid Size (Water Tender),15.58997,73.80865,0,STOP,At Fire Station Mapusa,Fire Station Mapusa
2026-01-08T00:43:26.584Z,GA07G2502 - Mid Size (Water Tender),15.58982,73.8087483,0,STOP,At Fire Station Mapusa,Fire Force Headquarters
2026-01-08T00:44:24.671Z,GA 07 G 0680-PIL(QUICK RESPONSE VEHICLE),15.532865,73.7939283,0,STOP,At Fire Station Pilerne,Fire Station Pilerne
2026-01-08T00:44:24.671Z,GA07G2506 - Mid Size (Water Tender),15.500418,73.914055,0,STOP,At Fire Station Old Goa,Fire Station Old Goa
2026-01-08T00:44:24.671Z,GA 07 G 5115-POR(MINI WATER TENDER),15.523018,73.829498,0,STOP,At Porvorim Fire Station,Fire Station Porvorim
2026-01-08T00:44:24.671Z,GA 07 G 0350-MRG(WATER TENDER),15.269435,73.97068,0,STOP,At Fire Station Margoa,Fire Station Margao
2026-01-08T00:44:24.671Z,GA 07 G 2900-MAP(MINI RESCUE TENDER),15.59015,73.808701,0,STOP,At Fire Station Mapusa,Fire Station Mapusa
2026-01-08T00:44:24.671Z,GA 07 G 7600-FFHQ(WATER BOUSER),15.487355,73.817284,0,STOP,"Caculo Mall, 16 Shanta, St Inez Rd, Caculo Enclave, Santa Inez, Panaji, Goa (NW)",Fire Force Headquarters
2026-01-08T00:44:24.671Z,GA 07 G 2002-FFHQ(TURN TABLE LADDER),15.487413,73.8172,0,STOP,"Caculo Mall, 16 Shanta, St Inez Rd, Caculo Enclave, Santa Inez, Panaji, Goa (NW)",Fire Force Headquarters
2026-01-08T00:44:24.671Z,GA 07 G 7101-FFHQ(WATER TENDER),15.486933,73.817017,0,STOP,"Caculo Mall, 16 Shanta, St Inez Rd, Caculo Enclave, Santa Inez, Panaji, Goa (NW)",Fire Force Headquarters
2026-01-08T00:44:24.671Z,GA 07 G 7677-FFHQ(EMERGENCY RESCUE),15.487005,73.817436,0,STOP,"Caculo Mall, 16 Shanta, St Inez Rd, Caculo Enclave, Santa Inez, Panaji, Goa (NW)",Fire Force Headquarters
2026-01-08T00:44:24.671Z,GA 07 G 1121-PNJ(EMERGENCY RESCUE),15.487197,73.817276,0,STOP,"Caculo Mall, 16 Shanta, St Inez Rd, Caculo Enclave, Santa Inez, Panaji, Goa (NW)",Fire Station Panaji
2026-01-08T00:44:24.671Z,GA 07 G 1571-FFHQ(QUICK RESPONSE),15.486595,73.817528,0,STOP,"Caculo Mall, 16 Shanta, St Inez Rd, Caculo Enclave, Santa Inez, Panaji, Goa (SW)",Fire Force Headquarters
2026-01-08T00:44:24.671Z,GA 07 G 8101-MAP(WATER TENDER),15.589967,73.808762,0,STOP,At Fire Station Mapusa,Fire Station Mapusa
2026-01-08T00:44:24.671Z,GA 07 G 2317-MRG(EMERGENCY RESCUE TENDER),15.2685266,73.970035,2,STOP,At Fire Station Margoa,Fire Station Margao
2026-01-08T00:44:24.671Z,GA 07 G 1570-VAS(QUICK RESPONSE FIRE TENDER),15.4054016,73.8930833,0,STOP,"Mendies, National Highway 366, Goa (NE)",Fire Station Vasco
2026-01-08T00:44:24.671Z,GA 07 G 4101-VAS(MS WATER TENDER),15.3888216,73.8512533,0,INACTIVE,At Fire Station Vasco,Fire Station Vasco
2026-01-08T00:44:24.671Z,GA 07 G 0819-VAS(WATER/FOAM TENDER),15.3888067,73.8512617,0,IDLE,At Fire Station Vasco,Fire Station Vasco
2026-01-08T00:44:24.671Z,GA 07 G 7100-MRG(WATER BOUSER),15.2694416,73.9701166,0,STOP,At Fire Station Margoa,Fire Station Margao
2026-01-08T00:44:24.671Z,GA 07 G 1568-MRG(QUICK RESPONSE ),15.26936,73.9704583,0,STOP,At Fire Station Margoa,Fire Station Margao
2026-01-08T00:44:24.671Z,GA 07 G 6101-MRG(WATER TENDER),15.2694199,73.969955,0,STOP,At Fire Station Margoa,Fire Station Margao
2026-01-08T00:44:24.671Z,GA 07 G 1001-MRG(AERIAL LADDER PLATFORM),15.269385,73.97019,0,STOP,At Fire Station Margoa,Fire Station Margao
2026-01-08T00:44:24.671Z,GA 07 G 0820-BIC(WATER TEDNER),15.40271,74.0028017,0,STOP,At Fire Station Ponda ,Fire Station Bicholim
2026-01-08T00:44:24.671Z,GA 07 G 5101-OLG(MS WATER TENDER),15.5001633,73.914055,0,STOP,At Fire Station Old Goa,Fire Station Old Goa
2026-01-08T00:44:24.671Z,GA 07 G 3101-BIC(MS WATER TENDER),15.5894716,73.9465983,2,STOP,At Fire Station Bicholim ,Fire Station Bicholim
2026-01-08T00:44:24.671Z,GA 07 G 1941-BIC(QUICK RESPONSE),15.589475,73.9467283,0,STOP,At Fire Station Bicholim ,Fire Station Bicholim
2026-01-08T00:44:24.671Z,GA 07 G 2319-VAS (EMERGENCY RESCUE TENDER),15.3892083,73.8478433,0,STOP,"155/C, near railway bridge, airport road, Alto-dabolim, Dabolim, Goa (SW)",Fire Station Vasco
2026-01-08T00:44:24.671Z,GA 07 G 3737-VAP(WATER TENDER),15.54645,74.0423016,0,STOP,"SH 1, Honda VP, Goa (SW)",Fire Station Valpoi
2026-01-08T00:44:24.671Z,GA 07 G 2318-PND(EMERGENCY RESCUE TENDER),15.402655,74.0030033,0,STOP,At Fire Station Ponda ,Fire Station Ponda
2026-01-08T00:44:24.671Z,GA 07 G 2004-PND(QUICK RESPONSE),15.4141016,73.9073083,0,INACTIVE,"Guru Hotel, Old Ferry Road, Agaçaim, Goa (SE)",Fire Station Ponda
2026-01-08T00:44:24.671Z,GA 07 G 9101-PND(WATER TENDER),15.4022033,74.0029466,0,STOP,At Fire Station Ponda ,Fire Station Ponda
2026-01-08T00:44:24.671Z,GA 07 G 9797-PND(WATER BOUSER),15.4027433,74.0028966,0,IDLE,At Fire Station Ponda ,Fire Station Ponda
2026-01-08T00:44:24.671Z,GA 07 G 6363-CAN(WATER TENDER),15.0236383,74.0440666,0,STOP,"Canacona, The Lalitrajbaga ,Canacona, Canacona, Goa (NE)",Fire Station Canacona
2026-01-08T00:44:24.671Z,GA 07 G 1567-CAN(QUICK RESPONSE FT),15.0163433,74.0396166,39,INACTIVE,"Canacona, The Lalitrajbaga ,Canacona, Canacona, Goa (SW)",Fire Station Canacona
2026-01-08T00:44:24.671Z,GA 07 G 1569-VRN(QUICK RESPONSE),15.3696816,73.9356849,0,STOP,At Fire Station Verna,Fire Station Verna
2026-01-08T00:44:24.671Z,GA 07 G 9909-VRN(ADVANCE MULTI-PURPOSE),15.36962,73.9357333,0,STOP,At Fire Station Verna,Fire Station Verna
2026-01-08T00:44:24.671Z,GA 07 G 1942-VAP(QUICK RESPONSE),15.531045,74.1388183,0,STOP,At Fire Station Valpoi ,Fire Station Valpoi
2026-01-08T00:44:24.671Z,GA 07 G 2003-CUR(QUICK RESPONSE),15.2603983,74.1037433,0,STOP,At Fire Station Curchorem,Fire Station Curchorem
2026-01-08T00:44:24.671Z,GA 07 G 7447-CUR(EMERGENCY RESCUE),15.2604233,74.10376,0,STOP,At Fire Station Curchorem,Fire Station Curchorem
2026-01-08T00:44:24.671Z,GA 07 G 7557-CUR(WATER TENDER),15.260345,74.1037183,0,STOP,At Fire Station Curchorem,Fire Station Curchorem
2026-01-08T00:44:24.671Z,GA 07 G 7667-CUR(WATER BOUSER),15.26034,74.1038333,0,STOP,At Fire Station Curchorem,Fire Station Curchorem
2026-01-08T00:44:24.671Z,GA 07 G 4989-KUN(WATER TENDER),15.4631883,73.9726567,0,STOP,At Fire Station Kundaim,Fire Station Kundaim
2026-01-08T00:44:24.671Z,GA 07 G 2242-PIL(WATER TENDER),15.53297,73.7940744,0,STOP,At Fire Station Pilerne,Fire Station Pilerne
2026-01-08T00:44:24.671Z,GA 07 G 0681-MAP(QUICK RESPONSE),15.589765,73.808805,0,STOP,At Fire Station Mapusa,Fire Station Mapusa
2026-01-08T00:44:24.671Z,GA 07 G 0307-PER(QUICK RESPONSE),15.7164939,73.7974239,0,INACTIVE,At Fire Station Pernem,Fire Station Pernem
2026-01-08T00:44:24.671Z,GA 07 G 2101-PER(MS WATER TENDER),15.7164339,73.7974506,0,STOP,At Fire Station Pernem,Fire Station Pernem
2026-01-08T00:44:24.671Z,GA 07 G 4600-PER(MINI RESCUE TENDER),15.7165006,73.7975322,0,STOP,At Fire Station Pernem,Fire Station Pernem
2026-01-08T00:44:24.671Z,GA 07 G 7272-PNJ(WATER TENDER),15.4871567,73.8173333,0,STOP,"Caculo Mall, 16 Shanta, St Inez Rd, Caculo Enclave, Santa Inez, Panaji, Goa (NW)",Fire Station Panaji
2026-01-08T00:44:24.671Z,GA07G2384- Cuncolim,15.1862711,74.0209944,0,STOP,At Fire Station Cuncolim,Fire Station Cuncolim
2026-01-08T00:44:24.671Z,GA07G2507 - Mid Size (Water Tender),15.71641,73.79755,0,STOP,At Fire Station Pernem,Fire Station Pernem
2026-01-08T00:44:24.671Z,GA07G2505 - Mid Size (Water Tender),15.5309333,74.1386233,0,STOP,At Fire Station Valpoi ,Fire Station Valpoi
2026-01-08T00:44:24.671Z,GA07G2504 - Mid Size (Water Tender),15.5893133,73.9465083,0,STOP,At Fire Station Bicholim ,Fire Station Bicholim
2026-01-08T00:44:24.671Z,GA07G2503-Mid Size (Water Tender),15.58997,73.80865,0,STOP,At Fire Station Mapusa,Fire Station Mapusa
2026-01-08T00:44:24.671Z,GA07G2502 - Mid Size (Water Tender),15.58982,73.8087483,0,STOP,At Fire Station Mapusa,Fire Force Headquarters
2026-01-08T00:45:26.801Z,GA 07 G 0680-PIL(QUICK RESPONSE VEHICLE),15.532865,73.7939283,0,STOP,At Fire Station Pilerne,Fire Station Pilerne
2026-01-08T00:45:26.801Z,GA07G2506 - Mid Size (Water Tender),15.500418,73.914055,0,STOP,At Fire Station Old Goa,Fire Station Old Goa
2026-01-08T00:45:26.801Z,GA 07 G 5115-POR(MINI WATER TENDER),15.523018,73.829498,0,STOP,At Porvorim Fire Station,Fire Station Porvorim
2026-01-08T00:45:26.801Z,GA 07 G 0350-MRG(WATER TENDER),15.269435,73.97068,0,STOP,At Fire Station Margoa,Fire Station Margao
2026-01-08T00:45:26.801Z,GA 07 G 2900-MAP(MINI RESCUE TENDER),15.59015,73.808701,0,STOP,At Fire Station Mapusa,Fire Station Mapusa
2026-01-08T00:45:26.801Z,GA 07 G 7600-FFHQ(WATER BOUSER),15.487355,73.817284,0,STOP,"Caculo Mall, 16 Shanta, St Inez Rd, Caculo Enclave, Santa Inez, Panaji, Goa (NW)",Fire Force Headquarters
2026-01-08T00:45:26.801Z,GA 07 G 2002-FFHQ(TURN TABLE LADDER),15.487413,73.8172,0,STOP,"Caculo Mall, 16 Shanta, St Inez Rd, Caculo Enclave, Santa Inez, Panaji, Goa (NW)",Fire Force Headquarters
2026-01-08T00:45:26.801Z,GA 07 G 7101-FFHQ(WATER TENDER),15.486933,73.817017,0,STOP,"Caculo Mall, 16 Shanta, St Inez Rd, Caculo Enclave, Santa Inez, Panaji, Goa (NW)",Fire Force Headquarters
2026-01-08T00:45:26.801Z,GA 07 G 7677-FFHQ(EMERGENCY RESCUE),15.487005,73.817436,0,STOP,"Caculo Mall, 16 Shanta, St Inez Rd, Caculo Enclave, Santa Inez, Panaji, Goa (NW)",Fire Force Headquarters
2026-01-08T00:45:26.801Z,GA 07 G 1121-PNJ(EMERGENCY RESCUE),15.487197,73.817276,0,STOP,"Caculo Mall, 16 Shanta, St Inez Rd, Caculo Enclave, Santa Inez, Panaji, Goa (NW)",Fire Station Panaji
2026-01-08T00:45:26.801Z,GA 07 G 1571-FFHQ(QUICK RESPONSE),15.486595,73.817528,0,STOP,"Caculo Mall, 16 Shanta, St Inez Rd, Caculo Enclave, Santa Inez, Panaji, Goa (SW)",Fire Force Headquarters
2026-01-08T00:45:26.801Z,GA 07 G 8101-MAP(WATER TENDER),15.589967,73.808762,0,STOP,At Fire Station Mapusa,Fire Station Mapusa
2026-01-08T00:45:26.801Z,GA 07 G 2317-MRG(EMERGENCY RESCUE TENDER),15.2690616,73.9701416,0,STOP,At Fire Station Margoa,Fire Station Margao
2026-01-08T00:45:26.801Z,GA 07 G 1570-VAS(QUICK RESPONSE FIRE TENDER),15.4054016,73.8930833,0,STOP,"Mendies, National Highway 366, Goa (NE)",Fire Station Vasco
2026-01-08T00:45:26.801Z,GA 07 G 4101-VAS(MS WATER TENDER),15.3888216,73.8512533,0,INACTIVE,At Fire Station Vasco,Fire Station Vasco
2026-01-08T00:45:26.801Z,GA 07 G 0819-VAS(WATER/FOAM TENDER),15.3888067,73.8512617,0,IDLE,At Fire Station Vasco,Fire Station Vasco
2026-01-08T00:45:26.801Z,GA 07 G 7100-MRG(WATER BOUSER),15.2694416,73.9701166,0,STOP,At Fire Station Margoa,Fire Station Margao
2026-01-08T00:45:26.801Z,GA 07 G 1568-MRG(QUICK RESPONSE ),15.26936,73.9704583,0,STOP,At Fire Station Margoa,Fire Station Margao
2026-01-08T00:45:26.801Z,GA 07 G 6101-MRG(WATER TENDER),15.2694199,73.969955,0,STOP,At Fire Station Margoa,Fire Station Margao
2026-01-08T00:45:26.801Z,GA 07 G 1001-MRG(AERIAL LADDER PLATFORM),15.269385,73.97019,0,STOP,At Fire Station Margoa,Fire Station Margao
2026-01-08T00:45:26.801Z,GA 07 G 0820-BIC(WATER TEDNER),15.40271,74.0028017,0,STOP,At Fire Station Ponda ,Fire Station Bicholim
2026-01-08T00:45:26.801Z,GA 07 G 5101-OLG(MS WATER TENDER),15.5001633,73.914055,0,STOP,At Fire Station Old Goa,Fire Station Old Goa
2026-01-08T00:45:26.801Z,GA 07 G 3101-BIC(MS WATER TENDER),15.5894716,73.9465983,0,STOP,At Fire Station Bicholim ,Fire Station Bicholim
2026-01-08T00:45:26.801Z,GA 07 G 1941-BIC(QUICK RESPONSE),15.589475,73.9467283,0,STOP,At Fire Station Bicholim ,Fire Station Bicholim
2026-01-08T00:45:26.801Z,GA 07 G 2319-VAS (EMERGENCY RESCUE TENDER),15.3892083,73.8478433,0,STOP,"155/C, near railway bridge, airport road, Alto-dabolim, Dabolim, Goa (SW)",Fire Station Vasco
2026-01-08T00:45:26.801Z,GA 07 G 3737-VAP(WATER TENDER),15.54645,74.0423016,0,STOP,"SH 1, Honda VP, Goa (SW)",Fire Station Valpoi
2026-01-08T00:45:26.801Z,GA 07 G 2318-PND(EMERGENCY RESCUE TENDER),15.402655,74.0030033,0,STOP,At Fire Station Ponda ,Fire Station Ponda
2026-01-08T00:45:26.801Z,GA 07 G 2004-PND(QUICK RESPONSE),15.4141016,73.9073083,0,INACTIVE,"Guru Hotel, Old Ferry Road, Agaçaim, Goa (SE)",Fire Station Ponda
2026-01-08T00:45:26.801Z,GA 07 G 9101-PND(WATER TENDER),15.4022033,74.0029466,0,STOP,At Fire Station Ponda ,Fire Station Ponda
2026-01-08T00:45:26.801Z,GA 07 G 9797-PND(WATER BOUSER),15.4027433,74.0028966,0,IDLE,At Fire Station Ponda ,Fire Station Ponda
2026-01-08T00:45:26.801Z,GA 07 G 6363-CAN(WATER TENDER),15.0236383,74.0440666,0,STOP,"Canacona, The Lalitrajbaga ,Canacona, Canacona, Goa (NE)",Fire Station Canacona
2026-01-08T00:45:26.801Z,GA 07 G 1567-CAN(QUICK RESPONSE FT),15.0163433,74.0396166,39,INACTIVE,"Canacona, The Lalitrajbaga ,Canacona, Canacona, Goa (SW)",Fire Station Canacona
2026-01-08T00:45:26.801Z,GA 07 G 1569-VRN(QUICK RESPONSE),15.3696816,73.9356849,0,STOP,At Fire Station Verna,Fire Station Verna
2026-01-08T00:45:26.801Z,GA 07 G 9909-VRN(ADVANCE MULTI-PURPOSE),15.36962,73.9357333,0,STOP,At Fire Station Verna,Fire Station Verna
2026-01-08T00:45:26.801Z,GA 07 G 1942-VAP(QUICK RESPONSE),15.531045,74.1388183,0,STOP,At Fire Station Valpoi ,Fire Station Valpoi
2026-01-08T00:45:26.801Z,GA 07 G 2003-CUR(QUICK RESPONSE),15.2603983,74.1037433,0,STOP,At Fire Station Curchorem,Fire Station Curchorem
2026-01-08T00:45:26.801Z,GA 07 G 7447-CUR(EMERGENCY RESCUE),15.2604233,74.10376,0,STOP,At Fire Station Curchorem,Fire Station Curchorem
2026-01-08T00:45:26.801Z,GA 07 G 7557-CUR(WATER TENDER),15.260345,74.1037183,0,STOP,At Fire Station Curchorem,Fire Station Curchorem
2026-01-08T00:45:26.801Z,GA 07 G 7667-CUR(WATER BOUSER),15.26034,74.1038333,0,STOP,At Fire Station Curchorem,Fire Station Curchorem
2026-01-08T00:45:26.801Z,GA 07 G 4989-KUN(WATER TENDER),15.4631883,73.9726567,0,STOP,At Fire Station Kundaim,Fire Station Kundaim
2026-01-08T00:45:26.801Z,GA 07 G 2242-PIL(WATER TENDER),15.53297,73.7940744,0,STOP,At Fire Station Pilerne,Fire Station Pilerne
2026-01-08T00:45:26.801Z,GA 07 G 0681-MAP(QUICK RESPONSE),15.589765,73.808805,0,STOP,At Fire Station Mapusa,Fire Station Mapusa
2026-01-08T00:45:26.801Z,GA 07 G 0307-PER(QUICK RESPONSE),15.7164939,73.7974239,0,INACTIVE,At Fire Station Pernem,Fire Station Pernem
2026-01-08T00:45:26.801Z,GA 07 G 2101-PER(MS WATER TENDER),15.7164339,73.7974506,0,STOP,At Fire Station Pernem,Fire Station Pernem
2026-01-08T00:45:26.801Z,GA 07 G 4600-PER(MINI RESCUE TENDER),15.7165006,73.7975322,0,STOP,At Fire Station Pernem,Fire Station Pernem
2026-01-08T00:45:26.801Z,GA 07 G 7272-PNJ(WATER TENDER),15.4871567,73.8173333,0,STOP,"Caculo Mall, 16 Shanta, St Inez Rd, Caculo Enclave, Santa Inez, Panaji, Goa (NW)",Fire Station Panaji
2026-01-08T00:45:26.801Z,GA07G2384- Cuncolim,15.1862711,74.0209944,0,STOP,At Fire Station Cuncolim,Fire Station Cuncolim
2026-01-08T00:45:26.801Z,GA07G2507 - Mid Size (Water Tender),15.71641,73.79755,0,STOP,At Fire Station Pernem,Fire Station Pernem
2026-01-08T00:45:26.801Z,GA07G2505 - Mid Size (Water Tender),15.5309333,74.1386233,0,STOP,At Fire Station Valpoi ,Fire Station Valpoi
2026-01-08T00:45:26.801Z,GA07G2504 - Mid Size (Water Tender),15.5893133,73.9465083,0,STOP,At Fire Station Bicholim ,Fire Station Bicholim
2026-01-08T00:45:26.801Z,GA07G2503-Mid Size (Water Tender),15.58997,73.80865,0,STOP,At Fire Station Mapusa,Fire Station Mapusa
2026-01-08T00:45:26.801Z,GA07G2502 - Mid Size (Water Tender),15.58982,73.8087483,0,STOP,At Fire Station Mapusa,Fire Force Headquarters
2026-01-08T00:46:28.782Z,GA 07 G 0680-PIL(QUICK RESPONSE VEHICLE),15.532865,73.7939283,0,STOP,At Fire Station Pilerne,Fire Station Pilerne
2026-01-08T00:46:28.782Z,GA07G2506 - Mid Size (Water Tender),15.500418,73.914055,0,STOP,At Fire Station Old Goa,Fire Station Old Goa
2026-01-08T00:46:28.782Z,GA 07 G 5115-POR(MINI WATER TENDER),15.523018,73.829498,0,STOP,At Porvorim Fire Station,Fire Station Porvorim
2026-01-08T00:46:28.782Z,GA 07 G 0350-MRG(WATER TENDER),15.269435,73.97068,0,STOP,At Fire Station Margoa,Fire Station Margao
2026-01-08T00:46:28.782Z,GA 07 G 2900-MAP(MINI RESCUE TENDER),15.59015,73.808701,0,STOP,At Fire Station Mapusa,Fire Station Mapusa
2026-01-08T00:46:28.782Z,GA 07 G 7600-FFHQ(WATER BOUSER),15.487355,73.817284,0,STOP,"Caculo Mall, 16 Shanta, St Inez Rd, Caculo Enclave, Santa Inez, Panaji, Goa (NW)",Fire Force Headquarters
2026-01-08T00:46:28.782Z,GA 07 G 2002-FFHQ(TURN TABLE LADDER),15.487413,73.8172,0,STOP,"Caculo Mall, 16 Shanta, St Inez Rd, Caculo Enclave, Santa Inez, Panaji, Goa (NW)",Fire Force Headquarters
2026-01-08T00:46:28.782Z,GA 07 G 7101-FFHQ(WATER TENDER),15.486933,73.817017,0,STOP,"Caculo Mall, 16 Shanta, St Inez Rd, Caculo Enclave, Santa Inez, Panaji, Goa (NW)",Fire Force Headquarters
2026-01-08T00:46:28.782Z,GA 07 G 7677-FFHQ(EMERGENCY RESCUE),15.487005,73.817436,0,STOP,"Caculo Mall, 16 Shanta, St Inez Rd, Caculo Enclave, Santa Inez, Panaji, Goa (NW)",Fire Force Headquarters
2026-01-08T00:46:28.782Z,GA 07 G 1121-PNJ(EMERGENCY RESCUE),15.487197,73.817276,0,STOP,"Caculo Mall, 16 Shanta, St Inez Rd, Caculo Enclave, Santa Inez, Panaji, Goa (NW)",Fire Station Panaji
2026-01-08T00:46:28.782Z,GA 07 G 1571-FFHQ(QUICK RESPONSE),15.486595,73.817528,0,STOP,"Caculo Mall, 16 Shanta, St Inez Rd, Caculo Enclave, Santa Inez, Panaji, Goa (SW)",Fire Force Headquarters
2026-01-08T00:46:28.782Z,GA 07 G 8101-MAP(WATER TENDER),15.589967,73.808762,0,STOP,At Fire Station Mapusa,Fire Station Mapusa
2026-01-08T00:46:28.782Z,GA 07 G 2317-MRG(EMERGENCY RESCUE TENDER),15.26941,73.970215,1,STOP,At Fire Station Margoa,Fire Station Margao
2026-01-08T00:46:28.782Z,GA 07 G 1570-VAS(QUICK RESPONSE FIRE TENDER),15.4054016,73.8930833,0,STOP,"Mendies, National Highway 366, Goa (NE)",Fire Station Vasco
2026-01-08T00:46:28.782Z,GA 07 G 4101-VAS(MS WATER TENDER),15.3888216,73.8512533,0,INACTIVE,At Fire Station Vasco,Fire Station Vasco
2026-01-08T00:46:28.782Z,GA 07 G 0819-VAS(WATER/FOAM TENDER),15.3888067,73.8512617,0,IDLE,At Fire Station Vasco,Fire Station Vasco
2026-01-08T00:46:28.782Z,GA 07 G 7100-MRG(WATER BOUSER),15.2694416,73.9701166,0,STOP,At Fire Station Margoa,Fire Station Margao
2026-01-08T00:46:28.782Z,GA 07 G 1568-MRG(QUICK RESPONSE ),15.26936,73.9704583,0,STOP,At Fire Station Margoa,Fire Station Margao
2026-01-08T00:46:28.782Z,GA 07 G 6101-MRG(WATER TENDER),15.2694199,73.969955,0,STOP,At Fire Station Margoa,Fire Station Margao
2026-01-08T00:46:28.782Z,GA 07 G 1001-MRG(AERIAL LADDER PLATFORM),15.269385,73.97019,0,STOP,At Fire Station Margoa,Fire Station Margao
2026-01-08T00:46:28.782Z,GA 07 G 0820-BIC(WATER TEDNER),15.40271,74.0028017,0,STOP,At Fire Station Ponda ,Fire Station Bicholim
2026-01-08T00:46:28.782Z,GA 07 G 5101-OLG(MS WATER TENDER),15.5001633,73.914055,0,STOP,At Fire Station Old Goa,Fire Station Old Goa
2026-01-08T00:46:28.782Z,GA 07 G 3101-BIC(MS WATER TENDER),15.5894716,73.9465983,3,STOP,At Fire Station Bicholim ,Fire Station Bicholim
2026-01-08T00:46:28.782Z,GA 07 G 1941-BIC(QUICK RESPONSE),15.589475,73.9467283,0,STOP,At Fire Station Bicholim ,Fire Station Bicholim
2026-01-08T00:46:28.782Z,GA 07 G 2319-VAS (EMERGENCY RESCUE TENDER),15.3892083,73.8478433,0,STOP,"155/C, near railway bridge, airport road, Alto-dabolim, Dabolim, Goa (SW)",Fire Station Vasco
2026-01-08T00:46:28.782Z,GA 07 G 3737-VAP(WATER TENDER),15.54645,74.0423016,0,STOP,"SH 1, Honda VP, Goa (SW)",Fire Station Valpoi
2026-01-08T00:46:28.782Z,GA 07 G 2318-PND(EMERGENCY RESCUE TENDER),15.402655,74.0030033,0,STOP,At Fire Station Ponda ,Fire Station Ponda
2026-01-08T00:46:28.782Z,GA 07 G 2004-PND(QUICK RESPONSE),15.4141016,73.9073083,0,INACTIVE,"Guru Hotel, Old Ferry Road, Agaçaim, Goa (SE)",Fire Station Ponda
2026-01-08T00:46:28.782Z,GA 07 G 9101-PND(WATER TENDER),15.4022033,74.0029466,0,STOP,At Fire Station Ponda ,Fire Station Ponda
2026-01-08T00:46:28.782Z,GA 07 G 9797-PND(WATER BOUSER),15.4027433,74.0028966,0,IDLE,At Fire Station Ponda ,Fire Station Ponda
2026-01-08T00:46:28.782Z,GA 07 G 6363-CAN(WATER TENDER),15.0236383,74.0440666,0,STOP,"Canacona, The Lalitrajbaga ,Canacona, Canacona, Goa (NE)",Fire Station Canacona
2026-01-08T00:46:28.782Z,GA 07 G 1567-CAN(QUICK RESPONSE FT),15.0163433,74.0396166,39,INACTIVE,"Canacona, The Lalitrajbaga ,Canacona, Canacona, Goa (SW)",Fire Station Canacona
2026-01-08T00:46:28.782Z,GA 07 G 1569-VRN(QUICK RESPONSE),15.3696816,73.9356849,0,STOP,At Fire Station Verna,Fire Station Verna
2026-01-08T00:46:28.782Z,GA 07 G 9909-VRN(ADVANCE MULTI-PURPOSE),15.36962,73.9357333,0,STOP,At Fire Station Verna,Fire Station Verna
2026-01-08T00:46:28.782Z,GA 07 G 1942-VAP(QUICK RESPONSE),15.531045,74.1388183,0,STOP,At Fire Station Valpoi ,Fire Station Valpoi
2026-01-08T00:46:28.782Z,GA 07 G 2003-CUR(QUICK RESPONSE),15.2603983,74.1037433,0,STOP,At Fire Station Curchorem,Fire Station Curchorem
2026-01-08T00:46:28.782Z,GA 07 G 7447-CUR(EMERGENCY RESCUE),15.2604233,74.10376,0,STOP,At Fire Station Curchorem,Fire Station Curchorem
2026-01-08T00:46:28.782Z,GA 07 G 7557-CUR(WATER TENDER),15.260345,74.1037183,0,STOP,At Fire Station Curchorem,Fire Station Curchorem
2026-01-08T00:46:28.782Z,GA 07 G 7667-CUR(WATER BOUSER),15.26034,74.1038333,0,STOP,At Fire Station Curchorem,Fire Station Curchorem
2026-01-08T00:46:28.782Z,GA 07 G 4989-KUN(WATER TENDER),15.4631883,73.9726567,0,STOP,At Fire Station Kundaim,Fire Station Kundaim
2026-01-08T00:46:28.782Z,GA 07 G 2242-PIL(WATER TENDER),15.53297,73.7940744,0,STOP,At Fire Station Pilerne,Fire Station Pilerne
2026-01-08T00:46:28.782Z,GA 07 G 0681-MAP(QUICK RESPONSE),15.589765,73.808805,0,STOP,At Fire Station Mapusa,Fire Station Mapusa
2026-01-08T00:46:28.782Z,GA 07 G 0307-PER(QUICK RESPONSE),15.7164939,73.7974239,0,INACTIVE,At Fire Station Pernem,Fire Station Pernem
2026-01-08T00:46:28.782Z,GA 07 G 2101-PER(MS WATER TENDER),15.7164339,73.7974506,0,STOP,At Fire Station Pernem,Fire Station Pernem
2026-01-08T00:46:28.782Z,GA 07 G 4600-PER(MINI RESCUE TENDER),15.7165006,73.7975322,0,STOP,At Fire Station Pernem,Fire Station Pernem
2026-01-08T00:46:28.782Z,GA 07 G 7272-PNJ(WATER TENDER),15.4871567,73.8173333,0,STOP,"Caculo Mall, 16 Shanta, St Inez Rd, Caculo Enclave, Santa Inez, Panaji, Goa (NW)",Fire Station Panaji
2026-01-08T00:46:28.782Z,GA07G2384- Cuncolim,15.1862711,74.0209944,0,STOP,At Fire Station Cuncolim,Fire Station Cuncolim
2026-01-08T00:46:28.782Z,GA07G2507 - Mid Size (Water Tender),15.71641,73.79755,0,STOP,At Fire Station Pernem,Fire Station Pernem
2026-01-08T00:46:28.782Z,GA07G2505 - Mid Size (Water Tender),15.5309333,74.1386233,0,STOP,At Fire Station Valpoi ,Fire Station Valpoi
2026-01-08T00:46:28.782Z,GA07G2504 - Mid Size (Water Tender),15.5893133,73.9465083,0,STOP,At Fire Station Bicholim ,Fire Station Bicholim
2026-01-08T00:46:28.782Z,GA07G2503-Mid Size (Water Tender),15.58997,73.80865,0,STOP,At Fire Station Mapusa,Fire Station Mapusa
2026-01-08T00:46:28.782Z,GA07G2502 - Mid Size (Water Tender),15.58982,73.8087483,0,STOP,At Fire Station Mapusa,Fire Force Headquarters
2026-01-08T00:47:57.629Z,GA 07 G 0680-PIL(QUICK RESPONSE VEHICLE),15.532865,73.7939283,0,STOP,At Fire Station Pilerne,Fire Station Pilerne
2026-01-08T00:47:57.629Z,GA07G2506 - Mid Size (Water Tender),15.500418,73.914055,0,STOP,At Fire Station Old Goa,Fire Station Old Goa
2026-01-08T00:47:57.629Z,GA 07 G 5115-POR(MINI WATER TENDER),15.523018,73.829498,0,STOP,At Porvorim Fire Station,Fire Station Porvorim
2026-01-08T00:47:57.629Z,GA 07 G 0350-MRG(WATER TENDER),15.269435,73.97068,0,STOP,At Fire Station Margoa,Fire Station Margao
2026-01-08T00:47:57.629Z,GA 07 G 2900-MAP(MINI RESCUE TENDER),15.59015,73.808701,0,STOP,At Fire Station Mapusa,Fire Station Mapusa
2026-01-08T00:47:57.629Z,GA 07 G 7600-FFHQ(WATER BOUSER),15.487355,73.817284,0,STOP,"Caculo Mall, 16 Shanta, St Inez Rd, Caculo Enclave, Santa Inez, Panaji, Goa (NW)",Fire Force Headquarters
2026-01-08T00:47:57.629Z,GA 07 G 2002-FFHQ(TURN TABLE LADDER),15.487413,73.8172,0,STOP,"Caculo Mall, 16 Shanta, St Inez Rd, Caculo Enclave, Santa Inez, Panaji, Goa (NW)",Fire Force Headquarters
2026-01-08T00:47:57.629Z,GA 07 G 7101-FFHQ(WATER TENDER),15.486933,73.817017,0,STOP,"Caculo Mall, 16 Shanta, St Inez Rd, Caculo Enclave, Santa Inez, Panaji, Goa (NW)",Fire Force Headquarters
2026-01-08T00:47:57.629Z,GA 07 G 7677-FFHQ(EMERGENCY RESCUE),15.487005,73.817436,0,STOP,"Caculo Mall, 16 Shanta, St Inez Rd, Caculo Enclave, Santa Inez, Panaji, Goa (NW)",Fire Force Headquarters
2026-01-08T00:47:57.629Z,GA 07 G 1121-PNJ(EMERGENCY RESCUE),15.487197,73.817276,0,STOP,"Caculo Mall, 16 Shanta, St Inez Rd, Caculo Enclave, Santa Inez, Panaji, Goa (NW)",Fire Station Panaji
2026-01-08T00:47:57.629Z,GA 07 G 1571-FFHQ(QUICK RESPONSE),15.486595,73.817528,0,STOP,"Caculo Mall, 16 Shanta, St Inez Rd, Caculo Enclave, Santa Inez, Panaji, Goa (SW)",Fire Force Headquarters
2026-01-08T00:47:57.629Z,GA 07 G 8101-MAP(WATER TENDER),15.589967,73.808762,0,STOP,At Fire Station Mapusa,Fire Station Mapusa
2026-01-08T00:47:57.629Z,GA 07 G 2317-MRG(EMERGENCY RESCUE TENDER),15.26941,73.9701733,0,STOP,At Fire Station Margoa,Fire Station Margao
2026-01-08T00:47:57.629Z,GA 07 G 1570-VAS(QUICK RESPONSE FIRE TENDER),15.4054016,73.8930833,0,STOP,"Mendies, National Highway 366, Goa (NE)",Fire Station Vasco
2026-01-08T00:47:57.629Z,GA 07 G 4101-VAS(MS WATER TENDER),15.3888216,73.8512533,0,INACTIVE,At Fire Station Vasco,Fire Station Vasco
2026-01-08T00:47:57.629Z,GA 07 G 0819-VAS(WATER/FOAM TENDER),15.3888067,73.8512617,0,IDLE,At Fire Station Vasco,Fire Station Vasco
2026-01-08T00:47:57.629Z,GA 07 G 7100-MRG(WATER BOUSER),15.2694416,73.9701166,0,STOP,At Fire Station Margoa,Fire Station Margao
2026-01-08T00:47:57.629Z,GA 07 G 1568-MRG(QUICK RESPONSE ),15.26936,73.9704583,0,STOP,At Fire Station Margoa,Fire Station Margao
2026-01-08T00:47:57.629Z,GA 07 G 6101-MRG(WATER TENDER),15.2694199,73.969955,0,STOP,At Fire Station Margoa,Fire Station Margao
2026-01-08T00:47:57.629Z,GA 07 G 1001-MRG(AERIAL LADDER PLATFORM),15.269385,73.97019,0,STOP,At Fire Station Margoa,Fire Station Margao
2026-01-08T00:47:57.629Z,GA 07 G 0820-BIC(WATER TEDNER),15.40271,74.0028017,0,STOP,At Fire Station Ponda ,Fire Station Bicholim
2026-01-08T00:47:57.629Z,GA 07 G 5101-OLG(MS WATER TENDER),15.5001633,73.914055,0,STOP,At Fire Station Old Goa,Fire Station Old Goa
2026-01-08T00:47:57.629Z,GA 07 G 3101-BIC(MS WATER TENDER),15.5894716,73.9465983,2,STOP,At Fire Station Bicholim ,Fire Station Bicholim
2026-01-08T00:47:57.629Z,GA 07 G 1941-BIC(QUICK RESPONSE),15.589475,73.9467283,0,STOP,At Fire Station Bicholim ,Fire Station Bicholim
2026-01-08T00:47:57.629Z,GA 07 G 2319-VAS (EMERGENCY RESCUE TENDER),15.3892083,73.8478433,0,STOP,"155/C, near railway bridge, airport road, Alto-dabolim, Dabolim, Goa (SW)",Fire Station Vasco
2026-01-08T00:47:57.629Z,GA 07 G 3737-VAP(WATER TENDER),15.54645,74.0423016,0,STOP,"SH 1, Honda VP, Goa (SW)",Fire Station Valpoi
2026-01-08T00:47:57.629Z,GA 07 G 2318-PND(EMERGENCY RESCUE TENDER),15.402655,74.0030033,0,STOP,At Fire Station Ponda ,Fire Station Ponda
2026-01-08T00:47:57.629Z,GA 07 G 2004-PND(QUICK RESPONSE),15.4141016,73.9073083,0,INACTIVE,"Guru Hotel, Old Ferry Road, Agaçaim, Goa (SE)",Fire Station Ponda
2026-01-08T00:47:57.629Z,GA 07 G 9101-PND(WATER TENDER),15.4022033,74.0029466,0,STOP,At Fire Station Ponda ,Fire Station Ponda
2026-01-08T00:47:57.629Z,GA 07 G 9797-PND(WATER BOUSER),15.4027433,74.0028966,0,IDLE,At Fire Station Ponda ,Fire Station Ponda
2026-01-08T00:47:57.629Z,GA 07 G 6363-CAN(WATER TENDER),15.0236383,74.0440666,0,STOP,"Canacona, The Lalitrajbaga ,Canacona, Canacona, Goa (NE)",Fire Station Canacona
2026-01-08T00:47:57.629Z,GA 07 G 1567-CAN(QUICK RESPONSE FT),15.0163433,74.0396166,39,INACTIVE,"Canacona, The Lalitrajbaga ,Canacona, Canacona, Goa (SW)",Fire Station Canacona
2026-01-08T00:47:57.629Z,GA 07 G 1569-VRN(QUICK RESPONSE),15.3696816,73.9356849,0,STOP,At Fire Station Verna,Fire Station Verna
2026-01-08T00:47:57.629Z,GA 07 G 9909-VRN(ADVANCE MULTI-PURPOSE),15.36962,73.9357333,0,STOP,At Fire Station Verna,Fire Station Verna
2026-01-08T00:47:57.629Z,GA 07 G 1942-VAP(QUICK RESPONSE),15.531045,74.1388183,0,STOP,At Fire Station Valpoi ,Fire Station Valpoi
2026-01-08T00:47:57.629Z,GA 07 G 2003-CUR(QUICK RESPONSE),15.2603983,74.1037433,0,STOP,At Fire Station Curchorem,Fire Station Curchorem
2026-01-08T00:47:57.629Z,GA 07 G 7447-CUR(EMERGENCY RESCUE),15.2604233,74.10376,0,STOP,At Fire Station Curchorem,Fire Station Curchorem
2026-01-08T00:47:57.629Z,GA 07 G 7557-CUR(WATER TENDER),15.260345,74.1037183,0,STOP,At Fire Station Curchorem,Fire Station Curchorem
2026-01-08T00:47:57.629Z,GA 07 G 7667-CUR(WATER BOUSER),15.26034,74.1038333,0,STOP,At Fire Station Curchorem,Fire Station Curchorem
2026-01-08T00:47:57.629Z,GA 07 G 4989-KUN(WATER TENDER),15.4631883,73.9726567,0,STOP,At Fire Station Kundaim,Fire Station Kundaim
2026-01-08T00:47:57.629Z,GA 07 G 2242-PIL(WATER TENDER),15.53297,73.7940744,0,STOP,At Fire Station Pilerne,Fire Station Pilerne
2026-01-08T00:47:57.629Z,GA 07 G 0681-MAP(QUICK RESPONSE),15.589765,73.808805,0,STOP,At Fire Station Mapusa,Fire Station Mapusa
2026-01-08T00:47:57.629Z,GA 07 G 0307-PER(QUICK RESPONSE),15.7164939,73.7974239,0,INACTIVE,At Fire Station Pernem,Fire Station Pernem
2026-01-08T00:47:57.629Z,GA 07 G 2101-PER(MS WATER TENDER),15.7164339,73.7974506,0,STOP,At Fire Station Pernem,Fire Station Pernem
2026-01-08T00:47:57.629Z,GA 07 G 4600-PER(MINI RESCUE TENDER),15.7165006,73.7975322,0,STOP,At Fire Station Pernem,Fire Station Pernem
2026-01-08T00:47:57.629Z,GA 07 G 7272-PNJ(WATER TENDER),15.4871567,73.8173333,0,STOP,"Caculo Mall, 16 Shanta, St Inez Rd, Caculo Enclave, Santa Inez, Panaji, Goa (NW)",Fire Station Panaji
2026-01-08T00:47:57.629Z,GA07G2384- Cuncolim,15.1862711,74.0209944,0,STOP,At Fire Station Cuncolim,Fire Station Cuncolim
2026-01-08T00:47:57.629Z,GA07G2507 - Mid Size (Water Tender),15.71641,73.79755,0,STOP,At Fire Station Pernem,Fire Station Pernem
2026-01-08T00:47:57.629Z,GA07G2505 - Mid Size (Water Tender),15.5309333,74.1386233,0,STOP,At Fire Station Valpoi ,Fire Station Valpoi
2026-01-08T00:47:57.629Z,GA07G2504 - Mid Size (Water Tender),15.5893133,73.9465083,0,STOP,At Fire Station Bicholim ,Fire Station Bicholim
2026-01-08T00:47:57.629Z,GA07G2503-Mid Size (Water Tender),15.58997,73.80865,0,STOP,At Fire Station Mapusa,Fire Station Mapusa
2026-01-08T00:47:57.629Z,GA07G2502 - Mid Size (Water Tender),15.58982,73.8087483,0,STOP,At Fire Station Mapusa,Fire Force Headquarters
2026-01-08T00:48:28.581Z,GA 07 G 0680-PIL(QUICK RESPONSE VEHICLE),15.532865,73.7939283,0,STOP,At Fire Station Pilerne,Fire Station Pilerne
2026-01-08T00:48:28.581Z,GA07G2506 - Mid Size (Water Tender),15.500418,73.914055,0,STOP,At Fire Station Old Goa,Fire Station Old Goa
2026-01-08T00:48:28.581Z,GA 07 G 5115-POR(MINI WATER TENDER),15.523018,73.829498,0,STOP,At Porvorim Fire Station,Fire Station Porvorim
2026-01-08T00:48:28.581Z,GA 07 G 0350-MRG(WATER TENDER),15.269435,73.97068,0,STOP,At Fire Station Margoa,Fire Station Margao
2026-01-08T00:48:28.581Z,GA 07 G 2900-MAP(MINI RESCUE TENDER),15.59015,73.808701,0,STOP,At Fire Station Mapusa,Fire Station Mapusa
2026-01-08T00:48:28.581Z,GA 07 G 7600-FFHQ(WATER BOUSER),15.487355,73.817284,0,STOP,"Caculo Mall, 16 Shanta, St Inez Rd, Caculo Enclave, Santa Inez, Panaji, Goa (NW)",Fire Force Headquarters
2026-01-08T00:48:28.581Z,GA 07 G 2002-FFHQ(TURN TABLE LADDER),15.487413,73.8172,0,STOP,"Caculo Mall, 16 Shanta, St Inez Rd, Caculo Enclave, Santa Inez, Panaji, Goa (NW)",Fire Force Headquarters
2026-01-08T00:48:28.581Z,GA 07 G 7101-FFHQ(WATER TENDER),15.486933,73.817017,0,STOP,"Caculo Mall, 16 Shanta, St Inez Rd, Caculo Enclave, Santa Inez, Panaji, Goa (NW)",Fire Force Headquarters
2026-01-08T00:48:28.581Z,GA 07 G 7677-FFHQ(EMERGENCY RESCUE),15.487005,73.817436,0,STOP,"Caculo Mall, 16 Shanta, St Inez Rd, Caculo Enclave, Santa Inez, Panaji, Goa (NW)",Fire Force Headquarters
2026-01-08T00:48:28.581Z,GA 07 G 1121-PNJ(EMERGENCY RESCUE),15.487197,73.817276,0,STOP,"Caculo Mall, 16 Shanta, St Inez Rd, Caculo Enclave, Santa Inez, Panaji, Goa (NW)",Fire Station Panaji
2026-01-08T00:48:28.581Z,GA 07 G 1571-FFHQ(QUICK RESPONSE),15.486595,73.817528,0,STOP,"Caculo Mall, 16 Shanta, St Inez Rd, Caculo Enclave, Santa Inez, Panaji, Goa (SW)",Fire Force Headquarters
2026-01-08T00:48:28.581Z,GA 07 G 8101-MAP(WATER TENDER),15.589967,73.808762,0,STOP,At Fire Station Mapusa,Fire Station Mapusa
2026-01-08T00:48:28.581Z,GA 07 G 2317-MRG(EMERGENCY RESCUE TENDER),15.2693299,73.9701333,0,STOP,At Fire Station Margoa,Fire Station Margao
2026-01-08T00:48:28.581Z,GA 07 G 1570-VAS(QUICK RESPONSE FIRE TENDER),15.4054016,73.8930833,0,STOP,"Mendies, National Highway 366, Goa (NE)",Fire Station Vasco
2026-01-08T00:48:28.581Z,GA 07 G 4101-VAS(MS WATER TENDER),15.3888216,73.8512533,0,INACTIVE,At Fire Station Vasco,Fire Station Vasco
2026-01-08T00:48:28.581Z,GA 07 G 0819-VAS(WATER/FOAM TENDER),15.3888067,73.8512617,0,IDLE,At Fire Station Vasco,Fire Station Vasco
2026-01-08T00:48:28.581Z,GA 07 G 7100-MRG(WATER BOUSER),15.2694416,73.9701166,0,STOP,At Fire Station Margoa,Fire Station Margao
2026-01-08T00:48:28.581Z,GA 07 G 1568-MRG(QUICK RESPONSE ),15.26936,73.9704583,0,STOP,At Fire Station Margoa,Fire Station Margao
2026-01-08T00:48:28.581Z,GA 07 G 6101-MRG(WATER TENDER),15.2694199,73.969955,0,STOP,At Fire Station Margoa,Fire Station Margao
2026-01-08T00:48:28.581Z,GA 07 G 1001-MRG(AERIAL LADDER PLATFORM),15.269385,73.97019,0,STOP,At Fire Station Margoa,Fire Station Margao
2026-01-08T00:48:28.581Z,GA 07 G 0820-BIC(WATER TEDNER),15.40271,74.0028017,0,STOP,At Fire Station Ponda ,Fire Station Bicholim
2026-01-08T00:48:28.581Z,GA 07 G 5101-OLG(MS WATER TENDER),15.5001633,73.914055,0,STOP,At Fire Station Old Goa,Fire Station Old Goa
2026-01-08T00:48:28.581Z,GA 07 G 3101-BIC(MS WATER TENDER),15.5894716,73.9465983,4,STOP,At Fire Station Bicholim ,Fire Station Bicholim
2026-01-08T00:48:28.581Z,GA 07 G 1941-BIC(QUICK RESPONSE),15.589475,73.9467283,0,STOP,At Fire Station Bicholim ,Fire Station Bicholim
2026-01-08T00:48:28.581Z,GA 07 G 2319-VAS (EMERGENCY RESCUE TENDER),15.3892083,73.8478433,0,STOP,"155/C, near railway bridge, airport road, Alto-dabolim, Dabolim, Goa (SW)",Fire Station Vasco
2026-01-08T00:48:28.581Z,GA 07 G 3737-VAP(WATER TENDER),15.54645,74.0423016,0,STOP,"SH 1, Honda VP, Goa (SW)",Fire Station Valpoi
2026-01-08T00:48:28.581Z,GA 07 G 2318-PND(EMERGENCY RESCUE TENDER),15.402655,74.0030033,0,STOP,At Fire Station Ponda ,Fire Station Ponda
2026-01-08T00:48:28.581Z,GA 07 G 2004-PND(QUICK RESPONSE),15.4141016,73.9073083,0,INACTIVE,"Guru Hotel, Old Ferry Road, Agaçaim, Goa (SE)",Fire Station Ponda
2026-01-08T00:48:28.581Z,GA 07 G 9101-PND(WATER TENDER),15.4022033,74.0029466,0,STOP,At Fire Station Ponda ,Fire Station Ponda
2026-01-08T00:48:28.581Z,GA 07 G 9797-PND(WATER BOUSER),15.4027433,74.0028966,0,IDLE,At Fire Station Ponda ,Fire Station Ponda
2026-01-08T00:48:28.581Z,GA 07 G 6363-CAN(WATER TENDER),15.0236383,74.0440666,0,STOP,"Canacona, The Lalitrajbaga ,Canacona, Canacona, Goa (NE)",Fire Station Canacona
2026-01-08T00:48:28.581Z,GA 07 G 1567-CAN(QUICK RESPONSE FT),15.0163433,74.0396166,39,INACTIVE,"Canacona, The Lalitrajbaga ,Canacona, Canacona, Goa (SW)",Fire Station Canacona
2026-01-08T00:48:28.581Z,GA 07 G 1569-VRN(QUICK RESPONSE),15.3696816,73.9356849,0,STOP,At Fire Station Verna,Fire Station Verna
2026-01-08T00:48:28.581Z,GA 07 G 9909-VRN(ADVANCE MULTI-PURPOSE),15.36962,73.9357333,0,STOP,At Fire Station Verna,Fire Station Verna
2026-01-08T00:48:28.581Z,GA 07 G 1942-VAP(QUICK RESPONSE),15.531045,74.1388183,0,STOP,At Fire Station Valpoi ,Fire Station Valpoi
2026-01-08T00:48:28.581Z,GA 07 G 2003-CUR(QUICK RESPONSE),15.2603983,74.1037433,0,STOP,At Fire Station Curchorem,Fire Station Curchorem
2026-01-08T00:48:28.581Z,GA 07 G 7447-CUR(EMERGENCY RESCUE),15.2604233,74.10376,0,STOP,At Fire Station Curchorem,Fire Station Curchorem
2026-01-08T00:48:28.581Z,GA 07 G 7557-CUR(WATER TENDER),15.260345,74.1037183,0,STOP,At Fire Station Curchorem,Fire Station Curchorem
2026-01-08T00:48:28.581Z,GA 07 G 7667-CUR(WATER BOUSER),15.26034,74.1038333,0,STOP,At Fire Station Curchorem,Fire Station Curchorem
2026-01-08T00:48:28.581Z,GA 07 G 4989-KUN(WATER TENDER),15.4631883,73.9726567,0,STOP,At Fire Station Kundaim,Fire Station Kundaim
2026-01-08T00:48:28.581Z,GA 07 G 2242-PIL(WATER TENDER),15.53297,73.7940744,0,STOP,At Fire Station Pilerne,Fire Station Pilerne
2026-01-08T00:48:28.581Z,GA 07 G 0681-MAP(QUICK RESPONSE),15.589765,73.808805,0,STOP,At Fire Station Mapusa,Fire Station Mapusa
2026-01-08T00:48:28.581Z,GA 07 G 0307-PER(QUICK RESPONSE),15.7164939,73.7974239,0,INACTIVE,At Fire Station Pernem,Fire Station Pernem
2026-01-08T00:48:28.581Z,GA 07 G 2101-PER(MS WATER TENDER),15.7164339,73.7974506,0,STOP,At Fire Station Pernem,Fire Station Pernem
2026-01-08T00:48:28.581Z,GA 07 G 4600-PER(MINI RESCUE TENDER),15.7165006,73.7975322,0,STOP,At Fire Station Pernem,Fire Station Pernem
2026-01-08T00:48:28.581Z,GA 07 G 7272-PNJ(WATER TENDER),15.4871567,73.8173333,0,STOP,"Caculo Mall, 16 Shanta, St Inez Rd, Caculo Enclave, Santa Inez, Panaji, Goa (NW)",Fire Station Panaji
2026-01-08T00:48:28.581Z,GA07G2384- Cuncolim,15.1862711,74.0209944,0,STOP,At Fire Station Cuncolim,Fire Station Cuncolim
2026-01-08T00:48:28.581Z,GA07G2507 - Mid Size (Water Tender),15.71641,73.79755,0,STOP,At Fire Station Pernem,Fire Station Pernem
2026-01-08T00:48:28.581Z,GA07G2505 - Mid Size (Water Tender),15.5309333,74.1386233,0,STOP,At Fire Station Valpoi ,Fire Station Valpoi
2026-01-08T00:48:28.581Z,GA07G2504 - Mid Size (Water Tender),15.5893133,73.9465083,0,STOP,At Fire Station Bicholim ,Fire Station Bicholim
2026-01-08T00:48:28.581Z,GA07G2503-Mid Size (Water Tender),15.58997,73.80865,0,STOP,At Fire Station Mapusa,Fire Station Mapusa
2026-01-08T00:48:28.581Z,GA07G2502 - Mid Size (Water Tender),15.58982,73.8087483,0,STOP,At Fire Station Mapusa,Fire Force Headquarters
2026-01-08T00:49:26.796Z,GA 07 G 0680-PIL(QUICK RESPONSE VEHICLE),15.532865,73.7939283,0,STOP,At Fire Station Pilerne,Fire Station Pilerne
2026-01-08T00:49:26.796Z,GA07G2506 - Mid Size (Water Tender),15.500418,73.914055,0,STOP,At Fire Station Old Goa,Fire Station Old Goa
2026-01-08T00:49:26.796Z,GA 07 G 5115-POR(MINI WATER TENDER),15.523018,73.829498,0,STOP,At Porvorim Fire Station,Fire Station Porvorim
2026-01-08T00:49:26.796Z,GA 07 G 0350-MRG(WATER TENDER),15.269435,73.97068,0,STOP,At Fire Station Margoa,Fire Station Margao
2026-01-08T00:49:26.796Z,GA 07 G 2900-MAP(MINI RESCUE TENDER),15.59015,73.808701,0,STOP,At Fire Station Mapusa,Fire Station Mapusa
2026-01-08T00:49:26.796Z,GA 07 G 7600-FFHQ(WATER BOUSER),15.487355,73.817284,0,STOP,"Caculo Mall, 16 Shanta, St Inez Rd, Caculo Enclave, Santa Inez, Panaji, Goa (NW)",Fire Force Headquarters
2026-01-08T00:49:26.796Z,GA 07 G 2002-FFHQ(TURN TABLE LADDER),15.487413,73.8172,0,STOP,"Caculo Mall, 16 Shanta, St Inez Rd, Caculo Enclave, Santa Inez, Panaji, Goa (NW)",Fire Force Headquarters
2026-01-08T00:49:26.796Z,GA 07 G 7101-FFHQ(WATER TENDER),15.486933,73.817017,0,STOP,"Caculo Mall, 16 Shanta, St Inez Rd, Caculo Enclave, Santa Inez, Panaji, Goa (NW)",Fire Force Headquarters
2026-01-08T00:49:26.796Z,GA 07 G 7677-FFHQ(EMERGENCY RESCUE),15.487005,73.817436,0,STOP,"Caculo Mall, 16 Shanta, St Inez Rd, Caculo Enclave, Santa Inez, Panaji, Goa (NW)",Fire Force Headquarters
2026-01-08T00:49:26.796Z,GA 07 G 1121-PNJ(EMERGENCY RESCUE),15.487197,73.817276,0,STOP,"Caculo Mall, 16 Shanta, St Inez Rd, Caculo Enclave, Santa Inez, Panaji, Goa (NW)",Fire Station Panaji
2026-01-08T00:49:26.796Z,GA 07 G 1571-FFHQ(QUICK RESPONSE),15.486595,73.817528,0,STOP,"Caculo Mall, 16 Shanta, St Inez Rd, Caculo Enclave, Santa Inez, Panaji, Goa (SW)",Fire Force Headquarters
2026-01-08T00:49:26.796Z,GA 07 G 8101-MAP(WATER TENDER),15.589967,73.808762,0,STOP,At Fire Station Mapusa,Fire Station Mapusa
2026-01-08T00:49:26.796Z,GA 07 G 2317-MRG(EMERGENCY RESCUE TENDER),15.269505,73.9701983,0,STOP,At Fire Station Margoa,Fire Station Margao
2026-01-08T00:49:26.796Z,GA 07 G 1570-VAS(QUICK RESPONSE FIRE TENDER),15.4054016,73.8930833,0,STOP,"Mendies, National Highway 366, Goa (NE)",Fire Station Vasco
2026-01-08T00:49:26.796Z,GA 07 G 4101-VAS(MS WATER TENDER),15.3888216,73.8512533,0,INACTIVE,At Fire Station Vasco,Fire Station Vasco
2026-01-08T00:49:26.796Z,GA 07 G 0819-VAS(WATER/FOAM TENDER),15.3888067,73.8512617,0,IDLE,At Fire Station Vasco,Fire Station Vasco
2026-01-08T00:49:26.796Z,GA 07 G 7100-MRG(WATER BOUSER),15.2694416,73.9701166,0,STOP,At Fire Station Margoa,Fire Station Margao
2026-01-08T00:49:26.796Z,GA 07 G 1568-MRG(QUICK RESPONSE ),15.26936,73.9704583,0,STOP,At Fire Station Margoa,Fire Station Margao
2026-01-08T00:49:26.796Z,GA 07 G 6101-MRG(WATER TENDER),15.2694199,73.969955,0,STOP,At Fire Station Margoa,Fire Station Margao
2026-01-08T00:49:26.796Z,GA 07 G 1001-MRG(AERIAL LADDER PLATFORM),15.269385,73.97019,0,STOP,At Fire Station Margoa,Fire Station Margao
2026-01-08T00:49:26.796Z,GA 07 G 0820-BIC(WATER TEDNER),15.40271,74.0028017,0,STOP,At Fire Station Ponda ,Fire Station Bicholim
2026-01-08T00:49:26.796Z,GA 07 G 5101-OLG(MS WATER TENDER),15.5001633,73.914055,0,STOP,At Fire Station Old Goa,Fire Station Old Goa
2026-01-08T00:49:26.796Z,GA 07 G 3101-BIC(MS WATER TENDER),15.5894716,73.9465983,0,STOP,At Fire Station Bicholim ,Fire Station Bicholim
2026-01-08T00:49:26.796Z,GA 07 G 1941-BIC(QUICK RESPONSE),15.589475,73.9467283,0,STOP,At Fire Station Bicholim ,Fire Station Bicholim
2026-01-08T00:49:26.796Z,GA 07 G 2319-VAS (EMERGENCY RESCUE TENDER),15.3892083,73.8478433,0,INACTIVE,"155/C, near railway bridge, airport road, Alto-dabolim, Dabolim, Goa (SW)",Fire Station Vasco
2026-01-08T00:49:26.796Z,GA 07 G 3737-VAP(WATER TENDER),15.54645,74.0423016,0,STOP,"SH 1, Honda VP, Goa (SW)",Fire Station Valpoi
2026-01-08T00:49:26.796Z,GA 07 G 2318-PND(EMERGENCY RESCUE TENDER),15.402655,74.0030033,0,STOP,At Fire Station Ponda ,Fire Station Ponda
2026-01-08T00:49:26.796Z,GA 07 G 2004-PND(QUICK RESPONSE),15.4141016,73.9073083,0,INACTIVE,"Guru Hotel, Old Ferry Road, Agaçaim, Goa (SE)",Fire Station Ponda
2026-01-08T00:49:26.796Z,GA 07 G 9101-PND(WATER TENDER),15.4022033,74.0029466,0,STOP,At Fire Station Ponda ,Fire Station Ponda
2026-01-08T00:49:26.796Z,GA 07 G 9797-PND(WATER BOUSER),15.4027433,74.0028966,0,IDLE,At Fire Station Ponda ,Fire Station Ponda
2026-01-08T00:49:26.796Z,GA 07 G 6363-CAN(WATER TENDER),15.0236383,74.0440666,0,STOP,"Canacona, The Lalitrajbaga ,Canacona, Canacona, Goa (NE)",Fire Station Canacona
2026-01-08T00:49:26.796Z,GA 07 G 1567-CAN(QUICK RESPONSE FT),15.0163433,74.0396166,39,INACTIVE,"Canacona, The Lalitrajbaga ,Canacona, Canacona, Goa (SW)",Fire Station Canacona
2026-01-08T00:49:26.796Z,GA 07 G 1569-VRN(QUICK RESPONSE),15.3696816,73.9356849,0,STOP,At Fire Station Verna,Fire Station Verna
2026-01-08T00:49:26.796Z,GA 07 G 9909-VRN(ADVANCE MULTI-PURPOSE),15.36962,73.9357333,0,STOP,At Fire Station Verna,Fire Station Verna
2026-01-08T00:49:26.796Z,GA 07 G 1942-VAP(QUICK RESPONSE),15.531045,74.1388183,0,STOP,At Fire Station Valpoi ,Fire Station Valpoi
2026-01-08T00:49:26.796Z,GA 07 G 2003-CUR(QUICK RESPONSE),15.2603983,74.1037433,0,STOP,At Fire Station Curchorem,Fire Station Curchorem
2026-01-08T00:49:26.796Z,GA 07 G 7447-CUR(EMERGENCY RESCUE),15.2604233,74.10376,0,STOP,At Fire Station Curchorem,Fire Station Curchorem
2026-01-08T00:49:26.796Z,GA 07 G 7557-CUR(WATER TENDER),15.260345,74.1037183,0,STOP,At Fire Station Curchorem,Fire Station Curchorem
2026-01-08T00:49:26.796Z,GA 07 G 7667-CUR(WATER BOUSER),15.26034,74.1038333,0,STOP,At Fire Station Curchorem,Fire Station Curchorem
2026-01-08T00:49:26.796Z,GA 07 G 4989-KUN(WATER TENDER),15.4631883,73.9726567,0,STOP,At Fire Station Kundaim,Fire Station Kundaim
2026-01-08T00:49:26.796Z,GA 07 G 2242-PIL(WATER TENDER),15.53297,73.7940744,0,STOP,At Fire Station Pilerne,Fire Station Pilerne
2026-01-08T00:49:26.796Z,GA 07 G 0681-MAP(QUICK RESPONSE),15.589765,73.808805,0,STOP,At Fire Station Mapusa,Fire Station Mapusa
2026-01-08T00:49:26.796Z,GA 07 G 0307-PER(QUICK RESPONSE),15.7164939,73.7974239,0,INACTIVE,At Fire Station Pernem,Fire Station Pernem
2026-01-08T00:49:26.796Z,GA 07 G 2101-PER(MS WATER TENDER),15.7164339,73.7974506,0,STOP,At Fire Station Pernem,Fire Station Pernem
2026-01-08T00:49:26.796Z,GA 07 G 4600-PER(MINI RESCUE TENDER),15.7165006,73.7975322,0,STOP,At Fire Station Pernem,Fire Station Pernem
2026-01-08T00:49:26.796Z,GA 07 G 7272-PNJ(WATER TENDER),15.4871567,73.8173333,0,STOP,"Caculo Mall, 16 Shanta, St Inez Rd, Caculo Enclave, Santa Inez, Panaji, Goa (NW)",Fire Station Panaji
2026-01-08T00:49:26.796Z,GA07G2384- Cuncolim,15.1862711,74.0209944,0,STOP,At Fire Station Cuncolim,Fire Station Cuncolim
2026-01-08T00:49:26.796Z,GA07G2507 - Mid Size (Water Tender),15.71641,73.79755,0,STOP,At Fire Station Pernem,Fire Station Pernem
2026-01-08T00:49:26.796Z,GA07G2505 - Mid Size (Water Tender),15.5309333,74.1386233,0,STOP,At Fire Station Valpoi ,Fire Station Valpoi
2026-01-08T00:49:26.796Z,GA07G2504 - Mid Size (Water Tender),15.5893133,73.9465083,0,STOP,At Fire Station Bicholim ,Fire Station Bicholim
2026-01-08T00:49:26.796Z,GA07G2503-Mid Size (Water Tender),15.58997,73.80865,0,STOP,At Fire Station Mapusa,Fire Station Mapusa
2026-01-08T00:49:26.796Z,GA07G2502 - Mid Size (Water Tender),15.58982,73.8087483,0,STOP,At Fire Station Mapusa,Fire Force Headquarters
2026-01-08T00:50:26.641Z,GA 07 G 0680-PIL(QUICK RESPONSE VEHICLE),15.532865,73.7939283,0,STOP,At Fire Station Pilerne,Fire Station Pilerne
2026-01-08T00:50:26.641Z,GA07G2506 - Mid Size (Water Tender),15.500418,73.914055,0,STOP,At Fire Station Old Goa,Fire Station Old Goa
2026-01-08T00:50:26.641Z,GA 07 G 5115-POR(MINI WATER TENDER),15.523018,73.829498,0,STOP,At Porvorim Fire Station,Fire Station Porvorim
2026-01-08T00:50:26.641Z,GA 07 G 0350-MRG(WATER TENDER),15.269435,73.97068,0,STOP,At Fire Station Margoa,Fire Station Margao
2026-01-08T00:50:26.641Z,GA 07 G 2900-MAP(MINI RESCUE TENDER),15.59015,73.808701,0,STOP,At Fire Station Mapusa,Fire Station Mapusa
2026-01-08T00:50:26.641Z,GA 07 G 7600-FFHQ(WATER BOUSER),15.487355,73.817284,0,STOP,"Caculo Mall, 16 Shanta, St Inez Rd, Caculo Enclave, Santa Inez, Panaji, Goa (NW)",Fire Force Headquarters
2026-01-08T00:50:26.641Z,GA 07 G 2002-FFHQ(TURN TABLE LADDER),15.487413,73.8172,0,STOP,"Caculo Mall, 16 Shanta, St Inez Rd, Caculo Enclave, Santa Inez, Panaji, Goa (NW)",Fire Force Headquarters
2026-01-08T00:50:26.641Z,GA 07 G 7101-FFHQ(WATER TENDER),15.486933,73.817017,0,STOP,"Caculo Mall, 16 Shanta, St Inez Rd, Caculo Enclave, Santa Inez, Panaji, Goa (NW)",Fire Force Headquarters
2026-01-08T00:50:26.641Z,GA 07 G 7677-FFHQ(EMERGENCY RESCUE),15.487005,73.817436,0,STOP,"Caculo Mall, 16 Shanta, St Inez Rd, Caculo Enclave, Santa Inez, Panaji, Goa (NW)",Fire Force Headquarters
2026-01-08T00:50:26.641Z,GA 07 G 1121-PNJ(EMERGENCY RESCUE),15.487197,73.817276,0,STOP,"Caculo Mall, 16 Shanta, St Inez Rd, Caculo Enclave, Santa Inez, Panaji, Goa (NW)",Fire Station Panaji
2026-01-08T00:50:26.641Z,GA 07 G 1571-FFHQ(QUICK RESPONSE),15.486595,73.817528,0,STOP,"Caculo Mall, 16 Shanta, St Inez Rd, Caculo Enclave, Santa Inez, Panaji, Goa (SW)",Fire Force Headquarters
2026-01-08T00:50:26.641Z,GA 07 G 8101-MAP(WATER TENDER),15.589967,73.808762,0,STOP,At Fire Station Mapusa,Fire Station Mapusa
2026-01-08T00:50:26.641Z,GA 07 G 2317-MRG(EMERGENCY RESCUE TENDER),15.2693516,73.9701733,0,STOP,At Fire Station Margoa,Fire Station Margao
2026-01-08T00:50:26.641Z,GA 07 G 1570-VAS(QUICK RESPONSE FIRE TENDER),15.4054016,73.8930833,0,STOP,"Mendies, National Highway 366, Goa (NE)",Fire Station Vasco
2026-01-08T00:50:26.641Z,GA 07 G 4101-VAS(MS WATER TENDER),15.3888216,73.8512533,0,INACTIVE,At Fire Station Vasco,Fire Station Vasco
2026-01-08T00:50:26.641Z,GA 07 G 0819-VAS(WATER/FOAM TENDER),15.3888067,73.8512617,0,IDLE,At Fire Station Vasco,Fire Station Vasco
2026-01-08T00:50:26.641Z,GA 07 G 7100-MRG(WATER BOUSER),15.2694416,73.9701166,0,STOP,At Fire Station Margoa,Fire Station Margao
2026-01-08T00:50:26.641Z,GA 07 G 1568-MRG(QUICK RESPONSE ),15.26936,73.9704583,0,STOP,At Fire Station Margoa,Fire Station Margao
2026-01-08T00:50:26.641Z,GA 07 G 6101-MRG(WATER TENDER),15.2694199,73.969955,0,STOP,At Fire Station Margoa,Fire Station Margao
2026-01-08T00:50:26.641Z,GA 07 G 1001-MRG(AERIAL LADDER PLATFORM),15.269385,73.97019,0,STOP,At Fire Station Margoa,Fire Station Margao
2026-01-08T00:50:26.641Z,GA 07 G 0820-BIC(WATER TEDNER),15.40271,74.0028017,0,STOP,At Fire Station Ponda ,Fire Station Bicholim
2026-01-08T00:50:26.641Z,GA 07 G 5101-OLG(MS WATER TENDER),15.5001633,73.914055,0,STOP,At Fire Station Old Goa,Fire Station Old Goa
2026-01-08T00:50:26.641Z,GA 07 G 3101-BIC(MS WATER TENDER),15.5894716,73.9465983,0,STOP,At Fire Station Bicholim ,Fire Station Bicholim
2026-01-08T00:50:26.641Z,GA 07 G 1941-BIC(QUICK RESPONSE),15.589475,73.9467283,0,STOP,At Fire Station Bicholim ,Fire Station Bicholim
2026-01-08T00:50:26.641Z,GA 07 G 2319-VAS (EMERGENCY RESCUE TENDER),15.3892083,73.8478433,0,INACTIVE,"155/C, near railway bridge, airport road, Alto-dabolim, Dabolim, Goa (SW)",Fire Station Vasco
2026-01-08T00:50:26.641Z,GA 07 G 3737-VAP(WATER TENDER),15.54645,74.0423016,0,STOP,"SH 1, Honda VP, Goa (SW)",Fire Station Valpoi
2026-01-08T00:50:26.641Z,GA 07 G 2318-PND(EMERGENCY RESCUE TENDER),15.402655,74.0030033,0,STOP,At Fire Station Ponda ,Fire Station Ponda
2026-01-08T00:50:26.641Z,GA 07 G 2004-PND(QUICK RESPONSE),15.4141016,73.9073083,0,INACTIVE,"Guru Hotel, Old Ferry Road, Agaçaim, Goa (SE)",Fire Station Ponda
2026-01-08T00:50:26.641Z,GA 07 G 9101-PND(WATER TENDER),15.4022033,74.0029466,0,STOP,At Fire Station Ponda ,Fire Station Ponda
2026-01-08T00:50:26.641Z,GA 07 G 9797-PND(WATER BOUSER),15.4027433,74.0028966,0,IDLE,At Fire Station Ponda ,Fire Station Ponda
2026-01-08T00:50:26.641Z,GA 07 G 6363-CAN(WATER TENDER),15.0236383,74.0440666,0,STOP,"Canacona, The Lalitrajbaga ,Canacona, Canacona, Goa (NE)",Fire Station Canacona
2026-01-08T00:50:26.641Z,GA 07 G 1567-CAN(QUICK RESPONSE FT),15.0163433,74.0396166,39,INACTIVE,"Canacona, The Lalitrajbaga ,Canacona, Canacona, Goa (SW)",Fire Station Canacona
2026-01-08T00:50:26.641Z,GA 07 G 1569-VRN(QUICK RESPONSE),15.3696816,73.9356849,0,STOP,At Fire Station Verna,Fire Station Verna
2026-01-08T00:50:26.641Z,GA 07 G 9909-VRN(ADVANCE MULTI-PURPOSE),15.36962,73.9357333,0,STOP,At Fire Station Verna,Fire Station Verna
2026-01-08T00:50:26.641Z,GA 07 G 1942-VAP(QUICK RESPONSE),15.531045,74.1388183,0,STOP,At Fire Station Valpoi ,Fire Station Valpoi
2026-01-08T00:50:26.641Z,GA 07 G 2003-CUR(QUICK RESPONSE),15.2603983,74.1037433,0,STOP,At Fire Station Curchorem,Fire Station Curchorem
2026-01-08T00:50:26.641Z,GA 07 G 7447-CUR(EMERGENCY RESCUE),15.2604233,74.10376,0,STOP,At Fire Station Curchorem,Fire Station Curchorem
2026-01-08T00:50:26.641Z,GA 07 G 7557-CUR(WATER TENDER),15.260345,74.1037183,0,STOP,At Fire Station Curchorem,Fire Station Curchorem
2026-01-08T00:50:26.641Z,GA 07 G 7667-CUR(WATER BOUSER),15.26034,74.1038333,0,STOP,At Fire Station Curchorem,Fire Station Curchorem
2026-01-08T00:50:26.641Z,GA 07 G 4989-KUN(WATER TENDER),15.4631883,73.9726567,0,STOP,At Fire Station Kundaim,Fire Station Kundaim
2026-01-08T00:50:26.641Z,GA 07 G 2242-PIL(WATER TENDER),15.53297,73.7940744,0,STOP,At Fire Station Pilerne,Fire Station Pilerne
2026-01-08T00:50:26.641Z,GA 07 G 0681-MAP(QUICK RESPONSE),15.589765,73.808805,0,STOP,At Fire Station Mapusa,Fire Station Mapusa
2026-01-08T00:50:26.641Z,GA 07 G 0307-PER(QUICK RESPONSE),15.7164939,73.7974239,0,INACTIVE,At Fire Station Pernem,Fire Station Pernem
2026-01-08T00:50:26.641Z,GA 07 G 2101-PER(MS WATER TENDER),15.7164339,73.7974506,0,STOP,At Fire Station Pernem,Fire Station Pernem
2026-01-08T00:50:26.641Z,GA 07 G 4600-PER(MINI RESCUE TENDER),15.7165006,73.7975322,0,STOP,At Fire Station Pernem,Fire Station Pernem
2026-01-08T00:50:26.641Z,GA 07 G 7272-PNJ(WATER TENDER),15.4871567,73.8173333,0,STOP,"Caculo Mall, 16 Shanta, St Inez Rd, Caculo Enclave, Santa Inez, Panaji, Goa (NW)",Fire Station Panaji
2026-01-08T00:50:26.641Z,GA07G2384- Cuncolim,15.1862711,74.0209944,0,STOP,At Fire Station Cuncolim,Fire Station Cuncolim
2026-01-08T00:50:26.641Z,GA07G2507 - Mid Size (Water Tender),15.71641,73.79755,0,STOP,At Fire Station Pernem,Fire Station Pernem
2026-01-08T00:50:26.641Z,GA07G2505 - Mid Size (Water Tender),15.5309333,74.1386233,0,STOP,At Fire Station Valpoi ,Fire Station Valpoi
2026-01-08T00:50:26.641Z,GA07G2504 - Mid Size (Water Tender),15.5893133,73.9465083,0,STOP,At Fire Station Bicholim ,Fire Station Bicholim
2026-01-08T00:50:26.641Z,GA07G2503-Mid Size (Water Tender),15.58997,73.80865,0,STOP,At Fire Station Mapusa,Fire Station Mapusa
2026-01-08T00:50:26.641Z,GA07G2502 - Mid Size (Water Tender),15.58982,73.8087483,0,STOP,At Fire Station Mapusa,Fire Force Headquarters
2026-01-08T00:51:57.764Z,GA 07 G 0680-PIL(QUICK RESPONSE VEHICLE),15.532865,73.7939283,0,STOP,At Fire Station Pilerne,Fire Station Pilerne
2026-01-08T00:51:57.764Z,GA07G2506 - Mid Size (Water Tender),15.500418,73.914055,0,STOP,At Fire Station Old Goa,Fire Station Old Goa
2026-01-08T00:51:57.764Z,GA 07 G 5115-POR(MINI WATER TENDER),15.523018,73.829498,0,STOP,At Porvorim Fire Station,Fire Station Porvorim
2026-01-08T00:51:57.764Z,GA 07 G 0350-MRG(WATER TENDER),15.269435,73.97068,0,STOP,At Fire Station Margoa,Fire Station Margao
2026-01-08T00:51:57.764Z,GA 07 G 2900-MAP(MINI RESCUE TENDER),15.59015,73.808701,0,STOP,At Fire Station Mapusa,Fire Station Mapusa
2026-01-08T00:51:57.764Z,GA 07 G 7600-FFHQ(WATER BOUSER),15.487355,73.817284,0,STOP,"Caculo Mall, 16 Shanta, St Inez Rd, Caculo Enclave, Santa Inez, Panaji, Goa (NW)",Fire Force Headquarters
2026-01-08T00:51:57.764Z,GA 07 G 2002-FFHQ(TURN TABLE LADDER),15.487413,73.8172,0,STOP,"Caculo Mall, 16 Shanta, St Inez Rd, Caculo Enclave, Santa Inez, Panaji, Goa (NW)",Fire Force Headquarters
2026-01-08T00:51:57.764Z,GA 07 G 7101-FFHQ(WATER TENDER),15.486933,73.817017,0,STOP,"Caculo Mall, 16 Shanta, St Inez Rd, Caculo Enclave, Santa Inez, Panaji, Goa (NW)",Fire Force Headquarters
2026-01-08T00:51:57.764Z,GA 07 G 7677-FFHQ(EMERGENCY RESCUE),15.487005,73.817436,0,STOP,"Caculo Mall, 16 Shanta, St Inez Rd, Caculo Enclave, Santa Inez, Panaji, Goa (NW)",Fire Force Headquarters
2026-01-08T00:51:57.764Z,GA 07 G 1121-PNJ(EMERGENCY RESCUE),15.487197,73.817276,0,STOP,"Caculo Mall, 16 Shanta, St Inez Rd, Caculo Enclave, Santa Inez, Panaji, Goa (NW)",Fire Station Panaji
2026-01-08T00:51:57.764Z,GA 07 G 1571-FFHQ(QUICK RESPONSE),15.486595,73.817528,0,STOP,"Caculo Mall, 16 Shanta, St Inez Rd, Caculo Enclave, Santa Inez, Panaji, Goa (SW)",Fire Force Headquarters
2026-01-08T00:51:57.764Z,GA 07 G 8101-MAP(WATER TENDER),15.589967,73.808762,0,STOP,At Fire Station Mapusa,Fire Station Mapusa
2026-01-08T00:51:57.764Z,GA 07 G 2317-MRG(EMERGENCY RESCUE TENDER),15.2694166,73.9701016,0,STOP,At Fire Station Margoa,Fire Station Margao
2026-01-08T00:51:57.764Z,GA 07 G 1570-VAS(QUICK RESPONSE FIRE TENDER),15.4054016,73.8930833,0,STOP,"Mendies, National Highway 366, Goa (NE)",Fire Station Vasco
2026-01-08T00:51:57.764Z,GA 07 G 4101-VAS(MS WATER TENDER),15.3888216,73.8512533,0,INACTIVE,At Fire Station Vasco,Fire Station Vasco
2026-01-08T00:51:57.764Z,GA 07 G 0819-VAS(WATER/FOAM TENDER),15.3888067,73.8512617,0,IDLE,At Fire Station Vasco,Fire Station Vasco
2026-01-08T00:51:57.764Z,GA 07 G 7100-MRG(WATER BOUSER),15.2694416,73.9701166,0,STOP,At Fire Station Margoa,Fire Station Margao
2026-01-08T00:51:57.764Z,GA 07 G 1568-MRG(QUICK RESPONSE ),15.26936,73.9704583,0,STOP,At Fire Station Margoa,Fire Station Margao
2026-01-08T00:51:57.764Z,GA 07 G 6101-MRG(WATER TENDER),15.2694199,73.969955,0,STOP,At Fire Station Margoa,Fire Station Margao
2026-01-08T00:51:57.764Z,GA 07 G 1001-MRG(AERIAL LADDER PLATFORM),15.269385,73.97019,0,STOP,At Fire Station Margoa,Fire Station Margao
2026-01-08T00:51:57.764Z,GA 07 G 0820-BIC(WATER TEDNER),15.40271,74.0028017,0,STOP,At Fire Station Ponda ,Fire Station Bicholim
2026-01-08T00:51:57.764Z,GA 07 G 5101-OLG(MS WATER TENDER),15.5001633,73.914055,0,STOP,At Fire Station Old Goa,Fire Station Old Goa
2026-01-08T00:51:57.764Z,GA 07 G 3101-BIC(MS WATER TENDER),15.5894716,73.9465983,0,STOP,At Fire Station Bicholim ,Fire Station Bicholim
2026-01-08T00:51:57.764Z,GA 07 G 1941-BIC(QUICK RESPONSE),15.589475,73.9467283,0,STOP,At Fire Station Bicholim ,Fire Station Bicholim
2026-01-08T00:51:57.764Z,GA 07 G 2319-VAS (EMERGENCY RESCUE TENDER),15.3892083,73.8478433,0,INACTIVE,"155/C, near railway bridge, airport road, Alto-dabolim, Dabolim, Goa (SW)",Fire Station Vasco
2026-01-08T00:51:57.764Z,GA 07 G 3737-VAP(WATER TENDER),15.54645,74.0423016,0,STOP,"SH 1, Honda VP, Goa (SW)",Fire Station Valpoi
2026-01-08T00:51:57.764Z,GA 07 G 2318-PND(EMERGENCY RESCUE TENDER),15.402655,74.0030033,0,STOP,At Fire Station Ponda ,Fire Station Ponda
2026-01-08T00:51:57.764Z,GA 07 G 2004-PND(QUICK RESPONSE),15.4141016,73.9073083,0,INACTIVE,"Guru Hotel, Old Ferry Road, Agaçaim, Goa (SE)",Fire Station Ponda
2026-01-08T00:51:57.764Z,GA 07 G 9101-PND(WATER TENDER),15.4022033,74.0029466,0,STOP,At Fire Station Ponda ,Fire Station Ponda
2026-01-08T00:51:57.764Z,GA 07 G 9797-PND(WATER BOUSER),15.4027433,74.0028966,0,IDLE,At Fire Station Ponda ,Fire Station Ponda
2026-01-08T00:51:57.764Z,GA 07 G 6363-CAN(WATER TENDER),15.0236383,74.0440666,0,STOP,"Canacona, The Lalitrajbaga ,Canacona, Canacona, Goa (NE)",Fire Station Canacona
2026-01-08T00:51:57.764Z,GA 07 G 1567-CAN(QUICK RESPONSE FT),15.0163433,74.0396166,39,INACTIVE,"Canacona, The Lalitrajbaga ,Canacona, Canacona, Goa (SW)",Fire Station Canacona
2026-01-08T00:51:57.764Z,GA 07 G 1569-VRN(QUICK RESPONSE),15.3696816,73.9356849,0,STOP,At Fire Station Verna,Fire Station Verna
2026-01-08T00:51:57.764Z,GA 07 G 9909-VRN(ADVANCE MULTI-PURPOSE),15.36962,73.9357333,0,STOP,At Fire Station Verna,Fire Station Verna
2026-01-08T00:51:57.764Z,GA 07 G 1942-VAP(QUICK RESPONSE),15.531045,74.1388183,0,STOP,At Fire Station Valpoi ,Fire Station Valpoi
2026-01-08T00:51:57.764Z,GA 07 G 2003-CUR(QUICK RESPONSE),15.2603983,74.1037433,0,STOP,At Fire Station Curchorem,Fire Station Curchorem
2026-01-08T00:51:57.764Z,GA 07 G 7447-CUR(EMERGENCY RESCUE),15.2604233,74.10376,0,STOP,At Fire Station Curchorem,Fire Station Curchorem
2026-01-08T00:51:57.764Z,GA 07 G 7557-CUR(WATER TENDER),15.260345,74.1037183,0,STOP,At Fire Station Curchorem,Fire Station Curchorem
2026-01-08T00:51:57.764Z,GA 07 G 7667-CUR(WATER BOUSER),15.26034,74.1038333,0,STOP,At Fire Station Curchorem,Fire Station Curchorem
2026-01-08T00:51:57.764Z,GA 07 G 4989-KUN(WATER TENDER),15.4631883,73.9726567,0,STOP,At Fire Station Kundaim,Fire Station Kundaim
2026-01-08T00:51:57.764Z,GA 07 G 2242-PIL(WATER TENDER),15.53297,73.7940744,0,STOP,At Fire Station Pilerne,Fire Station Pilerne
2026-01-08T00:51:57.764Z,GA 07 G 0681-MAP(QUICK RESPONSE),15.589765,73.808805,0,STOP,At Fire Station Mapusa,Fire Station Mapusa
2026-01-08T00:51:57.764Z,GA 07 G 0307-PER(QUICK RESPONSE),15.7164939,73.7974239,0,INACTIVE,At Fire Station Pernem,Fire Station Pernem
2026-01-08T00:51:57.764Z,GA 07 G 2101-PER(MS WATER TENDER),15.7164339,73.7974506,0,STOP,At Fire Station Pernem,Fire Station Pernem
2026-01-08T00:51:57.764Z,GA 07 G 4600-PER(MINI RESCUE TENDER),15.7165006,73.7975322,0,STOP,At Fire Station Pernem,Fire Station Pernem
2026-01-08T00:51:57.764Z,GA 07 G 7272-PNJ(WATER TENDER),15.4871567,73.8173333,0,STOP,"Caculo Mall, 16 Shanta, St Inez Rd, Caculo Enclave, Santa Inez, Panaji, Goa (NW)",Fire Station Panaji
2026-01-08T00:51:57.764Z,GA07G2384- Cuncolim,15.1862711,74.0209944,0,STOP,At Fire Station Cuncolim,Fire Station Cuncolim
2026-01-08T00:51:57.764Z,GA07G2507 - Mid Size (Water Tender),15.71641,73.79755,0,STOP,At Fire Station Pernem,Fire Station Pernem
2026-01-08T00:51:57.764Z,GA07G2505 - Mid Size (Water Tender),15.5309333,74.1386233,0,STOP,At Fire Station Valpoi ,Fire Station Valpoi
2026-01-08T00:51:57.764Z,GA07G2504 - Mid Size (Water Tender),15.5893133,73.9465083,0,STOP,At Fire Station Bicholim ,Fire Station Bicholim
2026-01-08T00:51:57.764Z,GA07G2503-Mid Size (Water Tender),15.58997,73.80865,0,STOP,At Fire Station Mapusa,Fire Station Mapusa
2026-01-08T00:51:57.764Z,GA07G2502 - Mid Size (Water Tender),15.58982,73.8087483,0,STOP,At Fire Station Mapusa,Fire Force Headquarters
2026-01-08T00:52:29.539Z,GA 07 G 0680-PIL(QUICK RESPONSE VEHICLE),15.532865,73.7939283,0,STOP,At Fire Station Pilerne,Fire Station Pilerne
2026-01-08T00:52:29.539Z,GA07G2506 - Mid Size (Water Tender),15.500418,73.914055,0,STOP,At Fire Station Old Goa,Fire Station Old Goa
2026-01-08T00:52:29.539Z,GA 07 G 5115-POR(MINI WATER TENDER),15.523018,73.829498,0,STOP,At Porvorim Fire Station,Fire Station Porvorim
2026-01-08T00:52:29.539Z,GA 07 G 0350-MRG(WATER TENDER),15.269435,73.97068,0,STOP,At Fire Station Margoa,Fire Station Margao
2026-01-08T00:52:29.539Z,GA 07 G 2900-MAP(MINI RESCUE TENDER),15.59015,73.808701,0,STOP,At Fire Station Mapusa,Fire Station Mapusa
2026-01-08T00:52:29.539Z,GA 07 G 7600-FFHQ(WATER BOUSER),15.487355,73.817284,0,STOP,"Caculo Mall, 16 Shanta, St Inez Rd, Caculo Enclave, Santa Inez, Panaji, Goa (NW)",Fire Force Headquarters
2026-01-08T00:52:29.539Z,GA 07 G 2002-FFHQ(TURN TABLE LADDER),15.487413,73.8172,0,STOP,"Caculo Mall, 16 Shanta, St Inez Rd, Caculo Enclave, Santa Inez, Panaji, Goa (NW)",Fire Force Headquarters
2026-01-08T00:52:29.539Z,GA 07 G 7101-FFHQ(WATER TENDER),15.486933,73.817017,0,STOP,"Caculo Mall, 16 Shanta, St Inez Rd, Caculo Enclave, Santa Inez, Panaji, Goa (NW)",Fire Force Headquarters
2026-01-08T00:52:29.539Z,GA 07 G 7677-FFHQ(EMERGENCY RESCUE),15.487005,73.817436,0,STOP,"Caculo Mall, 16 Shanta, St Inez Rd, Caculo Enclave, Santa Inez, Panaji, Goa (NW)",Fire Force Headquarters
2026-01-08T00:52:29.539Z,GA 07 G 1121-PNJ(EMERGENCY RESCUE),15.487197,73.817276,0,STOP,"Caculo Mall, 16 Shanta, St Inez Rd, Caculo Enclave, Santa Inez, Panaji, Goa (NW)",Fire Station Panaji
2026-01-08T00:52:29.539Z,GA 07 G 1571-FFHQ(QUICK RESPONSE),15.486595,73.817528,0,STOP,"Caculo Mall, 16 Shanta, St Inez Rd, Caculo Enclave, Santa Inez, Panaji, Goa (SW)",Fire Force Headquarters
2026-01-08T00:52:29.539Z,GA 07 G 8101-MAP(WATER TENDER),15.589967,73.808762,0,STOP,At Fire Station Mapusa,Fire Station Mapusa
2026-01-08T00:52:29.539Z,GA 07 G 2317-MRG(EMERGENCY RESCUE TENDER),15.269005,73.97006,1,STOP,At Fire Station Margoa,Fire Station Margao
2026-01-08T00:52:29.539Z,GA 07 G 1570-VAS(QUICK RESPONSE FIRE TENDER),15.4054016,73.8930833,0,STOP,"Mendies, National Highway 366, Goa (NE)",Fire Station Vasco
2026-01-08T00:52:29.539Z,GA 07 G 4101-VAS(MS WATER TENDER),15.3888216,73.8512533,0,INACTIVE,At Fire Station Vasco,Fire Station Vasco
2026-01-08T00:52:29.539Z,GA 07 G 0819-VAS(WATER/FOAM TENDER),15.3888067,73.8512617,0,IDLE,At Fire Station Vasco,Fire Station Vasco
2026-01-08T00:52:29.539Z,GA 07 G 7100-MRG(WATER BOUSER),15.2694416,73.9701166,0,STOP,At Fire Station Margoa,Fire Station Margao
2026-01-08T00:52:29.539Z,GA 07 G 1568-MRG(QUICK RESPONSE ),15.26936,73.9704583,0,STOP,At Fire Station Margoa,Fire Station Margao
2026-01-08T00:52:29.539Z,GA 07 G 6101-MRG(WATER TENDER),15.2694199,73.969955,0,STOP,At Fire Station Margoa,Fire Station Margao
2026-01-08T00:52:29.539Z,GA 07 G 1001-MRG(AERIAL LADDER PLATFORM),15.269385,73.97019,0,STOP,At Fire Station Margoa,Fire Station Margao
2026-01-08T00:52:29.539Z,GA 07 G 0820-BIC(WATER TEDNER),15.40271,74.0028017,0,STOP,At Fire Station Ponda ,Fire Station Bicholim
2026-01-08T00:52:29.539Z,GA 07 G 5101-OLG(MS WATER TENDER),15.5001633,73.914055,0,STOP,At Fire Station Old Goa,Fire Station Old Goa
2026-01-08T00:52:29.539Z,GA 07 G 3101-BIC(MS WATER TENDER),15.5894716,73.9465983,0,STOP,At Fire Station Bicholim ,Fire Station Bicholim
2026-01-08T00:52:29.539Z,GA 07 G 1941-BIC(QUICK RESPONSE),15.589475,73.9467283,0,STOP,At Fire Station Bicholim ,Fire Station Bicholim
2026-01-08T00:52:29.539Z,GA 07 G 2319-VAS (EMERGENCY RESCUE TENDER),15.3892083,73.8478433,0,INACTIVE,"155/C, near railway bridge, airport road, Alto-dabolim, Dabolim, Goa (SW)",Fire Station Vasco
2026-01-08T00:52:29.539Z,GA 07 G 3737-VAP(WATER TENDER),15.54645,74.0423016,0,STOP,"SH 1, Honda VP, Goa (SW)",Fire Station Valpoi
2026-01-08T00:52:29.539Z,GA 07 G 2318-PND(EMERGENCY RESCUE TENDER),15.402655,74.0030033,0,STOP,At Fire Station Ponda ,Fire Station Ponda
2026-01-08T00:52:29.539Z,GA 07 G 2004-PND(QUICK RESPONSE),15.4141016,73.9073083,0,INACTIVE,"Guru Hotel, Old Ferry Road, Agaçaim, Goa (SE)",Fire Station Ponda
2026-01-08T00:52:29.539Z,GA 07 G 9101-PND(WATER TENDER),15.4022033,74.0029466,0,STOP,At Fire Station Ponda ,Fire Station Ponda
2026-01-08T00:52:29.539Z,GA 07 G 9797-PND(WATER BOUSER),15.4027433,74.0028966,0,IDLE,At Fire Station Ponda ,Fire Station Ponda
2026-01-08T00:52:29.539Z,GA 07 G 6363-CAN(WATER TENDER),15.0236383,74.0440666,0,STOP,"Canacona, The Lalitrajbaga ,Canacona, Canacona, Goa (NE)",Fire Station Canacona
2026-01-08T00:52:29.539Z,GA 07 G 1567-CAN(QUICK RESPONSE FT),15.0163433,74.0396166,39,INACTIVE,"Canacona, The Lalitrajbaga ,Canacona, Canacona, Goa (SW)",Fire Station Canacona
2026-01-08T00:52:29.539Z,GA 07 G 1569-VRN(QUICK RESPONSE),15.3696816,73.9356849,0,STOP,At Fire Station Verna,Fire Station Verna
2026-01-08T00:52:29.539Z,GA 07 G 9909-VRN(ADVANCE MULTI-PURPOSE),15.36962,73.9357333,0,STOP,At Fire Station Verna,Fire Station Verna
2026-01-08T00:52:29.539Z,GA 07 G 1942-VAP(QUICK RESPONSE),15.531045,74.1388183,0,STOP,At Fire Station Valpoi ,Fire Station Valpoi
2026-01-08T00:52:29.539Z,GA 07 G 2003-CUR(QUICK RESPONSE),15.2603983,74.1037433,0,STOP,At Fire Station Curchorem,Fire Station Curchorem
2026-01-08T00:52:29.539Z,GA 07 G 7447-CUR(EMERGENCY RESCUE),15.2604233,74.10376,0,STOP,At Fire Station Curchorem,Fire Station Curchorem
2026-01-08T00:52:29.539Z,GA 07 G 7557-CUR(WATER TENDER),15.260345,74.1037183,0,STOP,At Fire Station Curchorem,Fire Station Curchorem
2026-01-08T00:52:29.539Z,GA 07 G 7667-CUR(WATER BOUSER),15.26034,74.1038333,0,STOP,At Fire Station Curchorem,Fire Station Curchorem
2026-01-08T00:52:29.539Z,GA 07 G 4989-KUN(WATER TENDER),15.4631883,73.9726567,0,STOP,At Fire Station Kundaim,Fire Station Kundaim
2026-01-08T00:52:29.539Z,GA 07 G 2242-PIL(WATER TENDER),15.53297,73.7940744,0,STOP,At Fire Station Pilerne,Fire Station Pilerne
2026-01-08T00:52:29.539Z,GA 07 G 0681-MAP(QUICK RESPONSE),15.589765,73.808805,0,STOP,At Fire Station Mapusa,Fire Station Mapusa
2026-01-08T00:52:29.539Z,GA 07 G 0307-PER(QUICK RESPONSE),15.7164939,73.7974239,0,INACTIVE,At Fire Station Pernem,Fire Station Pernem
2026-01-08T00:52:29.539Z,GA 07 G 2101-PER(MS WATER TENDER),15.7164339,73.7974506,0,STOP,At Fire Station Pernem,Fire Station Pernem
2026-01-08T00:52:29.539Z,GA 07 G 4600-PER(MINI RESCUE TENDER),15.7165006,73.7975322,0,STOP,At Fire Station Pernem,Fire Station Pernem
2026-01-08T00:52:29.539Z,GA 07 G 7272-PNJ(WATER TENDER),15.4871567,73.8173333,0,STOP,"Caculo Mall, 16 Shanta, St Inez Rd, Caculo Enclave, Santa Inez, Panaji, Goa (NW)",Fire Station Panaji
2026-01-08T00:52:29.539Z,GA07G2384- Cuncolim,15.1862711,74.0209944,0,STOP,At Fire Station Cuncolim,Fire Station Cuncolim
2026-01-08T00:52:29.539Z,GA07G2507 - Mid Size (Water Tender),15.71641,73.79755,0,STOP,At Fire Station Pernem,Fire Station Pernem
2026-01-08T00:52:29.539Z,GA07G2505 - Mid Size (Water Tender),15.5309333,74.1386233,0,STOP,At Fire Station Valpoi ,Fire Station Valpoi
2026-01-08T00:52:29.539Z,GA07G2504 - Mid Size (Water Tender),15.5893133,73.9465083,0,STOP,At Fire Station Bicholim ,Fire Station Bicholim
2026-01-08T00:52:29.539Z,GA07G2503-Mid Size (Water Tender),15.58997,73.80865,0,STOP,At Fire Station Mapusa,Fire Station Mapusa
2026-01-08T00:52:29.539Z,GA07G2502 - Mid Size (Water Tender),15.58982,73.8087483,0,STOP,At Fire Station Mapusa,Fire Force Headquarters
2026-01-08T00:53:28.913Z,GA 07 G 0680-PIL(QUICK RESPONSE VEHICLE),15.532865,73.7939283,0,STOP,At Fire Station Pilerne,Fire Station Pilerne
2026-01-08T00:53:28.913Z,GA07G2506 - Mid Size (Water Tender),15.500418,73.914055,0,STOP,At Fire Station Old Goa,Fire Station Old Goa
2026-01-08T00:53:28.913Z,GA 07 G 5115-POR(MINI WATER TENDER),15.523018,73.829498,0,STOP,At Porvorim Fire Station,Fire Station Porvorim
2026-01-08T00:53:28.913Z,GA 07 G 0350-MRG(WATER TENDER),15.269435,73.97068,0,STOP,At Fire Station Margoa,Fire Station Margao
2026-01-08T00:53:28.913Z,GA 07 G 2900-MAP(MINI RESCUE TENDER),15.59015,73.808701,0,STOP,At Fire Station Mapusa,Fire Station Mapusa
2026-01-08T00:53:28.913Z,GA 07 G 7600-FFHQ(WATER BOUSER),15.487355,73.817284,0,STOP,"Caculo Mall, 16 Shanta, St Inez Rd, Caculo Enclave, Santa Inez, Panaji, Goa (NW)",Fire Force Headquarters
2026-01-08T00:53:28.913Z,GA 07 G 2002-FFHQ(TURN TABLE LADDER),15.487413,73.8172,0,STOP,"Caculo Mall, 16 Shanta, St Inez Rd, Caculo Enclave, Santa Inez, Panaji, Goa (NW)",Fire Force Headquarters
2026-01-08T00:53:28.913Z,GA 07 G 7101-FFHQ(WATER TENDER),15.486933,73.817017,0,STOP,"Caculo Mall, 16 Shanta, St Inez Rd, Caculo Enclave, Santa Inez, Panaji, Goa (NW)",Fire Force Headquarters
2026-01-08T00:53:28.913Z,GA 07 G 7677-FFHQ(EMERGENCY RESCUE),15.487005,73.817436,0,STOP,"Caculo Mall, 16 Shanta, St Inez Rd, Caculo Enclave, Santa Inez, Panaji, Goa (NW)",Fire Force Headquarters
2026-01-08T00:53:28.913Z,GA 07 G 1121-PNJ(EMERGENCY RESCUE),15.487197,73.817276,0,STOP,"Caculo Mall, 16 Shanta, St Inez Rd, Caculo Enclave, Santa Inez, Panaji, Goa (NW)",Fire Station Panaji
2026-01-08T00:53:28.913Z,GA 07 G 1571-FFHQ(QUICK RESPONSE),15.486595,73.817528,0,STOP,"Caculo Mall, 16 Shanta, St Inez Rd, Caculo Enclave, Santa Inez, Panaji, Goa (SW)",Fire Force Headquarters
2026-01-08T00:53:28.913Z,GA 07 G 8101-MAP(WATER TENDER),15.589967,73.808762,0,STOP,At Fire Station Mapusa,Fire Station Mapusa
2026-01-08T00:53:28.913Z,GA 07 G 2317-MRG(EMERGENCY RESCUE TENDER),15.269325,73.970125,0,STOP,At Fire Station Margoa,Fire Station Margao
2026-01-08T00:53:28.913Z,GA 07 G 1570-VAS(QUICK RESPONSE FIRE TENDER),15.4054016,73.8930833,0,STOP,"Mendies, National Highway 366, Goa (NE)",Fire Station Vasco
2026-01-08T00:53:28.913Z,GA 07 G 4101-VAS(MS WATER TENDER),15.3888216,73.8512533,0,INACTIVE,At Fire Station Vasco,Fire Station Vasco
2026-01-08T00:53:28.913Z,GA 07 G 0819-VAS(WATER/FOAM TENDER),15.3888067,73.8512617,0,IDLE,At Fire Station Vasco,Fire Station Vasco
2026-01-08T00:53:28.913Z,GA 07 G 7100-MRG(WATER BOUSER),15.2694416,73.9701166,0,STOP,At Fire Station Margoa,Fire Station Margao
2026-01-08T00:53:28.913Z,GA 07 G 1568-MRG(QUICK RESPONSE ),15.26936,73.9704583,0,STOP,At Fire Station Margoa,Fire Station Margao
2026-01-08T00:53:28.913Z,GA 07 G 6101-MRG(WATER TENDER),15.2694199,73.969955,0,STOP,At Fire Station Margoa,Fire Station Margao
2026-01-08T00:53:28.913Z,GA 07 G 1001-MRG(AERIAL LADDER PLATFORM),15.269385,73.97019,0,STOP,At Fire Station Margoa,Fire Station Margao
2026-01-08T00:53:28.913Z,GA 07 G 0820-BIC(WATER TEDNER),15.40271,74.0028017,0,STOP,At Fire Station Ponda ,Fire Station Bicholim
2026-01-08T00:53:28.913Z,GA 07 G 5101-OLG(MS WATER TENDER),15.5001633,73.914055,0,STOP,At Fire Station Old Goa,Fire Station Old Goa
2026-01-08T00:53:28.913Z,GA 07 G 3101-BIC(MS WATER TENDER),15.5894716,73.9465983,0,STOP,At Fire Station Bicholim ,Fire Station Bicholim
2026-01-08T00:53:28.913Z,GA 07 G 1941-BIC(QUICK RESPONSE),15.589475,73.9467283,0,STOP,At Fire Station Bicholim ,Fire Station Bicholim
2026-01-08T00:53:28.913Z,GA 07 G 2319-VAS (EMERGENCY RESCUE TENDER),15.3892083,73.8478433,0,INACTIVE,"155/C, near railway bridge, airport road, Alto-dabolim, Dabolim, Goa (SW)",Fire Station Vasco
2026-01-08T00:53:28.913Z,GA 07 G 3737-VAP(WATER TENDER),15.54645,74.0423016,0,STOP,"SH 1, Honda VP, Goa (SW)",Fire Station Valpoi
2026-01-08T00:53:28.913Z,GA 07 G 2318-PND(EMERGENCY RESCUE TENDER),15.402655,74.0030033,0,STOP,At Fire Station Ponda ,Fire Station Ponda
2026-01-08T00:53:28.913Z,GA 07 G 2004-PND(QUICK RESPONSE),15.4141016,73.9073083,0,INACTIVE,"Guru Hotel, Old Ferry Road, Agaçaim, Goa (SE)",Fire Station Ponda
2026-01-08T00:53:28.913Z,GA 07 G 9101-PND(WATER TENDER),15.4022033,74.0029466,0,STOP,At Fire Station Ponda ,Fire Station Ponda
2026-01-08T00:53:28.913Z,GA 07 G 9797-PND(WATER BOUSER),15.4027433,74.0028966,0,IDLE,At Fire Station Ponda ,Fire Station Ponda
2026-01-08T00:53:28.913Z,GA 07 G 6363-CAN(WATER TENDER),15.0236383,74.0440666,0,STOP,"Canacona, The Lalitrajbaga ,Canacona, Canacona, Goa (NE)",Fire Station Canacona
2026-01-08T00:53:28.913Z,GA 07 G 1567-CAN(QUICK RESPONSE FT),15.0163433,74.0396166,39,INACTIVE,"Canacona, The Lalitrajbaga ,Canacona, Canacona, Goa (SW)",Fire Station Canacona
2026-01-08T00:53:28.913Z,GA 07 G 1569-VRN(QUICK RESPONSE),15.3696816,73.9356849,0,STOP,At Fire Station Verna,Fire Station Verna
2026-01-08T00:53:28.913Z,GA 07 G 9909-VRN(ADVANCE MULTI-PURPOSE),15.36962,73.9357333,0,STOP,At Fire Station Verna,Fire Station Verna
2026-01-08T00:53:28.913Z,GA 07 G 1942-VAP(QUICK RESPONSE),15.531045,74.1388183,0,STOP,At Fire Station Valpoi ,Fire Station Valpoi
2026-01-08T00:53:28.913Z,GA 07 G 2003-CUR(QUICK RESPONSE),15.2603983,74.1037433,0,STOP,At Fire Station Curchorem,Fire Station Curchorem
2026-01-08T00:53:28.913Z,GA 07 G 7447-CUR(EMERGENCY RESCUE),15.2604233,74.10376,0,STOP,At Fire Station Curchorem,Fire Station Curchorem
2026-01-08T00:53:28.913Z,GA 07 G 7557-CUR(WATER TENDER),15.260345,74.1037183,0,STOP,At Fire Station Curchorem,Fire Station Curchorem
2026-01-08T00:53:28.913Z,GA 07 G 7667-CUR(WATER BOUSER),15.26034,74.1038333,0,STOP,At Fire Station Curchorem,Fire Station Curchorem
2026-01-08T00:53:28.913Z,GA 07 G 4989-KUN(WATER TENDER),15.4631883,73.9726567,0,STOP,At Fire Station Kundaim,Fire Station Kundaim
2026-01-08T00:53:28.913Z,GA 07 G 2242-PIL(WATER TENDER),15.53297,73.7940744,0,STOP,At Fire Station Pilerne,Fire Station Pilerne
2026-01-08T00:53:28.913Z,GA 07 G 0681-MAP(QUICK RESPONSE),15.589765,73.808805,0,STOP,At Fire Station Mapusa,Fire Station Mapusa
2026-01-08T00:53:28.913Z,GA 07 G 0307-PER(QUICK RESPONSE),15.7164939,73.7974239,0,INACTIVE,At Fire Station Pernem,Fire Station Pernem
2026-01-08T00:53:28.913Z,GA 07 G 2101-PER(MS WATER TENDER),15.7164339,73.7974506,0,STOP,At Fire Station Pernem,Fire Station Pernem
2026-01-08T00:53:28.913Z,GA 07 G 4600-PER(MINI RESCUE TENDER),15.7165006,73.7975322,0,STOP,At Fire Station Pernem,Fire Station Pernem
2026-01-08T00:53:28.913Z,GA 07 G 7272-PNJ(WATER TENDER),15.4871567,73.8173333,0,STOP,"Caculo Mall, 16 Shanta, St Inez Rd, Caculo Enclave, Santa Inez, Panaji, Goa (NW)",Fire Station Panaji
2026-01-08T00:53:28.913Z,GA07G2384- Cuncolim,15.1862711,74.0209944,0,STOP,At Fire Station Cuncolim,Fire Station Cuncolim
2026-01-08T00:53:28.913Z,GA07G2507 - Mid Size (Water Tender),15.71641,73.79755,0,STOP,At Fire Station Pernem,Fire Station Pernem
2026-01-08T00:53:28.913Z,GA07G2505 - Mid Size (Water Tender),15.5309333,74.1386233,0,STOP,At Fire Station Valpoi ,Fire Station Valpoi
2026-01-08T00:53:28.913Z,GA07G2504 - Mid Size (Water Tender),15.5893133,73.9465083,0,STOP,At Fire Station Bicholim ,Fire Station Bicholim
2026-01-08T00:53:28.913Z,GA07G2503-Mid Size (Water Tender),15.58997,73.80865,0,STOP,At Fire Station Mapusa,Fire Station Mapusa
2026-01-08T00:53:28.913Z,GA07G2502 - Mid Size (Water Tender),15.58982,73.8087483,0,STOP,At Fire Station Mapusa,Fire Force Headquarters
2026-01-08T00:54:28.916Z,GA 07 G 0680-PIL(QUICK RESPONSE VEHICLE),15.532865,73.7939283,0,STOP,At Fire Station Pilerne,Fire Station Pilerne
2026-01-08T00:54:28.916Z,GA07G2506 - Mid Size (Water Tender),15.500418,73.914055,0,STOP,At Fire Station Old Goa,Fire Station Old Goa
2026-01-08T00:54:28.916Z,GA 07 G 5115-POR(MINI WATER TENDER),15.523018,73.829498,0,STOP,At Porvorim Fire Station,Fire Station Porvorim
2026-01-08T00:54:28.916Z,GA 07 G 0350-MRG(WATER TENDER),15.269435,73.97068,0,STOP,At Fire Station Margoa,Fire Station Margao
2026-01-08T00:54:28.916Z,GA 07 G 2900-MAP(MINI RESCUE TENDER),15.59015,73.808701,0,STOP,At Fire Station Mapusa,Fire Station Mapusa
2026-01-08T00:54:28.916Z,GA 07 G 7600-FFHQ(WATER BOUSER),15.487355,73.817284,0,STOP,"Caculo Mall, 16 Shanta, St Inez Rd, Caculo Enclave, Santa Inez, Panaji, Goa (NW)",Fire Force Headquarters
2026-01-08T00:54:28.916Z,GA 07 G 2002-FFHQ(TURN TABLE LADDER),15.487413,73.8172,0,STOP,"Caculo Mall, 16 Shanta, St Inez Rd, Caculo Enclave, Santa Inez, Panaji, Goa (NW)",Fire Force Headquarters
2026-01-08T00:54:28.916Z,GA 07 G 7101-FFHQ(WATER TENDER),15.486933,73.817017,0,STOP,"Caculo Mall, 16 Shanta, St Inez Rd, Caculo Enclave, Santa Inez, Panaji, Goa (NW)",Fire Force Headquarters
2026-01-08T00:54:28.916Z,GA 07 G 7677-FFHQ(EMERGENCY RESCUE),15.487005,73.817436,0,STOP,"Caculo Mall, 16 Shanta, St Inez Rd, Caculo Enclave, Santa Inez, Panaji, Goa (NW)",Fire Force Headquarters
2026-01-08T00:54:28.916Z,GA 07 G 1121-PNJ(EMERGENCY RESCUE),15.487197,73.817276,0,STOP,"Caculo Mall, 16 Shanta, St Inez Rd, Caculo Enclave, Santa Inez, Panaji, Goa (NW)",Fire Station Panaji
2026-01-08T00:54:28.916Z,GA 07 G 1571-FFHQ(QUICK RESPONSE),15.486595,73.817528,0,STOP,"Caculo Mall, 16 Shanta, St Inez Rd, Caculo Enclave, Santa Inez, Panaji, Goa (SW)",Fire Force Headquarters
2026-01-08T00:54:28.916Z,GA 07 G 8101-MAP(WATER TENDER),15.589967,73.808762,0,STOP,At Fire Station Mapusa,Fire Station Mapusa
2026-01-08T00:54:28.916Z,GA 07 G 2317-MRG(EMERGENCY RESCUE TENDER),15.2691649,73.9701083,2,STOP,At Fire Station Margoa,Fire Station Margao
2026-01-08T00:54:28.916Z,GA 07 G 1570-VAS(QUICK RESPONSE FIRE TENDER),15.4054016,73.8930833,0,STOP,"Mendies, National Highway 366, Goa (NE)",Fire Station Vasco
2026-01-08T00:54:28.916Z,GA 07 G 4101-VAS(MS WATER TENDER),15.3888216,73.8512533,0,INACTIVE,At Fire Station Vasco,Fire Station Vasco
2026-01-08T00:54:28.916Z,GA 07 G 0819-VAS(WATER/FOAM TENDER),15.3888067,73.8512617,0,IDLE,At Fire Station Vasco,Fire Station Vasco
2026-01-08T00:54:28.916Z,GA 07 G 7100-MRG(WATER BOUSER),15.2694416,73.9701166,0,STOP,At Fire Station Margoa,Fire Station Margao
2026-01-08T00:54:28.916Z,GA 07 G 1568-MRG(QUICK RESPONSE ),15.26936,73.9704583,0,STOP,At Fire Station Margoa,Fire Station Margao
2026-01-08T00:54:28.916Z,GA 07 G 6101-MRG(WATER TENDER),15.2694199,73.969955,0,STOP,At Fire Station Margoa,Fire Station Margao
2026-01-08T00:54:28.916Z,GA 07 G 1001-MRG(AERIAL LADDER PLATFORM),15.269385,73.97019,0,STOP,At Fire Station Margoa,Fire Station Margao
2026-01-08T00:54:28.916Z,GA 07 G 0820-BIC(WATER TEDNER),15.40271,74.0028017,0,STOP,At Fire Station Ponda ,Fire Station Bicholim
2026-01-08T00:54:28.916Z,GA 07 G 5101-OLG(MS WATER TENDER),15.5001633,73.914055,0,STOP,At Fire Station Old Goa,Fire Station Old Goa
2026-01-08T00:54:28.916Z,GA 07 G 3101-BIC(MS WATER TENDER),15.5894716,73.9465983,0,STOP,At Fire Station Bicholim ,Fire Station Bicholim
2026-01-08T00:54:28.916Z,GA 07 G 1941-BIC(QUICK RESPONSE),15.589475,73.9467283,0,STOP,At Fire Station Bicholim ,Fire Station Bicholim
2026-01-08T00:54:28.916Z,GA 07 G 2319-VAS (EMERGENCY RESCUE TENDER),15.3892083,73.8478433,0,INACTIVE,"155/C, near railway bridge, airport road, Alto-dabolim, Dabolim, Goa (SW)",Fire Station Vasco
2026-01-08T00:54:28.916Z,GA 07 G 3737-VAP(WATER TENDER),15.54645,74.0423016,0,STOP,"SH 1, Honda VP, Goa (SW)",Fire Station Valpoi
2026-01-08T00:54:28.916Z,GA 07 G 2318-PND(EMERGENCY RESCUE TENDER),15.402655,74.0030033,0,STOP,At Fire Station Ponda ,Fire Station Ponda
2026-01-08T00:54:28.916Z,GA 07 G 2004-PND(QUICK RESPONSE),15.4141016,73.9073083,0,INACTIVE,"Guru Hotel, Old Ferry Road, Agaçaim, Goa (SE)",Fire Station Ponda
2026-01-08T00:54:28.916Z,GA 07 G 9101-PND(WATER TENDER),15.4022033,74.0029466,0,STOP,At Fire Station Ponda ,Fire Station Ponda
2026-01-08T00:54:28.916Z,GA 07 G 9797-PND(WATER BOUSER),15.4027433,74.0028966,0,IDLE,At Fire Station Ponda ,Fire Station Ponda
2026-01-08T00:54:28.916Z,GA 07 G 6363-CAN(WATER TENDER),15.0236383,74.0440666,0,STOP,"Canacona, The Lalitrajbaga ,Canacona, Canacona, Goa (NE)",Fire Station Canacona
2026-01-08T00:54:28.916Z,GA 07 G 1567-CAN(QUICK RESPONSE FT),15.0163433,74.0396166,39,INACTIVE,"Canacona, The Lalitrajbaga ,Canacona, Canacona, Goa (SW)",Fire Station Canacona
2026-01-08T00:54:28.916Z,GA 07 G 1569-VRN(QUICK RESPONSE),15.3696816,73.9356849,0,STOP,At Fire Station Verna,Fire Station Verna
2026-01-08T00:54:28.916Z,GA 07 G 9909-VRN(ADVANCE MULTI-PURPOSE),15.36962,73.9357333,0,STOP,At Fire Station Verna,Fire Station Verna
2026-01-08T00:54:28.916Z,GA 07 G 1942-VAP(QUICK RESPONSE),15.531045,74.1388183,0,STOP,At Fire Station Valpoi ,Fire Station Valpoi
2026-01-08T00:54:28.916Z,GA 07 G 2003-CUR(QUICK RESPONSE),15.2603983,74.1037433,0,STOP,At Fire Station Curchorem,Fire Station Curchorem
2026-01-08T00:54:28.916Z,GA 07 G 7447-CUR(EMERGENCY RESCUE),15.2604233,74.10376,0,STOP,At Fire Station Curchorem,Fire Station Curchorem
2026-01-08T00:54:28.916Z,GA 07 G 7557-CUR(WATER TENDER),15.260345,74.1037183,0,STOP,At Fire Station Curchorem,Fire Station Curchorem
2026-01-08T00:54:28.916Z,GA 07 G 7667-CUR(WATER BOUSER),15.26034,74.1038333,0,STOP,At Fire Station Curchorem,Fire Station Curchorem
2026-01-08T00:54:28.916Z,GA 07 G 4989-KUN(WATER TENDER),15.4631883,73.9726567,0,STOP,At Fire Station Kundaim,Fire Station Kundaim
2026-01-08T00:54:28.916Z,GA 07 G 2242-PIL(WATER TENDER),15.53297,73.7940744,0,STOP,At Fire Station Pilerne,Fire Station Pilerne
2026-01-08T00:54:28.916Z,GA 07 G 0681-MAP(QUICK RESPONSE),15.589765,73.808805,0,STOP,At Fire Station Mapusa,Fire Station Mapusa
2026-01-08T00:54:28.916Z,GA 07 G 0307-PER(QUICK RESPONSE),15.7164939,73.7974239,0,INACTIVE,At Fire Station Pernem,Fire Station Pernem
2026-01-08T00:54:28.916Z,GA 07 G 2101-PER(MS WATER TENDER),15.7164339,73.7974506,0,STOP,At Fire Station Pernem,Fire Station Pernem
2026-01-08T00:54:28.916Z,GA 07 G 4600-PER(MINI RESCUE TENDER),15.7165006,73.7975322,0,STOP,At Fire Station Pernem,Fire Station Pernem
2026-01-08T00:54:28.916Z,GA 07 G 7272-PNJ(WATER TENDER),15.4871567,73.8173333,0,STOP,"Caculo Mall, 16 Shanta, St Inez Rd, Caculo Enclave, Santa Inez, Panaji, Goa (NW)",Fire Station Panaji
2026-01-08T00:54:28.916Z,GA07G2384- Cuncolim,15.1862711,74.0209944,0,STOP,At Fire Station Cuncolim,Fire Station Cuncolim
2026-01-08T00:54:28.916Z,GA07G2507 - Mid Size (Water Tender),15.71641,73.79755,0,STOP,At Fire Station Pernem,Fire Station Pernem
2026-01-08T00:54:28.916Z,GA07G2505 - Mid Size (Water Tender),15.5309333,74.1386233,0,STOP,At Fire Station Valpoi ,Fire Station Valpoi
2026-01-08T00:54:28.916Z,GA07G2504 - Mid Size (Water Tender),15.5893133,73.9465083,0,STOP,At Fire Station Bicholim ,Fire Station Bicholim
2026-01-08T00:54:28.916Z,GA07G2503-Mid Size (Water Tender),15.58997,73.80865,0,STOP,At Fire Station Mapusa,Fire Station Mapusa
2026-01-08T00:54:28.916Z,GA07G2502 - Mid Size (Water Tender),15.58982,73.8087483,0,STOP,At Fire Station Mapusa,Fire Force Headquarters
2026-01-08T00:55:26.281Z,GA 07 G 0680-PIL(QUICK RESPONSE VEHICLE),15.532865,73.7939283,0,STOP,At Fire Station Pilerne,Fire Station Pilerne
2026-01-08T00:55:26.281Z,GA07G2506 - Mid Size (Water Tender),15.500418,73.914055,0,STOP,At Fire Station Old Goa,Fire Station Old Goa
2026-01-08T00:55:26.281Z,GA 07 G 5115-POR(MINI WATER TENDER),15.523018,73.829498,0,STOP,At Porvorim Fire Station,Fire Station Porvorim
2026-01-08T00:55:26.281Z,GA 07 G 0350-MRG(WATER TENDER),15.269435,73.97068,0,STOP,At Fire Station Margoa,Fire Station Margao
2026-01-08T00:55:26.281Z,GA 07 G 2900-MAP(MINI RESCUE TENDER),15.59015,73.808701,0,STOP,At Fire Station Mapusa,Fire Station Mapusa
2026-01-08T00:55:26.281Z,GA 07 G 7600-FFHQ(WATER BOUSER),15.487355,73.817284,0,STOP,"Caculo Mall, 16 Shanta, St Inez Rd, Caculo Enclave, Santa Inez, Panaji, Goa (NW)",Fire Force Headquarters
2026-01-08T00:55:26.281Z,GA 07 G 2002-FFHQ(TURN TABLE LADDER),15.487413,73.8172,0,STOP,"Caculo Mall, 16 Shanta, St Inez Rd, Caculo Enclave, Santa Inez, Panaji, Goa (NW)",Fire Force Headquarters
2026-01-08T00:55:26.281Z,GA 07 G 7101-FFHQ(WATER TENDER),15.486933,73.817017,0,STOP,"Caculo Mall, 16 Shanta, St Inez Rd, Caculo Enclave, Santa Inez, Panaji, Goa (NW)",Fire Force Headquarters
2026-01-08T00:55:26.281Z,GA 07 G 7677-FFHQ(EMERGENCY RESCUE),15.487005,73.817436,0,STOP,"Caculo Mall, 16 Shanta, St Inez Rd, Caculo Enclave, Santa Inez, Panaji, Goa (NW)",Fire Force Headquarters
2026-01-08T00:55:26.281Z,GA 07 G 1121-PNJ(EMERGENCY RESCUE),15.487197,73.817276,0,STOP,"Caculo Mall, 16 Shanta, St Inez Rd, Caculo Enclave, Santa Inez, Panaji, Goa (NW)",Fire Station Panaji
2026-01-08T00:55:26.281Z,GA 07 G 1571-FFHQ(QUICK RESPONSE),15.486595,73.817528,0,STOP,"Caculo Mall, 16 Shanta, St Inez Rd, Caculo Enclave, Santa Inez, Panaji, Goa (SW)",Fire Force Headquarters
2026-01-08T00:55:26.281Z,GA 07 G 8101-MAP(WATER TENDER),15.589967,73.808762,0,STOP,At Fire Station Mapusa,Fire Station Mapusa
2026-01-08T00:55:26.281Z,GA 07 G 2317-MRG(EMERGENCY RESCUE TENDER),15.2693233,73.970125,0,STOP,At Fire Station Margoa,Fire Station Margao
2026-01-08T00:55:26.281Z,GA 07 G 1570-VAS(QUICK RESPONSE FIRE TENDER),15.4054016,73.8930833,0,STOP,"Mendies, National Highway 366, Goa (NE)",Fire Station Vasco
2026-01-08T00:55:26.281Z,GA 07 G 4101-VAS(MS WATER TENDER),15.3888216,73.8512533,0,INACTIVE,At Fire Station Vasco,Fire Station Vasco
2026-01-08T00:55:26.281Z,GA 07 G 0819-VAS(WATER/FOAM TENDER),15.3888067,73.8512617,0,IDLE,At Fire Station Vasco,Fire Station Vasco
2026-01-08T00:55:26.281Z,GA 07 G 7100-MRG(WATER BOUSER),15.2694416,73.9701166,0,STOP,At Fire Station Margoa,Fire Station Margao
2026-01-08T00:55:26.281Z,GA 07 G 1568-MRG(QUICK RESPONSE ),15.26936,73.9704583,0,STOP,At Fire Station Margoa,Fire Station Margao
2026-01-08T00:55:26.281Z,GA 07 G 6101-MRG(WATER TENDER),15.2694199,73.969955,0,STOP,At Fire Station Margoa,Fire Station Margao
2026-01-08T00:55:26.281Z,GA 07 G 1001-MRG(AERIAL LADDER PLATFORM),15.269385,73.97019,0,STOP,At Fire Station Margoa,Fire Station Margao
2026-01-08T00:55:26.281Z,GA 07 G 0820-BIC(WATER TEDNER),15.40271,74.0028017,0,STOP,At Fire Station Ponda ,Fire Station Bicholim
2026-01-08T00:55:26.281Z,GA 07 G 5101-OLG(MS WATER TENDER),15.5001633,73.914055,0,STOP,At Fire Station Old Goa,Fire Station Old Goa
2026-01-08T00:55:26.281Z,GA 07 G 3101-BIC(MS WATER TENDER),15.5894716,73.9465983,0,STOP,At Fire Station Bicholim ,Fire Station Bicholim
2026-01-08T00:55:26.281Z,GA 07 G 1941-BIC(QUICK RESPONSE),15.589475,73.9467283,0,STOP,At Fire Station Bicholim ,Fire Station Bicholim
2026-01-08T00:55:26.281Z,GA 07 G 2319-VAS (EMERGENCY RESCUE TENDER),15.3892083,73.8478433,0,INACTIVE,"155/C, near railway bridge, airport road, Alto-dabolim, Dabolim, Goa (SW)",Fire Station Vasco
2026-01-08T00:55:26.281Z,GA 07 G 3737-VAP(WATER TENDER),15.54645,74.0423016,0,STOP,"SH 1, Honda VP, Goa (SW)",Fire Station Valpoi
2026-01-08T00:55:26.281Z,GA 07 G 2318-PND(EMERGENCY RESCUE TENDER),15.402655,74.0030033,0,STOP,At Fire Station Ponda ,Fire Station Ponda
2026-01-08T00:55:26.281Z,GA 07 G 2004-PND(QUICK RESPONSE),15.4141016,73.9073083,0,INACTIVE,"Guru Hotel, Old Ferry Road, Agaçaim, Goa (SE)",Fire Station Ponda
2026-01-08T00:55:26.281Z,GA 07 G 9101-PND(WATER TENDER),15.4022033,74.0029466,0,STOP,At Fire Station Ponda ,Fire Station Ponda
2026-01-08T00:55:26.281Z,GA 07 G 9797-PND(WATER BOUSER),15.4027433,74.0028966,0,IDLE,At Fire Station Ponda ,Fire Station Ponda
2026-01-08T00:55:26.281Z,GA 07 G 6363-CAN(WATER TENDER),15.0236383,74.0440666,0,STOP,"Canacona, The Lalitrajbaga ,Canacona, Canacona, Goa (NE)",Fire Station Canacona
2026-01-08T00:55:26.281Z,GA 07 G 1567-CAN(QUICK RESPONSE FT),15.0163433,74.0396166,39,INACTIVE,"Canacona, The Lalitrajbaga ,Canacona, Canacona, Goa (SW)",Fire Station Canacona
2026-01-08T00:55:26.281Z,GA 07 G 1569-VRN(QUICK RESPONSE),15.3696816,73.9356849,0,STOP,At Fire Station Verna,Fire Station Verna
2026-01-08T00:55:26.281Z,GA 07 G 9909-VRN(ADVANCE MULTI-PURPOSE),15.36962,73.9357333,0,STOP,At Fire Station Verna,Fire Station Verna
2026-01-08T00:55:26.281Z,GA 07 G 1942-VAP(QUICK RESPONSE),15.531045,74.1388183,0,STOP,At Fire Station Valpoi ,Fire Station Valpoi
2026-01-08T00:55:26.281Z,GA 07 G 2003-CUR(QUICK RESPONSE),15.2603983,74.1037433,0,STOP,At Fire Station Curchorem,Fire Station Curchorem
2026-01-08T00:55:26.281Z,GA 07 G 7447-CUR(EMERGENCY RESCUE),15.2604233,74.10376,0,STOP,At Fire Station Curchorem,Fire Station Curchorem
2026-01-08T00:55:26.281Z,GA 07 G 7557-CUR(WATER TENDER),15.260345,74.1037183,0,STOP,At Fire Station Curchorem,Fire Station Curchorem
2026-01-08T00:55:26.281Z,GA 07 G 7667-CUR(WATER BOUSER),15.26034,74.1038333,0,STOP,At Fire Station Curchorem,Fire Station Curchorem
2026-01-08T00:55:26.281Z,GA 07 G 4989-KUN(WATER TENDER),15.4631883,73.9726567,0,STOP,At Fire Station Kundaim,Fire Station Kundaim
2026-01-08T00:55:26.281Z,GA 07 G 2242-PIL(WATER TENDER),15.53297,73.7940744,0,STOP,At Fire Station Pilerne,Fire Station Pilerne
2026-01-08T00:55:26.281Z,GA 07 G 0681-MAP(QUICK RESPONSE),15.589765,73.808805,0,STOP,At Fire Station Mapusa,Fire Station Mapusa
2026-01-08T00:55:26.281Z,GA 07 G 0307-PER(QUICK RESPONSE),15.7164939,73.7974239,0,INACTIVE,At Fire Station Pernem,Fire Station Pernem
2026-01-08T00:55:26.281Z,GA 07 G 2101-PER(MS WATER TENDER),15.7164339,73.7974506,0,STOP,At Fire Station Pernem,Fire Station Pernem
2026-01-08T00:55:26.281Z,GA 07 G 4600-PER(MINI RESCUE TENDER),15.7165006,73.7975322,0,STOP,At Fire Station Pernem,Fire Station Pernem
2026-01-08T00:55:26.281Z,GA 07 G 7272-PNJ(WATER TENDER),15.4871567,73.8173333,0,STOP,"Caculo Mall, 16 Shanta, St Inez Rd, Caculo Enclave, Santa Inez, Panaji, Goa (NW)",Fire Station Panaji
2026-01-08T00:55:26.281Z,GA07G2384- Cuncolim,15.1862711,74.0209944,0,STOP,At Fire Station Cuncolim,Fire Station Cuncolim
2026-01-08T00:55:26.281Z,GA07G2507 - Mid Size (Water Tender),15.71641,73.79755,0,STOP,At Fire Station Pernem,Fire Station Pernem
2026-01-08T00:55:26.281Z,GA07G2505 - Mid Size (Water Tender),15.5309333,74.1386233,0,STOP,At Fire Station Valpoi ,Fire Station Valpoi
2026-01-08T00:55:26.281Z,GA07G2504 - Mid Size (Water Tender),15.5893133,73.9465083,0,STOP,At Fire Station Bicholim ,Fire Station Bicholim
2026-01-08T00:55:26.281Z,GA07G2503-Mid Size (Water Tender),15.58997,73.80865,0,STOP,At Fire Station Mapusa,Fire Station Mapusa
2026-01-08T00:55:26.281Z,GA07G2502 - Mid Size (Water Tender),15.58982,73.8087483,0,STOP,At Fire Station Mapusa,Fire Force Headquarters
2026-01-08T00:56:24.978Z,GA 07 G 0680-PIL(QUICK RESPONSE VEHICLE),15.532865,73.7939283,0,STOP,At Fire Station Pilerne,Fire Station Pilerne
2026-01-08T00:56:24.978Z,GA07G2506 - Mid Size (Water Tender),15.500418,73.914055,0,STOP,At Fire Station Old Goa,Fire Station Old Goa
2026-01-08T00:56:24.978Z,GA 07 G 5115-POR(MINI WATER TENDER),15.523018,73.829498,0,STOP,At Porvorim Fire Station,Fire Station Porvorim
2026-01-08T00:56:24.978Z,GA 07 G 0350-MRG(WATER TENDER),15.269435,73.97068,0,STOP,At Fire Station Margoa,Fire Station Margao
2026-01-08T00:56:24.978Z,GA 07 G 2900-MAP(MINI RESCUE TENDER),15.59015,73.808701,0,STOP,At Fire Station Mapusa,Fire Station Mapusa
2026-01-08T00:56:24.978Z,GA 07 G 7600-FFHQ(WATER BOUSER),15.487355,73.817284,0,STOP,"Caculo Mall, 16 Shanta, St Inez Rd, Caculo Enclave, Santa Inez, Panaji, Goa (NW)",Fire Force Headquarters
2026-01-08T00:56:24.978Z,GA 07 G 2002-FFHQ(TURN TABLE LADDER),15.487413,73.8172,0,STOP,"Caculo Mall, 16 Shanta, St Inez Rd, Caculo Enclave, Santa Inez, Panaji, Goa (NW)",Fire Force Headquarters
2026-01-08T00:56:24.978Z,GA 07 G 7101-FFHQ(WATER TENDER),15.486933,73.817017,0,STOP,"Caculo Mall, 16 Shanta, St Inez Rd, Caculo Enclave, Santa Inez, Panaji, Goa (NW)",Fire Force Headquarters
2026-01-08T00:56:24.978Z,GA 07 G 7677-FFHQ(EMERGENCY RESCUE),15.487005,73.817436,0,STOP,"Caculo Mall, 16 Shanta, St Inez Rd, Caculo Enclave, Santa Inez, Panaji, Goa (NW)",Fire Force Headquarters
2026-01-08T00:56:24.978Z,GA 07 G 1121-PNJ(EMERGENCY RESCUE),15.487197,73.817276,0,STOP,"Caculo Mall, 16 Shanta, St Inez Rd, Caculo Enclave, Santa Inez, Panaji, Goa (NW)",Fire Station Panaji
2026-01-08T00:56:24.978Z,GA 07 G 1571-FFHQ(QUICK RESPONSE),15.486595,73.817528,0,STOP,"Caculo Mall, 16 Shanta, St Inez Rd, Caculo Enclave, Santa Inez, Panaji, Goa (SW)",Fire Force Headquarters
2026-01-08T00:56:24.978Z,GA 07 G 8101-MAP(WATER TENDER),15.589967,73.808762,0,STOP,At Fire Station Mapusa,Fire Station Mapusa
2026-01-08T00:56:24.978Z,GA 07 G 2317-MRG(EMERGENCY RESCUE TENDER),15.2692866,73.9700033,0,STOP,At Fire Station Margoa,Fire Station Margao
2026-01-08T00:56:24.978Z,GA 07 G 1570-VAS(QUICK RESPONSE FIRE TENDER),15.4054016,73.8930833,0,STOP,"Mendies, National Highway 366, Goa (NE)",Fire Station Vasco
2026-01-08T00:56:24.978Z,GA 07 G 4101-VAS(MS WATER TENDER),15.3888216,73.8512533,0,INACTIVE,At Fire Station Vasco,Fire Station Vasco
2026-01-08T00:56:24.978Z,GA 07 G 0819-VAS(WATER/FOAM TENDER),15.3888067,73.8512617,0,IDLE,At Fire Station Vasco,Fire Station Vasco
2026-01-08T00:56:24.978Z,GA 07 G 7100-MRG(WATER BOUSER),15.2694416,73.9701166,0,STOP,At Fire Station Margoa,Fire Station Margao
2026-01-08T00:56:24.978Z,GA 07 G 1568-MRG(QUICK RESPONSE ),15.26936,73.9704583,0,STOP,At Fire Station Margoa,Fire Station Margao
2026-01-08T00:56:24.978Z,GA 07 G 6101-MRG(WATER TENDER),15.2694199,73.969955,0,STOP,At Fire Station Margoa,Fire Station Margao
2026-01-08T00:56:24.978Z,GA 07 G 1001-MRG(AERIAL LADDER PLATFORM),15.269385,73.97019,0,STOP,At Fire Station Margoa,Fire Station Margao
2026-01-08T00:56:24.978Z,GA 07 G 0820-BIC(WATER TEDNER),15.40271,74.0028017,0,STOP,At Fire Station Ponda ,Fire Station Bicholim
2026-01-08T00:56:24.978Z,GA 07 G 5101-OLG(MS WATER TENDER),15.5001633,73.914055,0,STOP,At Fire Station Old Goa,Fire Station Old Goa
2026-01-08T00:56:24.978Z,GA 07 G 3101-BIC(MS WATER TENDER),15.5894716,73.9465983,0,STOP,At Fire Station Bicholim ,Fire Station Bicholim
2026-01-08T00:56:24.978Z,GA 07 G 1941-BIC(QUICK RESPONSE),15.589475,73.9467283,0,STOP,At Fire Station Bicholim ,Fire Station Bicholim
2026-01-08T00:56:24.978Z,GA 07 G 2319-VAS (EMERGENCY RESCUE TENDER),15.3892083,73.8478433,0,INACTIVE,"155/C, near railway bridge, airport road, Alto-dabolim, Dabolim, Goa (SW)",Fire Station Vasco
2026-01-08T00:56:24.978Z,GA 07 G 3737-VAP(WATER TENDER),15.54645,74.0423016,0,STOP,"SH 1, Honda VP, Goa (SW)",Fire Station Valpoi
2026-01-08T00:56:24.978Z,GA 07 G 2318-PND(EMERGENCY RESCUE TENDER),15.402655,74.0030033,0,STOP,At Fire Station Ponda ,Fire Station Ponda
2026-01-08T00:56:24.978Z,GA 07 G 2004-PND(QUICK RESPONSE),15.4141016,73.9073083,0,INACTIVE,"Guru Hotel, Old Ferry Road, Agaçaim, Goa (SE)",Fire Station Ponda
2026-01-08T00:56:24.978Z,GA 07 G 9101-PND(WATER TENDER),15.4022033,74.0029466,0,STOP,At Fire Station Ponda ,Fire Station Ponda
2026-01-08T00:56:24.978Z,GA 07 G 9797-PND(WATER BOUSER),15.4027433,74.0028966,0,IDLE,At Fire Station Ponda ,Fire Station Ponda
2026-01-08T00:56:24.978Z,GA 07 G 6363-CAN(WATER TENDER),15.0236383,74.0440666,0,STOP,"Canacona, The Lalitrajbaga ,Canacona, Canacona, Goa (NE)",Fire Station Canacona
2026-01-08T00:56:24.978Z,GA 07 G 1567-CAN(QUICK RESPONSE FT),15.0163433,74.0396166,39,INACTIVE,"Canacona, The Lalitrajbaga ,Canacona, Canacona, Goa (SW)",Fire Station Canacona
2026-01-08T00:56:24.978Z,GA 07 G 1569-VRN(QUICK RESPONSE),15.3696816,73.9356849,0,STOP,At Fire Station Verna,Fire Station Verna
2026-01-08T00:56:24.978Z,GA 07 G 9909-VRN(ADVANCE MULTI-PURPOSE),15.36962,73.9357333,0,STOP,At Fire Station Verna,Fire Station Verna
2026-01-08T00:56:24.978Z,GA 07 G 1942-VAP(QUICK RESPONSE),15.531045,74.1388183,0,STOP,At Fire Station Valpoi ,Fire Station Valpoi
2026-01-08T00:56:24.978Z,GA 07 G 2003-CUR(QUICK RESPONSE),15.2603983,74.1037433,0,STOP,At Fire Station Curchorem,Fire Station Curchorem
2026-01-08T00:56:24.978Z,GA 07 G 7447-CUR(EMERGENCY RESCUE),15.2604233,74.10376,0,STOP,At Fire Station Curchorem,Fire Station Curchorem
2026-01-08T00:56:24.978Z,GA 07 G 7557-CUR(WATER TENDER),15.260345,74.1037183,0,STOP,At Fire Station Curchorem,Fire Station Curchorem
2026-01-08T00:56:24.978Z,GA 07 G 7667-CUR(WATER BOUSER),15.26034,74.1038333,0,STOP,At Fire Station Curchorem,Fire Station Curchorem
2026-01-08T00:56:24.978Z,GA 07 G 4989-KUN(WATER TENDER),15.4631883,73.9726567,0,STOP,At Fire Station Kundaim,Fire Station Kundaim
2026-01-08T00:56:24.978Z,GA 07 G 2242-PIL(WATER TENDER),15.53297,73.7940744,0,STOP,At Fire Station Pilerne,Fire Station Pilerne
2026-01-08T00:56:24.978Z,GA 07 G 0681-MAP(QUICK RESPONSE),15.589765,73.808805,0,STOP,At Fire Station Mapusa,Fire Station Mapusa
2026-01-08T00:56:24.978Z,GA 07 G 0307-PER(QUICK RESPONSE),15.7164939,73.7974239,0,INACTIVE,At Fire Station Pernem,Fire Station Pernem
2026-01-08T00:56:24.978Z,GA 07 G 2101-PER(MS WATER TENDER),15.7164339,73.7974506,0,STOP,At Fire Station Pernem,Fire Station Pernem
2026-01-08T00:56:24.978Z,GA 07 G 4600-PER(MINI RESCUE TENDER),15.7165006,73.7975322,0,STOP,At Fire Station Pernem,Fire Station Pernem
2026-01-08T00:56:24.978Z,GA 07 G 7272-PNJ(WATER TENDER),15.4871567,73.8173333,0,STOP,"Caculo Mall, 16 Shanta, St Inez Rd, Caculo Enclave, Santa Inez, Panaji, Goa (NW)",Fire Station Panaji
2026-01-08T00:56:24.978Z,GA07G2384- Cuncolim,15.1862711,74.0209944,0,STOP,At Fire Station Cuncolim,Fire Station Cuncolim
2026-01-08T00:56:24.978Z,GA07G2507 - Mid Size (Water Tender),15.71641,73.79755,0,STOP,At Fire Station Pernem,Fire Station Pernem
2026-01-08T00:56:24.978Z,GA07G2505 - Mid Size (Water Tender),15.5309333,74.1386233,0,STOP,At Fire Station Valpoi ,Fire Station Valpoi
2026-01-08T00:56:24.978Z,GA07G2504 - Mid Size (Water Tender),15.5893133,73.9465083,0,STOP,At Fire Station Bicholim ,Fire Station Bicholim
2026-01-08T00:56:24.978Z,GA07G2503-Mid Size (Water Tender),15.58997,73.80865,0,STOP,At Fire Station Mapusa,Fire Station Mapusa
2026-01-08T00:56:24.978Z,GA07G2502 - Mid Size (Water Tender),15.58982,73.8087483,0,STOP,At Fire Station Mapusa,Fire Force Headquarters
2026-01-08T00:57:26.808Z,GA 07 G 0680-PIL(QUICK RESPONSE VEHICLE),15.532865,73.7939283,0,STOP,At Fire Station Pilerne,Fire Station Pilerne
2026-01-08T00:57:26.808Z,GA07G2506 - Mid Size (Water Tender),15.500418,73.914055,0,STOP,At Fire Station Old Goa,Fire Station Old Goa
2026-01-08T00:57:26.808Z,GA 07 G 5115-POR(MINI WATER TENDER),15.523018,73.829498,0,STOP,At Porvorim Fire Station,Fire Station Porvorim
2026-01-08T00:57:26.808Z,GA 07 G 0350-MRG(WATER TENDER),15.269435,73.97068,0,STOP,At Fire Station Margoa,Fire Station Margao
2026-01-08T00:57:26.808Z,GA 07 G 2900-MAP(MINI RESCUE TENDER),15.59015,73.808701,0,STOP,At Fire Station Mapusa,Fire Station Mapusa
2026-01-08T00:57:26.808Z,GA 07 G 7600-FFHQ(WATER BOUSER),15.487355,73.817284,0,STOP,"Caculo Mall, 16 Shanta, St Inez Rd, Caculo Enclave, Santa Inez, Panaji, Goa (NW)",Fire Force Headquarters
2026-01-08T00:57:26.808Z,GA 07 G 2002-FFHQ(TURN TABLE LADDER),15.487413,73.8172,0,STOP,"Caculo Mall, 16 Shanta, St Inez Rd, Caculo Enclave, Santa Inez, Panaji, Goa (NW)",Fire Force Headquarters
2026-01-08T00:57:26.808Z,GA 07 G 7101-FFHQ(WATER TENDER),15.486933,73.817017,0,STOP,"Caculo Mall, 16 Shanta, St Inez Rd, Caculo Enclave, Santa Inez, Panaji, Goa (NW)",Fire Force Headquarters
2026-01-08T00:57:26.808Z,GA 07 G 7677-FFHQ(EMERGENCY RESCUE),15.487005,73.817436,0,STOP,"Caculo Mall, 16 Shanta, St Inez Rd, Caculo Enclave, Santa Inez, Panaji, Goa (NW)",Fire Force Headquarters
2026-01-08T00:57:26.808Z,GA 07 G 1121-PNJ(EMERGENCY RESCUE),15.487197,73.817276,0,STOP,"Caculo Mall, 16 Shanta, St Inez Rd, Caculo Enclave, Santa Inez, Panaji, Goa (NW)",Fire Station Panaji
2026-01-08T00:57:26.808Z,GA 07 G 1571-FFHQ(QUICK RESPONSE),15.486595,73.817528,0,STOP,"Caculo Mall, 16 Shanta, St Inez Rd, Caculo Enclave, Santa Inez, Panaji, Goa (SW)",Fire Force Headquarters
2026-01-08T00:57:26.808Z,GA 07 G 8101-MAP(WATER TENDER),15.589967,73.808762,0,STOP,At Fire Station Mapusa,Fire Station Mapusa
2026-01-08T00:57:26.808Z,GA 07 G 2317-MRG(EMERGENCY RESCUE TENDER),15.2692866,73.9700033,0,STOP,At Fire Station Margoa,Fire Station Margao
2026-01-08T00:57:26.808Z,GA 07 G 1570-VAS(QUICK RESPONSE FIRE TENDER),15.4054016,73.8930833,0,STOP,"Mendies, National Highway 366, Goa (NE)",Fire Station Vasco
2026-01-08T00:57:26.808Z,GA 07 G 4101-VAS(MS WATER TENDER),15.3888216,73.8512533,0,INACTIVE,At Fire Station Vasco,Fire Station Vasco
2026-01-08T00:57:26.808Z,GA 07 G 0819-VAS(WATER/FOAM TENDER),15.3888067,73.8512617,0,IDLE,At Fire Station Vasco,Fire Station Vasco
2026-01-08T00:57:26.808Z,GA 07 G 7100-MRG(WATER BOUSER),15.2694416,73.9701166,0,STOP,At Fire Station Margoa,Fire Station Margao
2026-01-08T00:57:26.808Z,GA 07 G 1568-MRG(QUICK RESPONSE ),15.26936,73.9704583,0,STOP,At Fire Station Margoa,Fire Station Margao
2026-01-08T00:57:26.808Z,GA 07 G 6101-MRG(WATER TENDER),15.2694199,73.969955,0,STOP,At Fire Station Margoa,Fire Station Margao
2026-01-08T00:57:26.808Z,GA 07 G 1001-MRG(AERIAL LADDER PLATFORM),15.269385,73.97019,0,STOP,At Fire Station Margoa,Fire Station Margao
2026-01-08T00:57:26.808Z,GA 07 G 0820-BIC(WATER TEDNER),15.40271,74.0028017,0,STOP,At Fire Station Ponda ,Fire Station Bicholim
2026-01-08T00:57:26.808Z,GA 07 G 5101-OLG(MS WATER TENDER),15.5001633,73.914055,0,STOP,At Fire Station Old Goa,Fire Station Old Goa
2026-01-08T00:57:26.808Z,GA 07 G 3101-BIC(MS WATER TENDER),15.5894716,73.9465983,0,STOP,At Fire Station Bicholim ,Fire Station Bicholim
2026-01-08T00:57:26.808Z,GA 07 G 1941-BIC(QUICK RESPONSE),15.589475,73.9467283,0,STOP,At Fire Station Bicholim ,Fire Station Bicholim
2026-01-08T00:57:26.808Z,GA 07 G 2319-VAS (EMERGENCY RESCUE TENDER),15.3892083,73.8478433,0,INACTIVE,"155/C, near railway bridge, airport road, Alto-dabolim, Dabolim, Goa (SW)",Fire Station Vasco
2026-01-08T00:57:26.808Z,GA 07 G 3737-VAP(WATER TENDER),15.54645,74.0423016,0,STOP,"SH 1, Honda VP, Goa (SW)",Fire Station Valpoi
2026-01-08T00:57:26.808Z,GA 07 G 2318-PND(EMERGENCY RESCUE TENDER),15.402655,74.0030033,0,STOP,At Fire Station Ponda ,Fire Station Ponda
2026-01-08T00:57:26.808Z,GA 07 G 2004-PND(QUICK RESPONSE),15.4141016,73.9073083,0,INACTIVE,"Guru Hotel, Old Ferry Road, Agaçaim, Goa (SE)",Fire Station Ponda
2026-01-08T00:57:26.808Z,GA 07 G 9101-PND(WATER TENDER),15.4022033,74.0029466,0,STOP,At Fire Station Ponda ,Fire Station Ponda
2026-01-08T00:57:26.808Z,GA 07 G 9797-PND(WATER BOUSER),15.4027433,74.0028966,0,IDLE,At Fire Station Ponda ,Fire Station Ponda
2026-01-08T00:57:26.808Z,GA 07 G 6363-CAN(WATER TENDER),15.0236383,74.0440666,0,STOP,"Canacona, The Lalitrajbaga ,Canacona, Canacona, Goa (NE)",Fire Station Canacona
2026-01-08T00:57:26.808Z,GA 07 G 1567-CAN(QUICK RESPONSE FT),15.0163433,74.0396166,39,INACTIVE,"Canacona, The Lalitrajbaga ,Canacona, Canacona, Goa (SW)",Fire Station Canacona
2026-01-08T00:57:26.808Z,GA 07 G 1569-VRN(QUICK RESPONSE),15.3696816,73.9356849,0,STOP,At Fire Station Verna,Fire Station Verna
2026-01-08T00:57:26.808Z,GA 07 G 9909-VRN(ADVANCE MULTI-PURPOSE),15.36962,73.9357333,0,STOP,At Fire Station Verna,Fire Station Verna
2026-01-08T00:57:26.808Z,GA 07 G 1942-VAP(QUICK RESPONSE),15.531045,74.1388183,0,STOP,At Fire Station Valpoi ,Fire Station Valpoi
2026-01-08T00:57:26.808Z,GA 07 G 2003-CUR(QUICK RESPONSE),15.2603983,74.1037433,0,STOP,At Fire Station Curchorem,Fire Station Curchorem
2026-01-08T00:57:26.808Z,GA 07 G 7447-CUR(EMERGENCY RESCUE),15.2604233,74.10376,0,STOP,At Fire Station Curchorem,Fire Station Curchorem
2026-01-08T00:57:26.808Z,GA 07 G 7557-CUR(WATER TENDER),15.260345,74.1037183,0,STOP,At Fire Station Curchorem,Fire Station Curchorem
2026-01-08T00:57:26.808Z,GA 07 G 7667-CUR(WATER BOUSER),15.26034,74.1038333,0,STOP,At Fire Station Curchorem,Fire Station Curchorem
2026-01-08T00:57:26.808Z,GA 07 G 4989-KUN(WATER TENDER),15.4631883,73.9726567,0,STOP,At Fire Station Kundaim,Fire Station Kundaim
2026-01-08T00:57:26.808Z,GA 07 G 2242-PIL(WATER TENDER),15.53297,73.7940744,0,STOP,At Fire Station Pilerne,Fire Station Pilerne
2026-01-08T00:57:26.808Z,GA 07 G 0681-MAP(QUICK RESPONSE),15.589765,73.808805,0,STOP,At Fire Station Mapusa,Fire Station Mapusa
2026-01-08T00:57:26.808Z,GA 07 G 0307-PER(QUICK RESPONSE),15.7164939,73.7974239,0,INACTIVE,At Fire Station Pernem,Fire Station Pernem
2026-01-08T00:57:26.808Z,GA 07 G 2101-PER(MS WATER TENDER),15.7164339,73.7974506,0,STOP,At Fire Station Pernem,Fire Station Pernem
2026-01-08T00:57:26.808Z,GA 07 G 4600-PER(MINI RESCUE TENDER),15.7165006,73.7975322,0,STOP,At Fire Station Pernem,Fire Station Pernem
2026-01-08T00:57:26.808Z,GA 07 G 7272-PNJ(WATER TENDER),15.4871567,73.8173333,0,STOP,"Caculo Mall, 16 Shanta, St Inez Rd, Caculo Enclave, Santa Inez, Panaji, Goa (NW)",Fire Station Panaji
2026-01-08T00:57:26.808Z,GA07G2384- Cuncolim,15.1862711,74.0209944,0,STOP,At Fire Station Cuncolim,Fire Station Cuncolim
2026-01-08T00:57:26.808Z,GA07G2507 - Mid Size (Water Tender),15.71641,73.79755,0,STOP,At Fire Station Pernem,Fire Station Pernem
2026-01-08T00:57:26.808Z,GA07G2505 - Mid Size (Water Tender),15.5309333,74.1386233,0,STOP,At Fire Station Valpoi ,Fire Station Valpoi
2026-01-08T00:57:26.808Z,GA07G2504 - Mid Size (Water Tender),15.5893133,73.9465083,0,STOP,At Fire Station Bicholim ,Fire Station Bicholim
2026-01-08T00:57:26.808Z,GA07G2503-Mid Size (Water Tender),15.58997,73.80865,0,STOP,At Fire Station Mapusa,Fire Station Mapusa
2026-01-08T00:57:26.808Z,GA07G2502 - Mid Size (Water Tender),15.58982,73.8087483,0,STOP,At Fire Station Mapusa,Fire Force Headquarters
2026-01-08T00:58:28.582Z,GA 07 G 0680-PIL(QUICK RESPONSE VEHICLE),15.532865,73.7939283,0,STOP,At Fire Station Pilerne,Fire Station Pilerne
2026-01-08T00:58:28.582Z,GA07G2506 - Mid Size (Water Tender),15.500418,73.914055,0,STOP,At Fire Station Old Goa,Fire Station Old Goa
2026-01-08T00:58:28.582Z,GA 07 G 5115-POR(MINI WATER TENDER),15.523018,73.829498,0,STOP,At Porvorim Fire Station,Fire Station Porvorim
2026-01-08T00:58:28.582Z,GA 07 G 0350-MRG(WATER TENDER),15.269435,73.97068,0,STOP,At Fire Station Margoa,Fire Station Margao
2026-01-08T00:58:28.582Z,GA 07 G 2900-MAP(MINI RESCUE TENDER),15.59015,73.808701,0,STOP,At Fire Station Mapusa,Fire Station Mapusa
2026-01-08T00:58:28.582Z,GA 07 G 7600-FFHQ(WATER BOUSER),15.487355,73.817284,0,STOP,"Caculo Mall, 16 Shanta, St Inez Rd, Caculo Enclave, Santa Inez, Panaji, Goa (NW)",Fire Force Headquarters
2026-01-08T00:58:28.582Z,GA 07 G 2002-FFHQ(TURN TABLE LADDER),15.487413,73.8172,0,STOP,"Caculo Mall, 16 Shanta, St Inez Rd, Caculo Enclave, Santa Inez, Panaji, Goa (NW)",Fire Force Headquarters
2026-01-08T00:58:28.582Z,GA 07 G 7101-FFHQ(WATER TENDER),15.486933,73.817017,0,STOP,"Caculo Mall, 16 Shanta, St Inez Rd, Caculo Enclave, Santa Inez, Panaji, Goa (NW)",Fire Force Headquarters
2026-01-08T00:58:28.582Z,GA 07 G 7677-FFHQ(EMERGENCY RESCUE),15.487005,73.817436,0,STOP,"Caculo Mall, 16 Shanta, St Inez Rd, Caculo Enclave, Santa Inez, Panaji, Goa (NW)",Fire Force Headquarters
2026-01-08T00:58:28.582Z,GA 07 G 1121-PNJ(EMERGENCY RESCUE),15.487197,73.817276,0,STOP,"Caculo Mall, 16 Shanta, St Inez Rd, Caculo Enclave, Santa Inez, Panaji, Goa (NW)",Fire Station Panaji
2026-01-08T00:58:28.582Z,GA 07 G 1571-FFHQ(QUICK RESPONSE),15.486595,73.817528,0,STOP,"Caculo Mall, 16 Shanta, St Inez Rd, Caculo Enclave, Santa Inez, Panaji, Goa (SW)",Fire Force Headquarters
2026-01-08T00:58:28.582Z,GA 07 G 8101-MAP(WATER TENDER),15.589967,73.808762,0,STOP,At Fire Station Mapusa,Fire Station Mapusa
2026-01-08T00:58:28.582Z,GA 07 G 2317-MRG(EMERGENCY RESCUE TENDER),15.2692816,73.969955,0,STOP,At Fire Station Margoa,Fire Station Margao
2026-01-08T00:58:28.582Z,GA 07 G 1570-VAS(QUICK RESPONSE FIRE TENDER),15.4054016,73.8930833,0,STOP,"Mendies, National Highway 366, Goa (NE)",Fire Station Vasco
2026-01-08T00:58:28.582Z,GA 07 G 4101-VAS(MS WATER TENDER),15.3888216,73.8512533,0,INACTIVE,At Fire Station Vasco,Fire Station Vasco
2026-01-08T00:58:28.582Z,GA 07 G 0819-VAS(WATER/FOAM TENDER),15.3888067,73.8512617,0,IDLE,At Fire Station Vasco,Fire Station Vasco
2026-01-08T00:58:28.582Z,GA 07 G 7100-MRG(WATER BOUSER),15.2694416,73.9701166,0,STOP,At Fire Station Margoa,Fire Station Margao
2026-01-08T00:58:28.582Z,GA 07 G 1568-MRG(QUICK RESPONSE ),15.26936,73.9704583,0,STOP,At Fire Station Margoa,Fire Station Margao
2026-01-08T00:58:28.582Z,GA 07 G 6101-MRG(WATER TENDER),15.2694199,73.969955,0,STOP,At Fire Station Margoa,Fire Station Margao
2026-01-08T00:58:28.582Z,GA 07 G 1001-MRG(AERIAL LADDER PLATFORM),15.269385,73.97019,0,STOP,At Fire Station Margoa,Fire Station Margao
2026-01-08T00:58:28.582Z,GA 07 G 0820-BIC(WATER TEDNER),15.40271,74.0028017,0,STOP,At Fire Station Ponda ,Fire Station Bicholim
2026-01-08T00:58:28.582Z,GA 07 G 5101-OLG(MS WATER TENDER),15.5001633,73.914055,0,STOP,At Fire Station Old Goa,Fire Station Old Goa
2026-01-08T00:58:28.582Z,GA 07 G 3101-BIC(MS WATER TENDER),15.5894716,73.9465983,0,STOP,At Fire Station Bicholim ,Fire Station Bicholim
2026-01-08T00:58:28.582Z,GA 07 G 1941-BIC(QUICK RESPONSE),15.589475,73.9467283,0,STOP,At Fire Station Bicholim ,Fire Station Bicholim
2026-01-08T00:58:28.582Z,GA 07 G 2319-VAS (EMERGENCY RESCUE TENDER),15.3892083,73.8478433,0,INACTIVE,"155/C, near railway bridge, airport road, Alto-dabolim, Dabolim, Goa (SW)",Fire Station Vasco
2026-01-08T00:58:28.582Z,GA 07 G 3737-VAP(WATER TENDER),15.54645,74.0423016,0,STOP,"SH 1, Honda VP, Goa (SW)",Fire Station Valpoi
2026-01-08T00:58:28.582Z,GA 07 G 2318-PND(EMERGENCY RESCUE TENDER),15.402655,74.0030033,0,STOP,At Fire Station Ponda ,Fire Station Ponda
2026-01-08T00:58:28.582Z,GA 07 G 2004-PND(QUICK RESPONSE),15.4141016,73.9073083,0,INACTIVE,"Guru Hotel, Old Ferry Road, Agaçaim, Goa (SE)",Fire Station Ponda
2026-01-08T00:58:28.582Z,GA 07 G 9101-PND(WATER TENDER),15.4022033,74.0029466,0,STOP,At Fire Station Ponda ,Fire Station Ponda
2026-01-08T00:58:28.582Z,GA 07 G 9797-PND(WATER BOUSER),15.4027433,74.0028966,0,IDLE,At Fire Station Ponda ,Fire Station Ponda
2026-01-08T00:58:28.582Z,GA 07 G 6363-CAN(WATER TENDER),15.0236383,74.0440666,0,STOP,"Canacona, The Lalitrajbaga ,Canacona, Canacona, Goa (NE)",Fire Station Canacona
2026-01-08T00:58:28.582Z,GA 07 G 1567-CAN(QUICK RESPONSE FT),15.0163433,74.0396166,39,INACTIVE,"Canacona, The Lalitrajbaga ,Canacona, Canacona, Goa (SW)",Fire Station Canacona
2026-01-08T00:58:28.582Z,GA 07 G 1569-VRN(QUICK RESPONSE),15.3696816,73.9356849,0,STOP,At Fire Station Verna,Fire Station Verna
2026-01-08T00:58:28.582Z,GA 07 G 9909-VRN(ADVANCE MULTI-PURPOSE),15.36962,73.9357333,0,STOP,At Fire Station Verna,Fire Station Verna
2026-01-08T00:58:28.582Z,GA 07 G 1942-VAP(QUICK RESPONSE),15.531045,74.1388183,0,STOP,At Fire Station Valpoi ,Fire Station Valpoi
2026-01-08T00:58:28.582Z,GA 07 G 2003-CUR(QUICK RESPONSE),15.2603983,74.1037433,0,STOP,At Fire Station Curchorem,Fire Station Curchorem
2026-01-08T00:58:28.582Z,GA 07 G 7447-CUR(EMERGENCY RESCUE),15.2604233,74.10376,0,STOP,At Fire Station Curchorem,Fire Station Curchorem
2026-01-08T00:58:28.582Z,GA 07 G 7557-CUR(WATER TENDER),15.260345,74.1037183,0,STOP,At Fire Station Curchorem,Fire Station Curchorem
2026-01-08T00:58:28.582Z,GA 07 G 7667-CUR(WATER BOUSER),15.26034,74.1038333,0,STOP,At Fire Station Curchorem,Fire Station Curchorem
2026-01-08T00:58:28.582Z,GA 07 G 4989-KUN(WATER TENDER),15.4631883,73.9726567,0,STOP,At Fire Station Kundaim,Fire Station Kundaim
2026-01-08T00:58:28.582Z,GA 07 G 2242-PIL(WATER TENDER),15.53297,73.7940744,0,STOP,At Fire Station Pilerne,Fire Station Pilerne
2026-01-08T00:58:28.582Z,GA 07 G 0681-MAP(QUICK RESPONSE),15.589765,73.808805,0,STOP,At Fire Station Mapusa,Fire Station Mapusa
2026-01-08T00:58:28.582Z,GA 07 G 0307-PER(QUICK RESPONSE),15.7164939,73.7974239,0,INACTIVE,At Fire Station Pernem,Fire Station Pernem
2026-01-08T00:58:28.582Z,GA 07 G 2101-PER(MS WATER TENDER),15.7164339,73.7974506,0,STOP,At Fire Station Pernem,Fire Station Pernem
2026-01-08T00:58:28.582Z,GA 07 G 4600-PER(MINI RESCUE TENDER),15.7165006,73.7975322,0,STOP,At Fire Station Pernem,Fire Station Pernem
2026-01-08T00:58:28.582Z,GA 07 G 7272-PNJ(WATER TENDER),15.4871567,73.8173333,0,STOP,"Caculo Mall, 16 Shanta, St Inez Rd, Caculo Enclave, Santa Inez, Panaji, Goa (NW)",Fire Station Panaji
2026-01-08T00:58:28.582Z,GA07G2384- Cuncolim,15.1862711,74.0209944,0,STOP,At Fire Station Cuncolim,Fire Station Cuncolim
2026-01-08T00:58:28.582Z,GA07G2507 - Mid Size (Water Tender),15.71641,73.79755,0,STOP,At Fire Station Pernem,Fire Station Pernem
2026-01-08T00:58:28.582Z,GA07G2505 - Mid Size (Water Tender),15.5309333,74.1386233,0,STOP,At Fire Station Valpoi ,Fire Station Valpoi
2026-01-08T00:58:28.582Z,GA07G2504 - Mid Size (Water Tender),15.5893133,73.9465083,0,STOP,At Fire Station Bicholim ,Fire Station Bicholim
2026-01-08T00:58:28.582Z,GA07G2503-Mid Size (Water Tender),15.58997,73.80865,0,STOP,At Fire Station Mapusa,Fire Station Mapusa
2026-01-08T00:58:28.582Z,GA07G2502 - Mid Size (Water Tender),15.58982,73.8087483,0,STOP,At Fire Station Mapusa,Fire Force Headquarters
2026-01-08T00:59:26.537Z,GA 07 G 0680-PIL(QUICK RESPONSE VEHICLE),15.532865,73.7939283,0,STOP,At Fire Station Pilerne,Fire Station Pilerne
2026-01-08T00:59:26.537Z,GA07G2506 - Mid Size (Water Tender),15.500418,73.914055,0,STOP,At Fire Station Old Goa,Fire Station Old Goa
2026-01-08T00:59:26.537Z,GA 07 G 5115-POR(MINI WATER TENDER),15.523018,73.829498,0,STOP,At Porvorim Fire Station,Fire Station Porvorim
2026-01-08T00:59:26.537Z,GA 07 G 0350-MRG(WATER TENDER),15.269435,73.97068,0,STOP,At Fire Station Margoa,Fire Station Margao
2026-01-08T00:59:26.537Z,GA 07 G 2900-MAP(MINI RESCUE TENDER),15.59015,73.808701,0,STOP,At Fire Station Mapusa,Fire Station Mapusa
2026-01-08T00:59:26.537Z,GA 07 G 7600-FFHQ(WATER BOUSER),15.487355,73.817284,0,STOP,"Caculo Mall, 16 Shanta, St Inez Rd, Caculo Enclave, Santa Inez, Panaji, Goa (NW)",Fire Force Headquarters
2026-01-08T00:59:26.537Z,GA 07 G 2002-FFHQ(TURN TABLE LADDER),15.487413,73.8172,0,STOP,"Caculo Mall, 16 Shanta, St Inez Rd, Caculo Enclave, Santa Inez, Panaji, Goa (NW)",Fire Force Headquarters
2026-01-08T00:59:26.537Z,GA 07 G 7101-FFHQ(WATER TENDER),15.486933,73.817017,0,STOP,"Caculo Mall, 16 Shanta, St Inez Rd, Caculo Enclave, Santa Inez, Panaji, Goa (NW)",Fire Force Headquarters
2026-01-08T00:59:26.537Z,GA 07 G 7677-FFHQ(EMERGENCY RESCUE),15.487005,73.817436,0,STOP,"Caculo Mall, 16 Shanta, St Inez Rd, Caculo Enclave, Santa Inez, Panaji, Goa (NW)",Fire Force Headquarters
2026-01-08T00:59:26.537Z,GA 07 G 1121-PNJ(EMERGENCY RESCUE),15.487197,73.817276,0,STOP,"Caculo Mall, 16 Shanta, St Inez Rd, Caculo Enclave, Santa Inez, Panaji, Goa (NW)",Fire Station Panaji
2026-01-08T00:59:26.537Z,GA 07 G 1571-FFHQ(QUICK RESPONSE),15.486595,73.817528,0,STOP,"Caculo Mall, 16 Shanta, St Inez Rd, Caculo Enclave, Santa Inez, Panaji, Goa (SW)",Fire Force Headquarters
2026-01-08T00:59:26.537Z,GA 07 G 8101-MAP(WATER TENDER),15.589967,73.808762,0,STOP,At Fire Station Mapusa,Fire Station Mapusa
2026-01-08T00:59:26.537Z,GA 07 G 2317-MRG(EMERGENCY RESCUE TENDER),15.2693683,73.9707766,1,STOP,At Fire Station Margoa,Fire Station Margao
2026-01-08T00:59:26.537Z,GA 07 G 1570-VAS(QUICK RESPONSE FIRE TENDER),15.4054016,73.8930833,0,STOP,"Mendies, National Highway 366, Goa (NE)",Fire Station Vasco
2026-01-08T00:59:26.537Z,GA 07 G 4101-VAS(MS WATER TENDER),15.3888216,73.8512533,0,INACTIVE,At Fire Station Vasco,Fire Station Vasco
2026-01-08T00:59:26.537Z,GA 07 G 0819-VAS(WATER/FOAM TENDER),15.3888067,73.8512617,0,IDLE,At Fire Station Vasco,Fire Station Vasco
2026-01-08T00:59:26.537Z,GA 07 G 7100-MRG(WATER BOUSER),15.2694416,73.9701166,0,STOP,At Fire Station Margoa,Fire Station Margao
2026-01-08T00:59:26.537Z,GA 07 G 1568-MRG(QUICK RESPONSE ),15.26936,73.9704583,0,STOP,At Fire Station Margoa,Fire Station Margao
2026-01-08T00:59:26.537Z,GA 07 G 6101-MRG(WATER TENDER),15.2694199,73.969955,0,STOP,At Fire Station Margoa,Fire Station Margao
2026-01-08T00:59:26.537Z,GA 07 G 1001-MRG(AERIAL LADDER PLATFORM),15.269385,73.97019,0,STOP,At Fire Station Margoa,Fire Station Margao
2026-01-08T00:59:26.537Z,GA 07 G 0820-BIC(WATER TEDNER),15.40271,74.0028017,0,STOP,At Fire Station Ponda ,Fire Station Bicholim
2026-01-08T00:59:26.537Z,GA 07 G 5101-OLG(MS WATER TENDER),15.5001633,73.914055,0,STOP,At Fire Station Old Goa,Fire Station Old Goa
2026-01-08T00:59:26.537Z,GA 07 G 3101-BIC(MS WATER TENDER),15.5894716,73.9465983,0,STOP,At Fire Station Bicholim ,Fire Station Bicholim
2026-01-08T00:59:26.537Z,GA 07 G 1941-BIC(QUICK RESPONSE),15.589475,73.9467283,0,STOP,At Fire Station Bicholim ,Fire Station Bicholim
2026-01-08T00:59:26.537Z,GA 07 G 2319-VAS (EMERGENCY RESCUE TENDER),15.3892083,73.8478433,0,INACTIVE,"155/C, near railway bridge, airport road, Alto-dabolim, Dabolim, Goa (SW)",Fire Station Vasco
2026-01-08T00:59:26.537Z,GA 07 G 3737-VAP(WATER TENDER),15.54645,74.0423016,0,STOP,"SH 1, Honda VP, Goa (SW)",Fire Station Valpoi
2026-01-08T00:59:26.537Z,GA 07 G 2318-PND(EMERGENCY RESCUE TENDER),15.402655,74.0030033,0,STOP,At Fire Station Ponda ,Fire Station Ponda
2026-01-08T00:59:26.537Z,GA 07 G 2004-PND(QUICK RESPONSE),15.4141016,73.9073083,0,INACTIVE,"Guru Hotel, Old Ferry Road, Agaçaim, Goa (SE)",Fire Station Ponda
2026-01-08T00:59:26.537Z,GA 07 G 9101-PND(WATER TENDER),15.4022033,74.0029466,0,STOP,At Fire Station Ponda ,Fire Station Ponda
2026-01-08T00:59:26.537Z,GA 07 G 9797-PND(WATER BOUSER),15.4027433,74.0028966,0,IDLE,At Fire Station Ponda ,Fire Station Ponda
2026-01-08T00:59:26.537Z,GA 07 G 6363-CAN(WATER TENDER),15.0236383,74.0440666,0,STOP,"Canacona, The Lalitrajbaga ,Canacona, Canacona, Goa (NE)",Fire Station Canacona
2026-01-08T00:59:26.537Z,GA 07 G 1567-CAN(QUICK RESPONSE FT),15.0163433,74.0396166,39,INACTIVE,"Canacona, The Lalitrajbaga ,Canacona, Canacona, Goa (SW)",Fire Station Canacona
2026-01-08T00:59:26.537Z,GA 07 G 1569-VRN(QUICK RESPONSE),15.3696816,73.9356849,0,STOP,At Fire Station Verna,Fire Station Verna
2026-01-08T00:59:26.537Z,GA 07 G 9909-VRN(ADVANCE MULTI-PURPOSE),15.36962,73.9357333,0,STOP,At Fire Station Verna,Fire Station Verna
2026-01-08T00:59:26.537Z,GA 07 G 1942-VAP(QUICK RESPONSE),15.531045,74.1388183,0,STOP,At Fire Station Valpoi ,Fire Station Valpoi
2026-01-08T00:59:26.537Z,GA 07 G 2003-CUR(QUICK RESPONSE),15.2603983,74.1037433,0,STOP,At Fire Station Curchorem,Fire Station Curchorem
2026-01-08T00:59:26.537Z,GA 07 G 7447-CUR(EMERGENCY RESCUE),15.2604233,74.10376,0,STOP,At Fire Station Curchorem,Fire Station Curchorem
2026-01-08T00:59:26.537Z,GA 07 G 7557-CUR(WATER TENDER),15.260345,74.1037183,0,STOP,At Fire Station Curchorem,Fire Station Curchorem
2026-01-08T00:59:26.537Z,GA 07 G 7667-CUR(WATER BOUSER),15.26034,74.1038333,0,STOP,At Fire Station Curchorem,Fire Station Curchorem
2026-01-08T00:59:26.537Z,GA 07 G 4989-KUN(WATER TENDER),15.4631883,73.9726567,0,STOP,At Fire Station Kundaim,Fire Station Kundaim
2026-01-08T00:59:26.537Z,GA 07 G 2242-PIL(WATER TENDER),15.53297,73.7940744,0,STOP,At Fire Station Pilerne,Fire Station Pilerne
2026-01-08T00:59:26.537Z,GA 07 G 0681-MAP(QUICK RESPONSE),15.589765,73.808805,0,STOP,At Fire Station Mapusa,Fire Station Mapusa
2026-01-08T00:59:26.537Z,GA 07 G 0307-PER(QUICK RESPONSE),15.7164939,73.7974239,0,INACTIVE,At Fire Station Pernem,Fire Station Pernem
2026-01-08T00:59:26.537Z,GA 07 G 2101-PER(MS WATER TENDER),15.7164339,73.7974506,0,STOP,At Fire Station Pernem,Fire Station Pernem
2026-01-08T00:59:26.537Z,GA 07 G 4600-PER(MINI RESCUE TENDER),15.7165006,73.7975322,0,STOP,At Fire Station Pernem,Fire Station Pernem
2026-01-08T00:59:26.537Z,GA 07 G 7272-PNJ(WATER TENDER),15.4871567,73.8173333,0,STOP,"Caculo Mall, 16 Shanta, St Inez Rd, Caculo Enclave, Santa Inez, Panaji, Goa (NW)",Fire Station Panaji
2026-01-08T00:59:26.537Z,GA07G2384- Cuncolim,15.1862711,74.0209944,0,STOP,At Fire Station Cuncolim,Fire Station Cuncolim
2026-01-08T00:59:26.537Z,GA07G2507 - Mid Size (Water Tender),15.71641,73.79755,0,STOP,At Fire Station Pernem,Fire Station Pernem
2026-01-08T00:59:26.537Z,GA07G2505 - Mid Size (Water Tender),15.5309333,74.1386233,0,STOP,At Fire Station Valpoi ,Fire Station Valpoi
2026-01-08T00:59:26.537Z,GA07G2504 - Mid Size (Water Tender),15.5893133,73.9465083,0,STOP,At Fire Station Bicholim ,Fire Station Bicholim
2026-01-08T00:59:26.537Z,GA07G2503-Mid Size (Water Tender),15.58997,73.80865,0,STOP,At Fire Station Mapusa,Fire Station Mapusa
2026-01-08T00:59:26.537Z,GA07G2502 - Mid Size (Water Tender),15.58982,73.8087483,0,STOP,At Fire Station Mapusa,Fire Force Headquarters
2026-01-08T01:00:25.915Z,GA 07 G 0680-PIL(QUICK RESPONSE VEHICLE),15.532865,73.7939283,0,STOP,At Fire Station Pilerne,Fire Station Pilerne
2026-01-08T01:00:25.915Z,GA07G2506 - Mid Size (Water Tender),15.500418,73.914055,0,STOP,At Fire Station Old Goa,Fire Station Old Goa
2026-01-08T01:00:25.915Z,GA 07 G 5115-POR(MINI WATER TENDER),15.523018,73.829498,0,STOP,At Porvorim Fire Station,Fire Station Porvorim
2026-01-08T01:00:25.915Z,GA 07 G 0350-MRG(WATER TENDER),15.269435,73.97068,0,STOP,At Fire Station Margoa,Fire Station Margao
2026-01-08T01:00:25.915Z,GA 07 G 2900-MAP(MINI RESCUE TENDER),15.59015,73.808701,0,STOP,At Fire Station Mapusa,Fire Station Mapusa
2026-01-08T01:00:25.915Z,GA 07 G 7600-FFHQ(WATER BOUSER),15.487355,73.817284,0,STOP,"Caculo Mall, 16 Shanta, St Inez Rd, Caculo Enclave, Santa Inez, Panaji, Goa (NW)",Fire Force Headquarters
2026-01-08T01:00:25.915Z,GA 07 G 2002-FFHQ(TURN TABLE LADDER),15.487413,73.8172,0,STOP,"Caculo Mall, 16 Shanta, St Inez Rd, Caculo Enclave, Santa Inez, Panaji, Goa (NW)",Fire Force Headquarters
2026-01-08T01:00:25.915Z,GA 07 G 7101-FFHQ(WATER TENDER),15.486933,73.817017,0,STOP,"Caculo Mall, 16 Shanta, St Inez Rd, Caculo Enclave, Santa Inez, Panaji, Goa (NW)",Fire Force Headquarters
2026-01-08T01:00:25.915Z,GA 07 G 7677-FFHQ(EMERGENCY RESCUE),15.487005,73.817436,0,STOP,"Caculo Mall, 16 Shanta, St Inez Rd, Caculo Enclave, Santa Inez, Panaji, Goa (NW)",Fire Force Headquarters
2026-01-08T01:00:25.915Z,GA 07 G 1121-PNJ(EMERGENCY RESCUE),15.487197,73.817276,0,STOP,"Caculo Mall, 16 Shanta, St Inez Rd, Caculo Enclave, Santa Inez, Panaji, Goa (NW)",Fire Station Panaji
2026-01-08T01:00:25.915Z,GA 07 G 1571-FFHQ(QUICK RESPONSE),15.486595,73.817528,0,STOP,"Caculo Mall, 16 Shanta, St Inez Rd, Caculo Enclave, Santa Inez, Panaji, Goa (SW)",Fire Force Headquarters
2026-01-08T01:00:25.915Z,GA 07 G 8101-MAP(WATER TENDER),15.589967,73.808762,0,STOP,At Fire Station Mapusa,Fire Station Mapusa
2026-01-08T01:00:25.915Z,GA 07 G 2317-MRG(EMERGENCY RESCUE TENDER),15.2693766,73.97006,0,STOP,At Fire Station Margoa,Fire Station Margao
2026-01-08T01:00:25.915Z,GA 07 G 1570-VAS(QUICK RESPONSE FIRE TENDER),15.4054016,73.8930833,0,STOP,"Mendies, National Highway 366, Goa (NE)",Fire Station Vasco
2026-01-08T01:00:25.915Z,GA 07 G 4101-VAS(MS WATER TENDER),15.3888216,73.8512533,0,INACTIVE,At Fire Station Vasco,Fire Station Vasco
2026-01-08T01:00:25.915Z,GA 07 G 0819-VAS(WATER/FOAM TENDER),15.3888067,73.8512617,0,IDLE,At Fire Station Vasco,Fire Station Vasco
2026-01-08T01:00:25.915Z,GA 07 G 7100-MRG(WATER BOUSER),15.2694416,73.9701166,0,STOP,At Fire Station Margoa,Fire Station Margao
2026-01-08T01:00:25.915Z,GA 07 G 1568-MRG(QUICK RESPONSE ),15.26936,73.9704583,0,STOP,At Fire Station Margoa,Fire Station Margao
2026-01-08T01:00:25.915Z,GA 07 G 6101-MRG(WATER TENDER),15.2694199,73.969955,0,STOP,At Fire Station Margoa,Fire Station Margao
2026-01-08T01:00:25.915Z,GA 07 G 1001-MRG(AERIAL LADDER PLATFORM),15.269385,73.97019,0,STOP,At Fire Station Margoa,Fire Station Margao
2026-01-08T01:00:25.915Z,GA 07 G 0820-BIC(WATER TEDNER),15.40271,74.0028017,0,STOP,At Fire Station Ponda ,Fire Station Bicholim
2026-01-08T01:00:25.915Z,GA 07 G 5101-OLG(MS WATER TENDER),15.5001633,73.914055,0,STOP,At Fire Station Old Goa,Fire Station Old Goa
2026-01-08T01:00:25.915Z,GA 07 G 3101-BIC(MS WATER TENDER),15.5894716,73.9465983,0,STOP,At Fire Station Bicholim ,Fire Station Bicholim
2026-01-08T01:00:25.915Z,GA 07 G 1941-BIC(QUICK RESPONSE),15.589475,73.9467283,0,STOP,At Fire Station Bicholim ,Fire Station Bicholim
2026-01-08T01:00:25.915Z,GA 07 G 2319-VAS (EMERGENCY RESCUE TENDER),15.3892083,73.8478433,0,INACTIVE,"155/C, near railway bridge, airport road, Alto-dabolim, Dabolim, Goa (SW)",Fire Station Vasco
2026-01-08T01:00:25.915Z,GA 07 G 3737-VAP(WATER TENDER),15.54645,74.0423016,0,STOP,"SH 1, Honda VP, Goa (SW)",Fire Station Valpoi
2026-01-08T01:00:25.915Z,GA 07 G 2318-PND(EMERGENCY RESCUE TENDER),15.402655,74.0030033,0,STOP,At Fire Station Ponda ,Fire Station Ponda
2026-01-08T01:00:25.915Z,GA 07 G 2004-PND(QUICK RESPONSE),15.4141016,73.9073083,0,INACTIVE,"Guru Hotel, Old Ferry Road, Agaçaim, Goa (SE)",Fire Station Ponda
2026-01-08T01:00:25.915Z,GA 07 G 9101-PND(WATER TENDER),15.4022033,74.0029466,0,STOP,At Fire Station Ponda ,Fire Station Ponda
2026-01-08T01:00:25.915Z,GA 07 G 9797-PND(WATER BOUSER),15.4027433,74.0028966,0,IDLE,At Fire Station Ponda ,Fire Station Ponda
2026-01-08T01:00:25.915Z,GA 07 G 6363-CAN(WATER TENDER),15.0236383,74.0440666,0,STOP,"Canacona, The Lalitrajbaga ,Canacona, Canacona, Goa (NE)",Fire Station Canacona
2026-01-08T01:00:25.915Z,GA 07 G 1567-CAN(QUICK RESPONSE FT),15.0163433,74.0396166,39,INACTIVE,"Canacona, The Lalitrajbaga ,Canacona, Canacona, Goa (SW)",Fire Station Canacona
2026-01-08T01:00:25.915Z,GA 07 G 1569-VRN(QUICK RESPONSE),15.3696816,73.9356849,0,STOP,At Fire Station Verna,Fire Station Verna
2026-01-08T01:00:25.915Z,GA 07 G 9909-VRN(ADVANCE MULTI-PURPOSE),15.36962,73.9357333,0,STOP,At Fire Station Verna,Fire Station Verna
2026-01-08T01:00:25.915Z,GA 07 G 1942-VAP(QUICK RESPONSE),15.531045,74.1388183,0,STOP,At Fire Station Valpoi ,Fire Station Valpoi
2026-01-08T01:00:25.915Z,GA 07 G 2003-CUR(QUICK RESPONSE),15.2603983,74.1037433,0,STOP,At Fire Station Curchorem,Fire Station Curchorem
2026-01-08T01:00:25.915Z,GA 07 G 7447-CUR(EMERGENCY RESCUE),15.2604233,74.10376,0,STOP,At Fire Station Curchorem,Fire Station Curchorem
2026-01-08T01:00:25.915Z,GA 07 G 7557-CUR(WATER TENDER),15.260345,74.1037183,0,STOP,At Fire Station Curchorem,Fire Station Curchorem
2026-01-08T01:00:25.915Z,GA 07 G 7667-CUR(WATER BOUSER),15.26034,74.1038333,0,STOP,At Fire Station Curchorem,Fire Station Curchorem
2026-01-08T01:00:25.915Z,GA 07 G 4989-KUN(WATER TENDER),15.4631883,73.9726567,0,STOP,At Fire Station Kundaim,Fire Station Kundaim
2026-01-08T01:00:25.915Z,GA 07 G 2242-PIL(WATER TENDER),15.53297,73.7940744,0,STOP,At Fire Station Pilerne,Fire Station Pilerne
2026-01-08T01:00:25.915Z,GA 07 G 0681-MAP(QUICK RESPONSE),15.589765,73.808805,0,STOP,At Fire Station Mapusa,Fire Station Mapusa
2026-01-08T01:00:25.915Z,GA 07 G 0307-PER(QUICK RESPONSE),15.7164939,73.7974239,0,INACTIVE,At Fire Station Pernem,Fire Station Pernem
2026-01-08T01:00:25.915Z,GA 07 G 2101-PER(MS WATER TENDER),15.7164339,73.7974506,0,STOP,At Fire Station Pernem,Fire Station Pernem
2026-01-08T01:00:25.915Z,GA 07 G 4600-PER(MINI RESCUE TENDER),15.7165006,73.7975322,0,STOP,At Fire Station Pernem,Fire Station Pernem
2026-01-08T01:00:25.915Z,GA 07 G 7272-PNJ(WATER TENDER),15.4871567,73.8173333,0,STOP,"Caculo Mall, 16 Shanta, St Inez Rd, Caculo Enclave, Santa Inez, Panaji, Goa (NW)",Fire Station Panaji
2026-01-08T01:00:25.915Z,GA07G2384- Cuncolim,15.1862711,74.0209944,0,STOP,At Fire Station Cuncolim,Fire Station Cuncolim
2026-01-08T01:00:25.915Z,GA07G2507 - Mid Size (Water Tender),15.71641,73.79755,0,STOP,At Fire Station Pernem,Fire Station Pernem
2026-01-08T01:00:25.915Z,GA07G2505 - Mid Size (Water Tender),15.5309333,74.1386233,0,STOP,At Fire Station Valpoi ,Fire Station Valpoi
2026-01-08T01:00:25.915Z,GA07G2504 - Mid Size (Water Tender),15.5893133,73.9465083,0,STOP,At Fire Station Bicholim ,Fire Station Bicholim
2026-01-08T01:00:25.915Z,GA07G2503-Mid Size (Water Tender),15.58997,73.80865,0,STOP,At Fire Station Mapusa,Fire Station Mapusa
2026-01-08T01:00:25.915Z,GA07G2502 - Mid Size (Water Tender),15.58982,73.8087483,0,STOP,At Fire Station Mapusa,Fire Force Headquarters
2026-01-08T01:01:25.759Z,GA 07 G 0680-PIL(QUICK RESPONSE VEHICLE),15.532865,73.7939283,0,STOP,At Fire Station Pilerne,Fire Station Pilerne
2026-01-08T01:01:25.759Z,GA07G2506 - Mid Size (Water Tender),15.500418,73.914055,0,STOP,At Fire Station Old Goa,Fire Station Old Goa
2026-01-08T01:01:25.759Z,GA 07 G 5115-POR(MINI WATER TENDER),15.523018,73.829498,0,STOP,At Porvorim Fire Station,Fire Station Porvorim
2026-01-08T01:01:25.759Z,GA 07 G 0350-MRG(WATER TENDER),15.269435,73.97068,0,STOP,At Fire Station Margoa,Fire Station Margao
2026-01-08T01:01:25.759Z,GA 07 G 2900-MAP(MINI RESCUE TENDER),15.59015,73.808701,0,STOP,At Fire Station Mapusa,Fire Station Mapusa
2026-01-08T01:01:25.759Z,GA 07 G 7600-FFHQ(WATER BOUSER),15.487355,73.817284,0,STOP,"Caculo Mall, 16 Shanta, St Inez Rd, Caculo Enclave, Santa Inez, Panaji, Goa (NW)",Fire Force Headquarters
2026-01-08T01:01:25.759Z,GA 07 G 2002-FFHQ(TURN TABLE LADDER),15.487413,73.8172,0,STOP,"Caculo Mall, 16 Shanta, St Inez Rd, Caculo Enclave, Santa Inez, Panaji, Goa (NW)",Fire Force Headquarters
2026-01-08T01:01:25.759Z,GA 07 G 7101-FFHQ(WATER TENDER),15.486933,73.817017,0,STOP,"Caculo Mall, 16 Shanta, St Inez Rd, Caculo Enclave, Santa Inez, Panaji, Goa (NW)",Fire Force Headquarters
2026-01-08T01:01:25.759Z,GA 07 G 7677-FFHQ(EMERGENCY RESCUE),15.487005,73.817436,0,STOP,"Caculo Mall, 16 Shanta, St Inez Rd, Caculo Enclave, Santa Inez, Panaji, Goa (NW)",Fire Force Headquarters
2026-01-08T01:01:25.759Z,GA 07 G 1121-PNJ(EMERGENCY RESCUE),15.487197,73.817276,0,STOP,"Caculo Mall, 16 Shanta, St Inez Rd, Caculo Enclave, Santa Inez, Panaji, Goa (NW)",Fire Station Panaji
2026-01-08T01:01:25.759Z,GA 07 G 1571-FFHQ(QUICK RESPONSE),15.486595,73.817528,0,STOP,"Caculo Mall, 16 Shanta, St Inez Rd, Caculo Enclave, Santa Inez, Panaji, Goa (SW)",Fire Force Headquarters
2026-01-08T01:01:25.759Z,GA 07 G 8101-MAP(WATER TENDER),15.589967,73.808762,0,STOP,At Fire Station Mapusa,Fire Station Mapusa
2026-01-08T01:01:25.759Z,GA 07 G 2317-MRG(EMERGENCY RESCUE TENDER),15.2693983,73.970345,0,STOP,At Fire Station Margoa,Fire Station Margao
2026-01-08T01:01:25.759Z,GA 07 G 1570-VAS(QUICK RESPONSE FIRE TENDER),15.4054016,73.8930833,0,STOP,"Mendies, National Highway 366, Goa (NE)",Fire Station Vasco
2026-01-08T01:01:25.759Z,GA 07 G 4101-VAS(MS WATER TENDER),15.3888216,73.8512533,0,INACTIVE,At Fire Station Vasco,Fire Station Vasco
2026-01-08T01:01:25.759Z,GA 07 G 0819-VAS(WATER/FOAM TENDER),15.3888067,73.8512617,0,IDLE,At Fire Station Vasco,Fire Station Vasco
2026-01-08T01:01:25.759Z,GA 07 G 7100-MRG(WATER BOUSER),15.2694416,73.9701166,0,STOP,At Fire Station Margoa,Fire Station Margao
2026-01-08T01:01:25.759Z,GA 07 G 1568-MRG(QUICK RESPONSE ),15.26936,73.9704583,0,STOP,At Fire Station Margoa,Fire Station Margao
2026-01-08T01:01:25.759Z,GA 07 G 6101-MRG(WATER TENDER),15.2694199,73.969955,0,STOP,At Fire Station Margoa,Fire Station Margao
2026-01-08T01:01:25.759Z,GA 07 G 1001-MRG(AERIAL LADDER PLATFORM),15.269385,73.97019,0,STOP,At Fire Station Margoa,Fire Station Margao
2026-01-08T01:01:25.759Z,GA 07 G 0820-BIC(WATER TEDNER),15.40271,74.0028017,0,STOP,At Fire Station Ponda ,Fire Station Bicholim
2026-01-08T01:01:25.759Z,GA 07 G 5101-OLG(MS WATER TENDER),15.5001633,73.914055,0,STOP,At Fire Station Old Goa,Fire Station Old Goa
2026-01-08T01:01:25.759Z,GA 07 G 3101-BIC(MS WATER TENDER),15.5894716,73.9465983,0,STOP,At Fire Station Bicholim ,Fire Station Bicholim
2026-01-08T01:01:25.759Z,GA 07 G 1941-BIC(QUICK RESPONSE),15.589475,73.9467283,0,STOP,At Fire Station Bicholim ,Fire Station Bicholim
2026-01-08T01:01:25.759Z,GA 07 G 2319-VAS (EMERGENCY RESCUE TENDER),15.3892083,73.8478433,0,INACTIVE,"155/C, near railway bridge, airport road, Alto-dabolim, Dabolim, Goa (SW)",Fire Station Vasco
2026-01-08T01:01:25.759Z,GA 07 G 3737-VAP(WATER TENDER),15.54645,74.0423016,0,STOP,"SH 1, Honda VP, Goa (SW)",Fire Station Valpoi
2026-01-08T01:01:25.759Z,GA 07 G 2318-PND(EMERGENCY RESCUE TENDER),15.402655,74.0030033,0,STOP,At Fire Station Ponda ,Fire Station Ponda
2026-01-08T01:01:25.759Z,GA 07 G 2004-PND(QUICK RESPONSE),15.4141016,73.9073083,0,INACTIVE,"Guru Hotel, Old Ferry Road, Agaçaim, Goa (SE)",Fire Station Ponda
2026-01-08T01:01:25.759Z,GA 07 G 9101-PND(WATER TENDER),15.4022033,74.0029466,0,STOP,At Fire Station Ponda ,Fire Station Ponda
2026-01-08T01:01:25.759Z,GA 07 G 9797-PND(WATER BOUSER),15.4027433,74.0028966,0,IDLE,At Fire Station Ponda ,Fire Station Ponda
2026-01-08T01:01:25.759Z,GA 07 G 6363-CAN(WATER TENDER),15.0236383,74.0440666,0,STOP,"Canacona, The Lalitrajbaga ,Canacona, Canacona, Goa (NE)",Fire Station Canacona
2026-01-08T01:01:25.759Z,GA 07 G 1567-CAN(QUICK RESPONSE FT),15.0163433,74.0396166,39,INACTIVE,"Canacona, The Lalitrajbaga ,Canacona, Canacona, Goa (SW)",Fire Station Canacona
2026-01-08T01:01:25.759Z,GA 07 G 1569-VRN(QUICK RESPONSE),15.3696816,73.9356849,0,STOP,At Fire Station Verna,Fire Station Verna
2026-01-08T01:01:25.759Z,GA 07 G 9909-VRN(ADVANCE MULTI-PURPOSE),15.36962,73.9357333,0,STOP,At Fire Station Verna,Fire Station Verna
2026-01-08T01:01:25.759Z,GA 07 G 1942-VAP(QUICK RESPONSE),15.531045,74.1388183,0,STOP,At Fire Station Valpoi ,Fire Station Valpoi
2026-01-08T01:01:25.759Z,GA 07 G 2003-CUR(QUICK RESPONSE),15.2603983,74.1037433,0,STOP,At Fire Station Curchorem,Fire Station Curchorem
2026-01-08T01:01:25.759Z,GA 07 G 7447-CUR(EMERGENCY RESCUE),15.2604233,74.10376,0,STOP,At Fire Station Curchorem,Fire Station Curchorem
2026-01-08T01:01:25.759Z,GA 07 G 7557-CUR(WATER TENDER),15.260345,74.1037183,0,STOP,At Fire Station Curchorem,Fire Station Curchorem
2026-01-08T01:01:25.759Z,GA 07 G 7667-CUR(WATER BOUSER),15.26034,74.1038333,0,STOP,At Fire Station Curchorem,Fire Station Curchorem
2026-01-08T01:01:25.759Z,GA 07 G 4989-KUN(WATER TENDER),15.4631883,73.9726567,0,STOP,At Fire Station Kundaim,Fire Station Kundaim
2026-01-08T01:01:25.759Z,GA 07 G 2242-PIL(WATER TENDER),15.53297,73.7940744,0,STOP,At Fire Station Pilerne,Fire Station Pilerne
2026-01-08T01:01:25.759Z,GA 07 G 0681-MAP(QUICK RESPONSE),15.589765,73.808805,0,STOP,At Fire Station Mapusa,Fire Station Mapusa
2026-01-08T01:01:25.759Z,GA 07 G 0307-PER(QUICK RESPONSE),15.7164939,73.7974239,0,INACTIVE,At Fire Station Pernem,Fire Station Pernem
2026-01-08T01:01:25.759Z,GA 07 G 2101-PER(MS WATER TENDER),15.7164339,73.7974506,0,STOP,At Fire Station Pernem,Fire Station Pernem
2026-01-08T01:01:25.759Z,GA 07 G 4600-PER(MINI RESCUE TENDER),15.7165006,73.7975322,0,STOP,At Fire Station Pernem,Fire Station Pernem
2026-01-08T01:01:25.759Z,GA 07 G 7272-PNJ(WATER TENDER),15.4871567,73.8173333,0,STOP,"Caculo Mall, 16 Shanta, St Inez Rd, Caculo Enclave, Santa Inez, Panaji, Goa (NW)",Fire Station Panaji
2026-01-08T01:01:25.759Z,GA07G2384- Cuncolim,15.1862711,74.0209944,0,STOP,At Fire Station Cuncolim,Fire Station Cuncolim
2026-01-08T01:01:25.759Z,GA07G2507 - Mid Size (Water Tender),15.71641,73.79755,0,STOP,At Fire Station Pernem,Fire Station Pernem
2026-01-08T01:01:25.759Z,GA07G2505 - Mid Size (Water Tender),15.5309333,74.1386233,0,STOP,At Fire Station Valpoi ,Fire Station Valpoi
2026-01-08T01:01:25.759Z,GA07G2504 - Mid Size (Water Tender),15.5893133,73.9465083,0,STOP,At Fire Station Bicholim ,Fire Station Bicholim
2026-01-08T01:01:25.759Z,GA07G2503-Mid Size (Water Tender),15.58997,73.80865,0,STOP,At Fire Station Mapusa,Fire Station Mapusa
2026-01-08T01:01:25.759Z,GA07G2502 - Mid Size (Water Tender),15.58982,73.8087483,0,STOP,At Fire Station Mapusa,Fire Force Headquarters
2026-01-08T01:02:28.446Z,GA 07 G 0680-PIL(QUICK RESPONSE VEHICLE),15.532865,73.7939283,0,STOP,At Fire Station Pilerne,Fire Station Pilerne
2026-01-08T01:02:28.446Z,GA07G2506 - Mid Size (Water Tender),15.500418,73.914055,0,STOP,At Fire Station Old Goa,Fire Station Old Goa
2026-01-08T01:02:28.446Z,GA 07 G 5115-POR(MINI WATER TENDER),15.523018,73.829498,0,STOP,At Porvorim Fire Station,Fire Station Porvorim
2026-01-08T01:02:28.446Z,GA 07 G 0350-MRG(WATER TENDER),15.269435,73.97068,0,STOP,At Fire Station Margoa,Fire Station Margao
2026-01-08T01:02:28.446Z,GA 07 G 2900-MAP(MINI RESCUE TENDER),15.59015,73.808701,0,STOP,At Fire Station Mapusa,Fire Station Mapusa
2026-01-08T01:02:28.446Z,GA 07 G 7600-FFHQ(WATER BOUSER),15.487355,73.817284,0,STOP,"Caculo Mall, 16 Shanta, St Inez Rd, Caculo Enclave, Santa Inez, Panaji, Goa (NW)",Fire Force Headquarters
2026-01-08T01:02:28.446Z,GA 07 G 2002-FFHQ(TURN TABLE LADDER),15.487413,73.8172,0,STOP,"Caculo Mall, 16 Shanta, St Inez Rd, Caculo Enclave, Santa Inez, Panaji, Goa (NW)",Fire Force Headquarters
2026-01-08T01:02:28.446Z,GA 07 G 7101-FFHQ(WATER TENDER),15.486933,73.817017,0,STOP,"Caculo Mall, 16 Shanta, St Inez Rd, Caculo Enclave, Santa Inez, Panaji, Goa (NW)",Fire Force Headquarters
2026-01-08T01:02:28.446Z,GA 07 G 7677-FFHQ(EMERGENCY RESCUE),15.487005,73.817436,0,STOP,"Caculo Mall, 16 Shanta, St Inez Rd, Caculo Enclave, Santa Inez, Panaji, Goa (NW)",Fire Force Headquarters
2026-01-08T01:02:28.446Z,GA 07 G 1121-PNJ(EMERGENCY RESCUE),15.487197,73.817276,0,STOP,"Caculo Mall, 16 Shanta, St Inez Rd, Caculo Enclave, Santa Inez, Panaji, Goa (NW)",Fire Station Panaji
2026-01-08T01:02:28.446Z,GA 07 G 1571-FFHQ(QUICK RESPONSE),15.486595,73.817528,0,STOP,"Caculo Mall, 16 Shanta, St Inez Rd, Caculo Enclave, Santa Inez, Panaji, Goa (SW)",Fire Force Headquarters
2026-01-08T01:02:28.446Z,GA 07 G 8101-MAP(WATER TENDER),15.589967,73.808762,0,STOP,At Fire Station Mapusa,Fire Station Mapusa
2026-01-08T01:02:28.446Z,GA 07 G 2317-MRG(EMERGENCY RESCUE TENDER),15.269415,73.9702966,0,STOP,At Fire Station Margoa,Fire Station Margao
2026-01-08T01:02:28.446Z,GA 07 G 1570-VAS(QUICK RESPONSE FIRE TENDER),15.4054016,73.8930833,0,STOP,"Mendies, National Highway 366, Goa (NE)",Fire Station Vasco
2026-01-08T01:02:28.446Z,GA 07 G 4101-VAS(MS WATER TENDER),15.3888216,73.8512533,0,INACTIVE,At Fire Station Vasco,Fire Station Vasco
2026-01-08T01:02:28.446Z,GA 07 G 0819-VAS(WATER/FOAM TENDER),15.3888067,73.8512617,0,IDLE,At Fire Station Vasco,Fire Station Vasco
2026-01-08T01:02:28.446Z,GA 07 G 7100-MRG(WATER BOUSER),15.2694416,73.9701166,0,STOP,At Fire Station Margoa,Fire Station Margao
2026-01-08T01:02:28.446Z,GA 07 G 1568-MRG(QUICK RESPONSE ),15.26936,73.9704583,0,STOP,At Fire Station Margoa,Fire Station Margao
2026-01-08T01:02:28.446Z,GA 07 G 6101-MRG(WATER TENDER),15.2694199,73.969955,0,STOP,At Fire Station Margoa,Fire Station Margao
2026-01-08T01:02:28.446Z,GA 07 G 1001-MRG(AERIAL LADDER PLATFORM),15.269385,73.97019,0,STOP,At Fire Station Margoa,Fire Station Margao
2026-01-08T01:02:28.446Z,GA 07 G 0820-BIC(WATER TEDNER),15.40271,74.0028017,0,STOP,At Fire Station Ponda ,Fire Station Bicholim
2026-01-08T01:02:28.446Z,GA 07 G 5101-OLG(MS WATER TENDER),15.5001633,73.914055,0,STOP,At Fire Station Old Goa,Fire Station Old Goa
2026-01-08T01:02:28.446Z,GA 07 G 3101-BIC(MS WATER TENDER),15.5894716,73.9465983,0,STOP,At Fire Station Bicholim ,Fire Station Bicholim
2026-01-08T01:02:28.446Z,GA 07 G 1941-BIC(QUICK RESPONSE),15.589475,73.9467283,0,STOP,At Fire Station Bicholim ,Fire Station Bicholim
2026-01-08T01:02:28.446Z,GA 07 G 2319-VAS (EMERGENCY RESCUE TENDER),15.3892083,73.8478433,0,INACTIVE,"155/C, near railway bridge, airport road, Alto-dabolim, Dabolim, Goa (SW)",Fire Station Vasco
2026-01-08T01:02:28.446Z,GA 07 G 3737-VAP(WATER TENDER),15.54645,74.0423016,0,STOP,"SH 1, Honda VP, Goa (SW)",Fire Station Valpoi
2026-01-08T01:02:28.446Z,GA 07 G 2318-PND(EMERGENCY RESCUE TENDER),15.402655,74.0030033,0,STOP,At Fire Station Ponda ,Fire Station Ponda
2026-01-08T01:02:28.446Z,GA 07 G 2004-PND(QUICK RESPONSE),15.4141016,73.9073083,0,INACTIVE,"Guru Hotel, Old Ferry Road, Agaçaim, Goa (SE)",Fire Station Ponda
2026-01-08T01:02:28.446Z,GA 07 G 9101-PND(WATER TENDER),15.4022033,74.0029466,0,STOP,At Fire Station Ponda ,Fire Station Ponda
2026-01-08T01:02:28.446Z,GA 07 G 9797-PND(WATER BOUSER),15.4027433,74.0028966,0,IDLE,At Fire Station Ponda ,Fire Station Ponda
2026-01-08T01:02:28.446Z,GA 07 G 6363-CAN(WATER TENDER),15.0236383,74.0440666,0,STOP,"Canacona, The Lalitrajbaga ,Canacona, Canacona, Goa (NE)",Fire Station Canacona
2026-01-08T01:02:28.446Z,GA 07 G 1567-CAN(QUICK RESPONSE FT),15.0163433,74.0396166,39,INACTIVE,"Canacona, The Lalitrajbaga ,Canacona, Canacona, Goa (SW)",Fire Station Canacona
2026-01-08T01:02:28.446Z,GA 07 G 1569-VRN(QUICK RESPONSE),15.3696816,73.9356849,0,STOP,At Fire Station Verna,Fire Station Verna
2026-01-08T01:02:28.446Z,GA 07 G 9909-VRN(ADVANCE MULTI-PURPOSE),15.36962,73.9357333,0,STOP,At Fire Station Verna,Fire Station Verna
2026-01-08T01:02:28.446Z,GA 07 G 1942-VAP(QUICK RESPONSE),15.531045,74.1388183,0,STOP,At Fire Station Valpoi ,Fire Station Valpoi
2026-01-08T01:02:28.446Z,GA 07 G 2003-CUR(QUICK RESPONSE),15.2603983,74.1037433,0,STOP,At Fire Station Curchorem,Fire Station Curchorem
2026-01-08T01:02:28.446Z,GA 07 G 7447-CUR(EMERGENCY RESCUE),15.2604233,74.10376,0,STOP,At Fire Station Curchorem,Fire Station Curchorem
2026-01-08T01:02:28.446Z,GA 07 G 7557-CUR(WATER TENDER),15.260345,74.1037183,0,STOP,At Fire Station Curchorem,Fire Station Curchorem
2026-01-08T01:02:28.446Z,GA 07 G 7667-CUR(WATER BOUSER),15.26034,74.1038333,0,STOP,At Fire Station Curchorem,Fire Station Curchorem
2026-01-08T01:02:28.446Z,GA 07 G 4989-KUN(WATER TENDER),15.4631883,73.9726567,0,STOP,At Fire Station Kundaim,Fire Station Kundaim
2026-01-08T01:02:28.446Z,GA 07 G 2242-PIL(WATER TENDER),15.53297,73.7940744,0,STOP,At Fire Station Pilerne,Fire Station Pilerne
2026-01-08T01:02:28.446Z,GA 07 G 0681-MAP(QUICK RESPONSE),15.589765,73.808805,0,STOP,At Fire Station Mapusa,Fire Station Mapusa
2026-01-08T01:02:28.446Z,GA 07 G 0307-PER(QUICK RESPONSE),15.7164939,73.7974239,0,INACTIVE,At Fire Station Pernem,Fire Station Pernem
2026-01-08T01:02:28.446Z,GA 07 G 2101-PER(MS WATER TENDER),15.7164339,73.7974506,0,STOP,At Fire Station Pernem,Fire Station Pernem
2026-01-08T01:02:28.446Z,GA 07 G 4600-PER(MINI RESCUE TENDER),15.7165006,73.7975322,0,STOP,At Fire Station Pernem,Fire Station Pernem
2026-01-08T01:02:28.446Z,GA 07 G 7272-PNJ(WATER TENDER),15.4871567,73.8173333,0,STOP,"Caculo Mall, 16 Shanta, St Inez Rd, Caculo Enclave, Santa Inez, Panaji, Goa (NW)",Fire Station Panaji
2026-01-08T01:02:28.446Z,GA07G2384- Cuncolim,15.1862711,74.0209944,0,STOP,At Fire Station Cuncolim,Fire Station Cuncolim
2026-01-08T01:02:28.446Z,GA07G2507 - Mid Size (Water Tender),15.71641,73.79755,0,STOP,At Fire Station Pernem,Fire Station Pernem
2026-01-08T01:02:28.446Z,GA07G2505 - Mid Size (Water Tender),15.5309333,74.1386233,0,STOP,At Fire Station Valpoi ,Fire Station Valpoi
2026-01-08T01:02:28.446Z,GA07G2504 - Mid Size (Water Tender),15.5893133,73.9465083,0,STOP,At Fire Station Bicholim ,Fire Station Bicholim
2026-01-08T01:02:28.446Z,GA07G2503-Mid Size (Water Tender),15.58997,73.80865,0,STOP,At Fire Station Mapusa,Fire Station Mapusa
2026-01-08T01:02:28.446Z,GA07G2502 - Mid Size (Water Tender),15.58982,73.8087483,0,STOP,At Fire Station Mapusa,Fire Force Headquarters
2026-01-08T01:03:26.731Z,GA 07 G 0680-PIL(QUICK RESPONSE VEHICLE),15.532865,73.7939283,0,STOP,At Fire Station Pilerne,Fire Station Pilerne
2026-01-08T01:03:26.731Z,GA07G2506 - Mid Size (Water Tender),15.500418,73.914055,0,STOP,At Fire Station Old Goa,Fire Station Old Goa
2026-01-08T01:03:26.731Z,GA 07 G 5115-POR(MINI WATER TENDER),15.523018,73.829498,0,STOP,At Porvorim Fire Station,Fire Station Porvorim
2026-01-08T01:03:26.731Z,GA 07 G 0350-MRG(WATER TENDER),15.269435,73.97068,0,STOP,At Fire Station Margoa,Fire Station Margao
2026-01-08T01:03:26.731Z,GA 07 G 2900-MAP(MINI RESCUE TENDER),15.59015,73.808701,0,STOP,At Fire Station Mapusa,Fire Station Mapusa
2026-01-08T01:03:26.731Z,GA 07 G 7600-FFHQ(WATER BOUSER),15.487355,73.817284,0,STOP,"Caculo Mall, 16 Shanta, St Inez Rd, Caculo Enclave, Santa Inez, Panaji, Goa (NW)",Fire Force Headquarters
2026-01-08T01:03:26.731Z,GA 07 G 2002-FFHQ(TURN TABLE LADDER),15.487413,73.8172,0,STOP,"Caculo Mall, 16 Shanta, St Inez Rd, Caculo Enclave, Santa Inez, Panaji, Goa (NW)",Fire Force Headquarters
2026-01-08T01:03:26.731Z,GA 07 G 7101-FFHQ(WATER TENDER),15.486933,73.817017,0,STOP,"Caculo Mall, 16 Shanta, St Inez Rd, Caculo Enclave, Santa Inez, Panaji, Goa (NW)",Fire Force Headquarters
2026-01-08T01:03:26.731Z,GA 07 G 7677-FFHQ(EMERGENCY RESCUE),15.487005,73.817436,0,STOP,"Caculo Mall, 16 Shanta, St Inez Rd, Caculo Enclave, Santa Inez, Panaji, Goa (NW)",Fire Force Headquarters
2026-01-08T01:03:26.731Z,GA 07 G 1121-PNJ(EMERGENCY RESCUE),15.487197,73.817276,0,STOP,"Caculo Mall, 16 Shanta, St Inez Rd, Caculo Enclave, Santa Inez, Panaji, Goa (NW)",Fire Station Panaji
2026-01-08T01:03:26.731Z,GA 07 G 1571-FFHQ(QUICK RESPONSE),15.486595,73.817528,0,STOP,"Caculo Mall, 16 Shanta, St Inez Rd, Caculo Enclave, Santa Inez, Panaji, Goa (SW)",Fire Force Headquarters
2026-01-08T01:03:26.731Z,GA 07 G 8101-MAP(WATER TENDER),15.589967,73.808762,0,STOP,At Fire Station Mapusa,Fire Station Mapusa
2026-01-08T01:03:26.731Z,GA 07 G 2317-MRG(EMERGENCY RESCUE TENDER),15.2693983,73.9703199,0,STOP,At Fire Station Margoa,Fire Station Margao
2026-01-08T01:03:26.731Z,GA 07 G 1570-VAS(QUICK RESPONSE FIRE TENDER),15.4054016,73.8930833,0,STOP,"Mendies, National Highway 366, Goa (NE)",Fire Station Vasco
2026-01-08T01:03:26.731Z,GA 07 G 4101-VAS(MS WATER TENDER),15.3888216,73.8512533,0,INACTIVE,At Fire Station Vasco,Fire Station Vasco
2026-01-08T01:03:26.731Z,GA 07 G 0819-VAS(WATER/FOAM TENDER),15.3888067,73.8512617,0,IDLE,At Fire Station Vasco,Fire Station Vasco
2026-01-08T01:03:26.731Z,GA 07 G 7100-MRG(WATER BOUSER),15.2694416,73.9701166,0,STOP,At Fire Station Margoa,Fire Station Margao
2026-01-08T01:03:26.731Z,GA 07 G 1568-MRG(QUICK RESPONSE ),15.26936,73.9704583,0,STOP,At Fire Station Margoa,Fire Station Margao
2026-01-08T01:03:26.731Z,GA 07 G 6101-MRG(WATER TENDER),15.2694199,73.969955,0,STOP,At Fire Station Margoa,Fire Station Margao
2026-01-08T01:03:26.731Z,GA 07 G 1001-MRG(AERIAL LADDER PLATFORM),15.269385,73.97019,0,STOP,At Fire Station Margoa,Fire Station Margao
2026-01-08T01:03:26.731Z,GA 07 G 0820-BIC(WATER TEDNER),15.40271,74.0028017,0,STOP,At Fire Station Ponda ,Fire Station Bicholim
2026-01-08T01:03:26.731Z,GA 07 G 5101-OLG(MS WATER TENDER),15.5001633,73.914055,0,STOP,At Fire Station Old Goa,Fire Station Old Goa
2026-01-08T01:03:26.731Z,GA 07 G 3101-BIC(MS WATER TENDER),15.5894716,73.9465983,3,STOP,At Fire Station Bicholim ,Fire Station Bicholim
2026-01-08T01:03:26.731Z,GA 07 G 1941-BIC(QUICK RESPONSE),15.589475,73.9467283,0,STOP,At Fire Station Bicholim ,Fire Station Bicholim
2026-01-08T01:03:26.731Z,GA 07 G 2319-VAS (EMERGENCY RESCUE TENDER),15.3892083,73.8478433,0,INACTIVE,"155/C, near railway bridge, airport road, Alto-dabolim, Dabolim, Goa (SW)",Fire Station Vasco
2026-01-08T01:03:26.731Z,GA 07 G 3737-VAP(WATER TENDER),15.54645,74.0423016,0,STOP,"SH 1, Honda VP, Goa (SW)",Fire Station Valpoi
2026-01-08T01:03:26.731Z,GA 07 G 2318-PND(EMERGENCY RESCUE TENDER),15.402655,74.0030033,0,STOP,At Fire Station Ponda ,Fire Station Ponda
2026-01-08T01:03:26.731Z,GA 07 G 2004-PND(QUICK RESPONSE),15.4141016,73.9073083,0,INACTIVE,"Guru Hotel, Old Ferry Road, Agaçaim, Goa (SE)",Fire Station Ponda
2026-01-08T01:03:26.731Z,GA 07 G 9101-PND(WATER TENDER),15.4022033,74.0029466,0,STOP,At Fire Station Ponda ,Fire Station Ponda
2026-01-08T01:03:26.731Z,GA 07 G 9797-PND(WATER BOUSER),15.4027433,74.0028966,0,IDLE,At Fire Station Ponda ,Fire Station Ponda
2026-01-08T01:03:26.731Z,GA 07 G 6363-CAN(WATER TENDER),15.0236383,74.0440666,0,STOP,"Canacona, The Lalitrajbaga ,Canacona, Canacona, Goa (NE)",Fire Station Canacona
2026-01-08T01:03:26.731Z,GA 07 G 1567-CAN(QUICK RESPONSE FT),15.0163433,74.0396166,39,INACTIVE,"Canacona, The Lalitrajbaga ,Canacona, Canacona, Goa (SW)",Fire Station Canacona
2026-01-08T01:03:26.731Z,GA 07 G 1569-VRN(QUICK RESPONSE),15.3696816,73.9356849,0,STOP,At Fire Station Verna,Fire Station Verna
2026-01-08T01:03:26.731Z,GA 07 G 9909-VRN(ADVANCE MULTI-PURPOSE),15.36962,73.9357333,0,STOP,At Fire Station Verna,Fire Station Verna
2026-01-08T01:03:26.731Z,GA 07 G 1942-VAP(QUICK RESPONSE),15.531045,74.1388183,0,STOP,At Fire Station Valpoi ,Fire Station Valpoi
2026-01-08T01:03:26.731Z,GA 07 G 2003-CUR(QUICK RESPONSE),15.2603983,74.1037433,0,STOP,At Fire Station Curchorem,Fire Station Curchorem
2026-01-08T01:03:26.731Z,GA 07 G 7447-CUR(EMERGENCY RESCUE),15.2604233,74.10376,0,STOP,At Fire Station Curchorem,Fire Station Curchorem
2026-01-08T01:03:26.731Z,GA 07 G 7557-CUR(WATER TENDER),15.260345,74.1037183,0,STOP,At Fire Station Curchorem,Fire Station Curchorem
2026-01-08T01:03:26.731Z,GA 07 G 7667-CUR(WATER BOUSER),15.26034,74.1038333,0,STOP,At Fire Station Curchorem,Fire Station Curchorem
2026-01-08T01:03:26.731Z,GA 07 G 4989-KUN(WATER TENDER),15.4631883,73.9726567,0,STOP,At Fire Station Kundaim,Fire Station Kundaim
2026-01-08T01:03:26.731Z,GA 07 G 2242-PIL(WATER TENDER),15.53297,73.7940744,0,STOP,At Fire Station Pilerne,Fire Station Pilerne
2026-01-08T01:03:26.731Z,GA 07 G 0681-MAP(QUICK RESPONSE),15.589765,73.808805,0,STOP,At Fire Station Mapusa,Fire Station Mapusa
2026-01-08T01:03:26.731Z,GA 07 G 0307-PER(QUICK RESPONSE),15.7164939,73.7974239,0,INACTIVE,At Fire Station Pernem,Fire Station Pernem
2026-01-08T01:03:26.731Z,GA 07 G 2101-PER(MS WATER TENDER),15.7164339,73.7974506,0,STOP,At Fire Station Pernem,Fire Station Pernem
2026-01-08T01:03:26.731Z,GA 07 G 4600-PER(MINI RESCUE TENDER),15.7165006,73.7975322,0,STOP,At Fire Station Pernem,Fire Station Pernem
2026-01-08T01:03:26.731Z,GA 07 G 7272-PNJ(WATER TENDER),15.4871567,73.8173333,0,STOP,"Caculo Mall, 16 Shanta, St Inez Rd, Caculo Enclave, Santa Inez, Panaji, Goa (NW)",Fire Station Panaji
2026-01-08T01:03:26.731Z,GA07G2384- Cuncolim,15.1862711,74.0209944,0,STOP,At Fire Station Cuncolim,Fire Station Cuncolim
2026-01-08T01:03:26.731Z,GA07G2507 - Mid Size (Water Tender),15.71641,73.79755,0,STOP,At Fire Station Pernem,Fire Station Pernem
2026-01-08T01:03:26.731Z,GA07G2505 - Mid Size (Water Tender),15.5309333,74.1386233,0,STOP,At Fire Station Valpoi ,Fire Station Valpoi
2026-01-08T01:03:26.731Z,GA07G2504 - Mid Size (Water Tender),15.5893133,73.9465083,0,STOP,At Fire Station Bicholim ,Fire Station Bicholim
2026-01-08T01:03:26.731Z,GA07G2503-Mid Size (Water Tender),15.58997,73.80865,0,STOP,At Fire Station Mapusa,Fire Station Mapusa
2026-01-08T01:03:26.731Z,GA07G2502 - Mid Size (Water Tender),15.58982,73.8087483,0,STOP,At Fire Station Mapusa,Fire Force Headquarters
2026-01-08T01:04:25.475Z,GA 07 G 0680-PIL(QUICK RESPONSE VEHICLE),15.532865,73.7939283,0,STOP,At Fire Station Pilerne,Fire Station Pilerne
2026-01-08T01:04:25.475Z,GA07G2506 - Mid Size (Water Tender),15.500418,73.914055,0,STOP,At Fire Station Old Goa,Fire Station Old Goa
2026-01-08T01:04:25.475Z,GA 07 G 5115-POR(MINI WATER TENDER),15.523018,73.829498,0,STOP,At Porvorim Fire Station,Fire Station Porvorim
2026-01-08T01:04:25.475Z,GA 07 G 0350-MRG(WATER TENDER),15.269435,73.97068,0,STOP,At Fire Station Margoa,Fire Station Margao
2026-01-08T01:04:25.475Z,GA 07 G 2900-MAP(MINI RESCUE TENDER),15.59015,73.808701,0,STOP,At Fire Station Mapusa,Fire Station Mapusa
2026-01-08T01:04:25.475Z,GA 07 G 7600-FFHQ(WATER BOUSER),15.487355,73.817284,0,STOP,"Caculo Mall, 16 Shanta, St Inez Rd, Caculo Enclave, Santa Inez, Panaji, Goa (NW)",Fire Force Headquarters
2026-01-08T01:04:25.475Z,GA 07 G 2002-FFHQ(TURN TABLE LADDER),15.487413,73.8172,0,STOP,"Caculo Mall, 16 Shanta, St Inez Rd, Caculo Enclave, Santa Inez, Panaji, Goa (NW)",Fire Force Headquarters
2026-01-08T01:04:25.475Z,GA 07 G 7101-FFHQ(WATER TENDER),15.486933,73.817017,0,STOP,"Caculo Mall, 16 Shanta, St Inez Rd, Caculo Enclave, Santa Inez, Panaji, Goa (NW)",Fire Force Headquarters
2026-01-08T01:04:25.475Z,GA 07 G 7677-FFHQ(EMERGENCY RESCUE),15.487005,73.817436,0,STOP,"Caculo Mall, 16 Shanta, St Inez Rd, Caculo Enclave, Santa Inez, Panaji, Goa (NW)",Fire Force Headquarters
2026-01-08T01:04:25.475Z,GA 07 G 1121-PNJ(EMERGENCY RESCUE),15.487197,73.817276,0,STOP,"Caculo Mall, 16 Shanta, St Inez Rd, Caculo Enclave, Santa Inez, Panaji, Goa (NW)",Fire Station Panaji
2026-01-08T01:04:25.475Z,GA 07 G 1571-FFHQ(QUICK RESPONSE),15.486595,73.817528,0,STOP,"Caculo Mall, 16 Shanta, St Inez Rd, Caculo Enclave, Santa Inez, Panaji, Goa (SW)",Fire Force Headquarters
2026-01-08T01:04:25.475Z,GA 07 G 8101-MAP(WATER TENDER),15.589967,73.808762,0,STOP,At Fire Station Mapusa,Fire Station Mapusa
2026-01-08T01:04:25.475Z,GA 07 G 2317-MRG(EMERGENCY RESCUE TENDER),15.2693983,73.9703199,0,STOP,At Fire Station Margoa,Fire Station Margao
2026-01-08T01:04:25.475Z,GA 07 G 1570-VAS(QUICK RESPONSE FIRE TENDER),15.4054016,73.8930833,0,STOP,"Mendies, National Highway 366, Goa (NE)",Fire Station Vasco
2026-01-08T01:04:25.475Z,GA 07 G 4101-VAS(MS WATER TENDER),15.3888216,73.8512533,0,INACTIVE,At Fire Station Vasco,Fire Station Vasco
2026-01-08T01:04:25.475Z,GA 07 G 0819-VAS(WATER/FOAM TENDER),15.3888067,73.8512617,0,IDLE,At Fire Station Vasco,Fire Station Vasco
2026-01-08T01:04:25.475Z,GA 07 G 7100-MRG(WATER BOUSER),15.2694416,73.9701166,0,STOP,At Fire Station Margoa,Fire Station Margao
2026-01-08T01:04:25.475Z,GA 07 G 1568-MRG(QUICK RESPONSE ),15.26936,73.9704583,0,STOP,At Fire Station Margoa,Fire Station Margao
2026-01-08T01:04:25.475Z,GA 07 G 6101-MRG(WATER TENDER),15.2694199,73.969955,0,STOP,At Fire Station Margoa,Fire Station Margao
2026-01-08T01:04:25.475Z,GA 07 G 1001-MRG(AERIAL LADDER PLATFORM),15.269385,73.97019,0,STOP,At Fire Station Margoa,Fire Station Margao
2026-01-08T01:04:25.475Z,GA 07 G 0820-BIC(WATER TEDNER),15.40271,74.0028017,0,STOP,At Fire Station Ponda ,Fire Station Bicholim
2026-01-08T01:04:25.475Z,GA 07 G 5101-OLG(MS WATER TENDER),15.5001633,73.914055,0,STOP,At Fire Station Old Goa,Fire Station Old Goa
2026-01-08T01:04:25.475Z,GA 07 G 3101-BIC(MS WATER TENDER),15.5894716,73.9465983,1,STOP,At Fire Station Bicholim ,Fire Station Bicholim
2026-01-08T01:04:25.475Z,GA 07 G 1941-BIC(QUICK RESPONSE),15.589475,73.9467283,0,STOP,At Fire Station Bicholim ,Fire Station Bicholim
2026-01-08T01:04:25.475Z,GA 07 G 2319-VAS (EMERGENCY RESCUE TENDER),15.3892083,73.8478433,0,INACTIVE,"155/C, near railway bridge, airport road, Alto-dabolim, Dabolim, Goa (SW)",Fire Station Vasco
2026-01-08T01:04:25.475Z,GA 07 G 3737-VAP(WATER TENDER),15.54645,74.0423016,0,STOP,"SH 1, Honda VP, Goa (SW)",Fire Station Valpoi
2026-01-08T01:04:25.475Z,GA 07 G 2318-PND(EMERGENCY RESCUE TENDER),15.402655,74.0030033,0,STOP,At Fire Station Ponda ,Fire Station Ponda
2026-01-08T01:04:25.475Z,GA 07 G 2004-PND(QUICK RESPONSE),15.4141016,73.9073083,0,INACTIVE,"Guru Hotel, Old Ferry Road, Agaçaim, Goa (SE)",Fire Station Ponda
2026-01-08T01:04:25.475Z,GA 07 G 9101-PND(WATER TENDER),15.4022033,74.0029466,0,STOP,At Fire Station Ponda ,Fire Station Ponda
2026-01-08T01:04:25.475Z,GA 07 G 9797-PND(WATER BOUSER),15.4027433,74.0028966,0,IDLE,At Fire Station Ponda ,Fire Station Ponda
2026-01-08T01:04:25.475Z,GA 07 G 6363-CAN(WATER TENDER),15.0236383,74.0440666,0,STOP,"Canacona, The Lalitrajbaga ,Canacona, Canacona, Goa (NE)",Fire Station Canacona
2026-01-08T01:04:25.475Z,GA 07 G 1567-CAN(QUICK RESPONSE FT),15.0163433,74.0396166,39,INACTIVE,"Canacona, The Lalitrajbaga ,Canacona, Canacona, Goa (SW)",Fire Station Canacona
2026-01-08T01:04:25.475Z,GA 07 G 1569-VRN(QUICK RESPONSE),15.3696816,73.9356849,0,STOP,At Fire Station Verna,Fire Station Verna
2026-01-08T01:04:25.475Z,GA 07 G 9909-VRN(ADVANCE MULTI-PURPOSE),15.36962,73.9357333,0,STOP,At Fire Station Verna,Fire Station Verna
2026-01-08T01:04:25.475Z,GA 07 G 1942-VAP(QUICK RESPONSE),15.531045,74.1388183,0,STOP,At Fire Station Valpoi ,Fire Station Valpoi
2026-01-08T01:04:25.475Z,GA 07 G 2003-CUR(QUICK RESPONSE),15.2603983,74.1037433,0,STOP,At Fire Station Curchorem,Fire Station Curchorem
2026-01-08T01:04:25.475Z,GA 07 G 7447-CUR(EMERGENCY RESCUE),15.2604233,74.10376,0,STOP,At Fire Station Curchorem,Fire Station Curchorem
2026-01-08T01:04:25.475Z,GA 07 G 7557-CUR(WATER TENDER),15.260345,74.1037183,0,STOP,At Fire Station Curchorem,Fire Station Curchorem
2026-01-08T01:04:25.475Z,GA 07 G 7667-CUR(WATER BOUSER),15.26034,74.1038333,0,STOP,At Fire Station Curchorem,Fire Station Curchorem
2026-01-08T01:04:25.475Z,GA 07 G 4989-KUN(WATER TENDER),15.4631883,73.9726567,0,STOP,At Fire Station Kundaim,Fire Station Kundaim
2026-01-08T01:04:25.475Z,GA 07 G 2242-PIL(WATER TENDER),15.53297,73.7940744,0,STOP,At Fire Station Pilerne,Fire Station Pilerne
2026-01-08T01:04:25.475Z,GA 07 G 0681-MAP(QUICK RESPONSE),15.589765,73.808805,0,STOP,At Fire Station Mapusa,Fire Station Mapusa
2026-01-08T01:04:25.475Z,GA 07 G 0307-PER(QUICK RESPONSE),15.7164939,73.7974239,0,INACTIVE,At Fire Station Pernem,Fire Station Pernem
2026-01-08T01:04:25.475Z,GA 07 G 2101-PER(MS WATER TENDER),15.7164339,73.7974506,0,STOP,At Fire Station Pernem,Fire Station Pernem
2026-01-08T01:04:25.475Z,GA 07 G 4600-PER(MINI RESCUE TENDER),15.7165006,73.7975322,0,STOP,At Fire Station Pernem,Fire Station Pernem
2026-01-08T01:04:25.475Z,GA 07 G 7272-PNJ(WATER TENDER),15.4871567,73.8173333,0,STOP,"Caculo Mall, 16 Shanta, St Inez Rd, Caculo Enclave, Santa Inez, Panaji, Goa (NW)",Fire Station Panaji
2026-01-08T01:04:25.475Z,GA07G2384- Cuncolim,15.1862711,74.0209944,0,STOP,At Fire Station Cuncolim,Fire Station Cuncolim
2026-01-08T01:04:25.475Z,GA07G2507 - Mid Size (Water Tender),15.71641,73.79755,0,STOP,At Fire Station Pernem,Fire Station Pernem
2026-01-08T01:04:25.475Z,GA07G2505 - Mid Size (Water Tender),15.5309333,74.1386233,0,STOP,At Fire Station Valpoi ,Fire Station Valpoi
2026-01-08T01:04:25.475Z,GA07G2504 - Mid Size (Water Tender),15.5893133,73.9465083,0,STOP,At Fire Station Bicholim ,Fire Station Bicholim
2026-01-08T01:04:25.475Z,GA07G2503-Mid Size (Water Tender),15.58997,73.80865,0,STOP,At Fire Station Mapusa,Fire Station Mapusa
2026-01-08T01:04:25.475Z,GA07G2502 - Mid Size (Water Tender),15.58982,73.8087483,0,STOP,At Fire Station Mapusa,Fire Force Headquarters
2026-01-08T01:05:26.117Z,GA 07 G 0680-PIL(QUICK RESPONSE VEHICLE),15.532865,73.7939283,0,STOP,At Fire Station Pilerne,Fire Station Pilerne
2026-01-08T01:05:26.117Z,GA07G2506 - Mid Size (Water Tender),15.500418,73.914055,0,STOP,At Fire Station Old Goa,Fire Station Old Goa
2026-01-08T01:05:26.117Z,GA 07 G 5115-POR(MINI WATER TENDER),15.523018,73.829498,0,STOP,At Porvorim Fire Station,Fire Station Porvorim
2026-01-08T01:05:26.117Z,GA 07 G 0350-MRG(WATER TENDER),15.269435,73.97068,0,STOP,At Fire Station Margoa,Fire Station Margao
2026-01-08T01:05:26.117Z,GA 07 G 2900-MAP(MINI RESCUE TENDER),15.59015,73.808701,0,STOP,At Fire Station Mapusa,Fire Station Mapusa
2026-01-08T01:05:26.117Z,GA 07 G 7600-FFHQ(WATER BOUSER),15.487355,73.817284,0,STOP,"Caculo Mall, 16 Shanta, St Inez Rd, Caculo Enclave, Santa Inez, Panaji, Goa (NW)",Fire Force Headquarters
2026-01-08T01:05:26.117Z,GA 07 G 2002-FFHQ(TURN TABLE LADDER),15.487413,73.8172,0,STOP,"Caculo Mall, 16 Shanta, St Inez Rd, Caculo Enclave, Santa Inez, Panaji, Goa (NW)",Fire Force Headquarters
2026-01-08T01:05:26.117Z,GA 07 G 7101-FFHQ(WATER TENDER),15.486933,73.817017,0,STOP,"Caculo Mall, 16 Shanta, St Inez Rd, Caculo Enclave, Santa Inez, Panaji, Goa (NW)",Fire Force Headquarters
2026-01-08T01:05:26.117Z,GA 07 G 7677-FFHQ(EMERGENCY RESCUE),15.487005,73.817436,0,STOP,"Caculo Mall, 16 Shanta, St Inez Rd, Caculo Enclave, Santa Inez, Panaji, Goa (NW)",Fire Force Headquarters
2026-01-08T01:05:26.117Z,GA 07 G 1121-PNJ(EMERGENCY RESCUE),15.487197,73.817276,0,STOP,"Caculo Mall, 16 Shanta, St Inez Rd, Caculo Enclave, Santa Inez, Panaji, Goa (NW)",Fire Station Panaji
2026-01-08T01:05:26.117Z,GA 07 G 1571-FFHQ(QUICK RESPONSE),15.486595,73.817528,0,STOP,"Caculo Mall, 16 Shanta, St Inez Rd, Caculo Enclave, Santa Inez, Panaji, Goa (SW)",Fire Force Headquarters
2026-01-08T01:05:26.117Z,GA 07 G 8101-MAP(WATER TENDER),15.589967,73.808762,0,STOP,At Fire Station Mapusa,Fire Station Mapusa
2026-01-08T01:05:26.117Z,GA 07 G 2317-MRG(EMERGENCY RESCUE TENDER),15.2693583,73.9700933,0,STOP,At Fire Station Margoa,Fire Station Margao
2026-01-08T01:05:26.117Z,GA 07 G 1570-VAS(QUICK RESPONSE FIRE TENDER),15.4054016,73.8930833,0,STOP,"Mendies, National Highway 366, Goa (NE)",Fire Station Vasco
2026-01-08T01:05:26.117Z,GA 07 G 4101-VAS(MS WATER TENDER),15.3888216,73.8512533,0,INACTIVE,At Fire Station Vasco,Fire Station Vasco
2026-01-08T01:05:26.117Z,GA 07 G 0819-VAS(WATER/FOAM TENDER),15.3888067,73.8512617,0,IDLE,At Fire Station Vasco,Fire Station Vasco
2026-01-08T01:05:26.117Z,GA 07 G 7100-MRG(WATER BOUSER),15.2694416,73.9701166,0,STOP,At Fire Station Margoa,Fire Station Margao
2026-01-08T01:05:26.117Z,GA 07 G 1568-MRG(QUICK RESPONSE ),15.26936,73.9704583,0,STOP,At Fire Station Margoa,Fire Station Margao
2026-01-08T01:05:26.117Z,GA 07 G 6101-MRG(WATER TENDER),15.2694199,73.969955,0,STOP,At Fire Station Margoa,Fire Station Margao
2026-01-08T01:05:26.117Z,GA 07 G 1001-MRG(AERIAL LADDER PLATFORM),15.269385,73.97019,0,STOP,At Fire Station Margoa,Fire Station Margao
2026-01-08T01:05:26.117Z,GA 07 G 0820-BIC(WATER TEDNER),15.40271,74.0028017,0,STOP,At Fire Station Ponda ,Fire Station Bicholim
2026-01-08T01:05:26.117Z,GA 07 G 5101-OLG(MS WATER TENDER),15.5001633,73.914055,0,STOP,At Fire Station Old Goa,Fire Station Old Goa
2026-01-08T01:05:26.117Z,GA 07 G 3101-BIC(MS WATER TENDER),15.5894716,73.9465983,1,STOP,At Fire Station Bicholim ,Fire Station Bicholim
2026-01-08T01:05:26.117Z,GA 07 G 1941-BIC(QUICK RESPONSE),15.589475,73.9467283,0,STOP,At Fire Station Bicholim ,Fire Station Bicholim
2026-01-08T01:05:26.117Z,GA 07 G 2319-VAS (EMERGENCY RESCUE TENDER),15.3892083,73.8478433,0,INACTIVE,"155/C, near railway bridge, airport road, Alto-dabolim, Dabolim, Goa (SW)",Fire Station Vasco
2026-01-08T01:05:26.117Z,GA 07 G 3737-VAP(WATER TENDER),15.54645,74.0423016,0,STOP,"SH 1, Honda VP, Goa (SW)",Fire Station Valpoi
2026-01-08T01:05:26.117Z,GA 07 G 2318-PND(EMERGENCY RESCUE TENDER),15.402655,74.0030033,0,STOP,At Fire Station Ponda ,Fire Station Ponda
2026-01-08T01:05:26.117Z,GA 07 G 2004-PND(QUICK RESPONSE),15.4141016,73.9073083,0,INACTIVE,"Guru Hotel, Old Ferry Road, Agaçaim, Goa (SE)",Fire Station Ponda
2026-01-08T01:05:26.117Z,GA 07 G 9101-PND(WATER TENDER),15.4022033,74.0029466,0,STOP,At Fire Station Ponda ,Fire Station Ponda
2026-01-08T01:05:26.117Z,GA 07 G 9797-PND(WATER BOUSER),15.4027433,74.0028966,0,IDLE,At Fire Station Ponda ,Fire Station Ponda
2026-01-08T01:05:26.117Z,GA 07 G 6363-CAN(WATER TENDER),15.0236383,74.0440666,0,STOP,"Canacona, The Lalitrajbaga ,Canacona, Canacona, Goa (NE)",Fire Station Canacona
2026-01-08T01:05:26.117Z,GA 07 G 1567-CAN(QUICK RESPONSE FT),15.0163433,74.0396166,39,INACTIVE,"Canacona, The Lalitrajbaga ,Canacona, Canacona, Goa (SW)",Fire Station Canacona
2026-01-08T01:05:26.117Z,GA 07 G 1569-VRN(QUICK RESPONSE),15.3696816,73.9356849,0,STOP,At Fire Station Verna,Fire Station Verna
2026-01-08T01:05:26.117Z,GA 07 G 9909-VRN(ADVANCE MULTI-PURPOSE),15.36962,73.9357333,0,STOP,At Fire Station Verna,Fire Station Verna
2026-01-08T01:05:26.117Z,GA 07 G 1942-VAP(QUICK RESPONSE),15.531045,74.1388183,0,STOP,At Fire Station Valpoi ,Fire Station Valpoi
2026-01-08T01:05:26.117Z,GA 07 G 2003-CUR(QUICK RESPONSE),15.2603983,74.1037433,0,STOP,At Fire Station Curchorem,Fire Station Curchorem
2026-01-08T01:05:26.117Z,GA 07 G 7447-CUR(EMERGENCY RESCUE),15.2604233,74.10376,0,STOP,At Fire Station Curchorem,Fire Station Curchorem
2026-01-08T01:05:26.117Z,GA 07 G 7557-CUR(WATER TENDER),15.260345,74.1037183,0,STOP,At Fire Station Curchorem,Fire Station Curchorem
2026-01-08T01:05:26.117Z,GA 07 G 7667-CUR(WATER BOUSER),15.26034,74.1038333,0,STOP,At Fire Station Curchorem,Fire Station Curchorem
2026-01-08T01:05:26.117Z,GA 07 G 4989-KUN(WATER TENDER),15.4631883,73.9726567,0,STOP,At Fire Station Kundaim,Fire Station Kundaim
2026-01-08T01:05:26.117Z,GA 07 G 2242-PIL(WATER TENDER),15.53297,73.7940744,0,STOP,At Fire Station Pilerne,Fire Station Pilerne
2026-01-08T01:05:26.117Z,GA 07 G 0681-MAP(QUICK RESPONSE),15.589765,73.808805,0,STOP,At Fire Station Mapusa,Fire Station Mapusa
2026-01-08T01:05:26.117Z,GA 07 G 0307-PER(QUICK RESPONSE),15.7164939,73.7974239,0,INACTIVE,At Fire Station Pernem,Fire Station Pernem
2026-01-08T01:05:26.117Z,GA 07 G 2101-PER(MS WATER TENDER),15.7164339,73.7974506,0,STOP,At Fire Station Pernem,Fire Station Pernem
2026-01-08T01:05:26.117Z,GA 07 G 4600-PER(MINI RESCUE TENDER),15.7165006,73.7975322,0,STOP,At Fire Station Pernem,Fire Station Pernem
2026-01-08T01:05:26.117Z,GA 07 G 7272-PNJ(WATER TENDER),15.4871567,73.8173333,0,STOP,"Caculo Mall, 16 Shanta, St Inez Rd, Caculo Enclave, Santa Inez, Panaji, Goa (NW)",Fire Station Panaji
2026-01-08T01:05:26.117Z,GA07G2384- Cuncolim,15.1862711,74.0209944,0,STOP,At Fire Station Cuncolim,Fire Station Cuncolim
2026-01-08T01:05:26.117Z,GA07G2507 - Mid Size (Water Tender),15.71641,73.79755,0,STOP,At Fire Station Pernem,Fire Station Pernem
2026-01-08T01:05:26.117Z,GA07G2505 - Mid Size (Water Tender),15.5309333,74.1386233,0,STOP,At Fire Station Valpoi ,Fire Station Valpoi
2026-01-08T01:05:26.117Z,GA07G2504 - Mid Size (Water Tender),15.5893133,73.9465083,0,STOP,At Fire Station Bicholim ,Fire Station Bicholim
2026-01-08T01:05:26.117Z,GA07G2503-Mid Size (Water Tender),15.58997,73.80865,0,STOP,At Fire Station Mapusa,Fire Station Mapusa
2026-01-08T01:05:26.117Z,GA07G2502 - Mid Size (Water Tender),15.58982,73.8087483,0,STOP,At Fire Station Mapusa,Fire Force Headquarters
2026-01-08T01:06:25.609Z,GA 07 G 0680-PIL(QUICK RESPONSE VEHICLE),15.532865,73.7939283,0,STOP,At Fire Station Pilerne,Fire Station Pilerne
2026-01-08T01:06:25.609Z,GA07G2506 - Mid Size (Water Tender),15.500418,73.914055,0,STOP,At Fire Station Old Goa,Fire Station Old Goa
2026-01-08T01:06:25.609Z,GA 07 G 5115-POR(MINI WATER TENDER),15.523018,73.829498,0,STOP,At Porvorim Fire Station,Fire Station Porvorim
2026-01-08T01:06:25.609Z,GA 07 G 0350-MRG(WATER TENDER),15.269435,73.97068,0,STOP,At Fire Station Margoa,Fire Station Margao
2026-01-08T01:06:25.609Z,GA 07 G 2900-MAP(MINI RESCUE TENDER),15.59015,73.808701,0,STOP,At Fire Station Mapusa,Fire Station Mapusa
2026-01-08T01:06:25.609Z,GA 07 G 7600-FFHQ(WATER BOUSER),15.487355,73.817284,0,STOP,"Caculo Mall, 16 Shanta, St Inez Rd, Caculo Enclave, Santa Inez, Panaji, Goa (NW)",Fire Force Headquarters
2026-01-08T01:06:25.609Z,GA 07 G 2002-FFHQ(TURN TABLE LADDER),15.487413,73.8172,0,STOP,"Caculo Mall, 16 Shanta, St Inez Rd, Caculo Enclave, Santa Inez, Panaji, Goa (NW)",Fire Force Headquarters
2026-01-08T01:06:25.609Z,GA 07 G 7101-FFHQ(WATER TENDER),15.486933,73.817017,0,STOP,"Caculo Mall, 16 Shanta, St Inez Rd, Caculo Enclave, Santa Inez, Panaji, Goa (NW)",Fire Force Headquarters
2026-01-08T01:06:25.609Z,GA 07 G 7677-FFHQ(EMERGENCY RESCUE),15.487005,73.817436,0,STOP,"Caculo Mall, 16 Shanta, St Inez Rd, Caculo Enclave, Santa Inez, Panaji, Goa (NW)",Fire Force Headquarters
2026-01-08T01:06:25.609Z,GA 07 G 1121-PNJ(EMERGENCY RESCUE),15.487197,73.817276,0,STOP,"Caculo Mall, 16 Shanta, St Inez Rd, Caculo Enclave, Santa Inez, Panaji, Goa (NW)",Fire Station Panaji
2026-01-08T01:06:25.609Z,GA 07 G 1571-FFHQ(QUICK RESPONSE),15.486595,73.817528,0,STOP,"Caculo Mall, 16 Shanta, St Inez Rd, Caculo Enclave, Santa Inez, Panaji, Goa (SW)",Fire Force Headquarters
2026-01-08T01:06:25.609Z,GA 07 G 8101-MAP(WATER TENDER),15.589967,73.808762,0,STOP,At Fire Station Mapusa,Fire Station Mapusa
2026-01-08T01:06:25.609Z,GA 07 G 2317-MRG(EMERGENCY RESCUE TENDER),15.269395,73.9703533,0,STOP,At Fire Station Margoa,Fire Station Margao
2026-01-08T01:06:25.609Z,GA 07 G 1570-VAS(QUICK RESPONSE FIRE TENDER),15.4054016,73.8930833,0,STOP,"Mendies, National Highway 366, Goa (NE)",Fire Station Vasco
2026-01-08T01:06:25.609Z,GA 07 G 4101-VAS(MS WATER TENDER),15.3888216,73.8512533,0,INACTIVE,At Fire Station Vasco,Fire Station Vasco
2026-01-08T01:06:25.609Z,GA 07 G 0819-VAS(WATER/FOAM TENDER),15.3888067,73.8512617,0,IDLE,At Fire Station Vasco,Fire Station Vasco
2026-01-08T01:06:25.609Z,GA 07 G 7100-MRG(WATER BOUSER),15.2694416,73.9701166,0,STOP,At Fire Station Margoa,Fire Station Margao
2026-01-08T01:06:25.609Z,GA 07 G 1568-MRG(QUICK RESPONSE ),15.26936,73.9704583,0,STOP,At Fire Station Margoa,Fire Station Margao
2026-01-08T01:06:25.609Z,GA 07 G 6101-MRG(WATER TENDER),15.2694199,73.969955,0,STOP,At Fire Station Margoa,Fire Station Margao
2026-01-08T01:06:25.609Z,GA 07 G 1001-MRG(AERIAL LADDER PLATFORM),15.269385,73.97019,0,STOP,At Fire Station Margoa,Fire Station Margao
2026-01-08T01:06:25.609Z,GA 07 G 0820-BIC(WATER TEDNER),15.40271,74.0028017,0,STOP,At Fire Station Ponda ,Fire Station Bicholim
2026-01-08T01:06:25.609Z,GA 07 G 5101-OLG(MS WATER TENDER),15.5001633,73.914055,0,STOP,At Fire Station Old Goa,Fire Station Old Goa
2026-01-08T01:06:25.609Z,GA 07 G 3101-BIC(MS WATER TENDER),15.5894716,73.9465983,0,STOP,At Fire Station Bicholim ,Fire Station Bicholim
2026-01-08T01:06:25.609Z,GA 07 G 1941-BIC(QUICK RESPONSE),15.589475,73.9467283,0,STOP,At Fire Station Bicholim ,Fire Station Bicholim
2026-01-08T01:06:25.609Z,GA 07 G 2319-VAS (EMERGENCY RESCUE TENDER),15.3892083,73.8478433,0,INACTIVE,"155/C, near railway bridge, airport road, Alto-dabolim, Dabolim, Goa (SW)",Fire Station Vasco
2026-01-08T01:06:25.609Z,GA 07 G 3737-VAP(WATER TENDER),15.54645,74.0423016,0,STOP,"SH 1, Honda VP, Goa (SW)",Fire Station Valpoi
2026-01-08T01:06:25.609Z,GA 07 G 2318-PND(EMERGENCY RESCUE TENDER),15.402655,74.0030033,0,STOP,At Fire Station Ponda ,Fire Station Ponda
2026-01-08T01:06:25.609Z,GA 07 G 2004-PND(QUICK RESPONSE),15.4141016,73.9073083,0,INACTIVE,"Guru Hotel, Old Ferry Road, Agaçaim, Goa (SE)",Fire Station Ponda
2026-01-08T01:06:25.609Z,GA 07 G 9101-PND(WATER TENDER),15.4022033,74.0029466,0,STOP,At Fire Station Ponda ,Fire Station Ponda
2026-01-08T01:06:25.609Z,GA 07 G 9797-PND(WATER BOUSER),15.4027433,74.0028966,0,IDLE,At Fire Station Ponda ,Fire Station Ponda
2026-01-08T01:06:25.609Z,GA 07 G 6363-CAN(WATER TENDER),15.0236383,74.0440666,0,STOP,"Canacona, The Lalitrajbaga ,Canacona, Canacona, Goa (NE)",Fire Station Canacona
2026-01-08T01:06:25.609Z,GA 07 G 1567-CAN(QUICK RESPONSE FT),15.0163433,74.0396166,39,INACTIVE,"Canacona, The Lalitrajbaga ,Canacona, Canacona, Goa (SW)",Fire Station Canacona
2026-01-08T01:06:25.609Z,GA 07 G 1569-VRN(QUICK RESPONSE),15.3696816,73.9356849,0,STOP,At Fire Station Verna,Fire Station Verna
2026-01-08T01:06:25.609Z,GA 07 G 9909-VRN(ADVANCE MULTI-PURPOSE),15.36962,73.9357333,0,STOP,At Fire Station Verna,Fire Station Verna
2026-01-08T01:06:25.609Z,GA 07 G 1942-VAP(QUICK RESPONSE),15.531045,74.1388183,0,STOP,At Fire Station Valpoi ,Fire Station Valpoi
2026-01-08T01:06:25.609Z,GA 07 G 2003-CUR(QUICK RESPONSE),15.2603983,74.1037433,0,STOP,At Fire Station Curchorem,Fire Station Curchorem
2026-01-08T01:06:25.609Z,GA 07 G 7447-CUR(EMERGENCY RESCUE),15.2604233,74.10376,0,STOP,At Fire Station Curchorem,Fire Station Curchorem
2026-01-08T01:06:25.609Z,GA 07 G 7557-CUR(WATER TENDER),15.260345,74.1037183,0,STOP,At Fire Station Curchorem,Fire Station Curchorem
2026-01-08T01:06:25.609Z,GA 07 G 7667-CUR(WATER BOUSER),15.26034,74.1038333,0,STOP,At Fire Station Curchorem,Fire Station Curchorem
2026-01-08T01:06:25.609Z,GA 07 G 4989-KUN(WATER TENDER),15.4631883,73.9726567,0,STOP,At Fire Station Kundaim,Fire Station Kundaim
2026-01-08T01:06:25.609Z,GA 07 G 2242-PIL(WATER TENDER),15.53297,73.7940744,0,STOP,At Fire Station Pilerne,Fire Station Pilerne
2026-01-08T01:06:25.609Z,GA 07 G 0681-MAP(QUICK RESPONSE),15.589765,73.808805,0,STOP,At Fire Station Mapusa,Fire Station Mapusa
2026-01-08T01:06:25.609Z,GA 07 G 0307-PER(QUICK RESPONSE),15.7164939,73.7974239,0,INACTIVE,At Fire Station Pernem,Fire Station Pernem
2026-01-08T01:06:25.609Z,GA 07 G 2101-PER(MS WATER TENDER),15.7164339,73.7974506,0,STOP,At Fire Station Pernem,Fire Station Pernem
2026-01-08T01:06:25.609Z,GA 07 G 4600-PER(MINI RESCUE TENDER),15.7165006,73.7975322,0,STOP,At Fire Station Pernem,Fire Station Pernem
2026-01-08T01:06:25.609Z,GA 07 G 7272-PNJ(WATER TENDER),15.4871567,73.8173333,0,STOP,"Caculo Mall, 16 Shanta, St Inez Rd, Caculo Enclave, Santa Inez, Panaji, Goa (NW)",Fire Station Panaji
2026-01-08T01:06:25.609Z,GA07G2384- Cuncolim,15.1862711,74.0209944,0,STOP,At Fire Station Cuncolim,Fire Station Cuncolim
2026-01-08T01:06:25.609Z,GA07G2507 - Mid Size (Water Tender),15.71641,73.79755,0,STOP,At Fire Station Pernem,Fire Station Pernem
2026-01-08T01:06:25.609Z,GA07G2505 - Mid Size (Water Tender),15.5309333,74.1386233,0,STOP,At Fire Station Valpoi ,Fire Station Valpoi
2026-01-08T01:06:25.609Z,GA07G2504 - Mid Size (Water Tender),15.5893133,73.9465083,0,STOP,At Fire Station Bicholim ,Fire Station Bicholim
2026-01-08T01:06:25.609Z,GA07G2503-Mid Size (Water Tender),15.58997,73.80865,0,STOP,At Fire Station Mapusa,Fire Station Mapusa
2026-01-08T01:06:25.609Z,GA07G2502 - Mid Size (Water Tender),15.58982,73.8087483,0,STOP,At Fire Station Mapusa,Fire Force Headquarters
2026-01-08T01:07:29.511Z,GA 07 G 0680-PIL(QUICK RESPONSE VEHICLE),15.532865,73.7939283,0,STOP,At Fire Station Pilerne,Fire Station Pilerne
2026-01-08T01:07:29.511Z,GA07G2506 - Mid Size (Water Tender),15.500418,73.914055,0,STOP,At Fire Station Old Goa,Fire Station Old Goa
2026-01-08T01:07:29.511Z,GA 07 G 5115-POR(MINI WATER TENDER),15.523018,73.829498,0,STOP,At Porvorim Fire Station,Fire Station Porvorim
2026-01-08T01:07:29.511Z,GA 07 G 0350-MRG(WATER TENDER),15.269435,73.97068,0,STOP,At Fire Station Margoa,Fire Station Margao
2026-01-08T01:07:29.511Z,GA 07 G 2900-MAP(MINI RESCUE TENDER),15.59015,73.808701,0,STOP,At Fire Station Mapusa,Fire Station Mapusa
2026-01-08T01:07:29.511Z,GA 07 G 7600-FFHQ(WATER BOUSER),15.487355,73.817284,0,STOP,"Caculo Mall, 16 Shanta, St Inez Rd, Caculo Enclave, Santa Inez, Panaji, Goa (NW)",Fire Force Headquarters
2026-01-08T01:07:29.511Z,GA 07 G 2002-FFHQ(TURN TABLE LADDER),15.487413,73.8172,0,STOP,"Caculo Mall, 16 Shanta, St Inez Rd, Caculo Enclave, Santa Inez, Panaji, Goa (NW)",Fire Force Headquarters
2026-01-08T01:07:29.511Z,GA 07 G 7101-FFHQ(WATER TENDER),15.486933,73.817017,0,STOP,"Caculo Mall, 16 Shanta, St Inez Rd, Caculo Enclave, Santa Inez, Panaji, Goa (NW)",Fire Force Headquarters
2026-01-08T01:07:29.511Z,GA 07 G 7677-FFHQ(EMERGENCY RESCUE),15.487005,73.817436,0,STOP,"Caculo Mall, 16 Shanta, St Inez Rd, Caculo Enclave, Santa Inez, Panaji, Goa (NW)",Fire Force Headquarters
2026-01-08T01:07:29.511Z,GA 07 G 1121-PNJ(EMERGENCY RESCUE),15.487197,73.817276,0,STOP,"Caculo Mall, 16 Shanta, St Inez Rd, Caculo Enclave, Santa Inez, Panaji, Goa (NW)",Fire Station Panaji
2026-01-08T01:07:29.511Z,GA 07 G 1571-FFHQ(QUICK RESPONSE),15.486595,73.817528,0,STOP,"Caculo Mall, 16 Shanta, St Inez Rd, Caculo Enclave, Santa Inez, Panaji, Goa (SW)",Fire Force Headquarters
2026-01-08T01:07:29.511Z,GA 07 G 8101-MAP(WATER TENDER),15.589967,73.808762,0,STOP,At Fire Station Mapusa,Fire Station Mapusa
2026-01-08T01:07:29.511Z,GA 07 G 2317-MRG(EMERGENCY RESCUE TENDER),15.2693983,73.9701416,0,STOP,At Fire Station Margoa,Fire Station Margao
2026-01-08T01:07:29.511Z,GA 07 G 1570-VAS(QUICK RESPONSE FIRE TENDER),15.4054016,73.8930833,0,STOP,"Mendies, National Highway 366, Goa (NE)",Fire Station Vasco
2026-01-08T01:07:29.511Z,GA 07 G 4101-VAS(MS WATER TENDER),15.3888216,73.8512533,0,INACTIVE,At Fire Station Vasco,Fire Station Vasco
2026-01-08T01:07:29.511Z,GA 07 G 0819-VAS(WATER/FOAM TENDER),15.3888067,73.8512617,0,IDLE,At Fire Station Vasco,Fire Station Vasco
2026-01-08T01:07:29.511Z,GA 07 G 7100-MRG(WATER BOUSER),15.2694416,73.9701166,0,STOP,At Fire Station Margoa,Fire Station Margao
2026-01-08T01:07:29.511Z,GA 07 G 1568-MRG(QUICK RESPONSE ),15.26936,73.9704583,0,STOP,At Fire Station Margoa,Fire Station Margao
2026-01-08T01:07:29.511Z,GA 07 G 6101-MRG(WATER TENDER),15.2694199,73.969955,0,STOP,At Fire Station Margoa,Fire Station Margao
2026-01-08T01:07:29.511Z,GA 07 G 1001-MRG(AERIAL LADDER PLATFORM),15.269385,73.97019,0,STOP,At Fire Station Margoa,Fire Station Margao
2026-01-08T01:07:29.511Z,GA 07 G 0820-BIC(WATER TEDNER),15.40271,74.0028017,0,STOP,At Fire Station Ponda ,Fire Station Bicholim
2026-01-08T01:07:29.511Z,GA 07 G 5101-OLG(MS WATER TENDER),15.5001633,73.914055,0,STOP,At Fire Station Old Goa,Fire Station Old Goa
2026-01-08T01:07:29.511Z,GA 07 G 3101-BIC(MS WATER TENDER),15.5894716,73.9465983,0,STOP,At Fire Station Bicholim ,Fire Station Bicholim
2026-01-08T01:07:29.511Z,GA 07 G 1941-BIC(QUICK RESPONSE),15.589475,73.9467283,0,STOP,At Fire Station Bicholim ,Fire Station Bicholim
2026-01-08T01:07:29.511Z,GA 07 G 2319-VAS (EMERGENCY RESCUE TENDER),15.3892083,73.8478433,0,STOP,"155/C, near railway bridge, airport road, Alto-dabolim, Dabolim, Goa (SW)",Fire Station Vasco
2026-01-08T01:07:29.511Z,GA 07 G 3737-VAP(WATER TENDER),15.54645,74.0423016,0,STOP,"SH 1, Honda VP, Goa (SW)",Fire Station Valpoi
2026-01-08T01:07:29.511Z,GA 07 G 2318-PND(EMERGENCY RESCUE TENDER),15.402655,74.0030033,0,STOP,At Fire Station Ponda ,Fire Station Ponda
2026-01-08T01:07:29.511Z,GA 07 G 2004-PND(QUICK RESPONSE),15.4141016,73.9073083,0,INACTIVE,"Guru Hotel, Old Ferry Road, Agaçaim, Goa (SE)",Fire Station Ponda
2026-01-08T01:07:29.511Z,GA 07 G 9101-PND(WATER TENDER),15.4022033,74.0029466,0,STOP,At Fire Station Ponda ,Fire Station Ponda
2026-01-08T01:07:29.511Z,GA 07 G 9797-PND(WATER BOUSER),15.4027433,74.0028966,0,IDLE,At Fire Station Ponda ,Fire Station Ponda
2026-01-08T01:07:29.511Z,GA 07 G 6363-CAN(WATER TENDER),15.0236383,74.0440666,0,STOP,"Canacona, The Lalitrajbaga ,Canacona, Canacona, Goa (NE)",Fire Station Canacona
2026-01-08T01:07:29.511Z,GA 07 G 1567-CAN(QUICK RESPONSE FT),15.0163433,74.0396166,39,INACTIVE,"Canacona, The Lalitrajbaga ,Canacona, Canacona, Goa (SW)",Fire Station Canacona
2026-01-08T01:07:29.511Z,GA 07 G 1569-VRN(QUICK RESPONSE),15.3696816,73.9356849,0,STOP,At Fire Station Verna,Fire Station Verna
2026-01-08T01:07:29.511Z,GA 07 G 9909-VRN(ADVANCE MULTI-PURPOSE),15.36962,73.9357333,0,STOP,At Fire Station Verna,Fire Station Verna
2026-01-08T01:07:29.511Z,GA 07 G 1942-VAP(QUICK RESPONSE),15.531045,74.1388183,0,STOP,At Fire Station Valpoi ,Fire Station Valpoi
2026-01-08T01:07:29.511Z,GA 07 G 2003-CUR(QUICK RESPONSE),15.2603983,74.1037433,0,STOP,At Fire Station Curchorem,Fire Station Curchorem
2026-01-08T01:07:29.511Z,GA 07 G 7447-CUR(EMERGENCY RESCUE),15.2604233,74.10376,0,STOP,At Fire Station Curchorem,Fire Station Curchorem
2026-01-08T01:07:29.511Z,GA 07 G 7557-CUR(WATER TENDER),15.260345,74.1037183,0,STOP,At Fire Station Curchorem,Fire Station Curchorem
2026-01-08T01:07:29.511Z,GA 07 G 7667-CUR(WATER BOUSER),15.26034,74.1038333,0,STOP,At Fire Station Curchorem,Fire Station Curchorem
2026-01-08T01:07:29.511Z,GA 07 G 4989-KUN(WATER TENDER),15.4631883,73.9726567,0,STOP,At Fire Station Kundaim,Fire Station Kundaim
2026-01-08T01:07:29.511Z,GA 07 G 2242-PIL(WATER TENDER),15.53297,73.7940744,0,STOP,At Fire Station Pilerne,Fire Station Pilerne
2026-01-08T01:07:29.511Z,GA 07 G 0681-MAP(QUICK RESPONSE),15.589765,73.808805,0,STOP,At Fire Station Mapusa,Fire Station Mapusa
2026-01-08T01:07:29.511Z,GA 07 G 0307-PER(QUICK RESPONSE),15.7164939,73.7974239,0,INACTIVE,At Fire Station Pernem,Fire Station Pernem
2026-01-08T01:07:29.511Z,GA 07 G 2101-PER(MS WATER TENDER),15.7164339,73.7974506,0,STOP,At Fire Station Pernem,Fire Station Pernem
2026-01-08T01:07:29.511Z,GA 07 G 4600-PER(MINI RESCUE TENDER),15.7165006,73.7975322,0,STOP,At Fire Station Pernem,Fire Station Pernem
2026-01-08T01:07:29.511Z,GA 07 G 7272-PNJ(WATER TENDER),15.4871567,73.8173333,0,STOP,"Caculo Mall, 16 Shanta, St Inez Rd, Caculo Enclave, Santa Inez, Panaji, Goa (NW)",Fire Station Panaji
2026-01-08T01:07:29.511Z,GA07G2384- Cuncolim,15.1862711,74.0209944,0,STOP,At Fire Station Cuncolim,Fire Station Cuncolim
2026-01-08T01:07:29.511Z,GA07G2507 - Mid Size (Water Tender),15.71641,73.79755,0,STOP,At Fire Station Pernem,Fire Station Pernem
2026-01-08T01:07:29.511Z,GA07G2505 - Mid Size (Water Tender),15.5309333,74.1386233,0,STOP,At Fire Station Valpoi ,Fire Station Valpoi
2026-01-08T01:07:29.511Z,GA07G2504 - Mid Size (Water Tender),15.5893133,73.9465083,0,STOP,At Fire Station Bicholim ,Fire Station Bicholim
2026-01-08T01:07:29.511Z,GA07G2503-Mid Size (Water Tender),15.58997,73.80865,0,STOP,At Fire Station Mapusa,Fire Station Mapusa
2026-01-08T01:07:29.511Z,GA07G2502 - Mid Size (Water Tender),15.58982,73.8087483,0,STOP,At Fire Station Mapusa,Fire Force Headquarters
2026-01-08T01:08:26.517Z,GA 07 G 0680-PIL(QUICK RESPONSE VEHICLE),15.532865,73.7939283,0,STOP,At Fire Station Pilerne,Fire Station Pilerne
2026-01-08T01:08:26.517Z,GA07G2506 - Mid Size (Water Tender),15.500418,73.914055,0,STOP,At Fire Station Old Goa,Fire Station Old Goa
2026-01-08T01:08:26.517Z,GA 07 G 5115-POR(MINI WATER TENDER),15.523018,73.829498,0,STOP,At Porvorim Fire Station,Fire Station Porvorim
2026-01-08T01:08:26.517Z,GA 07 G 0350-MRG(WATER TENDER),15.269435,73.97068,0,STOP,At Fire Station Margoa,Fire Station Margao
2026-01-08T01:08:26.517Z,GA 07 G 2900-MAP(MINI RESCUE TENDER),15.59015,73.808701,0,STOP,At Fire Station Mapusa,Fire Station Mapusa
2026-01-08T01:08:26.517Z,GA 07 G 7600-FFHQ(WATER BOUSER),15.487355,73.817284,0,STOP,"Caculo Mall, 16 Shanta, St Inez Rd, Caculo Enclave, Santa Inez, Panaji, Goa (NW)",Fire Force Headquarters
2026-01-08T01:08:26.517Z,GA 07 G 2002-FFHQ(TURN TABLE LADDER),15.487413,73.8172,0,STOP,"Caculo Mall, 16 Shanta, St Inez Rd, Caculo Enclave, Santa Inez, Panaji, Goa (NW)",Fire Force Headquarters
2026-01-08T01:08:26.517Z,GA 07 G 7101-FFHQ(WATER TENDER),15.486933,73.817017,0,STOP,"Caculo Mall, 16 Shanta, St Inez Rd, Caculo Enclave, Santa Inez, Panaji, Goa (NW)",Fire Force Headquarters
2026-01-08T01:08:26.517Z,GA 07 G 7677-FFHQ(EMERGENCY RESCUE),15.487005,73.817436,0,STOP,"Caculo Mall, 16 Shanta, St Inez Rd, Caculo Enclave, Santa Inez, Panaji, Goa (NW)",Fire Force Headquarters
2026-01-08T01:08:26.517Z,GA 07 G 1121-PNJ(EMERGENCY RESCUE),15.487197,73.817276,0,STOP,"Caculo Mall, 16 Shanta, St Inez Rd, Caculo Enclave, Santa Inez, Panaji, Goa (NW)",Fire Station Panaji
2026-01-08T01:08:26.517Z,GA 07 G 1571-FFHQ(QUICK RESPONSE),15.486595,73.817528,0,STOP,"Caculo Mall, 16 Shanta, St Inez Rd, Caculo Enclave, Santa Inez, Panaji, Goa (SW)",Fire Force Headquarters
2026-01-08T01:08:26.517Z,GA 07 G 8101-MAP(WATER TENDER),15.589967,73.808762,0,STOP,At Fire Station Mapusa,Fire Station Mapusa
2026-01-08T01:08:26.517Z,GA 07 G 2317-MRG(EMERGENCY RESCUE TENDER),15.2693333,73.97015,0,STOP,At Fire Station Margoa,Fire Station Margao
2026-01-08T01:08:26.517Z,GA 07 G 1570-VAS(QUICK RESPONSE FIRE TENDER),15.4054016,73.8930833,0,STOP,"Mendies, National Highway 366, Goa (NE)",Fire Station Vasco
2026-01-08T01:08:26.517Z,GA 07 G 4101-VAS(MS WATER TENDER),15.3888216,73.8512533,0,INACTIVE,At Fire Station Vasco,Fire Station Vasco
2026-01-08T01:08:26.517Z,GA 07 G 0819-VAS(WATER/FOAM TENDER),15.3888067,73.8512617,0,IDLE,At Fire Station Vasco,Fire Station Vasco
2026-01-08T01:08:26.517Z,GA 07 G 7100-MRG(WATER BOUSER),15.2694416,73.9701166,0,STOP,At Fire Station Margoa,Fire Station Margao
2026-01-08T01:08:26.517Z,GA 07 G 1568-MRG(QUICK RESPONSE ),15.26936,73.9704583,0,STOP,At Fire Station Margoa,Fire Station Margao
2026-01-08T01:08:26.517Z,GA 07 G 6101-MRG(WATER TENDER),15.2694199,73.969955,0,STOP,At Fire Station Margoa,Fire Station Margao
2026-01-08T01:08:26.517Z,GA 07 G 1001-MRG(AERIAL LADDER PLATFORM),15.269385,73.97019,0,STOP,At Fire Station Margoa,Fire Station Margao
2026-01-08T01:08:26.517Z,GA 07 G 0820-BIC(WATER TEDNER),15.40271,74.0028017,0,STOP,At Fire Station Ponda ,Fire Station Bicholim
2026-01-08T01:08:26.517Z,GA 07 G 5101-OLG(MS WATER TENDER),15.5001633,73.914055,0,STOP,At Fire Station Old Goa,Fire Station Old Goa
2026-01-08T01:08:26.517Z,GA 07 G 3101-BIC(MS WATER TENDER),15.5894716,73.9465983,4,STOP,At Fire Station Bicholim ,Fire Station Bicholim
2026-01-08T01:08:26.517Z,GA 07 G 1941-BIC(QUICK RESPONSE),15.589475,73.9467283,0,STOP,At Fire Station Bicholim ,Fire Station Bicholim
2026-01-08T01:08:26.517Z,GA 07 G 2319-VAS (EMERGENCY RESCUE TENDER),15.3892083,73.8478433,0,STOP,"155/C, near railway bridge, airport road, Alto-dabolim, Dabolim, Goa (SW)",Fire Station Vasco
2026-01-08T01:08:26.517Z,GA 07 G 3737-VAP(WATER TENDER),15.54645,74.0423016,0,STOP,"SH 1, Honda VP, Goa (SW)",Fire Station Valpoi
2026-01-08T01:08:26.517Z,GA 07 G 2318-PND(EMERGENCY RESCUE TENDER),15.402655,74.0030033,0,STOP,At Fire Station Ponda ,Fire Station Ponda
2026-01-08T01:08:26.517Z,GA 07 G 2004-PND(QUICK RESPONSE),15.4141016,73.9073083,0,INACTIVE,"Guru Hotel, Old Ferry Road, Agaçaim, Goa (SE)",Fire Station Ponda
2026-01-08T01:08:26.517Z,GA 07 G 9101-PND(WATER TENDER),15.4022033,74.0029466,0,STOP,At Fire Station Ponda ,Fire Station Ponda
2026-01-08T01:08:26.517Z,GA 07 G 9797-PND(WATER BOUSER),15.4027433,74.0028966,0,IDLE,At Fire Station Ponda ,Fire Station Ponda
2026-01-08T01:08:26.517Z,GA 07 G 6363-CAN(WATER TENDER),15.0236383,74.0440666,0,STOP,"Canacona, The Lalitrajbaga ,Canacona, Canacona, Goa (NE)",Fire Station Canacona
2026-01-08T01:08:26.517Z,GA 07 G 1567-CAN(QUICK RESPONSE FT),15.0163433,74.0396166,39,INACTIVE,"Canacona, The Lalitrajbaga ,Canacona, Canacona, Goa (SW)",Fire Station Canacona
2026-01-08T01:08:26.517Z,GA 07 G 1569-VRN(QUICK RESPONSE),15.3696816,73.9356849,0,STOP,At Fire Station Verna,Fire Station Verna
2026-01-08T01:08:26.517Z,GA 07 G 9909-VRN(ADVANCE MULTI-PURPOSE),15.36962,73.9357333,0,STOP,At Fire Station Verna,Fire Station Verna
2026-01-08T01:08:26.517Z,GA 07 G 1942-VAP(QUICK RESPONSE),15.531045,74.1388183,0,STOP,At Fire Station Valpoi ,Fire Station Valpoi
2026-01-08T01:08:26.517Z,GA 07 G 2003-CUR(QUICK RESPONSE),15.2603983,74.1037433,0,STOP,At Fire Station Curchorem,Fire Station Curchorem
2026-01-08T01:08:26.517Z,GA 07 G 7447-CUR(EMERGENCY RESCUE),15.2604233,74.10376,0,STOP,At Fire Station Curchorem,Fire Station Curchorem
2026-01-08T01:08:26.517Z,GA 07 G 7557-CUR(WATER TENDER),15.260345,74.1037183,0,STOP,At Fire Station Curchorem,Fire Station Curchorem
2026-01-08T01:08:26.517Z,GA 07 G 7667-CUR(WATER BOUSER),15.26034,74.1038333,0,STOP,At Fire Station Curchorem,Fire Station Curchorem
2026-01-08T01:08:26.517Z,GA 07 G 4989-KUN(WATER TENDER),15.4631883,73.9726567,0,STOP,At Fire Station Kundaim,Fire Station Kundaim
2026-01-08T01:08:26.517Z,GA 07 G 2242-PIL(WATER TENDER),15.53297,73.7940744,0,STOP,At Fire Station Pilerne,Fire Station Pilerne
2026-01-08T01:08:26.517Z,GA 07 G 0681-MAP(QUICK RESPONSE),15.589765,73.808805,0,STOP,At Fire Station Mapusa,Fire Station Mapusa
2026-01-08T01:08:26.517Z,GA 07 G 0307-PER(QUICK RESPONSE),15.7164939,73.7974239,0,INACTIVE,At Fire Station Pernem,Fire Station Pernem
2026-01-08T01:08:26.517Z,GA 07 G 2101-PER(MS WATER TENDER),15.7164339,73.7974506,0,STOP,At Fire Station Pernem,Fire Station Pernem
2026-01-08T01:08:26.517Z,GA 07 G 4600-PER(MINI RESCUE TENDER),15.7165006,73.7975322,0,STOP,At Fire Station Pernem,Fire Station Pernem
2026-01-08T01:08:26.517Z,GA 07 G 7272-PNJ(WATER TENDER),15.4871567,73.8173333,0,STOP,"Caculo Mall, 16 Shanta, St Inez Rd, Caculo Enclave, Santa Inez, Panaji, Goa (NW)",Fire Station Panaji
2026-01-08T01:08:26.517Z,GA07G2384- Cuncolim,15.1862711,74.0209944,0,STOP,At Fire Station Cuncolim,Fire Station Cuncolim
2026-01-08T01:08:26.517Z,GA07G2507 - Mid Size (Water Tender),15.71641,73.79755,0,STOP,At Fire Station Pernem,Fire Station Pernem
2026-01-08T01:08:26.517Z,GA07G2505 - Mid Size (Water Tender),15.5309333,74.1386233,0,STOP,At Fire Station Valpoi ,Fire Station Valpoi
2026-01-08T01:08:26.517Z,GA07G2504 - Mid Size (Water Tender),15.5893133,73.9465083,0,STOP,At Fire Station Bicholim ,Fire Station Bicholim
2026-01-08T01:08:26.517Z,GA07G2503-Mid Size (Water Tender),15.58997,73.80865,0,STOP,At Fire Station Mapusa,Fire Station Mapusa
2026-01-08T01:08:26.517Z,GA07G2502 - Mid Size (Water Tender),15.58982,73.8087483,0,STOP,At Fire Station Mapusa,Fire Force Headquarters
2026-01-08T01:09:26.535Z,GA 07 G 0680-PIL(QUICK RESPONSE VEHICLE),15.532865,73.7939283,0,STOP,At Fire Station Pilerne,Fire Station Pilerne
2026-01-08T01:09:26.535Z,GA07G2506 - Mid Size (Water Tender),15.500418,73.914055,0,STOP,At Fire Station Old Goa,Fire Station Old Goa
2026-01-08T01:09:26.535Z,GA 07 G 5115-POR(MINI WATER TENDER),15.523018,73.829498,0,STOP,At Porvorim Fire Station,Fire Station Porvorim
2026-01-08T01:09:26.535Z,GA 07 G 0350-MRG(WATER TENDER),15.269435,73.97068,0,STOP,At Fire Station Margoa,Fire Station Margao
2026-01-08T01:09:26.535Z,GA 07 G 2900-MAP(MINI RESCUE TENDER),15.59015,73.808701,0,STOP,At Fire Station Mapusa,Fire Station Mapusa
2026-01-08T01:09:26.535Z,GA 07 G 7600-FFHQ(WATER BOUSER),15.487355,73.817284,0,STOP,"Caculo Mall, 16 Shanta, St Inez Rd, Caculo Enclave, Santa Inez, Panaji, Goa (NW)",Fire Force Headquarters
2026-01-08T01:09:26.535Z,GA 07 G 2002-FFHQ(TURN TABLE LADDER),15.487413,73.8172,0,STOP,"Caculo Mall, 16 Shanta, St Inez Rd, Caculo Enclave, Santa Inez, Panaji, Goa (NW)",Fire Force Headquarters
2026-01-08T01:09:26.535Z,GA 07 G 7101-FFHQ(WATER TENDER),15.486933,73.817017,0,STOP,"Caculo Mall, 16 Shanta, St Inez Rd, Caculo Enclave, Santa Inez, Panaji, Goa (NW)",Fire Force Headquarters
2026-01-08T01:09:26.535Z,GA 07 G 7677-FFHQ(EMERGENCY RESCUE),15.487005,73.817436,0,STOP,"Caculo Mall, 16 Shanta, St Inez Rd, Caculo Enclave, Santa Inez, Panaji, Goa (NW)",Fire Force Headquarters
2026-01-08T01:09:26.535Z,GA 07 G 1121-PNJ(EMERGENCY RESCUE),15.487197,73.817276,0,STOP,"Caculo Mall, 16 Shanta, St Inez Rd, Caculo Enclave, Santa Inez, Panaji, Goa (NW)",Fire Station Panaji
2026-01-08T01:09:26.535Z,GA 07 G 1571-FFHQ(QUICK RESPONSE),15.486595,73.817528,0,STOP,"Caculo Mall, 16 Shanta, St Inez Rd, Caculo Enclave, Santa Inez, Panaji, Goa (SW)",Fire Force Headquarters
2026-01-08T01:09:26.535Z,GA 07 G 8101-MAP(WATER TENDER),15.589967,73.808762,0,STOP,At Fire Station Mapusa,Fire Station Mapusa
2026-01-08T01:09:26.535Z,GA 07 G 2317-MRG(EMERGENCY RESCUE TENDER),15.2693333,73.97015,0,STOP,At Fire Station Margoa,Fire Station Margao
2026-01-08T01:09:26.535Z,GA 07 G 1570-VAS(QUICK RESPONSE FIRE TENDER),15.4054016,73.8930833,0,STOP,"Mendies, National Highway 366, Goa (NE)",Fire Station Vasco
2026-01-08T01:09:26.535Z,GA 07 G 4101-VAS(MS WATER TENDER),15.3888216,73.8512533,0,INACTIVE,At Fire Station Vasco,Fire Station Vasco
2026-01-08T01:09:26.535Z,GA 07 G 0819-VAS(WATER/FOAM TENDER),15.3888067,73.8512617,0,IDLE,At Fire Station Vasco,Fire Station Vasco
2026-01-08T01:09:26.535Z,GA 07 G 7100-MRG(WATER BOUSER),15.2694416,73.9701166,0,STOP,At Fire Station Margoa,Fire Station Margao
2026-01-08T01:09:26.535Z,GA 07 G 1568-MRG(QUICK RESPONSE ),15.26936,73.9704583,0,STOP,At Fire Station Margoa,Fire Station Margao
2026-01-08T01:09:26.535Z,GA 07 G 6101-MRG(WATER TENDER),15.2694199,73.969955,0,STOP,At Fire Station Margoa,Fire Station Margao
2026-01-08T01:09:26.535Z,GA 07 G 1001-MRG(AERIAL LADDER PLATFORM),15.269385,73.97019,0,STOP,At Fire Station Margoa,Fire Station Margao
2026-01-08T01:09:26.535Z,GA 07 G 0820-BIC(WATER TEDNER),15.40271,74.0028017,0,STOP,At Fire Station Ponda ,Fire Station Bicholim
2026-01-08T01:09:26.535Z,GA 07 G 5101-OLG(MS WATER TENDER),15.5001633,73.914055,0,STOP,At Fire Station Old Goa,Fire Station Old Goa
2026-01-08T01:09:26.535Z,GA 07 G 3101-BIC(MS WATER TENDER),15.5894716,73.9465983,4,STOP,At Fire Station Bicholim ,Fire Station Bicholim
2026-01-08T01:09:26.535Z,GA 07 G 1941-BIC(QUICK RESPONSE),15.589475,73.9467283,0,STOP,At Fire Station Bicholim ,Fire Station Bicholim
2026-01-08T01:09:26.535Z,GA 07 G 2319-VAS (EMERGENCY RESCUE TENDER),15.3892083,73.8478433,0,STOP,"155/C, near railway bridge, airport road, Alto-dabolim, Dabolim, Goa (SW)",Fire Station Vasco
2026-01-08T01:09:26.535Z,GA 07 G 3737-VAP(WATER TENDER),15.54645,74.0423016,0,STOP,"SH 1, Honda VP, Goa (SW)",Fire Station Valpoi
2026-01-08T01:09:26.535Z,GA 07 G 2318-PND(EMERGENCY RESCUE TENDER),15.402655,74.0030033,0,STOP,At Fire Station Ponda ,Fire Station Ponda
2026-01-08T01:09:26.535Z,GA 07 G 2004-PND(QUICK RESPONSE),15.4141016,73.9073083,0,INACTIVE,"Guru Hotel, Old Ferry Road, Agaçaim, Goa (SE)",Fire Station Ponda
2026-01-08T01:09:26.535Z,GA 07 G 9101-PND(WATER TENDER),15.4022033,74.0029466,0,STOP,At Fire Station Ponda ,Fire Station Ponda
2026-01-08T01:09:26.535Z,GA 07 G 9797-PND(WATER BOUSER),15.4027433,74.0028966,0,IDLE,At Fire Station Ponda ,Fire Station Ponda
2026-01-08T01:09:26.535Z,GA 07 G 6363-CAN(WATER TENDER),15.0236383,74.0440666,0,STOP,"Canacona, The Lalitrajbaga ,Canacona, Canacona, Goa (NE)",Fire Station Canacona
2026-01-08T01:09:26.535Z,GA 07 G 1567-CAN(QUICK RESPONSE FT),15.0163433,74.0396166,39,INACTIVE,"Canacona, The Lalitrajbaga ,Canacona, Canacona, Goa (SW)",Fire Station Canacona
2026-01-08T01:09:26.535Z,GA 07 G 1569-VRN(QUICK RESPONSE),15.3696816,73.9356849,0,STOP,At Fire Station Verna,Fire Station Verna
2026-01-08T01:09:26.535Z,GA 07 G 9909-VRN(ADVANCE MULTI-PURPOSE),15.36962,73.9357333,0,STOP,At Fire Station Verna,Fire Station Verna
2026-01-08T01:09:26.535Z,GA 07 G 1942-VAP(QUICK RESPONSE),15.531045,74.1388183,0,STOP,At Fire Station Valpoi ,Fire Station Valpoi
2026-01-08T01:09:26.535Z,GA 07 G 2003-CUR(QUICK RESPONSE),15.2603983,74.1037433,0,STOP,At Fire Station Curchorem,Fire Station Curchorem
2026-01-08T01:09:26.535Z,GA 07 G 7447-CUR(EMERGENCY RESCUE),15.2604233,74.10376,0,STOP,At Fire Station Curchorem,Fire Station Curchorem
2026-01-08T01:09:26.535Z,GA 07 G 7557-CUR(WATER TENDER),15.260345,74.1037183,0,STOP,At Fire Station Curchorem,Fire Station Curchorem
2026-01-08T01:09:26.535Z,GA 07 G 7667-CUR(WATER BOUSER),15.26034,74.1038333,0,STOP,At Fire Station Curchorem,Fire Station Curchorem
2026-01-08T01:09:26.535Z,GA 07 G 4989-KUN(WATER TENDER),15.4631883,73.9726567,0,STOP,At Fire Station Kundaim,Fire Station Kundaim
2026-01-08T01:09:26.535Z,GA 07 G 2242-PIL(WATER TENDER),15.53297,73.7940744,0,STOP,At Fire Station Pilerne,Fire Station Pilerne
2026-01-08T01:09:26.535Z,GA 07 G 0681-MAP(QUICK RESPONSE),15.589765,73.808805,0,STOP,At Fire Station Mapusa,Fire Station Mapusa
2026-01-08T01:09:26.535Z,GA 07 G 0307-PER(QUICK RESPONSE),15.7164939,73.7974239,0,INACTIVE,At Fire Station Pernem,Fire Station Pernem
2026-01-08T01:09:26.535Z,GA 07 G 2101-PER(MS WATER TENDER),15.7164339,73.7974506,0,STOP,At Fire Station Pernem,Fire Station Pernem
2026-01-08T01:09:26.535Z,GA 07 G 4600-PER(MINI RESCUE TENDER),15.7165006,73.7975322,0,STOP,At Fire Station Pernem,Fire Station Pernem
2026-01-08T01:09:26.535Z,GA 07 G 7272-PNJ(WATER TENDER),15.4871567,73.8173333,0,STOP,"Caculo Mall, 16 Shanta, St Inez Rd, Caculo Enclave, Santa Inez, Panaji, Goa (NW)",Fire Station Panaji
2026-01-08T01:09:26.535Z,GA07G2384- Cuncolim,15.1862711,74.0209944,0,STOP,At Fire Station Cuncolim,Fire Station Cuncolim
2026-01-08T01:09:26.535Z,GA07G2507 - Mid Size (Water Tender),15.71641,73.79755,0,STOP,At Fire Station Pernem,Fire Station Pernem
2026-01-08T01:09:26.535Z,GA07G2505 - Mid Size (Water Tender),15.5309333,74.1386233,0,STOP,At Fire Station Valpoi ,Fire Station Valpoi
2026-01-08T01:09:26.535Z,GA07G2504 - Mid Size (Water Tender),15.5893133,73.9465083,0,STOP,At Fire Station Bicholim ,Fire Station Bicholim
2026-01-08T01:09:26.535Z,GA07G2503-Mid Size (Water Tender),15.58997,73.80865,0,STOP,At Fire Station Mapusa,Fire Station Mapusa
2026-01-08T01:09:26.535Z,GA07G2502 - Mid Size (Water Tender),15.58982,73.8087483,0,STOP,At Fire Station Mapusa,Fire Force Headquarters
2026-01-08T01:10:59.973Z,GA 07 G 0680-PIL(QUICK RESPONSE VEHICLE),15.532865,73.7939283,0,STOP,At Fire Station Pilerne,Fire Station Pilerne
2026-01-08T01:10:59.973Z,GA07G2506 - Mid Size (Water Tender),15.500418,73.914055,0,STOP,At Fire Station Old Goa,Fire Station Old Goa
2026-01-08T01:10:59.973Z,GA 07 G 5115-POR(MINI WATER TENDER),15.523018,73.829498,0,STOP,At Porvorim Fire Station,Fire Station Porvorim
2026-01-08T01:10:59.973Z,GA 07 G 0350-MRG(WATER TENDER),15.269435,73.97068,0,STOP,At Fire Station Margoa,Fire Station Margao
2026-01-08T01:10:59.973Z,GA 07 G 2900-MAP(MINI RESCUE TENDER),15.59015,73.808701,0,STOP,At Fire Station Mapusa,Fire Station Mapusa
2026-01-08T01:10:59.973Z,GA 07 G 7600-FFHQ(WATER BOUSER),15.487355,73.817284,0,STOP,"Caculo Mall, 16 Shanta, St Inez Rd, Caculo Enclave, Santa Inez, Panaji, Goa (NW)",Fire Force Headquarters
2026-01-08T01:10:59.973Z,GA 07 G 2002-FFHQ(TURN TABLE LADDER),15.487413,73.8172,0,STOP,"Caculo Mall, 16 Shanta, St Inez Rd, Caculo Enclave, Santa Inez, Panaji, Goa (NW)",Fire Force Headquarters
2026-01-08T01:10:59.973Z,GA 07 G 7101-FFHQ(WATER TENDER),15.486933,73.817017,0,STOP,"Caculo Mall, 16 Shanta, St Inez Rd, Caculo Enclave, Santa Inez, Panaji, Goa (NW)",Fire Force Headquarters
2026-01-08T01:10:59.973Z,GA 07 G 7677-FFHQ(EMERGENCY RESCUE),15.487005,73.817436,0,STOP,"Caculo Mall, 16 Shanta, St Inez Rd, Caculo Enclave, Santa Inez, Panaji, Goa (NW)",Fire Force Headquarters
2026-01-08T01:10:59.973Z,GA 07 G 1121-PNJ(EMERGENCY RESCUE),15.487197,73.817276,0,STOP,"Caculo Mall, 16 Shanta, St Inez Rd, Caculo Enclave, Santa Inez, Panaji, Goa (NW)",Fire Station Panaji
2026-01-08T01:10:59.973Z,GA 07 G 1571-FFHQ(QUICK RESPONSE),15.486595,73.817528,0,STOP,"Caculo Mall, 16 Shanta, St Inez Rd, Caculo Enclave, Santa Inez, Panaji, Goa (SW)",Fire Force Headquarters
2026-01-08T01:10:59.973Z,GA 07 G 8101-MAP(WATER TENDER),15.589967,73.808762,0,STOP,At Fire Station Mapusa,Fire Station Mapusa
2026-01-08T01:10:59.973Z,GA 07 G 2317-MRG(EMERGENCY RESCUE TENDER),15.269395,73.970085,0,STOP,At Fire Station Margoa,Fire Station Margao
2026-01-08T01:10:59.973Z,GA 07 G 1570-VAS(QUICK RESPONSE FIRE TENDER),15.4054016,73.8930833,0,STOP,"Mendies, National Highway 366, Goa (NE)",Fire Station Vasco
2026-01-08T01:10:59.973Z,GA 07 G 4101-VAS(MS WATER TENDER),15.3888216,73.8512533,0,INACTIVE,At Fire Station Vasco,Fire Station Vasco
2026-01-08T01:10:59.973Z,GA 07 G 0819-VAS(WATER/FOAM TENDER),15.3888067,73.8512617,0,IDLE,At Fire Station Vasco,Fire Station Vasco
2026-01-08T01:10:59.973Z,GA 07 G 7100-MRG(WATER BOUSER),15.2694416,73.9701166,0,STOP,At Fire Station Margoa,Fire Station Margao
2026-01-08T01:10:59.973Z,GA 07 G 1568-MRG(QUICK RESPONSE ),15.26936,73.9704583,0,STOP,At Fire Station Margoa,Fire Station Margao
2026-01-08T01:10:59.973Z,GA 07 G 6101-MRG(WATER TENDER),15.2694199,73.969955,0,STOP,At Fire Station Margoa,Fire Station Margao
2026-01-08T01:10:59.973Z,GA 07 G 1001-MRG(AERIAL LADDER PLATFORM),15.269385,73.97019,0,STOP,At Fire Station Margoa,Fire Station Margao
2026-01-08T01:10:59.973Z,GA 07 G 0820-BIC(WATER TEDNER),15.40271,74.0028017,0,STOP,At Fire Station Ponda ,Fire Station Bicholim
2026-01-08T01:10:59.973Z,GA 07 G 5101-OLG(MS WATER TENDER),15.5001633,73.914055,0,STOP,At Fire Station Old Goa,Fire Station Old Goa
2026-01-08T01:10:59.973Z,GA 07 G 3101-BIC(MS WATER TENDER),15.5894716,73.9465983,0,STOP,At Fire Station Bicholim ,Fire Station Bicholim
2026-01-08T01:10:59.973Z,GA 07 G 1941-BIC(QUICK RESPONSE),15.589475,73.9467283,0,STOP,At Fire Station Bicholim ,Fire Station Bicholim
2026-01-08T01:10:59.973Z,GA 07 G 2319-VAS (EMERGENCY RESCUE TENDER),15.3892083,73.8478433,0,STOP,"155/C, near railway bridge, airport road, Alto-dabolim, Dabolim, Goa (SW)",Fire Station Vasco
2026-01-08T01:10:59.973Z,GA 07 G 3737-VAP(WATER TENDER),15.54645,74.0423016,0,STOP,"SH 1, Honda VP, Goa (SW)",Fire Station Valpoi
2026-01-08T01:10:59.973Z,GA 07 G 2318-PND(EMERGENCY RESCUE TENDER),15.402655,74.0030033,0,STOP,At Fire Station Ponda ,Fire Station Ponda
2026-01-08T01:10:59.973Z,GA 07 G 2004-PND(QUICK RESPONSE),15.4141016,73.9073083,0,INACTIVE,"Guru Hotel, Old Ferry Road, Agaçaim, Goa (SE)",Fire Station Ponda
2026-01-08T01:10:59.973Z,GA 07 G 9101-PND(WATER TENDER),15.4022033,74.0029466,0,STOP,At Fire Station Ponda ,Fire Station Ponda
2026-01-08T01:10:59.973Z,GA 07 G 9797-PND(WATER BOUSER),15.4027433,74.0028966,0,IDLE,At Fire Station Ponda ,Fire Station Ponda
2026-01-08T01:10:59.973Z,GA 07 G 6363-CAN(WATER TENDER),15.0236383,74.0440666,0,STOP,"Canacona, The Lalitrajbaga ,Canacona, Canacona, Goa (NE)",Fire Station Canacona
2026-01-08T01:10:59.973Z,GA 07 G 1567-CAN(QUICK RESPONSE FT),15.0163433,74.0396166,39,INACTIVE,"Canacona, The Lalitrajbaga ,Canacona, Canacona, Goa (SW)",Fire Station Canacona
2026-01-08T01:10:59.973Z,GA 07 G 1569-VRN(QUICK RESPONSE),15.3696816,73.9356849,0,STOP,At Fire Station Verna,Fire Station Verna
2026-01-08T01:10:59.973Z,GA 07 G 9909-VRN(ADVANCE MULTI-PURPOSE),15.36962,73.9357333,0,STOP,At Fire Station Verna,Fire Station Verna
2026-01-08T01:10:59.973Z,GA 07 G 1942-VAP(QUICK RESPONSE),15.531045,74.1388183,0,STOP,At Fire Station Valpoi ,Fire Station Valpoi
2026-01-08T01:10:59.973Z,GA 07 G 2003-CUR(QUICK RESPONSE),15.2603983,74.1037433,0,STOP,At Fire Station Curchorem,Fire Station Curchorem
2026-01-08T01:10:59.973Z,GA 07 G 7447-CUR(EMERGENCY RESCUE),15.2604233,74.10376,0,STOP,At Fire Station Curchorem,Fire Station Curchorem
2026-01-08T01:10:59.973Z,GA 07 G 7557-CUR(WATER TENDER),15.260345,74.1037183,0,STOP,At Fire Station Curchorem,Fire Station Curchorem
2026-01-08T01:10:59.973Z,GA 07 G 7667-CUR(WATER BOUSER),15.26034,74.1038333,0,STOP,At Fire Station Curchorem,Fire Station Curchorem
2026-01-08T01:10:59.973Z,GA 07 G 4989-KUN(WATER TENDER),15.4631883,73.9726567,0,STOP,At Fire Station Kundaim,Fire Station Kundaim
2026-01-08T01:10:59.973Z,GA 07 G 2242-PIL(WATER TENDER),15.53297,73.7940744,0,STOP,At Fire Station Pilerne,Fire Station Pilerne
2026-01-08T01:10:59.973Z,GA 07 G 0681-MAP(QUICK RESPONSE),15.5897567,73.80874,0,STOP,At Fire Station Mapusa,Fire Station Mapusa
2026-01-08T01:10:59.973Z,GA 07 G 0307-PER(QUICK RESPONSE),15.7164939,73.7974239,0,INACTIVE,At Fire Station Pernem,Fire Station Pernem
2026-01-08T01:10:59.973Z,GA 07 G 2101-PER(MS WATER TENDER),15.7164339,73.7974506,0,STOP,At Fire Station Pernem,Fire Station Pernem
2026-01-08T01:10:59.973Z,GA 07 G 4600-PER(MINI RESCUE TENDER),15.7165006,73.7975322,0,STOP,At Fire Station Pernem,Fire Station Pernem
2026-01-08T01:10:59.973Z,GA 07 G 7272-PNJ(WATER TENDER),15.4871567,73.8173333,0,STOP,"Caculo Mall, 16 Shanta, St Inez Rd, Caculo Enclave, Santa Inez, Panaji, Goa (NW)",Fire Station Panaji
2026-01-08T01:10:59.973Z,GA07G2384- Cuncolim,15.1862711,74.0209944,0,STOP,At Fire Station Cuncolim,Fire Station Cuncolim
2026-01-08T01:10:59.973Z,GA07G2507 - Mid Size (Water Tender),15.71641,73.79755,0,STOP,At Fire Station Pernem,Fire Station Pernem
2026-01-08T01:10:59.973Z,GA07G2505 - Mid Size (Water Tender),15.5309333,74.1386233,0,STOP,At Fire Station Valpoi ,Fire Station Valpoi
2026-01-08T01:10:59.973Z,GA07G2504 - Mid Size (Water Tender),15.5893133,73.9465083,0,STOP,At Fire Station Bicholim ,Fire Station Bicholim
2026-01-08T01:10:59.973Z,GA07G2503-Mid Size (Water Tender),15.58997,73.80865,0,STOP,At Fire Station Mapusa,Fire Station Mapusa
2026-01-08T01:10:59.973Z,GA07G2502 - Mid Size (Water Tender),15.58982,73.8087483,0,STOP,At Fire Station Mapusa,Fire Force Headquarters
2026-01-08T01:11:28.568Z,GA 07 G 0680-PIL(QUICK RESPONSE VEHICLE),15.532865,73.7939283,0,STOP,At Fire Station Pilerne,Fire Station Pilerne
2026-01-08T01:11:28.568Z,GA07G2506 - Mid Size (Water Tender),15.500418,73.914055,0,STOP,At Fire Station Old Goa,Fire Station Old Goa
2026-01-08T01:11:28.568Z,GA 07 G 5115-POR(MINI WATER TENDER),15.523018,73.829498,0,STOP,At Porvorim Fire Station,Fire Station Porvorim
2026-01-08T01:11:28.568Z,GA 07 G 0350-MRG(WATER TENDER),15.269435,73.97068,0,STOP,At Fire Station Margoa,Fire Station Margao
2026-01-08T01:11:28.568Z,GA 07 G 2900-MAP(MINI RESCUE TENDER),15.59015,73.808701,0,STOP,At Fire Station Mapusa,Fire Station Mapusa
2026-01-08T01:11:28.568Z,GA 07 G 7600-FFHQ(WATER BOUSER),15.487355,73.817284,0,STOP,"Caculo Mall, 16 Shanta, St Inez Rd, Caculo Enclave, Santa Inez, Panaji, Goa (NW)",Fire Force Headquarters
2026-01-08T01:11:28.568Z,GA 07 G 2002-FFHQ(TURN TABLE LADDER),15.487413,73.8172,0,STOP,"Caculo Mall, 16 Shanta, St Inez Rd, Caculo Enclave, Santa Inez, Panaji, Goa (NW)",Fire Force Headquarters
2026-01-08T01:11:28.568Z,GA 07 G 7101-FFHQ(WATER TENDER),15.486933,73.817017,0,STOP,"Caculo Mall, 16 Shanta, St Inez Rd, Caculo Enclave, Santa Inez, Panaji, Goa (NW)",Fire Force Headquarters
2026-01-08T01:11:28.568Z,GA 07 G 7677-FFHQ(EMERGENCY RESCUE),15.487005,73.817436,0,STOP,"Caculo Mall, 16 Shanta, St Inez Rd, Caculo Enclave, Santa Inez, Panaji, Goa (NW)",Fire Force Headquarters
2026-01-08T01:11:28.568Z,GA 07 G 1121-PNJ(EMERGENCY RESCUE),15.487197,73.817276,0,STOP,"Caculo Mall, 16 Shanta, St Inez Rd, Caculo Enclave, Santa Inez, Panaji, Goa (NW)",Fire Station Panaji
2026-01-08T01:11:28.568Z,GA 07 G 1571-FFHQ(QUICK RESPONSE),15.486595,73.817528,0,STOP,"Caculo Mall, 16 Shanta, St Inez Rd, Caculo Enclave, Santa Inez, Panaji, Goa (SW)",Fire Force Headquarters
2026-01-08T01:11:28.568Z,GA 07 G 8101-MAP(WATER TENDER),15.589967,73.808762,0,STOP,At Fire Station Mapusa,Fire Station Mapusa
2026-01-08T01:11:28.568Z,GA 07 G 2317-MRG(EMERGENCY RESCUE TENDER),15.269315,73.970125,1,STOP,At Fire Station Margoa,Fire Station Margao
2026-01-08T01:11:28.568Z,GA 07 G 1570-VAS(QUICK RESPONSE FIRE TENDER),15.4054016,73.8930833,0,STOP,"Mendies, National Highway 366, Goa (NE)",Fire Station Vasco
2026-01-08T01:11:28.568Z,GA 07 G 4101-VAS(MS WATER TENDER),15.3888216,73.8512533,0,INACTIVE,At Fire Station Vasco,Fire Station Vasco
2026-01-08T01:11:28.568Z,GA 07 G 0819-VAS(WATER/FOAM TENDER),15.3888067,73.8512617,0,IDLE,At Fire Station Vasco,Fire Station Vasco
2026-01-08T01:11:28.568Z,GA 07 G 7100-MRG(WATER BOUSER),15.2694416,73.9701166,0,STOP,At Fire Station Margoa,Fire Station Margao
2026-01-08T01:11:28.568Z,GA 07 G 1568-MRG(QUICK RESPONSE ),15.26936,73.9704583,0,STOP,At Fire Station Margoa,Fire Station Margao
2026-01-08T01:11:28.568Z,GA 07 G 6101-MRG(WATER TENDER),15.2694199,73.969955,0,STOP,At Fire Station Margoa,Fire Station Margao
2026-01-08T01:11:28.568Z,GA 07 G 1001-MRG(AERIAL LADDER PLATFORM),15.269385,73.97019,0,STOP,At Fire Station Margoa,Fire Station Margao
2026-01-08T01:11:28.568Z,GA 07 G 0820-BIC(WATER TEDNER),15.40271,74.0028017,0,STOP,At Fire Station Ponda ,Fire Station Bicholim
2026-01-08T01:11:28.568Z,GA 07 G 5101-OLG(MS WATER TENDER),15.5001633,73.914055,0,STOP,At Fire Station Old Goa,Fire Station Old Goa
2026-01-08T01:11:28.568Z,GA 07 G 3101-BIC(MS WATER TENDER),15.5894716,73.9465983,0,STOP,At Fire Station Bicholim ,Fire Station Bicholim
2026-01-08T01:11:28.568Z,GA 07 G 1941-BIC(QUICK RESPONSE),15.589475,73.9467283,0,STOP,At Fire Station Bicholim ,Fire Station Bicholim
2026-01-08T01:11:28.568Z,GA 07 G 2319-VAS (EMERGENCY RESCUE TENDER),15.3892083,73.8478433,0,STOP,"155/C, near railway bridge, airport road, Alto-dabolim, Dabolim, Goa (SW)",Fire Station Vasco
2026-01-08T01:11:28.568Z,GA 07 G 3737-VAP(WATER TENDER),15.54645,74.0423016,0,STOP,"SH 1, Honda VP, Goa (SW)",Fire Station Valpoi
2026-01-08T01:11:28.568Z,GA 07 G 2318-PND(EMERGENCY RESCUE TENDER),15.402655,74.0030033,0,STOP,At Fire Station Ponda ,Fire Station Ponda
2026-01-08T01:11:28.568Z,GA 07 G 2004-PND(QUICK RESPONSE),15.4141016,73.9073083,0,INACTIVE,"Guru Hotel, Old Ferry Road, Agaçaim, Goa (SE)",Fire Station Ponda
2026-01-08T01:11:28.568Z,GA 07 G 9101-PND(WATER TENDER),15.4022033,74.0029466,0,STOP,At Fire Station Ponda ,Fire Station Ponda
2026-01-08T01:11:28.568Z,GA 07 G 9797-PND(WATER BOUSER),15.4027433,74.0028966,0,IDLE,At Fire Station Ponda ,Fire Station Ponda
2026-01-08T01:11:28.568Z,GA 07 G 6363-CAN(WATER TENDER),15.0236383,74.0440666,0,STOP,"Canacona, The Lalitrajbaga ,Canacona, Canacona, Goa (NE)",Fire Station Canacona
2026-01-08T01:11:28.568Z,GA 07 G 1567-CAN(QUICK RESPONSE FT),15.0163433,74.0396166,39,INACTIVE,"Canacona, The Lalitrajbaga ,Canacona, Canacona, Goa (SW)",Fire Station Canacona
2026-01-08T01:11:28.568Z,GA 07 G 1569-VRN(QUICK RESPONSE),15.3696816,73.9356849,0,STOP,At Fire Station Verna,Fire Station Verna
2026-01-08T01:11:28.568Z,GA 07 G 9909-VRN(ADVANCE MULTI-PURPOSE),15.36962,73.9357333,0,STOP,At Fire Station Verna,Fire Station Verna
2026-01-08T01:11:28.568Z,GA 07 G 1942-VAP(QUICK RESPONSE),15.531045,74.1388183,0,STOP,At Fire Station Valpoi ,Fire Station Valpoi
2026-01-08T01:11:28.568Z,GA 07 G 2003-CUR(QUICK RESPONSE),15.2603983,74.1037433,0,STOP,At Fire Station Curchorem,Fire Station Curchorem
2026-01-08T01:11:28.568Z,GA 07 G 7447-CUR(EMERGENCY RESCUE),15.2604233,74.10376,0,STOP,At Fire Station Curchorem,Fire Station Curchorem
2026-01-08T01:11:28.568Z,GA 07 G 7557-CUR(WATER TENDER),15.260345,74.1037183,0,STOP,At Fire Station Curchorem,Fire Station Curchorem
2026-01-08T01:11:28.568Z,GA 07 G 7667-CUR(WATER BOUSER),15.26034,74.1038333,0,STOP,At Fire Station Curchorem,Fire Station Curchorem
2026-01-08T01:11:28.568Z,GA 07 G 4989-KUN(WATER TENDER),15.4631883,73.9726567,0,STOP,At Fire Station Kundaim,Fire Station Kundaim
2026-01-08T01:11:28.568Z,GA 07 G 2242-PIL(WATER TENDER),15.53297,73.7940744,0,STOP,At Fire Station Pilerne,Fire Station Pilerne
2026-01-08T01:11:28.568Z,GA 07 G 0681-MAP(QUICK RESPONSE),15.5897567,73.80874,0,STOP,At Fire Station Mapusa,Fire Station Mapusa
2026-01-08T01:11:28.568Z,GA 07 G 0307-PER(QUICK RESPONSE),15.7164939,73.7974239,0,INACTIVE,At Fire Station Pernem,Fire Station Pernem
2026-01-08T01:11:28.568Z,GA 07 G 2101-PER(MS WATER TENDER),15.7164339,73.7974506,0,STOP,At Fire Station Pernem,Fire Station Pernem
2026-01-08T01:11:28.568Z,GA 07 G 4600-PER(MINI RESCUE TENDER),15.7165006,73.7975322,0,STOP,At Fire Station Pernem,Fire Station Pernem
2026-01-08T01:11:28.568Z,GA 07 G 7272-PNJ(WATER TENDER),15.4871567,73.8173333,0,STOP,"Caculo Mall, 16 Shanta, St Inez Rd, Caculo Enclave, Santa Inez, Panaji, Goa (NW)",Fire Station Panaji
2026-01-08T01:11:28.568Z,GA07G2384- Cuncolim,15.1862711,74.0209944,0,STOP,At Fire Station Cuncolim,Fire Station Cuncolim
2026-01-08T01:11:28.568Z,GA07G2507 - Mid Size (Water Tender),15.71641,73.79755,0,STOP,At Fire Station Pernem,Fire Station Pernem
2026-01-08T01:11:28.568Z,GA07G2505 - Mid Size (Water Tender),15.5309333,74.1386233,0,STOP,At Fire Station Valpoi ,Fire Station Valpoi
2026-01-08T01:11:28.568Z,GA07G2504 - Mid Size (Water Tender),15.5893133,73.9465083,0,STOP,At Fire Station Bicholim ,Fire Station Bicholim
2026-01-08T01:11:28.568Z,GA07G2503-Mid Size (Water Tender),15.58997,73.80865,0,STOP,At Fire Station Mapusa,Fire Station Mapusa
2026-01-08T01:11:28.568Z,GA07G2502 - Mid Size (Water Tender),15.58982,73.8087483,0,STOP,At Fire Station Mapusa,Fire Force Headquarters
2026-01-08T01:12:57.825Z,GA 07 G 0680-PIL(QUICK RESPONSE VEHICLE),15.532865,73.7939283,0,STOP,At Fire Station Pilerne,Fire Station Pilerne
2026-01-08T01:12:57.825Z,GA07G2506 - Mid Size (Water Tender),15.500418,73.914055,0,STOP,At Fire Station Old Goa,Fire Station Old Goa
2026-01-08T01:12:57.825Z,GA 07 G 5115-POR(MINI WATER TENDER),15.523018,73.829498,0,STOP,At Porvorim Fire Station,Fire Station Porvorim
2026-01-08T01:12:57.825Z,GA 07 G 0350-MRG(WATER TENDER),15.269435,73.97068,0,STOP,At Fire Station Margoa,Fire Station Margao
2026-01-08T01:12:57.825Z,GA 07 G 2900-MAP(MINI RESCUE TENDER),15.59015,73.808701,0,STOP,At Fire Station Mapusa,Fire Station Mapusa
2026-01-08T01:12:57.825Z,GA 07 G 7600-FFHQ(WATER BOUSER),15.487355,73.817284,0,STOP,"Caculo Mall, 16 Shanta, St Inez Rd, Caculo Enclave, Santa Inez, Panaji, Goa (NW)",Fire Force Headquarters
2026-01-08T01:12:57.825Z,GA 07 G 2002-FFHQ(TURN TABLE LADDER),15.487413,73.8172,0,STOP,"Caculo Mall, 16 Shanta, St Inez Rd, Caculo Enclave, Santa Inez, Panaji, Goa (NW)",Fire Force Headquarters
2026-01-08T01:12:57.825Z,GA 07 G 7101-FFHQ(WATER TENDER),15.486933,73.817017,0,STOP,"Caculo Mall, 16 Shanta, St Inez Rd, Caculo Enclave, Santa Inez, Panaji, Goa (NW)",Fire Force Headquarters
2026-01-08T01:12:57.825Z,GA 07 G 7677-FFHQ(EMERGENCY RESCUE),15.487005,73.817436,0,STOP,"Caculo Mall, 16 Shanta, St Inez Rd, Caculo Enclave, Santa Inez, Panaji, Goa (NW)",Fire Force Headquarters
2026-01-08T01:12:57.825Z,GA 07 G 1121-PNJ(EMERGENCY RESCUE),15.487197,73.817276,0,STOP,"Caculo Mall, 16 Shanta, St Inez Rd, Caculo Enclave, Santa Inez, Panaji, Goa (NW)",Fire Station Panaji
2026-01-08T01:12:57.825Z,GA 07 G 1571-FFHQ(QUICK RESPONSE),15.486595,73.817528,0,STOP,"Caculo Mall, 16 Shanta, St Inez Rd, Caculo Enclave, Santa Inez, Panaji, Goa (SW)",Fire Force Headquarters
2026-01-08T01:12:57.825Z,GA 07 G 8101-MAP(WATER TENDER),15.589967,73.808762,0,STOP,At Fire Station Mapusa,Fire Station Mapusa
2026-01-08T01:12:57.825Z,GA 07 G 2317-MRG(EMERGENCY RESCUE TENDER),15.26937,73.970035,1,STOP,At Fire Station Margoa,Fire Station Margao
2026-01-08T01:12:57.825Z,GA 07 G 1570-VAS(QUICK RESPONSE FIRE TENDER),15.4054016,73.8930833,0,STOP,"Mendies, National Highway 366, Goa (NE)",Fire Station Vasco
2026-01-08T01:12:57.825Z,GA 07 G 4101-VAS(MS WATER TENDER),15.3888216,73.8512533,0,INACTIVE,At Fire Station Vasco,Fire Station Vasco
2026-01-08T01:12:57.825Z,GA 07 G 0819-VAS(WATER/FOAM TENDER),15.3888067,73.8512617,0,IDLE,At Fire Station Vasco,Fire Station Vasco
2026-01-08T01:12:57.825Z,GA 07 G 7100-MRG(WATER BOUSER),15.2694416,73.9701166,0,STOP,At Fire Station Margoa,Fire Station Margao
2026-01-08T01:12:57.825Z,GA 07 G 1568-MRG(QUICK RESPONSE ),15.26936,73.9704583,0,STOP,At Fire Station Margoa,Fire Station Margao
2026-01-08T01:12:57.825Z,GA 07 G 6101-MRG(WATER TENDER),15.2694199,73.969955,0,STOP,At Fire Station Margoa,Fire Station Margao
2026-01-08T01:12:57.825Z,GA 07 G 1001-MRG(AERIAL LADDER PLATFORM),15.269385,73.97019,0,STOP,At Fire Station Margoa,Fire Station Margao
2026-01-08T01:12:57.825Z,GA 07 G 0820-BIC(WATER TEDNER),15.40271,74.0028017,0,STOP,At Fire Station Ponda ,Fire Station Bicholim
2026-01-08T01:12:57.825Z,GA 07 G 5101-OLG(MS WATER TENDER),15.5001633,73.914055,0,STOP,At Fire Station Old Goa,Fire Station Old Goa
2026-01-08T01:12:57.825Z,GA 07 G 3101-BIC(MS WATER TENDER),15.5894716,73.9465983,0,STOP,At Fire Station Bicholim ,Fire Station Bicholim
2026-01-08T01:12:57.825Z,GA 07 G 1941-BIC(QUICK RESPONSE),15.589475,73.9467283,0,STOP,At Fire Station Bicholim ,Fire Station Bicholim
2026-01-08T01:12:57.825Z,GA 07 G 2319-VAS (EMERGENCY RESCUE TENDER),15.3892083,73.8478433,0,STOP,"155/C, near railway bridge, airport road, Alto-dabolim, Dabolim, Goa (SW)",Fire Station Vasco
2026-01-08T01:12:57.825Z,GA 07 G 3737-VAP(WATER TENDER),15.54645,74.0423016,0,STOP,"SH 1, Honda VP, Goa (SW)",Fire Station Valpoi
2026-01-08T01:12:57.825Z,GA 07 G 2318-PND(EMERGENCY RESCUE TENDER),15.402655,74.0030033,0,STOP,At Fire Station Ponda ,Fire Station Ponda
2026-01-08T01:12:57.825Z,GA 07 G 2004-PND(QUICK RESPONSE),15.4141016,73.9073083,0,INACTIVE,"Guru Hotel, Old Ferry Road, Agaçaim, Goa (SE)",Fire Station Ponda
2026-01-08T01:12:57.825Z,GA 07 G 9101-PND(WATER TENDER),15.4022033,74.0029466,0,STOP,At Fire Station Ponda ,Fire Station Ponda
2026-01-08T01:12:57.825Z,GA 07 G 9797-PND(WATER BOUSER),15.4027433,74.0028966,0,IDLE,At Fire Station Ponda ,Fire Station Ponda
2026-01-08T01:12:57.825Z,GA 07 G 6363-CAN(WATER TENDER),15.0236383,74.0440666,0,STOP,"Canacona, The Lalitrajbaga ,Canacona, Canacona, Goa (NE)",Fire Station Canacona
2026-01-08T01:12:57.825Z,GA 07 G 1567-CAN(QUICK RESPONSE FT),15.0163433,74.0396166,39,INACTIVE,"Canacona, The Lalitrajbaga ,Canacona, Canacona, Goa (SW)",Fire Station Canacona
2026-01-08T01:12:57.825Z,GA 07 G 1569-VRN(QUICK RESPONSE),15.3696816,73.9356849,0,STOP,At Fire Station Verna,Fire Station Verna
2026-01-08T01:12:57.825Z,GA 07 G 9909-VRN(ADVANCE MULTI-PURPOSE),15.36962,73.9357333,0,STOP,At Fire Station Verna,Fire Station Verna
2026-01-08T01:12:57.825Z,GA 07 G 1942-VAP(QUICK RESPONSE),15.531045,74.1388183,0,STOP,At Fire Station Valpoi ,Fire Station Valpoi
2026-01-08T01:12:57.825Z,GA 07 G 2003-CUR(QUICK RESPONSE),15.2603983,74.1037433,0,STOP,At Fire Station Curchorem,Fire Station Curchorem
2026-01-08T01:12:57.825Z,GA 07 G 7447-CUR(EMERGENCY RESCUE),15.2604233,74.10376,0,STOP,At Fire Station Curchorem,Fire Station Curchorem
2026-01-08T01:12:57.825Z,GA 07 G 7557-CUR(WATER TENDER),15.260345,74.1037183,0,STOP,At Fire Station Curchorem,Fire Station Curchorem
2026-01-08T01:12:57.825Z,GA 07 G 7667-CUR(WATER BOUSER),15.26034,74.1038333,0,STOP,At Fire Station Curchorem,Fire Station Curchorem
2026-01-08T01:12:57.825Z,GA 07 G 4989-KUN(WATER TENDER),15.4631883,73.9726567,0,STOP,At Fire Station Kundaim,Fire Station Kundaim
2026-01-08T01:12:57.825Z,GA 07 G 2242-PIL(WATER TENDER),15.53297,73.7940744,0,STOP,At Fire Station Pilerne,Fire Station Pilerne
2026-01-08T01:12:57.825Z,GA 07 G 0681-MAP(QUICK RESPONSE),15.5897567,73.80874,0,STOP,At Fire Station Mapusa,Fire Station Mapusa
2026-01-08T01:12:57.825Z,GA 07 G 0307-PER(QUICK RESPONSE),15.7164939,73.7974239,0,INACTIVE,At Fire Station Pernem,Fire Station Pernem
2026-01-08T01:12:57.825Z,GA 07 G 2101-PER(MS WATER TENDER),15.7164339,73.7974506,0,STOP,At Fire Station Pernem,Fire Station Pernem
2026-01-08T01:12:57.825Z,GA 07 G 4600-PER(MINI RESCUE TENDER),15.7165006,73.7975322,0,STOP,At Fire Station Pernem,Fire Station Pernem
2026-01-08T01:12:57.825Z,GA 07 G 7272-PNJ(WATER TENDER),15.4871567,73.8173333,0,STOP,"Caculo Mall, 16 Shanta, St Inez Rd, Caculo Enclave, Santa Inez, Panaji, Goa (NW)",Fire Station Panaji
2026-01-08T01:12:57.825Z,GA07G2384- Cuncolim,15.1862711,74.0209944,0,STOP,At Fire Station Cuncolim,Fire Station Cuncolim
2026-01-08T01:12:57.825Z,GA07G2507 - Mid Size (Water Tender),15.71641,73.79755,0,STOP,At Fire Station Pernem,Fire Station Pernem
2026-01-08T01:12:57.825Z,GA07G2505 - Mid Size (Water Tender),15.5309333,74.1386233,0,STOP,At Fire Station Valpoi ,Fire Station Valpoi
2026-01-08T01:12:57.825Z,GA07G2504 - Mid Size (Water Tender),15.5893133,73.9465083,0,STOP,At Fire Station Bicholim ,Fire Station Bicholim
2026-01-08T01:12:57.825Z,GA07G2503-Mid Size (Water Tender),15.58997,73.80865,0,STOP,At Fire Station Mapusa,Fire Station Mapusa
2026-01-08T01:12:57.825Z,GA07G2502 - Mid Size (Water Tender),15.58982,73.8087483,0,STOP,At Fire Station Mapusa,Fire Force Headquarters
2026-01-08T01:13:28.145Z,GA 07 G 0680-PIL(QUICK RESPONSE VEHICLE),15.532865,73.7939283,0,STOP,At Fire Station Pilerne,Fire Station Pilerne
2026-01-08T01:13:28.145Z,GA07G2506 - Mid Size (Water Tender),15.500418,73.914055,0,STOP,At Fire Station Old Goa,Fire Station Old Goa
2026-01-08T01:13:28.145Z,GA 07 G 5115-POR(MINI WATER TENDER),15.523018,73.829498,0,STOP,At Porvorim Fire Station,Fire Station Porvorim
2026-01-08T01:13:28.145Z,GA 07 G 0350-MRG(WATER TENDER),15.269435,73.97068,0,STOP,At Fire Station Margoa,Fire Station Margao
2026-01-08T01:13:28.145Z,GA 07 G 2900-MAP(MINI RESCUE TENDER),15.59015,73.808701,0,STOP,At Fire Station Mapusa,Fire Station Mapusa
2026-01-08T01:13:28.145Z,GA 07 G 7600-FFHQ(WATER BOUSER),15.487355,73.817284,0,STOP,"Caculo Mall, 16 Shanta, St Inez Rd, Caculo Enclave, Santa Inez, Panaji, Goa (NW)",Fire Force Headquarters
2026-01-08T01:13:28.145Z,GA 07 G 2002-FFHQ(TURN TABLE LADDER),15.487413,73.8172,0,STOP,"Caculo Mall, 16 Shanta, St Inez Rd, Caculo Enclave, Santa Inez, Panaji, Goa (NW)",Fire Force Headquarters
2026-01-08T01:13:28.145Z,GA 07 G 7101-FFHQ(WATER TENDER),15.486933,73.817017,0,STOP,"Caculo Mall, 16 Shanta, St Inez Rd, Caculo Enclave, Santa Inez, Panaji, Goa (NW)",Fire Force Headquarters
2026-01-08T01:13:28.145Z,GA 07 G 7677-FFHQ(EMERGENCY RESCUE),15.487005,73.817436,0,STOP,"Caculo Mall, 16 Shanta, St Inez Rd, Caculo Enclave, Santa Inez, Panaji, Goa (NW)",Fire Force Headquarters
2026-01-08T01:13:28.145Z,GA 07 G 1121-PNJ(EMERGENCY RESCUE),15.487197,73.817276,0,STOP,"Caculo Mall, 16 Shanta, St Inez Rd, Caculo Enclave, Santa Inez, Panaji, Goa (NW)",Fire Station Panaji
2026-01-08T01:13:28.145Z,GA 07 G 1571-FFHQ(QUICK RESPONSE),15.486595,73.817528,0,STOP,"Caculo Mall, 16 Shanta, St Inez Rd, Caculo Enclave, Santa Inez, Panaji, Goa (SW)",Fire Force Headquarters
2026-01-08T01:13:28.145Z,GA 07 G 8101-MAP(WATER TENDER),15.589967,73.808762,0,STOP,At Fire Station Mapusa,Fire Station Mapusa
2026-01-08T01:13:28.145Z,GA 07 G 2317-MRG(EMERGENCY RESCUE TENDER),15.2693316,73.9699633,0,STOP,At Fire Station Margoa,Fire Station Margao
2026-01-08T01:13:28.145Z,GA 07 G 1570-VAS(QUICK RESPONSE FIRE TENDER),15.4054016,73.8930833,0,STOP,"Mendies, National Highway 366, Goa (NE)",Fire Station Vasco
2026-01-08T01:13:28.145Z,GA 07 G 4101-VAS(MS WATER TENDER),15.3888216,73.8512533,0,INACTIVE,At Fire Station Vasco,Fire Station Vasco
2026-01-08T01:13:28.145Z,GA 07 G 0819-VAS(WATER/FOAM TENDER),15.3888067,73.8512617,0,IDLE,At Fire Station Vasco,Fire Station Vasco
2026-01-08T01:13:28.145Z,GA 07 G 7100-MRG(WATER BOUSER),15.2694416,73.9701166,0,STOP,At Fire Station Margoa,Fire Station Margao
2026-01-08T01:13:28.145Z,GA 07 G 1568-MRG(QUICK RESPONSE ),15.26936,73.9704583,0,STOP,At Fire Station Margoa,Fire Station Margao
2026-01-08T01:13:28.145Z,GA 07 G 6101-MRG(WATER TENDER),15.2694199,73.969955,0,STOP,At Fire Station Margoa,Fire Station Margao
2026-01-08T01:13:28.145Z,GA 07 G 1001-MRG(AERIAL LADDER PLATFORM),15.269385,73.97019,0,STOP,At Fire Station Margoa,Fire Station Margao
2026-01-08T01:13:28.145Z,GA 07 G 0820-BIC(WATER TEDNER),15.40271,74.0028017,0,STOP,At Fire Station Ponda ,Fire Station Bicholim
2026-01-08T01:13:28.145Z,GA 07 G 5101-OLG(MS WATER TENDER),15.5001633,73.914055,0,STOP,At Fire Station Old Goa,Fire Station Old Goa
2026-01-08T01:13:28.145Z,GA 07 G 3101-BIC(MS WATER TENDER),15.5894716,73.9465983,0,STOP,At Fire Station Bicholim ,Fire Station Bicholim
2026-01-08T01:13:28.145Z,GA 07 G 1941-BIC(QUICK RESPONSE),15.589475,73.9467283,0,STOP,At Fire Station Bicholim ,Fire Station Bicholim
2026-01-08T01:13:28.145Z,GA 07 G 2319-VAS (EMERGENCY RESCUE TENDER),15.3892083,73.8478433,0,STOP,"155/C, near railway bridge, airport road, Alto-dabolim, Dabolim, Goa (SW)",Fire Station Vasco
2026-01-08T01:13:28.145Z,GA 07 G 3737-VAP(WATER TENDER),15.54645,74.0423016,0,STOP,"SH 1, Honda VP, Goa (SW)",Fire Station Valpoi
2026-01-08T01:13:28.145Z,GA 07 G 2318-PND(EMERGENCY RESCUE TENDER),15.402655,74.0030033,0,STOP,At Fire Station Ponda ,Fire Station Ponda
2026-01-08T01:13:28.145Z,GA 07 G 2004-PND(QUICK RESPONSE),15.4141016,73.9073083,0,INACTIVE,"Guru Hotel, Old Ferry Road, Agaçaim, Goa (SE)",Fire Station Ponda
2026-01-08T01:13:28.145Z,GA 07 G 9101-PND(WATER TENDER),15.4022033,74.0029466,0,STOP,At Fire Station Ponda ,Fire Station Ponda
2026-01-08T01:13:28.145Z,GA 07 G 9797-PND(WATER BOUSER),15.4027433,74.0028966,0,IDLE,At Fire Station Ponda ,Fire Station Ponda
2026-01-08T01:13:28.145Z,GA 07 G 6363-CAN(WATER TENDER),15.0236383,74.0440666,0,STOP,"Canacona, The Lalitrajbaga ,Canacona, Canacona, Goa (NE)",Fire Station Canacona
2026-01-08T01:13:28.145Z,GA 07 G 1567-CAN(QUICK RESPONSE FT),15.0163433,74.0396166,39,INACTIVE,"Canacona, The Lalitrajbaga ,Canacona, Canacona, Goa (SW)",Fire Station Canacona
2026-01-08T01:13:28.145Z,GA 07 G 1569-VRN(QUICK RESPONSE),15.3696816,73.9356849,0,STOP,At Fire Station Verna,Fire Station Verna
2026-01-08T01:13:28.145Z,GA 07 G 9909-VRN(ADVANCE MULTI-PURPOSE),15.36962,73.9357333,0,STOP,At Fire Station Verna,Fire Station Verna
2026-01-08T01:13:28.145Z,GA 07 G 1942-VAP(QUICK RESPONSE),15.531045,74.1388183,0,STOP,At Fire Station Valpoi ,Fire Station Valpoi
2026-01-08T01:13:28.145Z,GA 07 G 2003-CUR(QUICK RESPONSE),15.2603983,74.1037433,0,STOP,At Fire Station Curchorem,Fire Station Curchorem
2026-01-08T01:13:28.145Z,GA 07 G 7447-CUR(EMERGENCY RESCUE),15.2604233,74.10376,0,STOP,At Fire Station Curchorem,Fire Station Curchorem
2026-01-08T01:13:28.145Z,GA 07 G 7557-CUR(WATER TENDER),15.260345,74.1037183,0,STOP,At Fire Station Curchorem,Fire Station Curchorem
2026-01-08T01:13:28.145Z,GA 07 G 7667-CUR(WATER BOUSER),15.26034,74.1038333,0,STOP,At Fire Station Curchorem,Fire Station Curchorem
2026-01-08T01:13:28.145Z,GA 07 G 4989-KUN(WATER TENDER),15.4631883,73.9726567,0,STOP,At Fire Station Kundaim,Fire Station Kundaim
2026-01-08T01:13:28.145Z,GA 07 G 2242-PIL(WATER TENDER),15.53297,73.7940744,0,STOP,At Fire Station Pilerne,Fire Station Pilerne
2026-01-08T01:13:28.145Z,GA 07 G 0681-MAP(QUICK RESPONSE),15.5897567,73.80874,0,STOP,At Fire Station Mapusa,Fire Station Mapusa
2026-01-08T01:13:28.145Z,GA 07 G 0307-PER(QUICK RESPONSE),15.7164939,73.7974239,0,INACTIVE,At Fire Station Pernem,Fire Station Pernem
2026-01-08T01:13:28.145Z,GA 07 G 2101-PER(MS WATER TENDER),15.7164339,73.7974506,0,STOP,At Fire Station Pernem,Fire Station Pernem
2026-01-08T01:13:28.145Z,GA 07 G 4600-PER(MINI RESCUE TENDER),15.7165006,73.7975322,0,STOP,At Fire Station Pernem,Fire Station Pernem
2026-01-08T01:13:28.145Z,GA 07 G 7272-PNJ(WATER TENDER),15.4871567,73.8173333,0,STOP,"Caculo Mall, 16 Shanta, St Inez Rd, Caculo Enclave, Santa Inez, Panaji, Goa (NW)",Fire Station Panaji
2026-01-08T01:13:28.145Z,GA07G2384- Cuncolim,15.1862711,74.0209944,0,STOP,At Fire Station Cuncolim,Fire Station Cuncolim
2026-01-08T01:13:28.145Z,GA07G2507 - Mid Size (Water Tender),15.71641,73.79755,0,STOP,At Fire Station Pernem,Fire Station Pernem
2026-01-08T01:13:28.145Z,GA07G2505 - Mid Size (Water Tender),15.5309333,74.1386233,0,STOP,At Fire Station Valpoi ,Fire Station Valpoi
2026-01-08T01:13:28.145Z,GA07G2504 - Mid Size (Water Tender),15.5893133,73.9465083,0,STOP,At Fire Station Bicholim ,Fire Station Bicholim
2026-01-08T01:13:28.145Z,GA07G2503-Mid Size (Water Tender),15.58997,73.80865,0,STOP,At Fire Station Mapusa,Fire Station Mapusa
2026-01-08T01:13:28.145Z,GA07G2502 - Mid Size (Water Tender),15.58982,73.8087483,0,STOP,At Fire Station Mapusa,Fire Force Headquarters
2026-01-08T01:14:29.200Z,GA 07 G 0680-PIL(QUICK RESPONSE VEHICLE),15.532865,73.7939283,0,STOP,At Fire Station Pilerne,Fire Station Pilerne
2026-01-08T01:14:29.200Z,GA07G2506 - Mid Size (Water Tender),15.500418,73.914055,0,STOP,At Fire Station Old Goa,Fire Station Old Goa
2026-01-08T01:14:29.200Z,GA 07 G 5115-POR(MINI WATER TENDER),15.523018,73.829498,0,STOP,At Porvorim Fire Station,Fire Station Porvorim
2026-01-08T01:14:29.200Z,GA 07 G 0350-MRG(WATER TENDER),15.269435,73.97068,0,STOP,At Fire Station Margoa,Fire Station Margao
2026-01-08T01:14:29.200Z,GA 07 G 2900-MAP(MINI RESCUE TENDER),15.59015,73.808701,0,STOP,At Fire Station Mapusa,Fire Station Mapusa
2026-01-08T01:14:29.200Z,GA 07 G 7600-FFHQ(WATER BOUSER),15.487355,73.817284,0,STOP,"Caculo Mall, 16 Shanta, St Inez Rd, Caculo Enclave, Santa Inez, Panaji, Goa (NW)",Fire Force Headquarters
2026-01-08T01:14:29.200Z,GA 07 G 2002-FFHQ(TURN TABLE LADDER),15.487413,73.8172,0,STOP,"Caculo Mall, 16 Shanta, St Inez Rd, Caculo Enclave, Santa Inez, Panaji, Goa (NW)",Fire Force Headquarters
2026-01-08T01:14:29.200Z,GA 07 G 7101-FFHQ(WATER TENDER),15.486933,73.817017,0,STOP,"Caculo Mall, 16 Shanta, St Inez Rd, Caculo Enclave, Santa Inez, Panaji, Goa (NW)",Fire Force Headquarters
2026-01-08T01:14:29.200Z,GA 07 G 7677-FFHQ(EMERGENCY RESCUE),15.487005,73.817436,0,STOP,"Caculo Mall, 16 Shanta, St Inez Rd, Caculo Enclave, Santa Inez, Panaji, Goa (NW)",Fire Force Headquarters
2026-01-08T01:14:29.200Z,GA 07 G 1121-PNJ(EMERGENCY RESCUE),15.487197,73.817276,0,STOP,"Caculo Mall, 16 Shanta, St Inez Rd, Caculo Enclave, Santa Inez, Panaji, Goa (NW)",Fire Station Panaji
2026-01-08T01:14:29.200Z,GA 07 G 1571-FFHQ(QUICK RESPONSE),15.486595,73.817528,0,STOP,"Caculo Mall, 16 Shanta, St Inez Rd, Caculo Enclave, Santa Inez, Panaji, Goa (SW)",Fire Force Headquarters
2026-01-08T01:14:29.200Z,GA 07 G 8101-MAP(WATER TENDER),15.589967,73.808762,0,STOP,At Fire Station Mapusa,Fire Station Mapusa
2026-01-08T01:14:29.200Z,GA 07 G 2317-MRG(EMERGENCY RESCUE TENDER),15.2693316,73.9699633,0,STOP,At Fire Station Margoa,Fire Station Margao
2026-01-08T01:14:29.200Z,GA 07 G 1570-VAS(QUICK RESPONSE FIRE TENDER),15.4054016,73.8930833,0,STOP,"Mendies, National Highway 366, Goa (NE)",Fire Station Vasco
2026-01-08T01:14:29.200Z,GA 07 G 4101-VAS(MS WATER TENDER),15.3888216,73.8512533,0,INACTIVE,At Fire Station Vasco,Fire Station Vasco
2026-01-08T01:14:29.200Z,GA 07 G 0819-VAS(WATER/FOAM TENDER),15.3888067,73.8512617,0,IDLE,At Fire Station Vasco,Fire Station Vasco
2026-01-08T01:14:29.200Z,GA 07 G 7100-MRG(WATER BOUSER),15.2694416,73.9701166,0,STOP,At Fire Station Margoa,Fire Station Margao
2026-01-08T01:14:29.200Z,GA 07 G 1568-MRG(QUICK RESPONSE ),15.26936,73.9704583,0,STOP,At Fire Station Margoa,Fire Station Margao
2026-01-08T01:14:29.200Z,GA 07 G 6101-MRG(WATER TENDER),15.2694199,73.969955,0,STOP,At Fire Station Margoa,Fire Station Margao
2026-01-08T01:14:29.200Z,GA 07 G 1001-MRG(AERIAL LADDER PLATFORM),15.269385,73.97019,0,STOP,At Fire Station Margoa,Fire Station Margao
2026-01-08T01:14:29.200Z,GA 07 G 0820-BIC(WATER TEDNER),15.40271,74.0028017,0,STOP,At Fire Station Ponda ,Fire Station Bicholim
2026-01-08T01:14:29.200Z,GA 07 G 5101-OLG(MS WATER TENDER),15.5001633,73.914055,0,STOP,At Fire Station Old Goa,Fire Station Old Goa
2026-01-08T01:14:29.200Z,GA 07 G 3101-BIC(MS WATER TENDER),15.5893516,73.94672,4,STOP,At Fire Station Bicholim ,Fire Station Bicholim
2026-01-08T01:14:29.200Z,GA 07 G 1941-BIC(QUICK RESPONSE),15.589475,73.9467283,0,STOP,At Fire Station Bicholim ,Fire Station Bicholim
2026-01-08T01:14:29.200Z,GA 07 G 2319-VAS (EMERGENCY RESCUE TENDER),15.3892083,73.8478433,0,STOP,"155/C, near railway bridge, airport road, Alto-dabolim, Dabolim, Goa (SW)",Fire Station Vasco
2026-01-08T01:14:29.200Z,GA 07 G 3737-VAP(WATER TENDER),15.54645,74.0423016,0,STOP,"SH 1, Honda VP, Goa (SW)",Fire Station Valpoi
2026-01-08T01:14:29.200Z,GA 07 G 2318-PND(EMERGENCY RESCUE TENDER),15.402655,74.0030033,0,STOP,At Fire Station Ponda ,Fire Station Ponda
2026-01-08T01:14:29.200Z,GA 07 G 2004-PND(QUICK RESPONSE),15.4141016,73.9073083,0,INACTIVE,"Guru Hotel, Old Ferry Road, Agaçaim, Goa (SE)",Fire Station Ponda
2026-01-08T01:14:29.200Z,GA 07 G 9101-PND(WATER TENDER),15.4022033,74.0029466,0,STOP,At Fire Station Ponda ,Fire Station Ponda
2026-01-08T01:14:29.200Z,GA 07 G 9797-PND(WATER BOUSER),15.4027433,74.0028966,0,IDLE,At Fire Station Ponda ,Fire Station Ponda
2026-01-08T01:14:29.200Z,GA 07 G 6363-CAN(WATER TENDER),15.0236383,74.0440666,0,STOP,"Canacona, The Lalitrajbaga ,Canacona, Canacona, Goa (NE)",Fire Station Canacona
2026-01-08T01:14:29.200Z,GA 07 G 1567-CAN(QUICK RESPONSE FT),15.0163433,74.0396166,39,INACTIVE,"Canacona, The Lalitrajbaga ,Canacona, Canacona, Goa (SW)",Fire Station Canacona
2026-01-08T01:14:29.200Z,GA 07 G 1569-VRN(QUICK RESPONSE),15.3696816,73.9356849,0,STOP,At Fire Station Verna,Fire Station Verna
2026-01-08T01:14:29.200Z,GA 07 G 9909-VRN(ADVANCE MULTI-PURPOSE),15.36962,73.9357333,0,STOP,At Fire Station Verna,Fire Station Verna
2026-01-08T01:14:29.200Z,GA 07 G 1942-VAP(QUICK RESPONSE),15.531045,74.1388183,0,STOP,At Fire Station Valpoi ,Fire Station Valpoi
2026-01-08T01:14:29.200Z,GA 07 G 2003-CUR(QUICK RESPONSE),15.2603983,74.1037433,0,STOP,At Fire Station Curchorem,Fire Station Curchorem
2026-01-08T01:14:29.200Z,GA 07 G 7447-CUR(EMERGENCY RESCUE),15.2604233,74.10376,0,STOP,At Fire Station Curchorem,Fire Station Curchorem
2026-01-08T01:14:29.200Z,GA 07 G 7557-CUR(WATER TENDER),15.260345,74.1037183,0,STOP,At Fire Station Curchorem,Fire Station Curchorem
2026-01-08T01:14:29.200Z,GA 07 G 7667-CUR(WATER BOUSER),15.26034,74.1038333,0,STOP,At Fire Station Curchorem,Fire Station Curchorem
2026-01-08T01:14:29.200Z,GA 07 G 4989-KUN(WATER TENDER),15.4631883,73.9726567,0,STOP,At Fire Station Kundaim,Fire Station Kundaim
2026-01-08T01:14:29.200Z,GA 07 G 2242-PIL(WATER TENDER),15.53297,73.7940744,0,STOP,At Fire Station Pilerne,Fire Station Pilerne
2026-01-08T01:14:29.200Z,GA 07 G 0681-MAP(QUICK RESPONSE),15.5897567,73.80874,0,STOP,At Fire Station Mapusa,Fire Station Mapusa
2026-01-08T01:14:29.200Z,GA 07 G 0307-PER(QUICK RESPONSE),15.7164939,73.7974239,0,INACTIVE,At Fire Station Pernem,Fire Station Pernem
2026-01-08T01:14:29.200Z,GA 07 G 2101-PER(MS WATER TENDER),15.7164339,73.7974506,0,STOP,At Fire Station Pernem,Fire Station Pernem
2026-01-08T01:14:29.200Z,GA 07 G 4600-PER(MINI RESCUE TENDER),15.7165006,73.7975322,0,STOP,At Fire Station Pernem,Fire Station Pernem
2026-01-08T01:14:29.200Z,GA 07 G 7272-PNJ(WATER TENDER),15.4871567,73.8173333,0,STOP,"Caculo Mall, 16 Shanta, St Inez Rd, Caculo Enclave, Santa Inez, Panaji, Goa (NW)",Fire Station Panaji
2026-01-08T01:14:29.200Z,GA07G2384- Cuncolim,15.1862711,74.0209944,0,STOP,At Fire Station Cuncolim,Fire Station Cuncolim
2026-01-08T01:14:29.200Z,GA07G2507 - Mid Size (Water Tender),15.71641,73.79755,0,STOP,At Fire Station Pernem,Fire Station Pernem
2026-01-08T01:14:29.200Z,GA07G2505 - Mid Size (Water Tender),15.5309333,74.1386233,0,STOP,At Fire Station Valpoi ,Fire Station Valpoi
2026-01-08T01:14:29.200Z,GA07G2504 - Mid Size (Water Tender),15.5893133,73.9465083,0,STOP,At Fire Station Bicholim ,Fire Station Bicholim
2026-01-08T01:14:29.200Z,GA07G2503-Mid Size (Water Tender),15.58997,73.80865,0,STOP,At Fire Station Mapusa,Fire Station Mapusa
2026-01-08T01:14:29.200Z,GA07G2502 - Mid Size (Water Tender),15.58982,73.8087483,0,STOP,At Fire Station Mapusa,Fire Force Headquarters
2026-01-08T01:15:27.484Z,GA 07 G 0680-PIL(QUICK RESPONSE VEHICLE),15.532865,73.7939283,0,STOP,At Fire Station Pilerne,Fire Station Pilerne
2026-01-08T01:15:27.484Z,GA07G2506 - Mid Size (Water Tender),15.500418,73.914055,0,STOP,At Fire Station Old Goa,Fire Station Old Goa
2026-01-08T01:15:27.484Z,GA 07 G 5115-POR(MINI WATER TENDER),15.523018,73.829498,0,STOP,At Porvorim Fire Station,Fire Station Porvorim
2026-01-08T01:15:27.484Z,GA 07 G 0350-MRG(WATER TENDER),15.269435,73.97068,0,STOP,At Fire Station Margoa,Fire Station Margao
2026-01-08T01:15:27.484Z,GA 07 G 2900-MAP(MINI RESCUE TENDER),15.59015,73.808701,0,STOP,At Fire Station Mapusa,Fire Station Mapusa
2026-01-08T01:15:27.484Z,GA 07 G 7600-FFHQ(WATER BOUSER),15.487355,73.817284,0,STOP,"Caculo Mall, 16 Shanta, St Inez Rd, Caculo Enclave, Santa Inez, Panaji, Goa (NW)",Fire Force Headquarters
2026-01-08T01:15:27.484Z,GA 07 G 2002-FFHQ(TURN TABLE LADDER),15.487413,73.8172,0,STOP,"Caculo Mall, 16 Shanta, St Inez Rd, Caculo Enclave, Santa Inez, Panaji, Goa (NW)",Fire Force Headquarters
2026-01-08T01:15:27.484Z,GA 07 G 7101-FFHQ(WATER TENDER),15.486933,73.817017,0,STOP,"Caculo Mall, 16 Shanta, St Inez Rd, Caculo Enclave, Santa Inez, Panaji, Goa (NW)",Fire Force Headquarters
2026-01-08T01:15:27.484Z,GA 07 G 7677-FFHQ(EMERGENCY RESCUE),15.487005,73.817436,0,STOP,"Caculo Mall, 16 Shanta, St Inez Rd, Caculo Enclave, Santa Inez, Panaji, Goa (NW)",Fire Force Headquarters
2026-01-08T01:15:27.484Z,GA 07 G 1121-PNJ(EMERGENCY RESCUE),15.487197,73.817276,0,STOP,"Caculo Mall, 16 Shanta, St Inez Rd, Caculo Enclave, Santa Inez, Panaji, Goa (NW)",Fire Station Panaji
2026-01-08T01:15:27.484Z,GA 07 G 1571-FFHQ(QUICK RESPONSE),15.486595,73.817528,0,STOP,"Caculo Mall, 16 Shanta, St Inez Rd, Caculo Enclave, Santa Inez, Panaji, Goa (SW)",Fire Force Headquarters
2026-01-08T01:15:27.484Z,GA 07 G 8101-MAP(WATER TENDER),15.589967,73.808762,0,STOP,At Fire Station Mapusa,Fire Station Mapusa
2026-01-08T01:15:27.484Z,GA 07 G 2317-MRG(EMERGENCY RESCUE TENDER),15.2693966,73.9701416,0,STOP,At Fire Station Margoa,Fire Station Margao
2026-01-08T01:15:27.484Z,GA 07 G 1570-VAS(QUICK RESPONSE FIRE TENDER),15.4054016,73.8930833,0,STOP,"Mendies, National Highway 366, Goa (NE)",Fire Station Vasco
2026-01-08T01:15:27.484Z,GA 07 G 4101-VAS(MS WATER TENDER),15.3888216,73.8512533,0,INACTIVE,At Fire Station Vasco,Fire Station Vasco
2026-01-08T01:15:27.484Z,GA 07 G 0819-VAS(WATER/FOAM TENDER),15.3888067,73.8512617,0,IDLE,At Fire Station Vasco,Fire Station Vasco
2026-01-08T01:15:27.484Z,GA 07 G 7100-MRG(WATER BOUSER),15.2694416,73.9701166,0,STOP,At Fire Station Margoa,Fire Station Margao
2026-01-08T01:15:27.484Z,GA 07 G 1568-MRG(QUICK RESPONSE ),15.26936,73.9704583,0,STOP,At Fire Station Margoa,Fire Station Margao
2026-01-08T01:15:27.484Z,GA 07 G 6101-MRG(WATER TENDER),15.2694199,73.969955,0,STOP,At Fire Station Margoa,Fire Station Margao
2026-01-08T01:15:27.484Z,GA 07 G 1001-MRG(AERIAL LADDER PLATFORM),15.269385,73.97019,0,STOP,At Fire Station Margoa,Fire Station Margao
2026-01-08T01:15:27.484Z,GA 07 G 0820-BIC(WATER TEDNER),15.40271,74.0028017,0,STOP,At Fire Station Ponda ,Fire Station Bicholim
2026-01-08T01:15:27.484Z,GA 07 G 5101-OLG(MS WATER TENDER),15.5001633,73.914055,0,STOP,At Fire Station Old Goa,Fire Station Old Goa
2026-01-08T01:15:27.484Z,GA 07 G 3101-BIC(MS WATER TENDER),15.5893516,73.94672,1,STOP,At Fire Station Bicholim ,Fire Station Bicholim
2026-01-08T01:15:27.484Z,GA 07 G 1941-BIC(QUICK RESPONSE),15.589475,73.9467283,0,STOP,At Fire Station Bicholim ,Fire Station Bicholim
2026-01-08T01:15:27.484Z,GA 07 G 2319-VAS (EMERGENCY RESCUE TENDER),15.3892083,73.8478433,0,STOP,"155/C, near railway bridge, airport road, Alto-dabolim, Dabolim, Goa (SW)",Fire Station Vasco
2026-01-08T01:15:27.484Z,GA 07 G 3737-VAP(WATER TENDER),15.54645,74.0423016,0,STOP,"SH 1, Honda VP, Goa (SW)",Fire Station Valpoi
2026-01-08T01:15:27.484Z,GA 07 G 2318-PND(EMERGENCY RESCUE TENDER),15.402655,74.0030033,0,STOP,At Fire Station Ponda ,Fire Station Ponda
2026-01-08T01:15:27.484Z,GA 07 G 2004-PND(QUICK RESPONSE),15.4141016,73.9073083,0,INACTIVE,"Guru Hotel, Old Ferry Road, Agaçaim, Goa (SE)",Fire Station Ponda
2026-01-08T01:15:27.484Z,GA 07 G 9101-PND(WATER TENDER),15.4022033,74.0029466,0,STOP,At Fire Station Ponda ,Fire Station Ponda
2026-01-08T01:15:27.484Z,GA 07 G 9797-PND(WATER BOUSER),15.4027433,74.0028966,0,IDLE,At Fire Station Ponda ,Fire Station Ponda
2026-01-08T01:15:27.484Z,GA 07 G 6363-CAN(WATER TENDER),15.0236383,74.0440666,0,STOP,"Canacona, The Lalitrajbaga ,Canacona, Canacona, Goa (NE)",Fire Station Canacona
2026-01-08T01:15:27.484Z,GA 07 G 1567-CAN(QUICK RESPONSE FT),15.0163433,74.0396166,39,INACTIVE,"Canacona, The Lalitrajbaga ,Canacona, Canacona, Goa (SW)",Fire Station Canacona
2026-01-08T01:15:27.484Z,GA 07 G 1569-VRN(QUICK RESPONSE),15.3696816,73.9356849,0,STOP,At Fire Station Verna,Fire Station Verna
2026-01-08T01:15:27.484Z,GA 07 G 9909-VRN(ADVANCE MULTI-PURPOSE),15.36962,73.9357333,0,STOP,At Fire Station Verna,Fire Station Verna
2026-01-08T01:15:27.484Z,GA 07 G 1942-VAP(QUICK RESPONSE),15.531045,74.1388183,0,STOP,At Fire Station Valpoi ,Fire Station Valpoi
2026-01-08T01:15:27.484Z,GA 07 G 2003-CUR(QUICK RESPONSE),15.2603983,74.1037433,0,STOP,At Fire Station Curchorem,Fire Station Curchorem
2026-01-08T01:15:27.484Z,GA 07 G 7447-CUR(EMERGENCY RESCUE),15.2604233,74.10376,0,STOP,At Fire Station Curchorem,Fire Station Curchorem
2026-01-08T01:15:27.484Z,GA 07 G 7557-CUR(WATER TENDER),15.260345,74.1037183,0,STOP,At Fire Station Curchorem,Fire Station Curchorem
2026-01-08T01:15:27.484Z,GA 07 G 7667-CUR(WATER BOUSER),15.26034,74.1038333,0,STOP,At Fire Station Curchorem,Fire Station Curchorem
2026-01-08T01:15:27.484Z,GA 07 G 4989-KUN(WATER TENDER),15.4631883,73.9726567,0,STOP,At Fire Station Kundaim,Fire Station Kundaim
2026-01-08T01:15:27.484Z,GA 07 G 2242-PIL(WATER TENDER),15.53297,73.7940744,0,STOP,At Fire Station Pilerne,Fire Station Pilerne
2026-01-08T01:15:27.484Z,GA 07 G 0681-MAP(QUICK RESPONSE),15.5897567,73.80874,0,STOP,At Fire Station Mapusa,Fire Station Mapusa
2026-01-08T01:15:27.484Z,GA 07 G 0307-PER(QUICK RESPONSE),15.7164939,73.7974239,0,INACTIVE,At Fire Station Pernem,Fire Station Pernem
2026-01-08T01:15:27.484Z,GA 07 G 2101-PER(MS WATER TENDER),15.7164339,73.7974506,0,STOP,At Fire Station Pernem,Fire Station Pernem
2026-01-08T01:15:27.484Z,GA 07 G 4600-PER(MINI RESCUE TENDER),15.7165006,73.7975322,0,STOP,At Fire Station Pernem,Fire Station Pernem
2026-01-08T01:15:27.484Z,GA 07 G 7272-PNJ(WATER TENDER),15.4871567,73.8173333,0,STOP,"Caculo Mall, 16 Shanta, St Inez Rd, Caculo Enclave, Santa Inez, Panaji, Goa (NW)",Fire Station Panaji
2026-01-08T01:15:27.484Z,GA07G2384- Cuncolim,15.1862711,74.0209944,0,STOP,At Fire Station Cuncolim,Fire Station Cuncolim
2026-01-08T01:15:27.484Z,GA07G2507 - Mid Size (Water Tender),15.71641,73.79755,0,STOP,At Fire Station Pernem,Fire Station Pernem
2026-01-08T01:15:27.484Z,GA07G2505 - Mid Size (Water Tender),15.5309333,74.1386233,0,STOP,At Fire Station Valpoi ,Fire Station Valpoi
2026-01-08T01:15:27.484Z,GA07G2504 - Mid Size (Water Tender),15.5893133,73.9465083,0,STOP,At Fire Station Bicholim ,Fire Station Bicholim
2026-01-08T01:15:27.484Z,GA07G2503-Mid Size (Water Tender),15.58997,73.80865,0,STOP,At Fire Station Mapusa,Fire Station Mapusa
2026-01-08T01:15:27.484Z,GA07G2502 - Mid Size (Water Tender),15.58982,73.8087483,0,STOP,At Fire Station Mapusa,Fire Force Headquarters
2026-01-08T01:17:01.235Z,GA 07 G 0680-PIL(QUICK RESPONSE VEHICLE),15.532865,73.7939283,0,STOP,At Fire Station Pilerne,Fire Station Pilerne
2026-01-08T01:17:01.235Z,GA07G2506 - Mid Size (Water Tender),15.500418,73.914055,0,STOP,At Fire Station Old Goa,Fire Station Old Goa
2026-01-08T01:17:01.235Z,GA 07 G 5115-POR(MINI WATER TENDER),15.523018,73.829498,0,STOP,At Porvorim Fire Station,Fire Station Porvorim
2026-01-08T01:17:01.235Z,GA 07 G 0350-MRG(WATER TENDER),15.269435,73.97068,0,STOP,At Fire Station Margoa,Fire Station Margao
2026-01-08T01:17:01.235Z,GA 07 G 2900-MAP(MINI RESCUE TENDER),15.59015,73.808701,0,STOP,At Fire Station Mapusa,Fire Station Mapusa
2026-01-08T01:17:01.235Z,GA 07 G 7600-FFHQ(WATER BOUSER),15.487355,73.817284,0,STOP,"Caculo Mall, 16 Shanta, St Inez Rd, Caculo Enclave, Santa Inez, Panaji, Goa (NW)",Fire Force Headquarters
2026-01-08T01:17:01.235Z,GA 07 G 2002-FFHQ(TURN TABLE LADDER),15.487413,73.8172,0,STOP,"Caculo Mall, 16 Shanta, St Inez Rd, Caculo Enclave, Santa Inez, Panaji, Goa (NW)",Fire Force Headquarters
2026-01-08T01:17:01.235Z,GA 07 G 7101-FFHQ(WATER TENDER),15.486933,73.817017,0,STOP,"Caculo Mall, 16 Shanta, St Inez Rd, Caculo Enclave, Santa Inez, Panaji, Goa (NW)",Fire Force Headquarters
2026-01-08T01:17:01.235Z,GA 07 G 7677-FFHQ(EMERGENCY RESCUE),15.487005,73.817436,0,STOP,"Caculo Mall, 16 Shanta, St Inez Rd, Caculo Enclave, Santa Inez, Panaji, Goa (NW)",Fire Force Headquarters
2026-01-08T01:17:01.235Z,GA 07 G 1121-PNJ(EMERGENCY RESCUE),15.487197,73.817276,0,STOP,"Caculo Mall, 16 Shanta, St Inez Rd, Caculo Enclave, Santa Inez, Panaji, Goa (NW)",Fire Station Panaji
2026-01-08T01:17:01.235Z,GA 07 G 1571-FFHQ(QUICK RESPONSE),15.486595,73.817528,0,STOP,"Caculo Mall, 16 Shanta, St Inez Rd, Caculo Enclave, Santa Inez, Panaji, Goa (SW)",Fire Force Headquarters
2026-01-08T01:17:01.235Z,GA 07 G 8101-MAP(WATER TENDER),15.589967,73.808762,0,STOP,At Fire Station Mapusa,Fire Station Mapusa
2026-01-08T01:17:01.235Z,GA 07 G 2317-MRG(EMERGENCY RESCUE TENDER),15.26936,73.970085,0,STOP,At Fire Station Margoa,Fire Station Margao
2026-01-08T01:17:01.235Z,GA 07 G 1570-VAS(QUICK RESPONSE FIRE TENDER),15.4054016,73.8930833,0,STOP,"Mendies, National Highway 366, Goa (NE)",Fire Station Vasco
2026-01-08T01:17:01.235Z,GA 07 G 4101-VAS(MS WATER TENDER),15.3888216,73.8512533,0,INACTIVE,At Fire Station Vasco,Fire Station Vasco
2026-01-08T01:17:01.235Z,GA 07 G 0819-VAS(WATER/FOAM TENDER),15.3888067,73.8512617,0,IDLE,At Fire Station Vasco,Fire Station Vasco
2026-01-08T01:17:01.235Z,GA 07 G 7100-MRG(WATER BOUSER),15.2694416,73.9701166,0,STOP,At Fire Station Margoa,Fire Station Margao
2026-01-08T01:17:01.235Z,GA 07 G 1568-MRG(QUICK RESPONSE ),15.26936,73.9704583,0,STOP,At Fire Station Margoa,Fire Station Margao
2026-01-08T01:17:01.235Z,GA 07 G 6101-MRG(WATER TENDER),15.2694199,73.969955,0,STOP,At Fire Station Margoa,Fire Station Margao
2026-01-08T01:17:01.235Z,GA 07 G 1001-MRG(AERIAL LADDER PLATFORM),15.269385,73.97019,0,STOP,At Fire Station Margoa,Fire Station Margao
2026-01-08T01:17:01.235Z,GA 07 G 0820-BIC(WATER TEDNER),15.40271,74.0028017,0,STOP,At Fire Station Ponda ,Fire Station Bicholim
2026-01-08T01:17:01.235Z,GA 07 G 5101-OLG(MS WATER TENDER),15.5001633,73.914055,0,STOP,At Fire Station Old Goa,Fire Station Old Goa
2026-01-08T01:17:01.235Z,GA 07 G 3101-BIC(MS WATER TENDER),15.5893516,73.94672,0,STOP,At Fire Station Bicholim ,Fire Station Bicholim
2026-01-08T01:17:01.235Z,GA 07 G 1941-BIC(QUICK RESPONSE),15.589475,73.9467283,0,STOP,At Fire Station Bicholim ,Fire Station Bicholim
2026-01-08T01:17:01.235Z,GA 07 G 2319-VAS (EMERGENCY RESCUE TENDER),15.3892083,73.8478433,0,STOP,"155/C, near railway bridge, airport road, Alto-dabolim, Dabolim, Goa (SW)",Fire Station Vasco
2026-01-08T01:17:01.235Z,GA 07 G 3737-VAP(WATER TENDER),15.54645,74.0423016,0,STOP,"SH 1, Honda VP, Goa (SW)",Fire Station Valpoi
2026-01-08T01:17:01.235Z,GA 07 G 2318-PND(EMERGENCY RESCUE TENDER),15.402655,74.0030033,0,STOP,At Fire Station Ponda ,Fire Station Ponda
2026-01-08T01:17:01.235Z,GA 07 G 2004-PND(QUICK RESPONSE),15.4141016,73.9073083,0,INACTIVE,"Guru Hotel, Old Ferry Road, Agaçaim, Goa (SE)",Fire Station Ponda
2026-01-08T01:17:01.235Z,GA 07 G 9101-PND(WATER TENDER),15.4022033,74.0029466,0,STOP,At Fire Station Ponda ,Fire Station Ponda
2026-01-08T01:17:01.235Z,GA 07 G 9797-PND(WATER BOUSER),15.4027433,74.0028966,0,IDLE,At Fire Station Ponda ,Fire Station Ponda
2026-01-08T01:17:01.235Z,GA 07 G 6363-CAN(WATER TENDER),15.0236383,74.0440666,0,STOP,"Canacona, The Lalitrajbaga ,Canacona, Canacona, Goa (NE)",Fire Station Canacona
2026-01-08T01:17:01.235Z,GA 07 G 1567-CAN(QUICK RESPONSE FT),15.0163433,74.0396166,39,INACTIVE,"Canacona, The Lalitrajbaga ,Canacona, Canacona, Goa (SW)",Fire Station Canacona
2026-01-08T01:17:01.235Z,GA 07 G 1569-VRN(QUICK RESPONSE),15.3696816,73.9356849,0,STOP,At Fire Station Verna,Fire Station Verna
2026-01-08T01:17:01.235Z,GA 07 G 9909-VRN(ADVANCE MULTI-PURPOSE),15.36962,73.9357333,0,STOP,At Fire Station Verna,Fire Station Verna
2026-01-08T01:17:01.235Z,GA 07 G 1942-VAP(QUICK RESPONSE),15.531045,74.1388183,0,STOP,At Fire Station Valpoi ,Fire Station Valpoi
2026-01-08T01:17:01.235Z,GA 07 G 2003-CUR(QUICK RESPONSE),15.2603983,74.1037433,0,STOP,At Fire Station Curchorem,Fire Station Curchorem
2026-01-08T01:17:01.235Z,GA 07 G 7447-CUR(EMERGENCY RESCUE),15.2604233,74.10376,0,STOP,At Fire Station Curchorem,Fire Station Curchorem
2026-01-08T01:17:01.235Z,GA 07 G 7557-CUR(WATER TENDER),15.260345,74.1037183,0,STOP,At Fire Station Curchorem,Fire Station Curchorem
2026-01-08T01:17:01.235Z,GA 07 G 7667-CUR(WATER BOUSER),15.26034,74.1038333,0,STOP,At Fire Station Curchorem,Fire Station Curchorem
2026-01-08T01:17:01.235Z,GA 07 G 4989-KUN(WATER TENDER),15.4631883,73.9726567,0,STOP,At Fire Station Kundaim,Fire Station Kundaim
2026-01-08T01:17:01.235Z,GA 07 G 2242-PIL(WATER TENDER),15.53297,73.7940744,0,STOP,At Fire Station Pilerne,Fire Station Pilerne
2026-01-08T01:17:01.235Z,GA 07 G 0681-MAP(QUICK RESPONSE),15.5897567,73.80874,0,STOP,At Fire Station Mapusa,Fire Station Mapusa
2026-01-08T01:17:01.235Z,GA 07 G 0307-PER(QUICK RESPONSE),15.7164939,73.7974239,0,INACTIVE,At Fire Station Pernem,Fire Station Pernem
2026-01-08T01:17:01.235Z,GA 07 G 2101-PER(MS WATER TENDER),15.7164339,73.7974506,0,STOP,At Fire Station Pernem,Fire Station Pernem
2026-01-08T01:17:01.235Z,GA 07 G 4600-PER(MINI RESCUE TENDER),15.7165006,73.7975322,0,STOP,At Fire Station Pernem,Fire Station Pernem
2026-01-08T01:17:01.235Z,GA 07 G 7272-PNJ(WATER TENDER),15.4871567,73.8173333,0,STOP,"Caculo Mall, 16 Shanta, St Inez Rd, Caculo Enclave, Santa Inez, Panaji, Goa (NW)",Fire Station Panaji
2026-01-08T01:17:01.235Z,GA07G2384- Cuncolim,15.1862711,74.0209944,0,STOP,At Fire Station Cuncolim,Fire Station Cuncolim
2026-01-08T01:17:01.235Z,GA07G2507 - Mid Size (Water Tender),15.71641,73.79755,0,STOP,At Fire Station Pernem,Fire Station Pernem
2026-01-08T01:17:01.235Z,GA07G2505 - Mid Size (Water Tender),15.5309333,74.1386233,0,STOP,At Fire Station Valpoi ,Fire Station Valpoi
2026-01-08T01:17:01.235Z,GA07G2504 - Mid Size (Water Tender),15.5893133,73.9465083,0,STOP,At Fire Station Bicholim ,Fire Station Bicholim
2026-01-08T01:17:01.235Z,GA07G2503-Mid Size (Water Tender),15.58997,73.80865,0,STOP,At Fire Station Mapusa,Fire Station Mapusa
2026-01-08T01:17:01.235Z,GA07G2502 - Mid Size (Water Tender),15.58982,73.8087483,0,STOP,At Fire Station Mapusa,Fire Force Headquarters
2026-01-08T01:17:28.032Z,GA 07 G 0680-PIL(QUICK RESPONSE VEHICLE),15.532865,73.7939283,0,STOP,At Fire Station Pilerne,Fire Station Pilerne
2026-01-08T01:17:28.032Z,GA07G2506 - Mid Size (Water Tender),15.500418,73.914055,0,STOP,At Fire Station Old Goa,Fire Station Old Goa
2026-01-08T01:17:28.032Z,GA 07 G 5115-POR(MINI WATER TENDER),15.523018,73.829498,0,STOP,At Porvorim Fire Station,Fire Station Porvorim
2026-01-08T01:17:28.032Z,GA 07 G 0350-MRG(WATER TENDER),15.269435,73.97068,0,STOP,At Fire Station Margoa,Fire Station Margao
2026-01-08T01:17:28.032Z,GA 07 G 2900-MAP(MINI RESCUE TENDER),15.59015,73.808701,0,STOP,At Fire Station Mapusa,Fire Station Mapusa
2026-01-08T01:17:28.032Z,GA 07 G 7600-FFHQ(WATER BOUSER),15.487355,73.817284,0,STOP,"Caculo Mall, 16 Shanta, St Inez Rd, Caculo Enclave, Santa Inez, Panaji, Goa (NW)",Fire Force Headquarters
2026-01-08T01:17:28.032Z,GA 07 G 2002-FFHQ(TURN TABLE LADDER),15.487413,73.8172,0,STOP,"Caculo Mall, 16 Shanta, St Inez Rd, Caculo Enclave, Santa Inez, Panaji, Goa (NW)",Fire Force Headquarters
2026-01-08T01:17:28.032Z,GA 07 G 7101-FFHQ(WATER TENDER),15.486933,73.817017,0,STOP,"Caculo Mall, 16 Shanta, St Inez Rd, Caculo Enclave, Santa Inez, Panaji, Goa (NW)",Fire Force Headquarters
2026-01-08T01:17:28.032Z,GA 07 G 7677-FFHQ(EMERGENCY RESCUE),15.487005,73.817436,0,STOP,"Caculo Mall, 16 Shanta, St Inez Rd, Caculo Enclave, Santa Inez, Panaji, Goa (NW)",Fire Force Headquarters
2026-01-08T01:17:28.032Z,GA 07 G 1121-PNJ(EMERGENCY RESCUE),15.487197,73.817276,0,STOP,"Caculo Mall, 16 Shanta, St Inez Rd, Caculo Enclave, Santa Inez, Panaji, Goa (NW)",Fire Station Panaji
2026-01-08T01:17:28.032Z,GA 07 G 1571-FFHQ(QUICK RESPONSE),15.486595,73.817528,0,STOP,"Caculo Mall, 16 Shanta, St Inez Rd, Caculo Enclave, Santa Inez, Panaji, Goa (SW)",Fire Force Headquarters
2026-01-08T01:17:28.032Z,GA 07 G 8101-MAP(WATER TENDER),15.589967,73.808762,0,STOP,At Fire Station Mapusa,Fire Station Mapusa
2026-01-08T01:17:28.032Z,GA 07 G 2317-MRG(EMERGENCY RESCUE TENDER),15.26936,73.970085,0,STOP,At Fire Station Margoa,Fire Station Margao
2026-01-08T01:17:28.032Z,GA 07 G 1570-VAS(QUICK RESPONSE FIRE TENDER),15.4054016,73.8930833,0,STOP,"Mendies, National Highway 366, Goa (NE)",Fire Station Vasco
2026-01-08T01:17:28.032Z,GA 07 G 4101-VAS(MS WATER TENDER),15.3888216,73.8512533,0,INACTIVE,At Fire Station Vasco,Fire Station Vasco
2026-01-08T01:17:28.032Z,GA 07 G 0819-VAS(WATER/FOAM TENDER),15.3888067,73.8512617,0,IDLE,At Fire Station Vasco,Fire Station Vasco
2026-01-08T01:17:28.032Z,GA 07 G 7100-MRG(WATER BOUSER),15.2694416,73.9701166,0,STOP,At Fire Station Margoa,Fire Station Margao
2026-01-08T01:17:28.032Z,GA 07 G 1568-MRG(QUICK RESPONSE ),15.26936,73.9704583,0,STOP,At Fire Station Margoa,Fire Station Margao
2026-01-08T01:17:28.032Z,GA 07 G 6101-MRG(WATER TENDER),15.2694199,73.969955,0,STOP,At Fire Station Margoa,Fire Station Margao
2026-01-08T01:17:28.032Z,GA 07 G 1001-MRG(AERIAL LADDER PLATFORM),15.269385,73.97019,0,STOP,At Fire Station Margoa,Fire Station Margao
2026-01-08T01:17:28.032Z,GA 07 G 0820-BIC(WATER TEDNER),15.40271,74.0028017,0,STOP,At Fire Station Ponda ,Fire Station Bicholim
2026-01-08T01:17:28.032Z,GA 07 G 5101-OLG(MS WATER TENDER),15.5001633,73.914055,0,STOP,At Fire Station Old Goa,Fire Station Old Goa
2026-01-08T01:17:28.032Z,GA 07 G 3101-BIC(MS WATER TENDER),15.5893516,73.94672,0,STOP,At Fire Station Bicholim ,Fire Station Bicholim
2026-01-08T01:17:28.032Z,GA 07 G 1941-BIC(QUICK RESPONSE),15.589475,73.9467283,0,STOP,At Fire Station Bicholim ,Fire Station Bicholim
2026-01-08T01:17:28.032Z,GA 07 G 2319-VAS (EMERGENCY RESCUE TENDER),15.3892083,73.8478433,0,STOP,"155/C, near railway bridge, airport road, Alto-dabolim, Dabolim, Goa (SW)",Fire Station Vasco
2026-01-08T01:17:28.032Z,GA 07 G 3737-VAP(WATER TENDER),15.54645,74.0423016,0,STOP,"SH 1, Honda VP, Goa (SW)",Fire Station Valpoi
2026-01-08T01:17:28.032Z,GA 07 G 2318-PND(EMERGENCY RESCUE TENDER),15.402655,74.0030033,0,STOP,At Fire Station Ponda ,Fire Station Ponda
2026-01-08T01:17:28.032Z,GA 07 G 2004-PND(QUICK RESPONSE),15.4141016,73.9073083,0,INACTIVE,"Guru Hotel, Old Ferry Road, Agaçaim, Goa (SE)",Fire Station Ponda
2026-01-08T01:17:28.032Z,GA 07 G 9101-PND(WATER TENDER),15.4022033,74.0029466,0,STOP,At Fire Station Ponda ,Fire Station Ponda
2026-01-08T01:17:28.032Z,GA 07 G 9797-PND(WATER BOUSER),15.4027433,74.0028966,0,IDLE,At Fire Station Ponda ,Fire Station Ponda
2026-01-08T01:17:28.032Z,GA 07 G 6363-CAN(WATER TENDER),15.0236383,74.0440666,0,STOP,"Canacona, The Lalitrajbaga ,Canacona, Canacona, Goa (NE)",Fire Station Canacona
2026-01-08T01:17:28.032Z,GA 07 G 1567-CAN(QUICK RESPONSE FT),15.0163433,74.0396166,39,INACTIVE,"Canacona, The Lalitrajbaga ,Canacona, Canacona, Goa (SW)",Fire Station Canacona
2026-01-08T01:17:28.032Z,GA 07 G 1569-VRN(QUICK RESPONSE),15.3696816,73.9356849,0,STOP,At Fire Station Verna,Fire Station Verna
2026-01-08T01:17:28.032Z,GA 07 G 9909-VRN(ADVANCE MULTI-PURPOSE),15.36962,73.9357333,0,STOP,At Fire Station Verna,Fire Station Verna
2026-01-08T01:17:28.032Z,GA 07 G 1942-VAP(QUICK RESPONSE),15.531045,74.1388183,0,STOP,At Fire Station Valpoi ,Fire Station Valpoi
2026-01-08T01:17:28.032Z,GA 07 G 2003-CUR(QUICK RESPONSE),15.2603983,74.1037433,0,STOP,At Fire Station Curchorem,Fire Station Curchorem
2026-01-08T01:17:28.032Z,GA 07 G 7447-CUR(EMERGENCY RESCUE),15.2604233,74.10376,0,STOP,At Fire Station Curchorem,Fire Station Curchorem
2026-01-08T01:17:28.032Z,GA 07 G 7557-CUR(WATER TENDER),15.260345,74.1037183,0,STOP,At Fire Station Curchorem,Fire Station Curchorem
2026-01-08T01:17:28.032Z,GA 07 G 7667-CUR(WATER BOUSER),15.26034,74.1038333,0,STOP,At Fire Station Curchorem,Fire Station Curchorem
2026-01-08T01:17:28.032Z,GA 07 G 4989-KUN(WATER TENDER),15.4631883,73.9726567,0,STOP,At Fire Station Kundaim,Fire Station Kundaim
2026-01-08T01:17:28.032Z,GA 07 G 2242-PIL(WATER TENDER),15.53297,73.7940744,0,STOP,At Fire Station Pilerne,Fire Station Pilerne
2026-01-08T01:17:28.032Z,GA 07 G 0681-MAP(QUICK RESPONSE),15.5897567,73.80874,0,STOP,At Fire Station Mapusa,Fire Station Mapusa
2026-01-08T01:17:28.032Z,GA 07 G 0307-PER(QUICK RESPONSE),15.7164939,73.7974239,0,INACTIVE,At Fire Station Pernem,Fire Station Pernem
2026-01-08T01:17:28.032Z,GA 07 G 2101-PER(MS WATER TENDER),15.7164339,73.7974506,0,STOP,At Fire Station Pernem,Fire Station Pernem
2026-01-08T01:17:28.032Z,GA 07 G 4600-PER(MINI RESCUE TENDER),15.7165006,73.7975322,0,STOP,At Fire Station Pernem,Fire Station Pernem
2026-01-08T01:17:28.032Z,GA 07 G 7272-PNJ(WATER TENDER),15.4871567,73.8173333,0,STOP,"Caculo Mall, 16 Shanta, St Inez Rd, Caculo Enclave, Santa Inez, Panaji, Goa (NW)",Fire Station Panaji
2026-01-08T01:17:28.032Z,GA07G2384- Cuncolim,15.1862711,74.0209944,0,STOP,At Fire Station Cuncolim,Fire Station Cuncolim
2026-01-08T01:17:28.032Z,GA07G2507 - Mid Size (Water Tender),15.71641,73.79755,0,STOP,At Fire Station Pernem,Fire Station Pernem
2026-01-08T01:17:28.032Z,GA07G2505 - Mid Size (Water Tender),15.5309333,74.1386233,0,STOP,At Fire Station Valpoi ,Fire Station Valpoi
2026-01-08T01:17:28.032Z,GA07G2504 - Mid Size (Water Tender),15.5893133,73.9465083,0,STOP,At Fire Station Bicholim ,Fire Station Bicholim
2026-01-08T01:17:28.032Z,GA07G2503-Mid Size (Water Tender),15.58997,73.80865,0,STOP,At Fire Station Mapusa,Fire Station Mapusa
2026-01-08T01:17:28.032Z,GA07G2502 - Mid Size (Water Tender),15.58982,73.8087483,0,STOP,At Fire Station Mapusa,Fire Force Headquarters
2026-01-08T01:18:25.344Z,GA 07 G 0680-PIL(QUICK RESPONSE VEHICLE),15.532865,73.7939283,0,STOP,At Fire Station Pilerne,Fire Station Pilerne
2026-01-08T01:18:25.344Z,GA07G2506 - Mid Size (Water Tender),15.500418,73.914055,0,STOP,At Fire Station Old Goa,Fire Station Old Goa
2026-01-08T01:18:25.344Z,GA 07 G 5115-POR(MINI WATER TENDER),15.523018,73.829498,0,STOP,At Porvorim Fire Station,Fire Station Porvorim
2026-01-08T01:18:25.344Z,GA 07 G 0350-MRG(WATER TENDER),15.269435,73.97068,0,STOP,At Fire Station Margoa,Fire Station Margao
2026-01-08T01:18:25.344Z,GA 07 G 2900-MAP(MINI RESCUE TENDER),15.59015,73.808701,0,STOP,At Fire Station Mapusa,Fire Station Mapusa
2026-01-08T01:18:25.344Z,GA 07 G 7600-FFHQ(WATER BOUSER),15.487355,73.817284,0,STOP,"Caculo Mall, 16 Shanta, St Inez Rd, Caculo Enclave, Santa Inez, Panaji, Goa (NW)",Fire Force Headquarters
2026-01-08T01:18:25.344Z,GA 07 G 2002-FFHQ(TURN TABLE LADDER),15.487413,73.8172,0,STOP,"Caculo Mall, 16 Shanta, St Inez Rd, Caculo Enclave, Santa Inez, Panaji, Goa (NW)",Fire Force Headquarters
2026-01-08T01:18:25.344Z,GA 07 G 7101-FFHQ(WATER TENDER),15.486933,73.817017,0,STOP,"Caculo Mall, 16 Shanta, St Inez Rd, Caculo Enclave, Santa Inez, Panaji, Goa (NW)",Fire Force Headquarters
2026-01-08T01:18:25.344Z,GA 07 G 7677-FFHQ(EMERGENCY RESCUE),15.487005,73.817436,0,STOP,"Caculo Mall, 16 Shanta, St Inez Rd, Caculo Enclave, Santa Inez, Panaji, Goa (NW)",Fire Force Headquarters
2026-01-08T01:18:25.344Z,GA 07 G 1121-PNJ(EMERGENCY RESCUE),15.487197,73.817276,0,STOP,"Caculo Mall, 16 Shanta, St Inez Rd, Caculo Enclave, Santa Inez, Panaji, Goa (NW)",Fire Station Panaji
2026-01-08T01:18:25.344Z,GA 07 G 1571-FFHQ(QUICK RESPONSE),15.486595,73.817528,0,STOP,"Caculo Mall, 16 Shanta, St Inez Rd, Caculo Enclave, Santa Inez, Panaji, Goa (SW)",Fire Force Headquarters
2026-01-08T01:18:25.344Z,GA 07 G 8101-MAP(WATER TENDER),15.589967,73.808762,0,STOP,At Fire Station Mapusa,Fire Station Mapusa
2026-01-08T01:18:25.344Z,GA 07 G 2317-MRG(EMERGENCY RESCUE TENDER),15.2694133,73.9701816,0,STOP,At Fire Station Margoa,Fire Station Margao
2026-01-08T01:18:25.344Z,GA 07 G 1570-VAS(QUICK RESPONSE FIRE TENDER),15.4054016,73.8930833,0,STOP,"Mendies, National Highway 366, Goa (NE)",Fire Station Vasco
2026-01-08T01:18:25.344Z,GA 07 G 4101-VAS(MS WATER TENDER),15.3888216,73.8512533,0,INACTIVE,At Fire Station Vasco,Fire Station Vasco
2026-01-08T01:18:25.344Z,GA 07 G 0819-VAS(WATER/FOAM TENDER),15.3888067,73.8512617,0,IDLE,At Fire Station Vasco,Fire Station Vasco
2026-01-08T01:18:25.344Z,GA 07 G 7100-MRG(WATER BOUSER),15.2694416,73.9701166,0,STOP,At Fire Station Margoa,Fire Station Margao
2026-01-08T01:18:25.344Z,GA 07 G 1568-MRG(QUICK RESPONSE ),15.26936,73.9704583,0,STOP,At Fire Station Margoa,Fire Station Margao
2026-01-08T01:18:25.344Z,GA 07 G 6101-MRG(WATER TENDER),15.2694199,73.969955,0,STOP,At Fire Station Margoa,Fire Station Margao
2026-01-08T01:18:25.344Z,GA 07 G 1001-MRG(AERIAL LADDER PLATFORM),15.269385,73.97019,0,STOP,At Fire Station Margoa,Fire Station Margao
2026-01-08T01:18:25.344Z,GA 07 G 0820-BIC(WATER TEDNER),15.40271,74.0028017,0,STOP,At Fire Station Ponda ,Fire Station Bicholim
2026-01-08T01:18:25.344Z,GA 07 G 5101-OLG(MS WATER TENDER),15.5001633,73.914055,0,STOP,At Fire Station Old Goa,Fire Station Old Goa
2026-01-08T01:18:25.344Z,GA 07 G 3101-BIC(MS WATER TENDER),15.5893516,73.94672,0,STOP,At Fire Station Bicholim ,Fire Station Bicholim
2026-01-08T01:18:25.344Z,GA 07 G 1941-BIC(QUICK RESPONSE),15.589475,73.9467283,0,STOP,At Fire Station Bicholim ,Fire Station Bicholim
2026-01-08T01:18:25.344Z,GA 07 G 2319-VAS (EMERGENCY RESCUE TENDER),15.3892083,73.8478433,0,STOP,"155/C, near railway bridge, airport road, Alto-dabolim, Dabolim, Goa (SW)",Fire Station Vasco
2026-01-08T01:18:25.344Z,GA 07 G 3737-VAP(WATER TENDER),15.54645,74.0423016,0,STOP,"SH 1, Honda VP, Goa (SW)",Fire Station Valpoi
2026-01-08T01:18:25.344Z,GA 07 G 2318-PND(EMERGENCY RESCUE TENDER),15.402655,74.0030033,0,STOP,At Fire Station Ponda ,Fire Station Ponda
2026-01-08T01:18:25.344Z,GA 07 G 2004-PND(QUICK RESPONSE),15.4141016,73.9073083,0,INACTIVE,"Guru Hotel, Old Ferry Road, Agaçaim, Goa (SE)",Fire Station Ponda
2026-01-08T01:18:25.344Z,GA 07 G 9101-PND(WATER TENDER),15.4022033,74.0029466,0,STOP,At Fire Station Ponda ,Fire Station Ponda
2026-01-08T01:18:25.344Z,GA 07 G 9797-PND(WATER BOUSER),15.4027433,74.0028966,0,IDLE,At Fire Station Ponda ,Fire Station Ponda
2026-01-08T01:18:25.344Z,GA 07 G 6363-CAN(WATER TENDER),15.0236383,74.0440666,0,STOP,"Canacona, The Lalitrajbaga ,Canacona, Canacona, Goa (NE)",Fire Station Canacona
2026-01-08T01:18:25.344Z,GA 07 G 1567-CAN(QUICK RESPONSE FT),15.0163433,74.0396166,39,INACTIVE,"Canacona, The Lalitrajbaga ,Canacona, Canacona, Goa (SW)",Fire Station Canacona
2026-01-08T01:18:25.344Z,GA 07 G 1569-VRN(QUICK RESPONSE),15.3696816,73.9356849,0,STOP,At Fire Station Verna,Fire Station Verna
2026-01-08T01:18:25.344Z,GA 07 G 9909-VRN(ADVANCE MULTI-PURPOSE),15.36962,73.9357333,0,STOP,At Fire Station Verna,Fire Station Verna
2026-01-08T01:18:25.344Z,GA 07 G 1942-VAP(QUICK RESPONSE),15.531045,74.1388183,0,STOP,At Fire Station Valpoi ,Fire Station Valpoi
2026-01-08T01:18:25.344Z,GA 07 G 2003-CUR(QUICK RESPONSE),15.2603983,74.1037433,0,STOP,At Fire Station Curchorem,Fire Station Curchorem
2026-01-08T01:18:25.344Z,GA 07 G 7447-CUR(EMERGENCY RESCUE),15.2604233,74.10376,0,STOP,At Fire Station Curchorem,Fire Station Curchorem
2026-01-08T01:18:25.344Z,GA 07 G 7557-CUR(WATER TENDER),15.260345,74.1037183,0,STOP,At Fire Station Curchorem,Fire Station Curchorem
2026-01-08T01:18:25.344Z,GA 07 G 7667-CUR(WATER BOUSER),15.26034,74.1038333,0,STOP,At Fire Station Curchorem,Fire Station Curchorem
2026-01-08T01:18:25.344Z,GA 07 G 4989-KUN(WATER TENDER),15.4631883,73.9726567,0,STOP,At Fire Station Kundaim,Fire Station Kundaim
2026-01-08T01:18:25.344Z,GA 07 G 2242-PIL(WATER TENDER),15.53297,73.7940744,0,STOP,At Fire Station Pilerne,Fire Station Pilerne
2026-01-08T01:18:25.344Z,GA 07 G 0681-MAP(QUICK RESPONSE),15.5897567,73.80874,0,STOP,At Fire Station Mapusa,Fire Station Mapusa
2026-01-08T01:18:25.344Z,GA 07 G 0307-PER(QUICK RESPONSE),15.7164939,73.7974239,0,INACTIVE,At Fire Station Pernem,Fire Station Pernem
2026-01-08T01:18:25.344Z,GA 07 G 2101-PER(MS WATER TENDER),15.7164339,73.7974506,0,STOP,At Fire Station Pernem,Fire Station Pernem
2026-01-08T01:18:25.344Z,GA 07 G 4600-PER(MINI RESCUE TENDER),15.7165006,73.7975322,0,STOP,At Fire Station Pernem,Fire Station Pernem
2026-01-08T01:18:25.344Z,GA 07 G 7272-PNJ(WATER TENDER),15.4871567,73.8173333,0,STOP,"Caculo Mall, 16 Shanta, St Inez Rd, Caculo Enclave, Santa Inez, Panaji, Goa (NW)",Fire Station Panaji
2026-01-08T01:18:25.344Z,GA07G2384- Cuncolim,15.1862711,74.0209944,0,STOP,At Fire Station Cuncolim,Fire Station Cuncolim
2026-01-08T01:18:25.344Z,GA07G2507 - Mid Size (Water Tender),15.71641,73.79755,0,STOP,At Fire Station Pernem,Fire Station Pernem
2026-01-08T01:18:25.344Z,GA07G2505 - Mid Size (Water Tender),15.5309333,74.1386233,0,STOP,At Fire Station Valpoi ,Fire Station Valpoi
2026-01-08T01:18:25.344Z,GA07G2504 - Mid Size (Water Tender),15.5893133,73.9465083,0,STOP,At Fire Station Bicholim ,Fire Station Bicholim
2026-01-08T01:18:25.344Z,GA07G2503-Mid Size (Water Tender),15.58997,73.80865,0,STOP,At Fire Station Mapusa,Fire Station Mapusa
2026-01-08T01:18:25.344Z,GA07G2502 - Mid Size (Water Tender),15.58982,73.8087483,0,STOP,At Fire Station Mapusa,Fire Force Headquarters
2026-01-08T01:19:25.325Z,GA 07 G 0680-PIL(QUICK RESPONSE VEHICLE),15.532865,73.7939283,0,STOP,At Fire Station Pilerne,Fire Station Pilerne
2026-01-08T01:19:25.325Z,GA07G2506 - Mid Size (Water Tender),15.500418,73.914055,0,STOP,At Fire Station Old Goa,Fire Station Old Goa
2026-01-08T01:19:25.325Z,GA 07 G 5115-POR(MINI WATER TENDER),15.523018,73.829498,0,STOP,At Porvorim Fire Station,Fire Station Porvorim
2026-01-08T01:19:25.325Z,GA 07 G 0350-MRG(WATER TENDER),15.269435,73.97068,0,STOP,At Fire Station Margoa,Fire Station Margao
2026-01-08T01:19:25.325Z,GA 07 G 2900-MAP(MINI RESCUE TENDER),15.59015,73.808701,0,STOP,At Fire Station Mapusa,Fire Station Mapusa
2026-01-08T01:19:25.325Z,GA 07 G 7600-FFHQ(WATER BOUSER),15.487355,73.817284,0,STOP,"Caculo Mall, 16 Shanta, St Inez Rd, Caculo Enclave, Santa Inez, Panaji, Goa (NW)",Fire Force Headquarters
2026-01-08T01:19:25.325Z,GA 07 G 2002-FFHQ(TURN TABLE LADDER),15.487413,73.8172,0,STOP,"Caculo Mall, 16 Shanta, St Inez Rd, Caculo Enclave, Santa Inez, Panaji, Goa (NW)",Fire Force Headquarters
2026-01-08T01:19:25.325Z,GA 07 G 7101-FFHQ(WATER TENDER),15.486933,73.817017,0,STOP,"Caculo Mall, 16 Shanta, St Inez Rd, Caculo Enclave, Santa Inez, Panaji, Goa (NW)",Fire Force Headquarters
2026-01-08T01:19:25.325Z,GA 07 G 7677-FFHQ(EMERGENCY RESCUE),15.487005,73.817436,0,STOP,"Caculo Mall, 16 Shanta, St Inez Rd, Caculo Enclave, Santa Inez, Panaji, Goa (NW)",Fire Force Headquarters
2026-01-08T01:19:25.325Z,GA 07 G 1121-PNJ(EMERGENCY RESCUE),15.487197,73.817276,0,STOP,"Caculo Mall, 16 Shanta, St Inez Rd, Caculo Enclave, Santa Inez, Panaji, Goa (NW)",Fire Station Panaji
2026-01-08T01:19:25.325Z,GA 07 G 1571-FFHQ(QUICK RESPONSE),15.486595,73.817528,0,STOP,"Caculo Mall, 16 Shanta, St Inez Rd, Caculo Enclave, Santa Inez, Panaji, Goa (SW)",Fire Force Headquarters
2026-01-08T01:19:25.325Z,GA 07 G 8101-MAP(WATER TENDER),15.589967,73.808762,0,STOP,At Fire Station Mapusa,Fire Station Mapusa
2026-01-08T01:19:25.325Z,GA 07 G 2317-MRG(EMERGENCY RESCUE TENDER),15.2693966,73.970125,2,STOP,At Fire Station Margoa,Fire Station Margao
2026-01-08T01:19:25.325Z,GA 07 G 1570-VAS(QUICK RESPONSE FIRE TENDER),15.4054016,73.8930833,0,STOP,"Mendies, National Highway 366, Goa (NE)",Fire Station Vasco
2026-01-08T01:19:25.325Z,GA 07 G 4101-VAS(MS WATER TENDER),15.3888216,73.8512533,0,INACTIVE,At Fire Station Vasco,Fire Station Vasco
2026-01-08T01:19:25.325Z,GA 07 G 0819-VAS(WATER/FOAM TENDER),15.3888067,73.8512617,0,IDLE,At Fire Station Vasco,Fire Station Vasco
2026-01-08T01:19:25.325Z,GA 07 G 7100-MRG(WATER BOUSER),15.2694416,73.9701166,0,STOP,At Fire Station Margoa,Fire Station Margao
2026-01-08T01:19:25.325Z,GA 07 G 1568-MRG(QUICK RESPONSE ),15.26936,73.9704583,0,STOP,At Fire Station Margoa,Fire Station Margao
2026-01-08T01:19:25.325Z,GA 07 G 6101-MRG(WATER TENDER),15.2694199,73.969955,0,STOP,At Fire Station Margoa,Fire Station Margao
2026-01-08T01:19:25.325Z,GA 07 G 1001-MRG(AERIAL LADDER PLATFORM),15.269385,73.97019,0,STOP,At Fire Station Margoa,Fire Station Margao
2026-01-08T01:19:25.325Z,GA 07 G 0820-BIC(WATER TEDNER),15.40271,74.0028017,0,STOP,At Fire Station Ponda ,Fire Station Bicholim
2026-01-08T01:19:25.325Z,GA 07 G 5101-OLG(MS WATER TENDER),15.5001633,73.914055,0,STOP,At Fire Station Old Goa,Fire Station Old Goa
2026-01-08T01:19:25.325Z,GA 07 G 3101-BIC(MS WATER TENDER),15.5893516,73.94672,2,STOP,At Fire Station Bicholim ,Fire Station Bicholim
2026-01-08T01:19:25.325Z,GA 07 G 1941-BIC(QUICK RESPONSE),15.589475,73.9467283,0,STOP,At Fire Station Bicholim ,Fire Station Bicholim
2026-01-08T01:19:25.325Z,GA 07 G 2319-VAS (EMERGENCY RESCUE TENDER),15.3892083,73.8478433,0,STOP,"155/C, near railway bridge, airport road, Alto-dabolim, Dabolim, Goa (SW)",Fire Station Vasco
2026-01-08T01:19:25.325Z,GA 07 G 3737-VAP(WATER TENDER),15.54645,74.0423016,0,STOP,"SH 1, Honda VP, Goa (SW)",Fire Station Valpoi
2026-01-08T01:19:25.325Z,GA 07 G 2318-PND(EMERGENCY RESCUE TENDER),15.402655,74.0030033,0,STOP,At Fire Station Ponda ,Fire Station Ponda
2026-01-08T01:19:25.325Z,GA 07 G 2004-PND(QUICK RESPONSE),15.4141016,73.9073083,0,INACTIVE,"Guru Hotel, Old Ferry Road, Agaçaim, Goa (SE)",Fire Station Ponda
2026-01-08T01:19:25.325Z,GA 07 G 9101-PND(WATER TENDER),15.4022033,74.0029466,0,STOP,At Fire Station Ponda ,Fire Station Ponda
2026-01-08T01:19:25.325Z,GA 07 G 9797-PND(WATER BOUSER),15.4027433,74.0028966,0,IDLE,At Fire Station Ponda ,Fire Station Ponda
2026-01-08T01:19:25.325Z,GA 07 G 6363-CAN(WATER TENDER),15.0236383,74.0440666,0,STOP,"Canacona, The Lalitrajbaga ,Canacona, Canacona, Goa (NE)",Fire Station Canacona
2026-01-08T01:19:25.325Z,GA 07 G 1567-CAN(QUICK RESPONSE FT),15.0163433,74.0396166,39,INACTIVE,"Canacona, The Lalitrajbaga ,Canacona, Canacona, Goa (SW)",Fire Station Canacona
2026-01-08T01:19:25.325Z,GA 07 G 1569-VRN(QUICK RESPONSE),15.3696816,73.9356849,0,STOP,At Fire Station Verna,Fire Station Verna
2026-01-08T01:19:25.325Z,GA 07 G 9909-VRN(ADVANCE MULTI-PURPOSE),15.36962,73.9357333,0,STOP,At Fire Station Verna,Fire Station Verna
2026-01-08T01:19:25.325Z,GA 07 G 1942-VAP(QUICK RESPONSE),15.531045,74.1388183,0,STOP,At Fire Station Valpoi ,Fire Station Valpoi
2026-01-08T01:19:25.325Z,GA 07 G 2003-CUR(QUICK RESPONSE),15.2603983,74.1037433,0,STOP,At Fire Station Curchorem,Fire Station Curchorem
2026-01-08T01:19:25.325Z,GA 07 G 7447-CUR(EMERGENCY RESCUE),15.2604233,74.10376,0,STOP,At Fire Station Curchorem,Fire Station Curchorem
2026-01-08T01:19:25.325Z,GA 07 G 7557-CUR(WATER TENDER),15.260345,74.1037183,0,STOP,At Fire Station Curchorem,Fire Station Curchorem
2026-01-08T01:19:25.325Z,GA 07 G 7667-CUR(WATER BOUSER),15.26034,74.1038333,0,STOP,At Fire Station Curchorem,Fire Station Curchorem
2026-01-08T01:19:25.325Z,GA 07 G 4989-KUN(WATER TENDER),15.4631883,73.9726567,0,STOP,At Fire Station Kundaim,Fire Station Kundaim
2026-01-08T01:19:25.325Z,GA 07 G 2242-PIL(WATER TENDER),15.53297,73.7940744,0,STOP,At Fire Station Pilerne,Fire Station Pilerne
2026-01-08T01:19:25.325Z,GA 07 G 0681-MAP(QUICK RESPONSE),15.5897567,73.80874,0,STOP,At Fire Station Mapusa,Fire Station Mapusa
2026-01-08T01:19:25.325Z,GA 07 G 0307-PER(QUICK RESPONSE),15.7164939,73.7974239,0,INACTIVE,At Fire Station Pernem,Fire Station Pernem
2026-01-08T01:19:25.325Z,GA 07 G 2101-PER(MS WATER TENDER),15.7164339,73.7974506,0,STOP,At Fire Station Pernem,Fire Station Pernem
2026-01-08T01:19:25.325Z,GA 07 G 4600-PER(MINI RESCUE TENDER),15.7165006,73.7975322,0,STOP,At Fire Station Pernem,Fire Station Pernem
2026-01-08T01:19:25.325Z,GA 07 G 7272-PNJ(WATER TENDER),15.4871567,73.8173333,0,STOP,"Caculo Mall, 16 Shanta, St Inez Rd, Caculo Enclave, Santa Inez, Panaji, Goa (NW)",Fire Station Panaji
2026-01-08T01:19:25.325Z,GA07G2384- Cuncolim,15.1862711,74.0209944,0,STOP,At Fire Station Cuncolim,Fire Station Cuncolim
2026-01-08T01:19:25.325Z,GA07G2507 - Mid Size (Water Tender),15.71641,73.79755,0,STOP,At Fire Station Pernem,Fire Station Pernem
2026-01-08T01:19:25.325Z,GA07G2505 - Mid Size (Water Tender),15.5309333,74.1386233,0,STOP,At Fire Station Valpoi ,Fire Station Valpoi
2026-01-08T01:19:25.325Z,GA07G2504 - Mid Size (Water Tender),15.5893133,73.9465083,0,STOP,At Fire Station Bicholim ,Fire Station Bicholim
2026-01-08T01:19:25.325Z,GA07G2503-Mid Size (Water Tender),15.58997,73.80865,0,STOP,At Fire Station Mapusa,Fire Station Mapusa
2026-01-08T01:19:25.325Z,GA07G2502 - Mid Size (Water Tender),15.58982,73.8087483,0,STOP,At Fire Station Mapusa,Fire Force Headquarters
2026-01-08T01:20:25.735Z,GA 07 G 0680-PIL(QUICK RESPONSE VEHICLE),15.532865,73.7939283,0,STOP,At Fire Station Pilerne,Fire Station Pilerne
2026-01-08T01:20:25.735Z,GA07G2506 - Mid Size (Water Tender),15.500418,73.914055,0,STOP,At Fire Station Old Goa,Fire Station Old Goa
2026-01-08T01:20:25.735Z,GA 07 G 5115-POR(MINI WATER TENDER),15.523018,73.829498,0,STOP,At Porvorim Fire Station,Fire Station Porvorim
2026-01-08T01:20:25.735Z,GA 07 G 0350-MRG(WATER TENDER),15.269435,73.97068,0,STOP,At Fire Station Margoa,Fire Station Margao
2026-01-08T01:20:25.735Z,GA 07 G 2900-MAP(MINI RESCUE TENDER),15.59015,73.808701,0,STOP,At Fire Station Mapusa,Fire Station Mapusa
2026-01-08T01:20:25.735Z,GA 07 G 7600-FFHQ(WATER BOUSER),15.487367,73.817383,0,RUNNING,"Caculo Mall, 16 Shanta, St Inez Rd, Caculo Enclave, Santa Inez, Panaji, Goa (NW)",Fire Force Headquarters
2026-01-08T01:20:25.735Z,GA 07 G 2002-FFHQ(TURN TABLE LADDER),15.487413,73.8172,0,STOP,"Caculo Mall, 16 Shanta, St Inez Rd, Caculo Enclave, Santa Inez, Panaji, Goa (NW)",Fire Force Headquarters
2026-01-08T01:20:25.735Z,GA 07 G 7101-FFHQ(WATER TENDER),15.486933,73.817017,0,STOP,"Caculo Mall, 16 Shanta, St Inez Rd, Caculo Enclave, Santa Inez, Panaji, Goa (NW)",Fire Force Headquarters
2026-01-08T01:20:25.735Z,GA 07 G 7677-FFHQ(EMERGENCY RESCUE),15.487005,73.817436,0,STOP,"Caculo Mall, 16 Shanta, St Inez Rd, Caculo Enclave, Santa Inez, Panaji, Goa (NW)",Fire Force Headquarters
2026-01-08T01:20:25.735Z,GA 07 G 1121-PNJ(EMERGENCY RESCUE),15.487197,73.817276,0,STOP,"Caculo Mall, 16 Shanta, St Inez Rd, Caculo Enclave, Santa Inez, Panaji, Goa (NW)",Fire Station Panaji
2026-01-08T01:20:25.735Z,GA 07 G 1571-FFHQ(QUICK RESPONSE),15.486595,73.817528,0,STOP,"Caculo Mall, 16 Shanta, St Inez Rd, Caculo Enclave, Santa Inez, Panaji, Goa (SW)",Fire Force Headquarters
2026-01-08T01:20:25.735Z,GA 07 G 8101-MAP(WATER TENDER),15.589967,73.808762,0,STOP,At Fire Station Mapusa,Fire Station Mapusa
2026-01-08T01:20:25.735Z,GA 07 G 2317-MRG(EMERGENCY RESCUE TENDER),15.2693749,73.969995,2,STOP,At Fire Station Margoa,Fire Station Margao
2026-01-08T01:20:25.735Z,GA 07 G 1570-VAS(QUICK RESPONSE FIRE TENDER),15.4054016,73.8930833,0,STOP,"Mendies, National Highway 366, Goa (NE)",Fire Station Vasco
2026-01-08T01:20:25.735Z,GA 07 G 4101-VAS(MS WATER TENDER),15.3888216,73.8512533,0,INACTIVE,At Fire Station Vasco,Fire Station Vasco
2026-01-08T01:20:25.735Z,GA 07 G 0819-VAS(WATER/FOAM TENDER),15.3888067,73.8512617,0,IDLE,At Fire Station Vasco,Fire Station Vasco
2026-01-08T01:20:25.735Z,GA 07 G 7100-MRG(WATER BOUSER),15.2694416,73.9701166,0,STOP,At Fire Station Margoa,Fire Station Margao
2026-01-08T01:20:25.735Z,GA 07 G 1568-MRG(QUICK RESPONSE ),15.26936,73.9704583,0,STOP,At Fire Station Margoa,Fire Station Margao
2026-01-08T01:20:25.735Z,GA 07 G 6101-MRG(WATER TENDER),15.2694199,73.969955,0,STOP,At Fire Station Margoa,Fire Station Margao
2026-01-08T01:20:25.735Z,GA 07 G 1001-MRG(AERIAL LADDER PLATFORM),15.269385,73.97019,0,STOP,At Fire Station Margoa,Fire Station Margao
2026-01-08T01:20:25.735Z,GA 07 G 0820-BIC(WATER TEDNER),15.40271,74.0028017,0,STOP,At Fire Station Ponda ,Fire Station Bicholim
2026-01-08T01:20:25.735Z,GA 07 G 5101-OLG(MS WATER TENDER),15.5001633,73.914055,0,STOP,At Fire Station Old Goa,Fire Station Old Goa
2026-01-08T01:20:25.735Z,GA 07 G 3101-BIC(MS WATER TENDER),15.5893516,73.94672,0,STOP,At Fire Station Bicholim ,Fire Station Bicholim
2026-01-08T01:20:25.735Z,GA 07 G 1941-BIC(QUICK RESPONSE),15.589475,73.9467283,0,STOP,At Fire Station Bicholim ,Fire Station Bicholim
2026-01-08T01:20:25.735Z,GA 07 G 2319-VAS (EMERGENCY RESCUE TENDER),15.3892083,73.8478433,0,STOP,"155/C, near railway bridge, airport road, Alto-dabolim, Dabolim, Goa (SW)",Fire Station Vasco
2026-01-08T01:20:25.735Z,GA 07 G 3737-VAP(WATER TENDER),15.54645,74.0423016,0,STOP,"SH 1, Honda VP, Goa (SW)",Fire Station Valpoi
2026-01-08T01:20:25.735Z,GA 07 G 2318-PND(EMERGENCY RESCUE TENDER),15.402655,74.0030033,0,STOP,At Fire Station Ponda ,Fire Station Ponda
2026-01-08T01:20:25.735Z,GA 07 G 2004-PND(QUICK RESPONSE),15.4141016,73.9073083,0,INACTIVE,"Guru Hotel, Old Ferry Road, Agaçaim, Goa (SE)",Fire Station Ponda
2026-01-08T01:20:25.735Z,GA 07 G 9101-PND(WATER TENDER),15.4022033,74.0029466,0,STOP,At Fire Station Ponda ,Fire Station Ponda
2026-01-08T01:20:25.735Z,GA 07 G 9797-PND(WATER BOUSER),15.4027433,74.0028966,0,IDLE,At Fire Station Ponda ,Fire Station Ponda
2026-01-08T01:20:25.735Z,GA 07 G 6363-CAN(WATER TENDER),15.0236383,74.0440666,0,STOP,"Canacona, The Lalitrajbaga ,Canacona, Canacona, Goa (NE)",Fire Station Canacona
2026-01-08T01:20:25.735Z,GA 07 G 1567-CAN(QUICK RESPONSE FT),15.0163433,74.0396166,39,INACTIVE,"Canacona, The Lalitrajbaga ,Canacona, Canacona, Goa (SW)",Fire Station Canacona
2026-01-08T01:20:25.735Z,GA 07 G 1569-VRN(QUICK RESPONSE),15.3696816,73.9356849,0,STOP,At Fire Station Verna,Fire Station Verna
2026-01-08T01:20:25.735Z,GA 07 G 9909-VRN(ADVANCE MULTI-PURPOSE),15.36962,73.9357333,0,STOP,At Fire Station Verna,Fire Station Verna
2026-01-08T01:20:25.735Z,GA 07 G 1942-VAP(QUICK RESPONSE),15.531045,74.1388183,0,STOP,At Fire Station Valpoi ,Fire Station Valpoi
2026-01-08T01:20:25.735Z,GA 07 G 2003-CUR(QUICK RESPONSE),15.2603983,74.1037433,0,STOP,At Fire Station Curchorem,Fire Station Curchorem
2026-01-08T01:20:25.735Z,GA 07 G 7447-CUR(EMERGENCY RESCUE),15.2604233,74.10376,0,STOP,At Fire Station Curchorem,Fire Station Curchorem
2026-01-08T01:20:25.735Z,GA 07 G 7557-CUR(WATER TENDER),15.260345,74.1037183,0,STOP,At Fire Station Curchorem,Fire Station Curchorem
2026-01-08T01:20:25.735Z,GA 07 G 7667-CUR(WATER BOUSER),15.26034,74.1038333,0,STOP,At Fire Station Curchorem,Fire Station Curchorem
2026-01-08T01:20:25.735Z,GA 07 G 4989-KUN(WATER TENDER),15.46306,73.97207,0,STOP,At Fire Station Kundaim,Fire Station Kundaim
2026-01-08T01:20:25.735Z,GA 07 G 2242-PIL(WATER TENDER),15.53297,73.7940744,0,STOP,At Fire Station Pilerne,Fire Station Pilerne
2026-01-08T01:20:25.735Z,GA 07 G 0681-MAP(QUICK RESPONSE),15.5897567,73.80874,0,STOP,At Fire Station Mapusa,Fire Station Mapusa
2026-01-08T01:20:25.735Z,GA 07 G 0307-PER(QUICK RESPONSE),15.7164939,73.7974239,0,INACTIVE,At Fire Station Pernem,Fire Station Pernem
2026-01-08T01:20:25.735Z,GA 07 G 2101-PER(MS WATER TENDER),15.7164339,73.7974506,0,STOP,At Fire Station Pernem,Fire Station Pernem
2026-01-08T01:20:25.735Z,GA 07 G 4600-PER(MINI RESCUE TENDER),15.7165006,73.7975322,0,STOP,At Fire Station Pernem,Fire Station Pernem
2026-01-08T01:20:25.735Z,GA 07 G 7272-PNJ(WATER TENDER),15.4871567,73.8173333,0,STOP,"Caculo Mall, 16 Shanta, St Inez Rd, Caculo Enclave, Santa Inez, Panaji, Goa (NW)",Fire Station Panaji
2026-01-08T01:20:25.735Z,GA07G2384- Cuncolim,15.1862711,74.0209944,0,STOP,At Fire Station Cuncolim,Fire Station Cuncolim
2026-01-08T01:20:25.735Z,GA07G2507 - Mid Size (Water Tender),15.71641,73.79755,0,STOP,At Fire Station Pernem,Fire Station Pernem
2026-01-08T01:20:25.735Z,GA07G2505 - Mid Size (Water Tender),15.5309333,74.1386233,0,STOP,At Fire Station Valpoi ,Fire Station Valpoi
2026-01-08T01:20:25.735Z,GA07G2504 - Mid Size (Water Tender),15.5893133,73.9465083,0,STOP,At Fire Station Bicholim ,Fire Station Bicholim
2026-01-08T01:20:25.735Z,GA07G2503-Mid Size (Water Tender),15.58997,73.80865,0,STOP,At Fire Station Mapusa,Fire Station Mapusa
2026-01-08T01:20:25.735Z,GA07G2502 - Mid Size (Water Tender),15.58982,73.8087483,0,STOP,At Fire Station Mapusa,Fire Force Headquarters
2026-01-08T01:21:28.457Z,GA 07 G 0680-PIL(QUICK RESPONSE VEHICLE),15.532865,73.7939283,0,STOP,At Fire Station Pilerne,Fire Station Pilerne
2026-01-08T01:21:28.457Z,GA07G2506 - Mid Size (Water Tender),15.500418,73.914055,0,STOP,At Fire Station Old Goa,Fire Station Old Goa
2026-01-08T01:21:28.457Z,GA 07 G 5115-POR(MINI WATER TENDER),15.523018,73.829498,0,STOP,At Porvorim Fire Station,Fire Station Porvorim
2026-01-08T01:21:28.457Z,GA 07 G 0350-MRG(WATER TENDER),15.269435,73.97068,0,STOP,At Fire Station Margoa,Fire Station Margao
2026-01-08T01:21:28.457Z,GA 07 G 2900-MAP(MINI RESCUE TENDER),15.59015,73.808701,0,STOP,At Fire Station Mapusa,Fire Station Mapusa
2026-01-08T01:21:28.457Z,GA 07 G 7600-FFHQ(WATER BOUSER),15.48734,73.817352,0,RUNNING,"Caculo Mall, 16 Shanta, St Inez Rd, Caculo Enclave, Santa Inez, Panaji, Goa (NW)",Fire Force Headquarters
2026-01-08T01:21:28.457Z,GA 07 G 2002-FFHQ(TURN TABLE LADDER),15.487413,73.8172,0,STOP,"Caculo Mall, 16 Shanta, St Inez Rd, Caculo Enclave, Santa Inez, Panaji, Goa (NW)",Fire Force Headquarters
2026-01-08T01:21:28.457Z,GA 07 G 7101-FFHQ(WATER TENDER),15.486933,73.817017,0,STOP,"Caculo Mall, 16 Shanta, St Inez Rd, Caculo Enclave, Santa Inez, Panaji, Goa (NW)",Fire Force Headquarters
2026-01-08T01:21:28.457Z,GA 07 G 7677-FFHQ(EMERGENCY RESCUE),15.487005,73.817436,0,STOP,"Caculo Mall, 16 Shanta, St Inez Rd, Caculo Enclave, Santa Inez, Panaji, Goa (NW)",Fire Force Headquarters
2026-01-08T01:21:28.457Z,GA 07 G 1121-PNJ(EMERGENCY RESCUE),15.487197,73.817276,0,STOP,"Caculo Mall, 16 Shanta, St Inez Rd, Caculo Enclave, Santa Inez, Panaji, Goa (NW)",Fire Station Panaji
2026-01-08T01:21:28.457Z,GA 07 G 1571-FFHQ(QUICK RESPONSE),15.486595,73.817528,0,STOP,"Caculo Mall, 16 Shanta, St Inez Rd, Caculo Enclave, Santa Inez, Panaji, Goa (SW)",Fire Force Headquarters
2026-01-08T01:21:28.457Z,GA 07 G 8101-MAP(WATER TENDER),15.589967,73.808762,0,STOP,At Fire Station Mapusa,Fire Station Mapusa
2026-01-08T01:21:28.457Z,GA 07 G 2317-MRG(EMERGENCY RESCUE TENDER),15.2693749,73.969995,0,STOP,At Fire Station Margoa,Fire Station Margao
2026-01-08T01:21:28.457Z,GA 07 G 1570-VAS(QUICK RESPONSE FIRE TENDER),15.4054016,73.8930833,0,STOP,"Mendies, National Highway 366, Goa (NE)",Fire Station Vasco
2026-01-08T01:21:28.457Z,GA 07 G 4101-VAS(MS WATER TENDER),15.3888216,73.8512533,0,INACTIVE,At Fire Station Vasco,Fire Station Vasco
2026-01-08T01:21:28.457Z,GA 07 G 0819-VAS(WATER/FOAM TENDER),15.3888067,73.8512617,0,IDLE,At Fire Station Vasco,Fire Station Vasco
2026-01-08T01:21:28.457Z,GA 07 G 7100-MRG(WATER BOUSER),15.2694416,73.9701166,0,STOP,At Fire Station Margoa,Fire Station Margao
2026-01-08T01:21:28.457Z,GA 07 G 1568-MRG(QUICK RESPONSE ),15.26936,73.9704583,0,STOP,At Fire Station Margoa,Fire Station Margao
2026-01-08T01:21:28.457Z,GA 07 G 6101-MRG(WATER TENDER),15.2694199,73.969955,0,STOP,At Fire Station Margoa,Fire Station Margao
2026-01-08T01:21:28.457Z,GA 07 G 1001-MRG(AERIAL LADDER PLATFORM),15.269385,73.97019,0,STOP,At Fire Station Margoa,Fire Station Margao
2026-01-08T01:21:28.457Z,GA 07 G 0820-BIC(WATER TEDNER),15.40271,74.0028017,0,STOP,At Fire Station Ponda ,Fire Station Bicholim
2026-01-08T01:21:28.457Z,GA 07 G 5101-OLG(MS WATER TENDER),15.5001633,73.914055,0,STOP,At Fire Station Old Goa,Fire Station Old Goa
2026-01-08T01:21:28.457Z,GA 07 G 3101-BIC(MS WATER TENDER),15.5893516,73.94672,1,STOP,At Fire Station Bicholim ,Fire Station Bicholim
2026-01-08T01:21:28.457Z,GA 07 G 1941-BIC(QUICK RESPONSE),15.589475,73.9467283,0,STOP,At Fire Station Bicholim ,Fire Station Bicholim
2026-01-08T01:21:28.457Z,GA 07 G 2319-VAS (EMERGENCY RESCUE TENDER),15.3892083,73.8478433,0,STOP,"155/C, near railway bridge, airport road, Alto-dabolim, Dabolim, Goa (SW)",Fire Station Vasco
2026-01-08T01:21:28.457Z,GA 07 G 3737-VAP(WATER TENDER),15.54645,74.0423016,0,STOP,"SH 1, Honda VP, Goa (SW)",Fire Station Valpoi
2026-01-08T01:21:28.457Z,GA 07 G 2318-PND(EMERGENCY RESCUE TENDER),15.402655,74.0030033,0,STOP,At Fire Station Ponda ,Fire Station Ponda
2026-01-08T01:21:28.457Z,GA 07 G 2004-PND(QUICK RESPONSE),15.4141016,73.9073083,0,INACTIVE,"Guru Hotel, Old Ferry Road, Agaçaim, Goa (SE)",Fire Station Ponda
2026-01-08T01:21:28.457Z,GA 07 G 9101-PND(WATER TENDER),15.4022033,74.0029466,0,STOP,At Fire Station Ponda ,Fire Station Ponda
2026-01-08T01:21:28.457Z,GA 07 G 9797-PND(WATER BOUSER),15.4027433,74.0028966,0,IDLE,At Fire Station Ponda ,Fire Station Ponda
2026-01-08T01:21:28.457Z,GA 07 G 6363-CAN(WATER TENDER),15.0236383,74.0440666,0,STOP,"Canacona, The Lalitrajbaga ,Canacona, Canacona, Goa (NE)",Fire Station Canacona
2026-01-08T01:21:28.457Z,GA 07 G 1567-CAN(QUICK RESPONSE FT),15.0163433,74.0396166,39,INACTIVE,"Canacona, The Lalitrajbaga ,Canacona, Canacona, Goa (SW)",Fire Station Canacona
2026-01-08T01:21:28.457Z,GA 07 G 1569-VRN(QUICK RESPONSE),15.3696816,73.9356849,0,STOP,At Fire Station Verna,Fire Station Verna
2026-01-08T01:21:28.457Z,GA 07 G 9909-VRN(ADVANCE MULTI-PURPOSE),15.36962,73.9357333,0,STOP,At Fire Station Verna,Fire Station Verna
2026-01-08T01:21:28.457Z,GA 07 G 1942-VAP(QUICK RESPONSE),15.531045,74.1388183,0,STOP,At Fire Station Valpoi ,Fire Station Valpoi
2026-01-08T01:21:28.457Z,GA 07 G 2003-CUR(QUICK RESPONSE),15.2603983,74.1037433,0,STOP,At Fire Station Curchorem,Fire Station Curchorem
2026-01-08T01:21:28.457Z,GA 07 G 7447-CUR(EMERGENCY RESCUE),15.2604233,74.10376,0,STOP,At Fire Station Curchorem,Fire Station Curchorem
2026-01-08T01:21:28.457Z,GA 07 G 7557-CUR(WATER TENDER),15.260345,74.1037183,0,STOP,At Fire Station Curchorem,Fire Station Curchorem
2026-01-08T01:21:28.457Z,GA 07 G 7667-CUR(WATER BOUSER),15.26034,74.1038333,0,STOP,At Fire Station Curchorem,Fire Station Curchorem
2026-01-08T01:21:28.457Z,GA 07 G 4989-KUN(WATER TENDER),15.46306,73.97207,0,STOP,At Fire Station Kundaim,Fire Station Kundaim
2026-01-08T01:21:28.457Z,GA 07 G 2242-PIL(WATER TENDER),15.53297,73.7940744,0,STOP,At Fire Station Pilerne,Fire Station Pilerne
2026-01-08T01:21:28.457Z,GA 07 G 0681-MAP(QUICK RESPONSE),15.5897567,73.80874,0,STOP,At Fire Station Mapusa,Fire Station Mapusa
2026-01-08T01:21:28.457Z,GA 07 G 0307-PER(QUICK RESPONSE),15.7164939,73.7974239,0,INACTIVE,At Fire Station Pernem,Fire Station Pernem
2026-01-08T01:21:28.457Z,GA 07 G 2101-PER(MS WATER TENDER),15.7164339,73.7974506,0,STOP,At Fire Station Pernem,Fire Station Pernem
2026-01-08T01:21:28.457Z,GA 07 G 4600-PER(MINI RESCUE TENDER),15.7165006,73.7975322,0,STOP,At Fire Station Pernem,Fire Station Pernem
2026-01-08T01:21:28.457Z,GA 07 G 7272-PNJ(WATER TENDER),15.4871567,73.8173333,0,STOP,"Caculo Mall, 16 Shanta, St Inez Rd, Caculo Enclave, Santa Inez, Panaji, Goa (NW)",Fire Station Panaji
2026-01-08T01:21:28.457Z,GA07G2384- Cuncolim,15.1862711,74.0209944,0,STOP,At Fire Station Cuncolim,Fire Station Cuncolim
2026-01-08T01:21:28.457Z,GA07G2507 - Mid Size (Water Tender),15.71641,73.79755,0,STOP,At Fire Station Pernem,Fire Station Pernem
2026-01-08T01:21:28.457Z,GA07G2505 - Mid Size (Water Tender),15.5309333,74.1386233,0,STOP,At Fire Station Valpoi ,Fire Station Valpoi
2026-01-08T01:21:28.457Z,GA07G2504 - Mid Size (Water Tender),15.5893133,73.9465083,0,STOP,At Fire Station Bicholim ,Fire Station Bicholim
2026-01-08T01:21:28.457Z,GA07G2503-Mid Size (Water Tender),15.58997,73.80865,0,STOP,At Fire Station Mapusa,Fire Station Mapusa
2026-01-08T01:21:28.457Z,GA07G2502 - Mid Size (Water Tender),15.58982,73.8087483,0,STOP,At Fire Station Mapusa,Fire Force Headquarters
2026-01-08T01:22:30.798Z,GA 07 G 0680-PIL(QUICK RESPONSE VEHICLE),15.532865,73.7939283,0,STOP,At Fire Station Pilerne,Fire Station Pilerne
2026-01-08T01:22:30.798Z,GA07G2506 - Mid Size (Water Tender),15.500418,73.914055,0,STOP,At Fire Station Old Goa,Fire Station Old Goa
2026-01-08T01:22:30.798Z,GA 07 G 5115-POR(MINI WATER TENDER),15.523018,73.829498,0,STOP,At Porvorim Fire Station,Fire Station Porvorim
2026-01-08T01:22:30.798Z,GA 07 G 0350-MRG(WATER TENDER),15.269435,73.97068,0,STOP,At Fire Station Margoa,Fire Station Margao
2026-01-08T01:22:30.798Z,GA 07 G 2900-MAP(MINI RESCUE TENDER),15.59015,73.808701,0,STOP,At Fire Station Mapusa,Fire Station Mapusa
2026-01-08T01:22:30.798Z,GA 07 G 7600-FFHQ(WATER BOUSER),15.48735,73.817322,0,RUNNING,"Caculo Mall, 16 Shanta, St Inez Rd, Caculo Enclave, Santa Inez, Panaji, Goa (NW)",Fire Force Headquarters
2026-01-08T01:22:30.798Z,GA 07 G 2002-FFHQ(TURN TABLE LADDER),15.487413,73.8172,0,STOP,"Caculo Mall, 16 Shanta, St Inez Rd, Caculo Enclave, Santa Inez, Panaji, Goa (NW)",Fire Force Headquarters
2026-01-08T01:22:30.798Z,GA 07 G 7101-FFHQ(WATER TENDER),15.486933,73.817017,0,STOP,"Caculo Mall, 16 Shanta, St Inez Rd, Caculo Enclave, Santa Inez, Panaji, Goa (NW)",Fire Force Headquarters
2026-01-08T01:22:30.798Z,GA 07 G 7677-FFHQ(EMERGENCY RESCUE),15.487005,73.817436,0,STOP,"Caculo Mall, 16 Shanta, St Inez Rd, Caculo Enclave, Santa Inez, Panaji, Goa (NW)",Fire Force Headquarters
2026-01-08T01:22:30.798Z,GA 07 G 1121-PNJ(EMERGENCY RESCUE),15.487197,73.817276,0,STOP,"Caculo Mall, 16 Shanta, St Inez Rd, Caculo Enclave, Santa Inez, Panaji, Goa (NW)",Fire Station Panaji
2026-01-08T01:22:30.798Z,GA 07 G 1571-FFHQ(QUICK RESPONSE),15.486595,73.817528,0,STOP,"Caculo Mall, 16 Shanta, St Inez Rd, Caculo Enclave, Santa Inez, Panaji, Goa (SW)",Fire Force Headquarters
2026-01-08T01:22:30.798Z,GA 07 G 8101-MAP(WATER TENDER),15.589967,73.808762,0,STOP,At Fire Station Mapusa,Fire Station Mapusa
2026-01-08T01:22:30.798Z,GA 07 G 2317-MRG(EMERGENCY RESCUE TENDER),15.2693749,73.9699216,0,STOP,At Fire Station Margoa,Fire Station Margao
2026-01-08T01:22:30.798Z,GA 07 G 1570-VAS(QUICK RESPONSE FIRE TENDER),15.4054016,73.8930833,0,STOP,"Mendies, National Highway 366, Goa (NE)",Fire Station Vasco
2026-01-08T01:22:30.798Z,GA 07 G 4101-VAS(MS WATER TENDER),15.3888216,73.8512533,0,INACTIVE,At Fire Station Vasco,Fire Station Vasco
2026-01-08T01:22:30.798Z,GA 07 G 0819-VAS(WATER/FOAM TENDER),15.3888067,73.8512617,0,IDLE,At Fire Station Vasco,Fire Station Vasco
2026-01-08T01:22:30.798Z,GA 07 G 7100-MRG(WATER BOUSER),15.2694416,73.9701166,0,STOP,At Fire Station Margoa,Fire Station Margao
2026-01-08T01:22:30.798Z,GA 07 G 1568-MRG(QUICK RESPONSE ),15.26936,73.9704583,0,STOP,At Fire Station Margoa,Fire Station Margao
2026-01-08T01:22:30.798Z,GA 07 G 6101-MRG(WATER TENDER),15.2694199,73.969955,0,STOP,At Fire Station Margoa,Fire Station Margao
2026-01-08T01:22:30.798Z,GA 07 G 1001-MRG(AERIAL LADDER PLATFORM),15.269385,73.97019,0,STOP,At Fire Station Margoa,Fire Station Margao
2026-01-08T01:22:30.798Z,GA 07 G 0820-BIC(WATER TEDNER),15.40271,74.0028017,0,STOP,At Fire Station Ponda ,Fire Station Bicholim
2026-01-08T01:22:30.798Z,GA 07 G 5101-OLG(MS WATER TENDER),15.5001633,73.914055,0,STOP,At Fire Station Old Goa,Fire Station Old Goa
2026-01-08T01:22:30.798Z,GA 07 G 3101-BIC(MS WATER TENDER),15.5893516,73.94672,0,STOP,At Fire Station Bicholim ,Fire Station Bicholim
2026-01-08T01:22:30.798Z,GA 07 G 1941-BIC(QUICK RESPONSE),15.589475,73.9467283,0,STOP,At Fire Station Bicholim ,Fire Station Bicholim
2026-01-08T01:22:30.798Z,GA 07 G 2319-VAS (EMERGENCY RESCUE TENDER),15.3892083,73.8478433,0,STOP,"155/C, near railway bridge, airport road, Alto-dabolim, Dabolim, Goa (SW)",Fire Station Vasco
2026-01-08T01:22:30.798Z,GA 07 G 3737-VAP(WATER TENDER),15.54645,74.0423016,0,STOP,"SH 1, Honda VP, Goa (SW)",Fire Station Valpoi
2026-01-08T01:22:30.798Z,GA 07 G 2318-PND(EMERGENCY RESCUE TENDER),15.402655,74.0030033,0,STOP,At Fire Station Ponda ,Fire Station Ponda
2026-01-08T01:22:30.798Z,GA 07 G 2004-PND(QUICK RESPONSE),15.4141016,73.9073083,0,INACTIVE,"Guru Hotel, Old Ferry Road, Agaçaim, Goa (SE)",Fire Station Ponda
2026-01-08T01:22:30.798Z,GA 07 G 9101-PND(WATER TENDER),15.4022033,74.0029466,0,STOP,At Fire Station Ponda ,Fire Station Ponda
2026-01-08T01:22:30.798Z,GA 07 G 9797-PND(WATER BOUSER),15.4027433,74.0028966,0,IDLE,At Fire Station Ponda ,Fire Station Ponda
2026-01-08T01:22:30.798Z,GA 07 G 6363-CAN(WATER TENDER),15.0236383,74.0440666,0,STOP,"Canacona, The Lalitrajbaga ,Canacona, Canacona, Goa (NE)",Fire Station Canacona
2026-01-08T01:22:30.798Z,GA 07 G 1567-CAN(QUICK RESPONSE FT),15.0163433,74.0396166,39,INACTIVE,"Canacona, The Lalitrajbaga ,Canacona, Canacona, Goa (SW)",Fire Station Canacona
2026-01-08T01:22:30.798Z,GA 07 G 1569-VRN(QUICK RESPONSE),15.3696816,73.9356849,0,STOP,At Fire Station Verna,Fire Station Verna
2026-01-08T01:22:30.798Z,GA 07 G 9909-VRN(ADVANCE MULTI-PURPOSE),15.36962,73.9357333,0,STOP,At Fire Station Verna,Fire Station Verna
2026-01-08T01:22:30.798Z,GA 07 G 1942-VAP(QUICK RESPONSE),15.531045,74.1388183,0,STOP,At Fire Station Valpoi ,Fire Station Valpoi
2026-01-08T01:22:30.798Z,GA 07 G 2003-CUR(QUICK RESPONSE),15.2603983,74.1037433,0,STOP,At Fire Station Curchorem,Fire Station Curchorem
2026-01-08T01:22:30.798Z,GA 07 G 7447-CUR(EMERGENCY RESCUE),15.2604233,74.10376,0,STOP,At Fire Station Curchorem,Fire Station Curchorem
2026-01-08T01:22:30.798Z,GA 07 G 7557-CUR(WATER TENDER),15.260345,74.1037183,0,STOP,At Fire Station Curchorem,Fire Station Curchorem
2026-01-08T01:22:30.798Z,GA 07 G 7667-CUR(WATER BOUSER),15.26034,74.1038333,0,STOP,At Fire Station Curchorem,Fire Station Curchorem
2026-01-08T01:22:30.798Z,GA 07 G 4989-KUN(WATER TENDER),15.46306,73.97207,0,STOP,At Fire Station Kundaim,Fire Station Kundaim
2026-01-08T01:22:30.798Z,GA 07 G 2242-PIL(WATER TENDER),15.53297,73.7940744,0,STOP,At Fire Station Pilerne,Fire Station Pilerne
2026-01-08T01:22:30.798Z,GA 07 G 0681-MAP(QUICK RESPONSE),15.5897567,73.80874,0,STOP,At Fire Station Mapusa,Fire Station Mapusa
2026-01-08T01:22:30.798Z,GA 07 G 0307-PER(QUICK RESPONSE),15.7164939,73.7974239,0,INACTIVE,At Fire Station Pernem,Fire Station Pernem
2026-01-08T01:22:30.798Z,GA 07 G 2101-PER(MS WATER TENDER),15.7164339,73.7974506,0,STOP,At Fire Station Pernem,Fire Station Pernem
2026-01-08T01:22:30.798Z,GA 07 G 4600-PER(MINI RESCUE TENDER),15.7165006,73.7975322,0,STOP,At Fire Station Pernem,Fire Station Pernem
2026-01-08T01:22:30.798Z,GA 07 G 7272-PNJ(WATER TENDER),15.4871567,73.8173333,0,STOP,"Caculo Mall, 16 Shanta, St Inez Rd, Caculo Enclave, Santa Inez, Panaji, Goa (NW)",Fire Station Panaji
2026-01-08T01:22:30.798Z,GA07G2384- Cuncolim,15.1862711,74.0209944,0,STOP,At Fire Station Cuncolim,Fire Station Cuncolim
2026-01-08T01:22:30.798Z,GA07G2507 - Mid Size (Water Tender),15.71641,73.79755,0,STOP,At Fire Station Pernem,Fire Station Pernem
2026-01-08T01:22:30.798Z,GA07G2505 - Mid Size (Water Tender),15.5309333,74.1386233,0,STOP,At Fire Station Valpoi ,Fire Station Valpoi
2026-01-08T01:22:30.798Z,GA07G2504 - Mid Size (Water Tender),15.5893133,73.9465083,0,STOP,At Fire Station Bicholim ,Fire Station Bicholim
2026-01-08T01:22:30.798Z,GA07G2503-Mid Size (Water Tender),15.58997,73.80865,0,STOP,At Fire Station Mapusa,Fire Station Mapusa
2026-01-08T01:22:30.798Z,GA07G2502 - Mid Size (Water Tender),15.58982,73.8087483,0,STOP,At Fire Station Mapusa,Fire Force Headquarters
