Timestamp,Vehicle_No,Latitude,Longitude,Speed,Status,Location,Branch
2026-01-17T00:00:02.366Z,GA 07 G 0680-PIL(QUICK RESPONSE VEHICLE),15.52289,73.8294267,0,STOP,At Porvorim Fire Station,Fire Station Pilerne
2026-01-17T00:00:02.366Z,GA07G2506 - OLG Mid Size (Water Tender),15.500282,73.9142,0,STOP,At Fire Station Old Goa,Fire Station Old Goa
2026-01-17T00:00:02.366Z,GA 07 G 5115-POR(MINI WATER TENDER),15.52334,73.829453,0,STOP,At Porvorim Fire Station,Fire Station Porvorim
2026-01-17T00:00:02.366Z,GA 07 G 0350-MRG(WATER TENDER),15.26947,73.970604,0,STOP,At Fire Station Margoa,Fire Station Margao
2026-01-17T00:00:02.366Z,GA 07 G 2900-MAP(MINI RESCUE TENDER),15.589848,73.808846,0,STOP,At Fire Station Mapusa,Fire Station Mapusa
2026-01-17T00:00:02.366Z,GA 07 G 7600-FFHQ(WATER BOUSER),15.48733,73.817238,0,STOP,"Caculo Mall, 16 Shanta, St Inez Rd, Caculo Enclave, Santa Inez, Panaji, Goa (NW)",Fire Force Headquarters
2026-01-17T00:00:02.366Z,GA 07 G 2002-FFHQ(TURN TABLE LADDER),15.487268,73.81723,0,STOP,"Caculo Mall, 16 Shanta, St Inez Rd, Caculo Enclave, Santa Inez, Panaji, Goa (NW)",Fire Force Headquarters
2026-01-17T00:00:02.366Z,GA 07 G 7101-FFHQ(WATER TENDER),15.486835,73.817024,0,STOP,"Caculo Mall, 16 Shanta, St Inez Rd, Caculo Enclave, Santa Inez, Panaji, Goa (NW)",Fire Force Headquarters
2026-01-17T00:00:02.366Z,GA 07 G 7677-FFHQ(EMERGENCY RESCUE),15.486923,73.817268,0,STOP,"Caculo Mall, 16 Shanta, St Inez Rd, Caculo Enclave, Santa Inez, Panaji, Goa (NW)",Fire Force Headquarters
2026-01-17T00:00:02.366Z,GA 07 G 1121-PNJ(EMERGENCY RESCUE),15.487202,73.817223,0,STOP,"Caculo Mall, 16 Shanta, St Inez Rd, Caculo Enclave, Santa Inez, Panaji, Goa (NW)",Fire Station Panaji
2026-01-17T00:00:02.366Z,GA 07 G 1571-FFHQ(QUICK RESPONSE),15.486478,73.817696,0,STOP,"Caculo Mall, 16 Shanta, St Inez Rd, Caculo Enclave, Santa Inez, Panaji, Goa (SW)",Fire Force Headquarters
2026-01-17T00:00:02.366Z,GA 07 G 8101-MAP(WATER TENDER),15.589968,73.808624,0,STOP,At Fire Station Mapusa,Fire Station Mapusa
2026-01-17T00:00:02.366Z,GA 07 G 2317-MRG(EMERGENCY RESCUE TENDER),15.2694116,73.9701666,0,STOP,At Fire Station Margoa,Fire Station Margao
2026-01-17T00:00:02.366Z,GA 07 G 1570-VAS(QUICK RESPONSE FIRE TENDER),15.3887733,73.8513266,0,STOP,At Fire Station Vasco,Fire Station Vasco
2026-01-17T00:00:02.366Z,GA 07 G 4101-VAS(MS WATER TENDER),15.3888166,73.851285,0,STOP,At Fire Station Vasco,Fire Station Vasco
2026-01-17T00:00:02.366Z,GA 07 G 0819-VAS(WATER/FOAM TENDER),15.38905,73.8510983,0,IDLE,At Fire Station Vasco,Fire Station Vasco
2026-01-17T00:00:02.366Z,GA 07 G 7100-MRG(WATER BOUSER),15.2694066,73.9701416,0,STOP,At Fire Station Margoa,Fire Station Margao
2026-01-17T00:00:02.366Z,GA 07 G 1568-MRG(QUICK RESPONSE ),15.2693416,73.9705166,0,STOP,At Fire Station Margoa,Fire Station Margao
2026-01-17T00:00:02.366Z,GA 07 G 6101-MRG(WATER TENDER),15.2694116,73.970255,0,STOP,At Fire Station Margoa,Fire Station Margao
2026-01-17T00:00:02.366Z,GA 07 G 1001-MRG(AERIAL LADDER PLATFORM),15.2693583,73.9703133,0,STOP,At Fire Station Margoa,Fire Station Margao
2026-01-17T00:00:02.366Z,GA 07 G 0820-BIC(WATER TEDNER),15.4027967,74.0028217,0,STOP,At Fire Station Ponda ,Fire Station Bicholim
2026-01-17T00:00:02.366Z,GA 07 G 5101-OLG(MS WATER TENDER),15.500265,73.9139483,0,STOP,At Fire Station Old Goa,Fire Station Old Goa
2026-01-17T00:00:02.366Z,GA 07 G 3101-BIC(MS WATER TENDER),15.5893433,73.9465416,0,STOP,At Fire Station Bicholim ,Fire Station Bicholim
2026-01-17T00:00:02.366Z,GA 07 G 1941-BIC(QUICK RESPONSE),15.5894533,73.9467116,0,STOP,At Fire Station Bicholim ,Fire Station Bicholim
2026-01-17T00:00:02.366Z,GA 07 G 2319-VAS (EMERGENCY RESCUE TENDER),15.3900983,73.8532383,0,STOP,"Zuari Rd, Holy Cross Colony, Dabolim, Goa (SE)",Fire Station Vasco
2026-01-17T00:00:02.366Z,GA 07 G 3737-VAP(WATER TENDER),15.5310533,74.1388916,0,STOP,At Fire Station Valpoi ,Fire Station Valpoi
2026-01-17T00:00:02.366Z,GA 07 G 2318-PND(EMERGENCY RESCUE TENDER),15.4028033,74.00293,0,STOP,At Fire Station Ponda ,Fire Station Ponda
2026-01-17T00:00:02.366Z,GA 07 G 2004-PND(QUICK RESPONSE),15.4141016,73.9073083,0,INACTIVE,"Guru Hotel, Old Ferry Road, Agaçaim, Goa (SE)",Fire Station Ponda
2026-01-17T00:00:02.366Z,GA 07 G 9101-PND(WATER TENDER),15.4027033,74.0028733,0,STOP,At Fire Station Ponda ,Fire Station Ponda
2026-01-17T00:00:02.366Z,GA 07 G 9797-PND(WATER BOUSER),15.4027999,74.0027016,0,STOP,At Fire Station Ponda ,Fire Station Ponda
2026-01-17T00:00:02.366Z,GA 07 G 6363-CAN(WATER TENDER),15.02361,74.04406,0,INACTIVE,"Canacona, The Lalitrajbaga ,Canacona, Canacona, Goa (NE)",Fire Station Canacona
2026-01-17T00:00:02.366Z,GA 07 G 1567-CAN(QUICK RESPONSE FT),15.0233599,74.0440833,0,INACTIVE,"Canacona, The Lalitrajbaga ,Canacona, Canacona, Goa (NE)",Fire Station Canacona
2026-01-17T00:00:02.366Z,GA 07 G 1569-VRN(QUICK RESPONSE),15.369545,73.9355216,0,STOP,At Fire Station Verna,Fire Station Verna
2026-01-17T00:00:02.366Z,GA 07 G 9909-VRN(ADVANCE MULTI-PURPOSE),15.369605,73.9362216,0,STOP,At Fire Station Verna,Fire Station Verna
2026-01-17T00:00:02.366Z,GA 07 G 1942-VAP(QUICK RESPONSE),15.5310033,74.138745,0,STOP,At Fire Station Valpoi ,Fire Station Valpoi
2026-01-17T00:00:02.366Z,GA 07 G 2003-CUR(QUICK RESPONSE),15.2604016,74.1031166,0,STOP,At Fire Station Curchorem,Fire Station Curchorem
2026-01-17T00:00:02.366Z,GA 07 G 7447-CUR(EMERGENCY RESCUE),15.260415,74.10376,0,STOP,At Fire Station Curchorem,Fire Station Curchorem
2026-01-17T00:00:02.366Z,GA 07 G 7557-CUR(WATER TENDER),15.2604083,74.1034266,0,STOP,At Fire Station Curchorem,Fire Station Curchorem
2026-01-17T00:00:02.366Z,GA 07 G 7667-CUR(WATER BOUSER),15.2602533,74.1037266,0,STOP,At Fire Station Curchorem,Fire Station Curchorem
2026-01-17T00:00:02.366Z,GA 07 G 4989-KUN(WATER TENDER),15.4628433,73.9726,0,STOP,At Fire Station Kundaim,Fire Station Kundaim
2026-01-17T00:00:02.366Z,GA 07 G 2242-PIL(WATER TENDER),15.5329344,73.7940983,0,STOP,At Fire Station Pilerne,Fire Station Pilerne
2026-01-17T00:00:02.366Z,GA 07 G 0681-MAP(QUICK RESPONSE),15.58978,73.808805,0,STOP,At Fire Station Mapusa,Fire Station Mapusa
2026-01-17T00:00:02.366Z,GA 07 G 0307-PER(QUICK RESPONSE),15.7164939,73.7974239,0,INACTIVE,At Fire Station Pernem,Fire Station Pernem
2026-01-17T00:00:02.366Z,GA 07 G 2101-PER(MS WATER TENDER),15.7164572,73.7975456,0,STOP,At Fire Station Pernem,Fire Station Pernem
2026-01-17T00:00:02.366Z,GA 07 G 4600-PER(MINI RESCUE TENDER),15.7165267,73.7975289,0,STOP,At Fire Station Pernem,Fire Station Pernem
2026-01-17T00:00:02.366Z,GA 07 G 7272-PNJ(WATER TENDER),15.4880722,73.8173878,0,STOP,"Goa College of Home Science, Dayanand Bandodkar Road, Opposite Parade Ground Campal,, Panaji, Goa (SE)",Fire Station Panaji
2026-01-17T00:00:02.366Z,GA07G2384- Cuncolim,15.1861639,74.0211006,0,STOP,At Fire Station Cuncolim,Fire Station Cuncolim
2026-01-17T00:00:02.366Z,GA07G2507 - PER Mid Size (Water Tender),15.716485,73.7975017,0,STOP,At Fire Station Pernem,Fire Station Pernem
2026-01-17T00:00:02.366Z,GA07G2505 - VAP Mid Size (Water Tender),15.5309717,74.1385667,0,STOP,At Fire Station Valpoi ,Fire Station Valpoi
2026-01-17T00:00:02.366Z,GA07G2504 - BIC Mid Size (Water Tender),15.589485,73.9466967,0,STOP,At Fire Station Bicholim ,Fire Station Bicholim
2026-01-17T00:00:02.366Z,GA07G2503- MAP Mid Size (Water Tender),15.5899483,73.808635,0,STOP,At Fire Station Mapusa,Fire Station Mapusa
2026-01-17T00:00:02.366Z,GA07G2502 - FFHQ Mid Size (Water Tender),15.4870333,73.8171467,0,STOP,"Caculo Mall, 16 Shanta, St Inez Rd, Caculo Enclave, Santa Inez, Panaji, Goa (NW)",Fire Force Headquarters
2026-01-17T00:01:04.624Z,GA 07 G 0680-PIL(QUICK RESPONSE VEHICLE),15.52289,73.8294267,0,STOP,At Porvorim Fire Station,Fire Station Pilerne
2026-01-17T00:01:04.624Z,GA07G2506 - OLG Mid Size (Water Tender),15.500308,73.91407,0,STOP,At Fire Station Old Goa,Fire Station Old Goa
2026-01-17T00:01:04.624Z,GA 07 G 5115-POR(MINI WATER TENDER),15.52334,73.829453,0,STOP,At Porvorim Fire Station,Fire Station Porvorim
2026-01-17T00:01:04.624Z,GA 07 G 0350-MRG(WATER TENDER),15.269438,73.970627,0,STOP,At Fire Station Margoa,Fire Station Margao
2026-01-17T00:01:04.624Z,GA 07 G 2900-MAP(MINI RESCUE TENDER),15.589848,73.808846,0,STOP,At Fire Station Mapusa,Fire Station Mapusa
2026-01-17T00:01:04.624Z,GA 07 G 7600-FFHQ(WATER BOUSER),15.48733,73.817238,0,STOP,"Caculo Mall, 16 Shanta, St Inez Rd, Caculo Enclave, Santa Inez, Panaji, Goa (NW)",Fire Force Headquarters
2026-01-17T00:01:04.624Z,GA 07 G 2002-FFHQ(TURN TABLE LADDER),15.487413,73.817276,0,STOP,"Caculo Mall, 16 Shanta, St Inez Rd, Caculo Enclave, Santa Inez, Panaji, Goa (NW)",Fire Force Headquarters
2026-01-17T00:01:04.624Z,GA 07 G 7101-FFHQ(WATER TENDER),15.486835,73.817024,0,STOP,"Caculo Mall, 16 Shanta, St Inez Rd, Caculo Enclave, Santa Inez, Panaji, Goa (NW)",Fire Force Headquarters
2026-01-17T00:01:04.624Z,GA 07 G 7677-FFHQ(EMERGENCY RESCUE),15.486923,73.817268,0,STOP,"Caculo Mall, 16 Shanta, St Inez Rd, Caculo Enclave, Santa Inez, Panaji, Goa (NW)",Fire Force Headquarters
2026-01-17T00:01:04.624Z,GA 07 G 1121-PNJ(EMERGENCY RESCUE),15.487333,73.817299,0,STOP,"Caculo Mall, 16 Shanta, St Inez Rd, Caculo Enclave, Santa Inez, Panaji, Goa (NW)",Fire Station Panaji
2026-01-17T00:01:04.624Z,GA 07 G 1571-FFHQ(QUICK RESPONSE),15.486457,73.817513,0,STOP,"Caculo Mall, 16 Shanta, St Inez Rd, Caculo Enclave, Santa Inez, Panaji, Goa (SW)",Fire Force Headquarters
2026-01-17T00:01:04.624Z,GA 07 G 8101-MAP(WATER TENDER),15.589968,73.808624,0,STOP,At Fire Station Mapusa,Fire Station Mapusa
2026-01-17T00:01:04.624Z,GA 07 G 2317-MRG(EMERGENCY RESCUE TENDER),15.2694116,73.9701666,0,STOP,At Fire Station Margoa,Fire Station Margao
2026-01-17T00:01:04.624Z,GA 07 G 1570-VAS(QUICK RESPONSE FIRE TENDER),15.3887733,73.8513266,0,STOP,At Fire Station Vasco,Fire Station Vasco
2026-01-17T00:01:04.624Z,GA 07 G 4101-VAS(MS WATER TENDER),15.3888166,73.851285,0,STOP,At Fire Station Vasco,Fire Station Vasco
2026-01-17T00:01:04.624Z,GA 07 G 0819-VAS(WATER/FOAM TENDER),15.38905,73.8510983,0,IDLE,At Fire Station Vasco,Fire Station Vasco
2026-01-17T00:01:04.624Z,GA 07 G 7100-MRG(WATER BOUSER),15.269415,73.969995,0,STOP,At Fire Station Margoa,Fire Station Margao
2026-01-17T00:01:04.624Z,GA 07 G 1568-MRG(QUICK RESPONSE ),15.2693416,73.9705166,0,STOP,At Fire Station Margoa,Fire Station Margao
2026-01-17T00:01:04.624Z,GA 07 G 6101-MRG(WATER TENDER),15.2694116,73.970255,0,STOP,At Fire Station Margoa,Fire Station Margao
2026-01-17T00:01:04.624Z,GA 07 G 1001-MRG(AERIAL LADDER PLATFORM),15.26938,73.9701583,0,STOP,At Fire Station Margoa,Fire Station Margao
2026-01-17T00:01:04.624Z,GA 07 G 0820-BIC(WATER TEDNER),15.4027967,74.0028217,0,STOP,At Fire Station Ponda ,Fire Station Bicholim
2026-01-17T00:01:04.624Z,GA 07 G 5101-OLG(MS WATER TENDER),15.500265,73.9139483,0,STOP,At Fire Station Old Goa,Fire Station Old Goa
2026-01-17T00:01:04.624Z,GA 07 G 3101-BIC(MS WATER TENDER),15.5893433,73.9465416,0,STOP,At Fire Station Bicholim ,Fire Station Bicholim
2026-01-17T00:01:04.624Z,GA 07 G 1941-BIC(QUICK RESPONSE),15.5894533,73.9467116,0,STOP,At Fire Station Bicholim ,Fire Station Bicholim
2026-01-17T00:01:04.624Z,GA 07 G 2319-VAS (EMERGENCY RESCUE TENDER),15.3900983,73.8532383,0,STOP,"Zuari Rd, Holy Cross Colony, Dabolim, Goa (SE)",Fire Station Vasco
2026-01-17T00:01:04.624Z,GA 07 G 3737-VAP(WATER TENDER),15.5310533,74.1388916,0,STOP,At Fire Station Valpoi ,Fire Station Valpoi
2026-01-17T00:01:04.624Z,GA 07 G 2318-PND(EMERGENCY RESCUE TENDER),15.4028033,74.00293,0,STOP,At Fire Station Ponda ,Fire Station Ponda
2026-01-17T00:01:04.624Z,GA 07 G 2004-PND(QUICK RESPONSE),15.4141016,73.9073083,0,INACTIVE,"Guru Hotel, Old Ferry Road, Agaçaim, Goa (SE)",Fire Station Ponda
2026-01-17T00:01:04.624Z,GA 07 G 9101-PND(WATER TENDER),15.4027033,74.0028733,0,STOP,At Fire Station Ponda ,Fire Station Ponda
2026-01-17T00:01:04.624Z,GA 07 G 9797-PND(WATER BOUSER),15.4027999,74.0027016,0,STOP,At Fire Station Ponda ,Fire Station Ponda
2026-01-17T00:01:04.624Z,GA 07 G 6363-CAN(WATER TENDER),15.02361,74.04406,0,INACTIVE,"Canacona, The Lalitrajbaga ,Canacona, Canacona, Goa (NE)",Fire Station Canacona
2026-01-17T00:01:04.624Z,GA 07 G 1567-CAN(QUICK RESPONSE FT),15.0233599,74.0440833,0,INACTIVE,"Canacona, The Lalitrajbaga ,Canacona, Canacona, Goa (NE)",Fire Station Canacona
2026-01-17T00:01:04.624Z,GA 07 G 1569-VRN(QUICK RESPONSE),15.369545,73.9355216,0,STOP,At Fire Station Verna,Fire Station Verna
2026-01-17T00:01:04.624Z,GA 07 G 9909-VRN(ADVANCE MULTI-PURPOSE),15.36974,73.9360833,0,STOP,At Fire Station Verna,Fire Station Verna
2026-01-17T00:01:04.624Z,GA 07 G 1942-VAP(QUICK RESPONSE),15.5310033,74.138745,0,STOP,At Fire Station Valpoi ,Fire Station Valpoi
2026-01-17T00:01:04.624Z,GA 07 G 2003-CUR(QUICK RESPONSE),15.2604016,74.1031166,0,STOP,At Fire Station Curchorem,Fire Station Curchorem
2026-01-17T00:01:04.624Z,GA 07 G 7447-CUR(EMERGENCY RESCUE),15.260415,74.10376,0,STOP,At Fire Station Curchorem,Fire Station Curchorem
2026-01-17T00:01:04.624Z,GA 07 G 7557-CUR(WATER TENDER),15.2604083,74.1034266,0,STOP,At Fire Station Curchorem,Fire Station Curchorem
2026-01-17T00:01:04.624Z,GA 07 G 7667-CUR(WATER BOUSER),15.2602533,74.1037266,0,STOP,At Fire Station Curchorem,Fire Station Curchorem
2026-01-17T00:01:04.624Z,GA 07 G 4989-KUN(WATER TENDER),15.4628433,73.9726,0,STOP,At Fire Station Kundaim,Fire Station Kundaim
2026-01-17T00:01:04.624Z,GA 07 G 2242-PIL(WATER TENDER),15.5329344,73.7940983,0,STOP,At Fire Station Pilerne,Fire Station Pilerne
2026-01-17T00:01:04.624Z,GA 07 G 0681-MAP(QUICK RESPONSE),15.58978,73.808805,0,STOP,At Fire Station Mapusa,Fire Station Mapusa
2026-01-17T00:01:04.624Z,GA 07 G 0307-PER(QUICK RESPONSE),15.7164939,73.7974239,0,INACTIVE,At Fire Station Pernem,Fire Station Pernem
2026-01-17T00:01:04.624Z,GA 07 G 2101-PER(MS WATER TENDER),15.7164572,73.7975456,0,STOP,At Fire Station Pernem,Fire Station Pernem
2026-01-17T00:01:04.624Z,GA 07 G 4600-PER(MINI RESCUE TENDER),15.7165267,73.7975289,0,STOP,At Fire Station Pernem,Fire Station Pernem
2026-01-17T00:01:04.624Z,GA 07 G 7272-PNJ(WATER TENDER),15.4880722,73.8173878,0,STOP,"Goa College of Home Science, Dayanand Bandodkar Road, Opposite Parade Ground Campal,, Panaji, Goa (SE)",Fire Station Panaji
2026-01-17T00:01:04.624Z,GA07G2384- Cuncolim,15.1861639,74.0211006,0,STOP,At Fire Station Cuncolim,Fire Station Cuncolim
2026-01-17T00:01:04.624Z,GA07G2507 - PER Mid Size (Water Tender),15.716485,73.7975017,0,STOP,At Fire Station Pernem,Fire Station Pernem
2026-01-17T00:01:04.624Z,GA07G2505 - VAP Mid Size (Water Tender),15.5309717,74.1385667,0,STOP,At Fire Station Valpoi ,Fire Station Valpoi
2026-01-17T00:01:04.624Z,GA07G2504 - BIC Mid Size (Water Tender),15.589485,73.9466967,0,STOP,At Fire Station Bicholim ,Fire Station Bicholim
2026-01-17T00:01:04.624Z,GA07G2503- MAP Mid Size (Water Tender),15.5899483,73.808635,0,STOP,At Fire Station Mapusa,Fire Station Mapusa
2026-01-17T00:01:04.624Z,GA07G2502 - FFHQ Mid Size (Water Tender),15.4868,73.8171867,0,STOP,"Caculo Mall, 16 Shanta, St Inez Rd, Caculo Enclave, Santa Inez, Panaji, Goa (NW)",Fire Force Headquarters
2026-01-17T00:02:09.137Z,GA 07 G 0680-PIL(QUICK RESPONSE VEHICLE),15.52289,73.8294267,0,STOP,At Porvorim Fire Station,Fire Station Pilerne
2026-01-17T00:02:09.137Z,GA07G2506 - OLG Mid Size (Water Tender),15.500308,73.91407,0,STOP,At Fire Station Old Goa,Fire Station Old Goa
2026-01-17T00:02:09.137Z,GA 07 G 5115-POR(MINI WATER TENDER),15.52334,73.829453,0,STOP,At Porvorim Fire Station,Fire Station Porvorim
2026-01-17T00:02:09.137Z,GA 07 G 0350-MRG(WATER TENDER),15.269438,73.970627,0,STOP,At Fire Station Margoa,Fire Station Margao
2026-01-17T00:02:09.137Z,GA 07 G 2900-MAP(MINI RESCUE TENDER),15.589848,73.808846,0,STOP,At Fire Station Mapusa,Fire Station Mapusa
2026-01-17T00:02:09.137Z,GA 07 G 7600-FFHQ(WATER BOUSER),15.487422,73.817444,0,STOP,"Caculo Mall, 16 Shanta, St Inez Rd, Caculo Enclave, Santa Inez, Panaji, Goa (NW)",Fire Force Headquarters
2026-01-17T00:02:09.137Z,GA 07 G 2002-FFHQ(TURN TABLE LADDER),15.487413,73.817276,0,STOP,"Caculo Mall, 16 Shanta, St Inez Rd, Caculo Enclave, Santa Inez, Panaji, Goa (NW)",Fire Force Headquarters
2026-01-17T00:02:09.137Z,GA 07 G 7101-FFHQ(WATER TENDER),15.486835,73.817024,0,STOP,"Caculo Mall, 16 Shanta, St Inez Rd, Caculo Enclave, Santa Inez, Panaji, Goa (NW)",Fire Force Headquarters
2026-01-17T00:02:09.137Z,GA 07 G 7677-FFHQ(EMERGENCY RESCUE),15.487177,73.817001,0,STOP,"Caculo Mall, 16 Shanta, St Inez Rd, Caculo Enclave, Santa Inez, Panaji, Goa (NW)",Fire Force Headquarters
2026-01-17T00:02:09.137Z,GA 07 G 1121-PNJ(EMERGENCY RESCUE),15.487333,73.817299,0,STOP,"Caculo Mall, 16 Shanta, St Inez Rd, Caculo Enclave, Santa Inez, Panaji, Goa (NW)",Fire Station Panaji
2026-01-17T00:02:09.137Z,GA 07 G 1571-FFHQ(QUICK RESPONSE),15.486457,73.817513,0,STOP,"Caculo Mall, 16 Shanta, St Inez Rd, Caculo Enclave, Santa Inez, Panaji, Goa (SW)",Fire Force Headquarters
2026-01-17T00:02:09.137Z,GA 07 G 8101-MAP(WATER TENDER),15.589968,73.808624,0,STOP,At Fire Station Mapusa,Fire Station Mapusa
2026-01-17T00:02:09.137Z,GA 07 G 2317-MRG(EMERGENCY RESCUE TENDER),15.2694116,73.9701666,0,STOP,At Fire Station Margoa,Fire Station Margao
2026-01-17T00:02:09.137Z,GA 07 G 1570-VAS(QUICK RESPONSE FIRE TENDER),15.3887733,73.8513266,0,STOP,At Fire Station Vasco,Fire Station Vasco
2026-01-17T00:02:09.137Z,GA 07 G 4101-VAS(MS WATER TENDER),15.3888166,73.851285,0,STOP,At Fire Station Vasco,Fire Station Vasco
2026-01-17T00:02:09.137Z,GA 07 G 0819-VAS(WATER/FOAM TENDER),15.38905,73.8510983,0,IDLE,At Fire Station Vasco,Fire Station Vasco
2026-01-17T00:02:09.137Z,GA 07 G 7100-MRG(WATER BOUSER),15.269415,73.969995,0,STOP,At Fire Station Margoa,Fire Station Margao
2026-01-17T00:02:09.137Z,GA 07 G 1568-MRG(QUICK RESPONSE ),15.2693416,73.9705166,0,STOP,At Fire Station Margoa,Fire Station Margao
2026-01-17T00:02:09.137Z,GA 07 G 6101-MRG(WATER TENDER),15.2694116,73.970255,0,STOP,At Fire Station Margoa,Fire Station Margao
2026-01-17T00:02:09.137Z,GA 07 G 1001-MRG(AERIAL LADDER PLATFORM),15.26938,73.9701583,0,STOP,At Fire Station Margoa,Fire Station Margao
2026-01-17T00:02:09.137Z,GA 07 G 0820-BIC(WATER TEDNER),15.4027967,74.0028217,0,STOP,At Fire Station Ponda ,Fire Station Bicholim
2026-01-17T00:02:09.137Z,GA 07 G 5101-OLG(MS WATER TENDER),15.500265,73.9139483,0,STOP,At Fire Station Old Goa,Fire Station Old Goa
2026-01-17T00:02:09.137Z,GA 07 G 3101-BIC(MS WATER TENDER),15.5893433,73.9465416,0,STOP,At Fire Station Bicholim ,Fire Station Bicholim
2026-01-17T00:02:09.137Z,GA 07 G 1941-BIC(QUICK RESPONSE),15.5894533,73.9467116,0,STOP,At Fire Station Bicholim ,Fire Station Bicholim
2026-01-17T00:02:09.137Z,GA 07 G 2319-VAS (EMERGENCY RESCUE TENDER),15.3900983,73.8532383,0,STOP,"Zuari Rd, Holy Cross Colony, Dabolim, Goa (SE)",Fire Station Vasco
2026-01-17T00:02:09.137Z,GA 07 G 3737-VAP(WATER TENDER),15.5310533,74.1388916,0,STOP,At Fire Station Valpoi ,Fire Station Valpoi
2026-01-17T00:02:09.137Z,GA 07 G 2318-PND(EMERGENCY RESCUE TENDER),15.4028033,74.00293,0,STOP,At Fire Station Ponda ,Fire Station Ponda
2026-01-17T00:02:09.137Z,GA 07 G 2004-PND(QUICK RESPONSE),15.4141016,73.9073083,0,INACTIVE,"Guru Hotel, Old Ferry Road, Agaçaim, Goa (SE)",Fire Station Ponda
2026-01-17T00:02:09.137Z,GA 07 G 9101-PND(WATER TENDER),15.4027033,74.0028733,0,STOP,At Fire Station Ponda ,Fire Station Ponda
2026-01-17T00:02:09.137Z,GA 07 G 9797-PND(WATER BOUSER),15.4027999,74.0027016,0,STOP,At Fire Station Ponda ,Fire Station Ponda
2026-01-17T00:02:09.137Z,GA 07 G 6363-CAN(WATER TENDER),15.02361,74.04406,0,INACTIVE,"Canacona, The Lalitrajbaga ,Canacona, Canacona, Goa (NE)",Fire Station Canacona
2026-01-17T00:02:09.137Z,GA 07 G 1567-CAN(QUICK RESPONSE FT),15.0233599,74.0440833,0,INACTIVE,"Canacona, The Lalitrajbaga ,Canacona, Canacona, Goa (NE)",Fire Station Canacona
2026-01-17T00:02:09.137Z,GA 07 G 1569-VRN(QUICK RESPONSE),15.369545,73.9355216,0,STOP,At Fire Station Verna,Fire Station Verna
2026-01-17T00:02:09.137Z,GA 07 G 9909-VRN(ADVANCE MULTI-PURPOSE),15.36974,73.9360833,0,STOP,At Fire Station Verna,Fire Station Verna
2026-01-17T00:02:09.137Z,GA 07 G 1942-VAP(QUICK RESPONSE),15.5310033,74.138745,0,STOP,At Fire Station Valpoi ,Fire Station Valpoi
2026-01-17T00:02:09.137Z,GA 07 G 2003-CUR(QUICK RESPONSE),15.2604016,74.1031166,0,STOP,At Fire Station Curchorem,Fire Station Curchorem
2026-01-17T00:02:09.137Z,GA 07 G 7447-CUR(EMERGENCY RESCUE),15.260415,74.10376,0,STOP,At Fire Station Curchorem,Fire Station Curchorem
2026-01-17T00:02:09.137Z,GA 07 G 7557-CUR(WATER TENDER),15.2604083,74.1034266,0,STOP,At Fire Station Curchorem,Fire Station Curchorem
2026-01-17T00:02:09.137Z,GA 07 G 7667-CUR(WATER BOUSER),15.2602533,74.1037266,0,STOP,At Fire Station Curchorem,Fire Station Curchorem
2026-01-17T00:02:09.137Z,GA 07 G 4989-KUN(WATER TENDER),15.4628433,73.9726,0,STOP,At Fire Station Kundaim,Fire Station Kundaim
2026-01-17T00:02:09.137Z,GA 07 G 2242-PIL(WATER TENDER),15.5329344,73.7940983,0,STOP,At Fire Station Pilerne,Fire Station Pilerne
2026-01-17T00:02:09.137Z,GA 07 G 0681-MAP(QUICK RESPONSE),15.58978,73.808805,0,STOP,At Fire Station Mapusa,Fire Station Mapusa
2026-01-17T00:02:09.137Z,GA 07 G 0307-PER(QUICK RESPONSE),15.7164939,73.7974239,0,INACTIVE,At Fire Station Pernem,Fire Station Pernem
2026-01-17T00:02:09.137Z,GA 07 G 2101-PER(MS WATER TENDER),15.7164572,73.7975456,0,STOP,At Fire Station Pernem,Fire Station Pernem
2026-01-17T00:02:09.137Z,GA 07 G 4600-PER(MINI RESCUE TENDER),15.7165267,73.7975289,0,STOP,At Fire Station Pernem,Fire Station Pernem
2026-01-17T00:02:09.137Z,GA 07 G 7272-PNJ(WATER TENDER),15.4880722,73.8173878,0,STOP,"Goa College of Home Science, Dayanand Bandodkar Road, Opposite Parade Ground Campal,, Panaji, Goa (SE)",Fire Station Panaji
2026-01-17T00:02:09.137Z,GA07G2384- Cuncolim,15.1861639,74.0211006,0,STOP,At Fire Station Cuncolim,Fire Station Cuncolim
2026-01-17T00:02:09.137Z,GA07G2507 - PER Mid Size (Water Tender),15.716485,73.7975017,0,STOP,At Fire Station Pernem,Fire Station Pernem
2026-01-17T00:02:09.137Z,GA07G2505 - VAP Mid Size (Water Tender),15.5309717,74.1385667,0,STOP,At Fire Station Valpoi ,Fire Station Valpoi
2026-01-17T00:02:09.137Z,GA07G2504 - BIC Mid Size (Water Tender),15.589485,73.9466967,0,STOP,At Fire Station Bicholim ,Fire Station Bicholim
2026-01-17T00:02:09.137Z,GA07G2503- MAP Mid Size (Water Tender),15.5899483,73.808635,0,STOP,At Fire Station Mapusa,Fire Station Mapusa
2026-01-17T00:02:09.137Z,GA07G2502 - FFHQ Mid Size (Water Tender),15.4868,73.8171867,0,STOP,"Caculo Mall, 16 Shanta, St Inez Rd, Caculo Enclave, Santa Inez, Panaji, Goa (NW)",Fire Force Headquarters
2026-01-17T00:02:45.903Z,GA 07 G 0680-PIL(QUICK RESPONSE VEHICLE),15.52289,73.8294267,0,STOP,At Porvorim Fire Station,Fire Station Pilerne
2026-01-17T00:02:45.903Z,GA07G2506 - OLG Mid Size (Water Tender),15.500308,73.91407,0,STOP,At Fire Station Old Goa,Fire Station Old Goa
2026-01-17T00:02:45.903Z,GA 07 G 5115-POR(MINI WATER TENDER),15.52334,73.829453,0,STOP,At Porvorim Fire Station,Fire Station Porvorim
2026-01-17T00:02:45.903Z,GA 07 G 0350-MRG(WATER TENDER),15.269438,73.970627,0,STOP,At Fire Station Margoa,Fire Station Margao
2026-01-17T00:02:45.903Z,GA 07 G 2900-MAP(MINI RESCUE TENDER),15.58999,73.808624,0,STOP,At Fire Station Mapusa,Fire Station Mapusa
2026-01-17T00:02:45.903Z,GA 07 G 7600-FFHQ(WATER BOUSER),15.487422,73.817444,0,STOP,"Caculo Mall, 16 Shanta, St Inez Rd, Caculo Enclave, Santa Inez, Panaji, Goa (NW)",Fire Force Headquarters
2026-01-17T00:02:45.903Z,GA 07 G 2002-FFHQ(TURN TABLE LADDER),15.487413,73.817276,0,STOP,"Caculo Mall, 16 Shanta, St Inez Rd, Caculo Enclave, Santa Inez, Panaji, Goa (NW)",Fire Force Headquarters
2026-01-17T00:02:45.903Z,GA 07 G 7101-FFHQ(WATER TENDER),15.486835,73.817024,0,STOP,"Caculo Mall, 16 Shanta, St Inez Rd, Caculo Enclave, Santa Inez, Panaji, Goa (NW)",Fire Force Headquarters
2026-01-17T00:02:45.903Z,GA 07 G 7677-FFHQ(EMERGENCY RESCUE),15.487177,73.817001,0,STOP,"Caculo Mall, 16 Shanta, St Inez Rd, Caculo Enclave, Santa Inez, Panaji, Goa (NW)",Fire Force Headquarters
2026-01-17T00:02:45.903Z,GA 07 G 1121-PNJ(EMERGENCY RESCUE),15.487333,73.817299,0,STOP,"Caculo Mall, 16 Shanta, St Inez Rd, Caculo Enclave, Santa Inez, Panaji, Goa (NW)",Fire Station Panaji
2026-01-17T00:02:45.903Z,GA 07 G 1571-FFHQ(QUICK RESPONSE),15.486457,73.817513,0,STOP,"Caculo Mall, 16 Shanta, St Inez Rd, Caculo Enclave, Santa Inez, Panaji, Goa (SW)",Fire Force Headquarters
2026-01-17T00:02:45.903Z,GA 07 G 8101-MAP(WATER TENDER),15.589968,73.808624,0,STOP,At Fire Station Mapusa,Fire Station Mapusa
2026-01-17T00:02:45.903Z,GA 07 G 2317-MRG(EMERGENCY RESCUE TENDER),15.2694116,73.9701666,0,STOP,At Fire Station Margoa,Fire Station Margao
2026-01-17T00:02:45.903Z,GA 07 G 1570-VAS(QUICK RESPONSE FIRE TENDER),15.3887733,73.8513266,0,STOP,At Fire Station Vasco,Fire Station Vasco
2026-01-17T00:02:45.903Z,GA 07 G 4101-VAS(MS WATER TENDER),15.3888166,73.851285,0,STOP,At Fire Station Vasco,Fire Station Vasco
2026-01-17T00:02:45.903Z,GA 07 G 0819-VAS(WATER/FOAM TENDER),15.38905,73.8510983,0,IDLE,At Fire Station Vasco,Fire Station Vasco
2026-01-17T00:02:45.903Z,GA 07 G 7100-MRG(WATER BOUSER),15.269415,73.969995,0,STOP,At Fire Station Margoa,Fire Station Margao
2026-01-17T00:02:45.903Z,GA 07 G 1568-MRG(QUICK RESPONSE ),15.2693416,73.9705166,0,STOP,At Fire Station Margoa,Fire Station Margao
2026-01-17T00:02:45.903Z,GA 07 G 6101-MRG(WATER TENDER),15.2694116,73.970255,0,STOP,At Fire Station Margoa,Fire Station Margao
2026-01-17T00:02:45.903Z,GA 07 G 1001-MRG(AERIAL LADDER PLATFORM),15.26938,73.9701583,0,STOP,At Fire Station Margoa,Fire Station Margao
2026-01-17T00:02:45.903Z,GA 07 G 0820-BIC(WATER TEDNER),15.4027967,74.0028217,0,STOP,At Fire Station Ponda ,Fire Station Bicholim
2026-01-17T00:02:45.903Z,GA 07 G 5101-OLG(MS WATER TENDER),15.500265,73.9139483,0,STOP,At Fire Station Old Goa,Fire Station Old Goa
2026-01-17T00:02:45.903Z,GA 07 G 3101-BIC(MS WATER TENDER),15.5893433,73.9465416,0,STOP,At Fire Station Bicholim ,Fire Station Bicholim
2026-01-17T00:02:45.903Z,GA 07 G 1941-BIC(QUICK RESPONSE),15.5894533,73.9467116,0,STOP,At Fire Station Bicholim ,Fire Station Bicholim
2026-01-17T00:02:45.903Z,GA 07 G 2319-VAS (EMERGENCY RESCUE TENDER),15.3900983,73.8532383,0,STOP,"Zuari Rd, Holy Cross Colony, Dabolim, Goa (SE)",Fire Station Vasco
2026-01-17T00:02:45.903Z,GA 07 G 3737-VAP(WATER TENDER),15.5310533,74.1388916,0,STOP,At Fire Station Valpoi ,Fire Station Valpoi
2026-01-17T00:02:45.903Z,GA 07 G 2318-PND(EMERGENCY RESCUE TENDER),15.4028033,74.00293,0,STOP,At Fire Station Ponda ,Fire Station Ponda
2026-01-17T00:02:45.903Z,GA 07 G 2004-PND(QUICK RESPONSE),15.4141016,73.9073083,0,INACTIVE,"Guru Hotel, Old Ferry Road, Agaçaim, Goa (SE)",Fire Station Ponda
2026-01-17T00:02:45.903Z,GA 07 G 9101-PND(WATER TENDER),15.4027033,74.0028733,0,STOP,At Fire Station Ponda ,Fire Station Ponda
2026-01-17T00:02:45.903Z,GA 07 G 9797-PND(WATER BOUSER),15.4027999,74.0027016,0,STOP,At Fire Station Ponda ,Fire Station Ponda
2026-01-17T00:02:45.903Z,GA 07 G 6363-CAN(WATER TENDER),15.02361,74.04406,0,INACTIVE,"Canacona, The Lalitrajbaga ,Canacona, Canacona, Goa (NE)",Fire Station Canacona
2026-01-17T00:02:45.903Z,GA 07 G 1567-CAN(QUICK RESPONSE FT),15.0233599,74.0440833,0,INACTIVE,"Canacona, The Lalitrajbaga ,Canacona, Canacona, Goa (NE)",Fire Station Canacona
2026-01-17T00:02:45.903Z,GA 07 G 1569-VRN(QUICK RESPONSE),15.369545,73.9355216,0,STOP,At Fire Station Verna,Fire Station Verna
2026-01-17T00:02:45.903Z,GA 07 G 9909-VRN(ADVANCE MULTI-PURPOSE),15.36974,73.9360833,0,STOP,At Fire Station Verna,Fire Station Verna
2026-01-17T00:02:45.903Z,GA 07 G 1942-VAP(QUICK RESPONSE),15.5310033,74.138745,0,STOP,At Fire Station Valpoi ,Fire Station Valpoi
2026-01-17T00:02:45.903Z,GA 07 G 2003-CUR(QUICK RESPONSE),15.2604016,74.1031166,0,STOP,At Fire Station Curchorem,Fire Station Curchorem
2026-01-17T00:02:45.903Z,GA 07 G 7447-CUR(EMERGENCY RESCUE),15.260415,74.10376,0,STOP,At Fire Station Curchorem,Fire Station Curchorem
2026-01-17T00:02:45.903Z,GA 07 G 7557-CUR(WATER TENDER),15.2604083,74.1034266,0,STOP,At Fire Station Curchorem,Fire Station Curchorem
2026-01-17T00:02:45.903Z,GA 07 G 7667-CUR(WATER BOUSER),15.2602533,74.1037266,0,STOP,At Fire Station Curchorem,Fire Station Curchorem
2026-01-17T00:02:45.903Z,GA 07 G 4989-KUN(WATER TENDER),15.4628433,73.9726,0,STOP,At Fire Station Kundaim,Fire Station Kundaim
2026-01-17T00:02:45.903Z,GA 07 G 2242-PIL(WATER TENDER),15.5329344,73.7940983,0,STOP,At Fire Station Pilerne,Fire Station Pilerne
2026-01-17T00:02:45.903Z,GA 07 G 0681-MAP(QUICK RESPONSE),15.58978,73.808805,0,STOP,At Fire Station Mapusa,Fire Station Mapusa
2026-01-17T00:02:45.903Z,GA 07 G 0307-PER(QUICK RESPONSE),15.7164939,73.7974239,0,INACTIVE,At Fire Station Pernem,Fire Station Pernem
2026-01-17T00:02:45.903Z,GA 07 G 2101-PER(MS WATER TENDER),15.7164572,73.7975456,0,STOP,At Fire Station Pernem,Fire Station Pernem
2026-01-17T00:02:45.903Z,GA 07 G 4600-PER(MINI RESCUE TENDER),15.7165267,73.7975289,0,STOP,At Fire Station Pernem,Fire Station Pernem
2026-01-17T00:02:45.903Z,GA 07 G 7272-PNJ(WATER TENDER),15.4880722,73.8173878,0,STOP,"Goa College of Home Science, Dayanand Bandodkar Road, Opposite Parade Ground Campal,, Panaji, Goa (SE)",Fire Station Panaji
2026-01-17T00:02:45.903Z,GA07G2384- Cuncolim,15.1861639,74.0211006,0,STOP,At Fire Station Cuncolim,Fire Station Cuncolim
2026-01-17T00:02:45.903Z,GA07G2507 - PER Mid Size (Water Tender),15.716485,73.7975017,0,STOP,At Fire Station Pernem,Fire Station Pernem
2026-01-17T00:02:45.903Z,GA07G2505 - VAP Mid Size (Water Tender),15.5309717,74.1385667,0,STOP,At Fire Station Valpoi ,Fire Station Valpoi
2026-01-17T00:02:45.903Z,GA07G2504 - BIC Mid Size (Water Tender),15.589485,73.9466967,0,STOP,At Fire Station Bicholim ,Fire Station Bicholim
2026-01-17T00:02:45.903Z,GA07G2503- MAP Mid Size (Water Tender),15.5899483,73.808635,0,STOP,At Fire Station Mapusa,Fire Station Mapusa
2026-01-17T00:02:45.903Z,GA07G2502 - FFHQ Mid Size (Water Tender),15.4868,73.8171867,0,STOP,"Caculo Mall, 16 Shanta, St Inez Rd, Caculo Enclave, Santa Inez, Panaji, Goa (NW)",Fire Force Headquarters
2026-01-17T00:04:03.778Z,GA 07 G 0680-PIL(QUICK RESPONSE VEHICLE),15.52289,73.8294267,0,STOP,At Porvorim Fire Station,Fire Station Pilerne
2026-01-17T00:04:03.778Z,GA07G2506 - OLG Mid Size (Water Tender),15.500308,73.91407,0,STOP,At Fire Station Old Goa,Fire Station Old Goa
2026-01-17T00:04:03.778Z,GA 07 G 5115-POR(MINI WATER TENDER),15.52334,73.829453,0,STOP,At Porvorim Fire Station,Fire Station Porvorim
2026-01-17T00:04:03.778Z,GA 07 G 0350-MRG(WATER TENDER),15.269438,73.970627,0,STOP,At Fire Station Margoa,Fire Station Margao
2026-01-17T00:04:03.778Z,GA 07 G 2900-MAP(MINI RESCUE TENDER),15.58999,73.808624,0,STOP,At Fire Station Mapusa,Fire Station Mapusa
2026-01-17T00:04:03.778Z,GA 07 G 7600-FFHQ(WATER BOUSER),15.487422,73.817444,0,STOP,"Caculo Mall, 16 Shanta, St Inez Rd, Caculo Enclave, Santa Inez, Panaji, Goa (NW)",Fire Force Headquarters
2026-01-17T00:04:03.778Z,GA 07 G 2002-FFHQ(TURN TABLE LADDER),15.487413,73.817276,0,STOP,"Caculo Mall, 16 Shanta, St Inez Rd, Caculo Enclave, Santa Inez, Panaji, Goa (NW)",Fire Force Headquarters
2026-01-17T00:04:03.778Z,GA 07 G 7101-FFHQ(WATER TENDER),15.48682,73.816971,0,STOP,"Caculo Mall, 16 Shanta, St Inez Rd, Caculo Enclave, Santa Inez, Panaji, Goa (NW)",Fire Force Headquarters
2026-01-17T00:04:03.778Z,GA 07 G 7677-FFHQ(EMERGENCY RESCUE),15.487177,73.817001,0,STOP,"Caculo Mall, 16 Shanta, St Inez Rd, Caculo Enclave, Santa Inez, Panaji, Goa (NW)",Fire Force Headquarters
2026-01-17T00:04:03.778Z,GA 07 G 1121-PNJ(EMERGENCY RESCUE),15.487333,73.817299,0,STOP,"Caculo Mall, 16 Shanta, St Inez Rd, Caculo Enclave, Santa Inez, Panaji, Goa (NW)",Fire Station Panaji
2026-01-17T00:04:03.778Z,GA 07 G 1571-FFHQ(QUICK RESPONSE),15.486457,73.817513,0,STOP,"Caculo Mall, 16 Shanta, St Inez Rd, Caculo Enclave, Santa Inez, Panaji, Goa (SW)",Fire Force Headquarters
2026-01-17T00:04:03.778Z,GA 07 G 8101-MAP(WATER TENDER),15.589972,73.808624,0,STOP,At Fire Station Mapusa,Fire Station Mapusa
2026-01-17T00:04:03.778Z,GA 07 G 2317-MRG(EMERGENCY RESCUE TENDER),15.2694116,73.9701666,0,STOP,At Fire Station Margoa,Fire Station Margao
2026-01-17T00:04:03.778Z,GA 07 G 1570-VAS(QUICK RESPONSE FIRE TENDER),15.3887733,73.8513266,0,STOP,At Fire Station Vasco,Fire Station Vasco
2026-01-17T00:04:03.778Z,GA 07 G 4101-VAS(MS WATER TENDER),15.3888166,73.851285,0,STOP,At Fire Station Vasco,Fire Station Vasco
2026-01-17T00:04:03.778Z,GA 07 G 0819-VAS(WATER/FOAM TENDER),15.38905,73.8510983,0,IDLE,At Fire Station Vasco,Fire Station Vasco
2026-01-17T00:04:03.778Z,GA 07 G 7100-MRG(WATER BOUSER),15.269415,73.969995,0,STOP,At Fire Station Margoa,Fire Station Margao
2026-01-17T00:04:03.778Z,GA 07 G 1568-MRG(QUICK RESPONSE ),15.2693416,73.9705166,0,STOP,At Fire Station Margoa,Fire Station Margao
2026-01-17T00:04:03.778Z,GA 07 G 6101-MRG(WATER TENDER),15.2694116,73.970255,0,STOP,At Fire Station Margoa,Fire Station Margao
2026-01-17T00:04:03.778Z,GA 07 G 1001-MRG(AERIAL LADDER PLATFORM),15.26938,73.9701583,0,STOP,At Fire Station Margoa,Fire Station Margao
2026-01-17T00:04:03.778Z,GA 07 G 0820-BIC(WATER TEDNER),15.4027967,74.0028217,0,STOP,At Fire Station Ponda ,Fire Station Bicholim
2026-01-17T00:04:03.778Z,GA 07 G 5101-OLG(MS WATER TENDER),15.500265,73.9139483,0,STOP,At Fire Station Old Goa,Fire Station Old Goa
2026-01-17T00:04:03.778Z,GA 07 G 3101-BIC(MS WATER TENDER),15.5893433,73.9465416,0,STOP,At Fire Station Bicholim ,Fire Station Bicholim
2026-01-17T00:04:03.778Z,GA 07 G 1941-BIC(QUICK RESPONSE),15.5894533,73.9467116,0,STOP,At Fire Station Bicholim ,Fire Station Bicholim
2026-01-17T00:04:03.778Z,GA 07 G 2319-VAS (EMERGENCY RESCUE TENDER),15.3900983,73.8532383,0,STOP,"Zuari Rd, Holy Cross Colony, Dabolim, Goa (SE)",Fire Station Vasco
2026-01-17T00:04:03.778Z,GA 07 G 3737-VAP(WATER TENDER),15.5310533,74.1388916,0,STOP,At Fire Station Valpoi ,Fire Station Valpoi
2026-01-17T00:04:03.778Z,GA 07 G 2318-PND(EMERGENCY RESCUE TENDER),15.4028033,74.00293,0,STOP,At Fire Station Ponda ,Fire Station Ponda
2026-01-17T00:04:03.778Z,GA 07 G 2004-PND(QUICK RESPONSE),15.4141016,73.9073083,0,INACTIVE,"Guru Hotel, Old Ferry Road, Agaçaim, Goa (SE)",Fire Station Ponda
2026-01-17T00:04:03.778Z,GA 07 G 9101-PND(WATER TENDER),15.4027033,74.0028733,0,STOP,At Fire Station Ponda ,Fire Station Ponda
2026-01-17T00:04:03.778Z,GA 07 G 9797-PND(WATER BOUSER),15.4027999,74.0027016,0,STOP,At Fire Station Ponda ,Fire Station Ponda
2026-01-17T00:04:03.778Z,GA 07 G 6363-CAN(WATER TENDER),15.02361,74.04406,0,INACTIVE,"Canacona, The Lalitrajbaga ,Canacona, Canacona, Goa (NE)",Fire Station Canacona
2026-01-17T00:04:03.778Z,GA 07 G 1567-CAN(QUICK RESPONSE FT),15.0233599,74.0440833,0,INACTIVE,"Canacona, The Lalitrajbaga ,Canacona, Canacona, Goa (NE)",Fire Station Canacona
2026-01-17T00:04:03.778Z,GA 07 G 1569-VRN(QUICK RESPONSE),15.369545,73.9355216,0,STOP,At Fire Station Verna,Fire Station Verna
2026-01-17T00:04:03.778Z,GA 07 G 9909-VRN(ADVANCE MULTI-PURPOSE),15.36974,73.9360833,0,STOP,At Fire Station Verna,Fire Station Verna
2026-01-17T00:04:03.778Z,GA 07 G 1942-VAP(QUICK RESPONSE),15.5310033,74.138745,0,STOP,At Fire Station Valpoi ,Fire Station Valpoi
2026-01-17T00:04:03.778Z,GA 07 G 2003-CUR(QUICK RESPONSE),15.2604016,74.1031166,0,STOP,At Fire Station Curchorem,Fire Station Curchorem
2026-01-17T00:04:03.778Z,GA 07 G 7447-CUR(EMERGENCY RESCUE),15.260415,74.10376,0,STOP,At Fire Station Curchorem,Fire Station Curchorem
2026-01-17T00:04:03.778Z,GA 07 G 7557-CUR(WATER TENDER),15.2604083,74.1034266,0,STOP,At Fire Station Curchorem,Fire Station Curchorem
2026-01-17T00:04:03.778Z,GA 07 G 7667-CUR(WATER BOUSER),15.2602533,74.1037266,0,STOP,At Fire Station Curchorem,Fire Station Curchorem
2026-01-17T00:04:03.778Z,GA 07 G 4989-KUN(WATER TENDER),15.4628433,73.9726,0,STOP,At Fire Station Kundaim,Fire Station Kundaim
2026-01-17T00:04:03.778Z,GA 07 G 2242-PIL(WATER TENDER),15.5329344,73.7940983,0,STOP,At Fire Station Pilerne,Fire Station Pilerne
2026-01-17T00:04:03.778Z,GA 07 G 0681-MAP(QUICK RESPONSE),15.58978,73.808805,0,STOP,At Fire Station Mapusa,Fire Station Mapusa
2026-01-17T00:04:03.778Z,GA 07 G 0307-PER(QUICK RESPONSE),15.7164939,73.7974239,0,INACTIVE,At Fire Station Pernem,Fire Station Pernem
2026-01-17T00:04:03.778Z,GA 07 G 2101-PER(MS WATER TENDER),15.7164572,73.7975456,0,STOP,At Fire Station Pernem,Fire Station Pernem
2026-01-17T00:04:03.778Z,GA 07 G 4600-PER(MINI RESCUE TENDER),15.7165267,73.7975289,0,STOP,At Fire Station Pernem,Fire Station Pernem
2026-01-17T00:04:03.778Z,GA 07 G 7272-PNJ(WATER TENDER),15.4880722,73.8173878,0,STOP,"Goa College of Home Science, Dayanand Bandodkar Road, Opposite Parade Ground Campal,, Panaji, Goa (SE)",Fire Station Panaji
2026-01-17T00:04:03.778Z,GA07G2384- Cuncolim,15.1861639,74.0211006,0,STOP,At Fire Station Cuncolim,Fire Station Cuncolim
2026-01-17T00:04:03.778Z,GA07G2507 - PER Mid Size (Water Tender),15.716485,73.7975017,0,STOP,At Fire Station Pernem,Fire Station Pernem
2026-01-17T00:04:03.778Z,GA07G2505 - VAP Mid Size (Water Tender),15.5309717,74.1385667,0,STOP,At Fire Station Valpoi ,Fire Station Valpoi
2026-01-17T00:04:03.778Z,GA07G2504 - BIC Mid Size (Water Tender),15.589485,73.9466967,0,STOP,At Fire Station Bicholim ,Fire Station Bicholim
2026-01-17T00:04:03.778Z,GA07G2503- MAP Mid Size (Water Tender),15.5899483,73.808635,0,STOP,At Fire Station Mapusa,Fire Station Mapusa
2026-01-17T00:04:03.778Z,GA07G2502 - FFHQ Mid Size (Water Tender),15.4868,73.8171867,0,STOP,"Caculo Mall, 16 Shanta, St Inez Rd, Caculo Enclave, Santa Inez, Panaji, Goa (NW)",Fire Force Headquarters
2026-01-17T00:05:02.935Z,GA 07 G 0680-PIL(QUICK RESPONSE VEHICLE),15.52289,73.8294267,0,STOP,At Porvorim Fire Station,Fire Station Pilerne
2026-01-17T00:05:02.935Z,GA07G2506 - OLG Mid Size (Water Tender),15.500308,73.91407,0,STOP,At Fire Station Old Goa,Fire Station Old Goa
2026-01-17T00:05:02.935Z,GA 07 G 5115-POR(MINI WATER TENDER),15.52334,73.829453,0,STOP,At Porvorim Fire Station,Fire Station Porvorim
2026-01-17T00:05:02.935Z,GA 07 G 0350-MRG(WATER TENDER),15.269438,73.970627,0,STOP,At Fire Station Margoa,Fire Station Margao
2026-01-17T00:05:02.935Z,GA 07 G 2900-MAP(MINI RESCUE TENDER),15.58999,73.808624,0,STOP,At Fire Station Mapusa,Fire Station Mapusa
2026-01-17T00:05:02.935Z,GA 07 G 7600-FFHQ(WATER BOUSER),15.487422,73.817444,0,STOP,"Caculo Mall, 16 Shanta, St Inez Rd, Caculo Enclave, Santa Inez, Panaji, Goa (NW)",Fire Force Headquarters
2026-01-17T00:05:02.935Z,GA 07 G 2002-FFHQ(TURN TABLE LADDER),15.487413,73.817276,0,STOP,"Caculo Mall, 16 Shanta, St Inez Rd, Caculo Enclave, Santa Inez, Panaji, Goa (NW)",Fire Force Headquarters
2026-01-17T00:05:02.935Z,GA 07 G 7101-FFHQ(WATER TENDER),15.48682,73.816971,0,STOP,"Caculo Mall, 16 Shanta, St Inez Rd, Caculo Enclave, Santa Inez, Panaji, Goa (NW)",Fire Force Headquarters
2026-01-17T00:05:02.935Z,GA 07 G 7677-FFHQ(EMERGENCY RESCUE),15.487177,73.817001,0,STOP,"Caculo Mall, 16 Shanta, St Inez Rd, Caculo Enclave, Santa Inez, Panaji, Goa (NW)",Fire Force Headquarters
2026-01-17T00:05:02.935Z,GA 07 G 1121-PNJ(EMERGENCY RESCUE),15.487333,73.817299,0,STOP,"Caculo Mall, 16 Shanta, St Inez Rd, Caculo Enclave, Santa Inez, Panaji, Goa (NW)",Fire Station Panaji
2026-01-17T00:05:02.935Z,GA 07 G 1571-FFHQ(QUICK RESPONSE),15.486457,73.817513,0,STOP,"Caculo Mall, 16 Shanta, St Inez Rd, Caculo Enclave, Santa Inez, Panaji, Goa (SW)",Fire Force Headquarters
2026-01-17T00:05:02.935Z,GA 07 G 8101-MAP(WATER TENDER),15.589972,73.808624,0,STOP,At Fire Station Mapusa,Fire Station Mapusa
2026-01-17T00:05:02.935Z,GA 07 G 2317-MRG(EMERGENCY RESCUE TENDER),15.2694116,73.9701666,0,STOP,At Fire Station Margoa,Fire Station Margao
2026-01-17T00:05:02.935Z,GA 07 G 1570-VAS(QUICK RESPONSE FIRE TENDER),15.3887733,73.8513266,0,STOP,At Fire Station Vasco,Fire Station Vasco
2026-01-17T00:05:02.935Z,GA 07 G 4101-VAS(MS WATER TENDER),15.3888166,73.851285,0,STOP,At Fire Station Vasco,Fire Station Vasco
2026-01-17T00:05:02.935Z,GA 07 G 0819-VAS(WATER/FOAM TENDER),15.38905,73.8510983,0,IDLE,At Fire Station Vasco,Fire Station Vasco
2026-01-17T00:05:02.935Z,GA 07 G 7100-MRG(WATER BOUSER),15.269415,73.969995,0,STOP,At Fire Station Margoa,Fire Station Margao
2026-01-17T00:05:02.935Z,GA 07 G 1568-MRG(QUICK RESPONSE ),15.2693416,73.9705166,0,STOP,At Fire Station Margoa,Fire Station Margao
2026-01-17T00:05:02.935Z,GA 07 G 6101-MRG(WATER TENDER),15.2694116,73.970255,0,STOP,At Fire Station Margoa,Fire Station Margao
2026-01-17T00:05:02.935Z,GA 07 G 1001-MRG(AERIAL LADDER PLATFORM),15.26938,73.9701583,0,STOP,At Fire Station Margoa,Fire Station Margao
2026-01-17T00:05:02.935Z,GA 07 G 0820-BIC(WATER TEDNER),15.4027967,74.0028217,0,STOP,At Fire Station Ponda ,Fire Station Bicholim
2026-01-17T00:05:02.935Z,GA 07 G 5101-OLG(MS WATER TENDER),15.500265,73.9139483,0,STOP,At Fire Station Old Goa,Fire Station Old Goa
2026-01-17T00:05:02.935Z,GA 07 G 3101-BIC(MS WATER TENDER),15.5893433,73.9465416,0,STOP,At Fire Station Bicholim ,Fire Station Bicholim
2026-01-17T00:05:02.935Z,GA 07 G 1941-BIC(QUICK RESPONSE),15.5894533,73.9467116,0,STOP,At Fire Station Bicholim ,Fire Station Bicholim
2026-01-17T00:05:02.935Z,GA 07 G 2319-VAS (EMERGENCY RESCUE TENDER),15.3900983,73.8532383,0,STOP,"Zuari Rd, Holy Cross Colony, Dabolim, Goa (SE)",Fire Station Vasco
2026-01-17T00:05:02.935Z,GA 07 G 3737-VAP(WATER TENDER),15.5310533,74.1388916,0,STOP,At Fire Station Valpoi ,Fire Station Valpoi
2026-01-17T00:05:02.935Z,GA 07 G 2318-PND(EMERGENCY RESCUE TENDER),15.4028033,74.00293,0,STOP,At Fire Station Ponda ,Fire Station Ponda
2026-01-17T00:05:02.935Z,GA 07 G 2004-PND(QUICK RESPONSE),15.4141016,73.9073083,0,INACTIVE,"Guru Hotel, Old Ferry Road, Agaçaim, Goa (SE)",Fire Station Ponda
2026-01-17T00:05:02.935Z,GA 07 G 9101-PND(WATER TENDER),15.4027033,74.0028733,0,STOP,At Fire Station Ponda ,Fire Station Ponda
2026-01-17T00:05:02.935Z,GA 07 G 9797-PND(WATER BOUSER),15.4027999,74.0027016,0,STOP,At Fire Station Ponda ,Fire Station Ponda
2026-01-17T00:05:02.935Z,GA 07 G 6363-CAN(WATER TENDER),15.02361,74.04406,0,INACTIVE,"Canacona, The Lalitrajbaga ,Canacona, Canacona, Goa (NE)",Fire Station Canacona
2026-01-17T00:05:02.935Z,GA 07 G 1567-CAN(QUICK RESPONSE FT),15.0233599,74.0440833,0,INACTIVE,"Canacona, The Lalitrajbaga ,Canacona, Canacona, Goa (NE)",Fire Station Canacona
2026-01-17T00:05:02.935Z,GA 07 G 1569-VRN(QUICK RESPONSE),15.369545,73.9355216,0,STOP,At Fire Station Verna,Fire Station Verna
2026-01-17T00:05:02.935Z,GA 07 G 9909-VRN(ADVANCE MULTI-PURPOSE),15.36974,73.9360833,0,STOP,At Fire Station Verna,Fire Station Verna
2026-01-17T00:05:02.935Z,GA 07 G 1942-VAP(QUICK RESPONSE),15.5310033,74.138745,0,STOP,At Fire Station Valpoi ,Fire Station Valpoi
2026-01-17T00:05:02.935Z,GA 07 G 2003-CUR(QUICK RESPONSE),15.2604016,74.1031166,0,STOP,At Fire Station Curchorem,Fire Station Curchorem
2026-01-17T00:05:02.935Z,GA 07 G 7447-CUR(EMERGENCY RESCUE),15.260415,74.10376,0,STOP,At Fire Station Curchorem,Fire Station Curchorem
2026-01-17T00:05:02.935Z,GA 07 G 7557-CUR(WATER TENDER),15.2604083,74.1034266,0,STOP,At Fire Station Curchorem,Fire Station Curchorem
2026-01-17T00:05:02.935Z,GA 07 G 7667-CUR(WATER BOUSER),15.2602533,74.1037266,0,STOP,At Fire Station Curchorem,Fire Station Curchorem
2026-01-17T00:05:02.935Z,GA 07 G 4989-KUN(WATER TENDER),15.4628433,73.9726,0,STOP,At Fire Station Kundaim,Fire Station Kundaim
2026-01-17T00:05:02.935Z,GA 07 G 2242-PIL(WATER TENDER),15.5329344,73.7940983,0,STOP,At Fire Station Pilerne,Fire Station Pilerne
2026-01-17T00:05:02.935Z,GA 07 G 0681-MAP(QUICK RESPONSE),15.58978,73.808805,0,STOP,At Fire Station Mapusa,Fire Station Mapusa
2026-01-17T00:05:02.935Z,GA 07 G 0307-PER(QUICK RESPONSE),15.7164939,73.7974239,0,INACTIVE,At Fire Station Pernem,Fire Station Pernem
2026-01-17T00:05:02.935Z,GA 07 G 2101-PER(MS WATER TENDER),15.7164572,73.7975456,0,STOP,At Fire Station Pernem,Fire Station Pernem
2026-01-17T00:05:02.935Z,GA 07 G 4600-PER(MINI RESCUE TENDER),15.7165267,73.7975289,0,STOP,At Fire Station Pernem,Fire Station Pernem
2026-01-17T00:05:02.935Z,GA 07 G 7272-PNJ(WATER TENDER),15.4880722,73.8173878,0,STOP,"Goa College of Home Science, Dayanand Bandodkar Road, Opposite Parade Ground Campal,, Panaji, Goa (SE)",Fire Station Panaji
2026-01-17T00:05:02.935Z,GA07G2384- Cuncolim,15.1861639,74.0211006,0,STOP,At Fire Station Cuncolim,Fire Station Cuncolim
2026-01-17T00:05:02.935Z,GA07G2507 - PER Mid Size (Water Tender),15.716485,73.7975017,0,STOP,At Fire Station Pernem,Fire Station Pernem
2026-01-17T00:05:02.935Z,GA07G2505 - VAP Mid Size (Water Tender),15.5309717,74.1385667,0,STOP,At Fire Station Valpoi ,Fire Station Valpoi
2026-01-17T00:05:02.935Z,GA07G2504 - BIC Mid Size (Water Tender),15.589485,73.9466967,0,STOP,At Fire Station Bicholim ,Fire Station Bicholim
2026-01-17T00:05:02.935Z,GA07G2503- MAP Mid Size (Water Tender),15.5899483,73.808635,0,STOP,At Fire Station Mapusa,Fire Station Mapusa
2026-01-17T00:05:02.935Z,GA07G2502 - FFHQ Mid Size (Water Tender),15.4868,73.8171867,0,STOP,"Caculo Mall, 16 Shanta, St Inez Rd, Caculo Enclave, Santa Inez, Panaji, Goa (NW)",Fire Force Headquarters
2026-01-17T00:06:04.887Z,GA 07 G 0680-PIL(QUICK RESPONSE VEHICLE),15.52289,73.8294267,0,STOP,At Porvorim Fire Station,Fire Station Pilerne
2026-01-17T00:06:04.887Z,GA07G2506 - OLG Mid Size (Water Tender),15.500308,73.91407,0,STOP,At Fire Station Old Goa,Fire Station Old Goa
2026-01-17T00:06:04.887Z,GA 07 G 5115-POR(MINI WATER TENDER),15.52334,73.829453,0,STOP,At Porvorim Fire Station,Fire Station Porvorim
2026-01-17T00:06:04.887Z,GA 07 G 0350-MRG(WATER TENDER),15.269438,73.970627,0,STOP,At Fire Station Margoa,Fire Station Margao
2026-01-17T00:06:04.887Z,GA 07 G 2900-MAP(MINI RESCUE TENDER),15.58999,73.808624,0,STOP,At Fire Station Mapusa,Fire Station Mapusa
2026-01-17T00:06:04.887Z,GA 07 G 7600-FFHQ(WATER BOUSER),15.487422,73.817444,0,STOP,"Caculo Mall, 16 Shanta, St Inez Rd, Caculo Enclave, Santa Inez, Panaji, Goa (NW)",Fire Force Headquarters
2026-01-17T00:06:04.887Z,GA 07 G 2002-FFHQ(TURN TABLE LADDER),15.487413,73.817276,0,STOP,"Caculo Mall, 16 Shanta, St Inez Rd, Caculo Enclave, Santa Inez, Panaji, Goa (NW)",Fire Force Headquarters
2026-01-17T00:06:04.887Z,GA 07 G 7101-FFHQ(WATER TENDER),15.48682,73.816971,0,STOP,"Caculo Mall, 16 Shanta, St Inez Rd, Caculo Enclave, Santa Inez, Panaji, Goa (NW)",Fire Force Headquarters
2026-01-17T00:06:04.887Z,GA 07 G 7677-FFHQ(EMERGENCY RESCUE),15.487177,73.817001,0,STOP,"Caculo Mall, 16 Shanta, St Inez Rd, Caculo Enclave, Santa Inez, Panaji, Goa (NW)",Fire Force Headquarters
2026-01-17T00:06:04.887Z,GA 07 G 1121-PNJ(EMERGENCY RESCUE),15.487333,73.817299,0,STOP,"Caculo Mall, 16 Shanta, St Inez Rd, Caculo Enclave, Santa Inez, Panaji, Goa (NW)",Fire Station Panaji
2026-01-17T00:06:04.887Z,GA 07 G 1571-FFHQ(QUICK RESPONSE),15.486457,73.817513,0,STOP,"Caculo Mall, 16 Shanta, St Inez Rd, Caculo Enclave, Santa Inez, Panaji, Goa (SW)",Fire Force Headquarters
2026-01-17T00:06:04.887Z,GA 07 G 8101-MAP(WATER TENDER),15.589972,73.808624,0,STOP,At Fire Station Mapusa,Fire Station Mapusa
2026-01-17T00:06:04.887Z,GA 07 G 2317-MRG(EMERGENCY RESCUE TENDER),15.2694116,73.9701666,0,STOP,At Fire Station Margoa,Fire Station Margao
2026-01-17T00:06:04.887Z,GA 07 G 1570-VAS(QUICK RESPONSE FIRE TENDER),15.3887733,73.8513266,0,STOP,At Fire Station Vasco,Fire Station Vasco
2026-01-17T00:06:04.887Z,GA 07 G 4101-VAS(MS WATER TENDER),15.3888166,73.851285,0,STOP,At Fire Station Vasco,Fire Station Vasco
2026-01-17T00:06:04.887Z,GA 07 G 0819-VAS(WATER/FOAM TENDER),15.38905,73.8510983,0,IDLE,At Fire Station Vasco,Fire Station Vasco
2026-01-17T00:06:04.887Z,GA 07 G 7100-MRG(WATER BOUSER),15.269415,73.969995,0,STOP,At Fire Station Margoa,Fire Station Margao
2026-01-17T00:06:04.887Z,GA 07 G 1568-MRG(QUICK RESPONSE ),15.2693416,73.9705166,0,STOP,At Fire Station Margoa,Fire Station Margao
2026-01-17T00:06:04.887Z,GA 07 G 6101-MRG(WATER TENDER),15.2694116,73.970255,0,STOP,At Fire Station Margoa,Fire Station Margao
2026-01-17T00:06:04.887Z,GA 07 G 1001-MRG(AERIAL LADDER PLATFORM),15.26938,73.9701583,0,STOP,At Fire Station Margoa,Fire Station Margao
2026-01-17T00:06:04.887Z,GA 07 G 0820-BIC(WATER TEDNER),15.4027967,74.0028217,0,STOP,At Fire Station Ponda ,Fire Station Bicholim
2026-01-17T00:06:04.887Z,GA 07 G 5101-OLG(MS WATER TENDER),15.500265,73.9139483,0,STOP,At Fire Station Old Goa,Fire Station Old Goa
2026-01-17T00:06:04.887Z,GA 07 G 3101-BIC(MS WATER TENDER),15.5893433,73.9465416,0,STOP,At Fire Station Bicholim ,Fire Station Bicholim
2026-01-17T00:06:04.887Z,GA 07 G 1941-BIC(QUICK RESPONSE),15.5894533,73.9467116,0,STOP,At Fire Station Bicholim ,Fire Station Bicholim
2026-01-17T00:06:04.887Z,GA 07 G 2319-VAS (EMERGENCY RESCUE TENDER),15.3900983,73.8532383,0,STOP,"Zuari Rd, Holy Cross Colony, Dabolim, Goa (SE)",Fire Station Vasco
2026-01-17T00:06:04.887Z,GA 07 G 3737-VAP(WATER TENDER),15.5310533,74.1388916,0,STOP,At Fire Station Valpoi ,Fire Station Valpoi
2026-01-17T00:06:04.887Z,GA 07 G 2318-PND(EMERGENCY RESCUE TENDER),15.4028033,74.00293,0,STOP,At Fire Station Ponda ,Fire Station Ponda
2026-01-17T00:06:04.887Z,GA 07 G 2004-PND(QUICK RESPONSE),15.4141016,73.9073083,0,INACTIVE,"Guru Hotel, Old Ferry Road, Agaçaim, Goa (SE)",Fire Station Ponda
2026-01-17T00:06:04.887Z,GA 07 G 9101-PND(WATER TENDER),15.4027033,74.0028733,0,STOP,At Fire Station Ponda ,Fire Station Ponda
2026-01-17T00:06:04.887Z,GA 07 G 9797-PND(WATER BOUSER),15.4027999,74.0027016,0,STOP,At Fire Station Ponda ,Fire Station Ponda
2026-01-17T00:06:04.887Z,GA 07 G 6363-CAN(WATER TENDER),15.02361,74.04406,0,INACTIVE,"Canacona, The Lalitrajbaga ,Canacona, Canacona, Goa (NE)",Fire Station Canacona
2026-01-17T00:06:04.887Z,GA 07 G 1567-CAN(QUICK RESPONSE FT),15.0233599,74.0440833,0,INACTIVE,"Canacona, The Lalitrajbaga ,Canacona, Canacona, Goa (NE)",Fire Station Canacona
2026-01-17T00:06:04.887Z,GA 07 G 1569-VRN(QUICK RESPONSE),15.369545,73.9355216,0,STOP,At Fire Station Verna,Fire Station Verna
2026-01-17T00:06:04.887Z,GA 07 G 9909-VRN(ADVANCE MULTI-PURPOSE),15.36974,73.9360833,0,STOP,At Fire Station Verna,Fire Station Verna
2026-01-17T00:06:04.887Z,GA 07 G 1942-VAP(QUICK RESPONSE),15.5310033,74.138745,0,STOP,At Fire Station Valpoi ,Fire Station Valpoi
2026-01-17T00:06:04.887Z,GA 07 G 2003-CUR(QUICK RESPONSE),15.2604016,74.1031166,0,STOP,At Fire Station Curchorem,Fire Station Curchorem
2026-01-17T00:06:04.887Z,GA 07 G 7447-CUR(EMERGENCY RESCUE),15.260415,74.10376,0,STOP,At Fire Station Curchorem,Fire Station Curchorem
2026-01-17T00:06:04.887Z,GA 07 G 7557-CUR(WATER TENDER),15.2604083,74.1034266,0,STOP,At Fire Station Curchorem,Fire Station Curchorem
2026-01-17T00:06:04.887Z,GA 07 G 7667-CUR(WATER BOUSER),15.2602533,74.1037266,0,STOP,At Fire Station Curchorem,Fire Station Curchorem
2026-01-17T00:06:04.887Z,GA 07 G 4989-KUN(WATER TENDER),15.4628433,73.9726,0,STOP,At Fire Station Kundaim,Fire Station Kundaim
2026-01-17T00:06:04.887Z,GA 07 G 2242-PIL(WATER TENDER),15.5329344,73.7940983,0,STOP,At Fire Station Pilerne,Fire Station Pilerne
2026-01-17T00:06:04.887Z,GA 07 G 0681-MAP(QUICK RESPONSE),15.58978,73.808805,0,STOP,At Fire Station Mapusa,Fire Station Mapusa
2026-01-17T00:06:04.887Z,GA 07 G 0307-PER(QUICK RESPONSE),15.7164939,73.7974239,0,INACTIVE,At Fire Station Pernem,Fire Station Pernem
2026-01-17T00:06:04.887Z,GA 07 G 2101-PER(MS WATER TENDER),15.7164572,73.7975456,0,STOP,At Fire Station Pernem,Fire Station Pernem
2026-01-17T00:06:04.887Z,GA 07 G 4600-PER(MINI RESCUE TENDER),15.7165267,73.7975289,0,STOP,At Fire Station Pernem,Fire Station Pernem
2026-01-17T00:06:04.887Z,GA 07 G 7272-PNJ(WATER TENDER),15.4880722,73.8173878,0,STOP,"Goa College of Home Science, Dayanand Bandodkar Road, Opposite Parade Ground Campal,, Panaji, Goa (SE)",Fire Station Panaji
2026-01-17T00:06:04.887Z,GA07G2384- Cuncolim,15.1861639,74.0211006,0,STOP,At Fire Station Cuncolim,Fire Station Cuncolim
2026-01-17T00:06:04.887Z,GA07G2507 - PER Mid Size (Water Tender),15.716485,73.7975017,0,STOP,At Fire Station Pernem,Fire Station Pernem
2026-01-17T00:06:04.887Z,GA07G2505 - VAP Mid Size (Water Tender),15.5309717,74.1385667,0,STOP,At Fire Station Valpoi ,Fire Station Valpoi
2026-01-17T00:06:04.887Z,GA07G2504 - BIC Mid Size (Water Tender),15.589485,73.9466967,0,STOP,At Fire Station Bicholim ,Fire Station Bicholim
2026-01-17T00:06:04.887Z,GA07G2503- MAP Mid Size (Water Tender),15.5899483,73.808635,0,STOP,At Fire Station Mapusa,Fire Station Mapusa
2026-01-17T00:06:04.887Z,GA07G2502 - FFHQ Mid Size (Water Tender),15.4868,73.8171867,0,STOP,"Caculo Mall, 16 Shanta, St Inez Rd, Caculo Enclave, Santa Inez, Panaji, Goa (NW)",Fire Force Headquarters
2026-01-17T00:07:07.847Z,GA 07 G 0680-PIL(QUICK RESPONSE VEHICLE),15.52289,73.8294267,0,STOP,At Porvorim Fire Station,Fire Station Pilerne
2026-01-17T00:07:07.847Z,GA07G2506 - OLG Mid Size (Water Tender),15.500308,73.91407,0,STOP,At Fire Station Old Goa,Fire Station Old Goa
2026-01-17T00:07:07.847Z,GA 07 G 5115-POR(MINI WATER TENDER),15.52334,73.829453,0,STOP,At Porvorim Fire Station,Fire Station Porvorim
2026-01-17T00:07:07.847Z,GA 07 G 0350-MRG(WATER TENDER),15.269438,73.970627,0,STOP,At Fire Station Margoa,Fire Station Margao
2026-01-17T00:07:07.847Z,GA 07 G 2900-MAP(MINI RESCUE TENDER),15.58999,73.808624,0,STOP,At Fire Station Mapusa,Fire Station Mapusa
2026-01-17T00:07:07.847Z,GA 07 G 7600-FFHQ(WATER BOUSER),15.487422,73.817444,0,STOP,"Caculo Mall, 16 Shanta, St Inez Rd, Caculo Enclave, Santa Inez, Panaji, Goa (NW)",Fire Force Headquarters
2026-01-17T00:07:07.847Z,GA 07 G 2002-FFHQ(TURN TABLE LADDER),15.487413,73.817276,0,STOP,"Caculo Mall, 16 Shanta, St Inez Rd, Caculo Enclave, Santa Inez, Panaji, Goa (NW)",Fire Force Headquarters
2026-01-17T00:07:07.847Z,GA 07 G 7101-FFHQ(WATER TENDER),15.48682,73.816971,0,STOP,"Caculo Mall, 16 Shanta, St Inez Rd, Caculo Enclave, Santa Inez, Panaji, Goa (NW)",Fire Force Headquarters
2026-01-17T00:07:07.847Z,GA 07 G 7677-FFHQ(EMERGENCY RESCUE),15.487177,73.817001,0,STOP,"Caculo Mall, 16 Shanta, St Inez Rd, Caculo Enclave, Santa Inez, Panaji, Goa (NW)",Fire Force Headquarters
2026-01-17T00:07:07.847Z,GA 07 G 1121-PNJ(EMERGENCY RESCUE),15.487333,73.817299,0,STOP,"Caculo Mall, 16 Shanta, St Inez Rd, Caculo Enclave, Santa Inez, Panaji, Goa (NW)",Fire Station Panaji
2026-01-17T00:07:07.847Z,GA 07 G 1571-FFHQ(QUICK RESPONSE),15.486457,73.817513,0,STOP,"Caculo Mall, 16 Shanta, St Inez Rd, Caculo Enclave, Santa Inez, Panaji, Goa (SW)",Fire Force Headquarters
2026-01-17T00:07:07.847Z,GA 07 G 8101-MAP(WATER TENDER),15.589972,73.808624,0,STOP,At Fire Station Mapusa,Fire Station Mapusa
2026-01-17T00:07:07.847Z,GA 07 G 2317-MRG(EMERGENCY RESCUE TENDER),15.2694116,73.9701666,0,STOP,At Fire Station Margoa,Fire Station Margao
2026-01-17T00:07:07.847Z,GA 07 G 1570-VAS(QUICK RESPONSE FIRE TENDER),15.3887733,73.8513266,0,STOP,At Fire Station Vasco,Fire Station Vasco
2026-01-17T00:07:07.847Z,GA 07 G 4101-VAS(MS WATER TENDER),15.3888166,73.851285,0,STOP,At Fire Station Vasco,Fire Station Vasco
2026-01-17T00:07:07.847Z,GA 07 G 0819-VAS(WATER/FOAM TENDER),15.38905,73.8510983,0,IDLE,At Fire Station Vasco,Fire Station Vasco
2026-01-17T00:07:07.847Z,GA 07 G 7100-MRG(WATER BOUSER),15.269415,73.969995,0,STOP,At Fire Station Margoa,Fire Station Margao
2026-01-17T00:07:07.847Z,GA 07 G 1568-MRG(QUICK RESPONSE ),15.2693416,73.9705166,0,STOP,At Fire Station Margoa,Fire Station Margao
2026-01-17T00:07:07.847Z,GA 07 G 6101-MRG(WATER TENDER),15.2694116,73.970255,0,STOP,At Fire Station Margoa,Fire Station Margao
2026-01-17T00:07:07.847Z,GA 07 G 1001-MRG(AERIAL LADDER PLATFORM),15.26938,73.9701583,0,STOP,At Fire Station Margoa,Fire Station Margao
2026-01-17T00:07:07.847Z,GA 07 G 0820-BIC(WATER TEDNER),15.4027967,74.0028217,0,STOP,At Fire Station Ponda ,Fire Station Bicholim
2026-01-17T00:07:07.847Z,GA 07 G 5101-OLG(MS WATER TENDER),15.500265,73.9139483,0,STOP,At Fire Station Old Goa,Fire Station Old Goa
2026-01-17T00:07:07.847Z,GA 07 G 3101-BIC(MS WATER TENDER),15.5893433,73.9465416,0,STOP,At Fire Station Bicholim ,Fire Station Bicholim
2026-01-17T00:07:07.847Z,GA 07 G 1941-BIC(QUICK RESPONSE),15.5894533,73.9467116,0,STOP,At Fire Station Bicholim ,Fire Station Bicholim
2026-01-17T00:07:07.847Z,GA 07 G 2319-VAS (EMERGENCY RESCUE TENDER),15.3900983,73.8532383,0,STOP,"Zuari Rd, Holy Cross Colony, Dabolim, Goa (SE)",Fire Station Vasco
2026-01-17T00:07:07.847Z,GA 07 G 3737-VAP(WATER TENDER),15.5310533,74.1388916,0,STOP,At Fire Station Valpoi ,Fire Station Valpoi
2026-01-17T00:07:07.847Z,GA 07 G 2318-PND(EMERGENCY RESCUE TENDER),15.4028033,74.00293,0,STOP,At Fire Station Ponda ,Fire Station Ponda
2026-01-17T00:07:07.847Z,GA 07 G 2004-PND(QUICK RESPONSE),15.4141016,73.9073083,0,INACTIVE,"Guru Hotel, Old Ferry Road, Agaçaim, Goa (SE)",Fire Station Ponda
2026-01-17T00:07:07.847Z,GA 07 G 9101-PND(WATER TENDER),15.4027033,74.0028733,0,STOP,At Fire Station Ponda ,Fire Station Ponda
2026-01-17T00:07:07.847Z,GA 07 G 9797-PND(WATER BOUSER),15.4027999,74.0027016,0,STOP,At Fire Station Ponda ,Fire Station Ponda
2026-01-17T00:07:07.847Z,GA 07 G 6363-CAN(WATER TENDER),15.02361,74.04406,0,INACTIVE,"Canacona, The Lalitrajbaga ,Canacona, Canacona, Goa (NE)",Fire Station Canacona
2026-01-17T00:07:07.847Z,GA 07 G 1567-CAN(QUICK RESPONSE FT),15.0233599,74.0440833,0,INACTIVE,"Canacona, The Lalitrajbaga ,Canacona, Canacona, Goa (NE)",Fire Station Canacona
2026-01-17T00:07:07.847Z,GA 07 G 1569-VRN(QUICK RESPONSE),15.369545,73.9355216,0,STOP,At Fire Station Verna,Fire Station Verna
2026-01-17T00:07:07.847Z,GA 07 G 9909-VRN(ADVANCE MULTI-PURPOSE),15.36974,73.9360833,0,STOP,At Fire Station Verna,Fire Station Verna
2026-01-17T00:07:07.847Z,GA 07 G 1942-VAP(QUICK RESPONSE),15.5310033,74.138745,0,STOP,At Fire Station Valpoi ,Fire Station Valpoi
2026-01-17T00:07:07.847Z,GA 07 G 2003-CUR(QUICK RESPONSE),15.2604016,74.1031166,0,STOP,At Fire Station Curchorem,Fire Station Curchorem
2026-01-17T00:07:07.847Z,GA 07 G 7447-CUR(EMERGENCY RESCUE),15.260415,74.10376,0,STOP,At Fire Station Curchorem,Fire Station Curchorem
2026-01-17T00:07:07.847Z,GA 07 G 7557-CUR(WATER TENDER),15.2604083,74.1034266,0,STOP,At Fire Station Curchorem,Fire Station Curchorem
2026-01-17T00:07:07.847Z,GA 07 G 7667-CUR(WATER BOUSER),15.2602533,74.1037266,0,STOP,At Fire Station Curchorem,Fire Station Curchorem
2026-01-17T00:07:07.847Z,GA 07 G 4989-KUN(WATER TENDER),15.4628433,73.9726,0,STOP,At Fire Station Kundaim,Fire Station Kundaim
2026-01-17T00:07:07.847Z,GA 07 G 2242-PIL(WATER TENDER),15.5329344,73.7940983,0,STOP,At Fire Station Pilerne,Fire Station Pilerne
2026-01-17T00:07:07.847Z,GA 07 G 0681-MAP(QUICK RESPONSE),15.58978,73.808805,0,STOP,At Fire Station Mapusa,Fire Station Mapusa
2026-01-17T00:07:07.847Z,GA 07 G 0307-PER(QUICK RESPONSE),15.7164939,73.7974239,0,INACTIVE,At Fire Station Pernem,Fire Station Pernem
2026-01-17T00:07:07.847Z,GA 07 G 2101-PER(MS WATER TENDER),15.7164572,73.7975456,0,STOP,At Fire Station Pernem,Fire Station Pernem
2026-01-17T00:07:07.847Z,GA 07 G 4600-PER(MINI RESCUE TENDER),15.7165267,73.7975289,0,STOP,At Fire Station Pernem,Fire Station Pernem
2026-01-17T00:07:07.847Z,GA 07 G 7272-PNJ(WATER TENDER),15.4880722,73.8173878,0,STOP,"Goa College of Home Science, Dayanand Bandodkar Road, Opposite Parade Ground Campal,, Panaji, Goa (SE)",Fire Station Panaji
2026-01-17T00:07:07.847Z,GA07G2384- Cuncolim,15.1861639,74.0211006,0,STOP,At Fire Station Cuncolim,Fire Station Cuncolim
2026-01-17T00:07:07.847Z,GA07G2507 - PER Mid Size (Water Tender),15.716485,73.7975017,0,STOP,At Fire Station Pernem,Fire Station Pernem
2026-01-17T00:07:07.847Z,GA07G2505 - VAP Mid Size (Water Tender),15.5309717,74.1385667,0,STOP,At Fire Station Valpoi ,Fire Station Valpoi
2026-01-17T00:07:07.847Z,GA07G2504 - BIC Mid Size (Water Tender),15.589485,73.9466967,0,STOP,At Fire Station Bicholim ,Fire Station Bicholim
2026-01-17T00:07:07.847Z,GA07G2503- MAP Mid Size (Water Tender),15.5899483,73.808635,0,STOP,At Fire Station Mapusa,Fire Station Mapusa
2026-01-17T00:07:07.847Z,GA07G2502 - FFHQ Mid Size (Water Tender),15.4868,73.8171867,0,STOP,"Caculo Mall, 16 Shanta, St Inez Rd, Caculo Enclave, Santa Inez, Panaji, Goa (NW)",Fire Force Headquarters
2026-01-17T00:08:05.461Z,GA 07 G 0680-PIL(QUICK RESPONSE VEHICLE),15.52289,73.8294267,0,STOP,At Porvorim Fire Station,Fire Station Pilerne
2026-01-17T00:08:05.461Z,GA07G2506 - OLG Mid Size (Water Tender),15.500308,73.91407,0,STOP,At Fire Station Old Goa,Fire Station Old Goa
2026-01-17T00:08:05.461Z,GA 07 G 5115-POR(MINI WATER TENDER),15.52334,73.829453,0,STOP,At Porvorim Fire Station,Fire Station Porvorim
2026-01-17T00:08:05.461Z,GA 07 G 0350-MRG(WATER TENDER),15.269438,73.970627,0,STOP,At Fire Station Margoa,Fire Station Margao
2026-01-17T00:08:05.461Z,GA 07 G 2900-MAP(MINI RESCUE TENDER),15.58999,73.808624,0,STOP,At Fire Station Mapusa,Fire Station Mapusa
2026-01-17T00:08:05.461Z,GA 07 G 7600-FFHQ(WATER BOUSER),15.487422,73.817444,0,STOP,"Caculo Mall, 16 Shanta, St Inez Rd, Caculo Enclave, Santa Inez, Panaji, Goa (NW)",Fire Force Headquarters
2026-01-17T00:08:05.461Z,GA 07 G 2002-FFHQ(TURN TABLE LADDER),15.487413,73.817276,0,STOP,"Caculo Mall, 16 Shanta, St Inez Rd, Caculo Enclave, Santa Inez, Panaji, Goa (NW)",Fire Force Headquarters
2026-01-17T00:08:05.461Z,GA 07 G 7101-FFHQ(WATER TENDER),15.48682,73.816971,0,STOP,"Caculo Mall, 16 Shanta, St Inez Rd, Caculo Enclave, Santa Inez, Panaji, Goa (NW)",Fire Force Headquarters
2026-01-17T00:08:05.461Z,GA 07 G 7677-FFHQ(EMERGENCY RESCUE),15.487177,73.817001,0,STOP,"Caculo Mall, 16 Shanta, St Inez Rd, Caculo Enclave, Santa Inez, Panaji, Goa (NW)",Fire Force Headquarters
2026-01-17T00:08:05.461Z,GA 07 G 1121-PNJ(EMERGENCY RESCUE),15.487333,73.817299,0,STOP,"Caculo Mall, 16 Shanta, St Inez Rd, Caculo Enclave, Santa Inez, Panaji, Goa (NW)",Fire Station Panaji
2026-01-17T00:08:05.461Z,GA 07 G 1571-FFHQ(QUICK RESPONSE),15.486457,73.817513,0,STOP,"Caculo Mall, 16 Shanta, St Inez Rd, Caculo Enclave, Santa Inez, Panaji, Goa (SW)",Fire Force Headquarters
2026-01-17T00:08:05.461Z,GA 07 G 8101-MAP(WATER TENDER),15.589972,73.808624,0,STOP,At Fire Station Mapusa,Fire Station Mapusa
2026-01-17T00:08:05.461Z,GA 07 G 2317-MRG(EMERGENCY RESCUE TENDER),15.2694116,73.9701666,0,STOP,At Fire Station Margoa,Fire Station Margao
2026-01-17T00:08:05.461Z,GA 07 G 1570-VAS(QUICK RESPONSE FIRE TENDER),15.3887733,73.8513266,0,STOP,At Fire Station Vasco,Fire Station Vasco
2026-01-17T00:08:05.461Z,GA 07 G 4101-VAS(MS WATER TENDER),15.3888166,73.851285,0,STOP,At Fire Station Vasco,Fire Station Vasco
2026-01-17T00:08:05.461Z,GA 07 G 0819-VAS(WATER/FOAM TENDER),15.38905,73.8510983,0,IDLE,At Fire Station Vasco,Fire Station Vasco
2026-01-17T00:08:05.461Z,GA 07 G 7100-MRG(WATER BOUSER),15.269415,73.969995,0,STOP,At Fire Station Margoa,Fire Station Margao
2026-01-17T00:08:05.461Z,GA 07 G 1568-MRG(QUICK RESPONSE ),15.2693416,73.9705166,0,STOP,At Fire Station Margoa,Fire Station Margao
2026-01-17T00:08:05.461Z,GA 07 G 6101-MRG(WATER TENDER),15.2694116,73.970255,0,STOP,At Fire Station Margoa,Fire Station Margao
2026-01-17T00:08:05.461Z,GA 07 G 1001-MRG(AERIAL LADDER PLATFORM),15.26938,73.9701583,0,STOP,At Fire Station Margoa,Fire Station Margao
2026-01-17T00:08:05.461Z,GA 07 G 0820-BIC(WATER TEDNER),15.4027967,74.0028217,0,STOP,At Fire Station Ponda ,Fire Station Bicholim
2026-01-17T00:08:05.461Z,GA 07 G 5101-OLG(MS WATER TENDER),15.500265,73.9139483,0,STOP,At Fire Station Old Goa,Fire Station Old Goa
2026-01-17T00:08:05.461Z,GA 07 G 3101-BIC(MS WATER TENDER),15.5893433,73.9465416,0,STOP,At Fire Station Bicholim ,Fire Station Bicholim
2026-01-17T00:08:05.461Z,GA 07 G 1941-BIC(QUICK RESPONSE),15.5894533,73.9467116,0,STOP,At Fire Station Bicholim ,Fire Station Bicholim
2026-01-17T00:08:05.461Z,GA 07 G 2319-VAS (EMERGENCY RESCUE TENDER),15.3900983,73.8532383,0,STOP,"Zuari Rd, Holy Cross Colony, Dabolim, Goa (SE)",Fire Station Vasco
2026-01-17T00:08:05.461Z,GA 07 G 3737-VAP(WATER TENDER),15.5310533,74.1388916,0,STOP,At Fire Station Valpoi ,Fire Station Valpoi
2026-01-17T00:08:05.461Z,GA 07 G 2318-PND(EMERGENCY RESCUE TENDER),15.4028033,74.00293,0,STOP,At Fire Station Ponda ,Fire Station Ponda
2026-01-17T00:08:05.461Z,GA 07 G 2004-PND(QUICK RESPONSE),15.4141016,73.9073083,0,INACTIVE,"Guru Hotel, Old Ferry Road, Agaçaim, Goa (SE)",Fire Station Ponda
2026-01-17T00:08:05.461Z,GA 07 G 9101-PND(WATER TENDER),15.4027033,74.0028733,0,STOP,At Fire Station Ponda ,Fire Station Ponda
2026-01-17T00:08:05.461Z,GA 07 G 9797-PND(WATER BOUSER),15.4027999,74.0027016,0,STOP,At Fire Station Ponda ,Fire Station Ponda
2026-01-17T00:08:05.461Z,GA 07 G 6363-CAN(WATER TENDER),15.02361,74.04406,0,INACTIVE,"Canacona, The Lalitrajbaga ,Canacona, Canacona, Goa (NE)",Fire Station Canacona
2026-01-17T00:08:05.461Z,GA 07 G 1567-CAN(QUICK RESPONSE FT),15.0233599,74.0440833,0,INACTIVE,"Canacona, The Lalitrajbaga ,Canacona, Canacona, Goa (NE)",Fire Station Canacona
2026-01-17T00:08:05.461Z,GA 07 G 1569-VRN(QUICK RESPONSE),15.369545,73.9355216,0,STOP,At Fire Station Verna,Fire Station Verna
2026-01-17T00:08:05.461Z,GA 07 G 9909-VRN(ADVANCE MULTI-PURPOSE),15.36974,73.9360833,0,STOP,At Fire Station Verna,Fire Station Verna
2026-01-17T00:08:05.461Z,GA 07 G 1942-VAP(QUICK RESPONSE),15.5310033,74.138745,0,STOP,At Fire Station Valpoi ,Fire Station Valpoi
2026-01-17T00:08:05.461Z,GA 07 G 2003-CUR(QUICK RESPONSE),15.2604016,74.1031166,0,STOP,At Fire Station Curchorem,Fire Station Curchorem
2026-01-17T00:08:05.461Z,GA 07 G 7447-CUR(EMERGENCY RESCUE),15.260415,74.10376,0,STOP,At Fire Station Curchorem,Fire Station Curchorem
2026-01-17T00:08:05.461Z,GA 07 G 7557-CUR(WATER TENDER),15.2604083,74.1034266,0,STOP,At Fire Station Curchorem,Fire Station Curchorem
2026-01-17T00:08:05.461Z,GA 07 G 7667-CUR(WATER BOUSER),15.2602533,74.1037266,0,STOP,At Fire Station Curchorem,Fire Station Curchorem
2026-01-17T00:08:05.461Z,GA 07 G 4989-KUN(WATER TENDER),15.4628433,73.9726,0,STOP,At Fire Station Kundaim,Fire Station Kundaim
2026-01-17T00:08:05.461Z,GA 07 G 2242-PIL(WATER TENDER),15.5329344,73.7940983,0,STOP,At Fire Station Pilerne,Fire Station Pilerne
2026-01-17T00:08:05.461Z,GA 07 G 0681-MAP(QUICK RESPONSE),15.58978,73.808805,0,STOP,At Fire Station Mapusa,Fire Station Mapusa
2026-01-17T00:08:05.461Z,GA 07 G 0307-PER(QUICK RESPONSE),15.7164939,73.7974239,0,INACTIVE,At Fire Station Pernem,Fire Station Pernem
2026-01-17T00:08:05.461Z,GA 07 G 2101-PER(MS WATER TENDER),15.7164572,73.7975456,0,STOP,At Fire Station Pernem,Fire Station Pernem
2026-01-17T00:08:05.461Z,GA 07 G 4600-PER(MINI RESCUE TENDER),15.7165267,73.7975289,0,STOP,At Fire Station Pernem,Fire Station Pernem
2026-01-17T00:08:05.461Z,GA 07 G 7272-PNJ(WATER TENDER),15.4880722,73.8173878,0,STOP,"Goa College of Home Science, Dayanand Bandodkar Road, Opposite Parade Ground Campal,, Panaji, Goa (SE)",Fire Station Panaji
2026-01-17T00:08:05.461Z,GA07G2384- Cuncolim,15.1861639,74.0211006,0,STOP,At Fire Station Cuncolim,Fire Station Cuncolim
2026-01-17T00:08:05.461Z,GA07G2507 - PER Mid Size (Water Tender),15.716485,73.7975017,0,STOP,At Fire Station Pernem,Fire Station Pernem
2026-01-17T00:08:05.461Z,GA07G2505 - VAP Mid Size (Water Tender),15.5309717,74.1385667,0,STOP,At Fire Station Valpoi ,Fire Station Valpoi
2026-01-17T00:08:05.461Z,GA07G2504 - BIC Mid Size (Water Tender),15.589485,73.9466967,0,STOP,At Fire Station Bicholim ,Fire Station Bicholim
2026-01-17T00:08:05.461Z,GA07G2503- MAP Mid Size (Water Tender),15.5899483,73.808635,0,STOP,At Fire Station Mapusa,Fire Station Mapusa
2026-01-17T00:08:05.461Z,GA07G2502 - FFHQ Mid Size (Water Tender),15.4868,73.8171867,0,STOP,"Caculo Mall, 16 Shanta, St Inez Rd, Caculo Enclave, Santa Inez, Panaji, Goa (NW)",Fire Force Headquarters
2026-01-17T00:08:44.979Z,GA 07 G 0680-PIL(QUICK RESPONSE VEHICLE),15.52289,73.8294267,0,STOP,At Porvorim Fire Station,Fire Station Pilerne
2026-01-17T00:08:44.979Z,GA07G2506 - OLG Mid Size (Water Tender),15.500308,73.91407,0,STOP,At Fire Station Old Goa,Fire Station Old Goa
2026-01-17T00:08:44.979Z,GA 07 G 5115-POR(MINI WATER TENDER),15.52334,73.829453,0,STOP,At Porvorim Fire Station,Fire Station Porvorim
2026-01-17T00:08:44.979Z,GA 07 G 0350-MRG(WATER TENDER),15.269438,73.970627,0,STOP,At Fire Station Margoa,Fire Station Margao
2026-01-17T00:08:44.979Z,GA 07 G 2900-MAP(MINI RESCUE TENDER),15.58999,73.808624,0,STOP,At Fire Station Mapusa,Fire Station Mapusa
2026-01-17T00:08:44.979Z,GA 07 G 7600-FFHQ(WATER BOUSER),15.487422,73.817444,0,STOP,"Caculo Mall, 16 Shanta, St Inez Rd, Caculo Enclave, Santa Inez, Panaji, Goa (NW)",Fire Force Headquarters
2026-01-17T00:08:44.979Z,GA 07 G 2002-FFHQ(TURN TABLE LADDER),15.487413,73.817276,0,STOP,"Caculo Mall, 16 Shanta, St Inez Rd, Caculo Enclave, Santa Inez, Panaji, Goa (NW)",Fire Force Headquarters
2026-01-17T00:08:44.979Z,GA 07 G 7101-FFHQ(WATER TENDER),15.48682,73.816971,0,STOP,"Caculo Mall, 16 Shanta, St Inez Rd, Caculo Enclave, Santa Inez, Panaji, Goa (NW)",Fire Force Headquarters
2026-01-17T00:08:44.979Z,GA 07 G 7677-FFHQ(EMERGENCY RESCUE),15.487177,73.817001,0,STOP,"Caculo Mall, 16 Shanta, St Inez Rd, Caculo Enclave, Santa Inez, Panaji, Goa (NW)",Fire Force Headquarters
2026-01-17T00:08:44.979Z,GA 07 G 1121-PNJ(EMERGENCY RESCUE),15.487333,73.817299,0,STOP,"Caculo Mall, 16 Shanta, St Inez Rd, Caculo Enclave, Santa Inez, Panaji, Goa (NW)",Fire Station Panaji
2026-01-17T00:08:44.979Z,GA 07 G 1571-FFHQ(QUICK RESPONSE),15.486457,73.817513,0,STOP,"Caculo Mall, 16 Shanta, St Inez Rd, Caculo Enclave, Santa Inez, Panaji, Goa (SW)",Fire Force Headquarters
2026-01-17T00:08:44.979Z,GA 07 G 8101-MAP(WATER TENDER),15.589972,73.808624,0,STOP,At Fire Station Mapusa,Fire Station Mapusa
2026-01-17T00:08:44.979Z,GA 07 G 2317-MRG(EMERGENCY RESCUE TENDER),15.2694116,73.9701666,0,STOP,At Fire Station Margoa,Fire Station Margao
2026-01-17T00:08:44.979Z,GA 07 G 1570-VAS(QUICK RESPONSE FIRE TENDER),15.3887733,73.8513266,0,STOP,At Fire Station Vasco,Fire Station Vasco
2026-01-17T00:08:44.979Z,GA 07 G 4101-VAS(MS WATER TENDER),15.3888166,73.851285,0,STOP,At Fire Station Vasco,Fire Station Vasco
2026-01-17T00:08:44.979Z,GA 07 G 0819-VAS(WATER/FOAM TENDER),15.38905,73.8510983,0,IDLE,At Fire Station Vasco,Fire Station Vasco
2026-01-17T00:08:44.979Z,GA 07 G 7100-MRG(WATER BOUSER),15.269415,73.969995,0,STOP,At Fire Station Margoa,Fire Station Margao
2026-01-17T00:08:44.979Z,GA 07 G 1568-MRG(QUICK RESPONSE ),15.2693416,73.9705166,0,STOP,At Fire Station Margoa,Fire Station Margao
2026-01-17T00:08:44.979Z,GA 07 G 6101-MRG(WATER TENDER),15.2694116,73.970255,0,STOP,At Fire Station Margoa,Fire Station Margao
2026-01-17T00:08:44.979Z,GA 07 G 1001-MRG(AERIAL LADDER PLATFORM),15.26938,73.9701583,0,STOP,At Fire Station Margoa,Fire Station Margao
2026-01-17T00:08:44.979Z,GA 07 G 0820-BIC(WATER TEDNER),15.4027967,74.0028217,0,STOP,At Fire Station Ponda ,Fire Station Bicholim
2026-01-17T00:08:44.979Z,GA 07 G 5101-OLG(MS WATER TENDER),15.500265,73.9139483,0,STOP,At Fire Station Old Goa,Fire Station Old Goa
2026-01-17T00:08:44.979Z,GA 07 G 3101-BIC(MS WATER TENDER),15.5893433,73.9465416,0,STOP,At Fire Station Bicholim ,Fire Station Bicholim
2026-01-17T00:08:44.979Z,GA 07 G 1941-BIC(QUICK RESPONSE),15.5894533,73.9467116,0,STOP,At Fire Station Bicholim ,Fire Station Bicholim
2026-01-17T00:08:44.979Z,GA 07 G 2319-VAS (EMERGENCY RESCUE TENDER),15.3900983,73.8532383,0,STOP,"Zuari Rd, Holy Cross Colony, Dabolim, Goa (SE)",Fire Station Vasco
2026-01-17T00:08:44.979Z,GA 07 G 3737-VAP(WATER TENDER),15.5310533,74.1388916,0,STOP,At Fire Station Valpoi ,Fire Station Valpoi
2026-01-17T00:08:44.979Z,GA 07 G 2318-PND(EMERGENCY RESCUE TENDER),15.4028033,74.00293,0,STOP,At Fire Station Ponda ,Fire Station Ponda
2026-01-17T00:08:44.979Z,GA 07 G 2004-PND(QUICK RESPONSE),15.4141016,73.9073083,0,INACTIVE,"Guru Hotel, Old Ferry Road, Agaçaim, Goa (SE)",Fire Station Ponda
2026-01-17T00:08:44.979Z,GA 07 G 9101-PND(WATER TENDER),15.4027033,74.0028733,0,STOP,At Fire Station Ponda ,Fire Station Ponda
2026-01-17T00:08:44.979Z,GA 07 G 9797-PND(WATER BOUSER),15.4027999,74.0027016,0,STOP,At Fire Station Ponda ,Fire Station Ponda
2026-01-17T00:08:44.979Z,GA 07 G 6363-CAN(WATER TENDER),15.02361,74.04406,0,INACTIVE,"Canacona, The Lalitrajbaga ,Canacona, Canacona, Goa (NE)",Fire Station Canacona
2026-01-17T00:08:44.979Z,GA 07 G 1567-CAN(QUICK RESPONSE FT),15.0233599,74.0440833,0,INACTIVE,"Canacona, The Lalitrajbaga ,Canacona, Canacona, Goa (NE)",Fire Station Canacona
2026-01-17T00:08:44.979Z,GA 07 G 1569-VRN(QUICK RESPONSE),15.369545,73.9355216,0,STOP,At Fire Station Verna,Fire Station Verna
2026-01-17T00:08:44.979Z,GA 07 G 9909-VRN(ADVANCE MULTI-PURPOSE),15.36974,73.9360833,0,STOP,At Fire Station Verna,Fire Station Verna
2026-01-17T00:08:44.979Z,GA 07 G 1942-VAP(QUICK RESPONSE),15.5310033,74.138745,0,STOP,At Fire Station Valpoi ,Fire Station Valpoi
2026-01-17T00:08:44.979Z,GA 07 G 2003-CUR(QUICK RESPONSE),15.2604016,74.1031166,0,STOP,At Fire Station Curchorem,Fire Station Curchorem
2026-01-17T00:08:44.979Z,GA 07 G 7447-CUR(EMERGENCY RESCUE),15.260415,74.10376,0,STOP,At Fire Station Curchorem,Fire Station Curchorem
2026-01-17T00:08:44.979Z,GA 07 G 7557-CUR(WATER TENDER),15.2604083,74.1034266,0,STOP,At Fire Station Curchorem,Fire Station Curchorem
2026-01-17T00:08:44.979Z,GA 07 G 7667-CUR(WATER BOUSER),15.2602533,74.1037266,0,STOP,At Fire Station Curchorem,Fire Station Curchorem
2026-01-17T00:08:44.979Z,GA 07 G 4989-KUN(WATER TENDER),15.4628433,73.9726,0,STOP,At Fire Station Kundaim,Fire Station Kundaim
2026-01-17T00:08:44.979Z,GA 07 G 2242-PIL(WATER TENDER),15.5329344,73.7940983,0,STOP,At Fire Station Pilerne,Fire Station Pilerne
2026-01-17T00:08:44.979Z,GA 07 G 0681-MAP(QUICK RESPONSE),15.58978,73.808805,0,STOP,At Fire Station Mapusa,Fire Station Mapusa
2026-01-17T00:08:44.979Z,GA 07 G 0307-PER(QUICK RESPONSE),15.7164939,73.7974239,0,INACTIVE,At Fire Station Pernem,Fire Station Pernem
2026-01-17T00:08:44.979Z,GA 07 G 2101-PER(MS WATER TENDER),15.7164572,73.7975456,0,STOP,At Fire Station Pernem,Fire Station Pernem
2026-01-17T00:08:44.979Z,GA 07 G 4600-PER(MINI RESCUE TENDER),15.7165267,73.7975289,0,STOP,At Fire Station Pernem,Fire Station Pernem
2026-01-17T00:08:44.979Z,GA 07 G 7272-PNJ(WATER TENDER),15.4880722,73.8173878,0,STOP,"Goa College of Home Science, Dayanand Bandodkar Road, Opposite Parade Ground Campal,, Panaji, Goa (SE)",Fire Station Panaji
2026-01-17T00:08:44.979Z,GA07G2384- Cuncolim,15.1861639,74.0211006,0,STOP,At Fire Station Cuncolim,Fire Station Cuncolim
2026-01-17T00:08:44.979Z,GA07G2507 - PER Mid Size (Water Tender),15.716485,73.7975017,0,STOP,At Fire Station Pernem,Fire Station Pernem
2026-01-17T00:08:44.979Z,GA07G2505 - VAP Mid Size (Water Tender),15.5309717,74.1385667,0,STOP,At Fire Station Valpoi ,Fire Station Valpoi
2026-01-17T00:08:44.979Z,GA07G2504 - BIC Mid Size (Water Tender),15.589485,73.9466967,0,STOP,At Fire Station Bicholim ,Fire Station Bicholim
2026-01-17T00:08:44.979Z,GA07G2503- MAP Mid Size (Water Tender),15.5899483,73.808635,0,STOP,At Fire Station Mapusa,Fire Station Mapusa
2026-01-17T00:08:44.979Z,GA07G2502 - FFHQ Mid Size (Water Tender),15.4868,73.8171867,0,STOP,"Caculo Mall, 16 Shanta, St Inez Rd, Caculo Enclave, Santa Inez, Panaji, Goa (NW)",Fire Force Headquarters
2026-01-17T00:09:43.547Z,GA 07 G 0680-PIL(QUICK RESPONSE VEHICLE),15.52289,73.8294267,0,STOP,At Porvorim Fire Station,Fire Station Pilerne
2026-01-17T00:09:43.547Z,GA07G2506 - OLG Mid Size (Water Tender),15.500308,73.91407,0,STOP,At Fire Station Old Goa,Fire Station Old Goa
2026-01-17T00:09:43.547Z,GA 07 G 5115-POR(MINI WATER TENDER),15.52334,73.829453,0,STOP,At Porvorim Fire Station,Fire Station Porvorim
2026-01-17T00:09:43.547Z,GA 07 G 0350-MRG(WATER TENDER),15.269438,73.970627,0,STOP,At Fire Station Margoa,Fire Station Margao
2026-01-17T00:09:43.547Z,GA 07 G 2900-MAP(MINI RESCUE TENDER),15.58999,73.808624,0,STOP,At Fire Station Mapusa,Fire Station Mapusa
2026-01-17T00:09:43.547Z,GA 07 G 7600-FFHQ(WATER BOUSER),15.487422,73.817444,0,STOP,"Caculo Mall, 16 Shanta, St Inez Rd, Caculo Enclave, Santa Inez, Panaji, Goa (NW)",Fire Force Headquarters
2026-01-17T00:09:43.547Z,GA 07 G 2002-FFHQ(TURN TABLE LADDER),15.487413,73.817276,0,STOP,"Caculo Mall, 16 Shanta, St Inez Rd, Caculo Enclave, Santa Inez, Panaji, Goa (NW)",Fire Force Headquarters
2026-01-17T00:09:43.547Z,GA 07 G 7101-FFHQ(WATER TENDER),15.48682,73.816971,0,STOP,"Caculo Mall, 16 Shanta, St Inez Rd, Caculo Enclave, Santa Inez, Panaji, Goa (NW)",Fire Force Headquarters
2026-01-17T00:09:43.547Z,GA 07 G 7677-FFHQ(EMERGENCY RESCUE),15.487177,73.817001,0,STOP,"Caculo Mall, 16 Shanta, St Inez Rd, Caculo Enclave, Santa Inez, Panaji, Goa (NW)",Fire Force Headquarters
2026-01-17T00:09:43.547Z,GA 07 G 1121-PNJ(EMERGENCY RESCUE),15.487333,73.817299,0,STOP,"Caculo Mall, 16 Shanta, St Inez Rd, Caculo Enclave, Santa Inez, Panaji, Goa (NW)",Fire Station Panaji
2026-01-17T00:09:43.547Z,GA 07 G 1571-FFHQ(QUICK RESPONSE),15.486457,73.817513,0,STOP,"Caculo Mall, 16 Shanta, St Inez Rd, Caculo Enclave, Santa Inez, Panaji, Goa (SW)",Fire Force Headquarters
2026-01-17T00:09:43.547Z,GA 07 G 8101-MAP(WATER TENDER),15.589972,73.808624,0,STOP,At Fire Station Mapusa,Fire Station Mapusa
2026-01-17T00:09:43.547Z,GA 07 G 2317-MRG(EMERGENCY RESCUE TENDER),15.2694116,73.9701666,0,STOP,At Fire Station Margoa,Fire Station Margao
2026-01-17T00:09:43.547Z,GA 07 G 1570-VAS(QUICK RESPONSE FIRE TENDER),15.3887733,73.8513266,0,STOP,At Fire Station Vasco,Fire Station Vasco
2026-01-17T00:09:43.547Z,GA 07 G 4101-VAS(MS WATER TENDER),15.3888166,73.851285,0,STOP,At Fire Station Vasco,Fire Station Vasco
2026-01-17T00:09:43.547Z,GA 07 G 0819-VAS(WATER/FOAM TENDER),15.38905,73.8510983,0,IDLE,At Fire Station Vasco,Fire Station Vasco
2026-01-17T00:09:43.547Z,GA 07 G 7100-MRG(WATER BOUSER),15.269415,73.969995,0,STOP,At Fire Station Margoa,Fire Station Margao
2026-01-17T00:09:43.547Z,GA 07 G 1568-MRG(QUICK RESPONSE ),15.2693416,73.9705166,0,STOP,At Fire Station Margoa,Fire Station Margao
2026-01-17T00:09:43.547Z,GA 07 G 6101-MRG(WATER TENDER),15.2694116,73.970255,0,STOP,At Fire Station Margoa,Fire Station Margao
2026-01-17T00:09:43.547Z,GA 07 G 1001-MRG(AERIAL LADDER PLATFORM),15.26938,73.9701583,0,STOP,At Fire Station Margoa,Fire Station Margao
2026-01-17T00:09:43.547Z,GA 07 G 0820-BIC(WATER TEDNER),15.4027967,74.0028217,0,STOP,At Fire Station Ponda ,Fire Station Bicholim
2026-01-17T00:09:43.547Z,GA 07 G 5101-OLG(MS WATER TENDER),15.500265,73.9139483,0,STOP,At Fire Station Old Goa,Fire Station Old Goa
2026-01-17T00:09:43.547Z,GA 07 G 3101-BIC(MS WATER TENDER),15.5893433,73.9465416,0,STOP,At Fire Station Bicholim ,Fire Station Bicholim
2026-01-17T00:09:43.547Z,GA 07 G 1941-BIC(QUICK RESPONSE),15.5894533,73.9467116,0,STOP,At Fire Station Bicholim ,Fire Station Bicholim
2026-01-17T00:09:43.547Z,GA 07 G 2319-VAS (EMERGENCY RESCUE TENDER),15.3900983,73.8532383,0,STOP,"Zuari Rd, Holy Cross Colony, Dabolim, Goa (SE)",Fire Station Vasco
2026-01-17T00:09:43.547Z,GA 07 G 3737-VAP(WATER TENDER),15.5310533,74.1388916,0,STOP,At Fire Station Valpoi ,Fire Station Valpoi
2026-01-17T00:09:43.547Z,GA 07 G 2318-PND(EMERGENCY RESCUE TENDER),15.4028033,74.00293,0,STOP,At Fire Station Ponda ,Fire Station Ponda
2026-01-17T00:09:43.547Z,GA 07 G 2004-PND(QUICK RESPONSE),15.4141016,73.9073083,0,INACTIVE,"Guru Hotel, Old Ferry Road, Agaçaim, Goa (SE)",Fire Station Ponda
2026-01-17T00:09:43.547Z,GA 07 G 9101-PND(WATER TENDER),15.4027033,74.0028733,0,STOP,At Fire Station Ponda ,Fire Station Ponda
2026-01-17T00:09:43.547Z,GA 07 G 9797-PND(WATER BOUSER),15.4027999,74.0027016,0,STOP,At Fire Station Ponda ,Fire Station Ponda
2026-01-17T00:09:43.547Z,GA 07 G 6363-CAN(WATER TENDER),15.02361,74.04406,0,INACTIVE,"Canacona, The Lalitrajbaga ,Canacona, Canacona, Goa (NE)",Fire Station Canacona
2026-01-17T00:09:43.547Z,GA 07 G 1567-CAN(QUICK RESPONSE FT),15.0233599,74.0440833,0,INACTIVE,"Canacona, The Lalitrajbaga ,Canacona, Canacona, Goa (NE)",Fire Station Canacona
2026-01-17T00:09:43.547Z,GA 07 G 1569-VRN(QUICK RESPONSE),15.369545,73.9355216,0,STOP,At Fire Station Verna,Fire Station Verna
2026-01-17T00:09:43.547Z,GA 07 G 9909-VRN(ADVANCE MULTI-PURPOSE),15.36974,73.9360833,0,STOP,At Fire Station Verna,Fire Station Verna
2026-01-17T00:09:43.547Z,GA 07 G 1942-VAP(QUICK RESPONSE),15.5310033,74.138745,0,STOP,At Fire Station Valpoi ,Fire Station Valpoi
2026-01-17T00:09:43.547Z,GA 07 G 2003-CUR(QUICK RESPONSE),15.2604016,74.1031166,0,STOP,At Fire Station Curchorem,Fire Station Curchorem
2026-01-17T00:09:43.547Z,GA 07 G 7447-CUR(EMERGENCY RESCUE),15.260415,74.10376,0,STOP,At Fire Station Curchorem,Fire Station Curchorem
2026-01-17T00:09:43.547Z,GA 07 G 7557-CUR(WATER TENDER),15.2604083,74.1034266,0,STOP,At Fire Station Curchorem,Fire Station Curchorem
2026-01-17T00:09:43.547Z,GA 07 G 7667-CUR(WATER BOUSER),15.2602533,74.1037266,0,STOP,At Fire Station Curchorem,Fire Station Curchorem
2026-01-17T00:09:43.547Z,GA 07 G 4989-KUN(WATER TENDER),15.4633267,73.9725267,0,STOP,At Fire Station Kundaim,Fire Station Kundaim
2026-01-17T00:09:43.547Z,GA 07 G 2242-PIL(WATER TENDER),15.5329344,73.7940983,0,STOP,At Fire Station Pilerne,Fire Station Pilerne
2026-01-17T00:09:43.547Z,GA 07 G 0681-MAP(QUICK RESPONSE),15.58978,73.808805,0,STOP,At Fire Station Mapusa,Fire Station Mapusa
2026-01-17T00:09:43.547Z,GA 07 G 0307-PER(QUICK RESPONSE),15.7164939,73.7974239,0,INACTIVE,At Fire Station Pernem,Fire Station Pernem
2026-01-17T00:09:43.547Z,GA 07 G 2101-PER(MS WATER TENDER),15.7164572,73.7975456,0,STOP,At Fire Station Pernem,Fire Station Pernem
2026-01-17T00:09:43.547Z,GA 07 G 4600-PER(MINI RESCUE TENDER),15.7165267,73.7975289,0,STOP,At Fire Station Pernem,Fire Station Pernem
2026-01-17T00:09:43.547Z,GA 07 G 7272-PNJ(WATER TENDER),15.4880722,73.8173878,0,STOP,"Goa College of Home Science, Dayanand Bandodkar Road, Opposite Parade Ground Campal,, Panaji, Goa (SE)",Fire Station Panaji
2026-01-17T00:09:43.547Z,GA07G2384- Cuncolim,15.1861639,74.0211006,0,STOP,At Fire Station Cuncolim,Fire Station Cuncolim
2026-01-17T00:09:43.547Z,GA07G2507 - PER Mid Size (Water Tender),15.716485,73.7975017,0,STOP,At Fire Station Pernem,Fire Station Pernem
2026-01-17T00:09:43.547Z,GA07G2505 - VAP Mid Size (Water Tender),15.5309717,74.1385667,0,STOP,At Fire Station Valpoi ,Fire Station Valpoi
2026-01-17T00:09:43.547Z,GA07G2504 - BIC Mid Size (Water Tender),15.589485,73.9466967,0,STOP,At Fire Station Bicholim ,Fire Station Bicholim
2026-01-17T00:09:43.547Z,GA07G2503- MAP Mid Size (Water Tender),15.5899483,73.808635,0,STOP,At Fire Station Mapusa,Fire Station Mapusa
2026-01-17T00:09:43.547Z,GA07G2502 - FFHQ Mid Size (Water Tender),15.4868,73.8171867,0,STOP,"Caculo Mall, 16 Shanta, St Inez Rd, Caculo Enclave, Santa Inez, Panaji, Goa (NW)",Fire Force Headquarters
2026-01-17T00:10:38.748Z,GA 07 G 0680-PIL(QUICK RESPONSE VEHICLE),15.52289,73.8294267,0,STOP,At Porvorim Fire Station,Fire Station Pilerne
2026-01-17T00:10:38.748Z,GA07G2506 - OLG Mid Size (Water Tender),15.500308,73.91407,0,STOP,At Fire Station Old Goa,Fire Station Old Goa
2026-01-17T00:10:38.748Z,GA 07 G 5115-POR(MINI WATER TENDER),15.52334,73.829453,0,STOP,At Porvorim Fire Station,Fire Station Porvorim
2026-01-17T00:10:38.748Z,GA 07 G 0350-MRG(WATER TENDER),15.269438,73.970627,0,STOP,At Fire Station Margoa,Fire Station Margao
2026-01-17T00:10:38.748Z,GA 07 G 2900-MAP(MINI RESCUE TENDER),15.58999,73.808624,0,STOP,At Fire Station Mapusa,Fire Station Mapusa
2026-01-17T00:10:38.748Z,GA 07 G 7600-FFHQ(WATER BOUSER),15.487422,73.817444,0,STOP,"Caculo Mall, 16 Shanta, St Inez Rd, Caculo Enclave, Santa Inez, Panaji, Goa (NW)",Fire Force Headquarters
2026-01-17T00:10:38.748Z,GA 07 G 2002-FFHQ(TURN TABLE LADDER),15.487413,73.817276,0,STOP,"Caculo Mall, 16 Shanta, St Inez Rd, Caculo Enclave, Santa Inez, Panaji, Goa (NW)",Fire Force Headquarters
2026-01-17T00:10:38.748Z,GA 07 G 7101-FFHQ(WATER TENDER),15.48682,73.816971,0,STOP,"Caculo Mall, 16 Shanta, St Inez Rd, Caculo Enclave, Santa Inez, Panaji, Goa (NW)",Fire Force Headquarters
2026-01-17T00:10:38.748Z,GA 07 G 7677-FFHQ(EMERGENCY RESCUE),15.487177,73.817001,0,STOP,"Caculo Mall, 16 Shanta, St Inez Rd, Caculo Enclave, Santa Inez, Panaji, Goa (NW)",Fire Force Headquarters
2026-01-17T00:10:38.748Z,GA 07 G 1121-PNJ(EMERGENCY RESCUE),15.487333,73.817299,0,STOP,"Caculo Mall, 16 Shanta, St Inez Rd, Caculo Enclave, Santa Inez, Panaji, Goa (NW)",Fire Station Panaji
2026-01-17T00:10:38.748Z,GA 07 G 1571-FFHQ(QUICK RESPONSE),15.486457,73.817513,0,STOP,"Caculo Mall, 16 Shanta, St Inez Rd, Caculo Enclave, Santa Inez, Panaji, Goa (SW)",Fire Force Headquarters
2026-01-17T00:10:38.748Z,GA 07 G 8101-MAP(WATER TENDER),15.589972,73.808624,0,STOP,At Fire Station Mapusa,Fire Station Mapusa
2026-01-17T00:10:38.748Z,GA 07 G 2317-MRG(EMERGENCY RESCUE TENDER),15.2694116,73.9701666,0,STOP,At Fire Station Margoa,Fire Station Margao
2026-01-17T00:10:38.748Z,GA 07 G 1570-VAS(QUICK RESPONSE FIRE TENDER),15.3887733,73.8513266,0,STOP,At Fire Station Vasco,Fire Station Vasco
2026-01-17T00:10:38.748Z,GA 07 G 4101-VAS(MS WATER TENDER),15.3888166,73.851285,0,STOP,At Fire Station Vasco,Fire Station Vasco
2026-01-17T00:10:38.748Z,GA 07 G 0819-VAS(WATER/FOAM TENDER),15.38905,73.8510983,0,IDLE,At Fire Station Vasco,Fire Station Vasco
2026-01-17T00:10:38.748Z,GA 07 G 7100-MRG(WATER BOUSER),15.269415,73.969995,0,STOP,At Fire Station Margoa,Fire Station Margao
2026-01-17T00:10:38.748Z,GA 07 G 1568-MRG(QUICK RESPONSE ),15.2693416,73.9705166,0,STOP,At Fire Station Margoa,Fire Station Margao
2026-01-17T00:10:38.748Z,GA 07 G 6101-MRG(WATER TENDER),15.2694116,73.970255,0,STOP,At Fire Station Margoa,Fire Station Margao
2026-01-17T00:10:38.748Z,GA 07 G 1001-MRG(AERIAL LADDER PLATFORM),15.26938,73.9701583,0,STOP,At Fire Station Margoa,Fire Station Margao
2026-01-17T00:10:38.748Z,GA 07 G 0820-BIC(WATER TEDNER),15.4027967,74.0028217,0,STOP,At Fire Station Ponda ,Fire Station Bicholim
2026-01-17T00:10:38.748Z,GA 07 G 5101-OLG(MS WATER TENDER),15.500265,73.9139483,0,STOP,At Fire Station Old Goa,Fire Station Old Goa
2026-01-17T00:10:38.748Z,GA 07 G 3101-BIC(MS WATER TENDER),15.5893433,73.9465416,0,STOP,At Fire Station Bicholim ,Fire Station Bicholim
2026-01-17T00:10:38.748Z,GA 07 G 1941-BIC(QUICK RESPONSE),15.5894533,73.9467116,0,STOP,At Fire Station Bicholim ,Fire Station Bicholim
2026-01-17T00:10:38.748Z,GA 07 G 2319-VAS (EMERGENCY RESCUE TENDER),15.3900983,73.8532383,0,STOP,"Zuari Rd, Holy Cross Colony, Dabolim, Goa (SE)",Fire Station Vasco
2026-01-17T00:10:38.748Z,GA 07 G 3737-VAP(WATER TENDER),15.5310533,74.1388916,0,STOP,At Fire Station Valpoi ,Fire Station Valpoi
2026-01-17T00:10:38.748Z,GA 07 G 2318-PND(EMERGENCY RESCUE TENDER),15.4028033,74.00293,0,STOP,At Fire Station Ponda ,Fire Station Ponda
2026-01-17T00:10:38.748Z,GA 07 G 2004-PND(QUICK RESPONSE),15.4141016,73.9073083,0,INACTIVE,"Guru Hotel, Old Ferry Road, Agaçaim, Goa (SE)",Fire Station Ponda
2026-01-17T00:10:38.748Z,GA 07 G 9101-PND(WATER TENDER),15.4027033,74.0028733,0,STOP,At Fire Station Ponda ,Fire Station Ponda
2026-01-17T00:10:38.748Z,GA 07 G 9797-PND(WATER BOUSER),15.4027999,74.0027016,0,STOP,At Fire Station Ponda ,Fire Station Ponda
2026-01-17T00:10:38.748Z,GA 07 G 6363-CAN(WATER TENDER),15.02361,74.04406,0,INACTIVE,"Canacona, The Lalitrajbaga ,Canacona, Canacona, Goa (NE)",Fire Station Canacona
2026-01-17T00:10:38.748Z,GA 07 G 1567-CAN(QUICK RESPONSE FT),15.0233599,74.0440833,0,INACTIVE,"Canacona, The Lalitrajbaga ,Canacona, Canacona, Goa (NE)",Fire Station Canacona
2026-01-17T00:10:38.748Z,GA 07 G 1569-VRN(QUICK RESPONSE),15.369545,73.9355216,0,STOP,At Fire Station Verna,Fire Station Verna
2026-01-17T00:10:38.748Z,GA 07 G 9909-VRN(ADVANCE MULTI-PURPOSE),15.36974,73.9360833,0,STOP,At Fire Station Verna,Fire Station Verna
2026-01-17T00:10:38.748Z,GA 07 G 1942-VAP(QUICK RESPONSE),15.5310033,74.138745,0,STOP,At Fire Station Valpoi ,Fire Station Valpoi
2026-01-17T00:10:38.748Z,GA 07 G 2003-CUR(QUICK RESPONSE),15.2604016,74.1031166,0,STOP,At Fire Station Curchorem,Fire Station Curchorem
2026-01-17T00:10:38.748Z,GA 07 G 7447-CUR(EMERGENCY RESCUE),15.260415,74.10376,0,STOP,At Fire Station Curchorem,Fire Station Curchorem
2026-01-17T00:10:38.748Z,GA 07 G 7557-CUR(WATER TENDER),15.2604083,74.1034266,0,STOP,At Fire Station Curchorem,Fire Station Curchorem
2026-01-17T00:10:38.748Z,GA 07 G 7667-CUR(WATER BOUSER),15.2602533,74.1037266,0,STOP,At Fire Station Curchorem,Fire Station Curchorem
2026-01-17T00:10:38.748Z,GA 07 G 4989-KUN(WATER TENDER),15.4633267,73.9725267,0,STOP,At Fire Station Kundaim,Fire Station Kundaim
2026-01-17T00:10:38.748Z,GA 07 G 2242-PIL(WATER TENDER),15.5329344,73.7940983,0,STOP,At Fire Station Pilerne,Fire Station Pilerne
2026-01-17T00:10:38.748Z,GA 07 G 0681-MAP(QUICK RESPONSE),15.58978,73.808805,0,STOP,At Fire Station Mapusa,Fire Station Mapusa
2026-01-17T00:10:38.748Z,GA 07 G 0307-PER(QUICK RESPONSE),15.7164939,73.7974239,0,INACTIVE,At Fire Station Pernem,Fire Station Pernem
2026-01-17T00:10:38.748Z,GA 07 G 2101-PER(MS WATER TENDER),15.7164572,73.7975456,0,STOP,At Fire Station Pernem,Fire Station Pernem
2026-01-17T00:10:38.748Z,GA 07 G 4600-PER(MINI RESCUE TENDER),15.7165267,73.7975289,0,STOP,At Fire Station Pernem,Fire Station Pernem
2026-01-17T00:10:38.748Z,GA 07 G 7272-PNJ(WATER TENDER),15.4880722,73.8173878,0,STOP,"Goa College of Home Science, Dayanand Bandodkar Road, Opposite Parade Ground Campal,, Panaji, Goa (SE)",Fire Station Panaji
2026-01-17T00:10:38.748Z,GA07G2384- Cuncolim,15.1861639,74.0211006,0,STOP,At Fire Station Cuncolim,Fire Station Cuncolim
2026-01-17T00:10:38.748Z,GA07G2507 - PER Mid Size (Water Tender),15.716485,73.7975017,0,STOP,At Fire Station Pernem,Fire Station Pernem
2026-01-17T00:10:38.748Z,GA07G2505 - VAP Mid Size (Water Tender),15.5309717,74.1385667,0,STOP,At Fire Station Valpoi ,Fire Station Valpoi
2026-01-17T00:10:38.748Z,GA07G2504 - BIC Mid Size (Water Tender),15.589485,73.9466967,0,STOP,At Fire Station Bicholim ,Fire Station Bicholim
2026-01-17T00:10:38.748Z,GA07G2503- MAP Mid Size (Water Tender),15.5899483,73.808635,0,STOP,At Fire Station Mapusa,Fire Station Mapusa
2026-01-17T00:10:38.748Z,GA07G2502 - FFHQ Mid Size (Water Tender),15.4868,73.8171867,0,STOP,"Caculo Mall, 16 Shanta, St Inez Rd, Caculo Enclave, Santa Inez, Panaji, Goa (NW)",Fire Force Headquarters
2026-01-17T00:12:04.034Z,GA 07 G 0680-PIL(QUICK RESPONSE VEHICLE),15.52289,73.8294267,0,STOP,At Porvorim Fire Station,Fire Station Pilerne
2026-01-17T00:12:04.034Z,GA07G2506 - OLG Mid Size (Water Tender),15.500308,73.91407,0,STOP,At Fire Station Old Goa,Fire Station Old Goa
2026-01-17T00:12:04.034Z,GA 07 G 5115-POR(MINI WATER TENDER),15.52334,73.829453,0,STOP,At Porvorim Fire Station,Fire Station Porvorim
2026-01-17T00:12:04.034Z,GA 07 G 0350-MRG(WATER TENDER),15.269438,73.970627,0,STOP,At Fire Station Margoa,Fire Station Margao
2026-01-17T00:12:04.034Z,GA 07 G 2900-MAP(MINI RESCUE TENDER),15.58999,73.808624,0,STOP,At Fire Station Mapusa,Fire Station Mapusa
2026-01-17T00:12:04.034Z,GA 07 G 7600-FFHQ(WATER BOUSER),15.487422,73.817444,0,STOP,"Caculo Mall, 16 Shanta, St Inez Rd, Caculo Enclave, Santa Inez, Panaji, Goa (NW)",Fire Force Headquarters
2026-01-17T00:12:04.034Z,GA 07 G 2002-FFHQ(TURN TABLE LADDER),15.487413,73.817276,0,STOP,"Caculo Mall, 16 Shanta, St Inez Rd, Caculo Enclave, Santa Inez, Panaji, Goa (NW)",Fire Force Headquarters
2026-01-17T00:12:04.034Z,GA 07 G 7101-FFHQ(WATER TENDER),15.48682,73.816971,0,STOP,"Caculo Mall, 16 Shanta, St Inez Rd, Caculo Enclave, Santa Inez, Panaji, Goa (NW)",Fire Force Headquarters
2026-01-17T00:12:04.034Z,GA 07 G 7677-FFHQ(EMERGENCY RESCUE),15.487177,73.817001,0,STOP,"Caculo Mall, 16 Shanta, St Inez Rd, Caculo Enclave, Santa Inez, Panaji, Goa (NW)",Fire Force Headquarters
2026-01-17T00:12:04.034Z,GA 07 G 1121-PNJ(EMERGENCY RESCUE),15.487333,73.817299,0,STOP,"Caculo Mall, 16 Shanta, St Inez Rd, Caculo Enclave, Santa Inez, Panaji, Goa (NW)",Fire Station Panaji
2026-01-17T00:12:04.034Z,GA 07 G 1571-FFHQ(QUICK RESPONSE),15.486457,73.817513,0,STOP,"Caculo Mall, 16 Shanta, St Inez Rd, Caculo Enclave, Santa Inez, Panaji, Goa (SW)",Fire Force Headquarters
2026-01-17T00:12:04.034Z,GA 07 G 8101-MAP(WATER TENDER),15.589972,73.808624,0,STOP,At Fire Station Mapusa,Fire Station Mapusa
2026-01-17T00:12:04.034Z,GA 07 G 2317-MRG(EMERGENCY RESCUE TENDER),15.2694116,73.9701666,0,STOP,At Fire Station Margoa,Fire Station Margao
2026-01-17T00:12:04.034Z,GA 07 G 1570-VAS(QUICK RESPONSE FIRE TENDER),15.3887733,73.8513266,0,STOP,At Fire Station Vasco,Fire Station Vasco
2026-01-17T00:12:04.034Z,GA 07 G 4101-VAS(MS WATER TENDER),15.3888166,73.851285,0,STOP,At Fire Station Vasco,Fire Station Vasco
2026-01-17T00:12:04.034Z,GA 07 G 0819-VAS(WATER/FOAM TENDER),15.38905,73.8510983,0,IDLE,At Fire Station Vasco,Fire Station Vasco
2026-01-17T00:12:04.034Z,GA 07 G 7100-MRG(WATER BOUSER),15.269415,73.969995,0,STOP,At Fire Station Margoa,Fire Station Margao
2026-01-17T00:12:04.034Z,GA 07 G 1568-MRG(QUICK RESPONSE ),15.2693416,73.9705166,0,STOP,At Fire Station Margoa,Fire Station Margao
2026-01-17T00:12:04.034Z,GA 07 G 6101-MRG(WATER TENDER),15.2694116,73.970255,0,STOP,At Fire Station Margoa,Fire Station Margao
2026-01-17T00:12:04.034Z,GA 07 G 1001-MRG(AERIAL LADDER PLATFORM),15.26938,73.9701583,0,STOP,At Fire Station Margoa,Fire Station Margao
2026-01-17T00:12:04.034Z,GA 07 G 0820-BIC(WATER TEDNER),15.4027967,74.0028217,0,STOP,At Fire Station Ponda ,Fire Station Bicholim
2026-01-17T00:12:04.034Z,GA 07 G 5101-OLG(MS WATER TENDER),15.500265,73.9139483,0,STOP,At Fire Station Old Goa,Fire Station Old Goa
2026-01-17T00:12:04.034Z,GA 07 G 3101-BIC(MS WATER TENDER),15.5893433,73.9465416,0,STOP,At Fire Station Bicholim ,Fire Station Bicholim
2026-01-17T00:12:04.034Z,GA 07 G 1941-BIC(QUICK RESPONSE),15.5894533,73.9467116,0,STOP,At Fire Station Bicholim ,Fire Station Bicholim
2026-01-17T00:12:04.034Z,GA 07 G 2319-VAS (EMERGENCY RESCUE TENDER),15.3900983,73.8532383,0,STOP,"Zuari Rd, Holy Cross Colony, Dabolim, Goa (SE)",Fire Station Vasco
2026-01-17T00:12:04.034Z,GA 07 G 3737-VAP(WATER TENDER),15.5310533,74.1388916,0,STOP,At Fire Station Valpoi ,Fire Station Valpoi
2026-01-17T00:12:04.034Z,GA 07 G 2318-PND(EMERGENCY RESCUE TENDER),15.4028033,74.00293,0,STOP,At Fire Station Ponda ,Fire Station Ponda
2026-01-17T00:12:04.034Z,GA 07 G 2004-PND(QUICK RESPONSE),15.4141016,73.9073083,0,INACTIVE,"Guru Hotel, Old Ferry Road, Agaçaim, Goa (SE)",Fire Station Ponda
2026-01-17T00:12:04.034Z,GA 07 G 9101-PND(WATER TENDER),15.4027033,74.0028733,0,STOP,At Fire Station Ponda ,Fire Station Ponda
2026-01-17T00:12:04.034Z,GA 07 G 9797-PND(WATER BOUSER),15.4027999,74.0027016,0,STOP,At Fire Station Ponda ,Fire Station Ponda
2026-01-17T00:12:04.034Z,GA 07 G 6363-CAN(WATER TENDER),15.02361,74.04406,0,INACTIVE,"Canacona, The Lalitrajbaga ,Canacona, Canacona, Goa (NE)",Fire Station Canacona
2026-01-17T00:12:04.034Z,GA 07 G 1567-CAN(QUICK RESPONSE FT),15.0233599,74.0440833,0,INACTIVE,"Canacona, The Lalitrajbaga ,Canacona, Canacona, Goa (NE)",Fire Station Canacona
2026-01-17T00:12:04.034Z,GA 07 G 1569-VRN(QUICK RESPONSE),15.369545,73.9355216,0,STOP,At Fire Station Verna,Fire Station Verna
2026-01-17T00:12:04.034Z,GA 07 G 9909-VRN(ADVANCE MULTI-PURPOSE),15.36974,73.9360833,0,STOP,At Fire Station Verna,Fire Station Verna
2026-01-17T00:12:04.034Z,GA 07 G 1942-VAP(QUICK RESPONSE),15.5310033,74.138745,0,STOP,At Fire Station Valpoi ,Fire Station Valpoi
2026-01-17T00:12:04.034Z,GA 07 G 2003-CUR(QUICK RESPONSE),15.2604016,74.1031166,0,STOP,At Fire Station Curchorem,Fire Station Curchorem
2026-01-17T00:12:04.034Z,GA 07 G 7447-CUR(EMERGENCY RESCUE),15.260415,74.10376,0,STOP,At Fire Station Curchorem,Fire Station Curchorem
2026-01-17T00:12:04.034Z,GA 07 G 7557-CUR(WATER TENDER),15.2604083,74.1034266,0,STOP,At Fire Station Curchorem,Fire Station Curchorem
2026-01-17T00:12:04.034Z,GA 07 G 7667-CUR(WATER BOUSER),15.2602533,74.1037266,0,STOP,At Fire Station Curchorem,Fire Station Curchorem
2026-01-17T00:12:04.034Z,GA 07 G 4989-KUN(WATER TENDER),15.4633267,73.9725267,0,STOP,At Fire Station Kundaim,Fire Station Kundaim
2026-01-17T00:12:04.034Z,GA 07 G 2242-PIL(WATER TENDER),15.5329344,73.7940983,0,STOP,At Fire Station Pilerne,Fire Station Pilerne
2026-01-17T00:12:04.034Z,GA 07 G 0681-MAP(QUICK RESPONSE),15.58978,73.808805,0,STOP,At Fire Station Mapusa,Fire Station Mapusa
2026-01-17T00:12:04.034Z,GA 07 G 0307-PER(QUICK RESPONSE),15.7164939,73.7974239,0,INACTIVE,At Fire Station Pernem,Fire Station Pernem
2026-01-17T00:12:04.034Z,GA 07 G 2101-PER(MS WATER TENDER),15.7164572,73.7975456,0,STOP,At Fire Station Pernem,Fire Station Pernem
2026-01-17T00:12:04.034Z,GA 07 G 4600-PER(MINI RESCUE TENDER),15.7165267,73.7975289,0,STOP,At Fire Station Pernem,Fire Station Pernem
2026-01-17T00:12:04.034Z,GA 07 G 7272-PNJ(WATER TENDER),15.4880722,73.8173878,0,STOP,"Goa College of Home Science, Dayanand Bandodkar Road, Opposite Parade Ground Campal,, Panaji, Goa (SE)",Fire Station Panaji
2026-01-17T00:12:04.034Z,GA07G2384- Cuncolim,15.1861639,74.0211006,0,STOP,At Fire Station Cuncolim,Fire Station Cuncolim
2026-01-17T00:12:04.034Z,GA07G2507 - PER Mid Size (Water Tender),15.716485,73.7975017,0,STOP,At Fire Station Pernem,Fire Station Pernem
2026-01-17T00:12:04.034Z,GA07G2505 - VAP Mid Size (Water Tender),15.5309717,74.1385667,0,STOP,At Fire Station Valpoi ,Fire Station Valpoi
2026-01-17T00:12:04.034Z,GA07G2504 - BIC Mid Size (Water Tender),15.589485,73.9466967,0,STOP,At Fire Station Bicholim ,Fire Station Bicholim
2026-01-17T00:12:04.034Z,GA07G2503- MAP Mid Size (Water Tender),15.5899483,73.808635,0,STOP,At Fire Station Mapusa,Fire Station Mapusa
2026-01-17T00:12:04.034Z,GA07G2502 - FFHQ Mid Size (Water Tender),15.4868,73.8171867,0,STOP,"Caculo Mall, 16 Shanta, St Inez Rd, Caculo Enclave, Santa Inez, Panaji, Goa (NW)",Fire Force Headquarters
2026-01-17T00:13:07.338Z,GA 07 G 0680-PIL(QUICK RESPONSE VEHICLE),15.52289,73.8294267,0,STOP,At Porvorim Fire Station,Fire Station Pilerne
2026-01-17T00:13:07.338Z,GA07G2506 - OLG Mid Size (Water Tender),15.500308,73.91407,0,STOP,At Fire Station Old Goa,Fire Station Old Goa
2026-01-17T00:13:07.338Z,GA 07 G 5115-POR(MINI WATER TENDER),15.52334,73.829453,0,STOP,At Porvorim Fire Station,Fire Station Porvorim
2026-01-17T00:13:07.338Z,GA 07 G 0350-MRG(WATER TENDER),15.269438,73.970627,0,STOP,At Fire Station Margoa,Fire Station Margao
2026-01-17T00:13:07.338Z,GA 07 G 2900-MAP(MINI RESCUE TENDER),15.58999,73.808624,0,STOP,At Fire Station Mapusa,Fire Station Mapusa
2026-01-17T00:13:07.338Z,GA 07 G 7600-FFHQ(WATER BOUSER),15.487422,73.817444,0,STOP,"Caculo Mall, 16 Shanta, St Inez Rd, Caculo Enclave, Santa Inez, Panaji, Goa (NW)",Fire Force Headquarters
2026-01-17T00:13:07.338Z,GA 07 G 2002-FFHQ(TURN TABLE LADDER),15.487413,73.817276,0,STOP,"Caculo Mall, 16 Shanta, St Inez Rd, Caculo Enclave, Santa Inez, Panaji, Goa (NW)",Fire Force Headquarters
2026-01-17T00:13:07.338Z,GA 07 G 7101-FFHQ(WATER TENDER),15.48682,73.816971,0,STOP,"Caculo Mall, 16 Shanta, St Inez Rd, Caculo Enclave, Santa Inez, Panaji, Goa (NW)",Fire Force Headquarters
2026-01-17T00:13:07.338Z,GA 07 G 7677-FFHQ(EMERGENCY RESCUE),15.487177,73.817001,0,STOP,"Caculo Mall, 16 Shanta, St Inez Rd, Caculo Enclave, Santa Inez, Panaji, Goa (NW)",Fire Force Headquarters
2026-01-17T00:13:07.338Z,GA 07 G 1121-PNJ(EMERGENCY RESCUE),15.487333,73.817299,0,STOP,"Caculo Mall, 16 Shanta, St Inez Rd, Caculo Enclave, Santa Inez, Panaji, Goa (NW)",Fire Station Panaji
2026-01-17T00:13:07.338Z,GA 07 G 1571-FFHQ(QUICK RESPONSE),15.486457,73.817513,0,STOP,"Caculo Mall, 16 Shanta, St Inez Rd, Caculo Enclave, Santa Inez, Panaji, Goa (SW)",Fire Force Headquarters
2026-01-17T00:13:07.338Z,GA 07 G 8101-MAP(WATER TENDER),15.589972,73.808624,0,STOP,At Fire Station Mapusa,Fire Station Mapusa
2026-01-17T00:13:07.338Z,GA 07 G 2317-MRG(EMERGENCY RESCUE TENDER),15.2694116,73.9701666,0,STOP,At Fire Station Margoa,Fire Station Margao
2026-01-17T00:13:07.338Z,GA 07 G 1570-VAS(QUICK RESPONSE FIRE TENDER),15.3887733,73.8513266,0,STOP,At Fire Station Vasco,Fire Station Vasco
2026-01-17T00:13:07.338Z,GA 07 G 4101-VAS(MS WATER TENDER),15.3888166,73.851285,0,STOP,At Fire Station Vasco,Fire Station Vasco
2026-01-17T00:13:07.338Z,GA 07 G 0819-VAS(WATER/FOAM TENDER),15.38905,73.8510983,0,IDLE,At Fire Station Vasco,Fire Station Vasco
2026-01-17T00:13:07.338Z,GA 07 G 7100-MRG(WATER BOUSER),15.269415,73.969995,0,STOP,At Fire Station Margoa,Fire Station Margao
2026-01-17T00:13:07.338Z,GA 07 G 1568-MRG(QUICK RESPONSE ),15.2693416,73.9705166,0,STOP,At Fire Station Margoa,Fire Station Margao
2026-01-17T00:13:07.338Z,GA 07 G 6101-MRG(WATER TENDER),15.2694116,73.970255,0,STOP,At Fire Station Margoa,Fire Station Margao
2026-01-17T00:13:07.338Z,GA 07 G 1001-MRG(AERIAL LADDER PLATFORM),15.26938,73.9701583,0,STOP,At Fire Station Margoa,Fire Station Margao
2026-01-17T00:13:07.338Z,GA 07 G 0820-BIC(WATER TEDNER),15.4027967,74.0028217,0,STOP,At Fire Station Ponda ,Fire Station Bicholim
2026-01-17T00:13:07.338Z,GA 07 G 5101-OLG(MS WATER TENDER),15.500265,73.9139483,0,STOP,At Fire Station Old Goa,Fire Station Old Goa
2026-01-17T00:13:07.338Z,GA 07 G 3101-BIC(MS WATER TENDER),15.5893433,73.9465416,0,STOP,At Fire Station Bicholim ,Fire Station Bicholim
2026-01-17T00:13:07.338Z,GA 07 G 1941-BIC(QUICK RESPONSE),15.5894533,73.9467116,0,STOP,At Fire Station Bicholim ,Fire Station Bicholim
2026-01-17T00:13:07.338Z,GA 07 G 2319-VAS (EMERGENCY RESCUE TENDER),15.3900983,73.8532383,0,STOP,"Zuari Rd, Holy Cross Colony, Dabolim, Goa (SE)",Fire Station Vasco
2026-01-17T00:13:07.338Z,GA 07 G 3737-VAP(WATER TENDER),15.5310533,74.1388916,0,STOP,At Fire Station Valpoi ,Fire Station Valpoi
2026-01-17T00:13:07.338Z,GA 07 G 2318-PND(EMERGENCY RESCUE TENDER),15.4028033,74.00293,0,STOP,At Fire Station Ponda ,Fire Station Ponda
2026-01-17T00:13:07.338Z,GA 07 G 2004-PND(QUICK RESPONSE),15.4141016,73.9073083,0,INACTIVE,"Guru Hotel, Old Ferry Road, Agaçaim, Goa (SE)",Fire Station Ponda
2026-01-17T00:13:07.338Z,GA 07 G 9101-PND(WATER TENDER),15.4027033,74.0028733,0,STOP,At Fire Station Ponda ,Fire Station Ponda
2026-01-17T00:13:07.338Z,GA 07 G 9797-PND(WATER BOUSER),15.4027999,74.0027016,0,STOP,At Fire Station Ponda ,Fire Station Ponda
2026-01-17T00:13:07.338Z,GA 07 G 6363-CAN(WATER TENDER),15.02361,74.04406,0,INACTIVE,"Canacona, The Lalitrajbaga ,Canacona, Canacona, Goa (NE)",Fire Station Canacona
2026-01-17T00:13:07.338Z,GA 07 G 1567-CAN(QUICK RESPONSE FT),15.0233599,74.0440833,0,INACTIVE,"Canacona, The Lalitrajbaga ,Canacona, Canacona, Goa (NE)",Fire Station Canacona
2026-01-17T00:13:07.338Z,GA 07 G 1569-VRN(QUICK RESPONSE),15.369545,73.9355216,0,STOP,At Fire Station Verna,Fire Station Verna
2026-01-17T00:13:07.338Z,GA 07 G 9909-VRN(ADVANCE MULTI-PURPOSE),15.36974,73.9360833,0,STOP,At Fire Station Verna,Fire Station Verna
2026-01-17T00:13:07.338Z,GA 07 G 1942-VAP(QUICK RESPONSE),15.5310033,74.138745,0,STOP,At Fire Station Valpoi ,Fire Station Valpoi
2026-01-17T00:13:07.338Z,GA 07 G 2003-CUR(QUICK RESPONSE),15.2604016,74.1031166,0,STOP,At Fire Station Curchorem,Fire Station Curchorem
2026-01-17T00:13:07.338Z,GA 07 G 7447-CUR(EMERGENCY RESCUE),15.260415,74.10376,0,STOP,At Fire Station Curchorem,Fire Station Curchorem
2026-01-17T00:13:07.338Z,GA 07 G 7557-CUR(WATER TENDER),15.2604083,74.1034266,0,STOP,At Fire Station Curchorem,Fire Station Curchorem
2026-01-17T00:13:07.338Z,GA 07 G 7667-CUR(WATER BOUSER),15.2602533,74.1037266,0,STOP,At Fire Station Curchorem,Fire Station Curchorem
2026-01-17T00:13:07.338Z,GA 07 G 4989-KUN(WATER TENDER),15.4633267,73.9725267,0,STOP,At Fire Station Kundaim,Fire Station Kundaim
2026-01-17T00:13:07.338Z,GA 07 G 2242-PIL(WATER TENDER),15.5329344,73.7940983,0,STOP,At Fire Station Pilerne,Fire Station Pilerne
2026-01-17T00:13:07.338Z,GA 07 G 0681-MAP(QUICK RESPONSE),15.58978,73.808805,0,STOP,At Fire Station Mapusa,Fire Station Mapusa
2026-01-17T00:13:07.338Z,GA 07 G 0307-PER(QUICK RESPONSE),15.7164939,73.7974239,0,INACTIVE,At Fire Station Pernem,Fire Station Pernem
2026-01-17T00:13:07.338Z,GA 07 G 2101-PER(MS WATER TENDER),15.7164572,73.7975456,0,STOP,At Fire Station Pernem,Fire Station Pernem
2026-01-17T00:13:07.338Z,GA 07 G 4600-PER(MINI RESCUE TENDER),15.7165267,73.7975289,0,STOP,At Fire Station Pernem,Fire Station Pernem
2026-01-17T00:13:07.338Z,GA 07 G 7272-PNJ(WATER TENDER),15.4880722,73.8173878,0,STOP,"Goa College of Home Science, Dayanand Bandodkar Road, Opposite Parade Ground Campal,, Panaji, Goa (SE)",Fire Station Panaji
2026-01-17T00:13:07.338Z,GA07G2384- Cuncolim,15.1861639,74.0211006,0,STOP,At Fire Station Cuncolim,Fire Station Cuncolim
2026-01-17T00:13:07.338Z,GA07G2507 - PER Mid Size (Water Tender),15.716485,73.7975017,0,STOP,At Fire Station Pernem,Fire Station Pernem
2026-01-17T00:13:07.338Z,GA07G2505 - VAP Mid Size (Water Tender),15.5309717,74.1385667,0,STOP,At Fire Station Valpoi ,Fire Station Valpoi
2026-01-17T00:13:07.338Z,GA07G2504 - BIC Mid Size (Water Tender),15.589485,73.9466967,0,STOP,At Fire Station Bicholim ,Fire Station Bicholim
2026-01-17T00:13:07.338Z,GA07G2503- MAP Mid Size (Water Tender),15.5899483,73.808635,0,STOP,At Fire Station Mapusa,Fire Station Mapusa
2026-01-17T00:13:07.338Z,GA07G2502 - FFHQ Mid Size (Water Tender),15.4868,73.8171867,0,STOP,"Caculo Mall, 16 Shanta, St Inez Rd, Caculo Enclave, Santa Inez, Panaji, Goa (NW)",Fire Force Headquarters
2026-01-17T00:13:36.982Z,GA 07 G 0680-PIL(QUICK RESPONSE VEHICLE),15.52289,73.8294267,0,STOP,At Porvorim Fire Station,Fire Station Pilerne
2026-01-17T00:13:36.982Z,GA07G2506 - OLG Mid Size (Water Tender),15.500308,73.91407,0,STOP,At Fire Station Old Goa,Fire Station Old Goa
2026-01-17T00:13:36.982Z,GA 07 G 5115-POR(MINI WATER TENDER),15.52334,73.829453,0,STOP,At Porvorim Fire Station,Fire Station Porvorim
2026-01-17T00:13:36.982Z,GA 07 G 0350-MRG(WATER TENDER),15.269438,73.970627,0,STOP,At Fire Station Margoa,Fire Station Margao
2026-01-17T00:13:36.982Z,GA 07 G 2900-MAP(MINI RESCUE TENDER),15.58999,73.808624,0,STOP,At Fire Station Mapusa,Fire Station Mapusa
2026-01-17T00:13:36.982Z,GA 07 G 7600-FFHQ(WATER BOUSER),15.487422,73.817444,0,STOP,"Caculo Mall, 16 Shanta, St Inez Rd, Caculo Enclave, Santa Inez, Panaji, Goa (NW)",Fire Force Headquarters
2026-01-17T00:13:36.982Z,GA 07 G 2002-FFHQ(TURN TABLE LADDER),15.487413,73.817276,0,STOP,"Caculo Mall, 16 Shanta, St Inez Rd, Caculo Enclave, Santa Inez, Panaji, Goa (NW)",Fire Force Headquarters
2026-01-17T00:13:36.982Z,GA 07 G 7101-FFHQ(WATER TENDER),15.48682,73.816971,0,STOP,"Caculo Mall, 16 Shanta, St Inez Rd, Caculo Enclave, Santa Inez, Panaji, Goa (NW)",Fire Force Headquarters
2026-01-17T00:13:36.982Z,GA 07 G 7677-FFHQ(EMERGENCY RESCUE),15.487177,73.817001,0,STOP,"Caculo Mall, 16 Shanta, St Inez Rd, Caculo Enclave, Santa Inez, Panaji, Goa (NW)",Fire Force Headquarters
2026-01-17T00:13:36.982Z,GA 07 G 1121-PNJ(EMERGENCY RESCUE),15.487333,73.817299,0,STOP,"Caculo Mall, 16 Shanta, St Inez Rd, Caculo Enclave, Santa Inez, Panaji, Goa (NW)",Fire Station Panaji
2026-01-17T00:13:36.982Z,GA 07 G 1571-FFHQ(QUICK RESPONSE),15.486457,73.817513,0,STOP,"Caculo Mall, 16 Shanta, St Inez Rd, Caculo Enclave, Santa Inez, Panaji, Goa (SW)",Fire Force Headquarters
2026-01-17T00:13:36.982Z,GA 07 G 8101-MAP(WATER TENDER),15.589972,73.808624,0,STOP,At Fire Station Mapusa,Fire Station Mapusa
2026-01-17T00:13:36.982Z,GA 07 G 2317-MRG(EMERGENCY RESCUE TENDER),15.2694116,73.9701666,0,STOP,At Fire Station Margoa,Fire Station Margao
2026-01-17T00:13:36.982Z,GA 07 G 1570-VAS(QUICK RESPONSE FIRE TENDER),15.3887733,73.8513266,0,STOP,At Fire Station Vasco,Fire Station Vasco
2026-01-17T00:13:36.982Z,GA 07 G 4101-VAS(MS WATER TENDER),15.3888166,73.851285,0,STOP,At Fire Station Vasco,Fire Station Vasco
2026-01-17T00:13:36.982Z,GA 07 G 0819-VAS(WATER/FOAM TENDER),15.38905,73.8510983,0,IDLE,At Fire Station Vasco,Fire Station Vasco
2026-01-17T00:13:36.982Z,GA 07 G 7100-MRG(WATER BOUSER),15.269415,73.969995,0,STOP,At Fire Station Margoa,Fire Station Margao
2026-01-17T00:13:36.982Z,GA 07 G 1568-MRG(QUICK RESPONSE ),15.2693416,73.9705166,0,STOP,At Fire Station Margoa,Fire Station Margao
2026-01-17T00:13:36.982Z,GA 07 G 6101-MRG(WATER TENDER),15.2694116,73.970255,0,STOP,At Fire Station Margoa,Fire Station Margao
2026-01-17T00:13:36.982Z,GA 07 G 1001-MRG(AERIAL LADDER PLATFORM),15.26938,73.9701583,0,STOP,At Fire Station Margoa,Fire Station Margao
2026-01-17T00:13:36.982Z,GA 07 G 0820-BIC(WATER TEDNER),15.4027967,74.0028217,0,STOP,At Fire Station Ponda ,Fire Station Bicholim
2026-01-17T00:13:36.982Z,GA 07 G 5101-OLG(MS WATER TENDER),15.500265,73.9139483,0,STOP,At Fire Station Old Goa,Fire Station Old Goa
2026-01-17T00:13:36.982Z,GA 07 G 3101-BIC(MS WATER TENDER),15.5893433,73.9465416,0,STOP,At Fire Station Bicholim ,Fire Station Bicholim
2026-01-17T00:13:36.982Z,GA 07 G 1941-BIC(QUICK RESPONSE),15.5894533,73.9467116,0,STOP,At Fire Station Bicholim ,Fire Station Bicholim
2026-01-17T00:13:36.982Z,GA 07 G 2319-VAS (EMERGENCY RESCUE TENDER),15.3900983,73.8532383,0,STOP,"Zuari Rd, Holy Cross Colony, Dabolim, Goa (SE)",Fire Station Vasco
2026-01-17T00:13:36.982Z,GA 07 G 3737-VAP(WATER TENDER),15.5310533,74.1388916,0,STOP,At Fire Station Valpoi ,Fire Station Valpoi
2026-01-17T00:13:36.982Z,GA 07 G 2318-PND(EMERGENCY RESCUE TENDER),15.4028033,74.00293,0,STOP,At Fire Station Ponda ,Fire Station Ponda
2026-01-17T00:13:36.982Z,GA 07 G 2004-PND(QUICK RESPONSE),15.4141016,73.9073083,0,INACTIVE,"Guru Hotel, Old Ferry Road, Agaçaim, Goa (SE)",Fire Station Ponda
2026-01-17T00:13:36.982Z,GA 07 G 9101-PND(WATER TENDER),15.4027033,74.0028733,0,STOP,At Fire Station Ponda ,Fire Station Ponda
2026-01-17T00:13:36.982Z,GA 07 G 9797-PND(WATER BOUSER),15.4027999,74.0027016,0,STOP,At Fire Station Ponda ,Fire Station Ponda
2026-01-17T00:13:36.982Z,GA 07 G 6363-CAN(WATER TENDER),15.02361,74.04406,0,INACTIVE,"Canacona, The Lalitrajbaga ,Canacona, Canacona, Goa (NE)",Fire Station Canacona
2026-01-17T00:13:36.982Z,GA 07 G 1567-CAN(QUICK RESPONSE FT),15.0233599,74.0440833,0,INACTIVE,"Canacona, The Lalitrajbaga ,Canacona, Canacona, Goa (NE)",Fire Station Canacona
2026-01-17T00:13:36.982Z,GA 07 G 1569-VRN(QUICK RESPONSE),15.369545,73.9355216,0,STOP,At Fire Station Verna,Fire Station Verna
2026-01-17T00:13:36.982Z,GA 07 G 9909-VRN(ADVANCE MULTI-PURPOSE),15.36974,73.9360833,0,STOP,At Fire Station Verna,Fire Station Verna
2026-01-17T00:13:36.982Z,GA 07 G 1942-VAP(QUICK RESPONSE),15.5310033,74.138745,0,STOP,At Fire Station Valpoi ,Fire Station Valpoi
2026-01-17T00:13:36.982Z,GA 07 G 2003-CUR(QUICK RESPONSE),15.2604016,74.1031166,0,STOP,At Fire Station Curchorem,Fire Station Curchorem
2026-01-17T00:13:36.982Z,GA 07 G 7447-CUR(EMERGENCY RESCUE),15.260415,74.10376,0,STOP,At Fire Station Curchorem,Fire Station Curchorem
2026-01-17T00:13:36.982Z,GA 07 G 7557-CUR(WATER TENDER),15.2604083,74.1034266,0,STOP,At Fire Station Curchorem,Fire Station Curchorem
2026-01-17T00:13:36.982Z,GA 07 G 7667-CUR(WATER BOUSER),15.2602533,74.1037266,0,STOP,At Fire Station Curchorem,Fire Station Curchorem
2026-01-17T00:13:36.982Z,GA 07 G 4989-KUN(WATER TENDER),15.4633267,73.9725267,0,STOP,At Fire Station Kundaim,Fire Station Kundaim
2026-01-17T00:13:36.982Z,GA 07 G 2242-PIL(WATER TENDER),15.5329344,73.7940983,0,STOP,At Fire Station Pilerne,Fire Station Pilerne
2026-01-17T00:13:36.982Z,GA 07 G 0681-MAP(QUICK RESPONSE),15.58978,73.808805,0,STOP,At Fire Station Mapusa,Fire Station Mapusa
2026-01-17T00:13:36.982Z,GA 07 G 0307-PER(QUICK RESPONSE),15.7164939,73.7974239,0,INACTIVE,At Fire Station Pernem,Fire Station Pernem
2026-01-17T00:13:36.982Z,GA 07 G 2101-PER(MS WATER TENDER),15.7164572,73.7975456,0,STOP,At Fire Station Pernem,Fire Station Pernem
2026-01-17T00:13:36.982Z,GA 07 G 4600-PER(MINI RESCUE TENDER),15.7165267,73.7975289,0,STOP,At Fire Station Pernem,Fire Station Pernem
2026-01-17T00:13:36.982Z,GA 07 G 7272-PNJ(WATER TENDER),15.4880722,73.8173878,0,STOP,"Goa College of Home Science, Dayanand Bandodkar Road, Opposite Parade Ground Campal,, Panaji, Goa (SE)",Fire Station Panaji
2026-01-17T00:13:36.982Z,GA07G2384- Cuncolim,15.1861639,74.0211006,0,STOP,At Fire Station Cuncolim,Fire Station Cuncolim
2026-01-17T00:13:36.982Z,GA07G2507 - PER Mid Size (Water Tender),15.716485,73.7975017,0,STOP,At Fire Station Pernem,Fire Station Pernem
2026-01-17T00:13:36.982Z,GA07G2505 - VAP Mid Size (Water Tender),15.5309717,74.1385667,0,STOP,At Fire Station Valpoi ,Fire Station Valpoi
2026-01-17T00:13:36.982Z,GA07G2504 - BIC Mid Size (Water Tender),15.589485,73.9466967,0,STOP,At Fire Station Bicholim ,Fire Station Bicholim
2026-01-17T00:13:36.982Z,GA07G2503- MAP Mid Size (Water Tender),15.5899483,73.808635,0,STOP,At Fire Station Mapusa,Fire Station Mapusa
2026-01-17T00:13:36.982Z,GA07G2502 - FFHQ Mid Size (Water Tender),15.4868,73.8171867,0,STOP,"Caculo Mall, 16 Shanta, St Inez Rd, Caculo Enclave, Santa Inez, Panaji, Goa (NW)",Fire Force Headquarters
2026-01-17T00:14:38.989Z,GA 07 G 0680-PIL(QUICK RESPONSE VEHICLE),15.52289,73.8294267,0,STOP,At Porvorim Fire Station,Fire Station Pilerne
2026-01-17T00:14:38.989Z,GA07G2506 - OLG Mid Size (Water Tender),15.500308,73.91407,0,STOP,At Fire Station Old Goa,Fire Station Old Goa
2026-01-17T00:14:38.989Z,GA 07 G 5115-POR(MINI WATER TENDER),15.52334,73.829453,0,STOP,At Porvorim Fire Station,Fire Station Porvorim
2026-01-17T00:14:38.989Z,GA 07 G 0350-MRG(WATER TENDER),15.269438,73.970627,0,STOP,At Fire Station Margoa,Fire Station Margao
2026-01-17T00:14:38.989Z,GA 07 G 2900-MAP(MINI RESCUE TENDER),15.58999,73.808624,0,STOP,At Fire Station Mapusa,Fire Station Mapusa
2026-01-17T00:14:38.989Z,GA 07 G 7600-FFHQ(WATER BOUSER),15.487422,73.817444,0,STOP,"Caculo Mall, 16 Shanta, St Inez Rd, Caculo Enclave, Santa Inez, Panaji, Goa (NW)",Fire Force Headquarters
2026-01-17T00:14:38.989Z,GA 07 G 2002-FFHQ(TURN TABLE LADDER),15.487413,73.817276,0,STOP,"Caculo Mall, 16 Shanta, St Inez Rd, Caculo Enclave, Santa Inez, Panaji, Goa (NW)",Fire Force Headquarters
2026-01-17T00:14:38.989Z,GA 07 G 7101-FFHQ(WATER TENDER),15.48682,73.816971,0,STOP,"Caculo Mall, 16 Shanta, St Inez Rd, Caculo Enclave, Santa Inez, Panaji, Goa (NW)",Fire Force Headquarters
2026-01-17T00:14:38.989Z,GA 07 G 7677-FFHQ(EMERGENCY RESCUE),15.487177,73.817001,0,STOP,"Caculo Mall, 16 Shanta, St Inez Rd, Caculo Enclave, Santa Inez, Panaji, Goa (NW)",Fire Force Headquarters
2026-01-17T00:14:38.989Z,GA 07 G 1121-PNJ(EMERGENCY RESCUE),15.487333,73.817299,0,STOP,"Caculo Mall, 16 Shanta, St Inez Rd, Caculo Enclave, Santa Inez, Panaji, Goa (NW)",Fire Station Panaji
2026-01-17T00:14:38.989Z,GA 07 G 1571-FFHQ(QUICK RESPONSE),15.486457,73.817513,0,STOP,"Caculo Mall, 16 Shanta, St Inez Rd, Caculo Enclave, Santa Inez, Panaji, Goa (SW)",Fire Force Headquarters
2026-01-17T00:14:38.989Z,GA 07 G 8101-MAP(WATER TENDER),15.589972,73.808624,0,STOP,At Fire Station Mapusa,Fire Station Mapusa
2026-01-17T00:14:38.989Z,GA 07 G 2317-MRG(EMERGENCY RESCUE TENDER),15.2694116,73.9701666,0,STOP,At Fire Station Margoa,Fire Station Margao
2026-01-17T00:14:38.989Z,GA 07 G 1570-VAS(QUICK RESPONSE FIRE TENDER),15.3887733,73.8513266,0,STOP,At Fire Station Vasco,Fire Station Vasco
2026-01-17T00:14:38.989Z,GA 07 G 4101-VAS(MS WATER TENDER),15.3888166,73.851285,0,STOP,At Fire Station Vasco,Fire Station Vasco
2026-01-17T00:14:38.989Z,GA 07 G 0819-VAS(WATER/FOAM TENDER),15.38905,73.8510983,0,IDLE,At Fire Station Vasco,Fire Station Vasco
2026-01-17T00:14:38.989Z,GA 07 G 7100-MRG(WATER BOUSER),15.269415,73.969995,0,STOP,At Fire Station Margoa,Fire Station Margao
2026-01-17T00:14:38.989Z,GA 07 G 1568-MRG(QUICK RESPONSE ),15.2693416,73.9705166,0,STOP,At Fire Station Margoa,Fire Station Margao
2026-01-17T00:14:38.989Z,GA 07 G 6101-MRG(WATER TENDER),15.2694116,73.970255,0,STOP,At Fire Station Margoa,Fire Station Margao
2026-01-17T00:14:38.989Z,GA 07 G 1001-MRG(AERIAL LADDER PLATFORM),15.26938,73.9701583,0,STOP,At Fire Station Margoa,Fire Station Margao
2026-01-17T00:14:38.989Z,GA 07 G 0820-BIC(WATER TEDNER),15.4027967,74.0028217,0,STOP,At Fire Station Ponda ,Fire Station Bicholim
2026-01-17T00:14:38.989Z,GA 07 G 5101-OLG(MS WATER TENDER),15.500265,73.9139483,0,STOP,At Fire Station Old Goa,Fire Station Old Goa
2026-01-17T00:14:38.989Z,GA 07 G 3101-BIC(MS WATER TENDER),15.5893433,73.9465416,2,STOP,At Fire Station Bicholim ,Fire Station Bicholim
2026-01-17T00:14:38.989Z,GA 07 G 1941-BIC(QUICK RESPONSE),15.5894533,73.9467116,0,STOP,At Fire Station Bicholim ,Fire Station Bicholim
2026-01-17T00:14:38.989Z,GA 07 G 2319-VAS (EMERGENCY RESCUE TENDER),15.3900983,73.8532383,0,STOP,"Zuari Rd, Holy Cross Colony, Dabolim, Goa (SE)",Fire Station Vasco
2026-01-17T00:14:38.989Z,GA 07 G 3737-VAP(WATER TENDER),15.5310533,74.1388916,0,STOP,At Fire Station Valpoi ,Fire Station Valpoi
2026-01-17T00:14:38.989Z,GA 07 G 2318-PND(EMERGENCY RESCUE TENDER),15.4028033,74.00293,0,STOP,At Fire Station Ponda ,Fire Station Ponda
2026-01-17T00:14:38.989Z,GA 07 G 2004-PND(QUICK RESPONSE),15.4141016,73.9073083,0,INACTIVE,"Guru Hotel, Old Ferry Road, Agaçaim, Goa (SE)",Fire Station Ponda
2026-01-17T00:14:38.989Z,GA 07 G 9101-PND(WATER TENDER),15.4027033,74.0028733,0,STOP,At Fire Station Ponda ,Fire Station Ponda
2026-01-17T00:14:38.989Z,GA 07 G 9797-PND(WATER BOUSER),15.4027999,74.0027016,0,STOP,At Fire Station Ponda ,Fire Station Ponda
2026-01-17T00:14:38.989Z,GA 07 G 6363-CAN(WATER TENDER),15.02361,74.04406,0,INACTIVE,"Canacona, The Lalitrajbaga ,Canacona, Canacona, Goa (NE)",Fire Station Canacona
2026-01-17T00:14:38.989Z,GA 07 G 1567-CAN(QUICK RESPONSE FT),15.0233599,74.0440833,0,INACTIVE,"Canacona, The Lalitrajbaga ,Canacona, Canacona, Goa (NE)",Fire Station Canacona
2026-01-17T00:14:38.989Z,GA 07 G 1569-VRN(QUICK RESPONSE),15.369545,73.9355216,0,STOP,At Fire Station Verna,Fire Station Verna
2026-01-17T00:14:38.989Z,GA 07 G 9909-VRN(ADVANCE MULTI-PURPOSE),15.36974,73.9360833,0,STOP,At Fire Station Verna,Fire Station Verna
2026-01-17T00:14:38.989Z,GA 07 G 1942-VAP(QUICK RESPONSE),15.5310033,74.138745,0,STOP,At Fire Station Valpoi ,Fire Station Valpoi
2026-01-17T00:14:38.989Z,GA 07 G 2003-CUR(QUICK RESPONSE),15.2604016,74.1031166,0,STOP,At Fire Station Curchorem,Fire Station Curchorem
2026-01-17T00:14:38.989Z,GA 07 G 7447-CUR(EMERGENCY RESCUE),15.260415,74.10376,0,STOP,At Fire Station Curchorem,Fire Station Curchorem
2026-01-17T00:14:38.989Z,GA 07 G 7557-CUR(WATER TENDER),15.2604083,74.1034266,0,STOP,At Fire Station Curchorem,Fire Station Curchorem
2026-01-17T00:14:38.989Z,GA 07 G 7667-CUR(WATER BOUSER),15.2602533,74.1037266,0,STOP,At Fire Station Curchorem,Fire Station Curchorem
2026-01-17T00:14:38.989Z,GA 07 G 4989-KUN(WATER TENDER),15.4633267,73.9725267,0,STOP,At Fire Station Kundaim,Fire Station Kundaim
2026-01-17T00:14:38.989Z,GA 07 G 2242-PIL(WATER TENDER),15.5329344,73.7940983,0,STOP,At Fire Station Pilerne,Fire Station Pilerne
2026-01-17T00:14:38.989Z,GA 07 G 0681-MAP(QUICK RESPONSE),15.58978,73.808805,0,STOP,At Fire Station Mapusa,Fire Station Mapusa
2026-01-17T00:14:38.989Z,GA 07 G 0307-PER(QUICK RESPONSE),15.7164939,73.7974239,0,INACTIVE,At Fire Station Pernem,Fire Station Pernem
2026-01-17T00:14:38.989Z,GA 07 G 2101-PER(MS WATER TENDER),15.7164572,73.7975456,0,STOP,At Fire Station Pernem,Fire Station Pernem
2026-01-17T00:14:38.989Z,GA 07 G 4600-PER(MINI RESCUE TENDER),15.7165267,73.7975289,0,STOP,At Fire Station Pernem,Fire Station Pernem
2026-01-17T00:14:38.989Z,GA 07 G 7272-PNJ(WATER TENDER),15.4880722,73.8173878,0,STOP,"Goa College of Home Science, Dayanand Bandodkar Road, Opposite Parade Ground Campal,, Panaji, Goa (SE)",Fire Station Panaji
2026-01-17T00:14:38.989Z,GA07G2384- Cuncolim,15.1861639,74.0211006,0,STOP,At Fire Station Cuncolim,Fire Station Cuncolim
2026-01-17T00:14:38.989Z,GA07G2507 - PER Mid Size (Water Tender),15.716485,73.7975017,0,STOP,At Fire Station Pernem,Fire Station Pernem
2026-01-17T00:14:38.989Z,GA07G2505 - VAP Mid Size (Water Tender),15.5309717,74.1385667,0,STOP,At Fire Station Valpoi ,Fire Station Valpoi
2026-01-17T00:14:38.989Z,GA07G2504 - BIC Mid Size (Water Tender),15.589485,73.9466967,0,STOP,At Fire Station Bicholim ,Fire Station Bicholim
2026-01-17T00:14:38.989Z,GA07G2503- MAP Mid Size (Water Tender),15.5899483,73.808635,0,STOP,At Fire Station Mapusa,Fire Station Mapusa
2026-01-17T00:14:38.989Z,GA07G2502 - FFHQ Mid Size (Water Tender),15.4868,73.8171867,0,STOP,"Caculo Mall, 16 Shanta, St Inez Rd, Caculo Enclave, Santa Inez, Panaji, Goa (NW)",Fire Force Headquarters
2026-01-17T00:15:42.609Z,GA 07 G 0680-PIL(QUICK RESPONSE VEHICLE),15.52289,73.8294267,0,STOP,At Porvorim Fire Station,Fire Station Pilerne
2026-01-17T00:15:42.609Z,GA07G2506 - OLG Mid Size (Water Tender),15.500308,73.91407,0,STOP,At Fire Station Old Goa,Fire Station Old Goa
2026-01-17T00:15:42.609Z,GA 07 G 5115-POR(MINI WATER TENDER),15.52334,73.829453,0,STOP,At Porvorim Fire Station,Fire Station Porvorim
2026-01-17T00:15:42.609Z,GA 07 G 0350-MRG(WATER TENDER),15.269438,73.970627,0,STOP,At Fire Station Margoa,Fire Station Margao
2026-01-17T00:15:42.609Z,GA 07 G 2900-MAP(MINI RESCUE TENDER),15.58999,73.808624,0,STOP,At Fire Station Mapusa,Fire Station Mapusa
2026-01-17T00:15:42.609Z,GA 07 G 7600-FFHQ(WATER BOUSER),15.487422,73.817444,0,STOP,"Caculo Mall, 16 Shanta, St Inez Rd, Caculo Enclave, Santa Inez, Panaji, Goa (NW)",Fire Force Headquarters
2026-01-17T00:15:42.609Z,GA 07 G 2002-FFHQ(TURN TABLE LADDER),15.487413,73.817276,0,STOP,"Caculo Mall, 16 Shanta, St Inez Rd, Caculo Enclave, Santa Inez, Panaji, Goa (NW)",Fire Force Headquarters
2026-01-17T00:15:42.609Z,GA 07 G 7101-FFHQ(WATER TENDER),15.48682,73.816971,0,STOP,"Caculo Mall, 16 Shanta, St Inez Rd, Caculo Enclave, Santa Inez, Panaji, Goa (NW)",Fire Force Headquarters
2026-01-17T00:15:42.609Z,GA 07 G 7677-FFHQ(EMERGENCY RESCUE),15.487177,73.817001,0,STOP,"Caculo Mall, 16 Shanta, St Inez Rd, Caculo Enclave, Santa Inez, Panaji, Goa (NW)",Fire Force Headquarters
2026-01-17T00:15:42.609Z,GA 07 G 1121-PNJ(EMERGENCY RESCUE),15.487333,73.817299,0,STOP,"Caculo Mall, 16 Shanta, St Inez Rd, Caculo Enclave, Santa Inez, Panaji, Goa (NW)",Fire Station Panaji
2026-01-17T00:15:42.609Z,GA 07 G 1571-FFHQ(QUICK RESPONSE),15.486457,73.817513,0,STOP,"Caculo Mall, 16 Shanta, St Inez Rd, Caculo Enclave, Santa Inez, Panaji, Goa (SW)",Fire Force Headquarters
2026-01-17T00:15:42.609Z,GA 07 G 8101-MAP(WATER TENDER),15.589972,73.808624,0,STOP,At Fire Station Mapusa,Fire Station Mapusa
2026-01-17T00:15:42.609Z,GA 07 G 2317-MRG(EMERGENCY RESCUE TENDER),15.2694116,73.9701666,0,STOP,At Fire Station Margoa,Fire Station Margao
2026-01-17T00:15:42.609Z,GA 07 G 1570-VAS(QUICK RESPONSE FIRE TENDER),15.3887733,73.8513266,0,STOP,At Fire Station Vasco,Fire Station Vasco
2026-01-17T00:15:42.609Z,GA 07 G 4101-VAS(MS WATER TENDER),15.3888166,73.851285,0,STOP,At Fire Station Vasco,Fire Station Vasco
2026-01-17T00:15:42.609Z,GA 07 G 0819-VAS(WATER/FOAM TENDER),15.38905,73.8510983,0,IDLE,At Fire Station Vasco,Fire Station Vasco
2026-01-17T00:15:42.609Z,GA 07 G 7100-MRG(WATER BOUSER),15.269415,73.969995,0,STOP,At Fire Station Margoa,Fire Station Margao
2026-01-17T00:15:42.609Z,GA 07 G 1568-MRG(QUICK RESPONSE ),15.2693416,73.9705166,0,STOP,At Fire Station Margoa,Fire Station Margao
2026-01-17T00:15:42.609Z,GA 07 G 6101-MRG(WATER TENDER),15.2694116,73.970255,0,STOP,At Fire Station Margoa,Fire Station Margao
2026-01-17T00:15:42.609Z,GA 07 G 1001-MRG(AERIAL LADDER PLATFORM),15.26938,73.9701583,0,STOP,At Fire Station Margoa,Fire Station Margao
2026-01-17T00:15:42.609Z,GA 07 G 0820-BIC(WATER TEDNER),15.4027967,74.0028217,0,STOP,At Fire Station Ponda ,Fire Station Bicholim
2026-01-17T00:15:42.609Z,GA 07 G 5101-OLG(MS WATER TENDER),15.500265,73.9139483,0,STOP,At Fire Station Old Goa,Fire Station Old Goa
2026-01-17T00:15:42.609Z,GA 07 G 3101-BIC(MS WATER TENDER),15.5893433,73.9465416,0,STOP,At Fire Station Bicholim ,Fire Station Bicholim
2026-01-17T00:15:42.609Z,GA 07 G 1941-BIC(QUICK RESPONSE),15.5894533,73.9467116,0,STOP,At Fire Station Bicholim ,Fire Station Bicholim
2026-01-17T00:15:42.609Z,GA 07 G 2319-VAS (EMERGENCY RESCUE TENDER),15.3900983,73.8532383,0,STOP,"Zuari Rd, Holy Cross Colony, Dabolim, Goa (SE)",Fire Station Vasco
2026-01-17T00:15:42.609Z,GA 07 G 3737-VAP(WATER TENDER),15.5310533,74.1388916,0,STOP,At Fire Station Valpoi ,Fire Station Valpoi
2026-01-17T00:15:42.609Z,GA 07 G 2318-PND(EMERGENCY RESCUE TENDER),15.4028033,74.00293,0,STOP,At Fire Station Ponda ,Fire Station Ponda
2026-01-17T00:15:42.609Z,GA 07 G 2004-PND(QUICK RESPONSE),15.4141016,73.9073083,0,INACTIVE,"Guru Hotel, Old Ferry Road, Agaçaim, Goa (SE)",Fire Station Ponda
2026-01-17T00:15:42.609Z,GA 07 G 9101-PND(WATER TENDER),15.4027033,74.0028733,0,STOP,At Fire Station Ponda ,Fire Station Ponda
2026-01-17T00:15:42.609Z,GA 07 G 9797-PND(WATER BOUSER),15.4027999,74.0027016,0,STOP,At Fire Station Ponda ,Fire Station Ponda
2026-01-17T00:15:42.609Z,GA 07 G 6363-CAN(WATER TENDER),15.02361,74.04406,0,INACTIVE,"Canacona, The Lalitrajbaga ,Canacona, Canacona, Goa (NE)",Fire Station Canacona
2026-01-17T00:15:42.609Z,GA 07 G 1567-CAN(QUICK RESPONSE FT),15.0233599,74.0440833,0,INACTIVE,"Canacona, The Lalitrajbaga ,Canacona, Canacona, Goa (NE)",Fire Station Canacona
2026-01-17T00:15:42.609Z,GA 07 G 1569-VRN(QUICK RESPONSE),15.369545,73.9355216,0,STOP,At Fire Station Verna,Fire Station Verna
2026-01-17T00:15:42.609Z,GA 07 G 9909-VRN(ADVANCE MULTI-PURPOSE),15.36974,73.9360833,0,STOP,At Fire Station Verna,Fire Station Verna
2026-01-17T00:15:42.609Z,GA 07 G 1942-VAP(QUICK RESPONSE),15.5310033,74.138745,0,STOP,At Fire Station Valpoi ,Fire Station Valpoi
2026-01-17T00:15:42.609Z,GA 07 G 2003-CUR(QUICK RESPONSE),15.2604016,74.1031166,0,STOP,At Fire Station Curchorem,Fire Station Curchorem
2026-01-17T00:15:42.609Z,GA 07 G 7447-CUR(EMERGENCY RESCUE),15.260415,74.10376,0,STOP,At Fire Station Curchorem,Fire Station Curchorem
2026-01-17T00:15:42.609Z,GA 07 G 7557-CUR(WATER TENDER),15.2604083,74.1034266,0,STOP,At Fire Station Curchorem,Fire Station Curchorem
2026-01-17T00:15:42.609Z,GA 07 G 7667-CUR(WATER BOUSER),15.2602533,74.1037266,0,STOP,At Fire Station Curchorem,Fire Station Curchorem
2026-01-17T00:15:42.609Z,GA 07 G 4989-KUN(WATER TENDER),15.4633267,73.9725267,0,STOP,At Fire Station Kundaim,Fire Station Kundaim
2026-01-17T00:15:42.609Z,GA 07 G 2242-PIL(WATER TENDER),15.5329344,73.7940983,0,STOP,At Fire Station Pilerne,Fire Station Pilerne
2026-01-17T00:15:42.609Z,GA 07 G 0681-MAP(QUICK RESPONSE),15.58978,73.808805,0,STOP,At Fire Station Mapusa,Fire Station Mapusa
2026-01-17T00:15:42.609Z,GA 07 G 0307-PER(QUICK RESPONSE),15.7164939,73.7974239,0,INACTIVE,At Fire Station Pernem,Fire Station Pernem
2026-01-17T00:15:42.609Z,GA 07 G 2101-PER(MS WATER TENDER),15.7164572,73.7975456,0,STOP,At Fire Station Pernem,Fire Station Pernem
2026-01-17T00:15:42.609Z,GA 07 G 4600-PER(MINI RESCUE TENDER),15.7165267,73.7975289,0,STOP,At Fire Station Pernem,Fire Station Pernem
2026-01-17T00:15:42.609Z,GA 07 G 7272-PNJ(WATER TENDER),15.4880722,73.8173878,0,STOP,"Goa College of Home Science, Dayanand Bandodkar Road, Opposite Parade Ground Campal,, Panaji, Goa (SE)",Fire Station Panaji
2026-01-17T00:15:42.609Z,GA07G2384- Cuncolim,15.1861639,74.0211006,0,STOP,At Fire Station Cuncolim,Fire Station Cuncolim
2026-01-17T00:15:42.609Z,GA07G2507 - PER Mid Size (Water Tender),15.716485,73.7975017,0,STOP,At Fire Station Pernem,Fire Station Pernem
2026-01-17T00:15:42.609Z,GA07G2505 - VAP Mid Size (Water Tender),15.5309717,74.1385667,0,STOP,At Fire Station Valpoi ,Fire Station Valpoi
2026-01-17T00:15:42.609Z,GA07G2504 - BIC Mid Size (Water Tender),15.589485,73.9466967,0,STOP,At Fire Station Bicholim ,Fire Station Bicholim
2026-01-17T00:15:42.609Z,GA07G2503- MAP Mid Size (Water Tender),15.5899483,73.808635,0,STOP,At Fire Station Mapusa,Fire Station Mapusa
2026-01-17T00:15:42.609Z,GA07G2502 - FFHQ Mid Size (Water Tender),15.4868,73.8171867,0,STOP,"Caculo Mall, 16 Shanta, St Inez Rd, Caculo Enclave, Santa Inez, Panaji, Goa (NW)",Fire Force Headquarters
2026-01-17T00:17:03.940Z,GA 07 G 0680-PIL(QUICK RESPONSE VEHICLE),15.52289,73.8294267,0,STOP,At Porvorim Fire Station,Fire Station Pilerne
2026-01-17T00:17:03.940Z,GA07G2506 - OLG Mid Size (Water Tender),15.500308,73.91407,0,STOP,At Fire Station Old Goa,Fire Station Old Goa
2026-01-17T00:17:03.940Z,GA 07 G 5115-POR(MINI WATER TENDER),15.52334,73.829453,0,STOP,At Porvorim Fire Station,Fire Station Porvorim
2026-01-17T00:17:03.940Z,GA 07 G 0350-MRG(WATER TENDER),15.269438,73.970627,0,STOP,At Fire Station Margoa,Fire Station Margao
2026-01-17T00:17:03.940Z,GA 07 G 2900-MAP(MINI RESCUE TENDER),15.58999,73.808624,0,STOP,At Fire Station Mapusa,Fire Station Mapusa
2026-01-17T00:17:03.940Z,GA 07 G 7600-FFHQ(WATER BOUSER),15.487422,73.817444,0,STOP,"Caculo Mall, 16 Shanta, St Inez Rd, Caculo Enclave, Santa Inez, Panaji, Goa (NW)",Fire Force Headquarters
2026-01-17T00:17:03.940Z,GA 07 G 2002-FFHQ(TURN TABLE LADDER),15.487413,73.817276,0,STOP,"Caculo Mall, 16 Shanta, St Inez Rd, Caculo Enclave, Santa Inez, Panaji, Goa (NW)",Fire Force Headquarters
2026-01-17T00:17:03.940Z,GA 07 G 7101-FFHQ(WATER TENDER),15.48682,73.816971,0,STOP,"Caculo Mall, 16 Shanta, St Inez Rd, Caculo Enclave, Santa Inez, Panaji, Goa (NW)",Fire Force Headquarters
2026-01-17T00:17:03.940Z,GA 07 G 7677-FFHQ(EMERGENCY RESCUE),15.487177,73.817001,0,STOP,"Caculo Mall, 16 Shanta, St Inez Rd, Caculo Enclave, Santa Inez, Panaji, Goa (NW)",Fire Force Headquarters
2026-01-17T00:17:03.940Z,GA 07 G 1121-PNJ(EMERGENCY RESCUE),15.487333,73.817299,0,STOP,"Caculo Mall, 16 Shanta, St Inez Rd, Caculo Enclave, Santa Inez, Panaji, Goa (NW)",Fire Station Panaji
2026-01-17T00:17:03.940Z,GA 07 G 1571-FFHQ(QUICK RESPONSE),15.486457,73.817513,0,STOP,"Caculo Mall, 16 Shanta, St Inez Rd, Caculo Enclave, Santa Inez, Panaji, Goa (SW)",Fire Force Headquarters
2026-01-17T00:17:03.940Z,GA 07 G 8101-MAP(WATER TENDER),15.589972,73.808624,0,STOP,At Fire Station Mapusa,Fire Station Mapusa
2026-01-17T00:17:03.940Z,GA 07 G 2317-MRG(EMERGENCY RESCUE TENDER),15.2694116,73.9701666,0,STOP,At Fire Station Margoa,Fire Station Margao
2026-01-17T00:17:03.940Z,GA 07 G 1570-VAS(QUICK RESPONSE FIRE TENDER),15.3887733,73.8513266,0,STOP,At Fire Station Vasco,Fire Station Vasco
2026-01-17T00:17:03.940Z,GA 07 G 4101-VAS(MS WATER TENDER),15.3888166,73.851285,0,STOP,At Fire Station Vasco,Fire Station Vasco
2026-01-17T00:17:03.940Z,GA 07 G 0819-VAS(WATER/FOAM TENDER),15.38905,73.8510983,0,IDLE,At Fire Station Vasco,Fire Station Vasco
2026-01-17T00:17:03.940Z,GA 07 G 7100-MRG(WATER BOUSER),15.269415,73.969995,0,STOP,At Fire Station Margoa,Fire Station Margao
2026-01-17T00:17:03.940Z,GA 07 G 1568-MRG(QUICK RESPONSE ),15.2693416,73.9705166,0,STOP,At Fire Station Margoa,Fire Station Margao
2026-01-17T00:17:03.940Z,GA 07 G 6101-MRG(WATER TENDER),15.2694116,73.970255,0,STOP,At Fire Station Margoa,Fire Station Margao
2026-01-17T00:17:03.940Z,GA 07 G 1001-MRG(AERIAL LADDER PLATFORM),15.26938,73.9701583,0,STOP,At Fire Station Margoa,Fire Station Margao
2026-01-17T00:17:03.940Z,GA 07 G 0820-BIC(WATER TEDNER),15.4027967,74.0028217,0,STOP,At Fire Station Ponda ,Fire Station Bicholim
2026-01-17T00:17:03.940Z,GA 07 G 5101-OLG(MS WATER TENDER),15.500265,73.9139483,0,STOP,At Fire Station Old Goa,Fire Station Old Goa
2026-01-17T00:17:03.940Z,GA 07 G 3101-BIC(MS WATER TENDER),15.5893433,73.9465416,0,STOP,At Fire Station Bicholim ,Fire Station Bicholim
2026-01-17T00:17:03.940Z,GA 07 G 1941-BIC(QUICK RESPONSE),15.5894533,73.9467116,0,STOP,At Fire Station Bicholim ,Fire Station Bicholim
2026-01-17T00:17:03.940Z,GA 07 G 2319-VAS (EMERGENCY RESCUE TENDER),15.3900983,73.8532383,0,STOP,"Zuari Rd, Holy Cross Colony, Dabolim, Goa (SE)",Fire Station Vasco
2026-01-17T00:17:03.940Z,GA 07 G 3737-VAP(WATER TENDER),15.5310533,74.1388916,0,STOP,At Fire Station Valpoi ,Fire Station Valpoi
2026-01-17T00:17:03.940Z,GA 07 G 2318-PND(EMERGENCY RESCUE TENDER),15.4028033,74.00293,0,STOP,At Fire Station Ponda ,Fire Station Ponda
2026-01-17T00:17:03.940Z,GA 07 G 2004-PND(QUICK RESPONSE),15.4141016,73.9073083,0,INACTIVE,"Guru Hotel, Old Ferry Road, Agaçaim, Goa (SE)",Fire Station Ponda
2026-01-17T00:17:03.940Z,GA 07 G 9101-PND(WATER TENDER),15.4027033,74.0028733,0,STOP,At Fire Station Ponda ,Fire Station Ponda
2026-01-17T00:17:03.940Z,GA 07 G 9797-PND(WATER BOUSER),15.4027999,74.0027016,0,STOP,At Fire Station Ponda ,Fire Station Ponda
2026-01-17T00:17:03.940Z,GA 07 G 6363-CAN(WATER TENDER),15.02361,74.04406,0,INACTIVE,"Canacona, The Lalitrajbaga ,Canacona, Canacona, Goa (NE)",Fire Station Canacona
2026-01-17T00:17:03.940Z,GA 07 G 1567-CAN(QUICK RESPONSE FT),15.0233599,74.0440833,0,INACTIVE,"Canacona, The Lalitrajbaga ,Canacona, Canacona, Goa (NE)",Fire Station Canacona
2026-01-17T00:17:03.940Z,GA 07 G 1569-VRN(QUICK RESPONSE),15.369545,73.9355216,0,STOP,At Fire Station Verna,Fire Station Verna
2026-01-17T00:17:03.940Z,GA 07 G 9909-VRN(ADVANCE MULTI-PURPOSE),15.36974,73.9360833,0,STOP,At Fire Station Verna,Fire Station Verna
2026-01-17T00:17:03.940Z,GA 07 G 1942-VAP(QUICK RESPONSE),15.5310033,74.138745,0,STOP,At Fire Station Valpoi ,Fire Station Valpoi
2026-01-17T00:17:03.940Z,GA 07 G 2003-CUR(QUICK RESPONSE),15.2604016,74.1031166,0,STOP,At Fire Station Curchorem,Fire Station Curchorem
2026-01-17T00:17:03.940Z,GA 07 G 7447-CUR(EMERGENCY RESCUE),15.260415,74.10376,0,STOP,At Fire Station Curchorem,Fire Station Curchorem
2026-01-17T00:17:03.940Z,GA 07 G 7557-CUR(WATER TENDER),15.2604083,74.1034266,0,STOP,At Fire Station Curchorem,Fire Station Curchorem
2026-01-17T00:17:03.940Z,GA 07 G 7667-CUR(WATER BOUSER),15.2602533,74.1037266,0,STOP,At Fire Station Curchorem,Fire Station Curchorem
2026-01-17T00:17:03.940Z,GA 07 G 4989-KUN(WATER TENDER),15.4633267,73.9725267,0,STOP,At Fire Station Kundaim,Fire Station Kundaim
2026-01-17T00:17:03.940Z,GA 07 G 2242-PIL(WATER TENDER),15.5329344,73.7940983,0,STOP,At Fire Station Pilerne,Fire Station Pilerne
2026-01-17T00:17:03.940Z,GA 07 G 0681-MAP(QUICK RESPONSE),15.58978,73.808805,0,STOP,At Fire Station Mapusa,Fire Station Mapusa
2026-01-17T00:17:03.940Z,GA 07 G 0307-PER(QUICK RESPONSE),15.7164939,73.7974239,0,INACTIVE,At Fire Station Pernem,Fire Station Pernem
2026-01-17T00:17:03.940Z,GA 07 G 2101-PER(MS WATER TENDER),15.7164572,73.7975456,0,STOP,At Fire Station Pernem,Fire Station Pernem
2026-01-17T00:17:03.940Z,GA 07 G 4600-PER(MINI RESCUE TENDER),15.7165267,73.7975289,0,STOP,At Fire Station Pernem,Fire Station Pernem
2026-01-17T00:17:03.940Z,GA 07 G 7272-PNJ(WATER TENDER),15.4880722,73.8173878,0,STOP,"Goa College of Home Science, Dayanand Bandodkar Road, Opposite Parade Ground Campal,, Panaji, Goa (SE)",Fire Station Panaji
2026-01-17T00:17:03.940Z,GA07G2384- Cuncolim,15.1861639,74.0211006,0,STOP,At Fire Station Cuncolim,Fire Station Cuncolim
2026-01-17T00:17:03.940Z,GA07G2507 - PER Mid Size (Water Tender),15.716485,73.7975017,0,STOP,At Fire Station Pernem,Fire Station Pernem
2026-01-17T00:17:03.940Z,GA07G2505 - VAP Mid Size (Water Tender),15.5309717,74.1385667,0,STOP,At Fire Station Valpoi ,Fire Station Valpoi
2026-01-17T00:17:03.940Z,GA07G2504 - BIC Mid Size (Water Tender),15.589485,73.9466967,0,STOP,At Fire Station Bicholim ,Fire Station Bicholim
2026-01-17T00:17:03.940Z,GA07G2503- MAP Mid Size (Water Tender),15.5899483,73.808635,0,STOP,At Fire Station Mapusa,Fire Station Mapusa
2026-01-17T00:17:03.940Z,GA07G2502 - FFHQ Mid Size (Water Tender),15.4868,73.8171867,0,STOP,"Caculo Mall, 16 Shanta, St Inez Rd, Caculo Enclave, Santa Inez, Panaji, Goa (NW)",Fire Force Headquarters
2026-01-17T00:17:43.700Z,GA 07 G 0680-PIL(QUICK RESPONSE VEHICLE),15.52289,73.8294267,0,STOP,At Porvorim Fire Station,Fire Station Pilerne
2026-01-17T00:17:43.700Z,GA07G2506 - OLG Mid Size (Water Tender),15.500308,73.91407,0,STOP,At Fire Station Old Goa,Fire Station Old Goa
2026-01-17T00:17:43.700Z,GA 07 G 5115-POR(MINI WATER TENDER),15.52334,73.829453,0,STOP,At Porvorim Fire Station,Fire Station Porvorim
2026-01-17T00:17:43.700Z,GA 07 G 0350-MRG(WATER TENDER),15.269438,73.970627,0,STOP,At Fire Station Margoa,Fire Station Margao
2026-01-17T00:17:43.700Z,GA 07 G 2900-MAP(MINI RESCUE TENDER),15.58999,73.808624,0,STOP,At Fire Station Mapusa,Fire Station Mapusa
2026-01-17T00:17:43.700Z,GA 07 G 7600-FFHQ(WATER BOUSER),15.487422,73.817444,0,STOP,"Caculo Mall, 16 Shanta, St Inez Rd, Caculo Enclave, Santa Inez, Panaji, Goa (NW)",Fire Force Headquarters
2026-01-17T00:17:43.700Z,GA 07 G 2002-FFHQ(TURN TABLE LADDER),15.487413,73.817276,0,STOP,"Caculo Mall, 16 Shanta, St Inez Rd, Caculo Enclave, Santa Inez, Panaji, Goa (NW)",Fire Force Headquarters
2026-01-17T00:17:43.700Z,GA 07 G 7101-FFHQ(WATER TENDER),15.48682,73.816971,0,STOP,"Caculo Mall, 16 Shanta, St Inez Rd, Caculo Enclave, Santa Inez, Panaji, Goa (NW)",Fire Force Headquarters
2026-01-17T00:17:43.700Z,GA 07 G 7677-FFHQ(EMERGENCY RESCUE),15.487177,73.817001,0,STOP,"Caculo Mall, 16 Shanta, St Inez Rd, Caculo Enclave, Santa Inez, Panaji, Goa (NW)",Fire Force Headquarters
2026-01-17T00:17:43.700Z,GA 07 G 1121-PNJ(EMERGENCY RESCUE),15.487333,73.817299,0,STOP,"Caculo Mall, 16 Shanta, St Inez Rd, Caculo Enclave, Santa Inez, Panaji, Goa (NW)",Fire Station Panaji
2026-01-17T00:17:43.700Z,GA 07 G 1571-FFHQ(QUICK RESPONSE),15.486457,73.817513,0,STOP,"Caculo Mall, 16 Shanta, St Inez Rd, Caculo Enclave, Santa Inez, Panaji, Goa (SW)",Fire Force Headquarters
2026-01-17T00:17:43.700Z,GA 07 G 8101-MAP(WATER TENDER),15.589972,73.808624,0,STOP,At Fire Station Mapusa,Fire Station Mapusa
2026-01-17T00:17:43.700Z,GA 07 G 2317-MRG(EMERGENCY RESCUE TENDER),15.2694116,73.9701666,0,STOP,At Fire Station Margoa,Fire Station Margao
2026-01-17T00:17:43.700Z,GA 07 G 1570-VAS(QUICK RESPONSE FIRE TENDER),15.3887733,73.8513266,0,STOP,At Fire Station Vasco,Fire Station Vasco
2026-01-17T00:17:43.700Z,GA 07 G 4101-VAS(MS WATER TENDER),15.3888166,73.851285,0,STOP,At Fire Station Vasco,Fire Station Vasco
2026-01-17T00:17:43.700Z,GA 07 G 0819-VAS(WATER/FOAM TENDER),15.38905,73.8510983,0,IDLE,At Fire Station Vasco,Fire Station Vasco
2026-01-17T00:17:43.700Z,GA 07 G 7100-MRG(WATER BOUSER),15.269415,73.969995,0,STOP,At Fire Station Margoa,Fire Station Margao
2026-01-17T00:17:43.700Z,GA 07 G 1568-MRG(QUICK RESPONSE ),15.2693416,73.9705166,0,STOP,At Fire Station Margoa,Fire Station Margao
2026-01-17T00:17:43.700Z,GA 07 G 6101-MRG(WATER TENDER),15.2694116,73.970255,0,STOP,At Fire Station Margoa,Fire Station Margao
2026-01-17T00:17:43.700Z,GA 07 G 1001-MRG(AERIAL LADDER PLATFORM),15.26938,73.9701583,0,STOP,At Fire Station Margoa,Fire Station Margao
2026-01-17T00:17:43.700Z,GA 07 G 0820-BIC(WATER TEDNER),15.4027967,74.0028217,0,STOP,At Fire Station Ponda ,Fire Station Bicholim
2026-01-17T00:17:43.700Z,GA 07 G 5101-OLG(MS WATER TENDER),15.500265,73.9139483,0,STOP,At Fire Station Old Goa,Fire Station Old Goa
2026-01-17T00:17:43.700Z,GA 07 G 3101-BIC(MS WATER TENDER),15.5893433,73.9465416,0,STOP,At Fire Station Bicholim ,Fire Station Bicholim
2026-01-17T00:17:43.700Z,GA 07 G 1941-BIC(QUICK RESPONSE),15.5894533,73.9467116,0,STOP,At Fire Station Bicholim ,Fire Station Bicholim
2026-01-17T00:17:43.700Z,GA 07 G 2319-VAS (EMERGENCY RESCUE TENDER),15.3900983,73.8532383,0,STOP,"Zuari Rd, Holy Cross Colony, Dabolim, Goa (SE)",Fire Station Vasco
2026-01-17T00:17:43.700Z,GA 07 G 3737-VAP(WATER TENDER),15.5310533,74.1388916,0,STOP,At Fire Station Valpoi ,Fire Station Valpoi
2026-01-17T00:17:43.700Z,GA 07 G 2318-PND(EMERGENCY RESCUE TENDER),15.4028033,74.00293,0,STOP,At Fire Station Ponda ,Fire Station Ponda
2026-01-17T00:17:43.700Z,GA 07 G 2004-PND(QUICK RESPONSE),15.4141016,73.9073083,0,INACTIVE,"Guru Hotel, Old Ferry Road, Agaçaim, Goa (SE)",Fire Station Ponda
2026-01-17T00:17:43.700Z,GA 07 G 9101-PND(WATER TENDER),15.4027033,74.0028733,0,STOP,At Fire Station Ponda ,Fire Station Ponda
2026-01-17T00:17:43.700Z,GA 07 G 9797-PND(WATER BOUSER),15.4027999,74.0027016,0,STOP,At Fire Station Ponda ,Fire Station Ponda
2026-01-17T00:17:43.700Z,GA 07 G 6363-CAN(WATER TENDER),15.02361,74.04406,0,INACTIVE,"Canacona, The Lalitrajbaga ,Canacona, Canacona, Goa (NE)",Fire Station Canacona
2026-01-17T00:17:43.700Z,GA 07 G 1567-CAN(QUICK RESPONSE FT),15.0233599,74.0440833,0,INACTIVE,"Canacona, The Lalitrajbaga ,Canacona, Canacona, Goa (NE)",Fire Station Canacona
2026-01-17T00:17:43.700Z,GA 07 G 1569-VRN(QUICK RESPONSE),15.369545,73.9355216,0,STOP,At Fire Station Verna,Fire Station Verna
2026-01-17T00:17:43.700Z,GA 07 G 9909-VRN(ADVANCE MULTI-PURPOSE),15.36974,73.9360833,0,STOP,At Fire Station Verna,Fire Station Verna
2026-01-17T00:17:43.700Z,GA 07 G 1942-VAP(QUICK RESPONSE),15.5310033,74.138745,0,STOP,At Fire Station Valpoi ,Fire Station Valpoi
2026-01-17T00:17:43.700Z,GA 07 G 2003-CUR(QUICK RESPONSE),15.2604016,74.1031166,0,STOP,At Fire Station Curchorem,Fire Station Curchorem
2026-01-17T00:17:43.700Z,GA 07 G 7447-CUR(EMERGENCY RESCUE),15.260415,74.10376,0,STOP,At Fire Station Curchorem,Fire Station Curchorem
2026-01-17T00:17:43.700Z,GA 07 G 7557-CUR(WATER TENDER),15.2604083,74.1034266,0,STOP,At Fire Station Curchorem,Fire Station Curchorem
2026-01-17T00:17:43.700Z,GA 07 G 7667-CUR(WATER BOUSER),15.2602533,74.1037266,0,STOP,At Fire Station Curchorem,Fire Station Curchorem
2026-01-17T00:17:43.700Z,GA 07 G 4989-KUN(WATER TENDER),15.4633267,73.9725267,0,STOP,At Fire Station Kundaim,Fire Station Kundaim
2026-01-17T00:17:43.700Z,GA 07 G 2242-PIL(WATER TENDER),15.5329344,73.7940983,0,STOP,At Fire Station Pilerne,Fire Station Pilerne
2026-01-17T00:17:43.700Z,GA 07 G 0681-MAP(QUICK RESPONSE),15.58978,73.808805,0,STOP,At Fire Station Mapusa,Fire Station Mapusa
2026-01-17T00:17:43.700Z,GA 07 G 0307-PER(QUICK RESPONSE),15.7164939,73.7974239,0,INACTIVE,At Fire Station Pernem,Fire Station Pernem
2026-01-17T00:17:43.700Z,GA 07 G 2101-PER(MS WATER TENDER),15.7164572,73.7975456,0,STOP,At Fire Station Pernem,Fire Station Pernem
2026-01-17T00:17:43.700Z,GA 07 G 4600-PER(MINI RESCUE TENDER),15.7165267,73.7975289,0,STOP,At Fire Station Pernem,Fire Station Pernem
2026-01-17T00:17:43.700Z,GA 07 G 7272-PNJ(WATER TENDER),15.4880722,73.8173878,0,STOP,"Goa College of Home Science, Dayanand Bandodkar Road, Opposite Parade Ground Campal,, Panaji, Goa (SE)",Fire Station Panaji
2026-01-17T00:17:43.700Z,GA07G2384- Cuncolim,15.1861639,74.0211006,0,STOP,At Fire Station Cuncolim,Fire Station Cuncolim
2026-01-17T00:17:43.700Z,GA07G2507 - PER Mid Size (Water Tender),15.716485,73.7975017,0,STOP,At Fire Station Pernem,Fire Station Pernem
2026-01-17T00:17:43.700Z,GA07G2505 - VAP Mid Size (Water Tender),15.5309717,74.1385667,0,STOP,At Fire Station Valpoi ,Fire Station Valpoi
2026-01-17T00:17:43.700Z,GA07G2504 - BIC Mid Size (Water Tender),15.589485,73.9466967,0,STOP,At Fire Station Bicholim ,Fire Station Bicholim
2026-01-17T00:17:43.700Z,GA07G2503- MAP Mid Size (Water Tender),15.5899483,73.808635,0,STOP,At Fire Station Mapusa,Fire Station Mapusa
2026-01-17T00:17:43.700Z,GA07G2502 - FFHQ Mid Size (Water Tender),15.4868,73.8171867,0,STOP,"Caculo Mall, 16 Shanta, St Inez Rd, Caculo Enclave, Santa Inez, Panaji, Goa (NW)",Fire Force Headquarters
2026-01-17T00:18:37.566Z,GA 07 G 0680-PIL(QUICK RESPONSE VEHICLE),15.52289,73.8294267,0,STOP,At Porvorim Fire Station,Fire Station Pilerne
2026-01-17T00:18:37.566Z,GA07G2506 - OLG Mid Size (Water Tender),15.500308,73.91407,0,STOP,At Fire Station Old Goa,Fire Station Old Goa
2026-01-17T00:18:37.566Z,GA 07 G 5115-POR(MINI WATER TENDER),15.52334,73.829453,0,STOP,At Porvorim Fire Station,Fire Station Porvorim
2026-01-17T00:18:37.566Z,GA 07 G 0350-MRG(WATER TENDER),15.269438,73.970627,0,STOP,At Fire Station Margoa,Fire Station Margao
2026-01-17T00:18:37.566Z,GA 07 G 2900-MAP(MINI RESCUE TENDER),15.58999,73.808624,0,STOP,At Fire Station Mapusa,Fire Station Mapusa
2026-01-17T00:18:37.566Z,GA 07 G 7600-FFHQ(WATER BOUSER),15.487422,73.817444,0,STOP,"Caculo Mall, 16 Shanta, St Inez Rd, Caculo Enclave, Santa Inez, Panaji, Goa (NW)",Fire Force Headquarters
2026-01-17T00:18:37.566Z,GA 07 G 2002-FFHQ(TURN TABLE LADDER),15.487413,73.817276,0,STOP,"Caculo Mall, 16 Shanta, St Inez Rd, Caculo Enclave, Santa Inez, Panaji, Goa (NW)",Fire Force Headquarters
2026-01-17T00:18:37.566Z,GA 07 G 7101-FFHQ(WATER TENDER),15.48682,73.816971,0,STOP,"Caculo Mall, 16 Shanta, St Inez Rd, Caculo Enclave, Santa Inez, Panaji, Goa (NW)",Fire Force Headquarters
2026-01-17T00:18:37.566Z,GA 07 G 7677-FFHQ(EMERGENCY RESCUE),15.487177,73.817001,0,STOP,"Caculo Mall, 16 Shanta, St Inez Rd, Caculo Enclave, Santa Inez, Panaji, Goa (NW)",Fire Force Headquarters
2026-01-17T00:18:37.566Z,GA 07 G 1121-PNJ(EMERGENCY RESCUE),15.487333,73.817299,0,STOP,"Caculo Mall, 16 Shanta, St Inez Rd, Caculo Enclave, Santa Inez, Panaji, Goa (NW)",Fire Station Panaji
2026-01-17T00:18:37.566Z,GA 07 G 1571-FFHQ(QUICK RESPONSE),15.486457,73.817513,0,STOP,"Caculo Mall, 16 Shanta, St Inez Rd, Caculo Enclave, Santa Inez, Panaji, Goa (SW)",Fire Force Headquarters
2026-01-17T00:18:37.566Z,GA 07 G 8101-MAP(WATER TENDER),15.589972,73.808624,0,STOP,At Fire Station Mapusa,Fire Station Mapusa
2026-01-17T00:18:37.566Z,GA 07 G 2317-MRG(EMERGENCY RESCUE TENDER),15.2694116,73.9701666,0,STOP,At Fire Station Margoa,Fire Station Margao
2026-01-17T00:18:37.566Z,GA 07 G 1570-VAS(QUICK RESPONSE FIRE TENDER),15.3887733,73.8513266,0,STOP,At Fire Station Vasco,Fire Station Vasco
2026-01-17T00:18:37.566Z,GA 07 G 4101-VAS(MS WATER TENDER),15.3888166,73.851285,0,STOP,At Fire Station Vasco,Fire Station Vasco
2026-01-17T00:18:37.566Z,GA 07 G 0819-VAS(WATER/FOAM TENDER),15.38905,73.8510983,0,IDLE,At Fire Station Vasco,Fire Station Vasco
2026-01-17T00:18:37.566Z,GA 07 G 7100-MRG(WATER BOUSER),15.269415,73.969995,0,STOP,At Fire Station Margoa,Fire Station Margao
2026-01-17T00:18:37.566Z,GA 07 G 1568-MRG(QUICK RESPONSE ),15.2693416,73.9705166,0,STOP,At Fire Station Margoa,Fire Station Margao
2026-01-17T00:18:37.566Z,GA 07 G 6101-MRG(WATER TENDER),15.2694116,73.970255,0,STOP,At Fire Station Margoa,Fire Station Margao
2026-01-17T00:18:37.566Z,GA 07 G 1001-MRG(AERIAL LADDER PLATFORM),15.26938,73.9701583,0,STOP,At Fire Station Margoa,Fire Station Margao
2026-01-17T00:18:37.566Z,GA 07 G 0820-BIC(WATER TEDNER),15.4027967,74.0028217,0,STOP,At Fire Station Ponda ,Fire Station Bicholim
2026-01-17T00:18:37.566Z,GA 07 G 5101-OLG(MS WATER TENDER),15.500265,73.9139483,0,STOP,At Fire Station Old Goa,Fire Station Old Goa
2026-01-17T00:18:37.566Z,GA 07 G 3101-BIC(MS WATER TENDER),15.5893433,73.9465416,0,STOP,At Fire Station Bicholim ,Fire Station Bicholim
2026-01-17T00:18:37.566Z,GA 07 G 1941-BIC(QUICK RESPONSE),15.5894533,73.9467116,0,STOP,At Fire Station Bicholim ,Fire Station Bicholim
2026-01-17T00:18:37.566Z,GA 07 G 2319-VAS (EMERGENCY RESCUE TENDER),15.3900983,73.8532383,0,STOP,"Zuari Rd, Holy Cross Colony, Dabolim, Goa (SE)",Fire Station Vasco
2026-01-17T00:18:37.566Z,GA 07 G 3737-VAP(WATER TENDER),15.5310533,74.1388916,0,STOP,At Fire Station Valpoi ,Fire Station Valpoi
2026-01-17T00:18:37.566Z,GA 07 G 2318-PND(EMERGENCY RESCUE TENDER),15.4028033,74.00293,0,STOP,At Fire Station Ponda ,Fire Station Ponda
2026-01-17T00:18:37.566Z,GA 07 G 2004-PND(QUICK RESPONSE),15.4141016,73.9073083,0,INACTIVE,"Guru Hotel, Old Ferry Road, Agaçaim, Goa (SE)",Fire Station Ponda
2026-01-17T00:18:37.566Z,GA 07 G 9101-PND(WATER TENDER),15.4027033,74.0028733,0,STOP,At Fire Station Ponda ,Fire Station Ponda
2026-01-17T00:18:37.566Z,GA 07 G 9797-PND(WATER BOUSER),15.4027999,74.0027016,0,STOP,At Fire Station Ponda ,Fire Station Ponda
2026-01-17T00:18:37.566Z,GA 07 G 6363-CAN(WATER TENDER),15.02361,74.04406,0,INACTIVE,"Canacona, The Lalitrajbaga ,Canacona, Canacona, Goa (NE)",Fire Station Canacona
2026-01-17T00:18:37.566Z,GA 07 G 1567-CAN(QUICK RESPONSE FT),15.0233599,74.0440833,0,INACTIVE,"Canacona, The Lalitrajbaga ,Canacona, Canacona, Goa (NE)",Fire Station Canacona
2026-01-17T00:18:37.566Z,GA 07 G 1569-VRN(QUICK RESPONSE),15.369545,73.9355216,0,STOP,At Fire Station Verna,Fire Station Verna
2026-01-17T00:18:37.566Z,GA 07 G 9909-VRN(ADVANCE MULTI-PURPOSE),15.36974,73.9360833,0,STOP,At Fire Station Verna,Fire Station Verna
2026-01-17T00:18:37.566Z,GA 07 G 1942-VAP(QUICK RESPONSE),15.5310033,74.138745,0,STOP,At Fire Station Valpoi ,Fire Station Valpoi
2026-01-17T00:18:37.566Z,GA 07 G 2003-CUR(QUICK RESPONSE),15.2604016,74.1031166,0,STOP,At Fire Station Curchorem,Fire Station Curchorem
2026-01-17T00:18:37.566Z,GA 07 G 7447-CUR(EMERGENCY RESCUE),15.260415,74.10376,0,STOP,At Fire Station Curchorem,Fire Station Curchorem
2026-01-17T00:18:37.566Z,GA 07 G 7557-CUR(WATER TENDER),15.2604083,74.1034266,0,STOP,At Fire Station Curchorem,Fire Station Curchorem
2026-01-17T00:18:37.566Z,GA 07 G 7667-CUR(WATER BOUSER),15.2602533,74.1037266,0,STOP,At Fire Station Curchorem,Fire Station Curchorem
2026-01-17T00:18:37.566Z,GA 07 G 4989-KUN(WATER TENDER),15.4632383,73.9724617,0,STOP,At Fire Station Kundaim,Fire Station Kundaim
2026-01-17T00:18:37.566Z,GA 07 G 2242-PIL(WATER TENDER),15.5329344,73.7940983,0,STOP,At Fire Station Pilerne,Fire Station Pilerne
2026-01-17T00:18:37.566Z,GA 07 G 0681-MAP(QUICK RESPONSE),15.58978,73.808805,0,STOP,At Fire Station Mapusa,Fire Station Mapusa
2026-01-17T00:18:37.566Z,GA 07 G 0307-PER(QUICK RESPONSE),15.7164939,73.7974239,0,INACTIVE,At Fire Station Pernem,Fire Station Pernem
2026-01-17T00:18:37.566Z,GA 07 G 2101-PER(MS WATER TENDER),15.7164572,73.7975456,0,STOP,At Fire Station Pernem,Fire Station Pernem
2026-01-17T00:18:37.566Z,GA 07 G 4600-PER(MINI RESCUE TENDER),15.7165267,73.7975289,0,STOP,At Fire Station Pernem,Fire Station Pernem
2026-01-17T00:18:37.566Z,GA 07 G 7272-PNJ(WATER TENDER),15.4880722,73.8173878,0,STOP,"Goa College of Home Science, Dayanand Bandodkar Road, Opposite Parade Ground Campal,, Panaji, Goa (SE)",Fire Station Panaji
2026-01-17T00:18:37.566Z,GA07G2384- Cuncolim,15.1861639,74.0211006,0,STOP,At Fire Station Cuncolim,Fire Station Cuncolim
2026-01-17T00:18:37.566Z,GA07G2507 - PER Mid Size (Water Tender),15.716485,73.7975017,0,STOP,At Fire Station Pernem,Fire Station Pernem
2026-01-17T00:18:37.566Z,GA07G2505 - VAP Mid Size (Water Tender),15.5309717,74.1385667,0,STOP,At Fire Station Valpoi ,Fire Station Valpoi
2026-01-17T00:18:37.566Z,GA07G2504 - BIC Mid Size (Water Tender),15.589485,73.9466967,0,STOP,At Fire Station Bicholim ,Fire Station Bicholim
2026-01-17T00:18:37.566Z,GA07G2503- MAP Mid Size (Water Tender),15.5899483,73.808635,0,STOP,At Fire Station Mapusa,Fire Station Mapusa
2026-01-17T00:18:37.566Z,GA07G2502 - FFHQ Mid Size (Water Tender),15.4868,73.8171867,0,STOP,"Caculo Mall, 16 Shanta, St Inez Rd, Caculo Enclave, Santa Inez, Panaji, Goa (NW)",Fire Force Headquarters
2026-01-17T00:19:36.379Z,GA 07 G 0680-PIL(QUICK RESPONSE VEHICLE),15.52289,73.8294267,0,STOP,At Porvorim Fire Station,Fire Station Pilerne
2026-01-17T00:19:36.379Z,GA07G2506 - OLG Mid Size (Water Tender),15.500308,73.91407,0,STOP,At Fire Station Old Goa,Fire Station Old Goa
2026-01-17T00:19:36.379Z,GA 07 G 5115-POR(MINI WATER TENDER),15.52334,73.829453,0,STOP,At Porvorim Fire Station,Fire Station Porvorim
2026-01-17T00:19:36.379Z,GA 07 G 0350-MRG(WATER TENDER),15.269438,73.970627,0,STOP,At Fire Station Margoa,Fire Station Margao
2026-01-17T00:19:36.379Z,GA 07 G 2900-MAP(MINI RESCUE TENDER),15.58999,73.808624,0,STOP,At Fire Station Mapusa,Fire Station Mapusa
2026-01-17T00:19:36.379Z,GA 07 G 7600-FFHQ(WATER BOUSER),15.487422,73.817444,0,STOP,"Caculo Mall, 16 Shanta, St Inez Rd, Caculo Enclave, Santa Inez, Panaji, Goa (NW)",Fire Force Headquarters
2026-01-17T00:19:36.379Z,GA 07 G 2002-FFHQ(TURN TABLE LADDER),15.487413,73.817276,0,STOP,"Caculo Mall, 16 Shanta, St Inez Rd, Caculo Enclave, Santa Inez, Panaji, Goa (NW)",Fire Force Headquarters
2026-01-17T00:19:36.379Z,GA 07 G 7101-FFHQ(WATER TENDER),15.48682,73.816971,0,STOP,"Caculo Mall, 16 Shanta, St Inez Rd, Caculo Enclave, Santa Inez, Panaji, Goa (NW)",Fire Force Headquarters
2026-01-17T00:19:36.379Z,GA 07 G 7677-FFHQ(EMERGENCY RESCUE),15.487177,73.817001,0,STOP,"Caculo Mall, 16 Shanta, St Inez Rd, Caculo Enclave, Santa Inez, Panaji, Goa (NW)",Fire Force Headquarters
2026-01-17T00:19:36.379Z,GA 07 G 1121-PNJ(EMERGENCY RESCUE),15.487333,73.817299,0,STOP,"Caculo Mall, 16 Shanta, St Inez Rd, Caculo Enclave, Santa Inez, Panaji, Goa (NW)",Fire Station Panaji
2026-01-17T00:19:36.379Z,GA 07 G 1571-FFHQ(QUICK RESPONSE),15.486457,73.817513,0,STOP,"Caculo Mall, 16 Shanta, St Inez Rd, Caculo Enclave, Santa Inez, Panaji, Goa (SW)",Fire Force Headquarters
2026-01-17T00:19:36.379Z,GA 07 G 8101-MAP(WATER TENDER),15.589972,73.808624,0,STOP,At Fire Station Mapusa,Fire Station Mapusa
2026-01-17T00:19:36.379Z,GA 07 G 2317-MRG(EMERGENCY RESCUE TENDER),15.2694116,73.9701666,0,STOP,At Fire Station Margoa,Fire Station Margao
2026-01-17T00:19:36.379Z,GA 07 G 1570-VAS(QUICK RESPONSE FIRE TENDER),15.3887733,73.8513266,0,STOP,At Fire Station Vasco,Fire Station Vasco
2026-01-17T00:19:36.379Z,GA 07 G 4101-VAS(MS WATER TENDER),15.3888166,73.851285,0,STOP,At Fire Station Vasco,Fire Station Vasco
2026-01-17T00:19:36.379Z,GA 07 G 0819-VAS(WATER/FOAM TENDER),15.38905,73.8510983,0,IDLE,At Fire Station Vasco,Fire Station Vasco
2026-01-17T00:19:36.379Z,GA 07 G 7100-MRG(WATER BOUSER),15.269415,73.969995,0,STOP,At Fire Station Margoa,Fire Station Margao
2026-01-17T00:19:36.379Z,GA 07 G 1568-MRG(QUICK RESPONSE ),15.2693416,73.9705166,0,STOP,At Fire Station Margoa,Fire Station Margao
2026-01-17T00:19:36.379Z,GA 07 G 6101-MRG(WATER TENDER),15.2694116,73.970255,0,STOP,At Fire Station Margoa,Fire Station Margao
2026-01-17T00:19:36.379Z,GA 07 G 1001-MRG(AERIAL LADDER PLATFORM),15.26938,73.9701583,0,STOP,At Fire Station Margoa,Fire Station Margao
2026-01-17T00:19:36.379Z,GA 07 G 0820-BIC(WATER TEDNER),15.4027967,74.0028217,0,STOP,At Fire Station Ponda ,Fire Station Bicholim
2026-01-17T00:19:36.379Z,GA 07 G 5101-OLG(MS WATER TENDER),15.500265,73.9139483,0,STOP,At Fire Station Old Goa,Fire Station Old Goa
2026-01-17T00:19:36.379Z,GA 07 G 3101-BIC(MS WATER TENDER),15.5893433,73.9465416,0,STOP,At Fire Station Bicholim ,Fire Station Bicholim
2026-01-17T00:19:36.379Z,GA 07 G 1941-BIC(QUICK RESPONSE),15.5894533,73.9467116,0,STOP,At Fire Station Bicholim ,Fire Station Bicholim
2026-01-17T00:19:36.379Z,GA 07 G 2319-VAS (EMERGENCY RESCUE TENDER),15.3900983,73.8532383,0,STOP,"Zuari Rd, Holy Cross Colony, Dabolim, Goa (SE)",Fire Station Vasco
2026-01-17T00:19:36.379Z,GA 07 G 3737-VAP(WATER TENDER),15.5310533,74.1388916,0,STOP,At Fire Station Valpoi ,Fire Station Valpoi
2026-01-17T00:19:36.379Z,GA 07 G 2318-PND(EMERGENCY RESCUE TENDER),15.4028033,74.00293,0,STOP,At Fire Station Ponda ,Fire Station Ponda
2026-01-17T00:19:36.379Z,GA 07 G 2004-PND(QUICK RESPONSE),15.4141016,73.9073083,0,INACTIVE,"Guru Hotel, Old Ferry Road, Agaçaim, Goa (SE)",Fire Station Ponda
2026-01-17T00:19:36.379Z,GA 07 G 9101-PND(WATER TENDER),15.4027033,74.0028733,0,STOP,At Fire Station Ponda ,Fire Station Ponda
2026-01-17T00:19:36.379Z,GA 07 G 9797-PND(WATER BOUSER),15.4027999,74.0027016,0,STOP,At Fire Station Ponda ,Fire Station Ponda
2026-01-17T00:19:36.379Z,GA 07 G 6363-CAN(WATER TENDER),15.02361,74.04406,0,INACTIVE,"Canacona, The Lalitrajbaga ,Canacona, Canacona, Goa (NE)",Fire Station Canacona
2026-01-17T00:19:36.379Z,GA 07 G 1567-CAN(QUICK RESPONSE FT),15.0233599,74.0440833,0,INACTIVE,"Canacona, The Lalitrajbaga ,Canacona, Canacona, Goa (NE)",Fire Station Canacona
2026-01-17T00:19:36.379Z,GA 07 G 1569-VRN(QUICK RESPONSE),15.369545,73.9355216,0,STOP,At Fire Station Verna,Fire Station Verna
2026-01-17T00:19:36.379Z,GA 07 G 9909-VRN(ADVANCE MULTI-PURPOSE),15.36974,73.9360833,0,STOP,At Fire Station Verna,Fire Station Verna
2026-01-17T00:19:36.379Z,GA 07 G 1942-VAP(QUICK RESPONSE),15.5310033,74.138745,0,STOP,At Fire Station Valpoi ,Fire Station Valpoi
2026-01-17T00:19:36.379Z,GA 07 G 2003-CUR(QUICK RESPONSE),15.2604016,74.1031166,0,STOP,At Fire Station Curchorem,Fire Station Curchorem
2026-01-17T00:19:36.379Z,GA 07 G 7447-CUR(EMERGENCY RESCUE),15.260415,74.10376,0,STOP,At Fire Station Curchorem,Fire Station Curchorem
2026-01-17T00:19:36.379Z,GA 07 G 7557-CUR(WATER TENDER),15.2604083,74.1034266,0,STOP,At Fire Station Curchorem,Fire Station Curchorem
2026-01-17T00:19:36.379Z,GA 07 G 7667-CUR(WATER BOUSER),15.2602533,74.1037266,0,STOP,At Fire Station Curchorem,Fire Station Curchorem
2026-01-17T00:19:36.379Z,GA 07 G 4989-KUN(WATER TENDER),15.4632383,73.9724617,0,STOP,At Fire Station Kundaim,Fire Station Kundaim
2026-01-17T00:19:36.379Z,GA 07 G 2242-PIL(WATER TENDER),15.5329344,73.7940983,0,STOP,At Fire Station Pilerne,Fire Station Pilerne
2026-01-17T00:19:36.379Z,GA 07 G 0681-MAP(QUICK RESPONSE),15.58978,73.808805,0,STOP,At Fire Station Mapusa,Fire Station Mapusa
2026-01-17T00:19:36.379Z,GA 07 G 0307-PER(QUICK RESPONSE),15.7164939,73.7974239,0,INACTIVE,At Fire Station Pernem,Fire Station Pernem
2026-01-17T00:19:36.379Z,GA 07 G 2101-PER(MS WATER TENDER),15.7164572,73.7975456,0,STOP,At Fire Station Pernem,Fire Station Pernem
2026-01-17T00:19:36.379Z,GA 07 G 4600-PER(MINI RESCUE TENDER),15.7165267,73.7975289,0,STOP,At Fire Station Pernem,Fire Station Pernem
2026-01-17T00:19:36.379Z,GA 07 G 7272-PNJ(WATER TENDER),15.4880722,73.8173878,0,STOP,"Goa College of Home Science, Dayanand Bandodkar Road, Opposite Parade Ground Campal,, Panaji, Goa (SE)",Fire Station Panaji
2026-01-17T00:19:36.379Z,GA07G2384- Cuncolim,15.1861639,74.0211006,0,STOP,At Fire Station Cuncolim,Fire Station Cuncolim
2026-01-17T00:19:36.379Z,GA07G2507 - PER Mid Size (Water Tender),15.716485,73.7975017,0,STOP,At Fire Station Pernem,Fire Station Pernem
2026-01-17T00:19:36.379Z,GA07G2505 - VAP Mid Size (Water Tender),15.5309717,74.1385667,0,STOP,At Fire Station Valpoi ,Fire Station Valpoi
2026-01-17T00:19:36.379Z,GA07G2504 - BIC Mid Size (Water Tender),15.589485,73.9466967,0,STOP,At Fire Station Bicholim ,Fire Station Bicholim
2026-01-17T00:19:36.379Z,GA07G2503- MAP Mid Size (Water Tender),15.5899483,73.808635,0,STOP,At Fire Station Mapusa,Fire Station Mapusa
2026-01-17T00:19:36.379Z,GA07G2502 - FFHQ Mid Size (Water Tender),15.4868,73.8171867,0,STOP,"Caculo Mall, 16 Shanta, St Inez Rd, Caculo Enclave, Santa Inez, Panaji, Goa (NW)",Fire Force Headquarters
2026-01-17T00:20:43.829Z,GA 07 G 0680-PIL(QUICK RESPONSE VEHICLE),15.52289,73.8294267,0,STOP,At Porvorim Fire Station,Fire Station Pilerne
2026-01-17T00:20:43.829Z,GA07G2506 - OLG Mid Size (Water Tender),15.500308,73.91407,0,STOP,At Fire Station Old Goa,Fire Station Old Goa
2026-01-17T00:20:43.829Z,GA 07 G 5115-POR(MINI WATER TENDER),15.52334,73.829453,0,STOP,At Porvorim Fire Station,Fire Station Porvorim
2026-01-17T00:20:43.829Z,GA 07 G 0350-MRG(WATER TENDER),15.269438,73.970627,0,STOP,At Fire Station Margoa,Fire Station Margao
2026-01-17T00:20:43.829Z,GA 07 G 2900-MAP(MINI RESCUE TENDER),15.58999,73.808624,0,STOP,At Fire Station Mapusa,Fire Station Mapusa
2026-01-17T00:20:43.829Z,GA 07 G 7600-FFHQ(WATER BOUSER),15.487422,73.817444,0,STOP,"Caculo Mall, 16 Shanta, St Inez Rd, Caculo Enclave, Santa Inez, Panaji, Goa (NW)",Fire Force Headquarters
2026-01-17T00:20:43.829Z,GA 07 G 2002-FFHQ(TURN TABLE LADDER),15.487413,73.817276,0,STOP,"Caculo Mall, 16 Shanta, St Inez Rd, Caculo Enclave, Santa Inez, Panaji, Goa (NW)",Fire Force Headquarters
2026-01-17T00:20:43.829Z,GA 07 G 7101-FFHQ(WATER TENDER),15.48682,73.816971,0,STOP,"Caculo Mall, 16 Shanta, St Inez Rd, Caculo Enclave, Santa Inez, Panaji, Goa (NW)",Fire Force Headquarters
2026-01-17T00:20:43.829Z,GA 07 G 7677-FFHQ(EMERGENCY RESCUE),15.487177,73.817001,0,STOP,"Caculo Mall, 16 Shanta, St Inez Rd, Caculo Enclave, Santa Inez, Panaji, Goa (NW)",Fire Force Headquarters
2026-01-17T00:20:43.829Z,GA 07 G 1121-PNJ(EMERGENCY RESCUE),15.487333,73.817299,0,STOP,"Caculo Mall, 16 Shanta, St Inez Rd, Caculo Enclave, Santa Inez, Panaji, Goa (NW)",Fire Station Panaji
2026-01-17T00:20:43.829Z,GA 07 G 1571-FFHQ(QUICK RESPONSE),15.486457,73.817513,0,STOP,"Caculo Mall, 16 Shanta, St Inez Rd, Caculo Enclave, Santa Inez, Panaji, Goa (SW)",Fire Force Headquarters
2026-01-17T00:20:43.829Z,GA 07 G 8101-MAP(WATER TENDER),15.589972,73.808624,0,STOP,At Fire Station Mapusa,Fire Station Mapusa
2026-01-17T00:20:43.829Z,GA 07 G 2317-MRG(EMERGENCY RESCUE TENDER),15.2694116,73.9701666,0,STOP,At Fire Station Margoa,Fire Station Margao
2026-01-17T00:20:43.829Z,GA 07 G 1570-VAS(QUICK RESPONSE FIRE TENDER),15.3887733,73.8513266,0,STOP,At Fire Station Vasco,Fire Station Vasco
2026-01-17T00:20:43.829Z,GA 07 G 4101-VAS(MS WATER TENDER),15.3888166,73.851285,0,STOP,At Fire Station Vasco,Fire Station Vasco
2026-01-17T00:20:43.829Z,GA 07 G 0819-VAS(WATER/FOAM TENDER),15.38905,73.8510983,0,IDLE,At Fire Station Vasco,Fire Station Vasco
2026-01-17T00:20:43.829Z,GA 07 G 7100-MRG(WATER BOUSER),15.269415,73.969995,0,STOP,At Fire Station Margoa,Fire Station Margao
2026-01-17T00:20:43.829Z,GA 07 G 1568-MRG(QUICK RESPONSE ),15.2693416,73.9705166,0,STOP,At Fire Station Margoa,Fire Station Margao
2026-01-17T00:20:43.829Z,GA 07 G 6101-MRG(WATER TENDER),15.2694116,73.970255,0,STOP,At Fire Station Margoa,Fire Station Margao
2026-01-17T00:20:43.829Z,GA 07 G 1001-MRG(AERIAL LADDER PLATFORM),15.26938,73.9701583,0,STOP,At Fire Station Margoa,Fire Station Margao
2026-01-17T00:20:43.829Z,GA 07 G 0820-BIC(WATER TEDNER),15.4027967,74.0028217,0,STOP,At Fire Station Ponda ,Fire Station Bicholim
2026-01-17T00:20:43.829Z,GA 07 G 5101-OLG(MS WATER TENDER),15.500265,73.9139483,0,STOP,At Fire Station Old Goa,Fire Station Old Goa
2026-01-17T00:20:43.829Z,GA 07 G 3101-BIC(MS WATER TENDER),15.5893433,73.9465416,0,STOP,At Fire Station Bicholim ,Fire Station Bicholim
2026-01-17T00:20:43.829Z,GA 07 G 1941-BIC(QUICK RESPONSE),15.5894533,73.9467116,0,STOP,At Fire Station Bicholim ,Fire Station Bicholim
2026-01-17T00:20:43.829Z,GA 07 G 2319-VAS (EMERGENCY RESCUE TENDER),15.3900983,73.8532383,0,STOP,"Zuari Rd, Holy Cross Colony, Dabolim, Goa (SE)",Fire Station Vasco
2026-01-17T00:20:43.829Z,GA 07 G 3737-VAP(WATER TENDER),15.5310533,74.1388916,0,STOP,At Fire Station Valpoi ,Fire Station Valpoi
2026-01-17T00:20:43.829Z,GA 07 G 2318-PND(EMERGENCY RESCUE TENDER),15.4028033,74.00293,0,STOP,At Fire Station Ponda ,Fire Station Ponda
2026-01-17T00:20:43.829Z,GA 07 G 2004-PND(QUICK RESPONSE),15.4141016,73.9073083,0,INACTIVE,"Guru Hotel, Old Ferry Road, Agaçaim, Goa (SE)",Fire Station Ponda
2026-01-17T00:20:43.829Z,GA 07 G 9101-PND(WATER TENDER),15.4027033,74.0028733,0,STOP,At Fire Station Ponda ,Fire Station Ponda
2026-01-17T00:20:43.829Z,GA 07 G 9797-PND(WATER BOUSER),15.4027999,74.0027016,0,STOP,At Fire Station Ponda ,Fire Station Ponda
2026-01-17T00:20:43.829Z,GA 07 G 6363-CAN(WATER TENDER),15.02361,74.04406,0,INACTIVE,"Canacona, The Lalitrajbaga ,Canacona, Canacona, Goa (NE)",Fire Station Canacona
2026-01-17T00:20:43.829Z,GA 07 G 1567-CAN(QUICK RESPONSE FT),15.0233599,74.0440833,0,INACTIVE,"Canacona, The Lalitrajbaga ,Canacona, Canacona, Goa (NE)",Fire Station Canacona
2026-01-17T00:20:43.829Z,GA 07 G 1569-VRN(QUICK RESPONSE),15.369545,73.9355216,0,STOP,At Fire Station Verna,Fire Station Verna
2026-01-17T00:20:43.829Z,GA 07 G 9909-VRN(ADVANCE MULTI-PURPOSE),15.36974,73.9360833,0,STOP,At Fire Station Verna,Fire Station Verna
2026-01-17T00:20:43.829Z,GA 07 G 1942-VAP(QUICK RESPONSE),15.5310033,74.138745,0,STOP,At Fire Station Valpoi ,Fire Station Valpoi
2026-01-17T00:20:43.829Z,GA 07 G 2003-CUR(QUICK RESPONSE),15.2604016,74.1031166,0,STOP,At Fire Station Curchorem,Fire Station Curchorem
2026-01-17T00:20:43.829Z,GA 07 G 7447-CUR(EMERGENCY RESCUE),15.260415,74.10376,0,STOP,At Fire Station Curchorem,Fire Station Curchorem
2026-01-17T00:20:43.829Z,GA 07 G 7557-CUR(WATER TENDER),15.2604083,74.1034266,0,STOP,At Fire Station Curchorem,Fire Station Curchorem
2026-01-17T00:20:43.829Z,GA 07 G 7667-CUR(WATER BOUSER),15.2602533,74.1037266,0,STOP,At Fire Station Curchorem,Fire Station Curchorem
2026-01-17T00:20:43.829Z,GA 07 G 4989-KUN(WATER TENDER),15.4632383,73.9724617,0,STOP,At Fire Station Kundaim,Fire Station Kundaim
2026-01-17T00:20:43.829Z,GA 07 G 2242-PIL(WATER TENDER),15.5329344,73.7940983,0,STOP,At Fire Station Pilerne,Fire Station Pilerne
2026-01-17T00:20:43.829Z,GA 07 G 0681-MAP(QUICK RESPONSE),15.58978,73.808805,0,STOP,At Fire Station Mapusa,Fire Station Mapusa
2026-01-17T00:20:43.829Z,GA 07 G 0307-PER(QUICK RESPONSE),15.7164939,73.7974239,0,INACTIVE,At Fire Station Pernem,Fire Station Pernem
2026-01-17T00:20:43.829Z,GA 07 G 2101-PER(MS WATER TENDER),15.7164572,73.7975456,0,STOP,At Fire Station Pernem,Fire Station Pernem
2026-01-17T00:20:43.829Z,GA 07 G 4600-PER(MINI RESCUE TENDER),15.7165267,73.7975289,0,STOP,At Fire Station Pernem,Fire Station Pernem
2026-01-17T00:20:43.829Z,GA 07 G 7272-PNJ(WATER TENDER),15.4880722,73.8173878,0,STOP,"Goa College of Home Science, Dayanand Bandodkar Road, Opposite Parade Ground Campal,, Panaji, Goa (SE)",Fire Station Panaji
2026-01-17T00:20:43.829Z,GA07G2384- Cuncolim,15.1861639,74.0211006,0,STOP,At Fire Station Cuncolim,Fire Station Cuncolim
2026-01-17T00:20:43.829Z,GA07G2507 - PER Mid Size (Water Tender),15.716485,73.7975017,0,STOP,At Fire Station Pernem,Fire Station Pernem
2026-01-17T00:20:43.829Z,GA07G2505 - VAP Mid Size (Water Tender),15.5309717,74.1385667,0,STOP,At Fire Station Valpoi ,Fire Station Valpoi
2026-01-17T00:20:43.829Z,GA07G2504 - BIC Mid Size (Water Tender),15.589485,73.9466967,0,STOP,At Fire Station Bicholim ,Fire Station Bicholim
2026-01-17T00:20:43.829Z,GA07G2503- MAP Mid Size (Water Tender),15.5899483,73.808635,0,STOP,At Fire Station Mapusa,Fire Station Mapusa
2026-01-17T00:20:43.829Z,GA07G2502 - FFHQ Mid Size (Water Tender),15.4868,73.8171867,0,STOP,"Caculo Mall, 16 Shanta, St Inez Rd, Caculo Enclave, Santa Inez, Panaji, Goa (NW)",Fire Force Headquarters
2026-01-17T00:21:46.035Z,GA 07 G 0680-PIL(QUICK RESPONSE VEHICLE),15.52289,73.8294267,0,STOP,At Porvorim Fire Station,Fire Station Pilerne
2026-01-17T00:21:46.035Z,GA07G2506 - OLG Mid Size (Water Tender),15.500308,73.91407,0,STOP,At Fire Station Old Goa,Fire Station Old Goa
2026-01-17T00:21:46.035Z,GA 07 G 5115-POR(MINI WATER TENDER),15.52334,73.829453,0,STOP,At Porvorim Fire Station,Fire Station Porvorim
2026-01-17T00:21:46.035Z,GA 07 G 0350-MRG(WATER TENDER),15.269438,73.970627,0,STOP,At Fire Station Margoa,Fire Station Margao
2026-01-17T00:21:46.035Z,GA 07 G 2900-MAP(MINI RESCUE TENDER),15.58999,73.808624,0,STOP,At Fire Station Mapusa,Fire Station Mapusa
2026-01-17T00:21:46.035Z,GA 07 G 7600-FFHQ(WATER BOUSER),15.487422,73.817444,0,STOP,"Caculo Mall, 16 Shanta, St Inez Rd, Caculo Enclave, Santa Inez, Panaji, Goa (NW)",Fire Force Headquarters
2026-01-17T00:21:46.035Z,GA 07 G 2002-FFHQ(TURN TABLE LADDER),15.487413,73.817276,0,STOP,"Caculo Mall, 16 Shanta, St Inez Rd, Caculo Enclave, Santa Inez, Panaji, Goa (NW)",Fire Force Headquarters
2026-01-17T00:21:46.035Z,GA 07 G 7101-FFHQ(WATER TENDER),15.48682,73.816971,0,STOP,"Caculo Mall, 16 Shanta, St Inez Rd, Caculo Enclave, Santa Inez, Panaji, Goa (NW)",Fire Force Headquarters
2026-01-17T00:21:46.035Z,GA 07 G 7677-FFHQ(EMERGENCY RESCUE),15.487177,73.817001,0,STOP,"Caculo Mall, 16 Shanta, St Inez Rd, Caculo Enclave, Santa Inez, Panaji, Goa (NW)",Fire Force Headquarters
2026-01-17T00:21:46.035Z,GA 07 G 1121-PNJ(EMERGENCY RESCUE),15.487333,73.817299,0,STOP,"Caculo Mall, 16 Shanta, St Inez Rd, Caculo Enclave, Santa Inez, Panaji, Goa (NW)",Fire Station Panaji
2026-01-17T00:21:46.035Z,GA 07 G 1571-FFHQ(QUICK RESPONSE),15.486457,73.817513,0,STOP,"Caculo Mall, 16 Shanta, St Inez Rd, Caculo Enclave, Santa Inez, Panaji, Goa (SW)",Fire Force Headquarters
2026-01-17T00:21:46.035Z,GA 07 G 8101-MAP(WATER TENDER),15.589972,73.808624,0,STOP,At Fire Station Mapusa,Fire Station Mapusa
2026-01-17T00:21:46.035Z,GA 07 G 2317-MRG(EMERGENCY RESCUE TENDER),15.2694116,73.9701666,0,STOP,At Fire Station Margoa,Fire Station Margao
2026-01-17T00:21:46.035Z,GA 07 G 1570-VAS(QUICK RESPONSE FIRE TENDER),15.3887733,73.8513266,0,STOP,At Fire Station Vasco,Fire Station Vasco
2026-01-17T00:21:46.035Z,GA 07 G 4101-VAS(MS WATER TENDER),15.3888166,73.851285,0,STOP,At Fire Station Vasco,Fire Station Vasco
2026-01-17T00:21:46.035Z,GA 07 G 0819-VAS(WATER/FOAM TENDER),15.38905,73.8510983,0,IDLE,At Fire Station Vasco,Fire Station Vasco
2026-01-17T00:21:46.035Z,GA 07 G 7100-MRG(WATER BOUSER),15.269415,73.969995,0,STOP,At Fire Station Margoa,Fire Station Margao
2026-01-17T00:21:46.035Z,GA 07 G 1568-MRG(QUICK RESPONSE ),15.2693416,73.9705166,0,STOP,At Fire Station Margoa,Fire Station Margao
2026-01-17T00:21:46.035Z,GA 07 G 6101-MRG(WATER TENDER),15.2694116,73.970255,0,STOP,At Fire Station Margoa,Fire Station Margao
2026-01-17T00:21:46.035Z,GA 07 G 1001-MRG(AERIAL LADDER PLATFORM),15.26938,73.9701583,0,STOP,At Fire Station Margoa,Fire Station Margao
2026-01-17T00:21:46.035Z,GA 07 G 0820-BIC(WATER TEDNER),15.4027967,74.0028217,0,STOP,At Fire Station Ponda ,Fire Station Bicholim
2026-01-17T00:21:46.035Z,GA 07 G 5101-OLG(MS WATER TENDER),15.500265,73.9139483,0,STOP,At Fire Station Old Goa,Fire Station Old Goa
2026-01-17T00:21:46.035Z,GA 07 G 3101-BIC(MS WATER TENDER),15.5893433,73.9465416,0,STOP,At Fire Station Bicholim ,Fire Station Bicholim
2026-01-17T00:21:46.035Z,GA 07 G 1941-BIC(QUICK RESPONSE),15.5894533,73.9467116,0,STOP,At Fire Station Bicholim ,Fire Station Bicholim
2026-01-17T00:21:46.035Z,GA 07 G 2319-VAS (EMERGENCY RESCUE TENDER),15.3900983,73.8532383,0,STOP,"Zuari Rd, Holy Cross Colony, Dabolim, Goa (SE)",Fire Station Vasco
2026-01-17T00:21:46.035Z,GA 07 G 3737-VAP(WATER TENDER),15.5310533,74.1388916,0,STOP,At Fire Station Valpoi ,Fire Station Valpoi
2026-01-17T00:21:46.035Z,GA 07 G 2318-PND(EMERGENCY RESCUE TENDER),15.4028033,74.00293,0,STOP,At Fire Station Ponda ,Fire Station Ponda
2026-01-17T00:21:46.035Z,GA 07 G 2004-PND(QUICK RESPONSE),15.4141016,73.9073083,0,INACTIVE,"Guru Hotel, Old Ferry Road, Agaçaim, Goa (SE)",Fire Station Ponda
2026-01-17T00:21:46.035Z,GA 07 G 9101-PND(WATER TENDER),15.4027033,74.0028733,0,STOP,At Fire Station Ponda ,Fire Station Ponda
2026-01-17T00:21:46.035Z,GA 07 G 9797-PND(WATER BOUSER),15.4027999,74.0027016,0,STOP,At Fire Station Ponda ,Fire Station Ponda
2026-01-17T00:21:46.035Z,GA 07 G 6363-CAN(WATER TENDER),15.02361,74.04406,0,INACTIVE,"Canacona, The Lalitrajbaga ,Canacona, Canacona, Goa (NE)",Fire Station Canacona
2026-01-17T00:21:46.035Z,GA 07 G 1567-CAN(QUICK RESPONSE FT),15.0233599,74.0440833,0,INACTIVE,"Canacona, The Lalitrajbaga ,Canacona, Canacona, Goa (NE)",Fire Station Canacona
2026-01-17T00:21:46.035Z,GA 07 G 1569-VRN(QUICK RESPONSE),15.369545,73.9355216,0,STOP,At Fire Station Verna,Fire Station Verna
2026-01-17T00:21:46.035Z,GA 07 G 9909-VRN(ADVANCE MULTI-PURPOSE),15.36974,73.9360833,0,STOP,At Fire Station Verna,Fire Station Verna
2026-01-17T00:21:46.035Z,GA 07 G 1942-VAP(QUICK RESPONSE),15.5310033,74.138745,0,STOP,At Fire Station Valpoi ,Fire Station Valpoi
2026-01-17T00:21:46.035Z,GA 07 G 2003-CUR(QUICK RESPONSE),15.2604016,74.1031166,0,STOP,At Fire Station Curchorem,Fire Station Curchorem
2026-01-17T00:21:46.035Z,GA 07 G 7447-CUR(EMERGENCY RESCUE),15.260415,74.10376,0,STOP,At Fire Station Curchorem,Fire Station Curchorem
2026-01-17T00:21:46.035Z,GA 07 G 7557-CUR(WATER TENDER),15.2604083,74.1034266,0,STOP,At Fire Station Curchorem,Fire Station Curchorem
2026-01-17T00:21:46.035Z,GA 07 G 7667-CUR(WATER BOUSER),15.2602533,74.1037266,0,STOP,At Fire Station Curchorem,Fire Station Curchorem
2026-01-17T00:21:46.035Z,GA 07 G 4989-KUN(WATER TENDER),15.4632383,73.9724617,0,STOP,At Fire Station Kundaim,Fire Station Kundaim
2026-01-17T00:21:46.035Z,GA 07 G 2242-PIL(WATER TENDER),15.5329344,73.7940983,0,STOP,At Fire Station Pilerne,Fire Station Pilerne
2026-01-17T00:21:46.035Z,GA 07 G 0681-MAP(QUICK RESPONSE),15.58978,73.808805,0,STOP,At Fire Station Mapusa,Fire Station Mapusa
2026-01-17T00:21:46.035Z,GA 07 G 0307-PER(QUICK RESPONSE),15.7164939,73.7974239,0,INACTIVE,At Fire Station Pernem,Fire Station Pernem
2026-01-17T00:21:46.035Z,GA 07 G 2101-PER(MS WATER TENDER),15.7164572,73.7975456,0,STOP,At Fire Station Pernem,Fire Station Pernem
2026-01-17T00:21:46.035Z,GA 07 G 4600-PER(MINI RESCUE TENDER),15.7165267,73.7975289,0,STOP,At Fire Station Pernem,Fire Station Pernem
2026-01-17T00:21:46.035Z,GA 07 G 7272-PNJ(WATER TENDER),15.4880722,73.8173878,0,STOP,"Goa College of Home Science, Dayanand Bandodkar Road, Opposite Parade Ground Campal,, Panaji, Goa (SE)",Fire Station Panaji
2026-01-17T00:21:46.035Z,GA07G2384- Cuncolim,15.1861639,74.0211006,0,STOP,At Fire Station Cuncolim,Fire Station Cuncolim
2026-01-17T00:21:46.035Z,GA07G2507 - PER Mid Size (Water Tender),15.716485,73.7975017,0,STOP,At Fire Station Pernem,Fire Station Pernem
2026-01-17T00:21:46.035Z,GA07G2505 - VAP Mid Size (Water Tender),15.5309717,74.1385667,0,STOP,At Fire Station Valpoi ,Fire Station Valpoi
2026-01-17T00:21:46.035Z,GA07G2504 - BIC Mid Size (Water Tender),15.589485,73.9466967,0,STOP,At Fire Station Bicholim ,Fire Station Bicholim
2026-01-17T00:21:46.035Z,GA07G2503- MAP Mid Size (Water Tender),15.5899483,73.808635,0,STOP,At Fire Station Mapusa,Fire Station Mapusa
2026-01-17T00:21:46.035Z,GA07G2502 - FFHQ Mid Size (Water Tender),15.4868,73.8171867,0,STOP,"Caculo Mall, 16 Shanta, St Inez Rd, Caculo Enclave, Santa Inez, Panaji, Goa (NW)",Fire Force Headquarters
2026-01-17T00:23:08.380Z,GA 07 G 0680-PIL(QUICK RESPONSE VEHICLE),15.52289,73.8294267,0,STOP,At Porvorim Fire Station,Fire Station Pilerne
2026-01-17T00:23:08.380Z,GA07G2506 - OLG Mid Size (Water Tender),15.500308,73.91407,0,STOP,At Fire Station Old Goa,Fire Station Old Goa
2026-01-17T00:23:08.380Z,GA 07 G 5115-POR(MINI WATER TENDER),15.52334,73.829453,0,STOP,At Porvorim Fire Station,Fire Station Porvorim
2026-01-17T00:23:08.380Z,GA 07 G 0350-MRG(WATER TENDER),15.269438,73.970627,0,STOP,At Fire Station Margoa,Fire Station Margao
2026-01-17T00:23:08.380Z,GA 07 G 2900-MAP(MINI RESCUE TENDER),15.58999,73.808624,0,STOP,At Fire Station Mapusa,Fire Station Mapusa
2026-01-17T00:23:08.380Z,GA 07 G 7600-FFHQ(WATER BOUSER),15.487132,73.817329,0,STOP,"Caculo Mall, 16 Shanta, St Inez Rd, Caculo Enclave, Santa Inez, Panaji, Goa (NW)",Fire Force Headquarters
2026-01-17T00:23:08.380Z,GA 07 G 2002-FFHQ(TURN TABLE LADDER),15.487413,73.817276,0,STOP,"Caculo Mall, 16 Shanta, St Inez Rd, Caculo Enclave, Santa Inez, Panaji, Goa (NW)",Fire Force Headquarters
2026-01-17T00:23:08.380Z,GA 07 G 7101-FFHQ(WATER TENDER),15.48682,73.816971,0,STOP,"Caculo Mall, 16 Shanta, St Inez Rd, Caculo Enclave, Santa Inez, Panaji, Goa (NW)",Fire Force Headquarters
2026-01-17T00:23:08.380Z,GA 07 G 7677-FFHQ(EMERGENCY RESCUE),15.487177,73.817001,0,STOP,"Caculo Mall, 16 Shanta, St Inez Rd, Caculo Enclave, Santa Inez, Panaji, Goa (NW)",Fire Force Headquarters
2026-01-17T00:23:08.380Z,GA 07 G 1121-PNJ(EMERGENCY RESCUE),15.487333,73.817299,0,STOP,"Caculo Mall, 16 Shanta, St Inez Rd, Caculo Enclave, Santa Inez, Panaji, Goa (NW)",Fire Station Panaji
2026-01-17T00:23:08.380Z,GA 07 G 1571-FFHQ(QUICK RESPONSE),15.486457,73.817513,0,STOP,"Caculo Mall, 16 Shanta, St Inez Rd, Caculo Enclave, Santa Inez, Panaji, Goa (SW)",Fire Force Headquarters
2026-01-17T00:23:08.380Z,GA 07 G 8101-MAP(WATER TENDER),15.589972,73.808624,0,STOP,At Fire Station Mapusa,Fire Station Mapusa
2026-01-17T00:23:08.380Z,GA 07 G 2317-MRG(EMERGENCY RESCUE TENDER),15.2694116,73.9701666,0,STOP,At Fire Station Margoa,Fire Station Margao
2026-01-17T00:23:08.380Z,GA 07 G 1570-VAS(QUICK RESPONSE FIRE TENDER),15.3887733,73.8513266,0,STOP,At Fire Station Vasco,Fire Station Vasco
2026-01-17T00:23:08.380Z,GA 07 G 4101-VAS(MS WATER TENDER),15.3888166,73.851285,0,STOP,At Fire Station Vasco,Fire Station Vasco
2026-01-17T00:23:08.380Z,GA 07 G 0819-VAS(WATER/FOAM TENDER),15.38905,73.8510983,0,IDLE,At Fire Station Vasco,Fire Station Vasco
2026-01-17T00:23:08.380Z,GA 07 G 7100-MRG(WATER BOUSER),15.269415,73.969995,0,STOP,At Fire Station Margoa,Fire Station Margao
2026-01-17T00:23:08.380Z,GA 07 G 1568-MRG(QUICK RESPONSE ),15.2693416,73.9705166,0,STOP,At Fire Station Margoa,Fire Station Margao
2026-01-17T00:23:08.380Z,GA 07 G 6101-MRG(WATER TENDER),15.2694116,73.970255,0,STOP,At Fire Station Margoa,Fire Station Margao
2026-01-17T00:23:08.380Z,GA 07 G 1001-MRG(AERIAL LADDER PLATFORM),15.26938,73.9701583,0,STOP,At Fire Station Margoa,Fire Station Margao
2026-01-17T00:23:08.380Z,GA 07 G 0820-BIC(WATER TEDNER),15.4027967,74.0028217,0,STOP,At Fire Station Ponda ,Fire Station Bicholim
2026-01-17T00:23:08.380Z,GA 07 G 5101-OLG(MS WATER TENDER),15.500265,73.9139483,0,STOP,At Fire Station Old Goa,Fire Station Old Goa
2026-01-17T00:23:08.380Z,GA 07 G 3101-BIC(MS WATER TENDER),15.5893433,73.9465416,0,STOP,At Fire Station Bicholim ,Fire Station Bicholim
2026-01-17T00:23:08.380Z,GA 07 G 1941-BIC(QUICK RESPONSE),15.5894533,73.9467116,0,STOP,At Fire Station Bicholim ,Fire Station Bicholim
2026-01-17T00:23:08.380Z,GA 07 G 2319-VAS (EMERGENCY RESCUE TENDER),15.3900983,73.8532383,0,STOP,"Zuari Rd, Holy Cross Colony, Dabolim, Goa (SE)",Fire Station Vasco
2026-01-17T00:23:08.380Z,GA 07 G 3737-VAP(WATER TENDER),15.5310533,74.1388916,0,STOP,At Fire Station Valpoi ,Fire Station Valpoi
2026-01-17T00:23:08.380Z,GA 07 G 2318-PND(EMERGENCY RESCUE TENDER),15.4028033,74.00293,0,STOP,At Fire Station Ponda ,Fire Station Ponda
2026-01-17T00:23:08.380Z,GA 07 G 2004-PND(QUICK RESPONSE),15.4141016,73.9073083,0,INACTIVE,"Guru Hotel, Old Ferry Road, Agaçaim, Goa (SE)",Fire Station Ponda
2026-01-17T00:23:08.380Z,GA 07 G 9101-PND(WATER TENDER),15.4027033,74.0028733,0,STOP,At Fire Station Ponda ,Fire Station Ponda
2026-01-17T00:23:08.380Z,GA 07 G 9797-PND(WATER BOUSER),15.4027999,74.0027016,0,STOP,At Fire Station Ponda ,Fire Station Ponda
2026-01-17T00:23:08.380Z,GA 07 G 6363-CAN(WATER TENDER),15.02361,74.04406,0,INACTIVE,"Canacona, The Lalitrajbaga ,Canacona, Canacona, Goa (NE)",Fire Station Canacona
2026-01-17T00:23:08.380Z,GA 07 G 1567-CAN(QUICK RESPONSE FT),15.0233599,74.0440833,0,INACTIVE,"Canacona, The Lalitrajbaga ,Canacona, Canacona, Goa (NE)",Fire Station Canacona
2026-01-17T00:23:08.380Z,GA 07 G 1569-VRN(QUICK RESPONSE),15.369545,73.9355216,0,STOP,At Fire Station Verna,Fire Station Verna
2026-01-17T00:23:08.380Z,GA 07 G 9909-VRN(ADVANCE MULTI-PURPOSE),15.36974,73.9360833,0,STOP,At Fire Station Verna,Fire Station Verna
2026-01-17T00:23:08.380Z,GA 07 G 1942-VAP(QUICK RESPONSE),15.5310033,74.138745,0,STOP,At Fire Station Valpoi ,Fire Station Valpoi
2026-01-17T00:23:08.380Z,GA 07 G 2003-CUR(QUICK RESPONSE),15.2604016,74.1031166,0,STOP,At Fire Station Curchorem,Fire Station Curchorem
2026-01-17T00:23:08.380Z,GA 07 G 7447-CUR(EMERGENCY RESCUE),15.260415,74.10376,0,STOP,At Fire Station Curchorem,Fire Station Curchorem
2026-01-17T00:23:08.380Z,GA 07 G 7557-CUR(WATER TENDER),15.2604083,74.1034266,0,STOP,At Fire Station Curchorem,Fire Station Curchorem
2026-01-17T00:23:08.380Z,GA 07 G 7667-CUR(WATER BOUSER),15.2602533,74.1037266,0,STOP,At Fire Station Curchorem,Fire Station Curchorem
2026-01-17T00:23:08.380Z,GA 07 G 4989-KUN(WATER TENDER),15.4632383,73.9724617,0,STOP,At Fire Station Kundaim,Fire Station Kundaim
2026-01-17T00:23:08.380Z,GA 07 G 2242-PIL(WATER TENDER),15.5329344,73.7940983,0,STOP,At Fire Station Pilerne,Fire Station Pilerne
2026-01-17T00:23:08.380Z,GA 07 G 0681-MAP(QUICK RESPONSE),15.58978,73.808805,0,STOP,At Fire Station Mapusa,Fire Station Mapusa
2026-01-17T00:23:08.380Z,GA 07 G 0307-PER(QUICK RESPONSE),15.7164939,73.7974239,0,INACTIVE,At Fire Station Pernem,Fire Station Pernem
2026-01-17T00:23:08.380Z,GA 07 G 2101-PER(MS WATER TENDER),15.7164572,73.7975456,0,STOP,At Fire Station Pernem,Fire Station Pernem
2026-01-17T00:23:08.380Z,GA 07 G 4600-PER(MINI RESCUE TENDER),15.7165267,73.7975289,0,STOP,At Fire Station Pernem,Fire Station Pernem
2026-01-17T00:23:08.380Z,GA 07 G 7272-PNJ(WATER TENDER),15.4880722,73.8173878,0,STOP,"Goa College of Home Science, Dayanand Bandodkar Road, Opposite Parade Ground Campal,, Panaji, Goa (SE)",Fire Station Panaji
2026-01-17T00:23:08.380Z,GA07G2384- Cuncolim,15.1861639,74.0211006,0,STOP,At Fire Station Cuncolim,Fire Station Cuncolim
2026-01-17T00:23:08.380Z,GA07G2507 - PER Mid Size (Water Tender),15.716485,73.7975017,0,STOP,At Fire Station Pernem,Fire Station Pernem
2026-01-17T00:23:08.380Z,GA07G2505 - VAP Mid Size (Water Tender),15.5309717,74.1385667,0,STOP,At Fire Station Valpoi ,Fire Station Valpoi
2026-01-17T00:23:08.380Z,GA07G2504 - BIC Mid Size (Water Tender),15.589485,73.9466967,0,STOP,At Fire Station Bicholim ,Fire Station Bicholim
2026-01-17T00:23:08.380Z,GA07G2503- MAP Mid Size (Water Tender),15.5899483,73.808635,0,STOP,At Fire Station Mapusa,Fire Station Mapusa
2026-01-17T00:23:08.380Z,GA07G2502 - FFHQ Mid Size (Water Tender),15.4868,73.8171867,0,STOP,"Caculo Mall, 16 Shanta, St Inez Rd, Caculo Enclave, Santa Inez, Panaji, Goa (NW)",Fire Force Headquarters
2026-01-17T00:24:03.135Z,GA 07 G 0680-PIL(QUICK RESPONSE VEHICLE),15.52289,73.8294267,0,STOP,At Porvorim Fire Station,Fire Station Pilerne
2026-01-17T00:24:03.135Z,GA07G2506 - OLG Mid Size (Water Tender),15.500308,73.91407,0,STOP,At Fire Station Old Goa,Fire Station Old Goa
2026-01-17T00:24:03.135Z,GA 07 G 5115-POR(MINI WATER TENDER),15.52334,73.829453,0,STOP,At Porvorim Fire Station,Fire Station Porvorim
2026-01-17T00:24:03.135Z,GA 07 G 0350-MRG(WATER TENDER),15.269438,73.970627,0,STOP,At Fire Station Margoa,Fire Station Margao
2026-01-17T00:24:03.135Z,GA 07 G 2900-MAP(MINI RESCUE TENDER),15.58999,73.808624,0,STOP,At Fire Station Mapusa,Fire Station Mapusa
2026-01-17T00:24:03.135Z,GA 07 G 7600-FFHQ(WATER BOUSER),15.487132,73.817329,0,STOP,"Caculo Mall, 16 Shanta, St Inez Rd, Caculo Enclave, Santa Inez, Panaji, Goa (NW)",Fire Force Headquarters
2026-01-17T00:24:03.135Z,GA 07 G 2002-FFHQ(TURN TABLE LADDER),15.487413,73.817276,0,STOP,"Caculo Mall, 16 Shanta, St Inez Rd, Caculo Enclave, Santa Inez, Panaji, Goa (NW)",Fire Force Headquarters
2026-01-17T00:24:03.135Z,GA 07 G 7101-FFHQ(WATER TENDER),15.48682,73.816971,0,STOP,"Caculo Mall, 16 Shanta, St Inez Rd, Caculo Enclave, Santa Inez, Panaji, Goa (NW)",Fire Force Headquarters
2026-01-17T00:24:03.135Z,GA 07 G 7677-FFHQ(EMERGENCY RESCUE),15.487177,73.817001,0,STOP,"Caculo Mall, 16 Shanta, St Inez Rd, Caculo Enclave, Santa Inez, Panaji, Goa (NW)",Fire Force Headquarters
2026-01-17T00:24:03.135Z,GA 07 G 1121-PNJ(EMERGENCY RESCUE),15.487333,73.817299,0,STOP,"Caculo Mall, 16 Shanta, St Inez Rd, Caculo Enclave, Santa Inez, Panaji, Goa (NW)",Fire Station Panaji
2026-01-17T00:24:03.135Z,GA 07 G 1571-FFHQ(QUICK RESPONSE),15.486457,73.817513,0,STOP,"Caculo Mall, 16 Shanta, St Inez Rd, Caculo Enclave, Santa Inez, Panaji, Goa (SW)",Fire Force Headquarters
2026-01-17T00:24:03.135Z,GA 07 G 8101-MAP(WATER TENDER),15.589972,73.808624,0,STOP,At Fire Station Mapusa,Fire Station Mapusa
2026-01-17T00:24:03.135Z,GA 07 G 2317-MRG(EMERGENCY RESCUE TENDER),15.2694116,73.9701666,0,STOP,At Fire Station Margoa,Fire Station Margao
2026-01-17T00:24:03.135Z,GA 07 G 1570-VAS(QUICK RESPONSE FIRE TENDER),15.3887733,73.8513266,0,STOP,At Fire Station Vasco,Fire Station Vasco
2026-01-17T00:24:03.135Z,GA 07 G 4101-VAS(MS WATER TENDER),15.3888166,73.851285,0,STOP,At Fire Station Vasco,Fire Station Vasco
2026-01-17T00:24:03.135Z,GA 07 G 0819-VAS(WATER/FOAM TENDER),15.38905,73.8510983,0,IDLE,At Fire Station Vasco,Fire Station Vasco
2026-01-17T00:24:03.135Z,GA 07 G 7100-MRG(WATER BOUSER),15.269415,73.969995,0,STOP,At Fire Station Margoa,Fire Station Margao
2026-01-17T00:24:03.135Z,GA 07 G 1568-MRG(QUICK RESPONSE ),15.2693416,73.9705166,0,STOP,At Fire Station Margoa,Fire Station Margao
2026-01-17T00:24:03.135Z,GA 07 G 6101-MRG(WATER TENDER),15.2694116,73.970255,0,STOP,At Fire Station Margoa,Fire Station Margao
2026-01-17T00:24:03.135Z,GA 07 G 1001-MRG(AERIAL LADDER PLATFORM),15.26938,73.9701583,0,STOP,At Fire Station Margoa,Fire Station Margao
2026-01-17T00:24:03.135Z,GA 07 G 0820-BIC(WATER TEDNER),15.4027967,74.0028217,0,STOP,At Fire Station Ponda ,Fire Station Bicholim
2026-01-17T00:24:03.135Z,GA 07 G 5101-OLG(MS WATER TENDER),15.500265,73.9139483,0,STOP,At Fire Station Old Goa,Fire Station Old Goa
2026-01-17T00:24:03.135Z,GA 07 G 3101-BIC(MS WATER TENDER),15.5893433,73.9465416,0,STOP,At Fire Station Bicholim ,Fire Station Bicholim
2026-01-17T00:24:03.135Z,GA 07 G 1941-BIC(QUICK RESPONSE),15.5894533,73.9467116,0,STOP,At Fire Station Bicholim ,Fire Station Bicholim
2026-01-17T00:24:03.135Z,GA 07 G 2319-VAS (EMERGENCY RESCUE TENDER),15.3900983,73.8532383,0,STOP,"Zuari Rd, Holy Cross Colony, Dabolim, Goa (SE)",Fire Station Vasco
2026-01-17T00:24:03.135Z,GA 07 G 3737-VAP(WATER TENDER),15.5310533,74.1388916,0,STOP,At Fire Station Valpoi ,Fire Station Valpoi
2026-01-17T00:24:03.135Z,GA 07 G 2318-PND(EMERGENCY RESCUE TENDER),15.4028033,74.00293,0,STOP,At Fire Station Ponda ,Fire Station Ponda
2026-01-17T00:24:03.135Z,GA 07 G 2004-PND(QUICK RESPONSE),15.4141016,73.9073083,0,INACTIVE,"Guru Hotel, Old Ferry Road, Agaçaim, Goa (SE)",Fire Station Ponda
2026-01-17T00:24:03.135Z,GA 07 G 9101-PND(WATER TENDER),15.4027033,74.0028733,0,STOP,At Fire Station Ponda ,Fire Station Ponda
2026-01-17T00:24:03.135Z,GA 07 G 9797-PND(WATER BOUSER),15.4027999,74.0027016,0,STOP,At Fire Station Ponda ,Fire Station Ponda
2026-01-17T00:24:03.135Z,GA 07 G 6363-CAN(WATER TENDER),15.02361,74.04406,0,INACTIVE,"Canacona, The Lalitrajbaga ,Canacona, Canacona, Goa (NE)",Fire Station Canacona
2026-01-17T00:24:03.135Z,GA 07 G 1567-CAN(QUICK RESPONSE FT),15.0233599,74.0440833,0,INACTIVE,"Canacona, The Lalitrajbaga ,Canacona, Canacona, Goa (NE)",Fire Station Canacona
2026-01-17T00:24:03.135Z,GA 07 G 1569-VRN(QUICK RESPONSE),15.369545,73.9355216,0,STOP,At Fire Station Verna,Fire Station Verna
2026-01-17T00:24:03.135Z,GA 07 G 9909-VRN(ADVANCE MULTI-PURPOSE),15.36974,73.9360833,0,STOP,At Fire Station Verna,Fire Station Verna
2026-01-17T00:24:03.135Z,GA 07 G 1942-VAP(QUICK RESPONSE),15.5310033,74.138745,0,STOP,At Fire Station Valpoi ,Fire Station Valpoi
2026-01-17T00:24:03.135Z,GA 07 G 2003-CUR(QUICK RESPONSE),15.2604016,74.1031166,0,STOP,At Fire Station Curchorem,Fire Station Curchorem
2026-01-17T00:24:03.135Z,GA 07 G 7447-CUR(EMERGENCY RESCUE),15.260415,74.10376,0,STOP,At Fire Station Curchorem,Fire Station Curchorem
2026-01-17T00:24:03.135Z,GA 07 G 7557-CUR(WATER TENDER),15.2604083,74.1034266,0,STOP,At Fire Station Curchorem,Fire Station Curchorem
2026-01-17T00:24:03.135Z,GA 07 G 7667-CUR(WATER BOUSER),15.2602533,74.1037266,0,STOP,At Fire Station Curchorem,Fire Station Curchorem
2026-01-17T00:24:03.135Z,GA 07 G 4989-KUN(WATER TENDER),15.4632383,73.9724617,0,STOP,At Fire Station Kundaim,Fire Station Kundaim
2026-01-17T00:24:03.135Z,GA 07 G 2242-PIL(WATER TENDER),15.5329344,73.7940983,0,STOP,At Fire Station Pilerne,Fire Station Pilerne
2026-01-17T00:24:03.135Z,GA 07 G 0681-MAP(QUICK RESPONSE),15.58978,73.808805,0,STOP,At Fire Station Mapusa,Fire Station Mapusa
2026-01-17T00:24:03.135Z,GA 07 G 0307-PER(QUICK RESPONSE),15.7164939,73.7974239,0,INACTIVE,At Fire Station Pernem,Fire Station Pernem
2026-01-17T00:24:03.135Z,GA 07 G 2101-PER(MS WATER TENDER),15.7164572,73.7975456,0,STOP,At Fire Station Pernem,Fire Station Pernem
2026-01-17T00:24:03.135Z,GA 07 G 4600-PER(MINI RESCUE TENDER),15.7165267,73.7975289,0,STOP,At Fire Station Pernem,Fire Station Pernem
2026-01-17T00:24:03.135Z,GA 07 G 7272-PNJ(WATER TENDER),15.4880722,73.8173878,0,STOP,"Goa College of Home Science, Dayanand Bandodkar Road, Opposite Parade Ground Campal,, Panaji, Goa (SE)",Fire Station Panaji
2026-01-17T00:24:03.135Z,GA07G2384- Cuncolim,15.1861639,74.0211006,0,STOP,At Fire Station Cuncolim,Fire Station Cuncolim
2026-01-17T00:24:03.135Z,GA07G2507 - PER Mid Size (Water Tender),15.716485,73.7975017,0,STOP,At Fire Station Pernem,Fire Station Pernem
2026-01-17T00:24:03.135Z,GA07G2505 - VAP Mid Size (Water Tender),15.5309717,74.1385667,0,STOP,At Fire Station Valpoi ,Fire Station Valpoi
2026-01-17T00:24:03.135Z,GA07G2504 - BIC Mid Size (Water Tender),15.589485,73.9466967,0,STOP,At Fire Station Bicholim ,Fire Station Bicholim
2026-01-17T00:24:03.135Z,GA07G2503- MAP Mid Size (Water Tender),15.5899483,73.808635,0,STOP,At Fire Station Mapusa,Fire Station Mapusa
2026-01-17T00:24:03.135Z,GA07G2502 - FFHQ Mid Size (Water Tender),15.4868,73.8171867,0,STOP,"Caculo Mall, 16 Shanta, St Inez Rd, Caculo Enclave, Santa Inez, Panaji, Goa (NW)",Fire Force Headquarters
2026-01-17T00:24:50.855Z,GA 07 G 0680-PIL(QUICK RESPONSE VEHICLE),15.52289,73.8294267,0,STOP,At Porvorim Fire Station,Fire Station Pilerne
2026-01-17T00:24:50.855Z,GA07G2506 - OLG Mid Size (Water Tender),15.500308,73.91407,0,STOP,At Fire Station Old Goa,Fire Station Old Goa
2026-01-17T00:24:50.855Z,GA 07 G 5115-POR(MINI WATER TENDER),15.52334,73.829453,0,STOP,At Porvorim Fire Station,Fire Station Porvorim
2026-01-17T00:24:50.855Z,GA 07 G 0350-MRG(WATER TENDER),15.269438,73.970627,0,STOP,At Fire Station Margoa,Fire Station Margao
2026-01-17T00:24:50.855Z,GA 07 G 2900-MAP(MINI RESCUE TENDER),15.58999,73.808624,0,STOP,At Fire Station Mapusa,Fire Station Mapusa
2026-01-17T00:24:50.855Z,GA 07 G 7600-FFHQ(WATER BOUSER),15.487132,73.817329,0,STOP,"Caculo Mall, 16 Shanta, St Inez Rd, Caculo Enclave, Santa Inez, Panaji, Goa (NW)",Fire Force Headquarters
2026-01-17T00:24:50.855Z,GA 07 G 2002-FFHQ(TURN TABLE LADDER),15.487413,73.817276,0,STOP,"Caculo Mall, 16 Shanta, St Inez Rd, Caculo Enclave, Santa Inez, Panaji, Goa (NW)",Fire Force Headquarters
2026-01-17T00:24:50.855Z,GA 07 G 7101-FFHQ(WATER TENDER),15.48682,73.816971,0,STOP,"Caculo Mall, 16 Shanta, St Inez Rd, Caculo Enclave, Santa Inez, Panaji, Goa (NW)",Fire Force Headquarters
2026-01-17T00:24:50.855Z,GA 07 G 7677-FFHQ(EMERGENCY RESCUE),15.487177,73.817001,0,STOP,"Caculo Mall, 16 Shanta, St Inez Rd, Caculo Enclave, Santa Inez, Panaji, Goa (NW)",Fire Force Headquarters
2026-01-17T00:24:50.855Z,GA 07 G 1121-PNJ(EMERGENCY RESCUE),15.487333,73.817299,0,STOP,"Caculo Mall, 16 Shanta, St Inez Rd, Caculo Enclave, Santa Inez, Panaji, Goa (NW)",Fire Station Panaji
2026-01-17T00:24:50.855Z,GA 07 G 1571-FFHQ(QUICK RESPONSE),15.486457,73.817513,0,STOP,"Caculo Mall, 16 Shanta, St Inez Rd, Caculo Enclave, Santa Inez, Panaji, Goa (SW)",Fire Force Headquarters
2026-01-17T00:24:50.855Z,GA 07 G 8101-MAP(WATER TENDER),15.589972,73.808624,0,STOP,At Fire Station Mapusa,Fire Station Mapusa
2026-01-17T00:24:50.855Z,GA 07 G 2317-MRG(EMERGENCY RESCUE TENDER),15.2694116,73.9701666,0,STOP,At Fire Station Margoa,Fire Station Margao
2026-01-17T00:24:50.855Z,GA 07 G 1570-VAS(QUICK RESPONSE FIRE TENDER),15.3887733,73.8513266,0,STOP,At Fire Station Vasco,Fire Station Vasco
2026-01-17T00:24:50.855Z,GA 07 G 4101-VAS(MS WATER TENDER),15.3888166,73.851285,0,STOP,At Fire Station Vasco,Fire Station Vasco
2026-01-17T00:24:50.855Z,GA 07 G 0819-VAS(WATER/FOAM TENDER),15.38905,73.8510983,0,IDLE,At Fire Station Vasco,Fire Station Vasco
2026-01-17T00:24:50.855Z,GA 07 G 7100-MRG(WATER BOUSER),15.269415,73.969995,0,STOP,At Fire Station Margoa,Fire Station Margao
2026-01-17T00:24:50.855Z,GA 07 G 1568-MRG(QUICK RESPONSE ),15.2693416,73.9705166,0,STOP,At Fire Station Margoa,Fire Station Margao
2026-01-17T00:24:50.855Z,GA 07 G 6101-MRG(WATER TENDER),15.2694116,73.970255,0,STOP,At Fire Station Margoa,Fire Station Margao
2026-01-17T00:24:50.855Z,GA 07 G 1001-MRG(AERIAL LADDER PLATFORM),15.26938,73.9701583,0,STOP,At Fire Station Margoa,Fire Station Margao
2026-01-17T00:24:50.855Z,GA 07 G 0820-BIC(WATER TEDNER),15.4027967,74.0028217,0,STOP,At Fire Station Ponda ,Fire Station Bicholim
2026-01-17T00:24:50.855Z,GA 07 G 5101-OLG(MS WATER TENDER),15.500265,73.9139483,0,STOP,At Fire Station Old Goa,Fire Station Old Goa
2026-01-17T00:24:50.855Z,GA 07 G 3101-BIC(MS WATER TENDER),15.5893433,73.9465416,0,STOP,At Fire Station Bicholim ,Fire Station Bicholim
2026-01-17T00:24:50.855Z,GA 07 G 1941-BIC(QUICK RESPONSE),15.5894533,73.9467116,0,STOP,At Fire Station Bicholim ,Fire Station Bicholim
2026-01-17T00:24:50.855Z,GA 07 G 2319-VAS (EMERGENCY RESCUE TENDER),15.3900983,73.8532383,0,STOP,"Zuari Rd, Holy Cross Colony, Dabolim, Goa (SE)",Fire Station Vasco
2026-01-17T00:24:50.855Z,GA 07 G 3737-VAP(WATER TENDER),15.5310533,74.1388916,0,STOP,At Fire Station Valpoi ,Fire Station Valpoi
2026-01-17T00:24:50.855Z,GA 07 G 2318-PND(EMERGENCY RESCUE TENDER),15.4028033,74.00293,0,STOP,At Fire Station Ponda ,Fire Station Ponda
2026-01-17T00:24:50.855Z,GA 07 G 2004-PND(QUICK RESPONSE),15.4141016,73.9073083,0,INACTIVE,"Guru Hotel, Old Ferry Road, Agaçaim, Goa (SE)",Fire Station Ponda
2026-01-17T00:24:50.855Z,GA 07 G 9101-PND(WATER TENDER),15.4027033,74.0028733,0,STOP,At Fire Station Ponda ,Fire Station Ponda
2026-01-17T00:24:50.855Z,GA 07 G 9797-PND(WATER BOUSER),15.4027999,74.0027016,0,STOP,At Fire Station Ponda ,Fire Station Ponda
2026-01-17T00:24:50.855Z,GA 07 G 6363-CAN(WATER TENDER),15.02361,74.04406,0,INACTIVE,"Canacona, The Lalitrajbaga ,Canacona, Canacona, Goa (NE)",Fire Station Canacona
2026-01-17T00:24:50.855Z,GA 07 G 1567-CAN(QUICK RESPONSE FT),15.0233599,74.0440833,0,INACTIVE,"Canacona, The Lalitrajbaga ,Canacona, Canacona, Goa (NE)",Fire Station Canacona
2026-01-17T00:24:50.855Z,GA 07 G 1569-VRN(QUICK RESPONSE),15.369545,73.9355216,0,STOP,At Fire Station Verna,Fire Station Verna
2026-01-17T00:24:50.855Z,GA 07 G 9909-VRN(ADVANCE MULTI-PURPOSE),15.36974,73.9360833,0,STOP,At Fire Station Verna,Fire Station Verna
2026-01-17T00:24:50.855Z,GA 07 G 1942-VAP(QUICK RESPONSE),15.5310033,74.138745,0,STOP,At Fire Station Valpoi ,Fire Station Valpoi
2026-01-17T00:24:50.855Z,GA 07 G 2003-CUR(QUICK RESPONSE),15.2604016,74.1031166,0,STOP,At Fire Station Curchorem,Fire Station Curchorem
2026-01-17T00:24:50.855Z,GA 07 G 7447-CUR(EMERGENCY RESCUE),15.260415,74.10376,0,STOP,At Fire Station Curchorem,Fire Station Curchorem
2026-01-17T00:24:50.855Z,GA 07 G 7557-CUR(WATER TENDER),15.2604083,74.1034266,0,STOP,At Fire Station Curchorem,Fire Station Curchorem
2026-01-17T00:24:50.855Z,GA 07 G 7667-CUR(WATER BOUSER),15.2602533,74.1037266,0,STOP,At Fire Station Curchorem,Fire Station Curchorem
2026-01-17T00:24:50.855Z,GA 07 G 4989-KUN(WATER TENDER),15.4632383,73.9724617,0,STOP,At Fire Station Kundaim,Fire Station Kundaim
2026-01-17T00:24:50.855Z,GA 07 G 2242-PIL(WATER TENDER),15.5329344,73.7940983,0,STOP,At Fire Station Pilerne,Fire Station Pilerne
2026-01-17T00:24:50.855Z,GA 07 G 0681-MAP(QUICK RESPONSE),15.58978,73.808805,0,STOP,At Fire Station Mapusa,Fire Station Mapusa
2026-01-17T00:24:50.855Z,GA 07 G 0307-PER(QUICK RESPONSE),15.7164939,73.7974239,0,INACTIVE,At Fire Station Pernem,Fire Station Pernem
2026-01-17T00:24:50.855Z,GA 07 G 2101-PER(MS WATER TENDER),15.7164572,73.7975456,0,STOP,At Fire Station Pernem,Fire Station Pernem
2026-01-17T00:24:50.855Z,GA 07 G 4600-PER(MINI RESCUE TENDER),15.7165267,73.7975289,0,STOP,At Fire Station Pernem,Fire Station Pernem
2026-01-17T00:24:50.855Z,GA 07 G 7272-PNJ(WATER TENDER),15.4880722,73.8173878,0,STOP,"Goa College of Home Science, Dayanand Bandodkar Road, Opposite Parade Ground Campal,, Panaji, Goa (SE)",Fire Station Panaji
2026-01-17T00:24:50.855Z,GA07G2384- Cuncolim,15.1861639,74.0211006,0,STOP,At Fire Station Cuncolim,Fire Station Cuncolim
2026-01-17T00:24:50.855Z,GA07G2507 - PER Mid Size (Water Tender),15.716485,73.7975017,0,STOP,At Fire Station Pernem,Fire Station Pernem
2026-01-17T00:24:50.855Z,GA07G2505 - VAP Mid Size (Water Tender),15.5309717,74.1385667,0,STOP,At Fire Station Valpoi ,Fire Station Valpoi
2026-01-17T00:24:50.855Z,GA07G2504 - BIC Mid Size (Water Tender),15.589485,73.9466967,0,STOP,At Fire Station Bicholim ,Fire Station Bicholim
2026-01-17T00:24:50.855Z,GA07G2503- MAP Mid Size (Water Tender),15.5899483,73.808635,0,STOP,At Fire Station Mapusa,Fire Station Mapusa
2026-01-17T00:24:50.855Z,GA07G2502 - FFHQ Mid Size (Water Tender),15.4868,73.8171867,0,STOP,"Caculo Mall, 16 Shanta, St Inez Rd, Caculo Enclave, Santa Inez, Panaji, Goa (NW)",Fire Force Headquarters
2026-01-17T00:25:49.589Z,GA 07 G 0680-PIL(QUICK RESPONSE VEHICLE),15.52289,73.8294267,0,STOP,At Porvorim Fire Station,Fire Station Pilerne
2026-01-17T00:25:49.589Z,GA07G2506 - OLG Mid Size (Water Tender),15.500308,73.91407,0,STOP,At Fire Station Old Goa,Fire Station Old Goa
2026-01-17T00:25:49.589Z,GA 07 G 5115-POR(MINI WATER TENDER),15.52334,73.829453,0,STOP,At Porvorim Fire Station,Fire Station Porvorim
2026-01-17T00:25:49.589Z,GA 07 G 0350-MRG(WATER TENDER),15.269438,73.970627,0,STOP,At Fire Station Margoa,Fire Station Margao
2026-01-17T00:25:49.589Z,GA 07 G 2900-MAP(MINI RESCUE TENDER),15.58999,73.808624,0,STOP,At Fire Station Mapusa,Fire Station Mapusa
2026-01-17T00:25:49.589Z,GA 07 G 7600-FFHQ(WATER BOUSER),15.487132,73.817329,0,STOP,"Caculo Mall, 16 Shanta, St Inez Rd, Caculo Enclave, Santa Inez, Panaji, Goa (NW)",Fire Force Headquarters
2026-01-17T00:25:49.589Z,GA 07 G 2002-FFHQ(TURN TABLE LADDER),15.487413,73.817276,0,STOP,"Caculo Mall, 16 Shanta, St Inez Rd, Caculo Enclave, Santa Inez, Panaji, Goa (NW)",Fire Force Headquarters
2026-01-17T00:25:49.589Z,GA 07 G 7101-FFHQ(WATER TENDER),15.48682,73.816971,0,STOP,"Caculo Mall, 16 Shanta, St Inez Rd, Caculo Enclave, Santa Inez, Panaji, Goa (NW)",Fire Force Headquarters
2026-01-17T00:25:49.589Z,GA 07 G 7677-FFHQ(EMERGENCY RESCUE),15.487177,73.817001,0,STOP,"Caculo Mall, 16 Shanta, St Inez Rd, Caculo Enclave, Santa Inez, Panaji, Goa (NW)",Fire Force Headquarters
2026-01-17T00:25:49.589Z,GA 07 G 1121-PNJ(EMERGENCY RESCUE),15.487333,73.817299,0,STOP,"Caculo Mall, 16 Shanta, St Inez Rd, Caculo Enclave, Santa Inez, Panaji, Goa (NW)",Fire Station Panaji
2026-01-17T00:25:49.589Z,GA 07 G 1571-FFHQ(QUICK RESPONSE),15.486457,73.817513,0,STOP,"Caculo Mall, 16 Shanta, St Inez Rd, Caculo Enclave, Santa Inez, Panaji, Goa (SW)",Fire Force Headquarters
2026-01-17T00:25:49.589Z,GA 07 G 8101-MAP(WATER TENDER),15.589972,73.808624,0,STOP,At Fire Station Mapusa,Fire Station Mapusa
2026-01-17T00:25:49.589Z,GA 07 G 2317-MRG(EMERGENCY RESCUE TENDER),15.2694116,73.9701666,0,STOP,At Fire Station Margoa,Fire Station Margao
2026-01-17T00:25:49.589Z,GA 07 G 1570-VAS(QUICK RESPONSE FIRE TENDER),15.3887733,73.8513266,0,STOP,At Fire Station Vasco,Fire Station Vasco
2026-01-17T00:25:49.589Z,GA 07 G 4101-VAS(MS WATER TENDER),15.3888166,73.851285,0,STOP,At Fire Station Vasco,Fire Station Vasco
2026-01-17T00:25:49.589Z,GA 07 G 0819-VAS(WATER/FOAM TENDER),15.38905,73.8510983,0,IDLE,At Fire Station Vasco,Fire Station Vasco
2026-01-17T00:25:49.589Z,GA 07 G 7100-MRG(WATER BOUSER),15.269415,73.969995,0,STOP,At Fire Station Margoa,Fire Station Margao
2026-01-17T00:25:49.589Z,GA 07 G 1568-MRG(QUICK RESPONSE ),15.2693416,73.9705166,0,STOP,At Fire Station Margoa,Fire Station Margao
2026-01-17T00:25:49.589Z,GA 07 G 6101-MRG(WATER TENDER),15.2694116,73.970255,0,STOP,At Fire Station Margoa,Fire Station Margao
2026-01-17T00:25:49.589Z,GA 07 G 1001-MRG(AERIAL LADDER PLATFORM),15.26938,73.9701583,0,STOP,At Fire Station Margoa,Fire Station Margao
2026-01-17T00:25:49.589Z,GA 07 G 0820-BIC(WATER TEDNER),15.4027967,74.0028217,0,STOP,At Fire Station Ponda ,Fire Station Bicholim
2026-01-17T00:25:49.589Z,GA 07 G 5101-OLG(MS WATER TENDER),15.500265,73.9139483,0,STOP,At Fire Station Old Goa,Fire Station Old Goa
2026-01-17T00:25:49.589Z,GA 07 G 3101-BIC(MS WATER TENDER),15.5893433,73.9465416,0,STOP,At Fire Station Bicholim ,Fire Station Bicholim
2026-01-17T00:25:49.589Z,GA 07 G 1941-BIC(QUICK RESPONSE),15.5894533,73.9467116,0,STOP,At Fire Station Bicholim ,Fire Station Bicholim
2026-01-17T00:25:49.589Z,GA 07 G 2319-VAS (EMERGENCY RESCUE TENDER),15.3900983,73.8532383,0,STOP,"Zuari Rd, Holy Cross Colony, Dabolim, Goa (SE)",Fire Station Vasco
2026-01-17T00:25:49.589Z,GA 07 G 3737-VAP(WATER TENDER),15.5310533,74.1388916,0,STOP,At Fire Station Valpoi ,Fire Station Valpoi
2026-01-17T00:25:49.589Z,GA 07 G 2318-PND(EMERGENCY RESCUE TENDER),15.4028033,74.00293,0,STOP,At Fire Station Ponda ,Fire Station Ponda
2026-01-17T00:25:49.589Z,GA 07 G 2004-PND(QUICK RESPONSE),15.4141016,73.9073083,0,INACTIVE,"Guru Hotel, Old Ferry Road, Agaçaim, Goa (SE)",Fire Station Ponda
2026-01-17T00:25:49.589Z,GA 07 G 9101-PND(WATER TENDER),15.4027033,74.0028733,0,STOP,At Fire Station Ponda ,Fire Station Ponda
2026-01-17T00:25:49.589Z,GA 07 G 9797-PND(WATER BOUSER),15.4027999,74.0027016,0,STOP,At Fire Station Ponda ,Fire Station Ponda
2026-01-17T00:25:49.589Z,GA 07 G 6363-CAN(WATER TENDER),15.02361,74.04406,0,INACTIVE,"Canacona, The Lalitrajbaga ,Canacona, Canacona, Goa (NE)",Fire Station Canacona
2026-01-17T00:25:49.589Z,GA 07 G 1567-CAN(QUICK RESPONSE FT),15.0233599,74.0440833,0,INACTIVE,"Canacona, The Lalitrajbaga ,Canacona, Canacona, Goa (NE)",Fire Station Canacona
2026-01-17T00:25:49.589Z,GA 07 G 1569-VRN(QUICK RESPONSE),15.369545,73.9355216,0,STOP,At Fire Station Verna,Fire Station Verna
2026-01-17T00:25:49.589Z,GA 07 G 9909-VRN(ADVANCE MULTI-PURPOSE),15.36974,73.9360833,0,STOP,At Fire Station Verna,Fire Station Verna
2026-01-17T00:25:49.589Z,GA 07 G 1942-VAP(QUICK RESPONSE),15.5310033,74.138745,0,STOP,At Fire Station Valpoi ,Fire Station Valpoi
2026-01-17T00:25:49.589Z,GA 07 G 2003-CUR(QUICK RESPONSE),15.2604016,74.1031166,0,STOP,At Fire Station Curchorem,Fire Station Curchorem
2026-01-17T00:25:49.589Z,GA 07 G 7447-CUR(EMERGENCY RESCUE),15.260415,74.10376,0,STOP,At Fire Station Curchorem,Fire Station Curchorem
2026-01-17T00:25:49.589Z,GA 07 G 7557-CUR(WATER TENDER),15.2604083,74.1034266,0,STOP,At Fire Station Curchorem,Fire Station Curchorem
2026-01-17T00:25:49.589Z,GA 07 G 7667-CUR(WATER BOUSER),15.2602533,74.1037266,0,STOP,At Fire Station Curchorem,Fire Station Curchorem
2026-01-17T00:25:49.589Z,GA 07 G 4989-KUN(WATER TENDER),15.4632383,73.9724617,0,STOP,At Fire Station Kundaim,Fire Station Kundaim
2026-01-17T00:25:49.589Z,GA 07 G 2242-PIL(WATER TENDER),15.5329344,73.7940983,0,STOP,At Fire Station Pilerne,Fire Station Pilerne
2026-01-17T00:25:49.589Z,GA 07 G 0681-MAP(QUICK RESPONSE),15.58978,73.808805,0,STOP,At Fire Station Mapusa,Fire Station Mapusa
2026-01-17T00:25:49.589Z,GA 07 G 0307-PER(QUICK RESPONSE),15.7164939,73.7974239,0,INACTIVE,At Fire Station Pernem,Fire Station Pernem
2026-01-17T00:25:49.589Z,GA 07 G 2101-PER(MS WATER TENDER),15.7164572,73.7975456,0,STOP,At Fire Station Pernem,Fire Station Pernem
2026-01-17T00:25:49.589Z,GA 07 G 4600-PER(MINI RESCUE TENDER),15.7165267,73.7975289,0,STOP,At Fire Station Pernem,Fire Station Pernem
2026-01-17T00:25:49.589Z,GA 07 G 7272-PNJ(WATER TENDER),15.4880722,73.8173878,0,STOP,"Goa College of Home Science, Dayanand Bandodkar Road, Opposite Parade Ground Campal,, Panaji, Goa (SE)",Fire Station Panaji
2026-01-17T00:25:49.589Z,GA07G2384- Cuncolim,15.1861639,74.0211006,0,STOP,At Fire Station Cuncolim,Fire Station Cuncolim
2026-01-17T00:25:49.589Z,GA07G2507 - PER Mid Size (Water Tender),15.716485,73.7975017,0,STOP,At Fire Station Pernem,Fire Station Pernem
2026-01-17T00:25:49.589Z,GA07G2505 - VAP Mid Size (Water Tender),15.5309717,74.1385667,0,STOP,At Fire Station Valpoi ,Fire Station Valpoi
2026-01-17T00:25:49.589Z,GA07G2504 - BIC Mid Size (Water Tender),15.589485,73.9466967,0,STOP,At Fire Station Bicholim ,Fire Station Bicholim
2026-01-17T00:25:49.589Z,GA07G2503- MAP Mid Size (Water Tender),15.5899483,73.808635,0,STOP,At Fire Station Mapusa,Fire Station Mapusa
2026-01-17T00:25:49.589Z,GA07G2502 - FFHQ Mid Size (Water Tender),15.4868,73.8171867,0,STOP,"Caculo Mall, 16 Shanta, St Inez Rd, Caculo Enclave, Santa Inez, Panaji, Goa (NW)",Fire Force Headquarters
2026-01-17T00:26:37.444Z,GA 07 G 0680-PIL(QUICK RESPONSE VEHICLE),15.52289,73.8294267,0,STOP,At Porvorim Fire Station,Fire Station Pilerne
2026-01-17T00:26:37.444Z,GA07G2506 - OLG Mid Size (Water Tender),15.500308,73.91407,0,STOP,At Fire Station Old Goa,Fire Station Old Goa
2026-01-17T00:26:37.444Z,GA 07 G 5115-POR(MINI WATER TENDER),15.52334,73.829453,0,STOP,At Porvorim Fire Station,Fire Station Porvorim
2026-01-17T00:26:37.444Z,GA 07 G 0350-MRG(WATER TENDER),15.269438,73.970627,0,STOP,At Fire Station Margoa,Fire Station Margao
2026-01-17T00:26:37.444Z,GA 07 G 2900-MAP(MINI RESCUE TENDER),15.58999,73.808624,0,STOP,At Fire Station Mapusa,Fire Station Mapusa
2026-01-17T00:26:37.444Z,GA 07 G 7600-FFHQ(WATER BOUSER),15.487132,73.817329,0,STOP,"Caculo Mall, 16 Shanta, St Inez Rd, Caculo Enclave, Santa Inez, Panaji, Goa (NW)",Fire Force Headquarters
2026-01-17T00:26:37.444Z,GA 07 G 2002-FFHQ(TURN TABLE LADDER),15.487413,73.817276,0,STOP,"Caculo Mall, 16 Shanta, St Inez Rd, Caculo Enclave, Santa Inez, Panaji, Goa (NW)",Fire Force Headquarters
2026-01-17T00:26:37.444Z,GA 07 G 7101-FFHQ(WATER TENDER),15.48682,73.816971,0,STOP,"Caculo Mall, 16 Shanta, St Inez Rd, Caculo Enclave, Santa Inez, Panaji, Goa (NW)",Fire Force Headquarters
2026-01-17T00:26:37.444Z,GA 07 G 7677-FFHQ(EMERGENCY RESCUE),15.487177,73.817001,0,STOP,"Caculo Mall, 16 Shanta, St Inez Rd, Caculo Enclave, Santa Inez, Panaji, Goa (NW)",Fire Force Headquarters
2026-01-17T00:26:37.444Z,GA 07 G 1121-PNJ(EMERGENCY RESCUE),15.487333,73.817299,0,STOP,"Caculo Mall, 16 Shanta, St Inez Rd, Caculo Enclave, Santa Inez, Panaji, Goa (NW)",Fire Station Panaji
2026-01-17T00:26:37.444Z,GA 07 G 1571-FFHQ(QUICK RESPONSE),15.486457,73.817513,0,STOP,"Caculo Mall, 16 Shanta, St Inez Rd, Caculo Enclave, Santa Inez, Panaji, Goa (SW)",Fire Force Headquarters
2026-01-17T00:26:37.444Z,GA 07 G 8101-MAP(WATER TENDER),15.589972,73.808624,0,STOP,At Fire Station Mapusa,Fire Station Mapusa
2026-01-17T00:26:37.444Z,GA 07 G 2317-MRG(EMERGENCY RESCUE TENDER),15.2694116,73.9701666,0,STOP,At Fire Station Margoa,Fire Station Margao
2026-01-17T00:26:37.444Z,GA 07 G 1570-VAS(QUICK RESPONSE FIRE TENDER),15.3887733,73.8513266,0,STOP,At Fire Station Vasco,Fire Station Vasco
2026-01-17T00:26:37.444Z,GA 07 G 4101-VAS(MS WATER TENDER),15.3888166,73.851285,0,STOP,At Fire Station Vasco,Fire Station Vasco
2026-01-17T00:26:37.444Z,GA 07 G 0819-VAS(WATER/FOAM TENDER),15.38905,73.8510983,0,IDLE,At Fire Station Vasco,Fire Station Vasco
2026-01-17T00:26:37.444Z,GA 07 G 7100-MRG(WATER BOUSER),15.269415,73.969995,0,STOP,At Fire Station Margoa,Fire Station Margao
2026-01-17T00:26:37.444Z,GA 07 G 1568-MRG(QUICK RESPONSE ),15.2693416,73.9705166,0,STOP,At Fire Station Margoa,Fire Station Margao
2026-01-17T00:26:37.444Z,GA 07 G 6101-MRG(WATER TENDER),15.2694116,73.970255,0,STOP,At Fire Station Margoa,Fire Station Margao
2026-01-17T00:26:37.444Z,GA 07 G 1001-MRG(AERIAL LADDER PLATFORM),15.26938,73.9701583,0,STOP,At Fire Station Margoa,Fire Station Margao
2026-01-17T00:26:37.444Z,GA 07 G 0820-BIC(WATER TEDNER),15.4027967,74.0028217,0,STOP,At Fire Station Ponda ,Fire Station Bicholim
2026-01-17T00:26:37.444Z,GA 07 G 5101-OLG(MS WATER TENDER),15.500265,73.9139483,0,STOP,At Fire Station Old Goa,Fire Station Old Goa
2026-01-17T00:26:37.444Z,GA 07 G 3101-BIC(MS WATER TENDER),15.5893433,73.9465416,0,STOP,At Fire Station Bicholim ,Fire Station Bicholim
2026-01-17T00:26:37.444Z,GA 07 G 1941-BIC(QUICK RESPONSE),15.5894533,73.9467116,0,STOP,At Fire Station Bicholim ,Fire Station Bicholim
2026-01-17T00:26:37.444Z,GA 07 G 2319-VAS (EMERGENCY RESCUE TENDER),15.3900983,73.8532383,0,STOP,"Zuari Rd, Holy Cross Colony, Dabolim, Goa (SE)",Fire Station Vasco
2026-01-17T00:26:37.444Z,GA 07 G 3737-VAP(WATER TENDER),15.5310533,74.1388916,0,STOP,At Fire Station Valpoi ,Fire Station Valpoi
2026-01-17T00:26:37.444Z,GA 07 G 2318-PND(EMERGENCY RESCUE TENDER),15.4028033,74.00293,0,STOP,At Fire Station Ponda ,Fire Station Ponda
2026-01-17T00:26:37.444Z,GA 07 G 2004-PND(QUICK RESPONSE),15.4141016,73.9073083,0,INACTIVE,"Guru Hotel, Old Ferry Road, Agaçaim, Goa (SE)",Fire Station Ponda
2026-01-17T00:26:37.444Z,GA 07 G 9101-PND(WATER TENDER),15.4027033,74.0028733,0,STOP,At Fire Station Ponda ,Fire Station Ponda
2026-01-17T00:26:37.444Z,GA 07 G 9797-PND(WATER BOUSER),15.4027999,74.0027016,0,STOP,At Fire Station Ponda ,Fire Station Ponda
2026-01-17T00:26:37.444Z,GA 07 G 6363-CAN(WATER TENDER),15.02361,74.04406,0,INACTIVE,"Canacona, The Lalitrajbaga ,Canacona, Canacona, Goa (NE)",Fire Station Canacona
2026-01-17T00:26:37.444Z,GA 07 G 1567-CAN(QUICK RESPONSE FT),15.0233599,74.0440833,0,INACTIVE,"Canacona, The Lalitrajbaga ,Canacona, Canacona, Goa (NE)",Fire Station Canacona
2026-01-17T00:26:37.444Z,GA 07 G 1569-VRN(QUICK RESPONSE),15.369545,73.9355216,0,STOP,At Fire Station Verna,Fire Station Verna
2026-01-17T00:26:37.444Z,GA 07 G 9909-VRN(ADVANCE MULTI-PURPOSE),15.36974,73.9360833,0,STOP,At Fire Station Verna,Fire Station Verna
2026-01-17T00:26:37.444Z,GA 07 G 1942-VAP(QUICK RESPONSE),15.5310033,74.138745,0,STOP,At Fire Station Valpoi ,Fire Station Valpoi
2026-01-17T00:26:37.444Z,GA 07 G 2003-CUR(QUICK RESPONSE),15.2604016,74.1031166,0,STOP,At Fire Station Curchorem,Fire Station Curchorem
2026-01-17T00:26:37.444Z,GA 07 G 7447-CUR(EMERGENCY RESCUE),15.260415,74.10376,0,STOP,At Fire Station Curchorem,Fire Station Curchorem
2026-01-17T00:26:37.444Z,GA 07 G 7557-CUR(WATER TENDER),15.2604083,74.1034266,0,STOP,At Fire Station Curchorem,Fire Station Curchorem
2026-01-17T00:26:37.444Z,GA 07 G 7667-CUR(WATER BOUSER),15.2602533,74.1037266,0,STOP,At Fire Station Curchorem,Fire Station Curchorem
2026-01-17T00:26:37.444Z,GA 07 G 4989-KUN(WATER TENDER),15.4632383,73.9724617,0,STOP,At Fire Station Kundaim,Fire Station Kundaim
2026-01-17T00:26:37.444Z,GA 07 G 2242-PIL(WATER TENDER),15.5329344,73.7940983,0,STOP,At Fire Station Pilerne,Fire Station Pilerne
2026-01-17T00:26:37.444Z,GA 07 G 0681-MAP(QUICK RESPONSE),15.58978,73.808805,0,STOP,At Fire Station Mapusa,Fire Station Mapusa
2026-01-17T00:26:37.444Z,GA 07 G 0307-PER(QUICK RESPONSE),15.7164939,73.7974239,0,INACTIVE,At Fire Station Pernem,Fire Station Pernem
2026-01-17T00:26:37.444Z,GA 07 G 2101-PER(MS WATER TENDER),15.7164572,73.7975456,0,STOP,At Fire Station Pernem,Fire Station Pernem
2026-01-17T00:26:37.444Z,GA 07 G 4600-PER(MINI RESCUE TENDER),15.7165267,73.7975289,0,STOP,At Fire Station Pernem,Fire Station Pernem
2026-01-17T00:26:37.444Z,GA 07 G 7272-PNJ(WATER TENDER),15.4880722,73.8173878,0,STOP,"Goa College of Home Science, Dayanand Bandodkar Road, Opposite Parade Ground Campal,, Panaji, Goa (SE)",Fire Station Panaji
2026-01-17T00:26:37.444Z,GA07G2384- Cuncolim,15.1861639,74.0211006,0,STOP,At Fire Station Cuncolim,Fire Station Cuncolim
2026-01-17T00:26:37.444Z,GA07G2507 - PER Mid Size (Water Tender),15.716485,73.7975017,0,STOP,At Fire Station Pernem,Fire Station Pernem
2026-01-17T00:26:37.444Z,GA07G2505 - VAP Mid Size (Water Tender),15.5309717,74.1385667,0,STOP,At Fire Station Valpoi ,Fire Station Valpoi
2026-01-17T00:26:37.444Z,GA07G2504 - BIC Mid Size (Water Tender),15.589485,73.9466967,0,STOP,At Fire Station Bicholim ,Fire Station Bicholim
2026-01-17T00:26:37.444Z,GA07G2503- MAP Mid Size (Water Tender),15.5899483,73.808635,0,STOP,At Fire Station Mapusa,Fire Station Mapusa
2026-01-17T00:26:37.444Z,GA07G2502 - FFHQ Mid Size (Water Tender),15.4868,73.8171867,0,STOP,"Caculo Mall, 16 Shanta, St Inez Rd, Caculo Enclave, Santa Inez, Panaji, Goa (NW)",Fire Force Headquarters
2026-01-17T00:27:39.604Z,GA 07 G 0680-PIL(QUICK RESPONSE VEHICLE),15.52289,73.8294267,0,STOP,At Porvorim Fire Station,Fire Station Pilerne
2026-01-17T00:27:39.604Z,GA07G2506 - OLG Mid Size (Water Tender),15.500308,73.91407,0,STOP,At Fire Station Old Goa,Fire Station Old Goa
2026-01-17T00:27:39.604Z,GA 07 G 5115-POR(MINI WATER TENDER),15.52334,73.829453,0,STOP,At Porvorim Fire Station,Fire Station Porvorim
2026-01-17T00:27:39.604Z,GA 07 G 0350-MRG(WATER TENDER),15.269438,73.970627,0,STOP,At Fire Station Margoa,Fire Station Margao
2026-01-17T00:27:39.604Z,GA 07 G 2900-MAP(MINI RESCUE TENDER),15.58999,73.808624,0,STOP,At Fire Station Mapusa,Fire Station Mapusa
2026-01-17T00:27:39.604Z,GA 07 G 7600-FFHQ(WATER BOUSER),15.487132,73.817329,0,STOP,"Caculo Mall, 16 Shanta, St Inez Rd, Caculo Enclave, Santa Inez, Panaji, Goa (NW)",Fire Force Headquarters
2026-01-17T00:27:39.604Z,GA 07 G 2002-FFHQ(TURN TABLE LADDER),15.487413,73.817276,0,STOP,"Caculo Mall, 16 Shanta, St Inez Rd, Caculo Enclave, Santa Inez, Panaji, Goa (NW)",Fire Force Headquarters
2026-01-17T00:27:39.604Z,GA 07 G 7101-FFHQ(WATER TENDER),15.48682,73.816971,0,STOP,"Caculo Mall, 16 Shanta, St Inez Rd, Caculo Enclave, Santa Inez, Panaji, Goa (NW)",Fire Force Headquarters
2026-01-17T00:27:39.604Z,GA 07 G 7677-FFHQ(EMERGENCY RESCUE),15.487177,73.817001,0,STOP,"Caculo Mall, 16 Shanta, St Inez Rd, Caculo Enclave, Santa Inez, Panaji, Goa (NW)",Fire Force Headquarters
2026-01-17T00:27:39.604Z,GA 07 G 1121-PNJ(EMERGENCY RESCUE),15.487333,73.817299,0,STOP,"Caculo Mall, 16 Shanta, St Inez Rd, Caculo Enclave, Santa Inez, Panaji, Goa (NW)",Fire Station Panaji
2026-01-17T00:27:39.604Z,GA 07 G 1571-FFHQ(QUICK RESPONSE),15.486457,73.817513,0,STOP,"Caculo Mall, 16 Shanta, St Inez Rd, Caculo Enclave, Santa Inez, Panaji, Goa (SW)",Fire Force Headquarters
2026-01-17T00:27:39.604Z,GA 07 G 8101-MAP(WATER TENDER),15.589972,73.808624,0,STOP,At Fire Station Mapusa,Fire Station Mapusa
2026-01-17T00:27:39.604Z,GA 07 G 2317-MRG(EMERGENCY RESCUE TENDER),15.2694116,73.9701666,0,STOP,At Fire Station Margoa,Fire Station Margao
2026-01-17T00:27:39.604Z,GA 07 G 1570-VAS(QUICK RESPONSE FIRE TENDER),15.3887733,73.8513266,0,STOP,At Fire Station Vasco,Fire Station Vasco
2026-01-17T00:27:39.604Z,GA 07 G 4101-VAS(MS WATER TENDER),15.3888166,73.851285,0,STOP,At Fire Station Vasco,Fire Station Vasco
2026-01-17T00:27:39.604Z,GA 07 G 0819-VAS(WATER/FOAM TENDER),15.38905,73.8510983,0,IDLE,At Fire Station Vasco,Fire Station Vasco
2026-01-17T00:27:39.604Z,GA 07 G 7100-MRG(WATER BOUSER),15.269415,73.969995,0,STOP,At Fire Station Margoa,Fire Station Margao
2026-01-17T00:27:39.604Z,GA 07 G 1568-MRG(QUICK RESPONSE ),15.2693416,73.9705166,0,STOP,At Fire Station Margoa,Fire Station Margao
2026-01-17T00:27:39.604Z,GA 07 G 6101-MRG(WATER TENDER),15.2694116,73.970255,0,STOP,At Fire Station Margoa,Fire Station Margao
2026-01-17T00:27:39.604Z,GA 07 G 1001-MRG(AERIAL LADDER PLATFORM),15.26938,73.9701583,0,STOP,At Fire Station Margoa,Fire Station Margao
2026-01-17T00:27:39.604Z,GA 07 G 0820-BIC(WATER TEDNER),15.4027967,74.0028217,0,STOP,At Fire Station Ponda ,Fire Station Bicholim
2026-01-17T00:27:39.604Z,GA 07 G 5101-OLG(MS WATER TENDER),15.500265,73.9139483,0,STOP,At Fire Station Old Goa,Fire Station Old Goa
2026-01-17T00:27:39.604Z,GA 07 G 3101-BIC(MS WATER TENDER),15.5893433,73.9465416,0,STOP,At Fire Station Bicholim ,Fire Station Bicholim
2026-01-17T00:27:39.604Z,GA 07 G 1941-BIC(QUICK RESPONSE),15.5894533,73.9467116,0,STOP,At Fire Station Bicholim ,Fire Station Bicholim
2026-01-17T00:27:39.604Z,GA 07 G 2319-VAS (EMERGENCY RESCUE TENDER),15.3900983,73.8532383,0,STOP,"Zuari Rd, Holy Cross Colony, Dabolim, Goa (SE)",Fire Station Vasco
2026-01-17T00:27:39.604Z,GA 07 G 3737-VAP(WATER TENDER),15.5310533,74.1388916,0,STOP,At Fire Station Valpoi ,Fire Station Valpoi
2026-01-17T00:27:39.604Z,GA 07 G 2318-PND(EMERGENCY RESCUE TENDER),15.4028033,74.00293,0,STOP,At Fire Station Ponda ,Fire Station Ponda
2026-01-17T00:27:39.604Z,GA 07 G 2004-PND(QUICK RESPONSE),15.4141016,73.9073083,0,INACTIVE,"Guru Hotel, Old Ferry Road, Agaçaim, Goa (SE)",Fire Station Ponda
2026-01-17T00:27:39.604Z,GA 07 G 9101-PND(WATER TENDER),15.4027033,74.0028733,0,STOP,At Fire Station Ponda ,Fire Station Ponda
2026-01-17T00:27:39.604Z,GA 07 G 9797-PND(WATER BOUSER),15.4027999,74.0027016,0,STOP,At Fire Station Ponda ,Fire Station Ponda
2026-01-17T00:27:39.604Z,GA 07 G 6363-CAN(WATER TENDER),15.02361,74.04406,0,INACTIVE,"Canacona, The Lalitrajbaga ,Canacona, Canacona, Goa (NE)",Fire Station Canacona
2026-01-17T00:27:39.604Z,GA 07 G 1567-CAN(QUICK RESPONSE FT),15.0233599,74.0440833,0,INACTIVE,"Canacona, The Lalitrajbaga ,Canacona, Canacona, Goa (NE)",Fire Station Canacona
2026-01-17T00:27:39.604Z,GA 07 G 1569-VRN(QUICK RESPONSE),15.369545,73.9355216,0,STOP,At Fire Station Verna,Fire Station Verna
2026-01-17T00:27:39.604Z,GA 07 G 9909-VRN(ADVANCE MULTI-PURPOSE),15.36974,73.9360833,0,STOP,At Fire Station Verna,Fire Station Verna
2026-01-17T00:27:39.604Z,GA 07 G 1942-VAP(QUICK RESPONSE),15.5310033,74.138745,0,STOP,At Fire Station Valpoi ,Fire Station Valpoi
2026-01-17T00:27:39.604Z,GA 07 G 2003-CUR(QUICK RESPONSE),15.2604016,74.1031166,0,STOP,At Fire Station Curchorem,Fire Station Curchorem
2026-01-17T00:27:39.604Z,GA 07 G 7447-CUR(EMERGENCY RESCUE),15.260415,74.10376,0,STOP,At Fire Station Curchorem,Fire Station Curchorem
2026-01-17T00:27:39.604Z,GA 07 G 7557-CUR(WATER TENDER),15.2604083,74.1034266,0,STOP,At Fire Station Curchorem,Fire Station Curchorem
2026-01-17T00:27:39.604Z,GA 07 G 7667-CUR(WATER BOUSER),15.2602533,74.1037266,0,STOP,At Fire Station Curchorem,Fire Station Curchorem
2026-01-17T00:27:39.604Z,GA 07 G 4989-KUN(WATER TENDER),15.4632383,73.9724617,0,STOP,At Fire Station Kundaim,Fire Station Kundaim
2026-01-17T00:27:39.604Z,GA 07 G 2242-PIL(WATER TENDER),15.5329344,73.7940983,0,STOP,At Fire Station Pilerne,Fire Station Pilerne
2026-01-17T00:27:39.604Z,GA 07 G 0681-MAP(QUICK RESPONSE),15.58978,73.808805,0,STOP,At Fire Station Mapusa,Fire Station Mapusa
2026-01-17T00:27:39.604Z,GA 07 G 0307-PER(QUICK RESPONSE),15.7164939,73.7974239,0,INACTIVE,At Fire Station Pernem,Fire Station Pernem
2026-01-17T00:27:39.604Z,GA 07 G 2101-PER(MS WATER TENDER),15.7164572,73.7975456,0,STOP,At Fire Station Pernem,Fire Station Pernem
2026-01-17T00:27:39.604Z,GA 07 G 4600-PER(MINI RESCUE TENDER),15.7165267,73.7975289,0,STOP,At Fire Station Pernem,Fire Station Pernem
2026-01-17T00:27:39.604Z,GA 07 G 7272-PNJ(WATER TENDER),15.4880722,73.8173878,0,STOP,"Goa College of Home Science, Dayanand Bandodkar Road, Opposite Parade Ground Campal,, Panaji, Goa (SE)",Fire Station Panaji
2026-01-17T00:27:39.604Z,GA07G2384- Cuncolim,15.1861639,74.0211006,0,STOP,At Fire Station Cuncolim,Fire Station Cuncolim
2026-01-17T00:27:39.604Z,GA07G2507 - PER Mid Size (Water Tender),15.716485,73.7975017,0,STOP,At Fire Station Pernem,Fire Station Pernem
2026-01-17T00:27:39.604Z,GA07G2505 - VAP Mid Size (Water Tender),15.5309717,74.1385667,0,STOP,At Fire Station Valpoi ,Fire Station Valpoi
2026-01-17T00:27:39.604Z,GA07G2504 - BIC Mid Size (Water Tender),15.589485,73.9466967,0,STOP,At Fire Station Bicholim ,Fire Station Bicholim
2026-01-17T00:27:39.604Z,GA07G2503- MAP Mid Size (Water Tender),15.5899483,73.808635,0,STOP,At Fire Station Mapusa,Fire Station Mapusa
2026-01-17T00:27:39.604Z,GA07G2502 - FFHQ Mid Size (Water Tender),15.4868,73.8171867,0,STOP,"Caculo Mall, 16 Shanta, St Inez Rd, Caculo Enclave, Santa Inez, Panaji, Goa (NW)",Fire Force Headquarters
2026-01-17T00:28:45.436Z,GA 07 G 0680-PIL(QUICK RESPONSE VEHICLE),15.52289,73.8294267,0,STOP,At Porvorim Fire Station,Fire Station Pilerne
2026-01-17T00:28:45.436Z,GA07G2506 - OLG Mid Size (Water Tender),15.500308,73.91407,0,STOP,At Fire Station Old Goa,Fire Station Old Goa
2026-01-17T00:28:45.436Z,GA 07 G 5115-POR(MINI WATER TENDER),15.52334,73.829453,0,STOP,At Porvorim Fire Station,Fire Station Porvorim
2026-01-17T00:28:45.436Z,GA 07 G 0350-MRG(WATER TENDER),15.269438,73.970627,0,STOP,At Fire Station Margoa,Fire Station Margao
2026-01-17T00:28:45.436Z,GA 07 G 2900-MAP(MINI RESCUE TENDER),15.58999,73.808624,0,STOP,At Fire Station Mapusa,Fire Station Mapusa
2026-01-17T00:28:45.436Z,GA 07 G 7600-FFHQ(WATER BOUSER),15.487132,73.817329,0,STOP,"Caculo Mall, 16 Shanta, St Inez Rd, Caculo Enclave, Santa Inez, Panaji, Goa (NW)",Fire Force Headquarters
2026-01-17T00:28:45.436Z,GA 07 G 2002-FFHQ(TURN TABLE LADDER),15.487413,73.817276,0,STOP,"Caculo Mall, 16 Shanta, St Inez Rd, Caculo Enclave, Santa Inez, Panaji, Goa (NW)",Fire Force Headquarters
2026-01-17T00:28:45.436Z,GA 07 G 7101-FFHQ(WATER TENDER),15.48682,73.816971,0,STOP,"Caculo Mall, 16 Shanta, St Inez Rd, Caculo Enclave, Santa Inez, Panaji, Goa (NW)",Fire Force Headquarters
2026-01-17T00:28:45.436Z,GA 07 G 7677-FFHQ(EMERGENCY RESCUE),15.487177,73.817001,0,STOP,"Caculo Mall, 16 Shanta, St Inez Rd, Caculo Enclave, Santa Inez, Panaji, Goa (NW)",Fire Force Headquarters
2026-01-17T00:28:45.436Z,GA 07 G 1121-PNJ(EMERGENCY RESCUE),15.487333,73.817299,0,STOP,"Caculo Mall, 16 Shanta, St Inez Rd, Caculo Enclave, Santa Inez, Panaji, Goa (NW)",Fire Station Panaji
2026-01-17T00:28:45.436Z,GA 07 G 1571-FFHQ(QUICK RESPONSE),15.486457,73.817513,0,STOP,"Caculo Mall, 16 Shanta, St Inez Rd, Caculo Enclave, Santa Inez, Panaji, Goa (SW)",Fire Force Headquarters
2026-01-17T00:28:45.436Z,GA 07 G 8101-MAP(WATER TENDER),15.589972,73.808624,0,STOP,At Fire Station Mapusa,Fire Station Mapusa
2026-01-17T00:28:45.436Z,GA 07 G 2317-MRG(EMERGENCY RESCUE TENDER),15.2694116,73.9701666,0,STOP,At Fire Station Margoa,Fire Station Margao
2026-01-17T00:28:45.436Z,GA 07 G 1570-VAS(QUICK RESPONSE FIRE TENDER),15.3887733,73.8513266,0,STOP,At Fire Station Vasco,Fire Station Vasco
2026-01-17T00:28:45.436Z,GA 07 G 4101-VAS(MS WATER TENDER),15.3888166,73.851285,0,STOP,At Fire Station Vasco,Fire Station Vasco
2026-01-17T00:28:45.436Z,GA 07 G 0819-VAS(WATER/FOAM TENDER),15.38905,73.8510983,0,IDLE,At Fire Station Vasco,Fire Station Vasco
2026-01-17T00:28:45.436Z,GA 07 G 7100-MRG(WATER BOUSER),15.269415,73.969995,0,STOP,At Fire Station Margoa,Fire Station Margao
2026-01-17T00:28:45.436Z,GA 07 G 1568-MRG(QUICK RESPONSE ),15.2693416,73.9705166,0,STOP,At Fire Station Margoa,Fire Station Margao
2026-01-17T00:28:45.436Z,GA 07 G 6101-MRG(WATER TENDER),15.2694116,73.970255,0,STOP,At Fire Station Margoa,Fire Station Margao
2026-01-17T00:28:45.436Z,GA 07 G 1001-MRG(AERIAL LADDER PLATFORM),15.26938,73.9701583,0,STOP,At Fire Station Margoa,Fire Station Margao
2026-01-17T00:28:45.436Z,GA 07 G 0820-BIC(WATER TEDNER),15.4027967,74.0028217,0,STOP,At Fire Station Ponda ,Fire Station Bicholim
2026-01-17T00:28:45.436Z,GA 07 G 5101-OLG(MS WATER TENDER),15.500265,73.9139483,0,STOP,At Fire Station Old Goa,Fire Station Old Goa
2026-01-17T00:28:45.436Z,GA 07 G 3101-BIC(MS WATER TENDER),15.5893433,73.9465416,0,STOP,At Fire Station Bicholim ,Fire Station Bicholim
2026-01-17T00:28:45.436Z,GA 07 G 1941-BIC(QUICK RESPONSE),15.5894533,73.9467116,0,STOP,At Fire Station Bicholim ,Fire Station Bicholim
2026-01-17T00:28:45.436Z,GA 07 G 2319-VAS (EMERGENCY RESCUE TENDER),15.3900983,73.8532383,0,STOP,"Zuari Rd, Holy Cross Colony, Dabolim, Goa (SE)",Fire Station Vasco
2026-01-17T00:28:45.436Z,GA 07 G 3737-VAP(WATER TENDER),15.5310533,74.1388916,0,STOP,At Fire Station Valpoi ,Fire Station Valpoi
2026-01-17T00:28:45.436Z,GA 07 G 2318-PND(EMERGENCY RESCUE TENDER),15.4028033,74.00293,0,STOP,At Fire Station Ponda ,Fire Station Ponda
2026-01-17T00:28:45.436Z,GA 07 G 2004-PND(QUICK RESPONSE),15.4141016,73.9073083,0,INACTIVE,"Guru Hotel, Old Ferry Road, Agaçaim, Goa (SE)",Fire Station Ponda
2026-01-17T00:28:45.436Z,GA 07 G 9101-PND(WATER TENDER),15.4027033,74.0028733,0,STOP,At Fire Station Ponda ,Fire Station Ponda
2026-01-17T00:28:45.436Z,GA 07 G 9797-PND(WATER BOUSER),15.4027999,74.0027016,0,STOP,At Fire Station Ponda ,Fire Station Ponda
2026-01-17T00:28:45.436Z,GA 07 G 6363-CAN(WATER TENDER),15.02361,74.04406,0,INACTIVE,"Canacona, The Lalitrajbaga ,Canacona, Canacona, Goa (NE)",Fire Station Canacona
2026-01-17T00:28:45.436Z,GA 07 G 1567-CAN(QUICK RESPONSE FT),15.0233599,74.0440833,0,INACTIVE,"Canacona, The Lalitrajbaga ,Canacona, Canacona, Goa (NE)",Fire Station Canacona
2026-01-17T00:28:45.436Z,GA 07 G 1569-VRN(QUICK RESPONSE),15.369545,73.9355216,0,STOP,At Fire Station Verna,Fire Station Verna
2026-01-17T00:28:45.436Z,GA 07 G 9909-VRN(ADVANCE MULTI-PURPOSE),15.36974,73.9360833,0,STOP,At Fire Station Verna,Fire Station Verna
2026-01-17T00:28:45.436Z,GA 07 G 1942-VAP(QUICK RESPONSE),15.5310033,74.138745,0,STOP,At Fire Station Valpoi ,Fire Station Valpoi
2026-01-17T00:28:45.436Z,GA 07 G 2003-CUR(QUICK RESPONSE),15.2604016,74.1031166,0,STOP,At Fire Station Curchorem,Fire Station Curchorem
2026-01-17T00:28:45.436Z,GA 07 G 7447-CUR(EMERGENCY RESCUE),15.260415,74.10376,0,STOP,At Fire Station Curchorem,Fire Station Curchorem
2026-01-17T00:28:45.436Z,GA 07 G 7557-CUR(WATER TENDER),15.2604083,74.1034266,0,STOP,At Fire Station Curchorem,Fire Station Curchorem
2026-01-17T00:28:45.436Z,GA 07 G 7667-CUR(WATER BOUSER),15.2602533,74.1037266,0,STOP,At Fire Station Curchorem,Fire Station Curchorem
2026-01-17T00:28:45.436Z,GA 07 G 4989-KUN(WATER TENDER),15.4632383,73.9724617,0,STOP,At Fire Station Kundaim,Fire Station Kundaim
2026-01-17T00:28:45.436Z,GA 07 G 2242-PIL(WATER TENDER),15.5329344,73.7940983,0,STOP,At Fire Station Pilerne,Fire Station Pilerne
2026-01-17T00:28:45.436Z,GA 07 G 0681-MAP(QUICK RESPONSE),15.58978,73.808805,0,STOP,At Fire Station Mapusa,Fire Station Mapusa
2026-01-17T00:28:45.436Z,GA 07 G 0307-PER(QUICK RESPONSE),15.7164939,73.7974239,0,INACTIVE,At Fire Station Pernem,Fire Station Pernem
2026-01-17T00:28:45.436Z,GA 07 G 2101-PER(MS WATER TENDER),15.7164572,73.7975456,0,STOP,At Fire Station Pernem,Fire Station Pernem
2026-01-17T00:28:45.436Z,GA 07 G 4600-PER(MINI RESCUE TENDER),15.7165267,73.7975289,0,STOP,At Fire Station Pernem,Fire Station Pernem
2026-01-17T00:28:45.436Z,GA 07 G 7272-PNJ(WATER TENDER),15.4880722,73.8173878,0,STOP,"Goa College of Home Science, Dayanand Bandodkar Road, Opposite Parade Ground Campal,, Panaji, Goa (SE)",Fire Station Panaji
2026-01-17T00:28:45.436Z,GA07G2384- Cuncolim,15.1861639,74.0211006,0,STOP,At Fire Station Cuncolim,Fire Station Cuncolim
2026-01-17T00:28:45.436Z,GA07G2507 - PER Mid Size (Water Tender),15.716485,73.7975017,0,STOP,At Fire Station Pernem,Fire Station Pernem
2026-01-17T00:28:45.436Z,GA07G2505 - VAP Mid Size (Water Tender),15.5309717,74.1385667,0,STOP,At Fire Station Valpoi ,Fire Station Valpoi
2026-01-17T00:28:45.436Z,GA07G2504 - BIC Mid Size (Water Tender),15.589485,73.9466967,0,STOP,At Fire Station Bicholim ,Fire Station Bicholim
2026-01-17T00:28:45.436Z,GA07G2503- MAP Mid Size (Water Tender),15.5899483,73.808635,0,STOP,At Fire Station Mapusa,Fire Station Mapusa
2026-01-17T00:28:45.436Z,GA07G2502 - FFHQ Mid Size (Water Tender),15.4868,73.8171867,0,STOP,"Caculo Mall, 16 Shanta, St Inez Rd, Caculo Enclave, Santa Inez, Panaji, Goa (NW)",Fire Force Headquarters
2026-01-17T00:30:09.361Z,GA 07 G 0680-PIL(QUICK RESPONSE VEHICLE),15.52289,73.8294267,0,STOP,At Porvorim Fire Station,Fire Station Pilerne
2026-01-17T00:30:09.361Z,GA07G2506 - OLG Mid Size (Water Tender),15.500308,73.91407,0,STOP,At Fire Station Old Goa,Fire Station Old Goa
2026-01-17T00:30:09.361Z,GA 07 G 5115-POR(MINI WATER TENDER),15.52334,73.829453,0,STOP,At Porvorim Fire Station,Fire Station Porvorim
2026-01-17T00:30:09.361Z,GA 07 G 0350-MRG(WATER TENDER),15.269438,73.970627,0,STOP,At Fire Station Margoa,Fire Station Margao
2026-01-17T00:30:09.361Z,GA 07 G 2900-MAP(MINI RESCUE TENDER),15.58999,73.808624,0,STOP,At Fire Station Mapusa,Fire Station Mapusa
2026-01-17T00:30:09.361Z,GA 07 G 7600-FFHQ(WATER BOUSER),15.487132,73.817329,0,STOP,"Caculo Mall, 16 Shanta, St Inez Rd, Caculo Enclave, Santa Inez, Panaji, Goa (NW)",Fire Force Headquarters
2026-01-17T00:30:09.361Z,GA 07 G 2002-FFHQ(TURN TABLE LADDER),15.487413,73.817276,0,STOP,"Caculo Mall, 16 Shanta, St Inez Rd, Caculo Enclave, Santa Inez, Panaji, Goa (NW)",Fire Force Headquarters
2026-01-17T00:30:09.361Z,GA 07 G 7101-FFHQ(WATER TENDER),15.48682,73.816971,0,STOP,"Caculo Mall, 16 Shanta, St Inez Rd, Caculo Enclave, Santa Inez, Panaji, Goa (NW)",Fire Force Headquarters
2026-01-17T00:30:09.361Z,GA 07 G 7677-FFHQ(EMERGENCY RESCUE),15.487177,73.817001,0,STOP,"Caculo Mall, 16 Shanta, St Inez Rd, Caculo Enclave, Santa Inez, Panaji, Goa (NW)",Fire Force Headquarters
2026-01-17T00:30:09.361Z,GA 07 G 1121-PNJ(EMERGENCY RESCUE),15.487333,73.817299,0,STOP,"Caculo Mall, 16 Shanta, St Inez Rd, Caculo Enclave, Santa Inez, Panaji, Goa (NW)",Fire Station Panaji
2026-01-17T00:30:09.361Z,GA 07 G 1571-FFHQ(QUICK RESPONSE),15.486457,73.817513,0,STOP,"Caculo Mall, 16 Shanta, St Inez Rd, Caculo Enclave, Santa Inez, Panaji, Goa (SW)",Fire Force Headquarters
2026-01-17T00:30:09.361Z,GA 07 G 8101-MAP(WATER TENDER),15.589972,73.808624,0,STOP,At Fire Station Mapusa,Fire Station Mapusa
2026-01-17T00:30:09.361Z,GA 07 G 2317-MRG(EMERGENCY RESCUE TENDER),15.2694116,73.9701666,0,STOP,At Fire Station Margoa,Fire Station Margao
2026-01-17T00:30:09.361Z,GA 07 G 1570-VAS(QUICK RESPONSE FIRE TENDER),15.3887733,73.8513266,0,STOP,At Fire Station Vasco,Fire Station Vasco
2026-01-17T00:30:09.361Z,GA 07 G 4101-VAS(MS WATER TENDER),15.3888166,73.851285,0,STOP,At Fire Station Vasco,Fire Station Vasco
2026-01-17T00:30:09.361Z,GA 07 G 0819-VAS(WATER/FOAM TENDER),15.38905,73.8510983,0,IDLE,At Fire Station Vasco,Fire Station Vasco
2026-01-17T00:30:09.361Z,GA 07 G 7100-MRG(WATER BOUSER),15.269415,73.969995,0,STOP,At Fire Station Margoa,Fire Station Margao
2026-01-17T00:30:09.361Z,GA 07 G 1568-MRG(QUICK RESPONSE ),15.2693416,73.9705166,0,STOP,At Fire Station Margoa,Fire Station Margao
2026-01-17T00:30:09.361Z,GA 07 G 6101-MRG(WATER TENDER),15.2694116,73.970255,0,STOP,At Fire Station Margoa,Fire Station Margao
2026-01-17T00:30:09.361Z,GA 07 G 1001-MRG(AERIAL LADDER PLATFORM),15.26938,73.9701583,0,STOP,At Fire Station Margoa,Fire Station Margao
2026-01-17T00:30:09.361Z,GA 07 G 0820-BIC(WATER TEDNER),15.4027967,74.0028217,0,STOP,At Fire Station Ponda ,Fire Station Bicholim
2026-01-17T00:30:09.361Z,GA 07 G 5101-OLG(MS WATER TENDER),15.500265,73.9139483,0,STOP,At Fire Station Old Goa,Fire Station Old Goa
2026-01-17T00:30:09.361Z,GA 07 G 3101-BIC(MS WATER TENDER),15.5893433,73.9465416,0,STOP,At Fire Station Bicholim ,Fire Station Bicholim
2026-01-17T00:30:09.361Z,GA 07 G 1941-BIC(QUICK RESPONSE),15.5894533,73.9467116,0,STOP,At Fire Station Bicholim ,Fire Station Bicholim
2026-01-17T00:30:09.361Z,GA 07 G 2319-VAS (EMERGENCY RESCUE TENDER),15.3900983,73.8532383,0,STOP,"Zuari Rd, Holy Cross Colony, Dabolim, Goa (SE)",Fire Station Vasco
2026-01-17T00:30:09.361Z,GA 07 G 3737-VAP(WATER TENDER),15.5310533,74.1388916,0,STOP,At Fire Station Valpoi ,Fire Station Valpoi
2026-01-17T00:30:09.361Z,GA 07 G 2318-PND(EMERGENCY RESCUE TENDER),15.4028033,74.00293,0,STOP,At Fire Station Ponda ,Fire Station Ponda
2026-01-17T00:30:09.361Z,GA 07 G 2004-PND(QUICK RESPONSE),15.4141016,73.9073083,0,INACTIVE,"Guru Hotel, Old Ferry Road, Agaçaim, Goa (SE)",Fire Station Ponda
2026-01-17T00:30:09.361Z,GA 07 G 9101-PND(WATER TENDER),15.4027033,74.0028733,0,STOP,At Fire Station Ponda ,Fire Station Ponda
2026-01-17T00:30:09.361Z,GA 07 G 9797-PND(WATER BOUSER),15.4027999,74.0027016,0,STOP,At Fire Station Ponda ,Fire Station Ponda
2026-01-17T00:30:09.361Z,GA 07 G 6363-CAN(WATER TENDER),15.02361,74.04406,0,INACTIVE,"Canacona, The Lalitrajbaga ,Canacona, Canacona, Goa (NE)",Fire Station Canacona
2026-01-17T00:30:09.361Z,GA 07 G 1567-CAN(QUICK RESPONSE FT),15.0233599,74.0440833,0,INACTIVE,"Canacona, The Lalitrajbaga ,Canacona, Canacona, Goa (NE)",Fire Station Canacona
2026-01-17T00:30:09.361Z,GA 07 G 1569-VRN(QUICK RESPONSE),15.369545,73.9355216,0,STOP,At Fire Station Verna,Fire Station Verna
2026-01-17T00:30:09.361Z,GA 07 G 9909-VRN(ADVANCE MULTI-PURPOSE),15.36974,73.9360833,0,STOP,At Fire Station Verna,Fire Station Verna
2026-01-17T00:30:09.361Z,GA 07 G 1942-VAP(QUICK RESPONSE),15.5310033,74.138745,0,STOP,At Fire Station Valpoi ,Fire Station Valpoi
2026-01-17T00:30:09.361Z,GA 07 G 2003-CUR(QUICK RESPONSE),15.2604016,74.1031166,0,STOP,At Fire Station Curchorem,Fire Station Curchorem
2026-01-17T00:30:09.361Z,GA 07 G 7447-CUR(EMERGENCY RESCUE),15.260415,74.10376,0,STOP,At Fire Station Curchorem,Fire Station Curchorem
2026-01-17T00:30:09.361Z,GA 07 G 7557-CUR(WATER TENDER),15.2604083,74.1034266,0,STOP,At Fire Station Curchorem,Fire Station Curchorem
2026-01-17T00:30:09.361Z,GA 07 G 7667-CUR(WATER BOUSER),15.2602533,74.1037266,0,STOP,At Fire Station Curchorem,Fire Station Curchorem
2026-01-17T00:30:09.361Z,GA 07 G 4989-KUN(WATER TENDER),15.4632383,73.9724617,0,STOP,At Fire Station Kundaim,Fire Station Kundaim
2026-01-17T00:30:09.361Z,GA 07 G 2242-PIL(WATER TENDER),15.5329344,73.7940983,0,STOP,At Fire Station Pilerne,Fire Station Pilerne
2026-01-17T00:30:09.361Z,GA 07 G 0681-MAP(QUICK RESPONSE),15.58978,73.808805,0,STOP,At Fire Station Mapusa,Fire Station Mapusa
2026-01-17T00:30:09.361Z,GA 07 G 0307-PER(QUICK RESPONSE),15.7164939,73.7974239,0,INACTIVE,At Fire Station Pernem,Fire Station Pernem
2026-01-17T00:30:09.361Z,GA 07 G 2101-PER(MS WATER TENDER),15.7164572,73.7975456,0,STOP,At Fire Station Pernem,Fire Station Pernem
2026-01-17T00:30:09.361Z,GA 07 G 4600-PER(MINI RESCUE TENDER),15.7165267,73.7975289,0,STOP,At Fire Station Pernem,Fire Station Pernem
2026-01-17T00:30:09.361Z,GA 07 G 7272-PNJ(WATER TENDER),15.4880722,73.8173878,0,STOP,"Goa College of Home Science, Dayanand Bandodkar Road, Opposite Parade Ground Campal,, Panaji, Goa (SE)",Fire Station Panaji
2026-01-17T00:30:09.361Z,GA07G2384- Cuncolim,15.1861639,74.0211006,0,STOP,At Fire Station Cuncolim,Fire Station Cuncolim
2026-01-17T00:30:09.361Z,GA07G2507 - PER Mid Size (Water Tender),15.716485,73.7975017,0,STOP,At Fire Station Pernem,Fire Station Pernem
2026-01-17T00:30:09.361Z,GA07G2505 - VAP Mid Size (Water Tender),15.5309717,74.1385667,0,STOP,At Fire Station Valpoi ,Fire Station Valpoi
2026-01-17T00:30:09.361Z,GA07G2504 - BIC Mid Size (Water Tender),15.589485,73.9466967,0,STOP,At Fire Station Bicholim ,Fire Station Bicholim
2026-01-17T00:30:09.361Z,GA07G2503- MAP Mid Size (Water Tender),15.5899483,73.808635,0,STOP,At Fire Station Mapusa,Fire Station Mapusa
2026-01-17T00:30:09.361Z,GA07G2502 - FFHQ Mid Size (Water Tender),15.4868,73.8171867,0,STOP,"Caculo Mall, 16 Shanta, St Inez Rd, Caculo Enclave, Santa Inez, Panaji, Goa (NW)",Fire Force Headquarters
2026-01-17T00:30:46.776Z,GA 07 G 0680-PIL(QUICK RESPONSE VEHICLE),15.52289,73.8294267,0,STOP,At Porvorim Fire Station,Fire Station Pilerne
2026-01-17T00:30:46.776Z,GA07G2506 - OLG Mid Size (Water Tender),15.500308,73.91407,0,STOP,At Fire Station Old Goa,Fire Station Old Goa
2026-01-17T00:30:46.776Z,GA 07 G 5115-POR(MINI WATER TENDER),15.52334,73.829453,0,STOP,At Porvorim Fire Station,Fire Station Porvorim
2026-01-17T00:30:46.776Z,GA 07 G 0350-MRG(WATER TENDER),15.269438,73.970627,0,STOP,At Fire Station Margoa,Fire Station Margao
2026-01-17T00:30:46.776Z,GA 07 G 2900-MAP(MINI RESCUE TENDER),15.58999,73.808624,0,STOP,At Fire Station Mapusa,Fire Station Mapusa
2026-01-17T00:30:46.776Z,GA 07 G 7600-FFHQ(WATER BOUSER),15.487132,73.817329,0,STOP,"Caculo Mall, 16 Shanta, St Inez Rd, Caculo Enclave, Santa Inez, Panaji, Goa (NW)",Fire Force Headquarters
2026-01-17T00:30:46.776Z,GA 07 G 2002-FFHQ(TURN TABLE LADDER),15.487413,73.817276,0,STOP,"Caculo Mall, 16 Shanta, St Inez Rd, Caculo Enclave, Santa Inez, Panaji, Goa (NW)",Fire Force Headquarters
2026-01-17T00:30:46.776Z,GA 07 G 7101-FFHQ(WATER TENDER),15.48682,73.816971,0,STOP,"Caculo Mall, 16 Shanta, St Inez Rd, Caculo Enclave, Santa Inez, Panaji, Goa (NW)",Fire Force Headquarters
2026-01-17T00:30:46.776Z,GA 07 G 7677-FFHQ(EMERGENCY RESCUE),15.487177,73.817001,0,STOP,"Caculo Mall, 16 Shanta, St Inez Rd, Caculo Enclave, Santa Inez, Panaji, Goa (NW)",Fire Force Headquarters
2026-01-17T00:30:46.776Z,GA 07 G 1121-PNJ(EMERGENCY RESCUE),15.487333,73.817299,0,STOP,"Caculo Mall, 16 Shanta, St Inez Rd, Caculo Enclave, Santa Inez, Panaji, Goa (NW)",Fire Station Panaji
2026-01-17T00:30:46.776Z,GA 07 G 1571-FFHQ(QUICK RESPONSE),15.486457,73.817513,0,STOP,"Caculo Mall, 16 Shanta, St Inez Rd, Caculo Enclave, Santa Inez, Panaji, Goa (SW)",Fire Force Headquarters
2026-01-17T00:30:46.776Z,GA 07 G 8101-MAP(WATER TENDER),15.589972,73.808624,0,STOP,At Fire Station Mapusa,Fire Station Mapusa
2026-01-17T00:30:46.776Z,GA 07 G 2317-MRG(EMERGENCY RESCUE TENDER),15.2694116,73.9701666,0,STOP,At Fire Station Margoa,Fire Station Margao
2026-01-17T00:30:46.776Z,GA 07 G 1570-VAS(QUICK RESPONSE FIRE TENDER),15.3887733,73.8513266,0,STOP,At Fire Station Vasco,Fire Station Vasco
2026-01-17T00:30:46.776Z,GA 07 G 4101-VAS(MS WATER TENDER),15.3888166,73.851285,0,STOP,At Fire Station Vasco,Fire Station Vasco
2026-01-17T00:30:46.776Z,GA 07 G 0819-VAS(WATER/FOAM TENDER),15.38905,73.8510983,0,IDLE,At Fire Station Vasco,Fire Station Vasco
2026-01-17T00:30:46.776Z,GA 07 G 7100-MRG(WATER BOUSER),15.269415,73.969995,0,STOP,At Fire Station Margoa,Fire Station Margao
2026-01-17T00:30:46.776Z,GA 07 G 1568-MRG(QUICK RESPONSE ),15.2693416,73.9705166,0,STOP,At Fire Station Margoa,Fire Station Margao
2026-01-17T00:30:46.776Z,GA 07 G 6101-MRG(WATER TENDER),15.2694116,73.970255,0,STOP,At Fire Station Margoa,Fire Station Margao
2026-01-17T00:30:46.776Z,GA 07 G 1001-MRG(AERIAL LADDER PLATFORM),15.26938,73.9701583,0,STOP,At Fire Station Margoa,Fire Station Margao
2026-01-17T00:30:46.776Z,GA 07 G 0820-BIC(WATER TEDNER),15.4027967,74.0028217,0,STOP,At Fire Station Ponda ,Fire Station Bicholim
2026-01-17T00:30:46.776Z,GA 07 G 5101-OLG(MS WATER TENDER),15.500265,73.9139483,0,STOP,At Fire Station Old Goa,Fire Station Old Goa
2026-01-17T00:30:46.776Z,GA 07 G 3101-BIC(MS WATER TENDER),15.5893433,73.9465416,0,STOP,At Fire Station Bicholim ,Fire Station Bicholim
2026-01-17T00:30:46.776Z,GA 07 G 1941-BIC(QUICK RESPONSE),15.5894533,73.9467116,0,STOP,At Fire Station Bicholim ,Fire Station Bicholim
2026-01-17T00:30:46.776Z,GA 07 G 2319-VAS (EMERGENCY RESCUE TENDER),15.3900983,73.8532383,0,STOP,"Zuari Rd, Holy Cross Colony, Dabolim, Goa (SE)",Fire Station Vasco
2026-01-17T00:30:46.776Z,GA 07 G 3737-VAP(WATER TENDER),15.5310533,74.1388916,0,STOP,At Fire Station Valpoi ,Fire Station Valpoi
2026-01-17T00:30:46.776Z,GA 07 G 2318-PND(EMERGENCY RESCUE TENDER),15.4028033,74.00293,0,STOP,At Fire Station Ponda ,Fire Station Ponda
2026-01-17T00:30:46.776Z,GA 07 G 2004-PND(QUICK RESPONSE),15.4141016,73.9073083,0,INACTIVE,"Guru Hotel, Old Ferry Road, Agaçaim, Goa (SE)",Fire Station Ponda
2026-01-17T00:30:46.776Z,GA 07 G 9101-PND(WATER TENDER),15.4027033,74.0028733,0,STOP,At Fire Station Ponda ,Fire Station Ponda
2026-01-17T00:30:46.776Z,GA 07 G 9797-PND(WATER BOUSER),15.4027999,74.0027016,0,STOP,At Fire Station Ponda ,Fire Station Ponda
2026-01-17T00:30:46.776Z,GA 07 G 6363-CAN(WATER TENDER),15.02361,74.04406,0,INACTIVE,"Canacona, The Lalitrajbaga ,Canacona, Canacona, Goa (NE)",Fire Station Canacona
2026-01-17T00:30:46.776Z,GA 07 G 1567-CAN(QUICK RESPONSE FT),15.0233599,74.0440833,0,INACTIVE,"Canacona, The Lalitrajbaga ,Canacona, Canacona, Goa (NE)",Fire Station Canacona
2026-01-17T00:30:46.776Z,GA 07 G 1569-VRN(QUICK RESPONSE),15.369545,73.9355216,0,STOP,At Fire Station Verna,Fire Station Verna
2026-01-17T00:30:46.776Z,GA 07 G 9909-VRN(ADVANCE MULTI-PURPOSE),15.36974,73.9360833,0,STOP,At Fire Station Verna,Fire Station Verna
2026-01-17T00:30:46.776Z,GA 07 G 1942-VAP(QUICK RESPONSE),15.5310033,74.138745,0,STOP,At Fire Station Valpoi ,Fire Station Valpoi
2026-01-17T00:30:46.776Z,GA 07 G 2003-CUR(QUICK RESPONSE),15.2604016,74.1031166,0,STOP,At Fire Station Curchorem,Fire Station Curchorem
2026-01-17T00:30:46.776Z,GA 07 G 7447-CUR(EMERGENCY RESCUE),15.260415,74.10376,0,STOP,At Fire Station Curchorem,Fire Station Curchorem
2026-01-17T00:30:46.776Z,GA 07 G 7557-CUR(WATER TENDER),15.2604083,74.1034266,0,STOP,At Fire Station Curchorem,Fire Station Curchorem
2026-01-17T00:30:46.776Z,GA 07 G 7667-CUR(WATER BOUSER),15.2602533,74.1037266,0,STOP,At Fire Station Curchorem,Fire Station Curchorem
2026-01-17T00:30:46.776Z,GA 07 G 4989-KUN(WATER TENDER),15.4632383,73.9724617,0,STOP,At Fire Station Kundaim,Fire Station Kundaim
2026-01-17T00:30:46.776Z,GA 07 G 2242-PIL(WATER TENDER),15.5329344,73.7940983,0,STOP,At Fire Station Pilerne,Fire Station Pilerne
2026-01-17T00:30:46.776Z,GA 07 G 0681-MAP(QUICK RESPONSE),15.58978,73.808805,0,STOP,At Fire Station Mapusa,Fire Station Mapusa
2026-01-17T00:30:46.776Z,GA 07 G 0307-PER(QUICK RESPONSE),15.7164939,73.7974239,0,INACTIVE,At Fire Station Pernem,Fire Station Pernem
2026-01-17T00:30:46.776Z,GA 07 G 2101-PER(MS WATER TENDER),15.7164572,73.7975456,0,STOP,At Fire Station Pernem,Fire Station Pernem
2026-01-17T00:30:46.776Z,GA 07 G 4600-PER(MINI RESCUE TENDER),15.7165267,73.7975289,0,STOP,At Fire Station Pernem,Fire Station Pernem
2026-01-17T00:30:46.776Z,GA 07 G 7272-PNJ(WATER TENDER),15.4880722,73.8173878,0,STOP,"Goa College of Home Science, Dayanand Bandodkar Road, Opposite Parade Ground Campal,, Panaji, Goa (SE)",Fire Station Panaji
2026-01-17T00:30:46.776Z,GA07G2384- Cuncolim,15.1861639,74.0211006,0,STOP,At Fire Station Cuncolim,Fire Station Cuncolim
2026-01-17T00:30:46.776Z,GA07G2507 - PER Mid Size (Water Tender),15.716485,73.7975017,0,STOP,At Fire Station Pernem,Fire Station Pernem
2026-01-17T00:30:46.776Z,GA07G2505 - VAP Mid Size (Water Tender),15.5309717,74.1385667,0,STOP,At Fire Station Valpoi ,Fire Station Valpoi
2026-01-17T00:30:46.776Z,GA07G2504 - BIC Mid Size (Water Tender),15.589485,73.9466967,0,STOP,At Fire Station Bicholim ,Fire Station Bicholim
2026-01-17T00:30:46.776Z,GA07G2503- MAP Mid Size (Water Tender),15.5899483,73.808635,0,STOP,At Fire Station Mapusa,Fire Station Mapusa
2026-01-17T00:30:46.776Z,GA07G2502 - FFHQ Mid Size (Water Tender),15.4868,73.8171867,0,STOP,"Caculo Mall, 16 Shanta, St Inez Rd, Caculo Enclave, Santa Inez, Panaji, Goa (NW)",Fire Force Headquarters
2026-01-17T00:31:43.339Z,GA 07 G 0680-PIL(QUICK RESPONSE VEHICLE),15.52289,73.8294267,0,STOP,At Porvorim Fire Station,Fire Station Pilerne
2026-01-17T00:31:43.339Z,GA07G2506 - OLG Mid Size (Water Tender),15.500308,73.91407,0,STOP,At Fire Station Old Goa,Fire Station Old Goa
2026-01-17T00:31:43.339Z,GA 07 G 5115-POR(MINI WATER TENDER),15.52334,73.829453,0,STOP,At Porvorim Fire Station,Fire Station Porvorim
2026-01-17T00:31:43.339Z,GA 07 G 0350-MRG(WATER TENDER),15.269438,73.970627,0,STOP,At Fire Station Margoa,Fire Station Margao
2026-01-17T00:31:43.339Z,GA 07 G 2900-MAP(MINI RESCUE TENDER),15.58999,73.808624,0,STOP,At Fire Station Mapusa,Fire Station Mapusa
2026-01-17T00:31:43.339Z,GA 07 G 7600-FFHQ(WATER BOUSER),15.487132,73.817329,0,STOP,"Caculo Mall, 16 Shanta, St Inez Rd, Caculo Enclave, Santa Inez, Panaji, Goa (NW)",Fire Force Headquarters
2026-01-17T00:31:43.339Z,GA 07 G 2002-FFHQ(TURN TABLE LADDER),15.487413,73.817276,0,STOP,"Caculo Mall, 16 Shanta, St Inez Rd, Caculo Enclave, Santa Inez, Panaji, Goa (NW)",Fire Force Headquarters
2026-01-17T00:31:43.339Z,GA 07 G 7101-FFHQ(WATER TENDER),15.48682,73.816971,0,STOP,"Caculo Mall, 16 Shanta, St Inez Rd, Caculo Enclave, Santa Inez, Panaji, Goa (NW)",Fire Force Headquarters
2026-01-17T00:31:43.339Z,GA 07 G 7677-FFHQ(EMERGENCY RESCUE),15.487177,73.817001,0,STOP,"Caculo Mall, 16 Shanta, St Inez Rd, Caculo Enclave, Santa Inez, Panaji, Goa (NW)",Fire Force Headquarters
2026-01-17T00:31:43.339Z,GA 07 G 1121-PNJ(EMERGENCY RESCUE),15.487333,73.817299,0,STOP,"Caculo Mall, 16 Shanta, St Inez Rd, Caculo Enclave, Santa Inez, Panaji, Goa (NW)",Fire Station Panaji
2026-01-17T00:31:43.339Z,GA 07 G 1571-FFHQ(QUICK RESPONSE),15.486457,73.817513,0,STOP,"Caculo Mall, 16 Shanta, St Inez Rd, Caculo Enclave, Santa Inez, Panaji, Goa (SW)",Fire Force Headquarters
2026-01-17T00:31:43.339Z,GA 07 G 8101-MAP(WATER TENDER),15.589972,73.808624,0,STOP,At Fire Station Mapusa,Fire Station Mapusa
2026-01-17T00:31:43.339Z,GA 07 G 2317-MRG(EMERGENCY RESCUE TENDER),15.2694116,73.9701666,0,STOP,At Fire Station Margoa,Fire Station Margao
2026-01-17T00:31:43.339Z,GA 07 G 1570-VAS(QUICK RESPONSE FIRE TENDER),15.3887733,73.8513266,0,STOP,At Fire Station Vasco,Fire Station Vasco
2026-01-17T00:31:43.339Z,GA 07 G 4101-VAS(MS WATER TENDER),15.3888166,73.851285,0,STOP,At Fire Station Vasco,Fire Station Vasco
2026-01-17T00:31:43.339Z,GA 07 G 0819-VAS(WATER/FOAM TENDER),15.38905,73.8510983,0,IDLE,At Fire Station Vasco,Fire Station Vasco
2026-01-17T00:31:43.339Z,GA 07 G 7100-MRG(WATER BOUSER),15.269415,73.969995,0,STOP,At Fire Station Margoa,Fire Station Margao
2026-01-17T00:31:43.339Z,GA 07 G 1568-MRG(QUICK RESPONSE ),15.2693416,73.9705166,0,STOP,At Fire Station Margoa,Fire Station Margao
2026-01-17T00:31:43.339Z,GA 07 G 6101-MRG(WATER TENDER),15.2694116,73.970255,0,STOP,At Fire Station Margoa,Fire Station Margao
2026-01-17T00:31:43.339Z,GA 07 G 1001-MRG(AERIAL LADDER PLATFORM),15.26938,73.9701583,0,STOP,At Fire Station Margoa,Fire Station Margao
2026-01-17T00:31:43.339Z,GA 07 G 0820-BIC(WATER TEDNER),15.4027967,74.0028217,0,STOP,At Fire Station Ponda ,Fire Station Bicholim
2026-01-17T00:31:43.339Z,GA 07 G 5101-OLG(MS WATER TENDER),15.500265,73.9139483,0,STOP,At Fire Station Old Goa,Fire Station Old Goa
2026-01-17T00:31:43.339Z,GA 07 G 3101-BIC(MS WATER TENDER),15.5893433,73.9465416,0,STOP,At Fire Station Bicholim ,Fire Station Bicholim
2026-01-17T00:31:43.339Z,GA 07 G 1941-BIC(QUICK RESPONSE),15.5894533,73.9467116,0,STOP,At Fire Station Bicholim ,Fire Station Bicholim
2026-01-17T00:31:43.339Z,GA 07 G 2319-VAS (EMERGENCY RESCUE TENDER),15.3900983,73.8532383,0,STOP,"Zuari Rd, Holy Cross Colony, Dabolim, Goa (SE)",Fire Station Vasco
2026-01-17T00:31:43.339Z,GA 07 G 3737-VAP(WATER TENDER),15.5310533,74.1388916,0,STOP,At Fire Station Valpoi ,Fire Station Valpoi
2026-01-17T00:31:43.339Z,GA 07 G 2318-PND(EMERGENCY RESCUE TENDER),15.4028033,74.00293,0,STOP,At Fire Station Ponda ,Fire Station Ponda
2026-01-17T00:31:43.339Z,GA 07 G 2004-PND(QUICK RESPONSE),15.4141016,73.9073083,0,INACTIVE,"Guru Hotel, Old Ferry Road, Agaçaim, Goa (SE)",Fire Station Ponda
2026-01-17T00:31:43.339Z,GA 07 G 9101-PND(WATER TENDER),15.4027033,74.0028733,0,STOP,At Fire Station Ponda ,Fire Station Ponda
2026-01-17T00:31:43.339Z,GA 07 G 9797-PND(WATER BOUSER),15.4027999,74.0027016,0,STOP,At Fire Station Ponda ,Fire Station Ponda
2026-01-17T00:31:43.339Z,GA 07 G 6363-CAN(WATER TENDER),15.02361,74.04406,0,INACTIVE,"Canacona, The Lalitrajbaga ,Canacona, Canacona, Goa (NE)",Fire Station Canacona
2026-01-17T00:31:43.339Z,GA 07 G 1567-CAN(QUICK RESPONSE FT),15.0233599,74.0440833,0,INACTIVE,"Canacona, The Lalitrajbaga ,Canacona, Canacona, Goa (NE)",Fire Station Canacona
2026-01-17T00:31:43.339Z,GA 07 G 1569-VRN(QUICK RESPONSE),15.369545,73.9355216,0,STOP,At Fire Station Verna,Fire Station Verna
2026-01-17T00:31:43.339Z,GA 07 G 9909-VRN(ADVANCE MULTI-PURPOSE),15.36974,73.9360833,0,STOP,At Fire Station Verna,Fire Station Verna
2026-01-17T00:31:43.339Z,GA 07 G 1942-VAP(QUICK RESPONSE),15.5310033,74.138745,0,STOP,At Fire Station Valpoi ,Fire Station Valpoi
2026-01-17T00:31:43.339Z,GA 07 G 2003-CUR(QUICK RESPONSE),15.2604016,74.1031166,0,STOP,At Fire Station Curchorem,Fire Station Curchorem
2026-01-17T00:31:43.339Z,GA 07 G 7447-CUR(EMERGENCY RESCUE),15.260415,74.10376,0,STOP,At Fire Station Curchorem,Fire Station Curchorem
2026-01-17T00:31:43.339Z,GA 07 G 7557-CUR(WATER TENDER),15.2604083,74.1034266,0,STOP,At Fire Station Curchorem,Fire Station Curchorem
2026-01-17T00:31:43.339Z,GA 07 G 7667-CUR(WATER BOUSER),15.2602533,74.1037266,0,STOP,At Fire Station Curchorem,Fire Station Curchorem
2026-01-17T00:31:43.339Z,GA 07 G 4989-KUN(WATER TENDER),15.4632383,73.9724617,0,STOP,At Fire Station Kundaim,Fire Station Kundaim
2026-01-17T00:31:43.339Z,GA 07 G 2242-PIL(WATER TENDER),15.5329344,73.7940983,0,STOP,At Fire Station Pilerne,Fire Station Pilerne
2026-01-17T00:31:43.339Z,GA 07 G 0681-MAP(QUICK RESPONSE),15.58978,73.808805,0,STOP,At Fire Station Mapusa,Fire Station Mapusa
2026-01-17T00:31:43.339Z,GA 07 G 0307-PER(QUICK RESPONSE),15.7164939,73.7974239,0,INACTIVE,At Fire Station Pernem,Fire Station Pernem
2026-01-17T00:31:43.339Z,GA 07 G 2101-PER(MS WATER TENDER),15.7164572,73.7975456,0,STOP,At Fire Station Pernem,Fire Station Pernem
2026-01-17T00:31:43.339Z,GA 07 G 4600-PER(MINI RESCUE TENDER),15.7165267,73.7975289,0,STOP,At Fire Station Pernem,Fire Station Pernem
2026-01-17T00:31:43.339Z,GA 07 G 7272-PNJ(WATER TENDER),15.4880722,73.8173878,0,STOP,"Goa College of Home Science, Dayanand Bandodkar Road, Opposite Parade Ground Campal,, Panaji, Goa (SE)",Fire Station Panaji
2026-01-17T00:31:43.339Z,GA07G2384- Cuncolim,15.1861639,74.0211006,0,STOP,At Fire Station Cuncolim,Fire Station Cuncolim
2026-01-17T00:31:43.339Z,GA07G2507 - PER Mid Size (Water Tender),15.716485,73.7975017,0,STOP,At Fire Station Pernem,Fire Station Pernem
2026-01-17T00:31:43.339Z,GA07G2505 - VAP Mid Size (Water Tender),15.5309717,74.1385667,0,STOP,At Fire Station Valpoi ,Fire Station Valpoi
2026-01-17T00:31:43.339Z,GA07G2504 - BIC Mid Size (Water Tender),15.589485,73.9466967,0,STOP,At Fire Station Bicholim ,Fire Station Bicholim
2026-01-17T00:31:43.339Z,GA07G2503- MAP Mid Size (Water Tender),15.5899483,73.808635,0,STOP,At Fire Station Mapusa,Fire Station Mapusa
2026-01-17T00:31:43.339Z,GA07G2502 - FFHQ Mid Size (Water Tender),15.4868,73.8171867,0,STOP,"Caculo Mall, 16 Shanta, St Inez Rd, Caculo Enclave, Santa Inez, Panaji, Goa (NW)",Fire Force Headquarters
2026-01-17T00:33:03.400Z,GA 07 G 0680-PIL(QUICK RESPONSE VEHICLE),15.52289,73.8294267,0,STOP,At Porvorim Fire Station,Fire Station Pilerne
2026-01-17T00:33:03.400Z,GA07G2506 - OLG Mid Size (Water Tender),15.500308,73.91407,0,STOP,At Fire Station Old Goa,Fire Station Old Goa
2026-01-17T00:33:03.400Z,GA 07 G 5115-POR(MINI WATER TENDER),15.52334,73.829453,0,STOP,At Porvorim Fire Station,Fire Station Porvorim
2026-01-17T00:33:03.400Z,GA 07 G 0350-MRG(WATER TENDER),15.269438,73.970627,0,STOP,At Fire Station Margoa,Fire Station Margao
2026-01-17T00:33:03.400Z,GA 07 G 2900-MAP(MINI RESCUE TENDER),15.58999,73.808624,0,STOP,At Fire Station Mapusa,Fire Station Mapusa
2026-01-17T00:33:03.400Z,GA 07 G 7600-FFHQ(WATER BOUSER),15.487132,73.817329,0,STOP,"Caculo Mall, 16 Shanta, St Inez Rd, Caculo Enclave, Santa Inez, Panaji, Goa (NW)",Fire Force Headquarters
2026-01-17T00:33:03.400Z,GA 07 G 2002-FFHQ(TURN TABLE LADDER),15.487413,73.817276,0,STOP,"Caculo Mall, 16 Shanta, St Inez Rd, Caculo Enclave, Santa Inez, Panaji, Goa (NW)",Fire Force Headquarters
2026-01-17T00:33:03.400Z,GA 07 G 7101-FFHQ(WATER TENDER),15.48682,73.816971,0,STOP,"Caculo Mall, 16 Shanta, St Inez Rd, Caculo Enclave, Santa Inez, Panaji, Goa (NW)",Fire Force Headquarters
2026-01-17T00:33:03.400Z,GA 07 G 7677-FFHQ(EMERGENCY RESCUE),15.487177,73.817001,0,STOP,"Caculo Mall, 16 Shanta, St Inez Rd, Caculo Enclave, Santa Inez, Panaji, Goa (NW)",Fire Force Headquarters
2026-01-17T00:33:03.400Z,GA 07 G 1121-PNJ(EMERGENCY RESCUE),15.487333,73.817299,0,STOP,"Caculo Mall, 16 Shanta, St Inez Rd, Caculo Enclave, Santa Inez, Panaji, Goa (NW)",Fire Station Panaji
2026-01-17T00:33:03.400Z,GA 07 G 1571-FFHQ(QUICK RESPONSE),15.486457,73.817513,0,STOP,"Caculo Mall, 16 Shanta, St Inez Rd, Caculo Enclave, Santa Inez, Panaji, Goa (SW)",Fire Force Headquarters
2026-01-17T00:33:03.400Z,GA 07 G 8101-MAP(WATER TENDER),15.589972,73.808624,0,STOP,At Fire Station Mapusa,Fire Station Mapusa
2026-01-17T00:33:03.400Z,GA 07 G 2317-MRG(EMERGENCY RESCUE TENDER),15.2694116,73.9701666,0,STOP,At Fire Station Margoa,Fire Station Margao
2026-01-17T00:33:03.400Z,GA 07 G 1570-VAS(QUICK RESPONSE FIRE TENDER),15.3887733,73.8513266,0,STOP,At Fire Station Vasco,Fire Station Vasco
2026-01-17T00:33:03.400Z,GA 07 G 4101-VAS(MS WATER TENDER),15.3888166,73.851285,0,STOP,At Fire Station Vasco,Fire Station Vasco
2026-01-17T00:33:03.400Z,GA 07 G 0819-VAS(WATER/FOAM TENDER),15.38905,73.8510983,0,IDLE,At Fire Station Vasco,Fire Station Vasco
2026-01-17T00:33:03.400Z,GA 07 G 7100-MRG(WATER BOUSER),15.269415,73.969995,0,STOP,At Fire Station Margoa,Fire Station Margao
2026-01-17T00:33:03.400Z,GA 07 G 1568-MRG(QUICK RESPONSE ),15.2693416,73.9705166,0,STOP,At Fire Station Margoa,Fire Station Margao
2026-01-17T00:33:03.400Z,GA 07 G 6101-MRG(WATER TENDER),15.2694116,73.970255,0,STOP,At Fire Station Margoa,Fire Station Margao
2026-01-17T00:33:03.400Z,GA 07 G 1001-MRG(AERIAL LADDER PLATFORM),15.26938,73.9701583,0,STOP,At Fire Station Margoa,Fire Station Margao
2026-01-17T00:33:03.400Z,GA 07 G 0820-BIC(WATER TEDNER),15.4027967,74.0028217,0,STOP,At Fire Station Ponda ,Fire Station Bicholim
2026-01-17T00:33:03.400Z,GA 07 G 5101-OLG(MS WATER TENDER),15.500265,73.9139483,0,STOP,At Fire Station Old Goa,Fire Station Old Goa
2026-01-17T00:33:03.400Z,GA 07 G 3101-BIC(MS WATER TENDER),15.5893433,73.9465416,0,STOP,At Fire Station Bicholim ,Fire Station Bicholim
2026-01-17T00:33:03.400Z,GA 07 G 1941-BIC(QUICK RESPONSE),15.5894533,73.9467116,0,STOP,At Fire Station Bicholim ,Fire Station Bicholim
2026-01-17T00:33:03.400Z,GA 07 G 2319-VAS (EMERGENCY RESCUE TENDER),15.3900983,73.8532383,0,STOP,"Zuari Rd, Holy Cross Colony, Dabolim, Goa (SE)",Fire Station Vasco
2026-01-17T00:33:03.400Z,GA 07 G 3737-VAP(WATER TENDER),15.5310533,74.1388916,0,STOP,At Fire Station Valpoi ,Fire Station Valpoi
2026-01-17T00:33:03.400Z,GA 07 G 2318-PND(EMERGENCY RESCUE TENDER),15.4028033,74.00293,0,STOP,At Fire Station Ponda ,Fire Station Ponda
2026-01-17T00:33:03.400Z,GA 07 G 2004-PND(QUICK RESPONSE),15.4141016,73.9073083,0,INACTIVE,"Guru Hotel, Old Ferry Road, Agaçaim, Goa (SE)",Fire Station Ponda
2026-01-17T00:33:03.400Z,GA 07 G 9101-PND(WATER TENDER),15.4027033,74.0028733,0,STOP,At Fire Station Ponda ,Fire Station Ponda
2026-01-17T00:33:03.400Z,GA 07 G 9797-PND(WATER BOUSER),15.4027999,74.0027016,0,STOP,At Fire Station Ponda ,Fire Station Ponda
2026-01-17T00:33:03.400Z,GA 07 G 6363-CAN(WATER TENDER),15.02361,74.04406,0,INACTIVE,"Canacona, The Lalitrajbaga ,Canacona, Canacona, Goa (NE)",Fire Station Canacona
2026-01-17T00:33:03.400Z,GA 07 G 1567-CAN(QUICK RESPONSE FT),15.0233599,74.0440833,0,INACTIVE,"Canacona, The Lalitrajbaga ,Canacona, Canacona, Goa (NE)",Fire Station Canacona
2026-01-17T00:33:03.400Z,GA 07 G 1569-VRN(QUICK RESPONSE),15.369545,73.9355216,0,STOP,At Fire Station Verna,Fire Station Verna
2026-01-17T00:33:03.400Z,GA 07 G 9909-VRN(ADVANCE MULTI-PURPOSE),15.36974,73.9360833,0,STOP,At Fire Station Verna,Fire Station Verna
2026-01-17T00:33:03.400Z,GA 07 G 1942-VAP(QUICK RESPONSE),15.5310033,74.138745,0,STOP,At Fire Station Valpoi ,Fire Station Valpoi
2026-01-17T00:33:03.400Z,GA 07 G 2003-CUR(QUICK RESPONSE),15.2604016,74.1031166,0,STOP,At Fire Station Curchorem,Fire Station Curchorem
2026-01-17T00:33:03.400Z,GA 07 G 7447-CUR(EMERGENCY RESCUE),15.260415,74.10376,0,STOP,At Fire Station Curchorem,Fire Station Curchorem
2026-01-17T00:33:03.400Z,GA 07 G 7557-CUR(WATER TENDER),15.2604083,74.1034266,0,STOP,At Fire Station Curchorem,Fire Station Curchorem
2026-01-17T00:33:03.400Z,GA 07 G 7667-CUR(WATER BOUSER),15.2602533,74.1037266,0,STOP,At Fire Station Curchorem,Fire Station Curchorem
2026-01-17T00:33:03.400Z,GA 07 G 4989-KUN(WATER TENDER),15.4632383,73.9724617,0,STOP,At Fire Station Kundaim,Fire Station Kundaim
2026-01-17T00:33:03.400Z,GA 07 G 2242-PIL(WATER TENDER),15.5329344,73.7940983,0,STOP,At Fire Station Pilerne,Fire Station Pilerne
2026-01-17T00:33:03.400Z,GA 07 G 0681-MAP(QUICK RESPONSE),15.58978,73.808805,0,STOP,At Fire Station Mapusa,Fire Station Mapusa
2026-01-17T00:33:03.400Z,GA 07 G 0307-PER(QUICK RESPONSE),15.7164939,73.7974239,0,INACTIVE,At Fire Station Pernem,Fire Station Pernem
2026-01-17T00:33:03.400Z,GA 07 G 2101-PER(MS WATER TENDER),15.7164572,73.7975456,0,STOP,At Fire Station Pernem,Fire Station Pernem
2026-01-17T00:33:03.400Z,GA 07 G 4600-PER(MINI RESCUE TENDER),15.7165267,73.7975289,0,STOP,At Fire Station Pernem,Fire Station Pernem
2026-01-17T00:33:03.400Z,GA 07 G 7272-PNJ(WATER TENDER),15.4880722,73.8173878,0,STOP,"Goa College of Home Science, Dayanand Bandodkar Road, Opposite Parade Ground Campal,, Panaji, Goa (SE)",Fire Station Panaji
2026-01-17T00:33:03.400Z,GA07G2384- Cuncolim,15.1861639,74.0211006,0,STOP,At Fire Station Cuncolim,Fire Station Cuncolim
2026-01-17T00:33:03.400Z,GA07G2507 - PER Mid Size (Water Tender),15.716485,73.7975017,0,STOP,At Fire Station Pernem,Fire Station Pernem
2026-01-17T00:33:03.400Z,GA07G2505 - VAP Mid Size (Water Tender),15.5309717,74.1385667,0,STOP,At Fire Station Valpoi ,Fire Station Valpoi
2026-01-17T00:33:03.400Z,GA07G2504 - BIC Mid Size (Water Tender),15.589485,73.9466967,0,STOP,At Fire Station Bicholim ,Fire Station Bicholim
2026-01-17T00:33:03.400Z,GA07G2503- MAP Mid Size (Water Tender),15.5899483,73.808635,0,STOP,At Fire Station Mapusa,Fire Station Mapusa
2026-01-17T00:33:03.400Z,GA07G2502 - FFHQ Mid Size (Water Tender),15.4868,73.8171867,0,STOP,"Caculo Mall, 16 Shanta, St Inez Rd, Caculo Enclave, Santa Inez, Panaji, Goa (NW)",Fire Force Headquarters
2026-01-17T00:34:03.619Z,GA 07 G 0680-PIL(QUICK RESPONSE VEHICLE),15.52289,73.8294267,0,STOP,At Porvorim Fire Station,Fire Station Pilerne
2026-01-17T00:34:03.619Z,GA07G2506 - OLG Mid Size (Water Tender),15.500308,73.91407,0,STOP,At Fire Station Old Goa,Fire Station Old Goa
2026-01-17T00:34:03.619Z,GA 07 G 5115-POR(MINI WATER TENDER),15.52334,73.829453,0,STOP,At Porvorim Fire Station,Fire Station Porvorim
2026-01-17T00:34:03.619Z,GA 07 G 0350-MRG(WATER TENDER),15.269438,73.970627,0,STOP,At Fire Station Margoa,Fire Station Margao
2026-01-17T00:34:03.619Z,GA 07 G 2900-MAP(MINI RESCUE TENDER),15.58999,73.808624,0,STOP,At Fire Station Mapusa,Fire Station Mapusa
2026-01-17T00:34:03.619Z,GA 07 G 7600-FFHQ(WATER BOUSER),15.487132,73.817329,0,STOP,"Caculo Mall, 16 Shanta, St Inez Rd, Caculo Enclave, Santa Inez, Panaji, Goa (NW)",Fire Force Headquarters
2026-01-17T00:34:03.619Z,GA 07 G 2002-FFHQ(TURN TABLE LADDER),15.487413,73.817276,0,STOP,"Caculo Mall, 16 Shanta, St Inez Rd, Caculo Enclave, Santa Inez, Panaji, Goa (NW)",Fire Force Headquarters
2026-01-17T00:34:03.619Z,GA 07 G 7101-FFHQ(WATER TENDER),15.48682,73.816971,0,STOP,"Caculo Mall, 16 Shanta, St Inez Rd, Caculo Enclave, Santa Inez, Panaji, Goa (NW)",Fire Force Headquarters
2026-01-17T00:34:03.619Z,GA 07 G 7677-FFHQ(EMERGENCY RESCUE),15.487177,73.817001,0,STOP,"Caculo Mall, 16 Shanta, St Inez Rd, Caculo Enclave, Santa Inez, Panaji, Goa (NW)",Fire Force Headquarters
2026-01-17T00:34:03.619Z,GA 07 G 1121-PNJ(EMERGENCY RESCUE),15.487333,73.817299,0,STOP,"Caculo Mall, 16 Shanta, St Inez Rd, Caculo Enclave, Santa Inez, Panaji, Goa (NW)",Fire Station Panaji
2026-01-17T00:34:03.619Z,GA 07 G 1571-FFHQ(QUICK RESPONSE),15.486457,73.817513,0,STOP,"Caculo Mall, 16 Shanta, St Inez Rd, Caculo Enclave, Santa Inez, Panaji, Goa (SW)",Fire Force Headquarters
2026-01-17T00:34:03.619Z,GA 07 G 8101-MAP(WATER TENDER),15.589972,73.808624,0,STOP,At Fire Station Mapusa,Fire Station Mapusa
2026-01-17T00:34:03.619Z,GA 07 G 2317-MRG(EMERGENCY RESCUE TENDER),15.2694116,73.9701666,0,STOP,At Fire Station Margoa,Fire Station Margao
2026-01-17T00:34:03.619Z,GA 07 G 1570-VAS(QUICK RESPONSE FIRE TENDER),15.3887733,73.8513266,0,STOP,At Fire Station Vasco,Fire Station Vasco
2026-01-17T00:34:03.619Z,GA 07 G 4101-VAS(MS WATER TENDER),15.3888166,73.851285,0,STOP,At Fire Station Vasco,Fire Station Vasco
2026-01-17T00:34:03.619Z,GA 07 G 0819-VAS(WATER/FOAM TENDER),15.38905,73.8510983,0,IDLE,At Fire Station Vasco,Fire Station Vasco
2026-01-17T00:34:03.619Z,GA 07 G 7100-MRG(WATER BOUSER),15.269415,73.969995,0,STOP,At Fire Station Margoa,Fire Station Margao
2026-01-17T00:34:03.619Z,GA 07 G 1568-MRG(QUICK RESPONSE ),15.2693416,73.9705166,0,STOP,At Fire Station Margoa,Fire Station Margao
2026-01-17T00:34:03.619Z,GA 07 G 6101-MRG(WATER TENDER),15.2694116,73.970255,0,STOP,At Fire Station Margoa,Fire Station Margao
2026-01-17T00:34:03.619Z,GA 07 G 1001-MRG(AERIAL LADDER PLATFORM),15.26938,73.9701583,0,STOP,At Fire Station Margoa,Fire Station Margao
2026-01-17T00:34:03.619Z,GA 07 G 0820-BIC(WATER TEDNER),15.4027967,74.0028217,0,STOP,At Fire Station Ponda ,Fire Station Bicholim
2026-01-17T00:34:03.619Z,GA 07 G 5101-OLG(MS WATER TENDER),15.500265,73.9139483,0,STOP,At Fire Station Old Goa,Fire Station Old Goa
2026-01-17T00:34:03.619Z,GA 07 G 3101-BIC(MS WATER TENDER),15.5892916,73.9465333,5,STOP,At Fire Station Bicholim ,Fire Station Bicholim
2026-01-17T00:34:03.619Z,GA 07 G 1941-BIC(QUICK RESPONSE),15.5894533,73.9467116,0,STOP,At Fire Station Bicholim ,Fire Station Bicholim
2026-01-17T00:34:03.619Z,GA 07 G 2319-VAS (EMERGENCY RESCUE TENDER),15.3900983,73.8532383,0,STOP,"Zuari Rd, Holy Cross Colony, Dabolim, Goa (SE)",Fire Station Vasco
2026-01-17T00:34:03.619Z,GA 07 G 3737-VAP(WATER TENDER),15.5310533,74.1388916,0,STOP,At Fire Station Valpoi ,Fire Station Valpoi
2026-01-17T00:34:03.619Z,GA 07 G 2318-PND(EMERGENCY RESCUE TENDER),15.4028033,74.00293,0,STOP,At Fire Station Ponda ,Fire Station Ponda
2026-01-17T00:34:03.619Z,GA 07 G 2004-PND(QUICK RESPONSE),15.4141016,73.9073083,0,INACTIVE,"Guru Hotel, Old Ferry Road, Agaçaim, Goa (SE)",Fire Station Ponda
2026-01-17T00:34:03.619Z,GA 07 G 9101-PND(WATER TENDER),15.4027033,74.0028733,0,STOP,At Fire Station Ponda ,Fire Station Ponda
2026-01-17T00:34:03.619Z,GA 07 G 9797-PND(WATER BOUSER),15.4027999,74.0027016,0,STOP,At Fire Station Ponda ,Fire Station Ponda
2026-01-17T00:34:03.619Z,GA 07 G 6363-CAN(WATER TENDER),15.02361,74.04406,0,INACTIVE,"Canacona, The Lalitrajbaga ,Canacona, Canacona, Goa (NE)",Fire Station Canacona
2026-01-17T00:34:03.619Z,GA 07 G 1567-CAN(QUICK RESPONSE FT),15.0233599,74.0440833,0,INACTIVE,"Canacona, The Lalitrajbaga ,Canacona, Canacona, Goa (NE)",Fire Station Canacona
2026-01-17T00:34:03.619Z,GA 07 G 1569-VRN(QUICK RESPONSE),15.369545,73.9355216,0,STOP,At Fire Station Verna,Fire Station Verna
2026-01-17T00:34:03.619Z,GA 07 G 9909-VRN(ADVANCE MULTI-PURPOSE),15.36974,73.9360833,0,STOP,At Fire Station Verna,Fire Station Verna
2026-01-17T00:34:03.619Z,GA 07 G 1942-VAP(QUICK RESPONSE),15.5310033,74.138745,0,STOP,At Fire Station Valpoi ,Fire Station Valpoi
2026-01-17T00:34:03.619Z,GA 07 G 2003-CUR(QUICK RESPONSE),15.2604016,74.1031166,0,STOP,At Fire Station Curchorem,Fire Station Curchorem
2026-01-17T00:34:03.619Z,GA 07 G 7447-CUR(EMERGENCY RESCUE),15.260415,74.10376,0,STOP,At Fire Station Curchorem,Fire Station Curchorem
2026-01-17T00:34:03.619Z,GA 07 G 7557-CUR(WATER TENDER),15.2604083,74.1034266,0,STOP,At Fire Station Curchorem,Fire Station Curchorem
2026-01-17T00:34:03.619Z,GA 07 G 7667-CUR(WATER BOUSER),15.2602533,74.1037266,0,STOP,At Fire Station Curchorem,Fire Station Curchorem
2026-01-17T00:34:03.619Z,GA 07 G 4989-KUN(WATER TENDER),15.4632383,73.9724617,0,STOP,At Fire Station Kundaim,Fire Station Kundaim
2026-01-17T00:34:03.619Z,GA 07 G 2242-PIL(WATER TENDER),15.5329344,73.7940983,0,STOP,At Fire Station Pilerne,Fire Station Pilerne
2026-01-17T00:34:03.619Z,GA 07 G 0681-MAP(QUICK RESPONSE),15.58978,73.808805,0,STOP,At Fire Station Mapusa,Fire Station Mapusa
2026-01-17T00:34:03.619Z,GA 07 G 0307-PER(QUICK RESPONSE),15.7164939,73.7974239,0,INACTIVE,At Fire Station Pernem,Fire Station Pernem
2026-01-17T00:34:03.619Z,GA 07 G 2101-PER(MS WATER TENDER),15.7164572,73.7975456,0,STOP,At Fire Station Pernem,Fire Station Pernem
2026-01-17T00:34:03.619Z,GA 07 G 4600-PER(MINI RESCUE TENDER),15.7165267,73.7975289,0,STOP,At Fire Station Pernem,Fire Station Pernem
2026-01-17T00:34:03.619Z,GA 07 G 7272-PNJ(WATER TENDER),15.4880722,73.8173878,0,STOP,"Goa College of Home Science, Dayanand Bandodkar Road, Opposite Parade Ground Campal,, Panaji, Goa (SE)",Fire Station Panaji
2026-01-17T00:34:03.619Z,GA07G2384- Cuncolim,15.1861639,74.0211006,0,STOP,At Fire Station Cuncolim,Fire Station Cuncolim
2026-01-17T00:34:03.619Z,GA07G2507 - PER Mid Size (Water Tender),15.716485,73.7975017,0,STOP,At Fire Station Pernem,Fire Station Pernem
2026-01-17T00:34:03.619Z,GA07G2505 - VAP Mid Size (Water Tender),15.5309717,74.1385667,0,STOP,At Fire Station Valpoi ,Fire Station Valpoi
2026-01-17T00:34:03.619Z,GA07G2504 - BIC Mid Size (Water Tender),15.589485,73.9466967,0,STOP,At Fire Station Bicholim ,Fire Station Bicholim
2026-01-17T00:34:03.619Z,GA07G2503- MAP Mid Size (Water Tender),15.5899483,73.808635,0,STOP,At Fire Station Mapusa,Fire Station Mapusa
2026-01-17T00:34:03.619Z,GA07G2502 - FFHQ Mid Size (Water Tender),15.4868,73.8171867,0,STOP,"Caculo Mall, 16 Shanta, St Inez Rd, Caculo Enclave, Santa Inez, Panaji, Goa (NW)",Fire Force Headquarters
2026-01-17T00:35:02.912Z,GA 07 G 0680-PIL(QUICK RESPONSE VEHICLE),15.52289,73.8294267,0,STOP,At Porvorim Fire Station,Fire Station Pilerne
2026-01-17T00:35:02.912Z,GA07G2506 - OLG Mid Size (Water Tender),15.500308,73.91407,0,STOP,At Fire Station Old Goa,Fire Station Old Goa
2026-01-17T00:35:02.912Z,GA 07 G 5115-POR(MINI WATER TENDER),15.52334,73.829453,0,STOP,At Porvorim Fire Station,Fire Station Porvorim
2026-01-17T00:35:02.912Z,GA 07 G 0350-MRG(WATER TENDER),15.269438,73.970627,0,STOP,At Fire Station Margoa,Fire Station Margao
2026-01-17T00:35:02.912Z,GA 07 G 2900-MAP(MINI RESCUE TENDER),15.58999,73.808624,0,STOP,At Fire Station Mapusa,Fire Station Mapusa
2026-01-17T00:35:02.912Z,GA 07 G 7600-FFHQ(WATER BOUSER),15.487132,73.817329,0,STOP,"Caculo Mall, 16 Shanta, St Inez Rd, Caculo Enclave, Santa Inez, Panaji, Goa (NW)",Fire Force Headquarters
2026-01-17T00:35:02.912Z,GA 07 G 2002-FFHQ(TURN TABLE LADDER),15.487413,73.817276,0,STOP,"Caculo Mall, 16 Shanta, St Inez Rd, Caculo Enclave, Santa Inez, Panaji, Goa (NW)",Fire Force Headquarters
2026-01-17T00:35:02.912Z,GA 07 G 7101-FFHQ(WATER TENDER),15.48682,73.816971,0,STOP,"Caculo Mall, 16 Shanta, St Inez Rd, Caculo Enclave, Santa Inez, Panaji, Goa (NW)",Fire Force Headquarters
2026-01-17T00:35:02.912Z,GA 07 G 7677-FFHQ(EMERGENCY RESCUE),15.487177,73.817001,0,STOP,"Caculo Mall, 16 Shanta, St Inez Rd, Caculo Enclave, Santa Inez, Panaji, Goa (NW)",Fire Force Headquarters
2026-01-17T00:35:02.912Z,GA 07 G 1121-PNJ(EMERGENCY RESCUE),15.487333,73.817299,0,STOP,"Caculo Mall, 16 Shanta, St Inez Rd, Caculo Enclave, Santa Inez, Panaji, Goa (NW)",Fire Station Panaji
2026-01-17T00:35:02.912Z,GA 07 G 1571-FFHQ(QUICK RESPONSE),15.486457,73.817513,0,STOP,"Caculo Mall, 16 Shanta, St Inez Rd, Caculo Enclave, Santa Inez, Panaji, Goa (SW)",Fire Force Headquarters
2026-01-17T00:35:02.912Z,GA 07 G 8101-MAP(WATER TENDER),15.589972,73.808624,0,STOP,At Fire Station Mapusa,Fire Station Mapusa
2026-01-17T00:35:02.912Z,GA 07 G 2317-MRG(EMERGENCY RESCUE TENDER),15.2694116,73.9701666,0,STOP,At Fire Station Margoa,Fire Station Margao
2026-01-17T00:35:02.912Z,GA 07 G 1570-VAS(QUICK RESPONSE FIRE TENDER),15.3887733,73.8513266,0,STOP,At Fire Station Vasco,Fire Station Vasco
2026-01-17T00:35:02.912Z,GA 07 G 4101-VAS(MS WATER TENDER),15.3888166,73.851285,0,STOP,At Fire Station Vasco,Fire Station Vasco
2026-01-17T00:35:02.912Z,GA 07 G 0819-VAS(WATER/FOAM TENDER),15.38905,73.8510983,0,IDLE,At Fire Station Vasco,Fire Station Vasco
2026-01-17T00:35:02.912Z,GA 07 G 7100-MRG(WATER BOUSER),15.269415,73.969995,0,STOP,At Fire Station Margoa,Fire Station Margao
2026-01-17T00:35:02.912Z,GA 07 G 1568-MRG(QUICK RESPONSE ),15.2693416,73.9705166,0,STOP,At Fire Station Margoa,Fire Station Margao
2026-01-17T00:35:02.912Z,GA 07 G 6101-MRG(WATER TENDER),15.2694116,73.970255,0,STOP,At Fire Station Margoa,Fire Station Margao
2026-01-17T00:35:02.912Z,GA 07 G 1001-MRG(AERIAL LADDER PLATFORM),15.26938,73.9701583,0,STOP,At Fire Station Margoa,Fire Station Margao
2026-01-17T00:35:02.912Z,GA 07 G 0820-BIC(WATER TEDNER),15.4027967,74.0028217,0,STOP,At Fire Station Ponda ,Fire Station Bicholim
2026-01-17T00:35:02.912Z,GA 07 G 5101-OLG(MS WATER TENDER),15.500265,73.9139483,0,STOP,At Fire Station Old Goa,Fire Station Old Goa
2026-01-17T00:35:02.912Z,GA 07 G 3101-BIC(MS WATER TENDER),15.5892916,73.9465333,0,STOP,At Fire Station Bicholim ,Fire Station Bicholim
2026-01-17T00:35:02.912Z,GA 07 G 1941-BIC(QUICK RESPONSE),15.5894533,73.9467116,0,STOP,At Fire Station Bicholim ,Fire Station Bicholim
2026-01-17T00:35:02.912Z,GA 07 G 2319-VAS (EMERGENCY RESCUE TENDER),15.3900983,73.8532383,0,STOP,"Zuari Rd, Holy Cross Colony, Dabolim, Goa (SE)",Fire Station Vasco
2026-01-17T00:35:02.912Z,GA 07 G 3737-VAP(WATER TENDER),15.5310533,74.1388916,0,STOP,At Fire Station Valpoi ,Fire Station Valpoi
2026-01-17T00:35:02.912Z,GA 07 G 2318-PND(EMERGENCY RESCUE TENDER),15.4028033,74.00293,0,STOP,At Fire Station Ponda ,Fire Station Ponda
2026-01-17T00:35:02.912Z,GA 07 G 2004-PND(QUICK RESPONSE),15.4141016,73.9073083,0,INACTIVE,"Guru Hotel, Old Ferry Road, Agaçaim, Goa (SE)",Fire Station Ponda
2026-01-17T00:35:02.912Z,GA 07 G 9101-PND(WATER TENDER),15.4027033,74.0028733,0,STOP,At Fire Station Ponda ,Fire Station Ponda
2026-01-17T00:35:02.912Z,GA 07 G 9797-PND(WATER BOUSER),15.4027999,74.0027016,0,STOP,At Fire Station Ponda ,Fire Station Ponda
2026-01-17T00:35:02.912Z,GA 07 G 6363-CAN(WATER TENDER),15.02361,74.04406,0,INACTIVE,"Canacona, The Lalitrajbaga ,Canacona, Canacona, Goa (NE)",Fire Station Canacona
2026-01-17T00:35:02.912Z,GA 07 G 1567-CAN(QUICK RESPONSE FT),15.0233599,74.0440833,0,INACTIVE,"Canacona, The Lalitrajbaga ,Canacona, Canacona, Goa (NE)",Fire Station Canacona
2026-01-17T00:35:02.912Z,GA 07 G 1569-VRN(QUICK RESPONSE),15.369545,73.9355216,0,STOP,At Fire Station Verna,Fire Station Verna
2026-01-17T00:35:02.912Z,GA 07 G 9909-VRN(ADVANCE MULTI-PURPOSE),15.36974,73.9360833,0,STOP,At Fire Station Verna,Fire Station Verna
2026-01-17T00:35:02.912Z,GA 07 G 1942-VAP(QUICK RESPONSE),15.5310033,74.138745,0,STOP,At Fire Station Valpoi ,Fire Station Valpoi
2026-01-17T00:35:02.912Z,GA 07 G 2003-CUR(QUICK RESPONSE),15.2604016,74.1031166,0,STOP,At Fire Station Curchorem,Fire Station Curchorem
2026-01-17T00:35:02.912Z,GA 07 G 7447-CUR(EMERGENCY RESCUE),15.260415,74.10376,0,STOP,At Fire Station Curchorem,Fire Station Curchorem
2026-01-17T00:35:02.912Z,GA 07 G 7557-CUR(WATER TENDER),15.2604083,74.1034266,0,STOP,At Fire Station Curchorem,Fire Station Curchorem
2026-01-17T00:35:02.912Z,GA 07 G 7667-CUR(WATER BOUSER),15.2602533,74.1037266,0,STOP,At Fire Station Curchorem,Fire Station Curchorem
2026-01-17T00:35:02.912Z,GA 07 G 4989-KUN(WATER TENDER),15.4632383,73.9724617,0,STOP,At Fire Station Kundaim,Fire Station Kundaim
2026-01-17T00:35:02.912Z,GA 07 G 2242-PIL(WATER TENDER),15.5329344,73.7940983,0,STOP,At Fire Station Pilerne,Fire Station Pilerne
2026-01-17T00:35:02.912Z,GA 07 G 0681-MAP(QUICK RESPONSE),15.58978,73.808805,0,STOP,At Fire Station Mapusa,Fire Station Mapusa
2026-01-17T00:35:02.912Z,GA 07 G 0307-PER(QUICK RESPONSE),15.7164939,73.7974239,0,INACTIVE,At Fire Station Pernem,Fire Station Pernem
2026-01-17T00:35:02.912Z,GA 07 G 2101-PER(MS WATER TENDER),15.7164572,73.7975456,0,STOP,At Fire Station Pernem,Fire Station Pernem
2026-01-17T00:35:02.912Z,GA 07 G 4600-PER(MINI RESCUE TENDER),15.7165267,73.7975289,0,STOP,At Fire Station Pernem,Fire Station Pernem
2026-01-17T00:35:02.912Z,GA 07 G 7272-PNJ(WATER TENDER),15.4880722,73.8173878,0,STOP,"Goa College of Home Science, Dayanand Bandodkar Road, Opposite Parade Ground Campal,, Panaji, Goa (SE)",Fire Station Panaji
2026-01-17T00:35:02.912Z,GA07G2384- Cuncolim,15.1861639,74.0211006,0,STOP,At Fire Station Cuncolim,Fire Station Cuncolim
2026-01-17T00:35:02.912Z,GA07G2507 - PER Mid Size (Water Tender),15.716485,73.7975017,0,STOP,At Fire Station Pernem,Fire Station Pernem
2026-01-17T00:35:02.912Z,GA07G2505 - VAP Mid Size (Water Tender),15.5309717,74.1385667,0,STOP,At Fire Station Valpoi ,Fire Station Valpoi
2026-01-17T00:35:02.912Z,GA07G2504 - BIC Mid Size (Water Tender),15.589485,73.9466967,0,STOP,At Fire Station Bicholim ,Fire Station Bicholim
2026-01-17T00:35:02.912Z,GA07G2503- MAP Mid Size (Water Tender),15.5899483,73.808635,0,STOP,At Fire Station Mapusa,Fire Station Mapusa
2026-01-17T00:35:02.912Z,GA07G2502 - FFHQ Mid Size (Water Tender),15.4868,73.8171867,0,STOP,"Caculo Mall, 16 Shanta, St Inez Rd, Caculo Enclave, Santa Inez, Panaji, Goa (NW)",Fire Force Headquarters
2026-01-17T00:35:45.271Z,GA 07 G 0680-PIL(QUICK RESPONSE VEHICLE),15.52289,73.8294267,0,STOP,At Porvorim Fire Station,Fire Station Pilerne
2026-01-17T00:35:45.271Z,GA07G2506 - OLG Mid Size (Water Tender),15.500308,73.91407,0,STOP,At Fire Station Old Goa,Fire Station Old Goa
2026-01-17T00:35:45.271Z,GA 07 G 5115-POR(MINI WATER TENDER),15.52334,73.829453,0,STOP,At Porvorim Fire Station,Fire Station Porvorim
2026-01-17T00:35:45.271Z,GA 07 G 0350-MRG(WATER TENDER),15.269438,73.970627,0,STOP,At Fire Station Margoa,Fire Station Margao
2026-01-17T00:35:45.271Z,GA 07 G 2900-MAP(MINI RESCUE TENDER),15.58999,73.808624,0,STOP,At Fire Station Mapusa,Fire Station Mapusa
2026-01-17T00:35:45.271Z,GA 07 G 7600-FFHQ(WATER BOUSER),15.487132,73.817329,0,STOP,"Caculo Mall, 16 Shanta, St Inez Rd, Caculo Enclave, Santa Inez, Panaji, Goa (NW)",Fire Force Headquarters
2026-01-17T00:35:45.271Z,GA 07 G 2002-FFHQ(TURN TABLE LADDER),15.487413,73.817276,0,STOP,"Caculo Mall, 16 Shanta, St Inez Rd, Caculo Enclave, Santa Inez, Panaji, Goa (NW)",Fire Force Headquarters
2026-01-17T00:35:45.271Z,GA 07 G 7101-FFHQ(WATER TENDER),15.48682,73.816971,0,STOP,"Caculo Mall, 16 Shanta, St Inez Rd, Caculo Enclave, Santa Inez, Panaji, Goa (NW)",Fire Force Headquarters
2026-01-17T00:35:45.271Z,GA 07 G 7677-FFHQ(EMERGENCY RESCUE),15.487177,73.817001,0,STOP,"Caculo Mall, 16 Shanta, St Inez Rd, Caculo Enclave, Santa Inez, Panaji, Goa (NW)",Fire Force Headquarters
2026-01-17T00:35:45.271Z,GA 07 G 1121-PNJ(EMERGENCY RESCUE),15.487333,73.817299,0,STOP,"Caculo Mall, 16 Shanta, St Inez Rd, Caculo Enclave, Santa Inez, Panaji, Goa (NW)",Fire Station Panaji
2026-01-17T00:35:45.271Z,GA 07 G 1571-FFHQ(QUICK RESPONSE),15.486457,73.817513,0,STOP,"Caculo Mall, 16 Shanta, St Inez Rd, Caculo Enclave, Santa Inez, Panaji, Goa (SW)",Fire Force Headquarters
2026-01-17T00:35:45.271Z,GA 07 G 8101-MAP(WATER TENDER),15.589972,73.808624,0,STOP,At Fire Station Mapusa,Fire Station Mapusa
2026-01-17T00:35:45.271Z,GA 07 G 2317-MRG(EMERGENCY RESCUE TENDER),15.2694116,73.9701666,0,STOP,At Fire Station Margoa,Fire Station Margao
2026-01-17T00:35:45.271Z,GA 07 G 1570-VAS(QUICK RESPONSE FIRE TENDER),15.3887733,73.8513266,0,STOP,At Fire Station Vasco,Fire Station Vasco
2026-01-17T00:35:45.271Z,GA 07 G 4101-VAS(MS WATER TENDER),15.3888166,73.851285,0,STOP,At Fire Station Vasco,Fire Station Vasco
2026-01-17T00:35:45.271Z,GA 07 G 0819-VAS(WATER/FOAM TENDER),15.38905,73.8510983,0,IDLE,At Fire Station Vasco,Fire Station Vasco
2026-01-17T00:35:45.271Z,GA 07 G 7100-MRG(WATER BOUSER),15.269415,73.969995,0,STOP,At Fire Station Margoa,Fire Station Margao
2026-01-17T00:35:45.271Z,GA 07 G 1568-MRG(QUICK RESPONSE ),15.2693416,73.9705166,0,STOP,At Fire Station Margoa,Fire Station Margao
2026-01-17T00:35:45.271Z,GA 07 G 6101-MRG(WATER TENDER),15.2694116,73.970255,0,STOP,At Fire Station Margoa,Fire Station Margao
2026-01-17T00:35:45.271Z,GA 07 G 1001-MRG(AERIAL LADDER PLATFORM),15.26938,73.9701583,0,STOP,At Fire Station Margoa,Fire Station Margao
2026-01-17T00:35:45.271Z,GA 07 G 0820-BIC(WATER TEDNER),15.4027967,74.0028217,0,STOP,At Fire Station Ponda ,Fire Station Bicholim
2026-01-17T00:35:45.271Z,GA 07 G 5101-OLG(MS WATER TENDER),15.500265,73.9139483,0,STOP,At Fire Station Old Goa,Fire Station Old Goa
2026-01-17T00:35:45.271Z,GA 07 G 3101-BIC(MS WATER TENDER),15.5892916,73.9465333,0,STOP,At Fire Station Bicholim ,Fire Station Bicholim
2026-01-17T00:35:45.271Z,GA 07 G 1941-BIC(QUICK RESPONSE),15.5894533,73.9467116,0,STOP,At Fire Station Bicholim ,Fire Station Bicholim
2026-01-17T00:35:45.271Z,GA 07 G 2319-VAS (EMERGENCY RESCUE TENDER),15.3900983,73.8532383,0,STOP,"Zuari Rd, Holy Cross Colony, Dabolim, Goa (SE)",Fire Station Vasco
2026-01-17T00:35:45.271Z,GA 07 G 3737-VAP(WATER TENDER),15.5310533,74.1388916,0,STOP,At Fire Station Valpoi ,Fire Station Valpoi
2026-01-17T00:35:45.271Z,GA 07 G 2318-PND(EMERGENCY RESCUE TENDER),15.4028033,74.00293,0,STOP,At Fire Station Ponda ,Fire Station Ponda
2026-01-17T00:35:45.271Z,GA 07 G 2004-PND(QUICK RESPONSE),15.4141016,73.9073083,0,INACTIVE,"Guru Hotel, Old Ferry Road, Agaçaim, Goa (SE)",Fire Station Ponda
2026-01-17T00:35:45.271Z,GA 07 G 9101-PND(WATER TENDER),15.4027033,74.0028733,0,STOP,At Fire Station Ponda ,Fire Station Ponda
2026-01-17T00:35:45.271Z,GA 07 G 9797-PND(WATER BOUSER),15.4027999,74.0027016,0,STOP,At Fire Station Ponda ,Fire Station Ponda
2026-01-17T00:35:45.271Z,GA 07 G 6363-CAN(WATER TENDER),15.02361,74.04406,0,INACTIVE,"Canacona, The Lalitrajbaga ,Canacona, Canacona, Goa (NE)",Fire Station Canacona
2026-01-17T00:35:45.271Z,GA 07 G 1567-CAN(QUICK RESPONSE FT),15.0233599,74.0440833,0,INACTIVE,"Canacona, The Lalitrajbaga ,Canacona, Canacona, Goa (NE)",Fire Station Canacona
2026-01-17T00:35:45.271Z,GA 07 G 1569-VRN(QUICK RESPONSE),15.369545,73.9355216,0,STOP,At Fire Station Verna,Fire Station Verna
2026-01-17T00:35:45.271Z,GA 07 G 9909-VRN(ADVANCE MULTI-PURPOSE),15.36974,73.9360833,0,STOP,At Fire Station Verna,Fire Station Verna
2026-01-17T00:35:45.271Z,GA 07 G 1942-VAP(QUICK RESPONSE),15.5310033,74.138745,0,STOP,At Fire Station Valpoi ,Fire Station Valpoi
2026-01-17T00:35:45.271Z,GA 07 G 2003-CUR(QUICK RESPONSE),15.2604016,74.1031166,0,STOP,At Fire Station Curchorem,Fire Station Curchorem
2026-01-17T00:35:45.271Z,GA 07 G 7447-CUR(EMERGENCY RESCUE),15.260415,74.10376,0,STOP,At Fire Station Curchorem,Fire Station Curchorem
2026-01-17T00:35:45.271Z,GA 07 G 7557-CUR(WATER TENDER),15.2604083,74.1034266,0,STOP,At Fire Station Curchorem,Fire Station Curchorem
2026-01-17T00:35:45.271Z,GA 07 G 7667-CUR(WATER BOUSER),15.2602533,74.1037266,0,STOP,At Fire Station Curchorem,Fire Station Curchorem
2026-01-17T00:35:45.271Z,GA 07 G 4989-KUN(WATER TENDER),15.4632383,73.9724617,0,STOP,At Fire Station Kundaim,Fire Station Kundaim
2026-01-17T00:35:45.271Z,GA 07 G 2242-PIL(WATER TENDER),15.5329344,73.7940983,0,STOP,At Fire Station Pilerne,Fire Station Pilerne
2026-01-17T00:35:45.271Z,GA 07 G 0681-MAP(QUICK RESPONSE),15.58978,73.808805,0,STOP,At Fire Station Mapusa,Fire Station Mapusa
2026-01-17T00:35:45.271Z,GA 07 G 0307-PER(QUICK RESPONSE),15.7164939,73.7974239,0,INACTIVE,At Fire Station Pernem,Fire Station Pernem
2026-01-17T00:35:45.271Z,GA 07 G 2101-PER(MS WATER TENDER),15.7164572,73.7975456,0,STOP,At Fire Station Pernem,Fire Station Pernem
2026-01-17T00:35:45.271Z,GA 07 G 4600-PER(MINI RESCUE TENDER),15.7165267,73.7975289,0,STOP,At Fire Station Pernem,Fire Station Pernem
2026-01-17T00:35:45.271Z,GA 07 G 7272-PNJ(WATER TENDER),15.4880722,73.8173878,0,STOP,"Goa College of Home Science, Dayanand Bandodkar Road, Opposite Parade Ground Campal,, Panaji, Goa (SE)",Fire Station Panaji
2026-01-17T00:35:45.271Z,GA07G2384- Cuncolim,15.1861639,74.0211006,0,STOP,At Fire Station Cuncolim,Fire Station Cuncolim
2026-01-17T00:35:45.271Z,GA07G2507 - PER Mid Size (Water Tender),15.716485,73.7975017,0,STOP,At Fire Station Pernem,Fire Station Pernem
2026-01-17T00:35:45.271Z,GA07G2505 - VAP Mid Size (Water Tender),15.5309717,74.1385667,0,STOP,At Fire Station Valpoi ,Fire Station Valpoi
2026-01-17T00:35:45.271Z,GA07G2504 - BIC Mid Size (Water Tender),15.589485,73.9466967,0,STOP,At Fire Station Bicholim ,Fire Station Bicholim
2026-01-17T00:35:45.271Z,GA07G2503- MAP Mid Size (Water Tender),15.5899483,73.808635,0,STOP,At Fire Station Mapusa,Fire Station Mapusa
2026-01-17T00:35:45.271Z,GA07G2502 - FFHQ Mid Size (Water Tender),15.4868,73.8171867,0,STOP,"Caculo Mall, 16 Shanta, St Inez Rd, Caculo Enclave, Santa Inez, Panaji, Goa (NW)",Fire Force Headquarters
2026-01-17T00:37:07.305Z,GA 07 G 0680-PIL(QUICK RESPONSE VEHICLE),15.52289,73.8294267,0,STOP,At Porvorim Fire Station,Fire Station Pilerne
2026-01-17T00:37:07.305Z,GA07G2506 - OLG Mid Size (Water Tender),15.500308,73.91407,0,STOP,At Fire Station Old Goa,Fire Station Old Goa
2026-01-17T00:37:07.305Z,GA 07 G 5115-POR(MINI WATER TENDER),15.52334,73.829453,0,STOP,At Porvorim Fire Station,Fire Station Porvorim
2026-01-17T00:37:07.305Z,GA 07 G 0350-MRG(WATER TENDER),15.269438,73.970627,0,STOP,At Fire Station Margoa,Fire Station Margao
2026-01-17T00:37:07.305Z,GA 07 G 2900-MAP(MINI RESCUE TENDER),15.58999,73.808624,0,STOP,At Fire Station Mapusa,Fire Station Mapusa
2026-01-17T00:37:07.305Z,GA 07 G 7600-FFHQ(WATER BOUSER),15.487132,73.817329,0,STOP,"Caculo Mall, 16 Shanta, St Inez Rd, Caculo Enclave, Santa Inez, Panaji, Goa (NW)",Fire Force Headquarters
2026-01-17T00:37:07.305Z,GA 07 G 2002-FFHQ(TURN TABLE LADDER),15.487413,73.817276,0,STOP,"Caculo Mall, 16 Shanta, St Inez Rd, Caculo Enclave, Santa Inez, Panaji, Goa (NW)",Fire Force Headquarters
2026-01-17T00:37:07.305Z,GA 07 G 7101-FFHQ(WATER TENDER),15.48682,73.816971,0,STOP,"Caculo Mall, 16 Shanta, St Inez Rd, Caculo Enclave, Santa Inez, Panaji, Goa (NW)",Fire Force Headquarters
2026-01-17T00:37:07.305Z,GA 07 G 7677-FFHQ(EMERGENCY RESCUE),15.487177,73.817001,0,STOP,"Caculo Mall, 16 Shanta, St Inez Rd, Caculo Enclave, Santa Inez, Panaji, Goa (NW)",Fire Force Headquarters
2026-01-17T00:37:07.305Z,GA 07 G 1121-PNJ(EMERGENCY RESCUE),15.487333,73.817299,0,STOP,"Caculo Mall, 16 Shanta, St Inez Rd, Caculo Enclave, Santa Inez, Panaji, Goa (NW)",Fire Station Panaji
2026-01-17T00:37:07.305Z,GA 07 G 1571-FFHQ(QUICK RESPONSE),15.486457,73.817513,0,STOP,"Caculo Mall, 16 Shanta, St Inez Rd, Caculo Enclave, Santa Inez, Panaji, Goa (SW)",Fire Force Headquarters
2026-01-17T00:37:07.305Z,GA 07 G 8101-MAP(WATER TENDER),15.589972,73.808624,0,STOP,At Fire Station Mapusa,Fire Station Mapusa
2026-01-17T00:37:07.305Z,GA 07 G 2317-MRG(EMERGENCY RESCUE TENDER),15.2694116,73.9701666,0,STOP,At Fire Station Margoa,Fire Station Margao
2026-01-17T00:37:07.305Z,GA 07 G 1570-VAS(QUICK RESPONSE FIRE TENDER),15.3887733,73.8513266,0,STOP,At Fire Station Vasco,Fire Station Vasco
2026-01-17T00:37:07.305Z,GA 07 G 4101-VAS(MS WATER TENDER),15.3888166,73.851285,0,STOP,At Fire Station Vasco,Fire Station Vasco
2026-01-17T00:37:07.305Z,GA 07 G 0819-VAS(WATER/FOAM TENDER),15.38905,73.8510983,0,IDLE,At Fire Station Vasco,Fire Station Vasco
2026-01-17T00:37:07.305Z,GA 07 G 7100-MRG(WATER BOUSER),15.269415,73.969995,0,STOP,At Fire Station Margoa,Fire Station Margao
2026-01-17T00:37:07.305Z,GA 07 G 1568-MRG(QUICK RESPONSE ),15.2693416,73.9705166,0,STOP,At Fire Station Margoa,Fire Station Margao
2026-01-17T00:37:07.305Z,GA 07 G 6101-MRG(WATER TENDER),15.2694116,73.970255,0,STOP,At Fire Station Margoa,Fire Station Margao
2026-01-17T00:37:07.305Z,GA 07 G 1001-MRG(AERIAL LADDER PLATFORM),15.26938,73.9701583,0,STOP,At Fire Station Margoa,Fire Station Margao
2026-01-17T00:37:07.305Z,GA 07 G 0820-BIC(WATER TEDNER),15.4027967,74.0028217,0,STOP,At Fire Station Ponda ,Fire Station Bicholim
2026-01-17T00:37:07.305Z,GA 07 G 5101-OLG(MS WATER TENDER),15.500265,73.9139483,0,STOP,At Fire Station Old Goa,Fire Station Old Goa
2026-01-17T00:37:07.305Z,GA 07 G 3101-BIC(MS WATER TENDER),15.5892916,73.9465333,0,STOP,At Fire Station Bicholim ,Fire Station Bicholim
2026-01-17T00:37:07.305Z,GA 07 G 1941-BIC(QUICK RESPONSE),15.5894533,73.9467116,0,STOP,At Fire Station Bicholim ,Fire Station Bicholim
2026-01-17T00:37:07.305Z,GA 07 G 2319-VAS (EMERGENCY RESCUE TENDER),15.3900983,73.8532383,0,STOP,"Zuari Rd, Holy Cross Colony, Dabolim, Goa (SE)",Fire Station Vasco
2026-01-17T00:37:07.305Z,GA 07 G 3737-VAP(WATER TENDER),15.5310533,74.1388916,0,STOP,At Fire Station Valpoi ,Fire Station Valpoi
2026-01-17T00:37:07.305Z,GA 07 G 2318-PND(EMERGENCY RESCUE TENDER),15.4028033,74.00293,0,STOP,At Fire Station Ponda ,Fire Station Ponda
2026-01-17T00:37:07.305Z,GA 07 G 2004-PND(QUICK RESPONSE),15.4141016,73.9073083,0,INACTIVE,"Guru Hotel, Old Ferry Road, Agaçaim, Goa (SE)",Fire Station Ponda
2026-01-17T00:37:07.305Z,GA 07 G 9101-PND(WATER TENDER),15.4027033,74.0028733,0,STOP,At Fire Station Ponda ,Fire Station Ponda
2026-01-17T00:37:07.305Z,GA 07 G 9797-PND(WATER BOUSER),15.4027999,74.0027016,0,STOP,At Fire Station Ponda ,Fire Station Ponda
2026-01-17T00:37:07.305Z,GA 07 G 6363-CAN(WATER TENDER),15.02361,74.04406,0,INACTIVE,"Canacona, The Lalitrajbaga ,Canacona, Canacona, Goa (NE)",Fire Station Canacona
2026-01-17T00:37:07.305Z,GA 07 G 1567-CAN(QUICK RESPONSE FT),15.0233599,74.0440833,0,INACTIVE,"Canacona, The Lalitrajbaga ,Canacona, Canacona, Goa (NE)",Fire Station Canacona
2026-01-17T00:37:07.305Z,GA 07 G 1569-VRN(QUICK RESPONSE),15.369545,73.9355216,0,STOP,At Fire Station Verna,Fire Station Verna
2026-01-17T00:37:07.305Z,GA 07 G 9909-VRN(ADVANCE MULTI-PURPOSE),15.36974,73.9360833,0,STOP,At Fire Station Verna,Fire Station Verna
2026-01-17T00:37:07.305Z,GA 07 G 1942-VAP(QUICK RESPONSE),15.5310033,74.138745,0,STOP,At Fire Station Valpoi ,Fire Station Valpoi
2026-01-17T00:37:07.305Z,GA 07 G 2003-CUR(QUICK RESPONSE),15.2604016,74.1031166,0,STOP,At Fire Station Curchorem,Fire Station Curchorem
2026-01-17T00:37:07.305Z,GA 07 G 7447-CUR(EMERGENCY RESCUE),15.260415,74.10376,0,STOP,At Fire Station Curchorem,Fire Station Curchorem
2026-01-17T00:37:07.305Z,GA 07 G 7557-CUR(WATER TENDER),15.2604083,74.1034266,0,STOP,At Fire Station Curchorem,Fire Station Curchorem
2026-01-17T00:37:07.305Z,GA 07 G 7667-CUR(WATER BOUSER),15.2602533,74.1037266,0,STOP,At Fire Station Curchorem,Fire Station Curchorem
2026-01-17T00:37:07.305Z,GA 07 G 4989-KUN(WATER TENDER),15.4632383,73.9724617,0,STOP,At Fire Station Kundaim,Fire Station Kundaim
2026-01-17T00:37:07.305Z,GA 07 G 2242-PIL(WATER TENDER),15.5329344,73.7940983,0,STOP,At Fire Station Pilerne,Fire Station Pilerne
2026-01-17T00:37:07.305Z,GA 07 G 0681-MAP(QUICK RESPONSE),15.58978,73.808805,0,STOP,At Fire Station Mapusa,Fire Station Mapusa
2026-01-17T00:37:07.305Z,GA 07 G 0307-PER(QUICK RESPONSE),15.7164939,73.7974239,0,INACTIVE,At Fire Station Pernem,Fire Station Pernem
2026-01-17T00:37:07.305Z,GA 07 G 2101-PER(MS WATER TENDER),15.7164572,73.7975456,0,STOP,At Fire Station Pernem,Fire Station Pernem
2026-01-17T00:37:07.305Z,GA 07 G 4600-PER(MINI RESCUE TENDER),15.7165267,73.7975289,0,STOP,At Fire Station Pernem,Fire Station Pernem
2026-01-17T00:37:07.305Z,GA 07 G 7272-PNJ(WATER TENDER),15.4880722,73.8173878,0,STOP,"Goa College of Home Science, Dayanand Bandodkar Road, Opposite Parade Ground Campal,, Panaji, Goa (SE)",Fire Station Panaji
2026-01-17T00:37:07.305Z,GA07G2384- Cuncolim,15.1861639,74.0211006,0,STOP,At Fire Station Cuncolim,Fire Station Cuncolim
2026-01-17T00:37:07.305Z,GA07G2507 - PER Mid Size (Water Tender),15.716485,73.7975017,0,STOP,At Fire Station Pernem,Fire Station Pernem
2026-01-17T00:37:07.305Z,GA07G2505 - VAP Mid Size (Water Tender),15.5309717,74.1385667,0,STOP,At Fire Station Valpoi ,Fire Station Valpoi
2026-01-17T00:37:07.305Z,GA07G2504 - BIC Mid Size (Water Tender),15.589485,73.9466967,0,STOP,At Fire Station Bicholim ,Fire Station Bicholim
2026-01-17T00:37:07.305Z,GA07G2503- MAP Mid Size (Water Tender),15.5899483,73.808635,0,STOP,At Fire Station Mapusa,Fire Station Mapusa
2026-01-17T00:37:07.305Z,GA07G2502 - FFHQ Mid Size (Water Tender),15.4868,73.8171867,0,STOP,"Caculo Mall, 16 Shanta, St Inez Rd, Caculo Enclave, Santa Inez, Panaji, Goa (NW)",Fire Force Headquarters
2026-01-17T00:37:35.796Z,GA 07 G 0680-PIL(QUICK RESPONSE VEHICLE),15.52289,73.8294267,0,STOP,At Porvorim Fire Station,Fire Station Pilerne
2026-01-17T00:37:35.796Z,GA07G2506 - OLG Mid Size (Water Tender),15.500308,73.91407,0,STOP,At Fire Station Old Goa,Fire Station Old Goa
2026-01-17T00:37:35.796Z,GA 07 G 5115-POR(MINI WATER TENDER),15.52334,73.829453,0,STOP,At Porvorim Fire Station,Fire Station Porvorim
2026-01-17T00:37:35.796Z,GA 07 G 0350-MRG(WATER TENDER),15.269438,73.970627,0,STOP,At Fire Station Margoa,Fire Station Margao
2026-01-17T00:37:35.796Z,GA 07 G 2900-MAP(MINI RESCUE TENDER),15.58999,73.808624,0,STOP,At Fire Station Mapusa,Fire Station Mapusa
2026-01-17T00:37:35.796Z,GA 07 G 7600-FFHQ(WATER BOUSER),15.487132,73.817329,0,STOP,"Caculo Mall, 16 Shanta, St Inez Rd, Caculo Enclave, Santa Inez, Panaji, Goa (NW)",Fire Force Headquarters
2026-01-17T00:37:35.796Z,GA 07 G 2002-FFHQ(TURN TABLE LADDER),15.487413,73.817276,0,STOP,"Caculo Mall, 16 Shanta, St Inez Rd, Caculo Enclave, Santa Inez, Panaji, Goa (NW)",Fire Force Headquarters
2026-01-17T00:37:35.796Z,GA 07 G 7101-FFHQ(WATER TENDER),15.48682,73.816971,0,STOP,"Caculo Mall, 16 Shanta, St Inez Rd, Caculo Enclave, Santa Inez, Panaji, Goa (NW)",Fire Force Headquarters
2026-01-17T00:37:35.796Z,GA 07 G 7677-FFHQ(EMERGENCY RESCUE),15.487177,73.817001,0,STOP,"Caculo Mall, 16 Shanta, St Inez Rd, Caculo Enclave, Santa Inez, Panaji, Goa (NW)",Fire Force Headquarters
2026-01-17T00:37:35.796Z,GA 07 G 1121-PNJ(EMERGENCY RESCUE),15.487333,73.817299,0,STOP,"Caculo Mall, 16 Shanta, St Inez Rd, Caculo Enclave, Santa Inez, Panaji, Goa (NW)",Fire Station Panaji
2026-01-17T00:37:35.796Z,GA 07 G 1571-FFHQ(QUICK RESPONSE),15.486457,73.817513,0,STOP,"Caculo Mall, 16 Shanta, St Inez Rd, Caculo Enclave, Santa Inez, Panaji, Goa (SW)",Fire Force Headquarters
2026-01-17T00:37:35.796Z,GA 07 G 8101-MAP(WATER TENDER),15.589972,73.808624,0,STOP,At Fire Station Mapusa,Fire Station Mapusa
2026-01-17T00:37:35.796Z,GA 07 G 2317-MRG(EMERGENCY RESCUE TENDER),15.2694116,73.9701666,0,STOP,At Fire Station Margoa,Fire Station Margao
2026-01-17T00:37:35.796Z,GA 07 G 1570-VAS(QUICK RESPONSE FIRE TENDER),15.3887733,73.8513266,0,STOP,At Fire Station Vasco,Fire Station Vasco
2026-01-17T00:37:35.796Z,GA 07 G 4101-VAS(MS WATER TENDER),15.3888166,73.851285,0,STOP,At Fire Station Vasco,Fire Station Vasco
2026-01-17T00:37:35.796Z,GA 07 G 0819-VAS(WATER/FOAM TENDER),15.38905,73.8510983,0,IDLE,At Fire Station Vasco,Fire Station Vasco
2026-01-17T00:37:35.796Z,GA 07 G 7100-MRG(WATER BOUSER),15.269415,73.969995,0,STOP,At Fire Station Margoa,Fire Station Margao
2026-01-17T00:37:35.796Z,GA 07 G 1568-MRG(QUICK RESPONSE ),15.2693416,73.9705166,0,STOP,At Fire Station Margoa,Fire Station Margao
2026-01-17T00:37:35.796Z,GA 07 G 6101-MRG(WATER TENDER),15.2694116,73.970255,0,STOP,At Fire Station Margoa,Fire Station Margao
2026-01-17T00:37:35.796Z,GA 07 G 1001-MRG(AERIAL LADDER PLATFORM),15.26938,73.9701583,0,STOP,At Fire Station Margoa,Fire Station Margao
2026-01-17T00:37:35.796Z,GA 07 G 0820-BIC(WATER TEDNER),15.4027967,74.0028217,0,STOP,At Fire Station Ponda ,Fire Station Bicholim
2026-01-17T00:37:35.796Z,GA 07 G 5101-OLG(MS WATER TENDER),15.500265,73.9139483,0,STOP,At Fire Station Old Goa,Fire Station Old Goa
2026-01-17T00:37:35.796Z,GA 07 G 3101-BIC(MS WATER TENDER),15.5892916,73.9465333,0,STOP,At Fire Station Bicholim ,Fire Station Bicholim
2026-01-17T00:37:35.796Z,GA 07 G 1941-BIC(QUICK RESPONSE),15.5894533,73.9467116,0,STOP,At Fire Station Bicholim ,Fire Station Bicholim
2026-01-17T00:37:35.796Z,GA 07 G 2319-VAS (EMERGENCY RESCUE TENDER),15.3900983,73.8532383,0,STOP,"Zuari Rd, Holy Cross Colony, Dabolim, Goa (SE)",Fire Station Vasco
2026-01-17T00:37:35.796Z,GA 07 G 3737-VAP(WATER TENDER),15.5310533,74.1388916,0,STOP,At Fire Station Valpoi ,Fire Station Valpoi
2026-01-17T00:37:35.796Z,GA 07 G 2318-PND(EMERGENCY RESCUE TENDER),15.4028033,74.00293,0,STOP,At Fire Station Ponda ,Fire Station Ponda
2026-01-17T00:37:35.796Z,GA 07 G 2004-PND(QUICK RESPONSE),15.4141016,73.9073083,0,INACTIVE,"Guru Hotel, Old Ferry Road, Agaçaim, Goa (SE)",Fire Station Ponda
2026-01-17T00:37:35.796Z,GA 07 G 9101-PND(WATER TENDER),15.4027033,74.0028733,0,STOP,At Fire Station Ponda ,Fire Station Ponda
2026-01-17T00:37:35.796Z,GA 07 G 9797-PND(WATER BOUSER),15.4027999,74.0027016,0,STOP,At Fire Station Ponda ,Fire Station Ponda
2026-01-17T00:37:35.796Z,GA 07 G 6363-CAN(WATER TENDER),15.02361,74.04406,0,INACTIVE,"Canacona, The Lalitrajbaga ,Canacona, Canacona, Goa (NE)",Fire Station Canacona
2026-01-17T00:37:35.796Z,GA 07 G 1567-CAN(QUICK RESPONSE FT),15.0233599,74.0440833,0,INACTIVE,"Canacona, The Lalitrajbaga ,Canacona, Canacona, Goa (NE)",Fire Station Canacona
2026-01-17T00:37:35.796Z,GA 07 G 1569-VRN(QUICK RESPONSE),15.369545,73.9355216,0,STOP,At Fire Station Verna,Fire Station Verna
2026-01-17T00:37:35.796Z,GA 07 G 9909-VRN(ADVANCE MULTI-PURPOSE),15.36974,73.9360833,0,STOP,At Fire Station Verna,Fire Station Verna
2026-01-17T00:37:35.796Z,GA 07 G 1942-VAP(QUICK RESPONSE),15.5310033,74.138745,0,STOP,At Fire Station Valpoi ,Fire Station Valpoi
2026-01-17T00:37:35.796Z,GA 07 G 2003-CUR(QUICK RESPONSE),15.2604016,74.1031166,0,STOP,At Fire Station Curchorem,Fire Station Curchorem
2026-01-17T00:37:35.796Z,GA 07 G 7447-CUR(EMERGENCY RESCUE),15.260415,74.10376,0,STOP,At Fire Station Curchorem,Fire Station Curchorem
2026-01-17T00:37:35.796Z,GA 07 G 7557-CUR(WATER TENDER),15.2604083,74.1034266,0,STOP,At Fire Station Curchorem,Fire Station Curchorem
2026-01-17T00:37:35.796Z,GA 07 G 7667-CUR(WATER BOUSER),15.2602533,74.1037266,0,STOP,At Fire Station Curchorem,Fire Station Curchorem
2026-01-17T00:37:35.796Z,GA 07 G 4989-KUN(WATER TENDER),15.4632383,73.9724617,0,STOP,At Fire Station Kundaim,Fire Station Kundaim
2026-01-17T00:37:35.796Z,GA 07 G 2242-PIL(WATER TENDER),15.5329344,73.7940983,0,STOP,At Fire Station Pilerne,Fire Station Pilerne
2026-01-17T00:37:35.796Z,GA 07 G 0681-MAP(QUICK RESPONSE),15.58978,73.808805,0,STOP,At Fire Station Mapusa,Fire Station Mapusa
2026-01-17T00:37:35.796Z,GA 07 G 0307-PER(QUICK RESPONSE),15.7164939,73.7974239,0,INACTIVE,At Fire Station Pernem,Fire Station Pernem
2026-01-17T00:37:35.796Z,GA 07 G 2101-PER(MS WATER TENDER),15.7164572,73.7975456,0,STOP,At Fire Station Pernem,Fire Station Pernem
2026-01-17T00:37:35.796Z,GA 07 G 4600-PER(MINI RESCUE TENDER),15.7165267,73.7975289,0,STOP,At Fire Station Pernem,Fire Station Pernem
2026-01-17T00:37:35.796Z,GA 07 G 7272-PNJ(WATER TENDER),15.4880722,73.8173878,0,STOP,"Goa College of Home Science, Dayanand Bandodkar Road, Opposite Parade Ground Campal,, Panaji, Goa (SE)",Fire Station Panaji
2026-01-17T00:37:35.796Z,GA07G2384- Cuncolim,15.1861639,74.0211006,0,STOP,At Fire Station Cuncolim,Fire Station Cuncolim
2026-01-17T00:37:35.796Z,GA07G2507 - PER Mid Size (Water Tender),15.716485,73.7975017,0,STOP,At Fire Station Pernem,Fire Station Pernem
2026-01-17T00:37:35.796Z,GA07G2505 - VAP Mid Size (Water Tender),15.5309717,74.1385667,0,STOP,At Fire Station Valpoi ,Fire Station Valpoi
2026-01-17T00:37:35.796Z,GA07G2504 - BIC Mid Size (Water Tender),15.589485,73.9466967,0,STOP,At Fire Station Bicholim ,Fire Station Bicholim
2026-01-17T00:37:35.796Z,GA07G2503- MAP Mid Size (Water Tender),15.5899483,73.808635,0,STOP,At Fire Station Mapusa,Fire Station Mapusa
2026-01-17T00:37:35.796Z,GA07G2502 - FFHQ Mid Size (Water Tender),15.4868,73.8171867,0,STOP,"Caculo Mall, 16 Shanta, St Inez Rd, Caculo Enclave, Santa Inez, Panaji, Goa (NW)",Fire Force Headquarters
2026-01-17T00:38:53.140Z,GA 07 G 0680-PIL(QUICK RESPONSE VEHICLE),15.52289,73.8294267,0,STOP,At Porvorim Fire Station,Fire Station Pilerne
2026-01-17T00:38:53.140Z,GA07G2506 - OLG Mid Size (Water Tender),15.500308,73.91407,0,STOP,At Fire Station Old Goa,Fire Station Old Goa
2026-01-17T00:38:53.140Z,GA 07 G 5115-POR(MINI WATER TENDER),15.52334,73.829453,0,STOP,At Porvorim Fire Station,Fire Station Porvorim
2026-01-17T00:38:53.140Z,GA 07 G 0350-MRG(WATER TENDER),15.269438,73.970627,0,STOP,At Fire Station Margoa,Fire Station Margao
2026-01-17T00:38:53.140Z,GA 07 G 2900-MAP(MINI RESCUE TENDER),15.58999,73.808624,0,STOP,At Fire Station Mapusa,Fire Station Mapusa
2026-01-17T00:38:53.140Z,GA 07 G 7600-FFHQ(WATER BOUSER),15.487132,73.817329,0,STOP,"Caculo Mall, 16 Shanta, St Inez Rd, Caculo Enclave, Santa Inez, Panaji, Goa (NW)",Fire Force Headquarters
2026-01-17T00:38:53.140Z,GA 07 G 2002-FFHQ(TURN TABLE LADDER),15.487413,73.817276,0,STOP,"Caculo Mall, 16 Shanta, St Inez Rd, Caculo Enclave, Santa Inez, Panaji, Goa (NW)",Fire Force Headquarters
2026-01-17T00:38:53.140Z,GA 07 G 7101-FFHQ(WATER TENDER),15.48682,73.816971,0,STOP,"Caculo Mall, 16 Shanta, St Inez Rd, Caculo Enclave, Santa Inez, Panaji, Goa (NW)",Fire Force Headquarters
2026-01-17T00:38:53.140Z,GA 07 G 7677-FFHQ(EMERGENCY RESCUE),15.487177,73.817001,0,STOP,"Caculo Mall, 16 Shanta, St Inez Rd, Caculo Enclave, Santa Inez, Panaji, Goa (NW)",Fire Force Headquarters
2026-01-17T00:38:53.140Z,GA 07 G 1121-PNJ(EMERGENCY RESCUE),15.487333,73.817299,0,STOP,"Caculo Mall, 16 Shanta, St Inez Rd, Caculo Enclave, Santa Inez, Panaji, Goa (NW)",Fire Station Panaji
2026-01-17T00:38:53.140Z,GA 07 G 1571-FFHQ(QUICK RESPONSE),15.486457,73.817513,0,STOP,"Caculo Mall, 16 Shanta, St Inez Rd, Caculo Enclave, Santa Inez, Panaji, Goa (SW)",Fire Force Headquarters
2026-01-17T00:38:53.140Z,GA 07 G 8101-MAP(WATER TENDER),15.589972,73.808624,0,STOP,At Fire Station Mapusa,Fire Station Mapusa
2026-01-17T00:38:53.140Z,GA 07 G 2317-MRG(EMERGENCY RESCUE TENDER),15.2694116,73.9701666,0,STOP,At Fire Station Margoa,Fire Station Margao
2026-01-17T00:38:53.140Z,GA 07 G 1570-VAS(QUICK RESPONSE FIRE TENDER),15.3887733,73.8513266,0,STOP,At Fire Station Vasco,Fire Station Vasco
2026-01-17T00:38:53.140Z,GA 07 G 4101-VAS(MS WATER TENDER),15.3888166,73.851285,0,STOP,At Fire Station Vasco,Fire Station Vasco
2026-01-17T00:38:53.140Z,GA 07 G 0819-VAS(WATER/FOAM TENDER),15.38905,73.8510983,0,IDLE,At Fire Station Vasco,Fire Station Vasco
2026-01-17T00:38:53.140Z,GA 07 G 7100-MRG(WATER BOUSER),15.269415,73.969995,0,STOP,At Fire Station Margoa,Fire Station Margao
2026-01-17T00:38:53.140Z,GA 07 G 1568-MRG(QUICK RESPONSE ),15.2693416,73.9705166,0,STOP,At Fire Station Margoa,Fire Station Margao
2026-01-17T00:38:53.140Z,GA 07 G 6101-MRG(WATER TENDER),15.2694116,73.970255,0,STOP,At Fire Station Margoa,Fire Station Margao
2026-01-17T00:38:53.140Z,GA 07 G 1001-MRG(AERIAL LADDER PLATFORM),15.26938,73.9701583,0,STOP,At Fire Station Margoa,Fire Station Margao
2026-01-17T00:38:53.140Z,GA 07 G 0820-BIC(WATER TEDNER),15.4027967,74.0028217,0,STOP,At Fire Station Ponda ,Fire Station Bicholim
2026-01-17T00:38:53.140Z,GA 07 G 5101-OLG(MS WATER TENDER),15.500265,73.9139483,0,STOP,At Fire Station Old Goa,Fire Station Old Goa
2026-01-17T00:38:53.140Z,GA 07 G 3101-BIC(MS WATER TENDER),15.5892183,73.9466549,0,STOP,At Fire Station Bicholim ,Fire Station Bicholim
2026-01-17T00:38:53.140Z,GA 07 G 1941-BIC(QUICK RESPONSE),15.5894533,73.9467116,0,STOP,At Fire Station Bicholim ,Fire Station Bicholim
2026-01-17T00:38:53.140Z,GA 07 G 2319-VAS (EMERGENCY RESCUE TENDER),15.3900983,73.8532383,0,STOP,"Zuari Rd, Holy Cross Colony, Dabolim, Goa (SE)",Fire Station Vasco
2026-01-17T00:38:53.140Z,GA 07 G 3737-VAP(WATER TENDER),15.5310533,74.1388916,0,STOP,At Fire Station Valpoi ,Fire Station Valpoi
2026-01-17T00:38:53.140Z,GA 07 G 2318-PND(EMERGENCY RESCUE TENDER),15.4028033,74.00293,0,STOP,At Fire Station Ponda ,Fire Station Ponda
2026-01-17T00:38:53.140Z,GA 07 G 2004-PND(QUICK RESPONSE),15.4141016,73.9073083,0,INACTIVE,"Guru Hotel, Old Ferry Road, Agaçaim, Goa (SE)",Fire Station Ponda
2026-01-17T00:38:53.140Z,GA 07 G 9101-PND(WATER TENDER),15.4027033,74.0028733,0,STOP,At Fire Station Ponda ,Fire Station Ponda
2026-01-17T00:38:53.140Z,GA 07 G 9797-PND(WATER BOUSER),15.4027999,74.0027016,0,STOP,At Fire Station Ponda ,Fire Station Ponda
2026-01-17T00:38:53.140Z,GA 07 G 6363-CAN(WATER TENDER),15.02361,74.04406,0,INACTIVE,"Canacona, The Lalitrajbaga ,Canacona, Canacona, Goa (NE)",Fire Station Canacona
2026-01-17T00:38:53.140Z,GA 07 G 1567-CAN(QUICK RESPONSE FT),15.0233599,74.0440833,0,INACTIVE,"Canacona, The Lalitrajbaga ,Canacona, Canacona, Goa (NE)",Fire Station Canacona
2026-01-17T00:38:53.140Z,GA 07 G 1569-VRN(QUICK RESPONSE),15.369545,73.9355216,0,STOP,At Fire Station Verna,Fire Station Verna
2026-01-17T00:38:53.140Z,GA 07 G 9909-VRN(ADVANCE MULTI-PURPOSE),15.36974,73.9360833,0,STOP,At Fire Station Verna,Fire Station Verna
2026-01-17T00:38:53.140Z,GA 07 G 1942-VAP(QUICK RESPONSE),15.5310033,74.138745,0,STOP,At Fire Station Valpoi ,Fire Station Valpoi
2026-01-17T00:38:53.140Z,GA 07 G 2003-CUR(QUICK RESPONSE),15.2604016,74.1031166,0,STOP,At Fire Station Curchorem,Fire Station Curchorem
2026-01-17T00:38:53.140Z,GA 07 G 7447-CUR(EMERGENCY RESCUE),15.260415,74.10376,0,STOP,At Fire Station Curchorem,Fire Station Curchorem
2026-01-17T00:38:53.140Z,GA 07 G 7557-CUR(WATER TENDER),15.2604083,74.1034266,0,STOP,At Fire Station Curchorem,Fire Station Curchorem
2026-01-17T00:38:53.140Z,GA 07 G 7667-CUR(WATER BOUSER),15.2602533,74.1037266,0,STOP,At Fire Station Curchorem,Fire Station Curchorem
2026-01-17T00:38:53.140Z,GA 07 G 4989-KUN(WATER TENDER),15.4632383,73.9724617,0,STOP,At Fire Station Kundaim,Fire Station Kundaim
2026-01-17T00:38:53.140Z,GA 07 G 2242-PIL(WATER TENDER),15.5329344,73.7940983,0,STOP,At Fire Station Pilerne,Fire Station Pilerne
2026-01-17T00:38:53.140Z,GA 07 G 0681-MAP(QUICK RESPONSE),15.58978,73.808805,0,STOP,At Fire Station Mapusa,Fire Station Mapusa
2026-01-17T00:38:53.140Z,GA 07 G 0307-PER(QUICK RESPONSE),15.7164939,73.7974239,0,INACTIVE,At Fire Station Pernem,Fire Station Pernem
2026-01-17T00:38:53.140Z,GA 07 G 2101-PER(MS WATER TENDER),15.7164572,73.7975456,0,STOP,At Fire Station Pernem,Fire Station Pernem
2026-01-17T00:38:53.140Z,GA 07 G 4600-PER(MINI RESCUE TENDER),15.7165267,73.7975289,0,STOP,At Fire Station Pernem,Fire Station Pernem
2026-01-17T00:38:53.140Z,GA 07 G 7272-PNJ(WATER TENDER),15.4880722,73.8173878,0,STOP,"Goa College of Home Science, Dayanand Bandodkar Road, Opposite Parade Ground Campal,, Panaji, Goa (SE)",Fire Station Panaji
2026-01-17T00:38:53.140Z,GA07G2384- Cuncolim,15.1861639,74.0211006,0,STOP,At Fire Station Cuncolim,Fire Station Cuncolim
2026-01-17T00:38:53.140Z,GA07G2507 - PER Mid Size (Water Tender),15.716485,73.7975017,0,STOP,At Fire Station Pernem,Fire Station Pernem
2026-01-17T00:38:53.140Z,GA07G2505 - VAP Mid Size (Water Tender),15.5309717,74.1385667,0,STOP,At Fire Station Valpoi ,Fire Station Valpoi
2026-01-17T00:38:53.140Z,GA07G2504 - BIC Mid Size (Water Tender),15.589485,73.9466967,0,STOP,At Fire Station Bicholim ,Fire Station Bicholim
2026-01-17T00:38:53.140Z,GA07G2503- MAP Mid Size (Water Tender),15.5899483,73.808635,0,STOP,At Fire Station Mapusa,Fire Station Mapusa
2026-01-17T00:38:53.140Z,GA07G2502 - FFHQ Mid Size (Water Tender),15.4868,73.8171867,0,STOP,"Caculo Mall, 16 Shanta, St Inez Rd, Caculo Enclave, Santa Inez, Panaji, Goa (NW)",Fire Force Headquarters
2026-01-17T00:39:42.651Z,GA 07 G 0680-PIL(QUICK RESPONSE VEHICLE),15.52289,73.8294267,0,STOP,At Porvorim Fire Station,Fire Station Pilerne
2026-01-17T00:39:42.651Z,GA07G2506 - OLG Mid Size (Water Tender),15.500308,73.91407,0,STOP,At Fire Station Old Goa,Fire Station Old Goa
2026-01-17T00:39:42.651Z,GA 07 G 5115-POR(MINI WATER TENDER),15.52334,73.829453,0,STOP,At Porvorim Fire Station,Fire Station Porvorim
2026-01-17T00:39:42.651Z,GA 07 G 0350-MRG(WATER TENDER),15.269438,73.970627,0,STOP,At Fire Station Margoa,Fire Station Margao
2026-01-17T00:39:42.651Z,GA 07 G 2900-MAP(MINI RESCUE TENDER),15.58999,73.808624,0,STOP,At Fire Station Mapusa,Fire Station Mapusa
2026-01-17T00:39:42.651Z,GA 07 G 7600-FFHQ(WATER BOUSER),15.487132,73.817329,0,STOP,"Caculo Mall, 16 Shanta, St Inez Rd, Caculo Enclave, Santa Inez, Panaji, Goa (NW)",Fire Force Headquarters
2026-01-17T00:39:42.651Z,GA 07 G 2002-FFHQ(TURN TABLE LADDER),15.487413,73.817276,0,STOP,"Caculo Mall, 16 Shanta, St Inez Rd, Caculo Enclave, Santa Inez, Panaji, Goa (NW)",Fire Force Headquarters
2026-01-17T00:39:42.651Z,GA 07 G 7101-FFHQ(WATER TENDER),15.48682,73.816971,0,STOP,"Caculo Mall, 16 Shanta, St Inez Rd, Caculo Enclave, Santa Inez, Panaji, Goa (NW)",Fire Force Headquarters
2026-01-17T00:39:42.651Z,GA 07 G 7677-FFHQ(EMERGENCY RESCUE),15.487177,73.817001,0,STOP,"Caculo Mall, 16 Shanta, St Inez Rd, Caculo Enclave, Santa Inez, Panaji, Goa (NW)",Fire Force Headquarters
2026-01-17T00:39:42.651Z,GA 07 G 1121-PNJ(EMERGENCY RESCUE),15.487333,73.817299,0,STOP,"Caculo Mall, 16 Shanta, St Inez Rd, Caculo Enclave, Santa Inez, Panaji, Goa (NW)",Fire Station Panaji
2026-01-17T00:39:42.651Z,GA 07 G 1571-FFHQ(QUICK RESPONSE),15.486457,73.817513,0,STOP,"Caculo Mall, 16 Shanta, St Inez Rd, Caculo Enclave, Santa Inez, Panaji, Goa (SW)",Fire Force Headquarters
2026-01-17T00:39:42.651Z,GA 07 G 8101-MAP(WATER TENDER),15.589972,73.808624,0,STOP,At Fire Station Mapusa,Fire Station Mapusa
2026-01-17T00:39:42.651Z,GA 07 G 2317-MRG(EMERGENCY RESCUE TENDER),15.2694116,73.9701666,0,STOP,At Fire Station Margoa,Fire Station Margao
2026-01-17T00:39:42.651Z,GA 07 G 1570-VAS(QUICK RESPONSE FIRE TENDER),15.3887733,73.8513266,0,STOP,At Fire Station Vasco,Fire Station Vasco
2026-01-17T00:39:42.651Z,GA 07 G 4101-VAS(MS WATER TENDER),15.3888166,73.851285,0,STOP,At Fire Station Vasco,Fire Station Vasco
2026-01-17T00:39:42.651Z,GA 07 G 0819-VAS(WATER/FOAM TENDER),15.38905,73.8510983,0,IDLE,At Fire Station Vasco,Fire Station Vasco
2026-01-17T00:39:42.651Z,GA 07 G 7100-MRG(WATER BOUSER),15.269415,73.969995,0,STOP,At Fire Station Margoa,Fire Station Margao
2026-01-17T00:39:42.651Z,GA 07 G 1568-MRG(QUICK RESPONSE ),15.2693416,73.9705166,0,STOP,At Fire Station Margoa,Fire Station Margao
2026-01-17T00:39:42.651Z,GA 07 G 6101-MRG(WATER TENDER),15.2694116,73.970255,0,STOP,At Fire Station Margoa,Fire Station Margao
2026-01-17T00:39:42.651Z,GA 07 G 1001-MRG(AERIAL LADDER PLATFORM),15.26938,73.9701583,0,STOP,At Fire Station Margoa,Fire Station Margao
2026-01-17T00:39:42.651Z,GA 07 G 0820-BIC(WATER TEDNER),15.4027967,74.0028217,0,STOP,At Fire Station Ponda ,Fire Station Bicholim
2026-01-17T00:39:42.651Z,GA 07 G 5101-OLG(MS WATER TENDER),15.500265,73.9139483,0,STOP,At Fire Station Old Goa,Fire Station Old Goa
2026-01-17T00:39:42.651Z,GA 07 G 3101-BIC(MS WATER TENDER),15.5892183,73.9466549,0,STOP,At Fire Station Bicholim ,Fire Station Bicholim
2026-01-17T00:39:42.651Z,GA 07 G 1941-BIC(QUICK RESPONSE),15.5894533,73.9467116,0,STOP,At Fire Station Bicholim ,Fire Station Bicholim
2026-01-17T00:39:42.651Z,GA 07 G 2319-VAS (EMERGENCY RESCUE TENDER),15.3900983,73.8532383,0,STOP,"Zuari Rd, Holy Cross Colony, Dabolim, Goa (SE)",Fire Station Vasco
2026-01-17T00:39:42.651Z,GA 07 G 3737-VAP(WATER TENDER),15.5310533,74.1388916,0,STOP,At Fire Station Valpoi ,Fire Station Valpoi
2026-01-17T00:39:42.651Z,GA 07 G 2318-PND(EMERGENCY RESCUE TENDER),15.4028033,74.00293,0,STOP,At Fire Station Ponda ,Fire Station Ponda
2026-01-17T00:39:42.651Z,GA 07 G 2004-PND(QUICK RESPONSE),15.4141016,73.9073083,0,INACTIVE,"Guru Hotel, Old Ferry Road, Agaçaim, Goa (SE)",Fire Station Ponda
2026-01-17T00:39:42.651Z,GA 07 G 9101-PND(WATER TENDER),15.4027033,74.0028733,0,STOP,At Fire Station Ponda ,Fire Station Ponda
2026-01-17T00:39:42.651Z,GA 07 G 9797-PND(WATER BOUSER),15.4027999,74.0027016,0,STOP,At Fire Station Ponda ,Fire Station Ponda
2026-01-17T00:39:42.651Z,GA 07 G 6363-CAN(WATER TENDER),15.02361,74.04406,0,INACTIVE,"Canacona, The Lalitrajbaga ,Canacona, Canacona, Goa (NE)",Fire Station Canacona
2026-01-17T00:39:42.651Z,GA 07 G 1567-CAN(QUICK RESPONSE FT),15.0233599,74.0440833,0,INACTIVE,"Canacona, The Lalitrajbaga ,Canacona, Canacona, Goa (NE)",Fire Station Canacona
2026-01-17T00:39:42.651Z,GA 07 G 1569-VRN(QUICK RESPONSE),15.369545,73.9355216,0,STOP,At Fire Station Verna,Fire Station Verna
2026-01-17T00:39:42.651Z,GA 07 G 9909-VRN(ADVANCE MULTI-PURPOSE),15.36974,73.9360833,0,STOP,At Fire Station Verna,Fire Station Verna
2026-01-17T00:39:42.651Z,GA 07 G 1942-VAP(QUICK RESPONSE),15.5310033,74.138745,0,STOP,At Fire Station Valpoi ,Fire Station Valpoi
2026-01-17T00:39:42.651Z,GA 07 G 2003-CUR(QUICK RESPONSE),15.2604016,74.1031166,0,STOP,At Fire Station Curchorem,Fire Station Curchorem
2026-01-17T00:39:42.651Z,GA 07 G 7447-CUR(EMERGENCY RESCUE),15.260415,74.10376,0,STOP,At Fire Station Curchorem,Fire Station Curchorem
2026-01-17T00:39:42.651Z,GA 07 G 7557-CUR(WATER TENDER),15.2604083,74.1034266,0,STOP,At Fire Station Curchorem,Fire Station Curchorem
2026-01-17T00:39:42.651Z,GA 07 G 7667-CUR(WATER BOUSER),15.2602533,74.1037266,0,STOP,At Fire Station Curchorem,Fire Station Curchorem
2026-01-17T00:39:42.651Z,GA 07 G 4989-KUN(WATER TENDER),15.4632383,73.9724617,0,STOP,At Fire Station Kundaim,Fire Station Kundaim
2026-01-17T00:39:42.651Z,GA 07 G 2242-PIL(WATER TENDER),15.5329344,73.7940983,0,STOP,At Fire Station Pilerne,Fire Station Pilerne
2026-01-17T00:39:42.651Z,GA 07 G 0681-MAP(QUICK RESPONSE),15.58978,73.808805,0,STOP,At Fire Station Mapusa,Fire Station Mapusa
2026-01-17T00:39:42.651Z,GA 07 G 0307-PER(QUICK RESPONSE),15.7164939,73.7974239,0,INACTIVE,At Fire Station Pernem,Fire Station Pernem
2026-01-17T00:39:42.651Z,GA 07 G 2101-PER(MS WATER TENDER),15.7164572,73.7975456,0,STOP,At Fire Station Pernem,Fire Station Pernem
2026-01-17T00:39:42.651Z,GA 07 G 4600-PER(MINI RESCUE TENDER),15.7165267,73.7975289,0,STOP,At Fire Station Pernem,Fire Station Pernem
2026-01-17T00:39:42.651Z,GA 07 G 7272-PNJ(WATER TENDER),15.4880722,73.8173878,0,STOP,"Goa College of Home Science, Dayanand Bandodkar Road, Opposite Parade Ground Campal,, Panaji, Goa (SE)",Fire Station Panaji
2026-01-17T00:39:42.651Z,GA07G2384- Cuncolim,15.1861639,74.0211006,0,STOP,At Fire Station Cuncolim,Fire Station Cuncolim
2026-01-17T00:39:42.651Z,GA07G2507 - PER Mid Size (Water Tender),15.716485,73.7975017,0,STOP,At Fire Station Pernem,Fire Station Pernem
2026-01-17T00:39:42.651Z,GA07G2505 - VAP Mid Size (Water Tender),15.5309717,74.1385667,0,STOP,At Fire Station Valpoi ,Fire Station Valpoi
2026-01-17T00:39:42.651Z,GA07G2504 - BIC Mid Size (Water Tender),15.589485,73.9466967,0,STOP,At Fire Station Bicholim ,Fire Station Bicholim
2026-01-17T00:39:42.651Z,GA07G2503- MAP Mid Size (Water Tender),15.5899483,73.808635,0,STOP,At Fire Station Mapusa,Fire Station Mapusa
2026-01-17T00:39:42.651Z,GA07G2502 - FFHQ Mid Size (Water Tender),15.4868,73.8171867,0,STOP,"Caculo Mall, 16 Shanta, St Inez Rd, Caculo Enclave, Santa Inez, Panaji, Goa (NW)",Fire Force Headquarters
2026-01-17T00:40:35.418Z,GA 07 G 0680-PIL(QUICK RESPONSE VEHICLE),15.52289,73.8294267,0,STOP,At Porvorim Fire Station,Fire Station Pilerne
2026-01-17T00:40:35.418Z,GA07G2506 - OLG Mid Size (Water Tender),15.500308,73.91407,0,STOP,At Fire Station Old Goa,Fire Station Old Goa
2026-01-17T00:40:35.418Z,GA 07 G 5115-POR(MINI WATER TENDER),15.52334,73.829453,0,STOP,At Porvorim Fire Station,Fire Station Porvorim
2026-01-17T00:40:35.418Z,GA 07 G 0350-MRG(WATER TENDER),15.269438,73.970627,0,STOP,At Fire Station Margoa,Fire Station Margao
2026-01-17T00:40:35.418Z,GA 07 G 2900-MAP(MINI RESCUE TENDER),15.58999,73.808624,0,STOP,At Fire Station Mapusa,Fire Station Mapusa
2026-01-17T00:40:35.418Z,GA 07 G 7600-FFHQ(WATER BOUSER),15.487132,73.817329,0,STOP,"Caculo Mall, 16 Shanta, St Inez Rd, Caculo Enclave, Santa Inez, Panaji, Goa (NW)",Fire Force Headquarters
2026-01-17T00:40:35.418Z,GA 07 G 2002-FFHQ(TURN TABLE LADDER),15.487413,73.817276,0,STOP,"Caculo Mall, 16 Shanta, St Inez Rd, Caculo Enclave, Santa Inez, Panaji, Goa (NW)",Fire Force Headquarters
2026-01-17T00:40:35.418Z,GA 07 G 7101-FFHQ(WATER TENDER),15.48682,73.816971,0,STOP,"Caculo Mall, 16 Shanta, St Inez Rd, Caculo Enclave, Santa Inez, Panaji, Goa (NW)",Fire Force Headquarters
2026-01-17T00:40:35.418Z,GA 07 G 7677-FFHQ(EMERGENCY RESCUE),15.487177,73.817001,0,STOP,"Caculo Mall, 16 Shanta, St Inez Rd, Caculo Enclave, Santa Inez, Panaji, Goa (NW)",Fire Force Headquarters
2026-01-17T00:40:35.418Z,GA 07 G 1121-PNJ(EMERGENCY RESCUE),15.487333,73.817299,0,STOP,"Caculo Mall, 16 Shanta, St Inez Rd, Caculo Enclave, Santa Inez, Panaji, Goa (NW)",Fire Station Panaji
2026-01-17T00:40:35.418Z,GA 07 G 1571-FFHQ(QUICK RESPONSE),15.486457,73.817513,0,STOP,"Caculo Mall, 16 Shanta, St Inez Rd, Caculo Enclave, Santa Inez, Panaji, Goa (SW)",Fire Force Headquarters
2026-01-17T00:40:35.418Z,GA 07 G 8101-MAP(WATER TENDER),15.589972,73.808624,0,STOP,At Fire Station Mapusa,Fire Station Mapusa
2026-01-17T00:40:35.418Z,GA 07 G 2317-MRG(EMERGENCY RESCUE TENDER),15.2694116,73.9701666,0,STOP,At Fire Station Margoa,Fire Station Margao
2026-01-17T00:40:35.418Z,GA 07 G 1570-VAS(QUICK RESPONSE FIRE TENDER),15.3887733,73.8513266,0,STOP,At Fire Station Vasco,Fire Station Vasco
2026-01-17T00:40:35.418Z,GA 07 G 4101-VAS(MS WATER TENDER),15.3888166,73.851285,0,STOP,At Fire Station Vasco,Fire Station Vasco
2026-01-17T00:40:35.418Z,GA 07 G 0819-VAS(WATER/FOAM TENDER),15.38905,73.8510983,0,IDLE,At Fire Station Vasco,Fire Station Vasco
2026-01-17T00:40:35.418Z,GA 07 G 7100-MRG(WATER BOUSER),15.269415,73.969995,0,STOP,At Fire Station Margoa,Fire Station Margao
2026-01-17T00:40:35.418Z,GA 07 G 1568-MRG(QUICK RESPONSE ),15.2693416,73.9705166,0,STOP,At Fire Station Margoa,Fire Station Margao
2026-01-17T00:40:35.418Z,GA 07 G 6101-MRG(WATER TENDER),15.2694116,73.970255,0,STOP,At Fire Station Margoa,Fire Station Margao
2026-01-17T00:40:35.418Z,GA 07 G 1001-MRG(AERIAL LADDER PLATFORM),15.26938,73.9701583,0,STOP,At Fire Station Margoa,Fire Station Margao
2026-01-17T00:40:35.418Z,GA 07 G 0820-BIC(WATER TEDNER),15.4027967,74.0028217,0,STOP,At Fire Station Ponda ,Fire Station Bicholim
2026-01-17T00:40:35.418Z,GA 07 G 5101-OLG(MS WATER TENDER),15.500265,73.9139483,0,STOP,At Fire Station Old Goa,Fire Station Old Goa
2026-01-17T00:40:35.418Z,GA 07 G 3101-BIC(MS WATER TENDER),15.58923,73.9465983,5,STOP,At Fire Station Bicholim ,Fire Station Bicholim
2026-01-17T00:40:35.418Z,GA 07 G 1941-BIC(QUICK RESPONSE),15.5894533,73.9467116,0,STOP,At Fire Station Bicholim ,Fire Station Bicholim
2026-01-17T00:40:35.418Z,GA 07 G 2319-VAS (EMERGENCY RESCUE TENDER),15.3900983,73.8532383,0,STOP,"Zuari Rd, Holy Cross Colony, Dabolim, Goa (SE)",Fire Station Vasco
2026-01-17T00:40:35.418Z,GA 07 G 3737-VAP(WATER TENDER),15.5310533,74.1388916,0,STOP,At Fire Station Valpoi ,Fire Station Valpoi
2026-01-17T00:40:35.418Z,GA 07 G 2318-PND(EMERGENCY RESCUE TENDER),15.4028033,74.00293,0,STOP,At Fire Station Ponda ,Fire Station Ponda
2026-01-17T00:40:35.418Z,GA 07 G 2004-PND(QUICK RESPONSE),15.4141016,73.9073083,0,INACTIVE,"Guru Hotel, Old Ferry Road, Agaçaim, Goa (SE)",Fire Station Ponda
2026-01-17T00:40:35.418Z,GA 07 G 9101-PND(WATER TENDER),15.4027033,74.0028733,0,STOP,At Fire Station Ponda ,Fire Station Ponda
2026-01-17T00:40:35.418Z,GA 07 G 9797-PND(WATER BOUSER),15.4027999,74.0027016,0,STOP,At Fire Station Ponda ,Fire Station Ponda
2026-01-17T00:40:35.418Z,GA 07 G 6363-CAN(WATER TENDER),15.02361,74.04406,0,INACTIVE,"Canacona, The Lalitrajbaga ,Canacona, Canacona, Goa (NE)",Fire Station Canacona
2026-01-17T00:40:35.418Z,GA 07 G 1567-CAN(QUICK RESPONSE FT),15.0233599,74.0440833,0,INACTIVE,"Canacona, The Lalitrajbaga ,Canacona, Canacona, Goa (NE)",Fire Station Canacona
2026-01-17T00:40:35.418Z,GA 07 G 1569-VRN(QUICK RESPONSE),15.369545,73.9355216,0,STOP,At Fire Station Verna,Fire Station Verna
2026-01-17T00:40:35.418Z,GA 07 G 9909-VRN(ADVANCE MULTI-PURPOSE),15.36974,73.9360833,0,STOP,At Fire Station Verna,Fire Station Verna
2026-01-17T00:40:35.418Z,GA 07 G 1942-VAP(QUICK RESPONSE),15.5310033,74.138745,0,STOP,At Fire Station Valpoi ,Fire Station Valpoi
2026-01-17T00:40:35.418Z,GA 07 G 2003-CUR(QUICK RESPONSE),15.2604016,74.1031166,0,STOP,At Fire Station Curchorem,Fire Station Curchorem
2026-01-17T00:40:35.418Z,GA 07 G 7447-CUR(EMERGENCY RESCUE),15.260415,74.10376,0,STOP,At Fire Station Curchorem,Fire Station Curchorem
2026-01-17T00:40:35.418Z,GA 07 G 7557-CUR(WATER TENDER),15.2604083,74.1034266,0,STOP,At Fire Station Curchorem,Fire Station Curchorem
2026-01-17T00:40:35.418Z,GA 07 G 7667-CUR(WATER BOUSER),15.2602533,74.1037266,0,STOP,At Fire Station Curchorem,Fire Station Curchorem
2026-01-17T00:40:35.418Z,GA 07 G 4989-KUN(WATER TENDER),15.4632383,73.9724617,0,STOP,At Fire Station Kundaim,Fire Station Kundaim
2026-01-17T00:40:35.418Z,GA 07 G 2242-PIL(WATER TENDER),15.5329344,73.7940983,0,STOP,At Fire Station Pilerne,Fire Station Pilerne
2026-01-17T00:40:35.418Z,GA 07 G 0681-MAP(QUICK RESPONSE),15.58978,73.808805,0,STOP,At Fire Station Mapusa,Fire Station Mapusa
2026-01-17T00:40:35.418Z,GA 07 G 0307-PER(QUICK RESPONSE),15.7164939,73.7974239,0,INACTIVE,At Fire Station Pernem,Fire Station Pernem
2026-01-17T00:40:35.418Z,GA 07 G 2101-PER(MS WATER TENDER),15.7164572,73.7975456,0,STOP,At Fire Station Pernem,Fire Station Pernem
2026-01-17T00:40:35.418Z,GA 07 G 4600-PER(MINI RESCUE TENDER),15.7165267,73.7975289,0,STOP,At Fire Station Pernem,Fire Station Pernem
2026-01-17T00:40:35.418Z,GA 07 G 7272-PNJ(WATER TENDER),15.4880722,73.8173878,0,STOP,"Goa College of Home Science, Dayanand Bandodkar Road, Opposite Parade Ground Campal,, Panaji, Goa (SE)",Fire Station Panaji
2026-01-17T00:40:35.418Z,GA07G2384- Cuncolim,15.1861639,74.0211006,0,STOP,At Fire Station Cuncolim,Fire Station Cuncolim
2026-01-17T00:40:35.418Z,GA07G2507 - PER Mid Size (Water Tender),15.716485,73.7975017,0,STOP,At Fire Station Pernem,Fire Station Pernem
2026-01-17T00:40:35.418Z,GA07G2505 - VAP Mid Size (Water Tender),15.5309717,74.1385667,0,STOP,At Fire Station Valpoi ,Fire Station Valpoi
2026-01-17T00:40:35.418Z,GA07G2504 - BIC Mid Size (Water Tender),15.589485,73.9466967,0,STOP,At Fire Station Bicholim ,Fire Station Bicholim
2026-01-17T00:40:35.418Z,GA07G2503- MAP Mid Size (Water Tender),15.5899483,73.808635,0,STOP,At Fire Station Mapusa,Fire Station Mapusa
2026-01-17T00:40:35.418Z,GA07G2502 - FFHQ Mid Size (Water Tender),15.4868,73.8171867,0,STOP,"Caculo Mall, 16 Shanta, St Inez Rd, Caculo Enclave, Santa Inez, Panaji, Goa (NW)",Fire Force Headquarters
2026-01-17T00:42:07.271Z,GA 07 G 0680-PIL(QUICK RESPONSE VEHICLE),15.52289,73.8294267,0,STOP,At Porvorim Fire Station,Fire Station Pilerne
2026-01-17T00:42:07.271Z,GA07G2506 - OLG Mid Size (Water Tender),15.500308,73.91407,0,STOP,At Fire Station Old Goa,Fire Station Old Goa
2026-01-17T00:42:07.271Z,GA 07 G 5115-POR(MINI WATER TENDER),15.52334,73.829453,0,STOP,At Porvorim Fire Station,Fire Station Porvorim
2026-01-17T00:42:07.271Z,GA 07 G 0350-MRG(WATER TENDER),15.269438,73.970627,0,STOP,At Fire Station Margoa,Fire Station Margao
2026-01-17T00:42:07.271Z,GA 07 G 2900-MAP(MINI RESCUE TENDER),15.58999,73.808624,0,STOP,At Fire Station Mapusa,Fire Station Mapusa
2026-01-17T00:42:07.271Z,GA 07 G 7600-FFHQ(WATER BOUSER),15.487132,73.817329,0,STOP,"Caculo Mall, 16 Shanta, St Inez Rd, Caculo Enclave, Santa Inez, Panaji, Goa (NW)",Fire Force Headquarters
2026-01-17T00:42:07.271Z,GA 07 G 2002-FFHQ(TURN TABLE LADDER),15.487413,73.817276,0,STOP,"Caculo Mall, 16 Shanta, St Inez Rd, Caculo Enclave, Santa Inez, Panaji, Goa (NW)",Fire Force Headquarters
2026-01-17T00:42:07.271Z,GA 07 G 7101-FFHQ(WATER TENDER),15.48682,73.816971,0,STOP,"Caculo Mall, 16 Shanta, St Inez Rd, Caculo Enclave, Santa Inez, Panaji, Goa (NW)",Fire Force Headquarters
2026-01-17T00:42:07.271Z,GA 07 G 7677-FFHQ(EMERGENCY RESCUE),15.487177,73.817001,0,STOP,"Caculo Mall, 16 Shanta, St Inez Rd, Caculo Enclave, Santa Inez, Panaji, Goa (NW)",Fire Force Headquarters
2026-01-17T00:42:07.271Z,GA 07 G 1121-PNJ(EMERGENCY RESCUE),15.487333,73.817299,0,STOP,"Caculo Mall, 16 Shanta, St Inez Rd, Caculo Enclave, Santa Inez, Panaji, Goa (NW)",Fire Station Panaji
2026-01-17T00:42:07.271Z,GA 07 G 1571-FFHQ(QUICK RESPONSE),15.486457,73.817513,0,STOP,"Caculo Mall, 16 Shanta, St Inez Rd, Caculo Enclave, Santa Inez, Panaji, Goa (SW)",Fire Force Headquarters
2026-01-17T00:42:07.271Z,GA 07 G 8101-MAP(WATER TENDER),15.589972,73.808624,0,STOP,At Fire Station Mapusa,Fire Station Mapusa
2026-01-17T00:42:07.271Z,GA 07 G 2317-MRG(EMERGENCY RESCUE TENDER),15.2694116,73.9701666,0,STOP,At Fire Station Margoa,Fire Station Margao
2026-01-17T00:42:07.271Z,GA 07 G 1570-VAS(QUICK RESPONSE FIRE TENDER),15.3887733,73.8513266,0,STOP,At Fire Station Vasco,Fire Station Vasco
2026-01-17T00:42:07.271Z,GA 07 G 4101-VAS(MS WATER TENDER),15.3888166,73.851285,0,STOP,At Fire Station Vasco,Fire Station Vasco
2026-01-17T00:42:07.271Z,GA 07 G 0819-VAS(WATER/FOAM TENDER),15.38905,73.8510983,0,IDLE,At Fire Station Vasco,Fire Station Vasco
2026-01-17T00:42:07.271Z,GA 07 G 7100-MRG(WATER BOUSER),15.269415,73.969995,0,STOP,At Fire Station Margoa,Fire Station Margao
2026-01-17T00:42:07.271Z,GA 07 G 1568-MRG(QUICK RESPONSE ),15.2693416,73.9705166,0,STOP,At Fire Station Margoa,Fire Station Margao
2026-01-17T00:42:07.271Z,GA 07 G 6101-MRG(WATER TENDER),15.2694116,73.970255,0,STOP,At Fire Station Margoa,Fire Station Margao
2026-01-17T00:42:07.271Z,GA 07 G 1001-MRG(AERIAL LADDER PLATFORM),15.26938,73.9701583,0,STOP,At Fire Station Margoa,Fire Station Margao
2026-01-17T00:42:07.271Z,GA 07 G 0820-BIC(WATER TEDNER),15.4027967,74.0028217,0,STOP,At Fire Station Ponda ,Fire Station Bicholim
2026-01-17T00:42:07.271Z,GA 07 G 5101-OLG(MS WATER TENDER),15.500265,73.9139483,0,STOP,At Fire Station Old Goa,Fire Station Old Goa
2026-01-17T00:42:07.271Z,GA 07 G 3101-BIC(MS WATER TENDER),15.5893283,73.9466633,4,STOP,At Fire Station Bicholim ,Fire Station Bicholim
2026-01-17T00:42:07.271Z,GA 07 G 1941-BIC(QUICK RESPONSE),15.5894533,73.9467116,0,STOP,At Fire Station Bicholim ,Fire Station Bicholim
2026-01-17T00:42:07.271Z,GA 07 G 2319-VAS (EMERGENCY RESCUE TENDER),15.3900983,73.8532383,0,STOP,"Zuari Rd, Holy Cross Colony, Dabolim, Goa (SE)",Fire Station Vasco
2026-01-17T00:42:07.271Z,GA 07 G 3737-VAP(WATER TENDER),15.5310533,74.1388916,0,STOP,At Fire Station Valpoi ,Fire Station Valpoi
2026-01-17T00:42:07.271Z,GA 07 G 2318-PND(EMERGENCY RESCUE TENDER),15.4028033,74.00293,0,STOP,At Fire Station Ponda ,Fire Station Ponda
2026-01-17T00:42:07.271Z,GA 07 G 2004-PND(QUICK RESPONSE),15.4141016,73.9073083,0,INACTIVE,"Guru Hotel, Old Ferry Road, Agaçaim, Goa (SE)",Fire Station Ponda
2026-01-17T00:42:07.271Z,GA 07 G 9101-PND(WATER TENDER),15.4027033,74.0028733,0,STOP,At Fire Station Ponda ,Fire Station Ponda
2026-01-17T00:42:07.271Z,GA 07 G 9797-PND(WATER BOUSER),15.4027999,74.0027016,0,STOP,At Fire Station Ponda ,Fire Station Ponda
2026-01-17T00:42:07.271Z,GA 07 G 6363-CAN(WATER TENDER),15.02361,74.04406,0,INACTIVE,"Canacona, The Lalitrajbaga ,Canacona, Canacona, Goa (NE)",Fire Station Canacona
2026-01-17T00:42:07.271Z,GA 07 G 1567-CAN(QUICK RESPONSE FT),15.0233599,74.0440833,0,INACTIVE,"Canacona, The Lalitrajbaga ,Canacona, Canacona, Goa (NE)",Fire Station Canacona
2026-01-17T00:42:07.271Z,GA 07 G 1569-VRN(QUICK RESPONSE),15.369545,73.9355216,0,STOP,At Fire Station Verna,Fire Station Verna
2026-01-17T00:42:07.271Z,GA 07 G 9909-VRN(ADVANCE MULTI-PURPOSE),15.36974,73.9360833,0,STOP,At Fire Station Verna,Fire Station Verna
2026-01-17T00:42:07.271Z,GA 07 G 1942-VAP(QUICK RESPONSE),15.5310033,74.138745,0,STOP,At Fire Station Valpoi ,Fire Station Valpoi
2026-01-17T00:42:07.271Z,GA 07 G 2003-CUR(QUICK RESPONSE),15.2604016,74.1031166,0,STOP,At Fire Station Curchorem,Fire Station Curchorem
2026-01-17T00:42:07.271Z,GA 07 G 7447-CUR(EMERGENCY RESCUE),15.260415,74.10376,0,STOP,At Fire Station Curchorem,Fire Station Curchorem
2026-01-17T00:42:07.271Z,GA 07 G 7557-CUR(WATER TENDER),15.2604083,74.1034266,0,STOP,At Fire Station Curchorem,Fire Station Curchorem
2026-01-17T00:42:07.271Z,GA 07 G 7667-CUR(WATER BOUSER),15.2602533,74.1037266,0,STOP,At Fire Station Curchorem,Fire Station Curchorem
2026-01-17T00:42:07.271Z,GA 07 G 4989-KUN(WATER TENDER),15.4632383,73.9724617,0,STOP,At Fire Station Kundaim,Fire Station Kundaim
2026-01-17T00:42:07.271Z,GA 07 G 2242-PIL(WATER TENDER),15.5329344,73.7940983,0,STOP,At Fire Station Pilerne,Fire Station Pilerne
2026-01-17T00:42:07.271Z,GA 07 G 0681-MAP(QUICK RESPONSE),15.58978,73.808805,0,STOP,At Fire Station Mapusa,Fire Station Mapusa
2026-01-17T00:42:07.271Z,GA 07 G 0307-PER(QUICK RESPONSE),15.7164939,73.7974239,0,INACTIVE,At Fire Station Pernem,Fire Station Pernem
2026-01-17T00:42:07.271Z,GA 07 G 2101-PER(MS WATER TENDER),15.7164572,73.7975456,0,STOP,At Fire Station Pernem,Fire Station Pernem
2026-01-17T00:42:07.271Z,GA 07 G 4600-PER(MINI RESCUE TENDER),15.7165267,73.7975289,0,STOP,At Fire Station Pernem,Fire Station Pernem
2026-01-17T00:42:07.271Z,GA 07 G 7272-PNJ(WATER TENDER),15.4880722,73.8173878,0,STOP,"Goa College of Home Science, Dayanand Bandodkar Road, Opposite Parade Ground Campal,, Panaji, Goa (SE)",Fire Station Panaji
2026-01-17T00:42:07.271Z,GA07G2384- Cuncolim,15.1861639,74.0211006,0,STOP,At Fire Station Cuncolim,Fire Station Cuncolim
2026-01-17T00:42:07.271Z,GA07G2507 - PER Mid Size (Water Tender),15.716485,73.7975017,0,STOP,At Fire Station Pernem,Fire Station Pernem
2026-01-17T00:42:07.271Z,GA07G2505 - VAP Mid Size (Water Tender),15.5309717,74.1385667,0,STOP,At Fire Station Valpoi ,Fire Station Valpoi
2026-01-17T00:42:07.271Z,GA07G2504 - BIC Mid Size (Water Tender),15.589485,73.9466967,0,STOP,At Fire Station Bicholim ,Fire Station Bicholim
2026-01-17T00:42:07.271Z,GA07G2503- MAP Mid Size (Water Tender),15.5899483,73.808635,0,STOP,At Fire Station Mapusa,Fire Station Mapusa
2026-01-17T00:42:07.271Z,GA07G2502 - FFHQ Mid Size (Water Tender),15.4868,73.8171867,0,STOP,"Caculo Mall, 16 Shanta, St Inez Rd, Caculo Enclave, Santa Inez, Panaji, Goa (NW)",Fire Force Headquarters
2026-01-17T00:43:07.405Z,GA 07 G 0680-PIL(QUICK RESPONSE VEHICLE),15.52289,73.8294267,0,STOP,At Porvorim Fire Station,Fire Station Pilerne
2026-01-17T00:43:07.405Z,GA07G2506 - OLG Mid Size (Water Tender),15.500308,73.91407,0,STOP,At Fire Station Old Goa,Fire Station Old Goa
2026-01-17T00:43:07.405Z,GA 07 G 5115-POR(MINI WATER TENDER),15.52334,73.829453,0,STOP,At Porvorim Fire Station,Fire Station Porvorim
2026-01-17T00:43:07.405Z,GA 07 G 0350-MRG(WATER TENDER),15.269438,73.970627,0,STOP,At Fire Station Margoa,Fire Station Margao
2026-01-17T00:43:07.405Z,GA 07 G 2900-MAP(MINI RESCUE TENDER),15.58999,73.808624,0,STOP,At Fire Station Mapusa,Fire Station Mapusa
2026-01-17T00:43:07.405Z,GA 07 G 7600-FFHQ(WATER BOUSER),15.487132,73.817329,0,STOP,"Caculo Mall, 16 Shanta, St Inez Rd, Caculo Enclave, Santa Inez, Panaji, Goa (NW)",Fire Force Headquarters
2026-01-17T00:43:07.405Z,GA 07 G 2002-FFHQ(TURN TABLE LADDER),15.487413,73.817276,0,STOP,"Caculo Mall, 16 Shanta, St Inez Rd, Caculo Enclave, Santa Inez, Panaji, Goa (NW)",Fire Force Headquarters
2026-01-17T00:43:07.405Z,GA 07 G 7101-FFHQ(WATER TENDER),15.48682,73.816971,0,STOP,"Caculo Mall, 16 Shanta, St Inez Rd, Caculo Enclave, Santa Inez, Panaji, Goa (NW)",Fire Force Headquarters
2026-01-17T00:43:07.405Z,GA 07 G 7677-FFHQ(EMERGENCY RESCUE),15.487177,73.817001,0,STOP,"Caculo Mall, 16 Shanta, St Inez Rd, Caculo Enclave, Santa Inez, Panaji, Goa (NW)",Fire Force Headquarters
2026-01-17T00:43:07.405Z,GA 07 G 1121-PNJ(EMERGENCY RESCUE),15.487333,73.817299,0,STOP,"Caculo Mall, 16 Shanta, St Inez Rd, Caculo Enclave, Santa Inez, Panaji, Goa (NW)",Fire Station Panaji
2026-01-17T00:43:07.405Z,GA 07 G 1571-FFHQ(QUICK RESPONSE),15.486457,73.817513,0,STOP,"Caculo Mall, 16 Shanta, St Inez Rd, Caculo Enclave, Santa Inez, Panaji, Goa (SW)",Fire Force Headquarters
2026-01-17T00:43:07.405Z,GA 07 G 8101-MAP(WATER TENDER),15.589972,73.808624,0,STOP,At Fire Station Mapusa,Fire Station Mapusa
2026-01-17T00:43:07.405Z,GA 07 G 2317-MRG(EMERGENCY RESCUE TENDER),15.2694116,73.9701666,0,STOP,At Fire Station Margoa,Fire Station Margao
2026-01-17T00:43:07.405Z,GA 07 G 1570-VAS(QUICK RESPONSE FIRE TENDER),15.3887733,73.8513266,0,STOP,At Fire Station Vasco,Fire Station Vasco
2026-01-17T00:43:07.405Z,GA 07 G 4101-VAS(MS WATER TENDER),15.3888166,73.851285,0,STOP,At Fire Station Vasco,Fire Station Vasco
2026-01-17T00:43:07.405Z,GA 07 G 0819-VAS(WATER/FOAM TENDER),15.38905,73.8510983,0,IDLE,At Fire Station Vasco,Fire Station Vasco
2026-01-17T00:43:07.405Z,GA 07 G 7100-MRG(WATER BOUSER),15.269415,73.969995,0,STOP,At Fire Station Margoa,Fire Station Margao
2026-01-17T00:43:07.405Z,GA 07 G 1568-MRG(QUICK RESPONSE ),15.2693416,73.9705166,0,STOP,At Fire Station Margoa,Fire Station Margao
2026-01-17T00:43:07.405Z,GA 07 G 6101-MRG(WATER TENDER),15.2694116,73.970255,0,STOP,At Fire Station Margoa,Fire Station Margao
2026-01-17T00:43:07.405Z,GA 07 G 1001-MRG(AERIAL LADDER PLATFORM),15.26938,73.9701583,0,STOP,At Fire Station Margoa,Fire Station Margao
2026-01-17T00:43:07.405Z,GA 07 G 0820-BIC(WATER TEDNER),15.4027967,74.0028217,0,STOP,At Fire Station Ponda ,Fire Station Bicholim
2026-01-17T00:43:07.405Z,GA 07 G 5101-OLG(MS WATER TENDER),15.500265,73.9139483,0,STOP,At Fire Station Old Goa,Fire Station Old Goa
2026-01-17T00:43:07.405Z,GA 07 G 3101-BIC(MS WATER TENDER),15.5895816,73.9465733,4,STOP,At Fire Station Bicholim ,Fire Station Bicholim
2026-01-17T00:43:07.405Z,GA 07 G 1941-BIC(QUICK RESPONSE),15.5894533,73.9467116,0,STOP,At Fire Station Bicholim ,Fire Station Bicholim
2026-01-17T00:43:07.405Z,GA 07 G 2319-VAS (EMERGENCY RESCUE TENDER),15.3900983,73.8532383,0,STOP,"Zuari Rd, Holy Cross Colony, Dabolim, Goa (SE)",Fire Station Vasco
2026-01-17T00:43:07.405Z,GA 07 G 3737-VAP(WATER TENDER),15.5310533,74.1388916,0,STOP,At Fire Station Valpoi ,Fire Station Valpoi
2026-01-17T00:43:07.405Z,GA 07 G 2318-PND(EMERGENCY RESCUE TENDER),15.4028033,74.00293,0,STOP,At Fire Station Ponda ,Fire Station Ponda
2026-01-17T00:43:07.405Z,GA 07 G 2004-PND(QUICK RESPONSE),15.4141016,73.9073083,0,INACTIVE,"Guru Hotel, Old Ferry Road, Agaçaim, Goa (SE)",Fire Station Ponda
2026-01-17T00:43:07.405Z,GA 07 G 9101-PND(WATER TENDER),15.4027033,74.0028733,0,STOP,At Fire Station Ponda ,Fire Station Ponda
2026-01-17T00:43:07.405Z,GA 07 G 9797-PND(WATER BOUSER),15.4027999,74.0027016,0,STOP,At Fire Station Ponda ,Fire Station Ponda
2026-01-17T00:43:07.405Z,GA 07 G 6363-CAN(WATER TENDER),15.02361,74.04406,0,INACTIVE,"Canacona, The Lalitrajbaga ,Canacona, Canacona, Goa (NE)",Fire Station Canacona
2026-01-17T00:43:07.405Z,GA 07 G 1567-CAN(QUICK RESPONSE FT),15.0233599,74.0440833,0,INACTIVE,"Canacona, The Lalitrajbaga ,Canacona, Canacona, Goa (NE)",Fire Station Canacona
2026-01-17T00:43:07.405Z,GA 07 G 1569-VRN(QUICK RESPONSE),15.369545,73.9355216,0,STOP,At Fire Station Verna,Fire Station Verna
2026-01-17T00:43:07.405Z,GA 07 G 9909-VRN(ADVANCE MULTI-PURPOSE),15.36974,73.9360833,0,STOP,At Fire Station Verna,Fire Station Verna
2026-01-17T00:43:07.405Z,GA 07 G 1942-VAP(QUICK RESPONSE),15.5310033,74.138745,0,STOP,At Fire Station Valpoi ,Fire Station Valpoi
2026-01-17T00:43:07.405Z,GA 07 G 2003-CUR(QUICK RESPONSE),15.2604016,74.1031166,0,STOP,At Fire Station Curchorem,Fire Station Curchorem
2026-01-17T00:43:07.405Z,GA 07 G 7447-CUR(EMERGENCY RESCUE),15.260415,74.10376,0,STOP,At Fire Station Curchorem,Fire Station Curchorem
2026-01-17T00:43:07.405Z,GA 07 G 7557-CUR(WATER TENDER),15.2604083,74.1034266,0,STOP,At Fire Station Curchorem,Fire Station Curchorem
2026-01-17T00:43:07.405Z,GA 07 G 7667-CUR(WATER BOUSER),15.2602533,74.1037266,0,STOP,At Fire Station Curchorem,Fire Station Curchorem
2026-01-17T00:43:07.405Z,GA 07 G 4989-KUN(WATER TENDER),15.4632383,73.9724617,0,STOP,At Fire Station Kundaim,Fire Station Kundaim
2026-01-17T00:43:07.405Z,GA 07 G 2242-PIL(WATER TENDER),15.5329344,73.7940983,0,STOP,At Fire Station Pilerne,Fire Station Pilerne
2026-01-17T00:43:07.405Z,GA 07 G 0681-MAP(QUICK RESPONSE),15.58978,73.808805,0,STOP,At Fire Station Mapusa,Fire Station Mapusa
2026-01-17T00:43:07.405Z,GA 07 G 0307-PER(QUICK RESPONSE),15.7164939,73.7974239,0,INACTIVE,At Fire Station Pernem,Fire Station Pernem
2026-01-17T00:43:07.405Z,GA 07 G 2101-PER(MS WATER TENDER),15.7164572,73.7975456,0,STOP,At Fire Station Pernem,Fire Station Pernem
2026-01-17T00:43:07.405Z,GA 07 G 4600-PER(MINI RESCUE TENDER),15.7165267,73.7975289,0,STOP,At Fire Station Pernem,Fire Station Pernem
2026-01-17T00:43:07.405Z,GA 07 G 7272-PNJ(WATER TENDER),15.4880722,73.8173878,0,STOP,"Goa College of Home Science, Dayanand Bandodkar Road, Opposite Parade Ground Campal,, Panaji, Goa (SE)",Fire Station Panaji
2026-01-17T00:43:07.405Z,GA07G2384- Cuncolim,15.1861639,74.0211006,0,STOP,At Fire Station Cuncolim,Fire Station Cuncolim
2026-01-17T00:43:07.405Z,GA07G2507 - PER Mid Size (Water Tender),15.716485,73.7975017,0,STOP,At Fire Station Pernem,Fire Station Pernem
2026-01-17T00:43:07.405Z,GA07G2505 - VAP Mid Size (Water Tender),15.5309717,74.1385667,0,STOP,At Fire Station Valpoi ,Fire Station Valpoi
2026-01-17T00:43:07.405Z,GA07G2504 - BIC Mid Size (Water Tender),15.589485,73.9466967,0,STOP,At Fire Station Bicholim ,Fire Station Bicholim
2026-01-17T00:43:07.405Z,GA07G2503- MAP Mid Size (Water Tender),15.5899483,73.808635,0,STOP,At Fire Station Mapusa,Fire Station Mapusa
2026-01-17T00:43:07.405Z,GA07G2502 - FFHQ Mid Size (Water Tender),15.4868,73.8171867,0,STOP,"Caculo Mall, 16 Shanta, St Inez Rd, Caculo Enclave, Santa Inez, Panaji, Goa (NW)",Fire Force Headquarters
2026-01-17T00:43:35.830Z,GA 07 G 0680-PIL(QUICK RESPONSE VEHICLE),15.52289,73.8294267,0,STOP,At Porvorim Fire Station,Fire Station Pilerne
2026-01-17T00:43:35.830Z,GA07G2506 - OLG Mid Size (Water Tender),15.500308,73.91407,0,STOP,At Fire Station Old Goa,Fire Station Old Goa
2026-01-17T00:43:35.830Z,GA 07 G 5115-POR(MINI WATER TENDER),15.52334,73.829453,0,STOP,At Porvorim Fire Station,Fire Station Porvorim
2026-01-17T00:43:35.830Z,GA 07 G 0350-MRG(WATER TENDER),15.269438,73.970627,0,STOP,At Fire Station Margoa,Fire Station Margao
2026-01-17T00:43:35.830Z,GA 07 G 2900-MAP(MINI RESCUE TENDER),15.58999,73.808624,0,STOP,At Fire Station Mapusa,Fire Station Mapusa
2026-01-17T00:43:35.830Z,GA 07 G 7600-FFHQ(WATER BOUSER),15.487132,73.817329,0,STOP,"Caculo Mall, 16 Shanta, St Inez Rd, Caculo Enclave, Santa Inez, Panaji, Goa (NW)",Fire Force Headquarters
2026-01-17T00:43:35.830Z,GA 07 G 2002-FFHQ(TURN TABLE LADDER),15.487413,73.817276,0,STOP,"Caculo Mall, 16 Shanta, St Inez Rd, Caculo Enclave, Santa Inez, Panaji, Goa (NW)",Fire Force Headquarters
2026-01-17T00:43:35.830Z,GA 07 G 7101-FFHQ(WATER TENDER),15.48682,73.816971,0,STOP,"Caculo Mall, 16 Shanta, St Inez Rd, Caculo Enclave, Santa Inez, Panaji, Goa (NW)",Fire Force Headquarters
2026-01-17T00:43:35.830Z,GA 07 G 7677-FFHQ(EMERGENCY RESCUE),15.487177,73.817001,0,STOP,"Caculo Mall, 16 Shanta, St Inez Rd, Caculo Enclave, Santa Inez, Panaji, Goa (NW)",Fire Force Headquarters
2026-01-17T00:43:35.830Z,GA 07 G 1121-PNJ(EMERGENCY RESCUE),15.487333,73.817299,0,STOP,"Caculo Mall, 16 Shanta, St Inez Rd, Caculo Enclave, Santa Inez, Panaji, Goa (NW)",Fire Station Panaji
2026-01-17T00:43:35.830Z,GA 07 G 1571-FFHQ(QUICK RESPONSE),15.486457,73.817513,0,STOP,"Caculo Mall, 16 Shanta, St Inez Rd, Caculo Enclave, Santa Inez, Panaji, Goa (SW)",Fire Force Headquarters
2026-01-17T00:43:35.830Z,GA 07 G 8101-MAP(WATER TENDER),15.589972,73.808624,0,STOP,At Fire Station Mapusa,Fire Station Mapusa
2026-01-17T00:43:35.830Z,GA 07 G 2317-MRG(EMERGENCY RESCUE TENDER),15.2694116,73.9701666,0,STOP,At Fire Station Margoa,Fire Station Margao
2026-01-17T00:43:35.830Z,GA 07 G 1570-VAS(QUICK RESPONSE FIRE TENDER),15.3887733,73.8513266,0,STOP,At Fire Station Vasco,Fire Station Vasco
2026-01-17T00:43:35.830Z,GA 07 G 4101-VAS(MS WATER TENDER),15.3888166,73.851285,0,STOP,At Fire Station Vasco,Fire Station Vasco
2026-01-17T00:43:35.830Z,GA 07 G 0819-VAS(WATER/FOAM TENDER),15.38905,73.8510983,0,IDLE,At Fire Station Vasco,Fire Station Vasco
2026-01-17T00:43:35.830Z,GA 07 G 7100-MRG(WATER BOUSER),15.269415,73.969995,0,STOP,At Fire Station Margoa,Fire Station Margao
2026-01-17T00:43:35.830Z,GA 07 G 1568-MRG(QUICK RESPONSE ),15.2693416,73.9705166,0,STOP,At Fire Station Margoa,Fire Station Margao
2026-01-17T00:43:35.830Z,GA 07 G 6101-MRG(WATER TENDER),15.2694116,73.970255,0,STOP,At Fire Station Margoa,Fire Station Margao
2026-01-17T00:43:35.830Z,GA 07 G 1001-MRG(AERIAL LADDER PLATFORM),15.26938,73.9701583,0,STOP,At Fire Station Margoa,Fire Station Margao
2026-01-17T00:43:35.830Z,GA 07 G 0820-BIC(WATER TEDNER),15.4027967,74.0028217,0,STOP,At Fire Station Ponda ,Fire Station Bicholim
2026-01-17T00:43:35.830Z,GA 07 G 5101-OLG(MS WATER TENDER),15.500265,73.9139483,0,STOP,At Fire Station Old Goa,Fire Station Old Goa
2026-01-17T00:43:35.830Z,GA 07 G 3101-BIC(MS WATER TENDER),15.5895816,73.9465733,4,STOP,At Fire Station Bicholim ,Fire Station Bicholim
2026-01-17T00:43:35.830Z,GA 07 G 1941-BIC(QUICK RESPONSE),15.5894533,73.9467116,0,STOP,At Fire Station Bicholim ,Fire Station Bicholim
2026-01-17T00:43:35.830Z,GA 07 G 2319-VAS (EMERGENCY RESCUE TENDER),15.3900983,73.8532383,0,STOP,"Zuari Rd, Holy Cross Colony, Dabolim, Goa (SE)",Fire Station Vasco
2026-01-17T00:43:35.830Z,GA 07 G 3737-VAP(WATER TENDER),15.5310533,74.1388916,0,STOP,At Fire Station Valpoi ,Fire Station Valpoi
2026-01-17T00:43:35.830Z,GA 07 G 2318-PND(EMERGENCY RESCUE TENDER),15.4028033,74.00293,0,STOP,At Fire Station Ponda ,Fire Station Ponda
2026-01-17T00:43:35.830Z,GA 07 G 2004-PND(QUICK RESPONSE),15.4141016,73.9073083,0,INACTIVE,"Guru Hotel, Old Ferry Road, Agaçaim, Goa (SE)",Fire Station Ponda
2026-01-17T00:43:35.830Z,GA 07 G 9101-PND(WATER TENDER),15.4027033,74.0028733,0,STOP,At Fire Station Ponda ,Fire Station Ponda
2026-01-17T00:43:35.830Z,GA 07 G 9797-PND(WATER BOUSER),15.4027999,74.0027016,0,STOP,At Fire Station Ponda ,Fire Station Ponda
2026-01-17T00:43:35.830Z,GA 07 G 6363-CAN(WATER TENDER),15.02361,74.04406,0,INACTIVE,"Canacona, The Lalitrajbaga ,Canacona, Canacona, Goa (NE)",Fire Station Canacona
2026-01-17T00:43:35.830Z,GA 07 G 1567-CAN(QUICK RESPONSE FT),15.0233599,74.0440833,0,INACTIVE,"Canacona, The Lalitrajbaga ,Canacona, Canacona, Goa (NE)",Fire Station Canacona
2026-01-17T00:43:35.830Z,GA 07 G 1569-VRN(QUICK RESPONSE),15.369545,73.9355216,0,STOP,At Fire Station Verna,Fire Station Verna
2026-01-17T00:43:35.830Z,GA 07 G 9909-VRN(ADVANCE MULTI-PURPOSE),15.36974,73.9360833,0,STOP,At Fire Station Verna,Fire Station Verna
2026-01-17T00:43:35.830Z,GA 07 G 1942-VAP(QUICK RESPONSE),15.5310033,74.138745,0,STOP,At Fire Station Valpoi ,Fire Station Valpoi
2026-01-17T00:43:35.830Z,GA 07 G 2003-CUR(QUICK RESPONSE),15.2604016,74.1031166,0,STOP,At Fire Station Curchorem,Fire Station Curchorem
2026-01-17T00:43:35.830Z,GA 07 G 7447-CUR(EMERGENCY RESCUE),15.260415,74.10376,0,STOP,At Fire Station Curchorem,Fire Station Curchorem
2026-01-17T00:43:35.830Z,GA 07 G 7557-CUR(WATER TENDER),15.2604083,74.1034266,0,STOP,At Fire Station Curchorem,Fire Station Curchorem
2026-01-17T00:43:35.830Z,GA 07 G 7667-CUR(WATER BOUSER),15.2602533,74.1037266,0,STOP,At Fire Station Curchorem,Fire Station Curchorem
2026-01-17T00:43:35.830Z,GA 07 G 4989-KUN(WATER TENDER),15.4632383,73.9724617,0,STOP,At Fire Station Kundaim,Fire Station Kundaim
2026-01-17T00:43:35.830Z,GA 07 G 2242-PIL(WATER TENDER),15.5329344,73.7940983,0,STOP,At Fire Station Pilerne,Fire Station Pilerne
2026-01-17T00:43:35.830Z,GA 07 G 0681-MAP(QUICK RESPONSE),15.58978,73.808805,0,STOP,At Fire Station Mapusa,Fire Station Mapusa
2026-01-17T00:43:35.830Z,GA 07 G 0307-PER(QUICK RESPONSE),15.7164939,73.7974239,0,INACTIVE,At Fire Station Pernem,Fire Station Pernem
2026-01-17T00:43:35.830Z,GA 07 G 2101-PER(MS WATER TENDER),15.7164572,73.7975456,0,STOP,At Fire Station Pernem,Fire Station Pernem
2026-01-17T00:43:35.830Z,GA 07 G 4600-PER(MINI RESCUE TENDER),15.7165267,73.7975289,0,STOP,At Fire Station Pernem,Fire Station Pernem
2026-01-17T00:43:35.830Z,GA 07 G 7272-PNJ(WATER TENDER),15.4880722,73.8173878,0,STOP,"Goa College of Home Science, Dayanand Bandodkar Road, Opposite Parade Ground Campal,, Panaji, Goa (SE)",Fire Station Panaji
2026-01-17T00:43:35.830Z,GA07G2384- Cuncolim,15.1861639,74.0211006,0,STOP,At Fire Station Cuncolim,Fire Station Cuncolim
2026-01-17T00:43:35.830Z,GA07G2507 - PER Mid Size (Water Tender),15.716485,73.7975017,0,STOP,At Fire Station Pernem,Fire Station Pernem
2026-01-17T00:43:35.830Z,GA07G2505 - VAP Mid Size (Water Tender),15.5309717,74.1385667,0,STOP,At Fire Station Valpoi ,Fire Station Valpoi
2026-01-17T00:43:35.830Z,GA07G2504 - BIC Mid Size (Water Tender),15.589485,73.9466967,0,STOP,At Fire Station Bicholim ,Fire Station Bicholim
2026-01-17T00:43:35.830Z,GA07G2503- MAP Mid Size (Water Tender),15.5899483,73.808635,0,STOP,At Fire Station Mapusa,Fire Station Mapusa
2026-01-17T00:43:35.830Z,GA07G2502 - FFHQ Mid Size (Water Tender),15.4868,73.8171867,0,STOP,"Caculo Mall, 16 Shanta, St Inez Rd, Caculo Enclave, Santa Inez, Panaji, Goa (NW)",Fire Force Headquarters
2026-01-17T00:44:36.466Z,GA 07 G 0680-PIL(QUICK RESPONSE VEHICLE),15.52289,73.8294267,0,STOP,At Porvorim Fire Station,Fire Station Pilerne
2026-01-17T00:44:36.466Z,GA07G2506 - OLG Mid Size (Water Tender),15.500308,73.91407,0,STOP,At Fire Station Old Goa,Fire Station Old Goa
2026-01-17T00:44:36.466Z,GA 07 G 5115-POR(MINI WATER TENDER),15.52334,73.829453,0,STOP,At Porvorim Fire Station,Fire Station Porvorim
2026-01-17T00:44:36.466Z,GA 07 G 0350-MRG(WATER TENDER),15.269438,73.970627,0,STOP,At Fire Station Margoa,Fire Station Margao
2026-01-17T00:44:36.466Z,GA 07 G 2900-MAP(MINI RESCUE TENDER),15.58999,73.808624,0,STOP,At Fire Station Mapusa,Fire Station Mapusa
2026-01-17T00:44:36.466Z,GA 07 G 7600-FFHQ(WATER BOUSER),15.487132,73.817329,0,STOP,"Caculo Mall, 16 Shanta, St Inez Rd, Caculo Enclave, Santa Inez, Panaji, Goa (NW)",Fire Force Headquarters
2026-01-17T00:44:36.466Z,GA 07 G 2002-FFHQ(TURN TABLE LADDER),15.487413,73.817276,0,STOP,"Caculo Mall, 16 Shanta, St Inez Rd, Caculo Enclave, Santa Inez, Panaji, Goa (NW)",Fire Force Headquarters
2026-01-17T00:44:36.466Z,GA 07 G 7101-FFHQ(WATER TENDER),15.48682,73.816971,0,STOP,"Caculo Mall, 16 Shanta, St Inez Rd, Caculo Enclave, Santa Inez, Panaji, Goa (NW)",Fire Force Headquarters
2026-01-17T00:44:36.466Z,GA 07 G 7677-FFHQ(EMERGENCY RESCUE),15.487177,73.817001,0,STOP,"Caculo Mall, 16 Shanta, St Inez Rd, Caculo Enclave, Santa Inez, Panaji, Goa (NW)",Fire Force Headquarters
2026-01-17T00:44:36.466Z,GA 07 G 1121-PNJ(EMERGENCY RESCUE),15.487333,73.817299,0,STOP,"Caculo Mall, 16 Shanta, St Inez Rd, Caculo Enclave, Santa Inez, Panaji, Goa (NW)",Fire Station Panaji
2026-01-17T00:44:36.466Z,GA 07 G 1571-FFHQ(QUICK RESPONSE),15.486457,73.817513,0,STOP,"Caculo Mall, 16 Shanta, St Inez Rd, Caculo Enclave, Santa Inez, Panaji, Goa (SW)",Fire Force Headquarters
2026-01-17T00:44:36.466Z,GA 07 G 8101-MAP(WATER TENDER),15.589972,73.808624,0,STOP,At Fire Station Mapusa,Fire Station Mapusa
2026-01-17T00:44:36.466Z,GA 07 G 2317-MRG(EMERGENCY RESCUE TENDER),15.2694116,73.9701666,0,STOP,At Fire Station Margoa,Fire Station Margao
2026-01-17T00:44:36.466Z,GA 07 G 1570-VAS(QUICK RESPONSE FIRE TENDER),15.3887733,73.8513266,0,STOP,At Fire Station Vasco,Fire Station Vasco
2026-01-17T00:44:36.466Z,GA 07 G 4101-VAS(MS WATER TENDER),15.3888166,73.851285,0,STOP,At Fire Station Vasco,Fire Station Vasco
2026-01-17T00:44:36.466Z,GA 07 G 0819-VAS(WATER/FOAM TENDER),15.38905,73.8510983,0,IDLE,At Fire Station Vasco,Fire Station Vasco
2026-01-17T00:44:36.466Z,GA 07 G 7100-MRG(WATER BOUSER),15.269415,73.969995,0,STOP,At Fire Station Margoa,Fire Station Margao
2026-01-17T00:44:36.466Z,GA 07 G 1568-MRG(QUICK RESPONSE ),15.2693416,73.9705166,0,STOP,At Fire Station Margoa,Fire Station Margao
2026-01-17T00:44:36.466Z,GA 07 G 6101-MRG(WATER TENDER),15.2694116,73.970255,0,STOP,At Fire Station Margoa,Fire Station Margao
2026-01-17T00:44:36.466Z,GA 07 G 1001-MRG(AERIAL LADDER PLATFORM),15.26938,73.9701583,0,STOP,At Fire Station Margoa,Fire Station Margao
2026-01-17T00:44:36.466Z,GA 07 G 0820-BIC(WATER TEDNER),15.4027967,74.0028217,0,STOP,At Fire Station Ponda ,Fire Station Bicholim
2026-01-17T00:44:36.466Z,GA 07 G 5101-OLG(MS WATER TENDER),15.500265,73.9139483,0,STOP,At Fire Station Old Goa,Fire Station Old Goa
2026-01-17T00:44:36.466Z,GA 07 G 3101-BIC(MS WATER TENDER),15.5895816,73.9465733,4,STOP,At Fire Station Bicholim ,Fire Station Bicholim
2026-01-17T00:44:36.466Z,GA 07 G 1941-BIC(QUICK RESPONSE),15.5894533,73.9467116,0,STOP,At Fire Station Bicholim ,Fire Station Bicholim
2026-01-17T00:44:36.466Z,GA 07 G 2319-VAS (EMERGENCY RESCUE TENDER),15.3900983,73.8532383,0,STOP,"Zuari Rd, Holy Cross Colony, Dabolim, Goa (SE)",Fire Station Vasco
2026-01-17T00:44:36.466Z,GA 07 G 3737-VAP(WATER TENDER),15.5310533,74.1388916,0,STOP,At Fire Station Valpoi ,Fire Station Valpoi
2026-01-17T00:44:36.466Z,GA 07 G 2318-PND(EMERGENCY RESCUE TENDER),15.4028033,74.00293,0,STOP,At Fire Station Ponda ,Fire Station Ponda
2026-01-17T00:44:36.466Z,GA 07 G 2004-PND(QUICK RESPONSE),15.4141016,73.9073083,0,INACTIVE,"Guru Hotel, Old Ferry Road, Agaçaim, Goa (SE)",Fire Station Ponda
2026-01-17T00:44:36.466Z,GA 07 G 9101-PND(WATER TENDER),15.4027033,74.0028733,0,STOP,At Fire Station Ponda ,Fire Station Ponda
2026-01-17T00:44:36.466Z,GA 07 G 9797-PND(WATER BOUSER),15.4027999,74.0027016,0,STOP,At Fire Station Ponda ,Fire Station Ponda
2026-01-17T00:44:36.466Z,GA 07 G 6363-CAN(WATER TENDER),15.02361,74.04406,0,INACTIVE,"Canacona, The Lalitrajbaga ,Canacona, Canacona, Goa (NE)",Fire Station Canacona
2026-01-17T00:44:36.466Z,GA 07 G 1567-CAN(QUICK RESPONSE FT),15.0233599,74.0440833,0,INACTIVE,"Canacona, The Lalitrajbaga ,Canacona, Canacona, Goa (NE)",Fire Station Canacona
2026-01-17T00:44:36.466Z,GA 07 G 1569-VRN(QUICK RESPONSE),15.369545,73.9355216,0,STOP,At Fire Station Verna,Fire Station Verna
2026-01-17T00:44:36.466Z,GA 07 G 9909-VRN(ADVANCE MULTI-PURPOSE),15.36974,73.9360833,0,STOP,At Fire Station Verna,Fire Station Verna
2026-01-17T00:44:36.466Z,GA 07 G 1942-VAP(QUICK RESPONSE),15.5310033,74.138745,0,STOP,At Fire Station Valpoi ,Fire Station Valpoi
2026-01-17T00:44:36.466Z,GA 07 G 2003-CUR(QUICK RESPONSE),15.2604016,74.1031166,0,STOP,At Fire Station Curchorem,Fire Station Curchorem
2026-01-17T00:44:36.466Z,GA 07 G 7447-CUR(EMERGENCY RESCUE),15.260415,74.10376,0,STOP,At Fire Station Curchorem,Fire Station Curchorem
2026-01-17T00:44:36.466Z,GA 07 G 7557-CUR(WATER TENDER),15.2604083,74.1034266,0,STOP,At Fire Station Curchorem,Fire Station Curchorem
2026-01-17T00:44:36.466Z,GA 07 G 7667-CUR(WATER BOUSER),15.2602533,74.1037266,0,STOP,At Fire Station Curchorem,Fire Station Curchorem
2026-01-17T00:44:36.466Z,GA 07 G 4989-KUN(WATER TENDER),15.4632383,73.9724617,0,STOP,At Fire Station Kundaim,Fire Station Kundaim
2026-01-17T00:44:36.466Z,GA 07 G 2242-PIL(WATER TENDER),15.5329344,73.7940983,0,STOP,At Fire Station Pilerne,Fire Station Pilerne
2026-01-17T00:44:36.466Z,GA 07 G 0681-MAP(QUICK RESPONSE),15.58978,73.808805,0,STOP,At Fire Station Mapusa,Fire Station Mapusa
2026-01-17T00:44:36.466Z,GA 07 G 0307-PER(QUICK RESPONSE),15.7164939,73.7974239,0,INACTIVE,At Fire Station Pernem,Fire Station Pernem
2026-01-17T00:44:36.466Z,GA 07 G 2101-PER(MS WATER TENDER),15.7164572,73.7975456,0,STOP,At Fire Station Pernem,Fire Station Pernem
2026-01-17T00:44:36.466Z,GA 07 G 4600-PER(MINI RESCUE TENDER),15.7165267,73.7975289,0,STOP,At Fire Station Pernem,Fire Station Pernem
2026-01-17T00:44:36.466Z,GA 07 G 7272-PNJ(WATER TENDER),15.4880722,73.8173878,0,STOP,"Goa College of Home Science, Dayanand Bandodkar Road, Opposite Parade Ground Campal,, Panaji, Goa (SE)",Fire Station Panaji
2026-01-17T00:44:36.466Z,GA07G2384- Cuncolim,15.1861639,74.0211006,0,STOP,At Fire Station Cuncolim,Fire Station Cuncolim
2026-01-17T00:44:36.466Z,GA07G2507 - PER Mid Size (Water Tender),15.716485,73.7975017,0,STOP,At Fire Station Pernem,Fire Station Pernem
2026-01-17T00:44:36.466Z,GA07G2505 - VAP Mid Size (Water Tender),15.5309717,74.1385667,0,STOP,At Fire Station Valpoi ,Fire Station Valpoi
2026-01-17T00:44:36.466Z,GA07G2504 - BIC Mid Size (Water Tender),15.589485,73.9466967,0,STOP,At Fire Station Bicholim ,Fire Station Bicholim
2026-01-17T00:44:36.466Z,GA07G2503- MAP Mid Size (Water Tender),15.5899483,73.808635,0,STOP,At Fire Station Mapusa,Fire Station Mapusa
2026-01-17T00:44:36.466Z,GA07G2502 - FFHQ Mid Size (Water Tender),15.4868,73.8171867,0,STOP,"Caculo Mall, 16 Shanta, St Inez Rd, Caculo Enclave, Santa Inez, Panaji, Goa (NW)",Fire Force Headquarters
2026-01-17T00:45:42.707Z,GA 07 G 0680-PIL(QUICK RESPONSE VEHICLE),15.52289,73.8294267,0,STOP,At Porvorim Fire Station,Fire Station Pilerne
2026-01-17T00:45:42.707Z,GA07G2506 - OLG Mid Size (Water Tender),15.500308,73.91407,0,STOP,At Fire Station Old Goa,Fire Station Old Goa
2026-01-17T00:45:42.707Z,GA 07 G 5115-POR(MINI WATER TENDER),15.52334,73.829453,0,STOP,At Porvorim Fire Station,Fire Station Porvorim
2026-01-17T00:45:42.707Z,GA 07 G 0350-MRG(WATER TENDER),15.269438,73.970627,0,STOP,At Fire Station Margoa,Fire Station Margao
2026-01-17T00:45:42.707Z,GA 07 G 2900-MAP(MINI RESCUE TENDER),15.58999,73.808624,0,STOP,At Fire Station Mapusa,Fire Station Mapusa
2026-01-17T00:45:42.707Z,GA 07 G 7600-FFHQ(WATER BOUSER),15.487132,73.817329,0,STOP,"Caculo Mall, 16 Shanta, St Inez Rd, Caculo Enclave, Santa Inez, Panaji, Goa (NW)",Fire Force Headquarters
2026-01-17T00:45:42.707Z,GA 07 G 2002-FFHQ(TURN TABLE LADDER),15.487413,73.817276,0,STOP,"Caculo Mall, 16 Shanta, St Inez Rd, Caculo Enclave, Santa Inez, Panaji, Goa (NW)",Fire Force Headquarters
2026-01-17T00:45:42.707Z,GA 07 G 7101-FFHQ(WATER TENDER),15.48682,73.816971,0,STOP,"Caculo Mall, 16 Shanta, St Inez Rd, Caculo Enclave, Santa Inez, Panaji, Goa (NW)",Fire Force Headquarters
2026-01-17T00:45:42.707Z,GA 07 G 7677-FFHQ(EMERGENCY RESCUE),15.487177,73.817001,0,STOP,"Caculo Mall, 16 Shanta, St Inez Rd, Caculo Enclave, Santa Inez, Panaji, Goa (NW)",Fire Force Headquarters
2026-01-17T00:45:42.707Z,GA 07 G 1121-PNJ(EMERGENCY RESCUE),15.487333,73.817299,0,STOP,"Caculo Mall, 16 Shanta, St Inez Rd, Caculo Enclave, Santa Inez, Panaji, Goa (NW)",Fire Station Panaji
2026-01-17T00:45:42.707Z,GA 07 G 1571-FFHQ(QUICK RESPONSE),15.486457,73.817513,0,STOP,"Caculo Mall, 16 Shanta, St Inez Rd, Caculo Enclave, Santa Inez, Panaji, Goa (SW)",Fire Force Headquarters
2026-01-17T00:45:42.707Z,GA 07 G 8101-MAP(WATER TENDER),15.589972,73.808624,0,STOP,At Fire Station Mapusa,Fire Station Mapusa
2026-01-17T00:45:42.707Z,GA 07 G 2317-MRG(EMERGENCY RESCUE TENDER),15.2694116,73.9701666,0,STOP,At Fire Station Margoa,Fire Station Margao
2026-01-17T00:45:42.707Z,GA 07 G 1570-VAS(QUICK RESPONSE FIRE TENDER),15.3887733,73.8513266,0,STOP,At Fire Station Vasco,Fire Station Vasco
2026-01-17T00:45:42.707Z,GA 07 G 4101-VAS(MS WATER TENDER),15.3888166,73.851285,0,STOP,At Fire Station Vasco,Fire Station Vasco
2026-01-17T00:45:42.707Z,GA 07 G 0819-VAS(WATER/FOAM TENDER),15.38905,73.8510983,0,IDLE,At Fire Station Vasco,Fire Station Vasco
2026-01-17T00:45:42.707Z,GA 07 G 7100-MRG(WATER BOUSER),15.269415,73.969995,0,STOP,At Fire Station Margoa,Fire Station Margao
2026-01-17T00:45:42.707Z,GA 07 G 1568-MRG(QUICK RESPONSE ),15.2693416,73.9705166,0,STOP,At Fire Station Margoa,Fire Station Margao
2026-01-17T00:45:42.707Z,GA 07 G 6101-MRG(WATER TENDER),15.2694116,73.970255,0,STOP,At Fire Station Margoa,Fire Station Margao
2026-01-17T00:45:42.707Z,GA 07 G 1001-MRG(AERIAL LADDER PLATFORM),15.26938,73.9701583,0,STOP,At Fire Station Margoa,Fire Station Margao
2026-01-17T00:45:42.707Z,GA 07 G 0820-BIC(WATER TEDNER),15.4027967,74.0028217,0,STOP,At Fire Station Ponda ,Fire Station Bicholim
2026-01-17T00:45:42.707Z,GA 07 G 5101-OLG(MS WATER TENDER),15.500265,73.9139483,0,STOP,At Fire Station Old Goa,Fire Station Old Goa
2026-01-17T00:45:42.707Z,GA 07 G 3101-BIC(MS WATER TENDER),15.5895816,73.946615,3,STOP,At Fire Station Bicholim ,Fire Station Bicholim
2026-01-17T00:45:42.707Z,GA 07 G 1941-BIC(QUICK RESPONSE),15.5894533,73.9467116,0,STOP,At Fire Station Bicholim ,Fire Station Bicholim
2026-01-17T00:45:42.707Z,GA 07 G 2319-VAS (EMERGENCY RESCUE TENDER),15.3900983,73.8532383,0,STOP,"Zuari Rd, Holy Cross Colony, Dabolim, Goa (SE)",Fire Station Vasco
2026-01-17T00:45:42.707Z,GA 07 G 3737-VAP(WATER TENDER),15.5310533,74.1388916,0,STOP,At Fire Station Valpoi ,Fire Station Valpoi
2026-01-17T00:45:42.707Z,GA 07 G 2318-PND(EMERGENCY RESCUE TENDER),15.4028033,74.00293,0,STOP,At Fire Station Ponda ,Fire Station Ponda
2026-01-17T00:45:42.707Z,GA 07 G 2004-PND(QUICK RESPONSE),15.4141016,73.9073083,0,INACTIVE,"Guru Hotel, Old Ferry Road, Agaçaim, Goa (SE)",Fire Station Ponda
2026-01-17T00:45:42.707Z,GA 07 G 9101-PND(WATER TENDER),15.4027033,74.0028733,0,STOP,At Fire Station Ponda ,Fire Station Ponda
2026-01-17T00:45:42.707Z,GA 07 G 9797-PND(WATER BOUSER),15.4027999,74.0027016,0,STOP,At Fire Station Ponda ,Fire Station Ponda
2026-01-17T00:45:42.707Z,GA 07 G 6363-CAN(WATER TENDER),15.02361,74.04406,0,INACTIVE,"Canacona, The Lalitrajbaga ,Canacona, Canacona, Goa (NE)",Fire Station Canacona
2026-01-17T00:45:42.707Z,GA 07 G 1567-CAN(QUICK RESPONSE FT),15.0233599,74.0440833,0,INACTIVE,"Canacona, The Lalitrajbaga ,Canacona, Canacona, Goa (NE)",Fire Station Canacona
2026-01-17T00:45:42.707Z,GA 07 G 1569-VRN(QUICK RESPONSE),15.369545,73.9355216,0,STOP,At Fire Station Verna,Fire Station Verna
2026-01-17T00:45:42.707Z,GA 07 G 9909-VRN(ADVANCE MULTI-PURPOSE),15.36974,73.9360833,0,STOP,At Fire Station Verna,Fire Station Verna
2026-01-17T00:45:42.707Z,GA 07 G 1942-VAP(QUICK RESPONSE),15.5310033,74.138745,0,STOP,At Fire Station Valpoi ,Fire Station Valpoi
2026-01-17T00:45:42.707Z,GA 07 G 2003-CUR(QUICK RESPONSE),15.2604016,74.1031166,0,STOP,At Fire Station Curchorem,Fire Station Curchorem
2026-01-17T00:45:42.707Z,GA 07 G 7447-CUR(EMERGENCY RESCUE),15.260415,74.10376,0,STOP,At Fire Station Curchorem,Fire Station Curchorem
2026-01-17T00:45:42.707Z,GA 07 G 7557-CUR(WATER TENDER),15.2604083,74.1034266,0,STOP,At Fire Station Curchorem,Fire Station Curchorem
2026-01-17T00:45:42.707Z,GA 07 G 7667-CUR(WATER BOUSER),15.2602533,74.1037266,0,STOP,At Fire Station Curchorem,Fire Station Curchorem
2026-01-17T00:45:42.707Z,GA 07 G 4989-KUN(WATER TENDER),15.4632383,73.9724617,0,STOP,At Fire Station Kundaim,Fire Station Kundaim
2026-01-17T00:45:42.707Z,GA 07 G 2242-PIL(WATER TENDER),15.5329344,73.7940983,0,STOP,At Fire Station Pilerne,Fire Station Pilerne
2026-01-17T00:45:42.707Z,GA 07 G 0681-MAP(QUICK RESPONSE),15.58978,73.808805,0,STOP,At Fire Station Mapusa,Fire Station Mapusa
2026-01-17T00:45:42.707Z,GA 07 G 0307-PER(QUICK RESPONSE),15.7164939,73.7974239,0,INACTIVE,At Fire Station Pernem,Fire Station Pernem
2026-01-17T00:45:42.707Z,GA 07 G 2101-PER(MS WATER TENDER),15.7164572,73.7975456,0,STOP,At Fire Station Pernem,Fire Station Pernem
2026-01-17T00:45:42.707Z,GA 07 G 4600-PER(MINI RESCUE TENDER),15.7165267,73.7975289,0,STOP,At Fire Station Pernem,Fire Station Pernem
2026-01-17T00:45:42.707Z,GA 07 G 7272-PNJ(WATER TENDER),15.4880722,73.8173878,0,STOP,"Goa College of Home Science, Dayanand Bandodkar Road, Opposite Parade Ground Campal,, Panaji, Goa (SE)",Fire Station Panaji
2026-01-17T00:45:42.707Z,GA07G2384- Cuncolim,15.1861639,74.0211006,0,STOP,At Fire Station Cuncolim,Fire Station Cuncolim
2026-01-17T00:45:42.707Z,GA07G2507 - PER Mid Size (Water Tender),15.716485,73.7975017,0,STOP,At Fire Station Pernem,Fire Station Pernem
2026-01-17T00:45:42.707Z,GA07G2505 - VAP Mid Size (Water Tender),15.5309717,74.1385667,0,STOP,At Fire Station Valpoi ,Fire Station Valpoi
2026-01-17T00:45:42.707Z,GA07G2504 - BIC Mid Size (Water Tender),15.589485,73.9466967,0,STOP,At Fire Station Bicholim ,Fire Station Bicholim
2026-01-17T00:45:42.707Z,GA07G2503- MAP Mid Size (Water Tender),15.5899483,73.808635,0,STOP,At Fire Station Mapusa,Fire Station Mapusa
2026-01-17T00:45:42.707Z,GA07G2502 - FFHQ Mid Size (Water Tender),15.4868,73.8171867,0,STOP,"Caculo Mall, 16 Shanta, St Inez Rd, Caculo Enclave, Santa Inez, Panaji, Goa (NW)",Fire Force Headquarters
2026-01-17T00:46:50.534Z,GA 07 G 0680-PIL(QUICK RESPONSE VEHICLE),15.52289,73.8294267,0,STOP,At Porvorim Fire Station,Fire Station Pilerne
2026-01-17T00:46:50.534Z,GA07G2506 - OLG Mid Size (Water Tender),15.500308,73.91407,0,STOP,At Fire Station Old Goa,Fire Station Old Goa
2026-01-17T00:46:50.534Z,GA 07 G 5115-POR(MINI WATER TENDER),15.52334,73.829453,0,STOP,At Porvorim Fire Station,Fire Station Porvorim
2026-01-17T00:46:50.534Z,GA 07 G 0350-MRG(WATER TENDER),15.269438,73.970627,0,STOP,At Fire Station Margoa,Fire Station Margao
2026-01-17T00:46:50.534Z,GA 07 G 2900-MAP(MINI RESCUE TENDER),15.58999,73.808624,0,STOP,At Fire Station Mapusa,Fire Station Mapusa
2026-01-17T00:46:50.534Z,GA 07 G 7600-FFHQ(WATER BOUSER),15.487132,73.817329,0,STOP,"Caculo Mall, 16 Shanta, St Inez Rd, Caculo Enclave, Santa Inez, Panaji, Goa (NW)",Fire Force Headquarters
2026-01-17T00:46:50.534Z,GA 07 G 2002-FFHQ(TURN TABLE LADDER),15.487413,73.817276,0,STOP,"Caculo Mall, 16 Shanta, St Inez Rd, Caculo Enclave, Santa Inez, Panaji, Goa (NW)",Fire Force Headquarters
2026-01-17T00:46:50.534Z,GA 07 G 7101-FFHQ(WATER TENDER),15.48682,73.816971,0,STOP,"Caculo Mall, 16 Shanta, St Inez Rd, Caculo Enclave, Santa Inez, Panaji, Goa (NW)",Fire Force Headquarters
2026-01-17T00:46:50.534Z,GA 07 G 7677-FFHQ(EMERGENCY RESCUE),15.486975,73.817123,0,RUNNING,"Caculo Mall, 16 Shanta, St Inez Rd, Caculo Enclave, Santa Inez, Panaji, Goa (NW)",Fire Force Headquarters
2026-01-17T00:46:50.534Z,GA 07 G 1121-PNJ(EMERGENCY RESCUE),15.487333,73.817299,0,STOP,"Caculo Mall, 16 Shanta, St Inez Rd, Caculo Enclave, Santa Inez, Panaji, Goa (NW)",Fire Station Panaji
2026-01-17T00:46:50.534Z,GA 07 G 1571-FFHQ(QUICK RESPONSE),15.486457,73.817513,0,STOP,"Caculo Mall, 16 Shanta, St Inez Rd, Caculo Enclave, Santa Inez, Panaji, Goa (SW)",Fire Force Headquarters
2026-01-17T00:46:50.534Z,GA 07 G 8101-MAP(WATER TENDER),15.589972,73.808624,0,STOP,At Fire Station Mapusa,Fire Station Mapusa
2026-01-17T00:46:50.534Z,GA 07 G 2317-MRG(EMERGENCY RESCUE TENDER),15.2694116,73.9701666,0,STOP,At Fire Station Margoa,Fire Station Margao
2026-01-17T00:46:50.534Z,GA 07 G 1570-VAS(QUICK RESPONSE FIRE TENDER),15.3887733,73.8513266,0,STOP,At Fire Station Vasco,Fire Station Vasco
2026-01-17T00:46:50.534Z,GA 07 G 4101-VAS(MS WATER TENDER),15.3888166,73.851285,0,STOP,At Fire Station Vasco,Fire Station Vasco
2026-01-17T00:46:50.534Z,GA 07 G 0819-VAS(WATER/FOAM TENDER),15.38905,73.8510983,0,IDLE,At Fire Station Vasco,Fire Station Vasco
2026-01-17T00:46:50.534Z,GA 07 G 7100-MRG(WATER BOUSER),15.269415,73.969995,0,STOP,At Fire Station Margoa,Fire Station Margao
2026-01-17T00:46:50.534Z,GA 07 G 1568-MRG(QUICK RESPONSE ),15.2693416,73.9705166,0,STOP,At Fire Station Margoa,Fire Station Margao
2026-01-17T00:46:50.534Z,GA 07 G 6101-MRG(WATER TENDER),15.2694116,73.970255,0,STOP,At Fire Station Margoa,Fire Station Margao
2026-01-17T00:46:50.534Z,GA 07 G 1001-MRG(AERIAL LADDER PLATFORM),15.26938,73.9701583,0,STOP,At Fire Station Margoa,Fire Station Margao
2026-01-17T00:46:50.534Z,GA 07 G 0820-BIC(WATER TEDNER),15.4027967,74.0028217,0,STOP,At Fire Station Ponda ,Fire Station Bicholim
2026-01-17T00:46:50.534Z,GA 07 G 5101-OLG(MS WATER TENDER),15.500265,73.9139483,0,STOP,At Fire Station Old Goa,Fire Station Old Goa
2026-01-17T00:46:50.534Z,GA 07 G 3101-BIC(MS WATER TENDER),15.5895816,73.946615,0,STOP,At Fire Station Bicholim ,Fire Station Bicholim
2026-01-17T00:46:50.534Z,GA 07 G 1941-BIC(QUICK RESPONSE),15.5894533,73.9467116,0,STOP,At Fire Station Bicholim ,Fire Station Bicholim
2026-01-17T00:46:50.534Z,GA 07 G 2319-VAS (EMERGENCY RESCUE TENDER),15.3900983,73.8532383,0,STOP,"Zuari Rd, Holy Cross Colony, Dabolim, Goa (SE)",Fire Station Vasco
2026-01-17T00:46:50.534Z,GA 07 G 3737-VAP(WATER TENDER),15.5310533,74.1388916,0,STOP,At Fire Station Valpoi ,Fire Station Valpoi
2026-01-17T00:46:50.534Z,GA 07 G 2318-PND(EMERGENCY RESCUE TENDER),15.4028033,74.00293,0,STOP,At Fire Station Ponda ,Fire Station Ponda
2026-01-17T00:46:50.534Z,GA 07 G 2004-PND(QUICK RESPONSE),15.4141016,73.9073083,0,INACTIVE,"Guru Hotel, Old Ferry Road, Agaçaim, Goa (SE)",Fire Station Ponda
2026-01-17T00:46:50.534Z,GA 07 G 9101-PND(WATER TENDER),15.4027033,74.0028733,0,STOP,At Fire Station Ponda ,Fire Station Ponda
2026-01-17T00:46:50.534Z,GA 07 G 9797-PND(WATER BOUSER),15.4027999,74.0027016,0,STOP,At Fire Station Ponda ,Fire Station Ponda
2026-01-17T00:46:50.534Z,GA 07 G 6363-CAN(WATER TENDER),15.02361,74.04406,0,INACTIVE,"Canacona, The Lalitrajbaga ,Canacona, Canacona, Goa (NE)",Fire Station Canacona
2026-01-17T00:46:50.534Z,GA 07 G 1567-CAN(QUICK RESPONSE FT),15.0233599,74.0440833,0,INACTIVE,"Canacona, The Lalitrajbaga ,Canacona, Canacona, Goa (NE)",Fire Station Canacona
2026-01-17T00:46:50.534Z,GA 07 G 1569-VRN(QUICK RESPONSE),15.369545,73.9355216,0,STOP,At Fire Station Verna,Fire Station Verna
2026-01-17T00:46:50.534Z,GA 07 G 9909-VRN(ADVANCE MULTI-PURPOSE),15.36974,73.9360833,0,STOP,At Fire Station Verna,Fire Station Verna
2026-01-17T00:46:50.534Z,GA 07 G 1942-VAP(QUICK RESPONSE),15.5310033,74.138745,0,STOP,At Fire Station Valpoi ,Fire Station Valpoi
2026-01-17T00:46:50.534Z,GA 07 G 2003-CUR(QUICK RESPONSE),15.2604016,74.1031166,0,STOP,At Fire Station Curchorem,Fire Station Curchorem
2026-01-17T00:46:50.534Z,GA 07 G 7447-CUR(EMERGENCY RESCUE),15.260415,74.10376,0,STOP,At Fire Station Curchorem,Fire Station Curchorem
2026-01-17T00:46:50.534Z,GA 07 G 7557-CUR(WATER TENDER),15.2604083,74.1034266,0,STOP,At Fire Station Curchorem,Fire Station Curchorem
2026-01-17T00:46:50.534Z,GA 07 G 7667-CUR(WATER BOUSER),15.2602533,74.1037266,0,STOP,At Fire Station Curchorem,Fire Station Curchorem
2026-01-17T00:46:50.534Z,GA 07 G 4989-KUN(WATER TENDER),15.4632383,73.9724617,0,STOP,At Fire Station Kundaim,Fire Station Kundaim
2026-01-17T00:46:50.534Z,GA 07 G 2242-PIL(WATER TENDER),15.5329344,73.7940983,0,STOP,At Fire Station Pilerne,Fire Station Pilerne
2026-01-17T00:46:50.534Z,GA 07 G 0681-MAP(QUICK RESPONSE),15.58978,73.808805,0,STOP,At Fire Station Mapusa,Fire Station Mapusa
2026-01-17T00:46:50.534Z,GA 07 G 0307-PER(QUICK RESPONSE),15.7164939,73.7974239,0,INACTIVE,At Fire Station Pernem,Fire Station Pernem
2026-01-17T00:46:50.534Z,GA 07 G 2101-PER(MS WATER TENDER),15.7164572,73.7975456,0,STOP,At Fire Station Pernem,Fire Station Pernem
2026-01-17T00:46:50.534Z,GA 07 G 4600-PER(MINI RESCUE TENDER),15.7165267,73.7975289,0,STOP,At Fire Station Pernem,Fire Station Pernem
2026-01-17T00:46:50.534Z,GA 07 G 7272-PNJ(WATER TENDER),15.4880722,73.8173878,0,STOP,"Goa College of Home Science, Dayanand Bandodkar Road, Opposite Parade Ground Campal,, Panaji, Goa (SE)",Fire Station Panaji
2026-01-17T00:46:50.534Z,GA07G2384- Cuncolim,15.1861639,74.0211006,0,STOP,At Fire Station Cuncolim,Fire Station Cuncolim
2026-01-17T00:46:50.534Z,GA07G2507 - PER Mid Size (Water Tender),15.716485,73.7975017,0,STOP,At Fire Station Pernem,Fire Station Pernem
2026-01-17T00:46:50.534Z,GA07G2505 - VAP Mid Size (Water Tender),15.5309717,74.1385667,0,STOP,At Fire Station Valpoi ,Fire Station Valpoi
2026-01-17T00:46:50.534Z,GA07G2504 - BIC Mid Size (Water Tender),15.589485,73.9466967,0,STOP,At Fire Station Bicholim ,Fire Station Bicholim
2026-01-17T00:46:50.534Z,GA07G2503- MAP Mid Size (Water Tender),15.5899483,73.808635,0,STOP,At Fire Station Mapusa,Fire Station Mapusa
2026-01-17T00:46:50.534Z,GA07G2502 - FFHQ Mid Size (Water Tender),15.4868,73.8171867,0,STOP,"Caculo Mall, 16 Shanta, St Inez Rd, Caculo Enclave, Santa Inez, Panaji, Goa (NW)",Fire Force Headquarters
2026-01-17T00:47:36.262Z,GA 07 G 0680-PIL(QUICK RESPONSE VEHICLE),15.52289,73.8294267,0,STOP,At Porvorim Fire Station,Fire Station Pilerne
2026-01-17T00:47:36.262Z,GA07G2506 - OLG Mid Size (Water Tender),15.500308,73.91407,0,STOP,At Fire Station Old Goa,Fire Station Old Goa
2026-01-17T00:47:36.262Z,GA 07 G 5115-POR(MINI WATER TENDER),15.52334,73.829453,0,STOP,At Porvorim Fire Station,Fire Station Porvorim
2026-01-17T00:47:36.262Z,GA 07 G 0350-MRG(WATER TENDER),15.269438,73.970627,0,STOP,At Fire Station Margoa,Fire Station Margao
2026-01-17T00:47:36.262Z,GA 07 G 2900-MAP(MINI RESCUE TENDER),15.58999,73.808624,0,STOP,At Fire Station Mapusa,Fire Station Mapusa
2026-01-17T00:47:36.262Z,GA 07 G 7600-FFHQ(WATER BOUSER),15.487132,73.817329,0,STOP,"Caculo Mall, 16 Shanta, St Inez Rd, Caculo Enclave, Santa Inez, Panaji, Goa (NW)",Fire Force Headquarters
2026-01-17T00:47:36.262Z,GA 07 G 2002-FFHQ(TURN TABLE LADDER),15.487413,73.817276,0,STOP,"Caculo Mall, 16 Shanta, St Inez Rd, Caculo Enclave, Santa Inez, Panaji, Goa (NW)",Fire Force Headquarters
2026-01-17T00:47:36.262Z,GA 07 G 7101-FFHQ(WATER TENDER),15.48682,73.816971,0,STOP,"Caculo Mall, 16 Shanta, St Inez Rd, Caculo Enclave, Santa Inez, Panaji, Goa (NW)",Fire Force Headquarters
2026-01-17T00:47:36.262Z,GA 07 G 7677-FFHQ(EMERGENCY RESCUE),15.486962,73.817108,0,RUNNING,"Caculo Mall, 16 Shanta, St Inez Rd, Caculo Enclave, Santa Inez, Panaji, Goa (NW)",Fire Force Headquarters
2026-01-17T00:47:36.262Z,GA 07 G 1121-PNJ(EMERGENCY RESCUE),15.487333,73.817299,0,STOP,"Caculo Mall, 16 Shanta, St Inez Rd, Caculo Enclave, Santa Inez, Panaji, Goa (NW)",Fire Station Panaji
2026-01-17T00:47:36.262Z,GA 07 G 1571-FFHQ(QUICK RESPONSE),15.486457,73.817513,0,STOP,"Caculo Mall, 16 Shanta, St Inez Rd, Caculo Enclave, Santa Inez, Panaji, Goa (SW)",Fire Force Headquarters
2026-01-17T00:47:36.262Z,GA 07 G 8101-MAP(WATER TENDER),15.589972,73.808624,0,STOP,At Fire Station Mapusa,Fire Station Mapusa
2026-01-17T00:47:36.262Z,GA 07 G 2317-MRG(EMERGENCY RESCUE TENDER),15.2694116,73.9701666,0,STOP,At Fire Station Margoa,Fire Station Margao
2026-01-17T00:47:36.262Z,GA 07 G 1570-VAS(QUICK RESPONSE FIRE TENDER),15.3887733,73.8513266,0,STOP,At Fire Station Vasco,Fire Station Vasco
2026-01-17T00:47:36.262Z,GA 07 G 4101-VAS(MS WATER TENDER),15.3888166,73.851285,0,STOP,At Fire Station Vasco,Fire Station Vasco
2026-01-17T00:47:36.262Z,GA 07 G 0819-VAS(WATER/FOAM TENDER),15.38905,73.8510983,0,IDLE,At Fire Station Vasco,Fire Station Vasco
2026-01-17T00:47:36.262Z,GA 07 G 7100-MRG(WATER BOUSER),15.269415,73.969995,0,STOP,At Fire Station Margoa,Fire Station Margao
2026-01-17T00:47:36.262Z,GA 07 G 1568-MRG(QUICK RESPONSE ),15.2693416,73.9705166,0,STOP,At Fire Station Margoa,Fire Station Margao
2026-01-17T00:47:36.262Z,GA 07 G 6101-MRG(WATER TENDER),15.2694116,73.970255,0,STOP,At Fire Station Margoa,Fire Station Margao
2026-01-17T00:47:36.262Z,GA 07 G 1001-MRG(AERIAL LADDER PLATFORM),15.26938,73.9701583,0,STOP,At Fire Station Margoa,Fire Station Margao
2026-01-17T00:47:36.262Z,GA 07 G 0820-BIC(WATER TEDNER),15.4027967,74.0028217,0,STOP,At Fire Station Ponda ,Fire Station Bicholim
2026-01-17T00:47:36.262Z,GA 07 G 5101-OLG(MS WATER TENDER),15.500265,73.9139483,0,STOP,At Fire Station Old Goa,Fire Station Old Goa
2026-01-17T00:47:36.262Z,GA 07 G 3101-BIC(MS WATER TENDER),15.5895816,73.946615,0,STOP,At Fire Station Bicholim ,Fire Station Bicholim
2026-01-17T00:47:36.262Z,GA 07 G 1941-BIC(QUICK RESPONSE),15.5894533,73.9467116,0,STOP,At Fire Station Bicholim ,Fire Station Bicholim
2026-01-17T00:47:36.262Z,GA 07 G 2319-VAS (EMERGENCY RESCUE TENDER),15.3900983,73.8532383,0,STOP,"Zuari Rd, Holy Cross Colony, Dabolim, Goa (SE)",Fire Station Vasco
2026-01-17T00:47:36.262Z,GA 07 G 3737-VAP(WATER TENDER),15.5310533,74.1388916,0,STOP,At Fire Station Valpoi ,Fire Station Valpoi
2026-01-17T00:47:36.262Z,GA 07 G 2318-PND(EMERGENCY RESCUE TENDER),15.4028033,74.00293,0,STOP,At Fire Station Ponda ,Fire Station Ponda
2026-01-17T00:47:36.262Z,GA 07 G 2004-PND(QUICK RESPONSE),15.4141016,73.9073083,0,INACTIVE,"Guru Hotel, Old Ferry Road, Agaçaim, Goa (SE)",Fire Station Ponda
2026-01-17T00:47:36.262Z,GA 07 G 9101-PND(WATER TENDER),15.4027033,74.0028733,0,STOP,At Fire Station Ponda ,Fire Station Ponda
2026-01-17T00:47:36.262Z,GA 07 G 9797-PND(WATER BOUSER),15.4027999,74.0027016,0,STOP,At Fire Station Ponda ,Fire Station Ponda
2026-01-17T00:47:36.262Z,GA 07 G 6363-CAN(WATER TENDER),15.02361,74.04406,0,INACTIVE,"Canacona, The Lalitrajbaga ,Canacona, Canacona, Goa (NE)",Fire Station Canacona
2026-01-17T00:47:36.262Z,GA 07 G 1567-CAN(QUICK RESPONSE FT),15.0233599,74.0440833,0,INACTIVE,"Canacona, The Lalitrajbaga ,Canacona, Canacona, Goa (NE)",Fire Station Canacona
2026-01-17T00:47:36.262Z,GA 07 G 1569-VRN(QUICK RESPONSE),15.369545,73.9355216,0,STOP,At Fire Station Verna,Fire Station Verna
2026-01-17T00:47:36.262Z,GA 07 G 9909-VRN(ADVANCE MULTI-PURPOSE),15.36974,73.9360833,0,STOP,At Fire Station Verna,Fire Station Verna
2026-01-17T00:47:36.262Z,GA 07 G 1942-VAP(QUICK RESPONSE),15.5310033,74.138745,0,STOP,At Fire Station Valpoi ,Fire Station Valpoi
2026-01-17T00:47:36.262Z,GA 07 G 2003-CUR(QUICK RESPONSE),15.2604016,74.1031166,0,STOP,At Fire Station Curchorem,Fire Station Curchorem
2026-01-17T00:47:36.262Z,GA 07 G 7447-CUR(EMERGENCY RESCUE),15.260415,74.10376,0,STOP,At Fire Station Curchorem,Fire Station Curchorem
2026-01-17T00:47:36.262Z,GA 07 G 7557-CUR(WATER TENDER),15.2604083,74.1034266,0,STOP,At Fire Station Curchorem,Fire Station Curchorem
2026-01-17T00:47:36.262Z,GA 07 G 7667-CUR(WATER BOUSER),15.2602533,74.1037266,0,STOP,At Fire Station Curchorem,Fire Station Curchorem
2026-01-17T00:47:36.262Z,GA 07 G 4989-KUN(WATER TENDER),15.4632383,73.9724617,0,STOP,At Fire Station Kundaim,Fire Station Kundaim
2026-01-17T00:47:36.262Z,GA 07 G 2242-PIL(WATER TENDER),15.5329344,73.7940983,0,STOP,At Fire Station Pilerne,Fire Station Pilerne
2026-01-17T00:47:36.262Z,GA 07 G 0681-MAP(QUICK RESPONSE),15.58978,73.808805,0,STOP,At Fire Station Mapusa,Fire Station Mapusa
2026-01-17T00:47:36.262Z,GA 07 G 0307-PER(QUICK RESPONSE),15.7164939,73.7974239,0,INACTIVE,At Fire Station Pernem,Fire Station Pernem
2026-01-17T00:47:36.262Z,GA 07 G 2101-PER(MS WATER TENDER),15.7164572,73.7975456,0,STOP,At Fire Station Pernem,Fire Station Pernem
2026-01-17T00:47:36.262Z,GA 07 G 4600-PER(MINI RESCUE TENDER),15.7165267,73.7975289,0,STOP,At Fire Station Pernem,Fire Station Pernem
2026-01-17T00:47:36.262Z,GA 07 G 7272-PNJ(WATER TENDER),15.4880722,73.8173878,0,STOP,"Goa College of Home Science, Dayanand Bandodkar Road, Opposite Parade Ground Campal,, Panaji, Goa (SE)",Fire Station Panaji
2026-01-17T00:47:36.262Z,GA07G2384- Cuncolim,15.1861639,74.0211006,0,STOP,At Fire Station Cuncolim,Fire Station Cuncolim
2026-01-17T00:47:36.262Z,GA07G2507 - PER Mid Size (Water Tender),15.716485,73.7975017,0,STOP,At Fire Station Pernem,Fire Station Pernem
2026-01-17T00:47:36.262Z,GA07G2505 - VAP Mid Size (Water Tender),15.5309717,74.1385667,0,STOP,At Fire Station Valpoi ,Fire Station Valpoi
2026-01-17T00:47:36.262Z,GA07G2504 - BIC Mid Size (Water Tender),15.589485,73.9466967,0,STOP,At Fire Station Bicholim ,Fire Station Bicholim
2026-01-17T00:47:36.262Z,GA07G2503- MAP Mid Size (Water Tender),15.5899483,73.808635,0,STOP,At Fire Station Mapusa,Fire Station Mapusa
2026-01-17T00:47:36.262Z,GA07G2502 - FFHQ Mid Size (Water Tender),15.4868,73.8171867,0,STOP,"Caculo Mall, 16 Shanta, St Inez Rd, Caculo Enclave, Santa Inez, Panaji, Goa (NW)",Fire Force Headquarters
2026-01-17T00:49:08.441Z,GA 07 G 0680-PIL(QUICK RESPONSE VEHICLE),15.52289,73.8294267,0,STOP,At Porvorim Fire Station,Fire Station Pilerne
2026-01-17T00:49:08.441Z,GA07G2506 - OLG Mid Size (Water Tender),15.500308,73.91407,0,STOP,At Fire Station Old Goa,Fire Station Old Goa
2026-01-17T00:49:08.441Z,GA 07 G 5115-POR(MINI WATER TENDER),15.52334,73.829453,0,STOP,At Porvorim Fire Station,Fire Station Porvorim
2026-01-17T00:49:08.441Z,GA 07 G 0350-MRG(WATER TENDER),15.269438,73.970627,0,STOP,At Fire Station Margoa,Fire Station Margao
2026-01-17T00:49:08.441Z,GA 07 G 2900-MAP(MINI RESCUE TENDER),15.58999,73.808624,0,STOP,At Fire Station Mapusa,Fire Station Mapusa
2026-01-17T00:49:08.441Z,GA 07 G 7600-FFHQ(WATER BOUSER),15.487132,73.817329,0,STOP,"Caculo Mall, 16 Shanta, St Inez Rd, Caculo Enclave, Santa Inez, Panaji, Goa (NW)",Fire Force Headquarters
2026-01-17T00:49:08.441Z,GA 07 G 2002-FFHQ(TURN TABLE LADDER),15.487413,73.817276,0,STOP,"Caculo Mall, 16 Shanta, St Inez Rd, Caculo Enclave, Santa Inez, Panaji, Goa (NW)",Fire Force Headquarters
2026-01-17T00:49:08.441Z,GA 07 G 7101-FFHQ(WATER TENDER),15.48682,73.816971,0,STOP,"Caculo Mall, 16 Shanta, St Inez Rd, Caculo Enclave, Santa Inez, Panaji, Goa (NW)",Fire Force Headquarters
2026-01-17T00:49:08.441Z,GA 07 G 7677-FFHQ(EMERGENCY RESCUE),15.486768,73.819221,30,RUNNING,"Caculo Mall, 16 Shanta, St Inez Rd, Caculo Enclave, Santa Inez, Panaji, Goa (NE)",Fire Force Headquarters
2026-01-17T00:49:08.441Z,GA 07 G 1121-PNJ(EMERGENCY RESCUE),15.487333,73.817299,0,STOP,"Caculo Mall, 16 Shanta, St Inez Rd, Caculo Enclave, Santa Inez, Panaji, Goa (NW)",Fire Station Panaji
2026-01-17T00:49:08.441Z,GA 07 G 1571-FFHQ(QUICK RESPONSE),15.486457,73.817513,0,STOP,"Caculo Mall, 16 Shanta, St Inez Rd, Caculo Enclave, Santa Inez, Panaji, Goa (SW)",Fire Force Headquarters
2026-01-17T00:49:08.441Z,GA 07 G 8101-MAP(WATER TENDER),15.589972,73.808624,0,STOP,At Fire Station Mapusa,Fire Station Mapusa
2026-01-17T00:49:08.441Z,GA 07 G 2317-MRG(EMERGENCY RESCUE TENDER),15.2694116,73.9701666,0,STOP,At Fire Station Margoa,Fire Station Margao
2026-01-17T00:49:08.441Z,GA 07 G 1570-VAS(QUICK RESPONSE FIRE TENDER),15.3887733,73.8513266,0,STOP,At Fire Station Vasco,Fire Station Vasco
2026-01-17T00:49:08.441Z,GA 07 G 4101-VAS(MS WATER TENDER),15.3888166,73.851285,0,STOP,At Fire Station Vasco,Fire Station Vasco
2026-01-17T00:49:08.441Z,GA 07 G 0819-VAS(WATER/FOAM TENDER),15.38905,73.8510983,0,IDLE,At Fire Station Vasco,Fire Station Vasco
2026-01-17T00:49:08.441Z,GA 07 G 7100-MRG(WATER BOUSER),15.269415,73.969995,0,STOP,At Fire Station Margoa,Fire Station Margao
2026-01-17T00:49:08.441Z,GA 07 G 1568-MRG(QUICK RESPONSE ),15.2693416,73.9705166,0,STOP,At Fire Station Margoa,Fire Station Margao
2026-01-17T00:49:08.441Z,GA 07 G 6101-MRG(WATER TENDER),15.2694116,73.970255,0,STOP,At Fire Station Margoa,Fire Station Margao
2026-01-17T00:49:08.441Z,GA 07 G 1001-MRG(AERIAL LADDER PLATFORM),15.26938,73.9701583,0,STOP,At Fire Station Margoa,Fire Station Margao
2026-01-17T00:49:08.441Z,GA 07 G 0820-BIC(WATER TEDNER),15.4027967,74.0028217,0,STOP,At Fire Station Ponda ,Fire Station Bicholim
2026-01-17T00:49:08.441Z,GA 07 G 5101-OLG(MS WATER TENDER),15.500265,73.9139483,0,STOP,At Fire Station Old Goa,Fire Station Old Goa
2026-01-17T00:49:08.441Z,GA 07 G 3101-BIC(MS WATER TENDER),15.5895816,73.946615,0,STOP,At Fire Station Bicholim ,Fire Station Bicholim
2026-01-17T00:49:08.441Z,GA 07 G 1941-BIC(QUICK RESPONSE),15.5894533,73.9467116,0,STOP,At Fire Station Bicholim ,Fire Station Bicholim
2026-01-17T00:49:08.441Z,GA 07 G 2319-VAS (EMERGENCY RESCUE TENDER),15.3900983,73.8532383,0,STOP,"Zuari Rd, Holy Cross Colony, Dabolim, Goa (SE)",Fire Station Vasco
2026-01-17T00:49:08.441Z,GA 07 G 3737-VAP(WATER TENDER),15.5310533,74.1388916,0,STOP,At Fire Station Valpoi ,Fire Station Valpoi
2026-01-17T00:49:08.441Z,GA 07 G 2318-PND(EMERGENCY RESCUE TENDER),15.4028033,74.00293,0,STOP,At Fire Station Ponda ,Fire Station Ponda
2026-01-17T00:49:08.441Z,GA 07 G 2004-PND(QUICK RESPONSE),15.4141016,73.9073083,0,INACTIVE,"Guru Hotel, Old Ferry Road, Agaçaim, Goa (SE)",Fire Station Ponda
2026-01-17T00:49:08.441Z,GA 07 G 9101-PND(WATER TENDER),15.4027033,74.0028733,0,STOP,At Fire Station Ponda ,Fire Station Ponda
2026-01-17T00:49:08.441Z,GA 07 G 9797-PND(WATER BOUSER),15.4027999,74.0027016,0,STOP,At Fire Station Ponda ,Fire Station Ponda
2026-01-17T00:49:08.441Z,GA 07 G 6363-CAN(WATER TENDER),15.02361,74.04406,0,INACTIVE,"Canacona, The Lalitrajbaga ,Canacona, Canacona, Goa (NE)",Fire Station Canacona
2026-01-17T00:49:08.441Z,GA 07 G 1567-CAN(QUICK RESPONSE FT),15.0233599,74.0440833,0,INACTIVE,"Canacona, The Lalitrajbaga ,Canacona, Canacona, Goa (NE)",Fire Station Canacona
2026-01-17T00:49:08.441Z,GA 07 G 1569-VRN(QUICK RESPONSE),15.369545,73.9355216,0,STOP,At Fire Station Verna,Fire Station Verna
2026-01-17T00:49:08.441Z,GA 07 G 9909-VRN(ADVANCE MULTI-PURPOSE),15.36974,73.9360833,0,STOP,At Fire Station Verna,Fire Station Verna
2026-01-17T00:49:08.441Z,GA 07 G 1942-VAP(QUICK RESPONSE),15.5310033,74.138745,0,STOP,At Fire Station Valpoi ,Fire Station Valpoi
2026-01-17T00:49:08.441Z,GA 07 G 2003-CUR(QUICK RESPONSE),15.2604016,74.1031166,0,STOP,At Fire Station Curchorem,Fire Station Curchorem
2026-01-17T00:49:08.441Z,GA 07 G 7447-CUR(EMERGENCY RESCUE),15.260415,74.10376,0,STOP,At Fire Station Curchorem,Fire Station Curchorem
2026-01-17T00:49:08.441Z,GA 07 G 7557-CUR(WATER TENDER),15.2604083,74.1034266,0,STOP,At Fire Station Curchorem,Fire Station Curchorem
2026-01-17T00:49:08.441Z,GA 07 G 7667-CUR(WATER BOUSER),15.2602533,74.1037266,0,STOP,At Fire Station Curchorem,Fire Station Curchorem
2026-01-17T00:49:08.441Z,GA 07 G 4989-KUN(WATER TENDER),15.4632383,73.9724617,0,STOP,At Fire Station Kundaim,Fire Station Kundaim
2026-01-17T00:49:08.441Z,GA 07 G 2242-PIL(WATER TENDER),15.5329344,73.7940983,0,STOP,At Fire Station Pilerne,Fire Station Pilerne
2026-01-17T00:49:08.441Z,GA 07 G 0681-MAP(QUICK RESPONSE),15.58978,73.808805,0,STOP,At Fire Station Mapusa,Fire Station Mapusa
2026-01-17T00:49:08.441Z,GA 07 G 0307-PER(QUICK RESPONSE),15.7164939,73.7974239,0,INACTIVE,At Fire Station Pernem,Fire Station Pernem
2026-01-17T00:49:08.441Z,GA 07 G 2101-PER(MS WATER TENDER),15.7164572,73.7975456,0,STOP,At Fire Station Pernem,Fire Station Pernem
2026-01-17T00:49:08.441Z,GA 07 G 4600-PER(MINI RESCUE TENDER),15.7165267,73.7975289,0,STOP,At Fire Station Pernem,Fire Station Pernem
2026-01-17T00:49:08.441Z,GA 07 G 7272-PNJ(WATER TENDER),15.4880722,73.8173878,0,STOP,"Goa College of Home Science, Dayanand Bandodkar Road, Opposite Parade Ground Campal,, Panaji, Goa (SE)",Fire Station Panaji
2026-01-17T00:49:08.441Z,GA07G2384- Cuncolim,15.1861639,74.0211006,0,STOP,At Fire Station Cuncolim,Fire Station Cuncolim
2026-01-17T00:49:08.441Z,GA07G2507 - PER Mid Size (Water Tender),15.716485,73.7975017,0,STOP,At Fire Station Pernem,Fire Station Pernem
2026-01-17T00:49:08.441Z,GA07G2505 - VAP Mid Size (Water Tender),15.5309717,74.1385667,0,IDLE,At Fire Station Valpoi ,Fire Station Valpoi
2026-01-17T00:49:08.441Z,GA07G2504 - BIC Mid Size (Water Tender),15.589485,73.9466967,0,STOP,At Fire Station Bicholim ,Fire Station Bicholim
2026-01-17T00:49:08.441Z,GA07G2503- MAP Mid Size (Water Tender),15.5899483,73.808635,0,STOP,At Fire Station Mapusa,Fire Station Mapusa
2026-01-17T00:49:08.441Z,GA07G2502 - FFHQ Mid Size (Water Tender),15.4868,73.8171867,0,STOP,"Caculo Mall, 16 Shanta, St Inez Rd, Caculo Enclave, Santa Inez, Panaji, Goa (NW)",Fire Force Headquarters
2026-01-17T00:50:03.850Z,GA 07 G 0680-PIL(QUICK RESPONSE VEHICLE),15.52289,73.8294267,0,STOP,At Porvorim Fire Station,Fire Station Pilerne
2026-01-17T00:50:03.850Z,GA07G2506 - OLG Mid Size (Water Tender),15.500308,73.91407,0,STOP,At Fire Station Old Goa,Fire Station Old Goa
2026-01-17T00:50:03.850Z,GA 07 G 5115-POR(MINI WATER TENDER),15.52334,73.829453,0,STOP,At Porvorim Fire Station,Fire Station Porvorim
2026-01-17T00:50:03.850Z,GA 07 G 0350-MRG(WATER TENDER),15.269438,73.970627,0,STOP,At Fire Station Margoa,Fire Station Margao
2026-01-17T00:50:03.850Z,GA 07 G 2900-MAP(MINI RESCUE TENDER),15.58999,73.808624,0,STOP,At Fire Station Mapusa,Fire Station Mapusa
2026-01-17T00:50:03.850Z,GA 07 G 7600-FFHQ(WATER BOUSER),15.487132,73.817329,0,STOP,"Caculo Mall, 16 Shanta, St Inez Rd, Caculo Enclave, Santa Inez, Panaji, Goa (NW)",Fire Force Headquarters
2026-01-17T00:50:03.850Z,GA 07 G 2002-FFHQ(TURN TABLE LADDER),15.487413,73.817276,0,STOP,"Caculo Mall, 16 Shanta, St Inez Rd, Caculo Enclave, Santa Inez, Panaji, Goa (NW)",Fire Force Headquarters
2026-01-17T00:50:03.850Z,GA 07 G 7101-FFHQ(WATER TENDER),15.48682,73.816971,0,STOP,"Caculo Mall, 16 Shanta, St Inez Rd, Caculo Enclave, Santa Inez, Panaji, Goa (NW)",Fire Force Headquarters
2026-01-17T00:50:03.850Z,GA 07 G 7677-FFHQ(EMERGENCY RESCUE),15.484915,73.82177,33,RUNNING,"shop no. 1, Jammu And Kashmir Bank Panaji, Ritu Enclave, 2 3, St Inez Rd, Santa Inez, Panaji, Goa (NW)",Fire Force Headquarters
2026-01-17T00:50:03.850Z,GA 07 G 1121-PNJ(EMERGENCY RESCUE),15.487333,73.817299,0,STOP,"Caculo Mall, 16 Shanta, St Inez Rd, Caculo Enclave, Santa Inez, Panaji, Goa (NW)",Fire Station Panaji
2026-01-17T00:50:03.850Z,GA 07 G 1571-FFHQ(QUICK RESPONSE),15.486457,73.817513,0,STOP,"Caculo Mall, 16 Shanta, St Inez Rd, Caculo Enclave, Santa Inez, Panaji, Goa (SW)",Fire Force Headquarters
2026-01-17T00:50:03.850Z,GA 07 G 8101-MAP(WATER TENDER),15.589972,73.808624,0,STOP,At Fire Station Mapusa,Fire Station Mapusa
2026-01-17T00:50:03.850Z,GA 07 G 2317-MRG(EMERGENCY RESCUE TENDER),15.2694116,73.9701666,0,STOP,At Fire Station Margoa,Fire Station Margao
2026-01-17T00:50:03.850Z,GA 07 G 1570-VAS(QUICK RESPONSE FIRE TENDER),15.3887733,73.8513266,0,STOP,At Fire Station Vasco,Fire Station Vasco
2026-01-17T00:50:03.850Z,GA 07 G 4101-VAS(MS WATER TENDER),15.3888166,73.851285,0,STOP,At Fire Station Vasco,Fire Station Vasco
2026-01-17T00:50:03.850Z,GA 07 G 0819-VAS(WATER/FOAM TENDER),15.38905,73.8510983,0,IDLE,At Fire Station Vasco,Fire Station Vasco
2026-01-17T00:50:03.850Z,GA 07 G 7100-MRG(WATER BOUSER),15.269415,73.969995,0,STOP,At Fire Station Margoa,Fire Station Margao
2026-01-17T00:50:03.850Z,GA 07 G 1568-MRG(QUICK RESPONSE ),15.2693416,73.9705166,0,STOP,At Fire Station Margoa,Fire Station Margao
2026-01-17T00:50:03.850Z,GA 07 G 6101-MRG(WATER TENDER),15.2694116,73.970255,0,STOP,At Fire Station Margoa,Fire Station Margao
2026-01-17T00:50:03.850Z,GA 07 G 1001-MRG(AERIAL LADDER PLATFORM),15.26938,73.9701583,0,STOP,At Fire Station Margoa,Fire Station Margao
2026-01-17T00:50:03.850Z,GA 07 G 0820-BIC(WATER TEDNER),15.4027967,74.0028217,0,STOP,At Fire Station Ponda ,Fire Station Bicholim
2026-01-17T00:50:03.850Z,GA 07 G 5101-OLG(MS WATER TENDER),15.500265,73.9139483,0,STOP,At Fire Station Old Goa,Fire Station Old Goa
2026-01-17T00:50:03.850Z,GA 07 G 3101-BIC(MS WATER TENDER),15.5895816,73.946615,4,STOP,At Fire Station Bicholim ,Fire Station Bicholim
2026-01-17T00:50:03.850Z,GA 07 G 1941-BIC(QUICK RESPONSE),15.5894533,73.9467116,0,STOP,At Fire Station Bicholim ,Fire Station Bicholim
2026-01-17T00:50:03.850Z,GA 07 G 2319-VAS (EMERGENCY RESCUE TENDER),15.3900983,73.8532383,0,STOP,"Zuari Rd, Holy Cross Colony, Dabolim, Goa (SE)",Fire Station Vasco
2026-01-17T00:50:03.850Z,GA 07 G 3737-VAP(WATER TENDER),15.5310533,74.1388916,0,STOP,At Fire Station Valpoi ,Fire Station Valpoi
2026-01-17T00:50:03.850Z,GA 07 G 2318-PND(EMERGENCY RESCUE TENDER),15.4028033,74.00293,0,STOP,At Fire Station Ponda ,Fire Station Ponda
2026-01-17T00:50:03.850Z,GA 07 G 2004-PND(QUICK RESPONSE),15.4141016,73.9073083,0,INACTIVE,"Guru Hotel, Old Ferry Road, Agaçaim, Goa (SE)",Fire Station Ponda
2026-01-17T00:50:03.850Z,GA 07 G 9101-PND(WATER TENDER),15.4027033,74.0028733,0,STOP,At Fire Station Ponda ,Fire Station Ponda
2026-01-17T00:50:03.850Z,GA 07 G 9797-PND(WATER BOUSER),15.4027999,74.0027016,0,STOP,At Fire Station Ponda ,Fire Station Ponda
2026-01-17T00:50:03.850Z,GA 07 G 6363-CAN(WATER TENDER),15.02361,74.04406,0,INACTIVE,"Canacona, The Lalitrajbaga ,Canacona, Canacona, Goa (NE)",Fire Station Canacona
2026-01-17T00:50:03.850Z,GA 07 G 1567-CAN(QUICK RESPONSE FT),15.0233599,74.0440833,0,INACTIVE,"Canacona, The Lalitrajbaga ,Canacona, Canacona, Goa (NE)",Fire Station Canacona
2026-01-17T00:50:03.850Z,GA 07 G 1569-VRN(QUICK RESPONSE),15.369545,73.9355216,0,STOP,At Fire Station Verna,Fire Station Verna
2026-01-17T00:50:03.850Z,GA 07 G 9909-VRN(ADVANCE MULTI-PURPOSE),15.36974,73.9360833,0,STOP,At Fire Station Verna,Fire Station Verna
2026-01-17T00:50:03.850Z,GA 07 G 1942-VAP(QUICK RESPONSE),15.5310033,74.138745,0,STOP,At Fire Station Valpoi ,Fire Station Valpoi
2026-01-17T00:50:03.850Z,GA 07 G 2003-CUR(QUICK RESPONSE),15.2604016,74.1031166,0,STOP,At Fire Station Curchorem,Fire Station Curchorem
2026-01-17T00:50:03.850Z,GA 07 G 7447-CUR(EMERGENCY RESCUE),15.260415,74.10376,0,STOP,At Fire Station Curchorem,Fire Station Curchorem
2026-01-17T00:50:03.850Z,GA 07 G 7557-CUR(WATER TENDER),15.2604083,74.1034266,0,STOP,At Fire Station Curchorem,Fire Station Curchorem
2026-01-17T00:50:03.850Z,GA 07 G 7667-CUR(WATER BOUSER),15.2602533,74.1037266,0,STOP,At Fire Station Curchorem,Fire Station Curchorem
2026-01-17T00:50:03.850Z,GA 07 G 4989-KUN(WATER TENDER),15.4632383,73.9724617,0,STOP,At Fire Station Kundaim,Fire Station Kundaim
2026-01-17T00:50:03.850Z,GA 07 G 2242-PIL(WATER TENDER),15.5329344,73.7940983,0,STOP,At Fire Station Pilerne,Fire Station Pilerne
2026-01-17T00:50:03.850Z,GA 07 G 0681-MAP(QUICK RESPONSE),15.58978,73.808805,0,STOP,At Fire Station Mapusa,Fire Station Mapusa
2026-01-17T00:50:03.850Z,GA 07 G 0307-PER(QUICK RESPONSE),15.7164939,73.7974239,0,INACTIVE,At Fire Station Pernem,Fire Station Pernem
2026-01-17T00:50:03.850Z,GA 07 G 2101-PER(MS WATER TENDER),15.7164572,73.7975456,0,STOP,At Fire Station Pernem,Fire Station Pernem
2026-01-17T00:50:03.850Z,GA 07 G 4600-PER(MINI RESCUE TENDER),15.7165267,73.7975289,0,STOP,At Fire Station Pernem,Fire Station Pernem
2026-01-17T00:50:03.850Z,GA 07 G 7272-PNJ(WATER TENDER),15.4880722,73.8173878,0,STOP,"Goa College of Home Science, Dayanand Bandodkar Road, Opposite Parade Ground Campal,, Panaji, Goa (SE)",Fire Station Panaji
2026-01-17T00:50:03.850Z,GA07G2384- Cuncolim,15.1861639,74.0211006,0,STOP,At Fire Station Cuncolim,Fire Station Cuncolim
2026-01-17T00:50:03.850Z,GA07G2507 - PER Mid Size (Water Tender),15.716485,73.7975017,0,STOP,At Fire Station Pernem,Fire Station Pernem
2026-01-17T00:50:03.850Z,GA07G2505 - VAP Mid Size (Water Tender),15.5309717,74.1385667,0,IDLE,At Fire Station Valpoi ,Fire Station Valpoi
2026-01-17T00:50:03.850Z,GA07G2504 - BIC Mid Size (Water Tender),15.589485,73.9466967,0,STOP,At Fire Station Bicholim ,Fire Station Bicholim
2026-01-17T00:50:03.850Z,GA07G2503- MAP Mid Size (Water Tender),15.5899483,73.808635,0,STOP,At Fire Station Mapusa,Fire Station Mapusa
2026-01-17T00:50:03.850Z,GA07G2502 - FFHQ Mid Size (Water Tender),15.4868,73.8171867,0,STOP,"Caculo Mall, 16 Shanta, St Inez Rd, Caculo Enclave, Santa Inez, Panaji, Goa (NW)",Fire Force Headquarters
2026-01-17T00:50:43.405Z,GA 07 G 0680-PIL(QUICK RESPONSE VEHICLE),15.52289,73.8294267,0,STOP,At Porvorim Fire Station,Fire Station Pilerne
2026-01-17T00:50:43.405Z,GA07G2506 - OLG Mid Size (Water Tender),15.500308,73.91407,0,STOP,At Fire Station Old Goa,Fire Station Old Goa
2026-01-17T00:50:43.405Z,GA 07 G 5115-POR(MINI WATER TENDER),15.52334,73.829453,0,STOP,At Porvorim Fire Station,Fire Station Porvorim
2026-01-17T00:50:43.405Z,GA 07 G 0350-MRG(WATER TENDER),15.269438,73.970627,0,STOP,At Fire Station Margoa,Fire Station Margao
2026-01-17T00:50:43.405Z,GA 07 G 2900-MAP(MINI RESCUE TENDER),15.58999,73.808624,0,STOP,At Fire Station Mapusa,Fire Station Mapusa
2026-01-17T00:50:43.405Z,GA 07 G 7600-FFHQ(WATER BOUSER),15.487132,73.817329,0,STOP,"Caculo Mall, 16 Shanta, St Inez Rd, Caculo Enclave, Santa Inez, Panaji, Goa (NW)",Fire Force Headquarters
2026-01-17T00:50:43.405Z,GA 07 G 2002-FFHQ(TURN TABLE LADDER),15.487413,73.817276,0,STOP,"Caculo Mall, 16 Shanta, St Inez Rd, Caculo Enclave, Santa Inez, Panaji, Goa (NW)",Fire Force Headquarters
2026-01-17T00:50:43.405Z,GA 07 G 7101-FFHQ(WATER TENDER),15.48682,73.816971,0,STOP,"Caculo Mall, 16 Shanta, St Inez Rd, Caculo Enclave, Santa Inez, Panaji, Goa (NW)",Fire Force Headquarters
2026-01-17T00:50:43.405Z,GA 07 G 7677-FFHQ(EMERGENCY RESCUE),15.481802,73.825516,40,RUNNING,"Pimpleshwar Dutta Mandir Panaji, CHINCHOLEM, NEAR GAMANTAK COLONY, Panaji, Goa (NW)",Fire Force Headquarters
2026-01-17T00:50:43.405Z,GA 07 G 1121-PNJ(EMERGENCY RESCUE),15.487333,73.817299,0,STOP,"Caculo Mall, 16 Shanta, St Inez Rd, Caculo Enclave, Santa Inez, Panaji, Goa (NW)",Fire Station Panaji
2026-01-17T00:50:43.405Z,GA 07 G 1571-FFHQ(QUICK RESPONSE),15.486457,73.817513,0,STOP,"Caculo Mall, 16 Shanta, St Inez Rd, Caculo Enclave, Santa Inez, Panaji, Goa (SW)",Fire Force Headquarters
2026-01-17T00:50:43.405Z,GA 07 G 8101-MAP(WATER TENDER),15.589972,73.808624,0,STOP,At Fire Station Mapusa,Fire Station Mapusa
2026-01-17T00:50:43.405Z,GA 07 G 2317-MRG(EMERGENCY RESCUE TENDER),15.2694116,73.9701666,0,STOP,At Fire Station Margoa,Fire Station Margao
2026-01-17T00:50:43.405Z,GA 07 G 1570-VAS(QUICK RESPONSE FIRE TENDER),15.3887733,73.8513266,0,STOP,At Fire Station Vasco,Fire Station Vasco
2026-01-17T00:50:43.405Z,GA 07 G 4101-VAS(MS WATER TENDER),15.3888166,73.851285,0,STOP,At Fire Station Vasco,Fire Station Vasco
2026-01-17T00:50:43.405Z,GA 07 G 0819-VAS(WATER/FOAM TENDER),15.38905,73.8510983,0,IDLE,At Fire Station Vasco,Fire Station Vasco
2026-01-17T00:50:43.405Z,GA 07 G 7100-MRG(WATER BOUSER),15.269415,73.969995,0,STOP,At Fire Station Margoa,Fire Station Margao
2026-01-17T00:50:43.405Z,GA 07 G 1568-MRG(QUICK RESPONSE ),15.2693416,73.9705166,0,STOP,At Fire Station Margoa,Fire Station Margao
2026-01-17T00:50:43.405Z,GA 07 G 6101-MRG(WATER TENDER),15.2694116,73.970255,0,STOP,At Fire Station Margoa,Fire Station Margao
2026-01-17T00:50:43.405Z,GA 07 G 1001-MRG(AERIAL LADDER PLATFORM),15.26938,73.9701583,0,STOP,At Fire Station Margoa,Fire Station Margao
2026-01-17T00:50:43.405Z,GA 07 G 0820-BIC(WATER TEDNER),15.4027967,74.0028217,0,STOP,At Fire Station Ponda ,Fire Station Bicholim
2026-01-17T00:50:43.405Z,GA 07 G 5101-OLG(MS WATER TENDER),15.500265,73.9139483,0,STOP,At Fire Station Old Goa,Fire Station Old Goa
2026-01-17T00:50:43.405Z,GA 07 G 3101-BIC(MS WATER TENDER),15.58966,73.946785,4,STOP,At Fire Station Bicholim ,Fire Station Bicholim
2026-01-17T00:50:43.405Z,GA 07 G 1941-BIC(QUICK RESPONSE),15.5894533,73.9467116,0,STOP,At Fire Station Bicholim ,Fire Station Bicholim
2026-01-17T00:50:43.405Z,GA 07 G 2319-VAS (EMERGENCY RESCUE TENDER),15.3900983,73.8532383,0,STOP,"Zuari Rd, Holy Cross Colony, Dabolim, Goa (SE)",Fire Station Vasco
2026-01-17T00:50:43.405Z,GA 07 G 3737-VAP(WATER TENDER),15.5310533,74.1388916,0,STOP,At Fire Station Valpoi ,Fire Station Valpoi
2026-01-17T00:50:43.405Z,GA 07 G 2318-PND(EMERGENCY RESCUE TENDER),15.4028033,74.00293,0,STOP,At Fire Station Ponda ,Fire Station Ponda
2026-01-17T00:50:43.405Z,GA 07 G 2004-PND(QUICK RESPONSE),15.4141016,73.9073083,0,INACTIVE,"Guru Hotel, Old Ferry Road, Agaçaim, Goa (SE)",Fire Station Ponda
2026-01-17T00:50:43.405Z,GA 07 G 9101-PND(WATER TENDER),15.4027033,74.0028733,0,STOP,At Fire Station Ponda ,Fire Station Ponda
2026-01-17T00:50:43.405Z,GA 07 G 9797-PND(WATER BOUSER),15.4027999,74.0027016,0,STOP,At Fire Station Ponda ,Fire Station Ponda
2026-01-17T00:50:43.405Z,GA 07 G 6363-CAN(WATER TENDER),15.02361,74.04406,0,INACTIVE,"Canacona, The Lalitrajbaga ,Canacona, Canacona, Goa (NE)",Fire Station Canacona
2026-01-17T00:50:43.405Z,GA 07 G 1567-CAN(QUICK RESPONSE FT),15.0233599,74.0440833,0,INACTIVE,"Canacona, The Lalitrajbaga ,Canacona, Canacona, Goa (NE)",Fire Station Canacona
2026-01-17T00:50:43.405Z,GA 07 G 1569-VRN(QUICK RESPONSE),15.369545,73.9355216,0,STOP,At Fire Station Verna,Fire Station Verna
2026-01-17T00:50:43.405Z,GA 07 G 9909-VRN(ADVANCE MULTI-PURPOSE),15.36974,73.9360833,0,STOP,At Fire Station Verna,Fire Station Verna
2026-01-17T00:50:43.405Z,GA 07 G 1942-VAP(QUICK RESPONSE),15.5310033,74.138745,0,STOP,At Fire Station Valpoi ,Fire Station Valpoi
2026-01-17T00:50:43.405Z,GA 07 G 2003-CUR(QUICK RESPONSE),15.2604016,74.1031166,0,STOP,At Fire Station Curchorem,Fire Station Curchorem
2026-01-17T00:50:43.405Z,GA 07 G 7447-CUR(EMERGENCY RESCUE),15.260415,74.10376,0,STOP,At Fire Station Curchorem,Fire Station Curchorem
2026-01-17T00:50:43.405Z,GA 07 G 7557-CUR(WATER TENDER),15.2604083,74.1034266,0,STOP,At Fire Station Curchorem,Fire Station Curchorem
2026-01-17T00:50:43.405Z,GA 07 G 7667-CUR(WATER BOUSER),15.2602533,74.1037266,0,STOP,At Fire Station Curchorem,Fire Station Curchorem
2026-01-17T00:50:43.405Z,GA 07 G 4989-KUN(WATER TENDER),15.4632383,73.9724617,0,STOP,At Fire Station Kundaim,Fire Station Kundaim
2026-01-17T00:50:43.405Z,GA 07 G 2242-PIL(WATER TENDER),15.5329344,73.7940983,0,STOP,At Fire Station Pilerne,Fire Station Pilerne
2026-01-17T00:50:43.405Z,GA 07 G 0681-MAP(QUICK RESPONSE),15.58978,73.808805,0,STOP,At Fire Station Mapusa,Fire Station Mapusa
2026-01-17T00:50:43.405Z,GA 07 G 0307-PER(QUICK RESPONSE),15.7164939,73.7974239,0,INACTIVE,At Fire Station Pernem,Fire Station Pernem
2026-01-17T00:50:43.405Z,GA 07 G 2101-PER(MS WATER TENDER),15.7164572,73.7975456,0,STOP,At Fire Station Pernem,Fire Station Pernem
2026-01-17T00:50:43.405Z,GA 07 G 4600-PER(MINI RESCUE TENDER),15.7165267,73.7975289,0,STOP,At Fire Station Pernem,Fire Station Pernem
2026-01-17T00:50:43.405Z,GA 07 G 7272-PNJ(WATER TENDER),15.4880722,73.8173878,0,STOP,"Goa College of Home Science, Dayanand Bandodkar Road, Opposite Parade Ground Campal,, Panaji, Goa (SE)",Fire Station Panaji
2026-01-17T00:50:43.405Z,GA07G2384- Cuncolim,15.1861639,74.0211006,0,STOP,At Fire Station Cuncolim,Fire Station Cuncolim
2026-01-17T00:50:43.405Z,GA07G2507 - PER Mid Size (Water Tender),15.716485,73.7975017,0,STOP,At Fire Station Pernem,Fire Station Pernem
2026-01-17T00:50:43.405Z,GA07G2505 - VAP Mid Size (Water Tender),15.5309717,74.1385667,0,IDLE,At Fire Station Valpoi ,Fire Station Valpoi
2026-01-17T00:50:43.405Z,GA07G2504 - BIC Mid Size (Water Tender),15.589485,73.9466967,0,STOP,At Fire Station Bicholim ,Fire Station Bicholim
2026-01-17T00:50:43.405Z,GA07G2503- MAP Mid Size (Water Tender),15.5899483,73.808635,0,STOP,At Fire Station Mapusa,Fire Station Mapusa
2026-01-17T00:50:43.405Z,GA07G2502 - FFHQ Mid Size (Water Tender),15.4868,73.8171867,0,STOP,"Caculo Mall, 16 Shanta, St Inez Rd, Caculo Enclave, Santa Inez, Panaji, Goa (NW)",Fire Force Headquarters
2026-01-17T00:52:08.966Z,GA 07 G 0680-PIL(QUICK RESPONSE VEHICLE),15.52289,73.8294267,0,STOP,At Porvorim Fire Station,Fire Station Pilerne
2026-01-17T00:52:08.966Z,GA07G2506 - OLG Mid Size (Water Tender),15.500308,73.91407,0,STOP,At Fire Station Old Goa,Fire Station Old Goa
2026-01-17T00:52:08.966Z,GA 07 G 5115-POR(MINI WATER TENDER),15.52334,73.829453,0,STOP,At Porvorim Fire Station,Fire Station Porvorim
2026-01-17T00:52:08.966Z,GA 07 G 0350-MRG(WATER TENDER),15.269438,73.970627,0,STOP,At Fire Station Margoa,Fire Station Margao
2026-01-17T00:52:08.966Z,GA 07 G 2900-MAP(MINI RESCUE TENDER),15.58999,73.808624,0,STOP,At Fire Station Mapusa,Fire Station Mapusa
2026-01-17T00:52:08.966Z,GA 07 G 7600-FFHQ(WATER BOUSER),15.487132,73.817329,0,STOP,"Caculo Mall, 16 Shanta, St Inez Rd, Caculo Enclave, Santa Inez, Panaji, Goa (NW)",Fire Force Headquarters
2026-01-17T00:52:08.966Z,GA 07 G 2002-FFHQ(TURN TABLE LADDER),15.487413,73.817276,0,STOP,"Caculo Mall, 16 Shanta, St Inez Rd, Caculo Enclave, Santa Inez, Panaji, Goa (NW)",Fire Force Headquarters
2026-01-17T00:52:08.966Z,GA 07 G 7101-FFHQ(WATER TENDER),15.48682,73.816971,0,STOP,"Caculo Mall, 16 Shanta, St Inez Rd, Caculo Enclave, Santa Inez, Panaji, Goa (NW)",Fire Force Headquarters
2026-01-17T00:52:08.966Z,GA 07 G 7677-FFHQ(EMERGENCY RESCUE),15.483038,73.829994,21,RUNNING,"Sunni Madani Masjid مسجد, near ram mandir, Panaji, Goa (NE)",Fire Force Headquarters
2026-01-17T00:52:08.966Z,GA 07 G 1121-PNJ(EMERGENCY RESCUE),15.487333,73.817299,0,STOP,"Caculo Mall, 16 Shanta, St Inez Rd, Caculo Enclave, Santa Inez, Panaji, Goa (NW)",Fire Station Panaji
2026-01-17T00:52:08.966Z,GA 07 G 1571-FFHQ(QUICK RESPONSE),15.486457,73.817513,0,STOP,"Caculo Mall, 16 Shanta, St Inez Rd, Caculo Enclave, Santa Inez, Panaji, Goa (SW)",Fire Force Headquarters
2026-01-17T00:52:08.966Z,GA 07 G 8101-MAP(WATER TENDER),15.589972,73.808624,0,STOP,At Fire Station Mapusa,Fire Station Mapusa
2026-01-17T00:52:08.966Z,GA 07 G 2317-MRG(EMERGENCY RESCUE TENDER),15.2694116,73.9701666,0,STOP,At Fire Station Margoa,Fire Station Margao
2026-01-17T00:52:08.966Z,GA 07 G 1570-VAS(QUICK RESPONSE FIRE TENDER),15.3887733,73.8513266,0,STOP,At Fire Station Vasco,Fire Station Vasco
2026-01-17T00:52:08.966Z,GA 07 G 4101-VAS(MS WATER TENDER),15.3888166,73.851285,0,STOP,At Fire Station Vasco,Fire Station Vasco
2026-01-17T00:52:08.966Z,GA 07 G 0819-VAS(WATER/FOAM TENDER),15.38905,73.8510983,0,IDLE,At Fire Station Vasco,Fire Station Vasco
2026-01-17T00:52:08.966Z,GA 07 G 7100-MRG(WATER BOUSER),15.269415,73.969995,0,STOP,At Fire Station Margoa,Fire Station Margao
2026-01-17T00:52:08.966Z,GA 07 G 1568-MRG(QUICK RESPONSE ),15.2693416,73.9705166,0,STOP,At Fire Station Margoa,Fire Station Margao
2026-01-17T00:52:08.966Z,GA 07 G 6101-MRG(WATER TENDER),15.2694116,73.970255,0,STOP,At Fire Station Margoa,Fire Station Margao
2026-01-17T00:52:08.966Z,GA 07 G 1001-MRG(AERIAL LADDER PLATFORM),15.26938,73.9701583,0,STOP,At Fire Station Margoa,Fire Station Margao
2026-01-17T00:52:08.966Z,GA 07 G 0820-BIC(WATER TEDNER),15.4027967,74.0028217,0,STOP,At Fire Station Ponda ,Fire Station Bicholim
2026-01-17T00:52:08.966Z,GA 07 G 5101-OLG(MS WATER TENDER),15.500265,73.9139483,0,STOP,At Fire Station Old Goa,Fire Station Old Goa
2026-01-17T00:52:08.966Z,GA 07 G 3101-BIC(MS WATER TENDER),15.5893433,73.9467033,0,STOP,At Fire Station Bicholim ,Fire Station Bicholim
2026-01-17T00:52:08.966Z,GA 07 G 1941-BIC(QUICK RESPONSE),15.5894533,73.9467116,0,STOP,At Fire Station Bicholim ,Fire Station Bicholim
2026-01-17T00:52:08.966Z,GA 07 G 2319-VAS (EMERGENCY RESCUE TENDER),15.3900983,73.8532383,0,STOP,"Zuari Rd, Holy Cross Colony, Dabolim, Goa (SE)",Fire Station Vasco
2026-01-17T00:52:08.966Z,GA 07 G 3737-VAP(WATER TENDER),15.5310533,74.1388916,0,STOP,At Fire Station Valpoi ,Fire Station Valpoi
2026-01-17T00:52:08.966Z,GA 07 G 2318-PND(EMERGENCY RESCUE TENDER),15.4028033,74.00293,0,STOP,At Fire Station Ponda ,Fire Station Ponda
2026-01-17T00:52:08.966Z,GA 07 G 2004-PND(QUICK RESPONSE),15.4141016,73.9073083,0,INACTIVE,"Guru Hotel, Old Ferry Road, Agaçaim, Goa (SE)",Fire Station Ponda
2026-01-17T00:52:08.966Z,GA 07 G 9101-PND(WATER TENDER),15.4027033,74.0028733,0,STOP,At Fire Station Ponda ,Fire Station Ponda
2026-01-17T00:52:08.966Z,GA 07 G 9797-PND(WATER BOUSER),15.4027999,74.0027016,0,STOP,At Fire Station Ponda ,Fire Station Ponda
2026-01-17T00:52:08.966Z,GA 07 G 6363-CAN(WATER TENDER),15.02361,74.04406,0,INACTIVE,"Canacona, The Lalitrajbaga ,Canacona, Canacona, Goa (NE)",Fire Station Canacona
2026-01-17T00:52:08.966Z,GA 07 G 1567-CAN(QUICK RESPONSE FT),15.0233599,74.0440833,0,INACTIVE,"Canacona, The Lalitrajbaga ,Canacona, Canacona, Goa (NE)",Fire Station Canacona
2026-01-17T00:52:08.966Z,GA 07 G 1569-VRN(QUICK RESPONSE),15.369545,73.9355216,0,STOP,At Fire Station Verna,Fire Station Verna
2026-01-17T00:52:08.966Z,GA 07 G 9909-VRN(ADVANCE MULTI-PURPOSE),15.36974,73.9360833,0,STOP,At Fire Station Verna,Fire Station Verna
2026-01-17T00:52:08.966Z,GA 07 G 1942-VAP(QUICK RESPONSE),15.5310033,74.138745,0,STOP,At Fire Station Valpoi ,Fire Station Valpoi
2026-01-17T00:52:08.966Z,GA 07 G 2003-CUR(QUICK RESPONSE),15.2604016,74.1031166,0,STOP,At Fire Station Curchorem,Fire Station Curchorem
2026-01-17T00:52:08.966Z,GA 07 G 7447-CUR(EMERGENCY RESCUE),15.260415,74.10376,0,STOP,At Fire Station Curchorem,Fire Station Curchorem
2026-01-17T00:52:08.966Z,GA 07 G 7557-CUR(WATER TENDER),15.2604083,74.1034266,0,STOP,At Fire Station Curchorem,Fire Station Curchorem
2026-01-17T00:52:08.966Z,GA 07 G 7667-CUR(WATER BOUSER),15.2602533,74.1037266,0,STOP,At Fire Station Curchorem,Fire Station Curchorem
2026-01-17T00:52:08.966Z,GA 07 G 4989-KUN(WATER TENDER),15.4632383,73.9724617,0,STOP,At Fire Station Kundaim,Fire Station Kundaim
2026-01-17T00:52:08.966Z,GA 07 G 2242-PIL(WATER TENDER),15.5329344,73.7940983,0,STOP,At Fire Station Pilerne,Fire Station Pilerne
2026-01-17T00:52:08.966Z,GA 07 G 0681-MAP(QUICK RESPONSE),15.58978,73.808805,0,STOP,At Fire Station Mapusa,Fire Station Mapusa
2026-01-17T00:52:08.966Z,GA 07 G 0307-PER(QUICK RESPONSE),15.7164939,73.7974239,0,INACTIVE,At Fire Station Pernem,Fire Station Pernem
2026-01-17T00:52:08.966Z,GA 07 G 2101-PER(MS WATER TENDER),15.7164572,73.7975456,0,STOP,At Fire Station Pernem,Fire Station Pernem
2026-01-17T00:52:08.966Z,GA 07 G 4600-PER(MINI RESCUE TENDER),15.7165267,73.7975289,0,STOP,At Fire Station Pernem,Fire Station Pernem
2026-01-17T00:52:08.966Z,GA 07 G 7272-PNJ(WATER TENDER),15.4880722,73.8173878,0,STOP,"Goa College of Home Science, Dayanand Bandodkar Road, Opposite Parade Ground Campal,, Panaji, Goa (SE)",Fire Station Panaji
2026-01-17T00:52:08.966Z,GA07G2384- Cuncolim,15.1861639,74.0211006,0,STOP,At Fire Station Cuncolim,Fire Station Cuncolim
2026-01-17T00:52:08.966Z,GA07G2507 - PER Mid Size (Water Tender),15.716485,73.7975017,0,STOP,At Fire Station Pernem,Fire Station Pernem
2026-01-17T00:52:08.966Z,GA07G2505 - VAP Mid Size (Water Tender),15.5309717,74.1385667,0,IDLE,At Fire Station Valpoi ,Fire Station Valpoi
2026-01-17T00:52:08.966Z,GA07G2504 - BIC Mid Size (Water Tender),15.589485,73.9466967,0,STOP,At Fire Station Bicholim ,Fire Station Bicholim
2026-01-17T00:52:08.966Z,GA07G2503- MAP Mid Size (Water Tender),15.5899483,73.808635,0,STOP,At Fire Station Mapusa,Fire Station Mapusa
2026-01-17T00:52:08.966Z,GA07G2502 - FFHQ Mid Size (Water Tender),15.4868,73.8171867,0,STOP,"Caculo Mall, 16 Shanta, St Inez Rd, Caculo Enclave, Santa Inez, Panaji, Goa (NW)",Fire Force Headquarters
2026-01-17T00:52:49.277Z,GA 07 G 0680-PIL(QUICK RESPONSE VEHICLE),15.52289,73.8294267,0,STOP,At Porvorim Fire Station,Fire Station Pilerne
2026-01-17T00:52:49.277Z,GA07G2506 - OLG Mid Size (Water Tender),15.500308,73.91407,0,STOP,At Fire Station Old Goa,Fire Station Old Goa
2026-01-17T00:52:49.277Z,GA 07 G 5115-POR(MINI WATER TENDER),15.52334,73.829453,0,STOP,At Porvorim Fire Station,Fire Station Porvorim
2026-01-17T00:52:49.277Z,GA 07 G 0350-MRG(WATER TENDER),15.269438,73.970627,0,STOP,At Fire Station Margoa,Fire Station Margao
2026-01-17T00:52:49.277Z,GA 07 G 2900-MAP(MINI RESCUE TENDER),15.58999,73.808624,0,STOP,At Fire Station Mapusa,Fire Station Mapusa
2026-01-17T00:52:49.277Z,GA 07 G 7600-FFHQ(WATER BOUSER),15.487132,73.817329,0,STOP,"Caculo Mall, 16 Shanta, St Inez Rd, Caculo Enclave, Santa Inez, Panaji, Goa (NW)",Fire Force Headquarters
2026-01-17T00:52:49.277Z,GA 07 G 2002-FFHQ(TURN TABLE LADDER),15.487413,73.817276,0,STOP,"Caculo Mall, 16 Shanta, St Inez Rd, Caculo Enclave, Santa Inez, Panaji, Goa (NW)",Fire Force Headquarters
2026-01-17T00:52:49.277Z,GA 07 G 7101-FFHQ(WATER TENDER),15.48682,73.816971,0,STOP,"Caculo Mall, 16 Shanta, St Inez Rd, Caculo Enclave, Santa Inez, Panaji, Goa (NW)",Fire Force Headquarters
2026-01-17T00:52:49.277Z,GA 07 G 7677-FFHQ(EMERGENCY RESCUE),15.48532,73.830887,17,RUNNING,"St. Francis Xavier’s Chapel, Portais, Four Pillars, Electricity Colony, Altinho, Panaji, Goa (SW)",Fire Force Headquarters
2026-01-17T00:52:49.277Z,GA 07 G 1121-PNJ(EMERGENCY RESCUE),15.487333,73.817299,0,STOP,"Caculo Mall, 16 Shanta, St Inez Rd, Caculo Enclave, Santa Inez, Panaji, Goa (NW)",Fire Station Panaji
2026-01-17T00:52:49.277Z,GA 07 G 1571-FFHQ(QUICK RESPONSE),15.486457,73.817513,0,STOP,"Caculo Mall, 16 Shanta, St Inez Rd, Caculo Enclave, Santa Inez, Panaji, Goa (SW)",Fire Force Headquarters
2026-01-17T00:52:49.277Z,GA 07 G 8101-MAP(WATER TENDER),15.589972,73.808624,0,STOP,At Fire Station Mapusa,Fire Station Mapusa
2026-01-17T00:52:49.277Z,GA 07 G 2317-MRG(EMERGENCY RESCUE TENDER),15.2694116,73.9701666,0,STOP,At Fire Station Margoa,Fire Station Margao
2026-01-17T00:52:49.277Z,GA 07 G 1570-VAS(QUICK RESPONSE FIRE TENDER),15.3887733,73.8513266,0,STOP,At Fire Station Vasco,Fire Station Vasco
2026-01-17T00:52:49.277Z,GA 07 G 4101-VAS(MS WATER TENDER),15.3888166,73.851285,0,STOP,At Fire Station Vasco,Fire Station Vasco
2026-01-17T00:52:49.277Z,GA 07 G 0819-VAS(WATER/FOAM TENDER),15.38905,73.8510983,0,IDLE,At Fire Station Vasco,Fire Station Vasco
2026-01-17T00:52:49.277Z,GA 07 G 7100-MRG(WATER BOUSER),15.269415,73.969995,0,STOP,At Fire Station Margoa,Fire Station Margao
2026-01-17T00:52:49.277Z,GA 07 G 1568-MRG(QUICK RESPONSE ),15.2693416,73.9705166,0,STOP,At Fire Station Margoa,Fire Station Margao
2026-01-17T00:52:49.277Z,GA 07 G 6101-MRG(WATER TENDER),15.2694116,73.970255,0,STOP,At Fire Station Margoa,Fire Station Margao
2026-01-17T00:52:49.277Z,GA 07 G 1001-MRG(AERIAL LADDER PLATFORM),15.26938,73.9701583,0,STOP,At Fire Station Margoa,Fire Station Margao
2026-01-17T00:52:49.277Z,GA 07 G 0820-BIC(WATER TEDNER),15.4027967,74.0028217,0,STOP,At Fire Station Ponda ,Fire Station Bicholim
2026-01-17T00:52:49.277Z,GA 07 G 5101-OLG(MS WATER TENDER),15.500265,73.9139483,0,STOP,At Fire Station Old Goa,Fire Station Old Goa
2026-01-17T00:52:49.277Z,GA 07 G 3101-BIC(MS WATER TENDER),15.5893433,73.9467033,0,STOP,At Fire Station Bicholim ,Fire Station Bicholim
2026-01-17T00:52:49.277Z,GA 07 G 1941-BIC(QUICK RESPONSE),15.5894533,73.9467116,0,STOP,At Fire Station Bicholim ,Fire Station Bicholim
2026-01-17T00:52:49.277Z,GA 07 G 2319-VAS (EMERGENCY RESCUE TENDER),15.3900983,73.8532383,0,STOP,"Zuari Rd, Holy Cross Colony, Dabolim, Goa (SE)",Fire Station Vasco
2026-01-17T00:52:49.277Z,GA 07 G 3737-VAP(WATER TENDER),15.5310533,74.1388916,0,STOP,At Fire Station Valpoi ,Fire Station Valpoi
2026-01-17T00:52:49.277Z,GA 07 G 2318-PND(EMERGENCY RESCUE TENDER),15.4028033,74.00293,0,STOP,At Fire Station Ponda ,Fire Station Ponda
2026-01-17T00:52:49.277Z,GA 07 G 2004-PND(QUICK RESPONSE),15.4141016,73.9073083,0,INACTIVE,"Guru Hotel, Old Ferry Road, Agaçaim, Goa (SE)",Fire Station Ponda
2026-01-17T00:52:49.277Z,GA 07 G 9101-PND(WATER TENDER),15.4027033,74.0028733,0,STOP,At Fire Station Ponda ,Fire Station Ponda
2026-01-17T00:52:49.277Z,GA 07 G 9797-PND(WATER BOUSER),15.4027999,74.0027016,0,STOP,At Fire Station Ponda ,Fire Station Ponda
2026-01-17T00:52:49.277Z,GA 07 G 6363-CAN(WATER TENDER),15.02361,74.04406,0,INACTIVE,"Canacona, The Lalitrajbaga ,Canacona, Canacona, Goa (NE)",Fire Station Canacona
2026-01-17T00:52:49.277Z,GA 07 G 1567-CAN(QUICK RESPONSE FT),15.0233599,74.0440833,0,INACTIVE,"Canacona, The Lalitrajbaga ,Canacona, Canacona, Goa (NE)",Fire Station Canacona
2026-01-17T00:52:49.277Z,GA 07 G 1569-VRN(QUICK RESPONSE),15.369545,73.9355216,0,STOP,At Fire Station Verna,Fire Station Verna
2026-01-17T00:52:49.277Z,GA 07 G 9909-VRN(ADVANCE MULTI-PURPOSE),15.36974,73.9360833,0,STOP,At Fire Station Verna,Fire Station Verna
2026-01-17T00:52:49.277Z,GA 07 G 1942-VAP(QUICK RESPONSE),15.5310033,74.138745,0,STOP,At Fire Station Valpoi ,Fire Station Valpoi
2026-01-17T00:52:49.277Z,GA 07 G 2003-CUR(QUICK RESPONSE),15.2604016,74.1031166,0,STOP,At Fire Station Curchorem,Fire Station Curchorem
2026-01-17T00:52:49.277Z,GA 07 G 7447-CUR(EMERGENCY RESCUE),15.260415,74.10376,0,STOP,At Fire Station Curchorem,Fire Station Curchorem
2026-01-17T00:52:49.277Z,GA 07 G 7557-CUR(WATER TENDER),15.2604083,74.1034266,0,STOP,At Fire Station Curchorem,Fire Station Curchorem
2026-01-17T00:52:49.277Z,GA 07 G 7667-CUR(WATER BOUSER),15.2602533,74.1037266,0,STOP,At Fire Station Curchorem,Fire Station Curchorem
2026-01-17T00:52:49.277Z,GA 07 G 4989-KUN(WATER TENDER),15.4632383,73.9724617,0,STOP,At Fire Station Kundaim,Fire Station Kundaim
2026-01-17T00:52:49.277Z,GA 07 G 2242-PIL(WATER TENDER),15.5329344,73.7940983,0,STOP,At Fire Station Pilerne,Fire Station Pilerne
2026-01-17T00:52:49.277Z,GA 07 G 0681-MAP(QUICK RESPONSE),15.58978,73.808805,0,STOP,At Fire Station Mapusa,Fire Station Mapusa
2026-01-17T00:52:49.277Z,GA 07 G 0307-PER(QUICK RESPONSE),15.7164939,73.7974239,0,INACTIVE,At Fire Station Pernem,Fire Station Pernem
2026-01-17T00:52:49.277Z,GA 07 G 2101-PER(MS WATER TENDER),15.7164572,73.7975456,0,STOP,At Fire Station Pernem,Fire Station Pernem
2026-01-17T00:52:49.277Z,GA 07 G 4600-PER(MINI RESCUE TENDER),15.7165267,73.7975289,0,STOP,At Fire Station Pernem,Fire Station Pernem
2026-01-17T00:52:49.277Z,GA 07 G 7272-PNJ(WATER TENDER),15.4880722,73.8173878,0,STOP,"Goa College of Home Science, Dayanand Bandodkar Road, Opposite Parade Ground Campal,, Panaji, Goa (SE)",Fire Station Panaji
2026-01-17T00:52:49.277Z,GA07G2384- Cuncolim,15.1861639,74.0211006,0,STOP,At Fire Station Cuncolim,Fire Station Cuncolim
2026-01-17T00:52:49.277Z,GA07G2507 - PER Mid Size (Water Tender),15.716485,73.7975017,0,STOP,At Fire Station Pernem,Fire Station Pernem
2026-01-17T00:52:49.277Z,GA07G2505 - VAP Mid Size (Water Tender),15.5309717,74.1385667,0,IDLE,At Fire Station Valpoi ,Fire Station Valpoi
2026-01-17T00:52:49.277Z,GA07G2504 - BIC Mid Size (Water Tender),15.589485,73.9466967,0,STOP,At Fire Station Bicholim ,Fire Station Bicholim
2026-01-17T00:52:49.277Z,GA07G2503- MAP Mid Size (Water Tender),15.5899483,73.808635,0,STOP,At Fire Station Mapusa,Fire Station Mapusa
2026-01-17T00:52:49.277Z,GA07G2502 - FFHQ Mid Size (Water Tender),15.4868,73.8171867,0,STOP,"Caculo Mall, 16 Shanta, St Inez Rd, Caculo Enclave, Santa Inez, Panaji, Goa (NW)",Fire Force Headquarters
2026-01-17T00:54:02.786Z,GA 07 G 0680-PIL(QUICK RESPONSE VEHICLE),15.52289,73.8294267,0,STOP,At Porvorim Fire Station,Fire Station Pilerne
2026-01-17T00:54:02.786Z,GA07G2506 - OLG Mid Size (Water Tender),15.500308,73.91407,0,STOP,At Fire Station Old Goa,Fire Station Old Goa
2026-01-17T00:54:02.786Z,GA 07 G 5115-POR(MINI WATER TENDER),15.52334,73.829453,0,STOP,At Porvorim Fire Station,Fire Station Porvorim
2026-01-17T00:54:02.786Z,GA 07 G 0350-MRG(WATER TENDER),15.269438,73.970627,0,STOP,At Fire Station Margoa,Fire Station Margao
2026-01-17T00:54:02.786Z,GA 07 G 2900-MAP(MINI RESCUE TENDER),15.58999,73.808624,0,STOP,At Fire Station Mapusa,Fire Station Mapusa
2026-01-17T00:54:02.786Z,GA 07 G 7600-FFHQ(WATER BOUSER),15.487132,73.817329,0,STOP,"Caculo Mall, 16 Shanta, St Inez Rd, Caculo Enclave, Santa Inez, Panaji, Goa (NW)",Fire Force Headquarters
2026-01-17T00:54:02.786Z,GA 07 G 2002-FFHQ(TURN TABLE LADDER),15.487413,73.817276,0,STOP,"Caculo Mall, 16 Shanta, St Inez Rd, Caculo Enclave, Santa Inez, Panaji, Goa (NW)",Fire Force Headquarters
2026-01-17T00:54:02.786Z,GA 07 G 7101-FFHQ(WATER TENDER),15.48682,73.816971,0,STOP,"Caculo Mall, 16 Shanta, St Inez Rd, Caculo Enclave, Santa Inez, Panaji, Goa (NW)",Fire Force Headquarters
2026-01-17T00:54:02.786Z,GA 07 G 7677-FFHQ(EMERGENCY RESCUE),15.488737,73.831253,13,RUNNING,"HP PETROL PUMP - UMESH S.CENTRE, Mala, Panaji, Goa (SW)",Fire Force Headquarters
2026-01-17T00:54:02.786Z,GA 07 G 1121-PNJ(EMERGENCY RESCUE),15.487333,73.817299,0,STOP,"Caculo Mall, 16 Shanta, St Inez Rd, Caculo Enclave, Santa Inez, Panaji, Goa (NW)",Fire Station Panaji
2026-01-17T00:54:02.786Z,GA 07 G 1571-FFHQ(QUICK RESPONSE),15.486457,73.817513,0,STOP,"Caculo Mall, 16 Shanta, St Inez Rd, Caculo Enclave, Santa Inez, Panaji, Goa (SW)",Fire Force Headquarters
2026-01-17T00:54:02.786Z,GA 07 G 8101-MAP(WATER TENDER),15.589972,73.808624,0,STOP,At Fire Station Mapusa,Fire Station Mapusa
2026-01-17T00:54:02.786Z,GA 07 G 2317-MRG(EMERGENCY RESCUE TENDER),15.2694116,73.9701666,0,STOP,At Fire Station Margoa,Fire Station Margao
2026-01-17T00:54:02.786Z,GA 07 G 1570-VAS(QUICK RESPONSE FIRE TENDER),15.3887733,73.8513266,0,STOP,At Fire Station Vasco,Fire Station Vasco
2026-01-17T00:54:02.786Z,GA 07 G 4101-VAS(MS WATER TENDER),15.3888166,73.851285,0,STOP,At Fire Station Vasco,Fire Station Vasco
2026-01-17T00:54:02.786Z,GA 07 G 0819-VAS(WATER/FOAM TENDER),15.38905,73.8510983,0,IDLE,At Fire Station Vasco,Fire Station Vasco
2026-01-17T00:54:02.786Z,GA 07 G 7100-MRG(WATER BOUSER),15.269415,73.969995,0,STOP,At Fire Station Margoa,Fire Station Margao
2026-01-17T00:54:02.786Z,GA 07 G 1568-MRG(QUICK RESPONSE ),15.2693416,73.9705166,0,STOP,At Fire Station Margoa,Fire Station Margao
2026-01-17T00:54:02.786Z,GA 07 G 6101-MRG(WATER TENDER),15.2694116,73.970255,0,STOP,At Fire Station Margoa,Fire Station Margao
2026-01-17T00:54:02.786Z,GA 07 G 1001-MRG(AERIAL LADDER PLATFORM),15.26938,73.9701583,0,STOP,At Fire Station Margoa,Fire Station Margao
2026-01-17T00:54:02.786Z,GA 07 G 0820-BIC(WATER TEDNER),15.4027967,74.0028217,0,STOP,At Fire Station Ponda ,Fire Station Bicholim
2026-01-17T00:54:02.786Z,GA 07 G 5101-OLG(MS WATER TENDER),15.500265,73.9139483,0,STOP,At Fire Station Old Goa,Fire Station Old Goa
2026-01-17T00:54:02.786Z,GA 07 G 3101-BIC(MS WATER TENDER),15.5893433,73.9467033,4,STOP,At Fire Station Bicholim ,Fire Station Bicholim
2026-01-17T00:54:02.786Z,GA 07 G 1941-BIC(QUICK RESPONSE),15.5894533,73.9467116,0,STOP,At Fire Station Bicholim ,Fire Station Bicholim
2026-01-17T00:54:02.786Z,GA 07 G 2319-VAS (EMERGENCY RESCUE TENDER),15.3900983,73.8532383,0,STOP,"Zuari Rd, Holy Cross Colony, Dabolim, Goa (SE)",Fire Station Vasco
2026-01-17T00:54:02.786Z,GA 07 G 3737-VAP(WATER TENDER),15.5310533,74.1388916,0,STOP,At Fire Station Valpoi ,Fire Station Valpoi
2026-01-17T00:54:02.786Z,GA 07 G 2318-PND(EMERGENCY RESCUE TENDER),15.4028033,74.00293,0,STOP,At Fire Station Ponda ,Fire Station Ponda
2026-01-17T00:54:02.786Z,GA 07 G 2004-PND(QUICK RESPONSE),15.4141016,73.9073083,0,INACTIVE,"Guru Hotel, Old Ferry Road, Agaçaim, Goa (SE)",Fire Station Ponda
2026-01-17T00:54:02.786Z,GA 07 G 9101-PND(WATER TENDER),15.4027033,74.0028733,0,STOP,At Fire Station Ponda ,Fire Station Ponda
2026-01-17T00:54:02.786Z,GA 07 G 9797-PND(WATER BOUSER),15.4027999,74.0027016,0,STOP,At Fire Station Ponda ,Fire Station Ponda
2026-01-17T00:54:02.786Z,GA 07 G 6363-CAN(WATER TENDER),15.02361,74.04406,0,INACTIVE,"Canacona, The Lalitrajbaga ,Canacona, Canacona, Goa (NE)",Fire Station Canacona
2026-01-17T00:54:02.786Z,GA 07 G 1567-CAN(QUICK RESPONSE FT),15.0233599,74.0440833,0,INACTIVE,"Canacona, The Lalitrajbaga ,Canacona, Canacona, Goa (NE)",Fire Station Canacona
2026-01-17T00:54:02.786Z,GA 07 G 1569-VRN(QUICK RESPONSE),15.369545,73.9355216,0,STOP,At Fire Station Verna,Fire Station Verna
2026-01-17T00:54:02.786Z,GA 07 G 9909-VRN(ADVANCE MULTI-PURPOSE),15.36974,73.9360833,0,STOP,At Fire Station Verna,Fire Station Verna
2026-01-17T00:54:02.786Z,GA 07 G 1942-VAP(QUICK RESPONSE),15.5310033,74.138745,0,STOP,At Fire Station Valpoi ,Fire Station Valpoi
2026-01-17T00:54:02.786Z,GA 07 G 2003-CUR(QUICK RESPONSE),15.2604016,74.1031166,0,STOP,At Fire Station Curchorem,Fire Station Curchorem
2026-01-17T00:54:02.786Z,GA 07 G 7447-CUR(EMERGENCY RESCUE),15.260415,74.10376,0,STOP,At Fire Station Curchorem,Fire Station Curchorem
2026-01-17T00:54:02.786Z,GA 07 G 7557-CUR(WATER TENDER),15.2604083,74.1034266,0,STOP,At Fire Station Curchorem,Fire Station Curchorem
2026-01-17T00:54:02.786Z,GA 07 G 7667-CUR(WATER BOUSER),15.2602533,74.1037266,0,STOP,At Fire Station Curchorem,Fire Station Curchorem
2026-01-17T00:54:02.786Z,GA 07 G 4989-KUN(WATER TENDER),15.4632383,73.9724617,0,STOP,At Fire Station Kundaim,Fire Station Kundaim
2026-01-17T00:54:02.786Z,GA 07 G 2242-PIL(WATER TENDER),15.5329344,73.7940983,0,STOP,At Fire Station Pilerne,Fire Station Pilerne
2026-01-17T00:54:02.786Z,GA 07 G 0681-MAP(QUICK RESPONSE),15.58978,73.808805,0,STOP,At Fire Station Mapusa,Fire Station Mapusa
2026-01-17T00:54:02.786Z,GA 07 G 0307-PER(QUICK RESPONSE),15.7164939,73.7974239,0,INACTIVE,At Fire Station Pernem,Fire Station Pernem
2026-01-17T00:54:02.786Z,GA 07 G 2101-PER(MS WATER TENDER),15.7164572,73.7975456,0,STOP,At Fire Station Pernem,Fire Station Pernem
2026-01-17T00:54:02.786Z,GA 07 G 4600-PER(MINI RESCUE TENDER),15.7165267,73.7975289,0,STOP,At Fire Station Pernem,Fire Station Pernem
2026-01-17T00:54:02.786Z,GA 07 G 7272-PNJ(WATER TENDER),15.4880722,73.8173878,0,STOP,"Goa College of Home Science, Dayanand Bandodkar Road, Opposite Parade Ground Campal,, Panaji, Goa (SE)",Fire Station Panaji
2026-01-17T00:54:02.786Z,GA07G2384- Cuncolim,15.1861639,74.0211006,0,STOP,At Fire Station Cuncolim,Fire Station Cuncolim
2026-01-17T00:54:02.786Z,GA07G2507 - PER Mid Size (Water Tender),15.716485,73.7975017,0,STOP,At Fire Station Pernem,Fire Station Pernem
2026-01-17T00:54:02.786Z,GA07G2505 - VAP Mid Size (Water Tender),15.532,74.1391517,15,RUNNING,At Fire Station Valpoi ,Fire Station Valpoi
2026-01-17T00:54:02.786Z,GA07G2504 - BIC Mid Size (Water Tender),15.589485,73.9466967,0,STOP,At Fire Station Bicholim ,Fire Station Bicholim
2026-01-17T00:54:02.786Z,GA07G2503- MAP Mid Size (Water Tender),15.5899483,73.808635,0,STOP,At Fire Station Mapusa,Fire Station Mapusa
2026-01-17T00:54:02.786Z,GA07G2502 - FFHQ Mid Size (Water Tender),15.4868,73.8171867,0,STOP,"Caculo Mall, 16 Shanta, St Inez Rd, Caculo Enclave, Santa Inez, Panaji, Goa (NW)",Fire Force Headquarters
2026-01-17T00:54:38.090Z,GA 07 G 0680-PIL(QUICK RESPONSE VEHICLE),15.52289,73.8294267,0,STOP,At Porvorim Fire Station,Fire Station Pilerne
2026-01-17T00:54:38.090Z,GA07G2506 - OLG Mid Size (Water Tender),15.500308,73.91407,0,STOP,At Fire Station Old Goa,Fire Station Old Goa
2026-01-17T00:54:38.090Z,GA 07 G 5115-POR(MINI WATER TENDER),15.52334,73.829453,0,STOP,At Porvorim Fire Station,Fire Station Porvorim
2026-01-17T00:54:38.090Z,GA 07 G 0350-MRG(WATER TENDER),15.269438,73.970627,0,STOP,At Fire Station Margoa,Fire Station Margao
2026-01-17T00:54:38.090Z,GA 07 G 2900-MAP(MINI RESCUE TENDER),15.58999,73.808624,0,STOP,At Fire Station Mapusa,Fire Station Mapusa
2026-01-17T00:54:38.090Z,GA 07 G 7600-FFHQ(WATER BOUSER),15.487132,73.817329,0,STOP,"Caculo Mall, 16 Shanta, St Inez Rd, Caculo Enclave, Santa Inez, Panaji, Goa (NW)",Fire Force Headquarters
2026-01-17T00:54:38.090Z,GA 07 G 2002-FFHQ(TURN TABLE LADDER),15.487413,73.817276,0,STOP,"Caculo Mall, 16 Shanta, St Inez Rd, Caculo Enclave, Santa Inez, Panaji, Goa (NW)",Fire Force Headquarters
2026-01-17T00:54:38.090Z,GA 07 G 7101-FFHQ(WATER TENDER),15.48682,73.816971,0,STOP,"Caculo Mall, 16 Shanta, St Inez Rd, Caculo Enclave, Santa Inez, Panaji, Goa (NW)",Fire Force Headquarters
2026-01-17T00:54:38.090Z,GA 07 G 7677-FFHQ(EMERGENCY RESCUE),15.489795,73.830399,17,RUNNING,"HP PETROL PUMP - UMESH S.CENTRE, Mala, Panaji, Goa (NW)",Fire Force Headquarters
2026-01-17T00:54:38.090Z,GA 07 G 1121-PNJ(EMERGENCY RESCUE),15.487333,73.817299,0,STOP,"Caculo Mall, 16 Shanta, St Inez Rd, Caculo Enclave, Santa Inez, Panaji, Goa (NW)",Fire Station Panaji
2026-01-17T00:54:38.090Z,GA 07 G 1571-FFHQ(QUICK RESPONSE),15.486457,73.817513,0,STOP,"Caculo Mall, 16 Shanta, St Inez Rd, Caculo Enclave, Santa Inez, Panaji, Goa (SW)",Fire Force Headquarters
2026-01-17T00:54:38.090Z,GA 07 G 8101-MAP(WATER TENDER),15.589972,73.808624,0,STOP,At Fire Station Mapusa,Fire Station Mapusa
2026-01-17T00:54:38.090Z,GA 07 G 2317-MRG(EMERGENCY RESCUE TENDER),15.2694116,73.9701666,0,STOP,At Fire Station Margoa,Fire Station Margao
2026-01-17T00:54:38.090Z,GA 07 G 1570-VAS(QUICK RESPONSE FIRE TENDER),15.3887733,73.8513266,0,STOP,At Fire Station Vasco,Fire Station Vasco
2026-01-17T00:54:38.090Z,GA 07 G 4101-VAS(MS WATER TENDER),15.3888166,73.851285,0,STOP,At Fire Station Vasco,Fire Station Vasco
2026-01-17T00:54:38.090Z,GA 07 G 0819-VAS(WATER/FOAM TENDER),15.38905,73.8510983,0,IDLE,At Fire Station Vasco,Fire Station Vasco
2026-01-17T00:54:38.090Z,GA 07 G 7100-MRG(WATER BOUSER),15.269415,73.969995,0,STOP,At Fire Station Margoa,Fire Station Margao
2026-01-17T00:54:38.090Z,GA 07 G 1568-MRG(QUICK RESPONSE ),15.2693416,73.9705166,0,STOP,At Fire Station Margoa,Fire Station Margao
2026-01-17T00:54:38.090Z,GA 07 G 6101-MRG(WATER TENDER),15.2694116,73.970255,0,STOP,At Fire Station Margoa,Fire Station Margao
2026-01-17T00:54:38.090Z,GA 07 G 1001-MRG(AERIAL LADDER PLATFORM),15.26938,73.9701583,0,STOP,At Fire Station Margoa,Fire Station Margao
2026-01-17T00:54:38.090Z,GA 07 G 0820-BIC(WATER TEDNER),15.4027967,74.0028217,0,STOP,At Fire Station Ponda ,Fire Station Bicholim
2026-01-17T00:54:38.090Z,GA 07 G 5101-OLG(MS WATER TENDER),15.500265,73.9139483,0,STOP,At Fire Station Old Goa,Fire Station Old Goa
2026-01-17T00:54:38.090Z,GA 07 G 3101-BIC(MS WATER TENDER),15.5894616,73.9467533,7,STOP,At Fire Station Bicholim ,Fire Station Bicholim
2026-01-17T00:54:38.090Z,GA 07 G 1941-BIC(QUICK RESPONSE),15.5894533,73.9467116,0,STOP,At Fire Station Bicholim ,Fire Station Bicholim
2026-01-17T00:54:38.090Z,GA 07 G 2319-VAS (EMERGENCY RESCUE TENDER),15.3900983,73.8532383,0,STOP,"Zuari Rd, Holy Cross Colony, Dabolim, Goa (SE)",Fire Station Vasco
2026-01-17T00:54:38.090Z,GA 07 G 3737-VAP(WATER TENDER),15.5310533,74.1388916,0,STOP,At Fire Station Valpoi ,Fire Station Valpoi
2026-01-17T00:54:38.090Z,GA 07 G 2318-PND(EMERGENCY RESCUE TENDER),15.4028033,74.00293,0,STOP,At Fire Station Ponda ,Fire Station Ponda
2026-01-17T00:54:38.090Z,GA 07 G 2004-PND(QUICK RESPONSE),15.4141016,73.9073083,0,INACTIVE,"Guru Hotel, Old Ferry Road, Agaçaim, Goa (SE)",Fire Station Ponda
2026-01-17T00:54:38.090Z,GA 07 G 9101-PND(WATER TENDER),15.4027033,74.0028733,0,STOP,At Fire Station Ponda ,Fire Station Ponda
2026-01-17T00:54:38.090Z,GA 07 G 9797-PND(WATER BOUSER),15.4027999,74.0027016,0,STOP,At Fire Station Ponda ,Fire Station Ponda
2026-01-17T00:54:38.090Z,GA 07 G 6363-CAN(WATER TENDER),15.02361,74.04406,0,INACTIVE,"Canacona, The Lalitrajbaga ,Canacona, Canacona, Goa (NE)",Fire Station Canacona
2026-01-17T00:54:38.090Z,GA 07 G 1567-CAN(QUICK RESPONSE FT),15.0233599,74.0440833,0,INACTIVE,"Canacona, The Lalitrajbaga ,Canacona, Canacona, Goa (NE)",Fire Station Canacona
2026-01-17T00:54:38.090Z,GA 07 G 1569-VRN(QUICK RESPONSE),15.369545,73.9355216,0,STOP,At Fire Station Verna,Fire Station Verna
2026-01-17T00:54:38.090Z,GA 07 G 9909-VRN(ADVANCE MULTI-PURPOSE),15.36974,73.9360833,0,STOP,At Fire Station Verna,Fire Station Verna
2026-01-17T00:54:38.090Z,GA 07 G 1942-VAP(QUICK RESPONSE),15.5310033,74.138745,0,STOP,At Fire Station Valpoi ,Fire Station Valpoi
2026-01-17T00:54:38.090Z,GA 07 G 2003-CUR(QUICK RESPONSE),15.2604016,74.1031166,0,STOP,At Fire Station Curchorem,Fire Station Curchorem
2026-01-17T00:54:38.090Z,GA 07 G 7447-CUR(EMERGENCY RESCUE),15.260415,74.10376,0,STOP,At Fire Station Curchorem,Fire Station Curchorem
2026-01-17T00:54:38.090Z,GA 07 G 7557-CUR(WATER TENDER),15.2604083,74.1034266,0,STOP,At Fire Station Curchorem,Fire Station Curchorem
2026-01-17T00:54:38.090Z,GA 07 G 7667-CUR(WATER BOUSER),15.2602533,74.1037266,0,STOP,At Fire Station Curchorem,Fire Station Curchorem
2026-01-17T00:54:38.090Z,GA 07 G 4989-KUN(WATER TENDER),15.4632383,73.9724617,0,STOP,At Fire Station Kundaim,Fire Station Kundaim
2026-01-17T00:54:38.090Z,GA 07 G 2242-PIL(WATER TENDER),15.5329344,73.7940983,0,STOP,At Fire Station Pilerne,Fire Station Pilerne
2026-01-17T00:54:38.090Z,GA 07 G 0681-MAP(QUICK RESPONSE),15.58978,73.808805,0,STOP,At Fire Station Mapusa,Fire Station Mapusa
2026-01-17T00:54:38.090Z,GA 07 G 0307-PER(QUICK RESPONSE),15.7164939,73.7974239,0,INACTIVE,At Fire Station Pernem,Fire Station Pernem
2026-01-17T00:54:38.090Z,GA 07 G 2101-PER(MS WATER TENDER),15.7164572,73.7975456,0,STOP,At Fire Station Pernem,Fire Station Pernem
2026-01-17T00:54:38.090Z,GA 07 G 4600-PER(MINI RESCUE TENDER),15.7165267,73.7975289,0,STOP,At Fire Station Pernem,Fire Station Pernem
2026-01-17T00:54:38.090Z,GA 07 G 7272-PNJ(WATER TENDER),15.4880722,73.8173878,0,STOP,"Goa College of Home Science, Dayanand Bandodkar Road, Opposite Parade Ground Campal,, Panaji, Goa (SE)",Fire Station Panaji
2026-01-17T00:54:38.090Z,GA07G2384- Cuncolim,15.1861639,74.0211006,0,STOP,At Fire Station Cuncolim,Fire Station Cuncolim
2026-01-17T00:54:38.090Z,GA07G2507 - PER Mid Size (Water Tender),15.716485,73.7975017,0,STOP,At Fire Station Pernem,Fire Station Pernem
2026-01-17T00:54:38.090Z,GA07G2505 - VAP Mid Size (Water Tender),15.5316167,74.13785,20,RUNNING,At Fire Station Valpoi ,Fire Station Valpoi
2026-01-17T00:54:38.090Z,GA07G2504 - BIC Mid Size (Water Tender),15.589485,73.9466967,0,STOP,At Fire Station Bicholim ,Fire Station Bicholim
2026-01-17T00:54:38.090Z,GA07G2503- MAP Mid Size (Water Tender),15.5899483,73.808635,0,STOP,At Fire Station Mapusa,Fire Station Mapusa
2026-01-17T00:54:38.090Z,GA07G2502 - FFHQ Mid Size (Water Tender),15.4868,73.8171867,0,STOP,"Caculo Mall, 16 Shanta, St Inez Rd, Caculo Enclave, Santa Inez, Panaji, Goa (NW)",Fire Force Headquarters
2026-01-17T00:56:02.856Z,GA 07 G 0680-PIL(QUICK RESPONSE VEHICLE),15.52289,73.8294267,0,STOP,At Porvorim Fire Station,Fire Station Pilerne
2026-01-17T00:56:02.856Z,GA07G2506 - OLG Mid Size (Water Tender),15.500308,73.91407,0,STOP,At Fire Station Old Goa,Fire Station Old Goa
2026-01-17T00:56:02.856Z,GA 07 G 5115-POR(MINI WATER TENDER),15.52334,73.829453,0,STOP,At Porvorim Fire Station,Fire Station Porvorim
2026-01-17T00:56:02.856Z,GA 07 G 0350-MRG(WATER TENDER),15.269438,73.970627,0,STOP,At Fire Station Margoa,Fire Station Margao
2026-01-17T00:56:02.856Z,GA 07 G 2900-MAP(MINI RESCUE TENDER),15.58999,73.808624,0,STOP,At Fire Station Mapusa,Fire Station Mapusa
2026-01-17T00:56:02.856Z,GA 07 G 7600-FFHQ(WATER BOUSER),15.487132,73.817329,0,STOP,"Caculo Mall, 16 Shanta, St Inez Rd, Caculo Enclave, Santa Inez, Panaji, Goa (NW)",Fire Force Headquarters
2026-01-17T00:56:02.856Z,GA 07 G 2002-FFHQ(TURN TABLE LADDER),15.487413,73.817276,0,STOP,"Caculo Mall, 16 Shanta, St Inez Rd, Caculo Enclave, Santa Inez, Panaji, Goa (NW)",Fire Force Headquarters
2026-01-17T00:56:02.856Z,GA 07 G 7101-FFHQ(WATER TENDER),15.48682,73.816971,0,STOP,"Caculo Mall, 16 Shanta, St Inez Rd, Caculo Enclave, Santa Inez, Panaji, Goa (NW)",Fire Force Headquarters
2026-01-17T00:56:02.856Z,GA 07 G 7677-FFHQ(EMERGENCY RESCUE),15.489735,73.828758,21,RUNNING,"Maruti Temple, Nanu Tarkar Pednekar Rd, Altinho, Panaji, Goa (SE)",Fire Force Headquarters
2026-01-17T00:56:02.856Z,GA 07 G 1121-PNJ(EMERGENCY RESCUE),15.487333,73.817299,0,STOP,"Caculo Mall, 16 Shanta, St Inez Rd, Caculo Enclave, Santa Inez, Panaji, Goa (NW)",Fire Station Panaji
2026-01-17T00:56:02.856Z,GA 07 G 1571-FFHQ(QUICK RESPONSE),15.486457,73.817513,0,STOP,"Caculo Mall, 16 Shanta, St Inez Rd, Caculo Enclave, Santa Inez, Panaji, Goa (SW)",Fire Force Headquarters
2026-01-17T00:56:02.856Z,GA 07 G 8101-MAP(WATER TENDER),15.589972,73.808624,0,STOP,At Fire Station Mapusa,Fire Station Mapusa
2026-01-17T00:56:02.856Z,GA 07 G 2317-MRG(EMERGENCY RESCUE TENDER),15.2694116,73.9701666,0,STOP,At Fire Station Margoa,Fire Station Margao
2026-01-17T00:56:02.856Z,GA 07 G 1570-VAS(QUICK RESPONSE FIRE TENDER),15.3887733,73.8513266,0,STOP,At Fire Station Vasco,Fire Station Vasco
2026-01-17T00:56:02.856Z,GA 07 G 4101-VAS(MS WATER TENDER),15.3888166,73.851285,0,STOP,At Fire Station Vasco,Fire Station Vasco
2026-01-17T00:56:02.856Z,GA 07 G 0819-VAS(WATER/FOAM TENDER),15.38905,73.8510983,0,IDLE,At Fire Station Vasco,Fire Station Vasco
2026-01-17T00:56:02.856Z,GA 07 G 7100-MRG(WATER BOUSER),15.269415,73.969995,0,STOP,At Fire Station Margoa,Fire Station Margao
2026-01-17T00:56:02.856Z,GA 07 G 1568-MRG(QUICK RESPONSE ),15.2693416,73.9705166,0,STOP,At Fire Station Margoa,Fire Station Margao
2026-01-17T00:56:02.856Z,GA 07 G 6101-MRG(WATER TENDER),15.2694116,73.970255,0,STOP,At Fire Station Margoa,Fire Station Margao
2026-01-17T00:56:02.856Z,GA 07 G 1001-MRG(AERIAL LADDER PLATFORM),15.26938,73.9701583,0,STOP,At Fire Station Margoa,Fire Station Margao
2026-01-17T00:56:02.856Z,GA 07 G 0820-BIC(WATER TEDNER),15.4027967,74.0028217,0,STOP,At Fire Station Ponda ,Fire Station Bicholim
2026-01-17T00:56:02.856Z,GA 07 G 5101-OLG(MS WATER TENDER),15.500265,73.9139483,0,STOP,At Fire Station Old Goa,Fire Station Old Goa
2026-01-17T00:56:02.856Z,GA 07 G 3101-BIC(MS WATER TENDER),15.5894616,73.9467533,0,STOP,At Fire Station Bicholim ,Fire Station Bicholim
2026-01-17T00:56:02.856Z,GA 07 G 1941-BIC(QUICK RESPONSE),15.5894533,73.9467116,0,STOP,At Fire Station Bicholim ,Fire Station Bicholim
2026-01-17T00:56:02.856Z,GA 07 G 2319-VAS (EMERGENCY RESCUE TENDER),15.3900983,73.8532383,0,STOP,"Zuari Rd, Holy Cross Colony, Dabolim, Goa (SE)",Fire Station Vasco
2026-01-17T00:56:02.856Z,GA 07 G 3737-VAP(WATER TENDER),15.5310533,74.1388916,0,STOP,At Fire Station Valpoi ,Fire Station Valpoi
2026-01-17T00:56:02.856Z,GA 07 G 2318-PND(EMERGENCY RESCUE TENDER),15.4028033,74.00293,0,STOP,At Fire Station Ponda ,Fire Station Ponda
2026-01-17T00:56:02.856Z,GA 07 G 2004-PND(QUICK RESPONSE),15.4141016,73.9073083,0,INACTIVE,"Guru Hotel, Old Ferry Road, Agaçaim, Goa (SE)",Fire Station Ponda
2026-01-17T00:56:02.856Z,GA 07 G 9101-PND(WATER TENDER),15.4027033,74.0028733,0,STOP,At Fire Station Ponda ,Fire Station Ponda
2026-01-17T00:56:02.856Z,GA 07 G 9797-PND(WATER BOUSER),15.4027999,74.0027016,0,STOP,At Fire Station Ponda ,Fire Station Ponda
2026-01-17T00:56:02.856Z,GA 07 G 6363-CAN(WATER TENDER),15.02361,74.04406,0,INACTIVE,"Canacona, The Lalitrajbaga ,Canacona, Canacona, Goa (NE)",Fire Station Canacona
2026-01-17T00:56:02.856Z,GA 07 G 1567-CAN(QUICK RESPONSE FT),15.0233599,74.0440833,0,INACTIVE,"Canacona, The Lalitrajbaga ,Canacona, Canacona, Goa (NE)",Fire Station Canacona
2026-01-17T00:56:02.856Z,GA 07 G 1569-VRN(QUICK RESPONSE),15.369545,73.9355216,0,STOP,At Fire Station Verna,Fire Station Verna
2026-01-17T00:56:02.856Z,GA 07 G 9909-VRN(ADVANCE MULTI-PURPOSE),15.36974,73.9360833,0,STOP,At Fire Station Verna,Fire Station Verna
2026-01-17T00:56:02.856Z,GA 07 G 1942-VAP(QUICK RESPONSE),15.5310033,74.138745,0,STOP,At Fire Station Valpoi ,Fire Station Valpoi
2026-01-17T00:56:02.856Z,GA 07 G 2003-CUR(QUICK RESPONSE),15.2604016,74.1031166,0,STOP,At Fire Station Curchorem,Fire Station Curchorem
2026-01-17T00:56:02.856Z,GA 07 G 7447-CUR(EMERGENCY RESCUE),15.260415,74.10376,0,STOP,At Fire Station Curchorem,Fire Station Curchorem
2026-01-17T00:56:02.856Z,GA 07 G 7557-CUR(WATER TENDER),15.2604083,74.1034266,0,STOP,At Fire Station Curchorem,Fire Station Curchorem
2026-01-17T00:56:02.856Z,GA 07 G 7667-CUR(WATER BOUSER),15.2602533,74.1037266,0,STOP,At Fire Station Curchorem,Fire Station Curchorem
2026-01-17T00:56:02.856Z,GA 07 G 4989-KUN(WATER TENDER),15.4632383,73.9724617,0,STOP,At Fire Station Kundaim,Fire Station Kundaim
2026-01-17T00:56:02.856Z,GA 07 G 2242-PIL(WATER TENDER),15.5329344,73.7940983,0,STOP,At Fire Station Pilerne,Fire Station Pilerne
2026-01-17T00:56:02.856Z,GA 07 G 0681-MAP(QUICK RESPONSE),15.58978,73.808805,0,STOP,At Fire Station Mapusa,Fire Station Mapusa
2026-01-17T00:56:02.856Z,GA 07 G 0307-PER(QUICK RESPONSE),15.7164939,73.7974239,0,INACTIVE,At Fire Station Pernem,Fire Station Pernem
2026-01-17T00:56:02.856Z,GA 07 G 2101-PER(MS WATER TENDER),15.7164572,73.7975456,0,STOP,At Fire Station Pernem,Fire Station Pernem
2026-01-17T00:56:02.856Z,GA 07 G 4600-PER(MINI RESCUE TENDER),15.7165267,73.7975289,0,STOP,At Fire Station Pernem,Fire Station Pernem
2026-01-17T00:56:02.856Z,GA 07 G 7272-PNJ(WATER TENDER),15.4880722,73.8173878,0,STOP,"Goa College of Home Science, Dayanand Bandodkar Road, Opposite Parade Ground Campal,, Panaji, Goa (SE)",Fire Station Panaji
2026-01-17T00:56:02.856Z,GA07G2384- Cuncolim,15.1861639,74.0211006,0,STOP,At Fire Station Cuncolim,Fire Station Cuncolim
2026-01-17T00:56:02.856Z,GA07G2507 - PER Mid Size (Water Tender),15.716485,73.7975017,0,STOP,At Fire Station Pernem,Fire Station Pernem
2026-01-17T00:56:02.856Z,GA07G2505 - VAP Mid Size (Water Tender),15.5296083,74.1336833,19,RUNNING,"Dias Villa Dias Villa Valpoi Goa IN, Valpoi, Goa (NE)",Fire Station Valpoi
2026-01-17T00:56:02.856Z,GA07G2504 - BIC Mid Size (Water Tender),15.589485,73.9466967,0,STOP,At Fire Station Bicholim ,Fire Station Bicholim
2026-01-17T00:56:02.856Z,GA07G2503- MAP Mid Size (Water Tender),15.5899483,73.808635,0,STOP,At Fire Station Mapusa,Fire Station Mapusa
2026-01-17T00:56:02.856Z,GA07G2502 - FFHQ Mid Size (Water Tender),15.4868,73.8171867,0,STOP,"Caculo Mall, 16 Shanta, St Inez Rd, Caculo Enclave, Santa Inez, Panaji, Goa (NW)",Fire Force Headquarters
2026-01-17T00:56:37.606Z,GA 07 G 0680-PIL(QUICK RESPONSE VEHICLE),15.52289,73.8294267,0,STOP,At Porvorim Fire Station,Fire Station Pilerne
2026-01-17T00:56:37.606Z,GA07G2506 - OLG Mid Size (Water Tender),15.500308,73.91407,0,STOP,At Fire Station Old Goa,Fire Station Old Goa
2026-01-17T00:56:37.606Z,GA 07 G 5115-POR(MINI WATER TENDER),15.52334,73.829453,0,STOP,At Porvorim Fire Station,Fire Station Porvorim
2026-01-17T00:56:37.606Z,GA 07 G 0350-MRG(WATER TENDER),15.269438,73.970627,0,STOP,At Fire Station Margoa,Fire Station Margao
2026-01-17T00:56:37.606Z,GA 07 G 2900-MAP(MINI RESCUE TENDER),15.58999,73.808624,0,STOP,At Fire Station Mapusa,Fire Station Mapusa
2026-01-17T00:56:37.606Z,GA 07 G 7600-FFHQ(WATER BOUSER),15.487132,73.817329,0,STOP,"Caculo Mall, 16 Shanta, St Inez Rd, Caculo Enclave, Santa Inez, Panaji, Goa (NW)",Fire Force Headquarters
2026-01-17T00:56:37.606Z,GA 07 G 2002-FFHQ(TURN TABLE LADDER),15.487413,73.817276,0,STOP,"Caculo Mall, 16 Shanta, St Inez Rd, Caculo Enclave, Santa Inez, Panaji, Goa (NW)",Fire Force Headquarters
2026-01-17T00:56:37.606Z,GA 07 G 7101-FFHQ(WATER TENDER),15.48682,73.816971,0,STOP,"Caculo Mall, 16 Shanta, St Inez Rd, Caculo Enclave, Santa Inez, Panaji, Goa (NW)",Fire Force Headquarters
2026-01-17T00:56:37.606Z,GA 07 G 7677-FFHQ(EMERGENCY RESCUE),15.49173,73.82856,24,RUNNING,"Maruti Temple, Nanu Tarkar Pednekar Rd, Altinho, Panaji, Goa (NE)",Fire Force Headquarters
2026-01-17T00:56:37.606Z,GA 07 G 1121-PNJ(EMERGENCY RESCUE),15.487333,73.817299,0,STOP,"Caculo Mall, 16 Shanta, St Inez Rd, Caculo Enclave, Santa Inez, Panaji, Goa (NW)",Fire Station Panaji
2026-01-17T00:56:37.606Z,GA 07 G 1571-FFHQ(QUICK RESPONSE),15.486457,73.817513,0,STOP,"Caculo Mall, 16 Shanta, St Inez Rd, Caculo Enclave, Santa Inez, Panaji, Goa (SW)",Fire Force Headquarters
2026-01-17T00:56:37.606Z,GA 07 G 8101-MAP(WATER TENDER),15.589972,73.808624,0,STOP,At Fire Station Mapusa,Fire Station Mapusa
2026-01-17T00:56:37.606Z,GA 07 G 2317-MRG(EMERGENCY RESCUE TENDER),15.2694116,73.9701666,0,STOP,At Fire Station Margoa,Fire Station Margao
2026-01-17T00:56:37.606Z,GA 07 G 1570-VAS(QUICK RESPONSE FIRE TENDER),15.3887733,73.8513266,0,STOP,At Fire Station Vasco,Fire Station Vasco
2026-01-17T00:56:37.606Z,GA 07 G 4101-VAS(MS WATER TENDER),15.3888166,73.851285,0,STOP,At Fire Station Vasco,Fire Station Vasco
2026-01-17T00:56:37.606Z,GA 07 G 0819-VAS(WATER/FOAM TENDER),15.38905,73.8510983,0,IDLE,At Fire Station Vasco,Fire Station Vasco
2026-01-17T00:56:37.606Z,GA 07 G 7100-MRG(WATER BOUSER),15.269415,73.969995,0,STOP,At Fire Station Margoa,Fire Station Margao
2026-01-17T00:56:37.606Z,GA 07 G 1568-MRG(QUICK RESPONSE ),15.2693416,73.9705166,0,STOP,At Fire Station Margoa,Fire Station Margao
2026-01-17T00:56:37.606Z,GA 07 G 6101-MRG(WATER TENDER),15.2694116,73.970255,0,STOP,At Fire Station Margoa,Fire Station Margao
2026-01-17T00:56:37.606Z,GA 07 G 1001-MRG(AERIAL LADDER PLATFORM),15.26938,73.9701583,0,STOP,At Fire Station Margoa,Fire Station Margao
2026-01-17T00:56:37.606Z,GA 07 G 0820-BIC(WATER TEDNER),15.4027967,74.0028217,0,STOP,At Fire Station Ponda ,Fire Station Bicholim
2026-01-17T00:56:37.606Z,GA 07 G 5101-OLG(MS WATER TENDER),15.500265,73.9139483,0,STOP,At Fire Station Old Goa,Fire Station Old Goa
2026-01-17T00:56:37.606Z,GA 07 G 3101-BIC(MS WATER TENDER),15.5894933,73.9467616,4,STOP,At Fire Station Bicholim ,Fire Station Bicholim
2026-01-17T00:56:37.606Z,GA 07 G 1941-BIC(QUICK RESPONSE),15.5894533,73.9467116,0,STOP,At Fire Station Bicholim ,Fire Station Bicholim
2026-01-17T00:56:37.606Z,GA 07 G 2319-VAS (EMERGENCY RESCUE TENDER),15.3900983,73.8532383,0,STOP,"Zuari Rd, Holy Cross Colony, Dabolim, Goa (SE)",Fire Station Vasco
2026-01-17T00:56:37.606Z,GA 07 G 3737-VAP(WATER TENDER),15.5310533,74.1388916,0,STOP,At Fire Station Valpoi ,Fire Station Valpoi
2026-01-17T00:56:37.606Z,GA 07 G 2318-PND(EMERGENCY RESCUE TENDER),15.4028033,74.00293,0,STOP,At Fire Station Ponda ,Fire Station Ponda
2026-01-17T00:56:37.606Z,GA 07 G 2004-PND(QUICK RESPONSE),15.4141016,73.9073083,0,INACTIVE,"Guru Hotel, Old Ferry Road, Agaçaim, Goa (SE)",Fire Station Ponda
2026-01-17T00:56:37.606Z,GA 07 G 9101-PND(WATER TENDER),15.4027033,74.0028733,0,STOP,At Fire Station Ponda ,Fire Station Ponda
2026-01-17T00:56:37.606Z,GA 07 G 9797-PND(WATER BOUSER),15.4027999,74.0027016,0,STOP,At Fire Station Ponda ,Fire Station Ponda
2026-01-17T00:56:37.606Z,GA 07 G 6363-CAN(WATER TENDER),15.02361,74.04406,0,INACTIVE,"Canacona, The Lalitrajbaga ,Canacona, Canacona, Goa (NE)",Fire Station Canacona
2026-01-17T00:56:37.606Z,GA 07 G 1567-CAN(QUICK RESPONSE FT),15.0233599,74.0440833,0,INACTIVE,"Canacona, The Lalitrajbaga ,Canacona, Canacona, Goa (NE)",Fire Station Canacona
2026-01-17T00:56:37.606Z,GA 07 G 1569-VRN(QUICK RESPONSE),15.369545,73.9355216,0,STOP,At Fire Station Verna,Fire Station Verna
2026-01-17T00:56:37.606Z,GA 07 G 9909-VRN(ADVANCE MULTI-PURPOSE),15.36974,73.9360833,0,STOP,At Fire Station Verna,Fire Station Verna
2026-01-17T00:56:37.606Z,GA 07 G 1942-VAP(QUICK RESPONSE),15.5310033,74.138745,0,STOP,At Fire Station Valpoi ,Fire Station Valpoi
2026-01-17T00:56:37.606Z,GA 07 G 2003-CUR(QUICK RESPONSE),15.2604016,74.1031166,0,STOP,At Fire Station Curchorem,Fire Station Curchorem
2026-01-17T00:56:37.606Z,GA 07 G 7447-CUR(EMERGENCY RESCUE),15.260415,74.10376,0,STOP,At Fire Station Curchorem,Fire Station Curchorem
2026-01-17T00:56:37.606Z,GA 07 G 7557-CUR(WATER TENDER),15.2604083,74.1034266,0,STOP,At Fire Station Curchorem,Fire Station Curchorem
2026-01-17T00:56:37.606Z,GA 07 G 7667-CUR(WATER BOUSER),15.2602533,74.1037266,0,STOP,At Fire Station Curchorem,Fire Station Curchorem
2026-01-17T00:56:37.606Z,GA 07 G 4989-KUN(WATER TENDER),15.4632383,73.9724617,0,STOP,At Fire Station Kundaim,Fire Station Kundaim
2026-01-17T00:56:37.606Z,GA 07 G 2242-PIL(WATER TENDER),15.5329344,73.7940983,0,STOP,At Fire Station Pilerne,Fire Station Pilerne
2026-01-17T00:56:37.606Z,GA 07 G 0681-MAP(QUICK RESPONSE),15.58978,73.808805,0,STOP,At Fire Station Mapusa,Fire Station Mapusa
2026-01-17T00:56:37.606Z,GA 07 G 0307-PER(QUICK RESPONSE),15.7164939,73.7974239,0,INACTIVE,At Fire Station Pernem,Fire Station Pernem
2026-01-17T00:56:37.606Z,GA 07 G 2101-PER(MS WATER TENDER),15.7164572,73.7975456,0,STOP,At Fire Station Pernem,Fire Station Pernem
2026-01-17T00:56:37.606Z,GA 07 G 4600-PER(MINI RESCUE TENDER),15.7165267,73.7975289,0,STOP,At Fire Station Pernem,Fire Station Pernem
2026-01-17T00:56:37.606Z,GA 07 G 7272-PNJ(WATER TENDER),15.4880722,73.8173878,0,STOP,"Goa College of Home Science, Dayanand Bandodkar Road, Opposite Parade Ground Campal,, Panaji, Goa (SE)",Fire Station Panaji
2026-01-17T00:56:37.606Z,GA07G2384- Cuncolim,15.1861639,74.0211006,0,STOP,At Fire Station Cuncolim,Fire Station Cuncolim
2026-01-17T00:56:37.606Z,GA07G2507 - PER Mid Size (Water Tender),15.716485,73.7975017,0,STOP,At Fire Station Pernem,Fire Station Pernem
2026-01-17T00:56:37.606Z,GA07G2505 - VAP Mid Size (Water Tender),15.5288083,74.1318117,22,RUNNING,"Behind unity high school Ward no.7, Valpoi, Goa (SW)",Fire Station Valpoi
2026-01-17T00:56:37.606Z,GA07G2504 - BIC Mid Size (Water Tender),15.589485,73.9466967,0,STOP,At Fire Station Bicholim ,Fire Station Bicholim
2026-01-17T00:56:37.606Z,GA07G2503- MAP Mid Size (Water Tender),15.5899483,73.808635,0,STOP,At Fire Station Mapusa,Fire Station Mapusa
2026-01-17T00:56:37.606Z,GA07G2502 - FFHQ Mid Size (Water Tender),15.4868,73.8171867,0,STOP,"Caculo Mall, 16 Shanta, St Inez Rd, Caculo Enclave, Santa Inez, Panaji, Goa (NW)",Fire Force Headquarters
2026-01-17T00:57:38.204Z,GA 07 G 0680-PIL(QUICK RESPONSE VEHICLE),15.52289,73.8294267,0,STOP,At Porvorim Fire Station,Fire Station Pilerne
2026-01-17T00:57:38.204Z,GA07G2506 - OLG Mid Size (Water Tender),15.500308,73.91407,0,STOP,At Fire Station Old Goa,Fire Station Old Goa
2026-01-17T00:57:38.204Z,GA 07 G 5115-POR(MINI WATER TENDER),15.52334,73.829453,0,STOP,At Porvorim Fire Station,Fire Station Porvorim
2026-01-17T00:57:38.204Z,GA 07 G 0350-MRG(WATER TENDER),15.269438,73.970627,0,STOP,At Fire Station Margoa,Fire Station Margao
2026-01-17T00:57:38.204Z,GA 07 G 2900-MAP(MINI RESCUE TENDER),15.58999,73.808624,0,STOP,At Fire Station Mapusa,Fire Station Mapusa
2026-01-17T00:57:38.204Z,GA 07 G 7600-FFHQ(WATER BOUSER),15.487132,73.817329,0,STOP,"Caculo Mall, 16 Shanta, St Inez Rd, Caculo Enclave, Santa Inez, Panaji, Goa (NW)",Fire Force Headquarters
2026-01-17T00:57:38.204Z,GA 07 G 2002-FFHQ(TURN TABLE LADDER),15.487413,73.817276,0,STOP,"Caculo Mall, 16 Shanta, St Inez Rd, Caculo Enclave, Santa Inez, Panaji, Goa (NW)",Fire Force Headquarters
2026-01-17T00:57:38.204Z,GA 07 G 7101-FFHQ(WATER TENDER),15.48682,73.816971,0,STOP,"Caculo Mall, 16 Shanta, St Inez Rd, Caculo Enclave, Santa Inez, Panaji, Goa (NW)",Fire Force Headquarters
2026-01-17T00:57:38.204Z,GA 07 G 7677-FFHQ(EMERGENCY RESCUE),15.491907,73.827858,17,RUNNING,"Maruti Temple, Nanu Tarkar Pednekar Rd, Altinho, Panaji, Goa (NW)",Fire Force Headquarters
2026-01-17T00:57:38.204Z,GA 07 G 1121-PNJ(EMERGENCY RESCUE),15.487333,73.817299,0,STOP,"Caculo Mall, 16 Shanta, St Inez Rd, Caculo Enclave, Santa Inez, Panaji, Goa (NW)",Fire Station Panaji
2026-01-17T00:57:38.204Z,GA 07 G 1571-FFHQ(QUICK RESPONSE),15.486457,73.817513,0,STOP,"Caculo Mall, 16 Shanta, St Inez Rd, Caculo Enclave, Santa Inez, Panaji, Goa (SW)",Fire Force Headquarters
2026-01-17T00:57:38.204Z,GA 07 G 8101-MAP(WATER TENDER),15.589972,73.808624,0,STOP,At Fire Station Mapusa,Fire Station Mapusa
2026-01-17T00:57:38.204Z,GA 07 G 2317-MRG(EMERGENCY RESCUE TENDER),15.2694116,73.9701666,0,STOP,At Fire Station Margoa,Fire Station Margao
2026-01-17T00:57:38.204Z,GA 07 G 1570-VAS(QUICK RESPONSE FIRE TENDER),15.3887733,73.8513266,0,STOP,At Fire Station Vasco,Fire Station Vasco
2026-01-17T00:57:38.204Z,GA 07 G 4101-VAS(MS WATER TENDER),15.3888166,73.851285,0,STOP,At Fire Station Vasco,Fire Station Vasco
2026-01-17T00:57:38.204Z,GA 07 G 0819-VAS(WATER/FOAM TENDER),15.38905,73.8510983,0,IDLE,At Fire Station Vasco,Fire Station Vasco
2026-01-17T00:57:38.204Z,GA 07 G 7100-MRG(WATER BOUSER),15.269415,73.969995,0,STOP,At Fire Station Margoa,Fire Station Margao
2026-01-17T00:57:38.204Z,GA 07 G 1568-MRG(QUICK RESPONSE ),15.2693416,73.9705166,0,STOP,At Fire Station Margoa,Fire Station Margao
2026-01-17T00:57:38.204Z,GA 07 G 6101-MRG(WATER TENDER),15.2694116,73.970255,0,STOP,At Fire Station Margoa,Fire Station Margao
2026-01-17T00:57:38.204Z,GA 07 G 1001-MRG(AERIAL LADDER PLATFORM),15.26938,73.9701583,0,STOP,At Fire Station Margoa,Fire Station Margao
2026-01-17T00:57:38.204Z,GA 07 G 0820-BIC(WATER TEDNER),15.4027967,74.0028217,0,STOP,At Fire Station Ponda ,Fire Station Bicholim
2026-01-17T00:57:38.204Z,GA 07 G 5101-OLG(MS WATER TENDER),15.500265,73.9139483,0,STOP,At Fire Station Old Goa,Fire Station Old Goa
2026-01-17T00:57:38.204Z,GA 07 G 3101-BIC(MS WATER TENDER),15.5894933,73.9467616,4,STOP,At Fire Station Bicholim ,Fire Station Bicholim
2026-01-17T00:57:38.204Z,GA 07 G 1941-BIC(QUICK RESPONSE),15.5894533,73.9467116,0,STOP,At Fire Station Bicholim ,Fire Station Bicholim
2026-01-17T00:57:38.204Z,GA 07 G 2319-VAS (EMERGENCY RESCUE TENDER),15.3900983,73.8532383,0,STOP,"Zuari Rd, Holy Cross Colony, Dabolim, Goa (SE)",Fire Station Vasco
2026-01-17T00:57:38.204Z,GA 07 G 3737-VAP(WATER TENDER),15.5310533,74.1388916,0,STOP,At Fire Station Valpoi ,Fire Station Valpoi
2026-01-17T00:57:38.204Z,GA 07 G 2318-PND(EMERGENCY RESCUE TENDER),15.4028033,74.00293,0,STOP,At Fire Station Ponda ,Fire Station Ponda
2026-01-17T00:57:38.204Z,GA 07 G 2004-PND(QUICK RESPONSE),15.4141016,73.9073083,0,INACTIVE,"Guru Hotel, Old Ferry Road, Agaçaim, Goa (SE)",Fire Station Ponda
2026-01-17T00:57:38.204Z,GA 07 G 9101-PND(WATER TENDER),15.4027033,74.0028733,0,STOP,At Fire Station Ponda ,Fire Station Ponda
2026-01-17T00:57:38.204Z,GA 07 G 9797-PND(WATER BOUSER),15.4027999,74.0027016,0,STOP,At Fire Station Ponda ,Fire Station Ponda
2026-01-17T00:57:38.204Z,GA 07 G 6363-CAN(WATER TENDER),15.02361,74.04406,0,INACTIVE,"Canacona, The Lalitrajbaga ,Canacona, Canacona, Goa (NE)",Fire Station Canacona
2026-01-17T00:57:38.204Z,GA 07 G 1567-CAN(QUICK RESPONSE FT),15.0233599,74.0440833,0,INACTIVE,"Canacona, The Lalitrajbaga ,Canacona, Canacona, Goa (NE)",Fire Station Canacona
2026-01-17T00:57:38.204Z,GA 07 G 1569-VRN(QUICK RESPONSE),15.369545,73.9355216,0,STOP,At Fire Station Verna,Fire Station Verna
2026-01-17T00:57:38.204Z,GA 07 G 9909-VRN(ADVANCE MULTI-PURPOSE),15.36974,73.9360833,0,STOP,At Fire Station Verna,Fire Station Verna
2026-01-17T00:57:38.204Z,GA 07 G 1942-VAP(QUICK RESPONSE),15.5310033,74.138745,0,STOP,At Fire Station Valpoi ,Fire Station Valpoi
2026-01-17T00:57:38.204Z,GA 07 G 2003-CUR(QUICK RESPONSE),15.2604016,74.1031166,0,STOP,At Fire Station Curchorem,Fire Station Curchorem
2026-01-17T00:57:38.204Z,GA 07 G 7447-CUR(EMERGENCY RESCUE),15.260415,74.10376,0,STOP,At Fire Station Curchorem,Fire Station Curchorem
2026-01-17T00:57:38.204Z,GA 07 G 7557-CUR(WATER TENDER),15.2604083,74.1034266,0,STOP,At Fire Station Curchorem,Fire Station Curchorem
2026-01-17T00:57:38.204Z,GA 07 G 7667-CUR(WATER BOUSER),15.2602533,74.1037266,0,STOP,At Fire Station Curchorem,Fire Station Curchorem
2026-01-17T00:57:38.204Z,GA 07 G 4989-KUN(WATER TENDER),15.4632383,73.9724617,0,STOP,At Fire Station Kundaim,Fire Station Kundaim
2026-01-17T00:57:38.204Z,GA 07 G 2242-PIL(WATER TENDER),15.5329344,73.7940983,0,STOP,At Fire Station Pilerne,Fire Station Pilerne
2026-01-17T00:57:38.204Z,GA 07 G 0681-MAP(QUICK RESPONSE),15.58978,73.808805,0,STOP,At Fire Station Mapusa,Fire Station Mapusa
2026-01-17T00:57:38.204Z,GA 07 G 0307-PER(QUICK RESPONSE),15.7164939,73.7974239,0,INACTIVE,At Fire Station Pernem,Fire Station Pernem
2026-01-17T00:57:38.204Z,GA 07 G 2101-PER(MS WATER TENDER),15.7164572,73.7975456,0,STOP,At Fire Station Pernem,Fire Station Pernem
2026-01-17T00:57:38.204Z,GA 07 G 4600-PER(MINI RESCUE TENDER),15.7165267,73.7975289,0,STOP,At Fire Station Pernem,Fire Station Pernem
2026-01-17T00:57:38.204Z,GA 07 G 7272-PNJ(WATER TENDER),15.4880722,73.8173878,0,STOP,"Goa College of Home Science, Dayanand Bandodkar Road, Opposite Parade Ground Campal,, Panaji, Goa (SE)",Fire Station Panaji
2026-01-17T00:57:38.204Z,GA07G2384- Cuncolim,15.1861639,74.0211006,0,STOP,At Fire Station Cuncolim,Fire Station Cuncolim
2026-01-17T00:57:38.204Z,GA07G2507 - PER Mid Size (Water Tender),15.716485,73.7975017,0,STOP,At Fire Station Pernem,Fire Station Pernem
2026-01-17T00:57:38.204Z,GA07G2505 - VAP Mid Size (Water Tender),15.52687,74.1287183,21,RUNNING,"Nanus Cross, Goa (SE)",Fire Station Valpoi
2026-01-17T00:57:38.204Z,GA07G2504 - BIC Mid Size (Water Tender),15.589485,73.9466967,0,STOP,At Fire Station Bicholim ,Fire Station Bicholim
2026-01-17T00:57:38.204Z,GA07G2503- MAP Mid Size (Water Tender),15.5899483,73.808635,0,STOP,At Fire Station Mapusa,Fire Station Mapusa
2026-01-17T00:57:38.204Z,GA07G2502 - FFHQ Mid Size (Water Tender),15.4868,73.8171867,0,STOP,"Caculo Mall, 16 Shanta, St Inez Rd, Caculo Enclave, Santa Inez, Panaji, Goa (NW)",Fire Force Headquarters
2026-01-17T00:58:42.662Z,GA 07 G 0680-PIL(QUICK RESPONSE VEHICLE),15.52289,73.8294267,0,STOP,At Porvorim Fire Station,Fire Station Pilerne
2026-01-17T00:58:42.662Z,GA07G2506 - OLG Mid Size (Water Tender),15.500308,73.91407,0,STOP,At Fire Station Old Goa,Fire Station Old Goa
2026-01-17T00:58:42.662Z,GA 07 G 5115-POR(MINI WATER TENDER),15.52334,73.829453,0,STOP,At Porvorim Fire Station,Fire Station Porvorim
2026-01-17T00:58:42.662Z,GA 07 G 0350-MRG(WATER TENDER),15.269438,73.970627,0,STOP,At Fire Station Margoa,Fire Station Margao
2026-01-17T00:58:42.662Z,GA 07 G 2900-MAP(MINI RESCUE TENDER),15.58999,73.808624,0,STOP,At Fire Station Mapusa,Fire Station Mapusa
2026-01-17T00:58:42.662Z,GA 07 G 7600-FFHQ(WATER BOUSER),15.487132,73.817329,0,STOP,"Caculo Mall, 16 Shanta, St Inez Rd, Caculo Enclave, Santa Inez, Panaji, Goa (NW)",Fire Force Headquarters
2026-01-17T00:58:42.662Z,GA 07 G 2002-FFHQ(TURN TABLE LADDER),15.487413,73.817276,0,STOP,"Caculo Mall, 16 Shanta, St Inez Rd, Caculo Enclave, Santa Inez, Panaji, Goa (NW)",Fire Force Headquarters
2026-01-17T00:58:42.662Z,GA 07 G 7101-FFHQ(WATER TENDER),15.48682,73.816971,0,STOP,"Caculo Mall, 16 Shanta, St Inez Rd, Caculo Enclave, Santa Inez, Panaji, Goa (NW)",Fire Force Headquarters
2026-01-17T00:58:42.662Z,GA 07 G 7677-FFHQ(EMERGENCY RESCUE),15.488055,73.826996,23,RUNNING,"SP Traffic Office, Ramchandra Naik Rd, Altinho, Panaji, Goa (NW)",Fire Force Headquarters
2026-01-17T00:58:42.662Z,GA 07 G 1121-PNJ(EMERGENCY RESCUE),15.487333,73.817299,0,STOP,"Caculo Mall, 16 Shanta, St Inez Rd, Caculo Enclave, Santa Inez, Panaji, Goa (NW)",Fire Station Panaji
2026-01-17T00:58:42.662Z,GA 07 G 1571-FFHQ(QUICK RESPONSE),15.486457,73.817513,0,STOP,"Caculo Mall, 16 Shanta, St Inez Rd, Caculo Enclave, Santa Inez, Panaji, Goa (SW)",Fire Force Headquarters
2026-01-17T00:58:42.662Z,GA 07 G 8101-MAP(WATER TENDER),15.589972,73.808624,0,STOP,At Fire Station Mapusa,Fire Station Mapusa
2026-01-17T00:58:42.662Z,GA 07 G 2317-MRG(EMERGENCY RESCUE TENDER),15.2694116,73.9701666,0,STOP,At Fire Station Margoa,Fire Station Margao
2026-01-17T00:58:42.662Z,GA 07 G 1570-VAS(QUICK RESPONSE FIRE TENDER),15.3887733,73.8513266,0,STOP,At Fire Station Vasco,Fire Station Vasco
2026-01-17T00:58:42.662Z,GA 07 G 4101-VAS(MS WATER TENDER),15.3888166,73.851285,0,STOP,At Fire Station Vasco,Fire Station Vasco
2026-01-17T00:58:42.662Z,GA 07 G 0819-VAS(WATER/FOAM TENDER),15.38905,73.8510983,0,IDLE,At Fire Station Vasco,Fire Station Vasco
2026-01-17T00:58:42.662Z,GA 07 G 7100-MRG(WATER BOUSER),15.269415,73.969995,0,STOP,At Fire Station Margoa,Fire Station Margao
2026-01-17T00:58:42.662Z,GA 07 G 1568-MRG(QUICK RESPONSE ),15.2693416,73.9705166,0,STOP,At Fire Station Margoa,Fire Station Margao
2026-01-17T00:58:42.662Z,GA 07 G 6101-MRG(WATER TENDER),15.2694116,73.970255,0,STOP,At Fire Station Margoa,Fire Station Margao
2026-01-17T00:58:42.662Z,GA 07 G 1001-MRG(AERIAL LADDER PLATFORM),15.26938,73.9701583,0,STOP,At Fire Station Margoa,Fire Station Margao
2026-01-17T00:58:42.662Z,GA 07 G 0820-BIC(WATER TEDNER),15.4027967,74.0028217,0,STOP,At Fire Station Ponda ,Fire Station Bicholim
2026-01-17T00:58:42.662Z,GA 07 G 5101-OLG(MS WATER TENDER),15.500265,73.9139483,0,STOP,At Fire Station Old Goa,Fire Station Old Goa
2026-01-17T00:58:42.662Z,GA 07 G 3101-BIC(MS WATER TENDER),15.58934,73.9469233,5,STOP,At Fire Station Bicholim ,Fire Station Bicholim
2026-01-17T00:58:42.662Z,GA 07 G 1941-BIC(QUICK RESPONSE),15.5894533,73.9467116,0,STOP,At Fire Station Bicholim ,Fire Station Bicholim
2026-01-17T00:58:42.662Z,GA 07 G 2319-VAS (EMERGENCY RESCUE TENDER),15.3900983,73.8532383,0,STOP,"Zuari Rd, Holy Cross Colony, Dabolim, Goa (SE)",Fire Station Vasco
2026-01-17T00:58:42.662Z,GA 07 G 3737-VAP(WATER TENDER),15.5310533,74.1388916,0,STOP,At Fire Station Valpoi ,Fire Station Valpoi
2026-01-17T00:58:42.662Z,GA 07 G 2318-PND(EMERGENCY RESCUE TENDER),15.4028033,74.00293,0,STOP,At Fire Station Ponda ,Fire Station Ponda
2026-01-17T00:58:42.662Z,GA 07 G 2004-PND(QUICK RESPONSE),15.4141016,73.9073083,0,INACTIVE,"Guru Hotel, Old Ferry Road, Agaçaim, Goa (SE)",Fire Station Ponda
2026-01-17T00:58:42.662Z,GA 07 G 9101-PND(WATER TENDER),15.4027033,74.0028733,0,STOP,At Fire Station Ponda ,Fire Station Ponda
2026-01-17T00:58:42.662Z,GA 07 G 9797-PND(WATER BOUSER),15.4027999,74.0027016,0,STOP,At Fire Station Ponda ,Fire Station Ponda
2026-01-17T00:58:42.662Z,GA 07 G 6363-CAN(WATER TENDER),15.02361,74.04406,0,INACTIVE,"Canacona, The Lalitrajbaga ,Canacona, Canacona, Goa (NE)",Fire Station Canacona
2026-01-17T00:58:42.662Z,GA 07 G 1567-CAN(QUICK RESPONSE FT),15.0233599,74.0440833,0,INACTIVE,"Canacona, The Lalitrajbaga ,Canacona, Canacona, Goa (NE)",Fire Station Canacona
2026-01-17T00:58:42.662Z,GA 07 G 1569-VRN(QUICK RESPONSE),15.369545,73.9355216,0,STOP,At Fire Station Verna,Fire Station Verna
2026-01-17T00:58:42.662Z,GA 07 G 9909-VRN(ADVANCE MULTI-PURPOSE),15.36974,73.9360833,0,STOP,At Fire Station Verna,Fire Station Verna
2026-01-17T00:58:42.662Z,GA 07 G 1942-VAP(QUICK RESPONSE),15.5310033,74.138745,0,STOP,At Fire Station Valpoi ,Fire Station Valpoi
2026-01-17T00:58:42.662Z,GA 07 G 2003-CUR(QUICK RESPONSE),15.2604016,74.1031166,0,STOP,At Fire Station Curchorem,Fire Station Curchorem
2026-01-17T00:58:42.662Z,GA 07 G 7447-CUR(EMERGENCY RESCUE),15.260415,74.10376,0,STOP,At Fire Station Curchorem,Fire Station Curchorem
2026-01-17T00:58:42.662Z,GA 07 G 7557-CUR(WATER TENDER),15.2604083,74.1034266,0,STOP,At Fire Station Curchorem,Fire Station Curchorem
2026-01-17T00:58:42.662Z,GA 07 G 7667-CUR(WATER BOUSER),15.2602533,74.1037266,0,STOP,At Fire Station Curchorem,Fire Station Curchorem
2026-01-17T00:58:42.662Z,GA 07 G 4989-KUN(WATER TENDER),15.4632383,73.9724617,0,STOP,At Fire Station Kundaim,Fire Station Kundaim
2026-01-17T00:58:42.662Z,GA 07 G 2242-PIL(WATER TENDER),15.5329344,73.7940983,0,STOP,At Fire Station Pilerne,Fire Station Pilerne
2026-01-17T00:58:42.662Z,GA 07 G 0681-MAP(QUICK RESPONSE),15.58978,73.808805,0,STOP,At Fire Station Mapusa,Fire Station Mapusa
2026-01-17T00:58:42.662Z,GA 07 G 0307-PER(QUICK RESPONSE),15.7164939,73.7974239,0,INACTIVE,At Fire Station Pernem,Fire Station Pernem
2026-01-17T00:58:42.662Z,GA 07 G 2101-PER(MS WATER TENDER),15.7164572,73.7975456,0,STOP,At Fire Station Pernem,Fire Station Pernem
2026-01-17T00:58:42.662Z,GA 07 G 4600-PER(MINI RESCUE TENDER),15.7165267,73.7975289,0,STOP,At Fire Station Pernem,Fire Station Pernem
2026-01-17T00:58:42.662Z,GA 07 G 7272-PNJ(WATER TENDER),15.4880722,73.8173878,0,STOP,"Goa College of Home Science, Dayanand Bandodkar Road, Opposite Parade Ground Campal,, Panaji, Goa (SE)",Fire Station Panaji
2026-01-17T00:58:42.662Z,GA07G2384- Cuncolim,15.1861639,74.0211006,0,STOP,At Fire Station Cuncolim,Fire Station Cuncolim
2026-01-17T00:58:42.662Z,GA07G2507 - PER Mid Size (Water Tender),15.716485,73.7975017,0,STOP,At Fire Station Pernem,Fire Station Pernem
2026-01-17T00:58:42.662Z,GA07G2505 - VAP Mid Size (Water Tender),15.5261967,74.123845,48,RUNNING,"Nuha Petrol Pump, Naguem, Goa (NE)",Fire Station Valpoi
2026-01-17T00:58:42.662Z,GA07G2504 - BIC Mid Size (Water Tender),15.589485,73.9466967,0,STOP,At Fire Station Bicholim ,Fire Station Bicholim
2026-01-17T00:58:42.662Z,GA07G2503- MAP Mid Size (Water Tender),15.5899483,73.808635,0,STOP,At Fire Station Mapusa,Fire Station Mapusa
2026-01-17T00:58:42.662Z,GA07G2502 - FFHQ Mid Size (Water Tender),15.4868,73.8171867,0,STOP,"Caculo Mall, 16 Shanta, St Inez Rd, Caculo Enclave, Santa Inez, Panaji, Goa (NW)",Fire Force Headquarters
2026-01-17T01:00:04.340Z,GA 07 G 0680-PIL(QUICK RESPONSE VEHICLE),15.52289,73.8294267,0,STOP,At Porvorim Fire Station,Fire Station Pilerne
2026-01-17T01:00:04.340Z,GA07G2506 - OLG Mid Size (Water Tender),15.500308,73.91407,0,STOP,At Fire Station Old Goa,Fire Station Old Goa
2026-01-17T01:00:04.340Z,GA 07 G 5115-POR(MINI WATER TENDER),15.52334,73.829453,0,STOP,At Porvorim Fire Station,Fire Station Porvorim
2026-01-17T01:00:04.340Z,GA 07 G 0350-MRG(WATER TENDER),15.269438,73.970627,0,STOP,At Fire Station Margoa,Fire Station Margao
2026-01-17T01:00:04.340Z,GA 07 G 2900-MAP(MINI RESCUE TENDER),15.58999,73.808624,0,STOP,At Fire Station Mapusa,Fire Station Mapusa
2026-01-17T01:00:04.340Z,GA 07 G 7600-FFHQ(WATER BOUSER),15.487132,73.817329,0,STOP,"Caculo Mall, 16 Shanta, St Inez Rd, Caculo Enclave, Santa Inez, Panaji, Goa (NW)",Fire Force Headquarters
2026-01-17T01:00:04.340Z,GA 07 G 2002-FFHQ(TURN TABLE LADDER),15.487413,73.817276,0,STOP,"Caculo Mall, 16 Shanta, St Inez Rd, Caculo Enclave, Santa Inez, Panaji, Goa (NW)",Fire Force Headquarters
2026-01-17T01:00:04.340Z,GA 07 G 7101-FFHQ(WATER TENDER),15.48682,73.816971,0,STOP,"Caculo Mall, 16 Shanta, St Inez Rd, Caculo Enclave, Santa Inez, Panaji, Goa (NW)",Fire Force Headquarters
2026-01-17T01:00:04.340Z,GA 07 G 7677-FFHQ(EMERGENCY RESCUE),15.488692,73.823036,37,RUNNING,"JandK Bank, Shop No S1, S2, S3 , Ritu Enclave Tambdi Mati St Inez, Electricity Colony, Altinho, Panaji, Goa (NW)",Fire Force Headquarters
2026-01-17T01:00:04.340Z,GA 07 G 1121-PNJ(EMERGENCY RESCUE),15.487333,73.817299,0,STOP,"Caculo Mall, 16 Shanta, St Inez Rd, Caculo Enclave, Santa Inez, Panaji, Goa (NW)",Fire Station Panaji
2026-01-17T01:00:04.340Z,GA 07 G 1571-FFHQ(QUICK RESPONSE),15.486457,73.817513,0,STOP,"Caculo Mall, 16 Shanta, St Inez Rd, Caculo Enclave, Santa Inez, Panaji, Goa (SW)",Fire Force Headquarters
2026-01-17T01:00:04.340Z,GA 07 G 8101-MAP(WATER TENDER),15.589972,73.808624,0,STOP,At Fire Station Mapusa,Fire Station Mapusa
2026-01-17T01:00:04.340Z,GA 07 G 2317-MRG(EMERGENCY RESCUE TENDER),15.2694116,73.9701666,0,STOP,At Fire Station Margoa,Fire Station Margao
2026-01-17T01:00:04.340Z,GA 07 G 1570-VAS(QUICK RESPONSE FIRE TENDER),15.3887733,73.8513266,0,STOP,At Fire Station Vasco,Fire Station Vasco
2026-01-17T01:00:04.340Z,GA 07 G 4101-VAS(MS WATER TENDER),15.3888166,73.851285,0,STOP,At Fire Station Vasco,Fire Station Vasco
2026-01-17T01:00:04.340Z,GA 07 G 0819-VAS(WATER/FOAM TENDER),15.38905,73.8510983,0,IDLE,At Fire Station Vasco,Fire Station Vasco
2026-01-17T01:00:04.340Z,GA 07 G 7100-MRG(WATER BOUSER),15.269415,73.969995,0,STOP,At Fire Station Margoa,Fire Station Margao
2026-01-17T01:00:04.340Z,GA 07 G 1568-MRG(QUICK RESPONSE ),15.2693416,73.9705166,0,STOP,At Fire Station Margoa,Fire Station Margao
2026-01-17T01:00:04.340Z,GA 07 G 6101-MRG(WATER TENDER),15.2694116,73.970255,0,STOP,At Fire Station Margoa,Fire Station Margao
2026-01-17T01:00:04.340Z,GA 07 G 1001-MRG(AERIAL LADDER PLATFORM),15.26938,73.9701583,0,STOP,At Fire Station Margoa,Fire Station Margao
2026-01-17T01:00:04.340Z,GA 07 G 0820-BIC(WATER TEDNER),15.4027967,74.0028217,0,STOP,At Fire Station Ponda ,Fire Station Bicholim
2026-01-17T01:00:04.340Z,GA 07 G 5101-OLG(MS WATER TENDER),15.500265,73.9139483,0,STOP,At Fire Station Old Goa,Fire Station Old Goa
2026-01-17T01:00:04.340Z,GA 07 G 3101-BIC(MS WATER TENDER),15.5894666,73.9467449,5,STOP,At Fire Station Bicholim ,Fire Station Bicholim
2026-01-17T01:00:04.340Z,GA 07 G 1941-BIC(QUICK RESPONSE),15.5894533,73.9467116,0,STOP,At Fire Station Bicholim ,Fire Station Bicholim
2026-01-17T01:00:04.340Z,GA 07 G 2319-VAS (EMERGENCY RESCUE TENDER),15.3900983,73.8532383,0,STOP,"Zuari Rd, Holy Cross Colony, Dabolim, Goa (SE)",Fire Station Vasco
2026-01-17T01:00:04.340Z,GA 07 G 3737-VAP(WATER TENDER),15.5310533,74.1388916,0,STOP,At Fire Station Valpoi ,Fire Station Valpoi
2026-01-17T01:00:04.340Z,GA 07 G 2318-PND(EMERGENCY RESCUE TENDER),15.4028033,74.00293,0,STOP,At Fire Station Ponda ,Fire Station Ponda
2026-01-17T01:00:04.340Z,GA 07 G 2004-PND(QUICK RESPONSE),15.4141016,73.9073083,0,INACTIVE,"Guru Hotel, Old Ferry Road, Agaçaim, Goa (SE)",Fire Station Ponda
2026-01-17T01:00:04.340Z,GA 07 G 9101-PND(WATER TENDER),15.4027033,74.0028733,0,STOP,At Fire Station Ponda ,Fire Station Ponda
2026-01-17T01:00:04.340Z,GA 07 G 9797-PND(WATER BOUSER),15.4027999,74.0027016,0,STOP,At Fire Station Ponda ,Fire Station Ponda
2026-01-17T01:00:04.340Z,GA 07 G 6363-CAN(WATER TENDER),15.02361,74.04406,0,INACTIVE,"Canacona, The Lalitrajbaga ,Canacona, Canacona, Goa (NE)",Fire Station Canacona
2026-01-17T01:00:04.340Z,GA 07 G 1567-CAN(QUICK RESPONSE FT),15.0233599,74.0440833,0,INACTIVE,"Canacona, The Lalitrajbaga ,Canacona, Canacona, Goa (NE)",Fire Station Canacona
2026-01-17T01:00:04.340Z,GA 07 G 1569-VRN(QUICK RESPONSE),15.369545,73.9355216,0,STOP,At Fire Station Verna,Fire Station Verna
2026-01-17T01:00:04.340Z,GA 07 G 9909-VRN(ADVANCE MULTI-PURPOSE),15.36974,73.9360833,0,STOP,At Fire Station Verna,Fire Station Verna
2026-01-17T01:00:04.340Z,GA 07 G 1942-VAP(QUICK RESPONSE),15.5310033,74.138745,0,STOP,At Fire Station Valpoi ,Fire Station Valpoi
2026-01-17T01:00:04.340Z,GA 07 G 2003-CUR(QUICK RESPONSE),15.2604016,74.1031166,0,STOP,At Fire Station Curchorem,Fire Station Curchorem
2026-01-17T01:00:04.340Z,GA 07 G 7447-CUR(EMERGENCY RESCUE),15.260415,74.10376,0,STOP,At Fire Station Curchorem,Fire Station Curchorem
2026-01-17T01:00:04.340Z,GA 07 G 7557-CUR(WATER TENDER),15.2604083,74.1034266,0,STOP,At Fire Station Curchorem,Fire Station Curchorem
2026-01-17T01:00:04.340Z,GA 07 G 7667-CUR(WATER BOUSER),15.2602533,74.1037266,0,STOP,At Fire Station Curchorem,Fire Station Curchorem
2026-01-17T01:00:04.340Z,GA 07 G 4989-KUN(WATER TENDER),15.4632383,73.9724617,0,STOP,At Fire Station Kundaim,Fire Station Kundaim
2026-01-17T01:00:04.340Z,GA 07 G 2242-PIL(WATER TENDER),15.5329344,73.7940983,0,STOP,At Fire Station Pilerne,Fire Station Pilerne
2026-01-17T01:00:04.340Z,GA 07 G 0681-MAP(QUICK RESPONSE),15.58978,73.808805,0,STOP,At Fire Station Mapusa,Fire Station Mapusa
2026-01-17T01:00:04.340Z,GA 07 G 0307-PER(QUICK RESPONSE),15.7164939,73.7974239,0,INACTIVE,At Fire Station Pernem,Fire Station Pernem
2026-01-17T01:00:04.340Z,GA 07 G 2101-PER(MS WATER TENDER),15.7164572,73.7975456,0,STOP,At Fire Station Pernem,Fire Station Pernem
2026-01-17T01:00:04.340Z,GA 07 G 4600-PER(MINI RESCUE TENDER),15.7165267,73.7975289,0,STOP,At Fire Station Pernem,Fire Station Pernem
2026-01-17T01:00:04.340Z,GA 07 G 7272-PNJ(WATER TENDER),15.4880722,73.8173878,0,STOP,"Goa College of Home Science, Dayanand Bandodkar Road, Opposite Parade Ground Campal,, Panaji, Goa (SE)",Fire Station Panaji
2026-01-17T01:00:04.340Z,GA07G2384- Cuncolim,15.1861639,74.0211006,0,STOP,At Fire Station Cuncolim,Fire Station Cuncolim
2026-01-17T01:00:04.340Z,GA07G2507 - PER Mid Size (Water Tender),15.716485,73.7975017,0,STOP,At Fire Station Pernem,Fire Station Pernem
2026-01-17T01:00:04.340Z,GA07G2505 - VAP Mid Size (Water Tender),15.526495,74.1160567,53,RUNNING,"Nuha Petrol Pump, Naguem, Goa (NW)",Fire Station Valpoi
2026-01-17T01:00:04.340Z,GA07G2504 - BIC Mid Size (Water Tender),15.589485,73.9466967,0,STOP,At Fire Station Bicholim ,Fire Station Bicholim
2026-01-17T01:00:04.340Z,GA07G2503- MAP Mid Size (Water Tender),15.5899483,73.808635,0,STOP,At Fire Station Mapusa,Fire Station Mapusa
2026-01-17T01:00:04.340Z,GA07G2502 - FFHQ Mid Size (Water Tender),15.4868,73.8171867,0,STOP,"Caculo Mall, 16 Shanta, St Inez Rd, Caculo Enclave, Santa Inez, Panaji, Goa (NW)",Fire Force Headquarters
2026-01-17T01:01:02.849Z,GA 07 G 0680-PIL(QUICK RESPONSE VEHICLE),15.52289,73.8294267,0,STOP,At Porvorim Fire Station,Fire Station Pilerne
2026-01-17T01:01:02.849Z,GA07G2506 - OLG Mid Size (Water Tender),15.500308,73.91407,0,STOP,At Fire Station Old Goa,Fire Station Old Goa
2026-01-17T01:01:02.849Z,GA 07 G 5115-POR(MINI WATER TENDER),15.52334,73.829453,0,STOP,At Porvorim Fire Station,Fire Station Porvorim
2026-01-17T01:01:02.849Z,GA 07 G 0350-MRG(WATER TENDER),15.269438,73.970627,0,STOP,At Fire Station Margoa,Fire Station Margao
2026-01-17T01:01:02.849Z,GA 07 G 2900-MAP(MINI RESCUE TENDER),15.58999,73.808624,0,STOP,At Fire Station Mapusa,Fire Station Mapusa
2026-01-17T01:01:02.849Z,GA 07 G 7600-FFHQ(WATER BOUSER),15.487132,73.817329,0,STOP,"Caculo Mall, 16 Shanta, St Inez Rd, Caculo Enclave, Santa Inez, Panaji, Goa (NW)",Fire Force Headquarters
2026-01-17T01:01:02.849Z,GA 07 G 2002-FFHQ(TURN TABLE LADDER),15.487413,73.817276,0,STOP,"Caculo Mall, 16 Shanta, St Inez Rd, Caculo Enclave, Santa Inez, Panaji, Goa (NW)",Fire Force Headquarters
2026-01-17T01:01:02.849Z,GA 07 G 7101-FFHQ(WATER TENDER),15.48682,73.816971,0,STOP,"Caculo Mall, 16 Shanta, St Inez Rd, Caculo Enclave, Santa Inez, Panaji, Goa (NW)",Fire Force Headquarters
2026-01-17T01:01:02.849Z,GA 07 G 7677-FFHQ(EMERGENCY RESCUE),15.492925,73.821754,15,RUNNING,"Hotel Orion Premiere, Dr Gama Pinto Rd, St. Inez, Altinho, Panaji, Goa (NW)",Fire Force Headquarters
2026-01-17T01:01:02.849Z,GA 07 G 1121-PNJ(EMERGENCY RESCUE),15.487333,73.817299,0,STOP,"Caculo Mall, 16 Shanta, St Inez Rd, Caculo Enclave, Santa Inez, Panaji, Goa (NW)",Fire Station Panaji
2026-01-17T01:01:02.849Z,GA 07 G 1571-FFHQ(QUICK RESPONSE),15.486457,73.817513,0,STOP,"Caculo Mall, 16 Shanta, St Inez Rd, Caculo Enclave, Santa Inez, Panaji, Goa (SW)",Fire Force Headquarters
2026-01-17T01:01:02.849Z,GA 07 G 8101-MAP(WATER TENDER),15.589972,73.808624,0,STOP,At Fire Station Mapusa,Fire Station Mapusa
2026-01-17T01:01:02.849Z,GA 07 G 2317-MRG(EMERGENCY RESCUE TENDER),15.2694116,73.9701666,0,STOP,At Fire Station Margoa,Fire Station Margao
2026-01-17T01:01:02.849Z,GA 07 G 1570-VAS(QUICK RESPONSE FIRE TENDER),15.3887733,73.8513266,0,STOP,At Fire Station Vasco,Fire Station Vasco
2026-01-17T01:01:02.849Z,GA 07 G 4101-VAS(MS WATER TENDER),15.3888166,73.851285,0,STOP,At Fire Station Vasco,Fire Station Vasco
2026-01-17T01:01:02.849Z,GA 07 G 0819-VAS(WATER/FOAM TENDER),15.38905,73.8510983,0,IDLE,At Fire Station Vasco,Fire Station Vasco
2026-01-17T01:01:02.849Z,GA 07 G 7100-MRG(WATER BOUSER),15.269415,73.969995,0,STOP,At Fire Station Margoa,Fire Station Margao
2026-01-17T01:01:02.849Z,GA 07 G 1568-MRG(QUICK RESPONSE ),15.2693416,73.9705166,0,STOP,At Fire Station Margoa,Fire Station Margao
2026-01-17T01:01:02.849Z,GA 07 G 6101-MRG(WATER TENDER),15.2694116,73.970255,0,STOP,At Fire Station Margoa,Fire Station Margao
2026-01-17T01:01:02.849Z,GA 07 G 1001-MRG(AERIAL LADDER PLATFORM),15.26938,73.9701583,0,STOP,At Fire Station Margoa,Fire Station Margao
2026-01-17T01:01:02.849Z,GA 07 G 0820-BIC(WATER TEDNER),15.4027967,74.0028217,0,STOP,At Fire Station Ponda ,Fire Station Bicholim
2026-01-17T01:01:02.849Z,GA 07 G 5101-OLG(MS WATER TENDER),15.500265,73.9139483,0,STOP,At Fire Station Old Goa,Fire Station Old Goa
2026-01-17T01:01:02.849Z,GA 07 G 3101-BIC(MS WATER TENDER),15.5894233,73.9468016,5,STOP,At Fire Station Bicholim ,Fire Station Bicholim
2026-01-17T01:01:02.849Z,GA 07 G 1941-BIC(QUICK RESPONSE),15.5894533,73.9467116,0,STOP,At Fire Station Bicholim ,Fire Station Bicholim
2026-01-17T01:01:02.849Z,GA 07 G 2319-VAS (EMERGENCY RESCUE TENDER),15.3900983,73.8532383,0,STOP,"Zuari Rd, Holy Cross Colony, Dabolim, Goa (SE)",Fire Station Vasco
2026-01-17T01:01:02.849Z,GA 07 G 3737-VAP(WATER TENDER),15.5310533,74.1388916,0,STOP,At Fire Station Valpoi ,Fire Station Valpoi
2026-01-17T01:01:02.849Z,GA 07 G 2318-PND(EMERGENCY RESCUE TENDER),15.4028033,74.00293,0,STOP,At Fire Station Ponda ,Fire Station Ponda
2026-01-17T01:01:02.849Z,GA 07 G 2004-PND(QUICK RESPONSE),15.4141016,73.9073083,0,INACTIVE,"Guru Hotel, Old Ferry Road, Agaçaim, Goa (SE)",Fire Station Ponda
2026-01-17T01:01:02.849Z,GA 07 G 9101-PND(WATER TENDER),15.4027033,74.0028733,0,STOP,At Fire Station Ponda ,Fire Station Ponda
2026-01-17T01:01:02.849Z,GA 07 G 9797-PND(WATER BOUSER),15.4027999,74.0027016,0,STOP,At Fire Station Ponda ,Fire Station Ponda
2026-01-17T01:01:02.849Z,GA 07 G 6363-CAN(WATER TENDER),15.02361,74.04406,0,INACTIVE,"Canacona, The Lalitrajbaga ,Canacona, Canacona, Goa (NE)",Fire Station Canacona
2026-01-17T01:01:02.849Z,GA 07 G 1567-CAN(QUICK RESPONSE FT),15.0233599,74.0440833,0,INACTIVE,"Canacona, The Lalitrajbaga ,Canacona, Canacona, Goa (NE)",Fire Station Canacona
2026-01-17T01:01:02.849Z,GA 07 G 1569-VRN(QUICK RESPONSE),15.369545,73.9355216,0,STOP,At Fire Station Verna,Fire Station Verna
2026-01-17T01:01:02.849Z,GA 07 G 9909-VRN(ADVANCE MULTI-PURPOSE),15.36974,73.9360833,0,STOP,At Fire Station Verna,Fire Station Verna
2026-01-17T01:01:02.849Z,GA 07 G 1942-VAP(QUICK RESPONSE),15.5310033,74.138745,0,STOP,At Fire Station Valpoi ,Fire Station Valpoi
2026-01-17T01:01:02.849Z,GA 07 G 2003-CUR(QUICK RESPONSE),15.2604016,74.1031166,0,STOP,At Fire Station Curchorem,Fire Station Curchorem
2026-01-17T01:01:02.849Z,GA 07 G 7447-CUR(EMERGENCY RESCUE),15.260415,74.10376,0,STOP,At Fire Station Curchorem,Fire Station Curchorem
2026-01-17T01:01:02.849Z,GA 07 G 7557-CUR(WATER TENDER),15.2604083,74.1034266,0,STOP,At Fire Station Curchorem,Fire Station Curchorem
2026-01-17T01:01:02.849Z,GA 07 G 7667-CUR(WATER BOUSER),15.2602533,74.1037266,0,STOP,At Fire Station Curchorem,Fire Station Curchorem
2026-01-17T01:01:02.849Z,GA 07 G 4989-KUN(WATER TENDER),15.4632383,73.9724617,0,STOP,At Fire Station Kundaim,Fire Station Kundaim
2026-01-17T01:01:02.849Z,GA 07 G 2242-PIL(WATER TENDER),15.5329344,73.7940983,0,STOP,At Fire Station Pilerne,Fire Station Pilerne
2026-01-17T01:01:02.849Z,GA 07 G 0681-MAP(QUICK RESPONSE),15.58978,73.808805,0,STOP,At Fire Station Mapusa,Fire Station Mapusa
2026-01-17T01:01:02.849Z,GA 07 G 0307-PER(QUICK RESPONSE),15.7164939,73.7974239,0,INACTIVE,At Fire Station Pernem,Fire Station Pernem
2026-01-17T01:01:02.849Z,GA 07 G 2101-PER(MS WATER TENDER),15.7164572,73.7975456,0,STOP,At Fire Station Pernem,Fire Station Pernem
2026-01-17T01:01:02.849Z,GA 07 G 4600-PER(MINI RESCUE TENDER),15.7165267,73.7975289,0,STOP,At Fire Station Pernem,Fire Station Pernem
2026-01-17T01:01:02.849Z,GA 07 G 7272-PNJ(WATER TENDER),15.4880722,73.8173878,0,STOP,"Goa College of Home Science, Dayanand Bandodkar Road, Opposite Parade Ground Campal,, Panaji, Goa (SE)",Fire Station Panaji
2026-01-17T01:01:02.849Z,GA07G2384- Cuncolim,15.1861639,74.0211006,0,STOP,At Fire Station Cuncolim,Fire Station Cuncolim
2026-01-17T01:01:02.849Z,GA07G2507 - PER Mid Size (Water Tender),15.716485,73.7975017,0,STOP,At Fire Station Pernem,Fire Station Pernem
2026-01-17T01:01:02.849Z,GA07G2505 - VAP Mid Size (Water Tender),15.5263933,74.10883,38,RUNNING,"Shree MahaGanapati Mandir, SH 1, Naguem, Goa (SE)",Fire Station Valpoi
2026-01-17T01:01:02.849Z,GA07G2504 - BIC Mid Size (Water Tender),15.589485,73.9466967,0,STOP,At Fire Station Bicholim ,Fire Station Bicholim
2026-01-17T01:01:02.849Z,GA07G2503- MAP Mid Size (Water Tender),15.5899483,73.808635,0,STOP,At Fire Station Mapusa,Fire Station Mapusa
2026-01-17T01:01:02.849Z,GA07G2502 - FFHQ Mid Size (Water Tender),15.4868,73.8171867,0,STOP,"Caculo Mall, 16 Shanta, St Inez Rd, Caculo Enclave, Santa Inez, Panaji, Goa (NW)",Fire Force Headquarters
2026-01-17T01:01:37.942Z,GA 07 G 0680-PIL(QUICK RESPONSE VEHICLE),15.52289,73.8294267,0,STOP,At Porvorim Fire Station,Fire Station Pilerne
2026-01-17T01:01:37.942Z,GA07G2506 - OLG Mid Size (Water Tender),15.500308,73.91407,0,STOP,At Fire Station Old Goa,Fire Station Old Goa
2026-01-17T01:01:37.942Z,GA 07 G 5115-POR(MINI WATER TENDER),15.52334,73.829453,0,STOP,At Porvorim Fire Station,Fire Station Porvorim
2026-01-17T01:01:37.942Z,GA 07 G 0350-MRG(WATER TENDER),15.269438,73.970627,0,STOP,At Fire Station Margoa,Fire Station Margao
2026-01-17T01:01:37.942Z,GA 07 G 2900-MAP(MINI RESCUE TENDER),15.58999,73.808624,0,STOP,At Fire Station Mapusa,Fire Station Mapusa
2026-01-17T01:01:37.942Z,GA 07 G 7600-FFHQ(WATER BOUSER),15.487132,73.817329,0,STOP,"Caculo Mall, 16 Shanta, St Inez Rd, Caculo Enclave, Santa Inez, Panaji, Goa (NW)",Fire Force Headquarters
2026-01-17T01:01:37.942Z,GA 07 G 2002-FFHQ(TURN TABLE LADDER),15.487413,73.817276,0,STOP,"Caculo Mall, 16 Shanta, St Inez Rd, Caculo Enclave, Santa Inez, Panaji, Goa (NW)",Fire Force Headquarters
2026-01-17T01:01:37.942Z,GA 07 G 7101-FFHQ(WATER TENDER),15.48682,73.816971,0,STOP,"Caculo Mall, 16 Shanta, St Inez Rd, Caculo Enclave, Santa Inez, Panaji, Goa (NW)",Fire Force Headquarters
2026-01-17T01:01:37.942Z,GA 07 G 7677-FFHQ(EMERGENCY RESCUE),15.493045,73.820595,27,RUNNING,"Flair Mania Bartending academy and Events, Lotus Court Building,601/602, 6th floor, Altinho, goa, Goa (SW)",Fire Force Headquarters
2026-01-17T01:01:37.942Z,GA 07 G 1121-PNJ(EMERGENCY RESCUE),15.487333,73.817299,0,STOP,"Caculo Mall, 16 Shanta, St Inez Rd, Caculo Enclave, Santa Inez, Panaji, Goa (NW)",Fire Station Panaji
2026-01-17T01:01:37.942Z,GA 07 G 1571-FFHQ(QUICK RESPONSE),15.486457,73.817513,0,STOP,"Caculo Mall, 16 Shanta, St Inez Rd, Caculo Enclave, Santa Inez, Panaji, Goa (SW)",Fire Force Headquarters
2026-01-17T01:01:37.942Z,GA 07 G 8101-MAP(WATER TENDER),15.589972,73.808624,0,STOP,At Fire Station Mapusa,Fire Station Mapusa
2026-01-17T01:01:37.942Z,GA 07 G 2317-MRG(EMERGENCY RESCUE TENDER),15.2694116,73.9701666,0,STOP,At Fire Station Margoa,Fire Station Margao
2026-01-17T01:01:37.942Z,GA 07 G 1570-VAS(QUICK RESPONSE FIRE TENDER),15.3887733,73.8513266,0,STOP,At Fire Station Vasco,Fire Station Vasco
2026-01-17T01:01:37.942Z,GA 07 G 4101-VAS(MS WATER TENDER),15.3888166,73.851285,0,STOP,At Fire Station Vasco,Fire Station Vasco
2026-01-17T01:01:37.942Z,GA 07 G 0819-VAS(WATER/FOAM TENDER),15.38905,73.8510983,0,IDLE,At Fire Station Vasco,Fire Station Vasco
2026-01-17T01:01:37.942Z,GA 07 G 7100-MRG(WATER BOUSER),15.269415,73.969995,0,STOP,At Fire Station Margoa,Fire Station Margao
2026-01-17T01:01:37.942Z,GA 07 G 1568-MRG(QUICK RESPONSE ),15.2693416,73.9705166,0,STOP,At Fire Station Margoa,Fire Station Margao
2026-01-17T01:01:37.942Z,GA 07 G 6101-MRG(WATER TENDER),15.2694116,73.970255,0,STOP,At Fire Station Margoa,Fire Station Margao
2026-01-17T01:01:37.942Z,GA 07 G 1001-MRG(AERIAL LADDER PLATFORM),15.26938,73.9701583,0,STOP,At Fire Station Margoa,Fire Station Margao
2026-01-17T01:01:37.942Z,GA 07 G 0820-BIC(WATER TEDNER),15.4027967,74.0028217,0,STOP,At Fire Station Ponda ,Fire Station Bicholim
2026-01-17T01:01:37.942Z,GA 07 G 5101-OLG(MS WATER TENDER),15.500265,73.9139483,0,STOP,At Fire Station Old Goa,Fire Station Old Goa
2026-01-17T01:01:37.942Z,GA 07 G 3101-BIC(MS WATER TENDER),15.5894233,73.9468016,5,STOP,At Fire Station Bicholim ,Fire Station Bicholim
2026-01-17T01:01:37.942Z,GA 07 G 1941-BIC(QUICK RESPONSE),15.5894533,73.9467116,0,STOP,At Fire Station Bicholim ,Fire Station Bicholim
2026-01-17T01:01:37.942Z,GA 07 G 2319-VAS (EMERGENCY RESCUE TENDER),15.3900983,73.8532383,0,STOP,"Zuari Rd, Holy Cross Colony, Dabolim, Goa (SE)",Fire Station Vasco
2026-01-17T01:01:37.942Z,GA 07 G 3737-VAP(WATER TENDER),15.5310533,74.1388916,0,STOP,At Fire Station Valpoi ,Fire Station Valpoi
2026-01-17T01:01:37.942Z,GA 07 G 2318-PND(EMERGENCY RESCUE TENDER),15.4028033,74.00293,0,STOP,At Fire Station Ponda ,Fire Station Ponda
2026-01-17T01:01:37.942Z,GA 07 G 2004-PND(QUICK RESPONSE),15.4141016,73.9073083,0,INACTIVE,"Guru Hotel, Old Ferry Road, Agaçaim, Goa (SE)",Fire Station Ponda
2026-01-17T01:01:37.942Z,GA 07 G 9101-PND(WATER TENDER),15.4027033,74.0028733,0,STOP,At Fire Station Ponda ,Fire Station Ponda
2026-01-17T01:01:37.942Z,GA 07 G 9797-PND(WATER BOUSER),15.4027999,74.0027016,0,STOP,At Fire Station Ponda ,Fire Station Ponda
2026-01-17T01:01:37.942Z,GA 07 G 6363-CAN(WATER TENDER),15.02361,74.04406,0,INACTIVE,"Canacona, The Lalitrajbaga ,Canacona, Canacona, Goa (NE)",Fire Station Canacona
2026-01-17T01:01:37.942Z,GA 07 G 1567-CAN(QUICK RESPONSE FT),15.0233599,74.0440833,0,INACTIVE,"Canacona, The Lalitrajbaga ,Canacona, Canacona, Goa (NE)",Fire Station Canacona
2026-01-17T01:01:37.942Z,GA 07 G 1569-VRN(QUICK RESPONSE),15.369545,73.9355216,0,STOP,At Fire Station Verna,Fire Station Verna
2026-01-17T01:01:37.942Z,GA 07 G 9909-VRN(ADVANCE MULTI-PURPOSE),15.36974,73.9360833,0,STOP,At Fire Station Verna,Fire Station Verna
2026-01-17T01:01:37.942Z,GA 07 G 1942-VAP(QUICK RESPONSE),15.5310033,74.138745,0,STOP,At Fire Station Valpoi ,Fire Station Valpoi
2026-01-17T01:01:37.942Z,GA 07 G 2003-CUR(QUICK RESPONSE),15.2604016,74.1031166,0,STOP,At Fire Station Curchorem,Fire Station Curchorem
2026-01-17T01:01:37.942Z,GA 07 G 7447-CUR(EMERGENCY RESCUE),15.260415,74.10376,0,STOP,At Fire Station Curchorem,Fire Station Curchorem
2026-01-17T01:01:37.942Z,GA 07 G 7557-CUR(WATER TENDER),15.2604083,74.1034266,0,STOP,At Fire Station Curchorem,Fire Station Curchorem
2026-01-17T01:01:37.942Z,GA 07 G 7667-CUR(WATER BOUSER),15.2602533,74.1037266,0,STOP,At Fire Station Curchorem,Fire Station Curchorem
2026-01-17T01:01:37.942Z,GA 07 G 4989-KUN(WATER TENDER),15.4632383,73.9724617,0,STOP,At Fire Station Kundaim,Fire Station Kundaim
2026-01-17T01:01:37.942Z,GA 07 G 2242-PIL(WATER TENDER),15.5329344,73.7940983,0,STOP,At Fire Station Pilerne,Fire Station Pilerne
2026-01-17T01:01:37.942Z,GA 07 G 0681-MAP(QUICK RESPONSE),15.58978,73.808805,0,STOP,At Fire Station Mapusa,Fire Station Mapusa
2026-01-17T01:01:37.942Z,GA 07 G 0307-PER(QUICK RESPONSE),15.7164939,73.7974239,0,INACTIVE,At Fire Station Pernem,Fire Station Pernem
2026-01-17T01:01:37.942Z,GA 07 G 2101-PER(MS WATER TENDER),15.7164572,73.7975456,0,STOP,At Fire Station Pernem,Fire Station Pernem
2026-01-17T01:01:37.942Z,GA 07 G 4600-PER(MINI RESCUE TENDER),15.7165267,73.7975289,0,STOP,At Fire Station Pernem,Fire Station Pernem
2026-01-17T01:01:37.942Z,GA 07 G 7272-PNJ(WATER TENDER),15.4880722,73.8173878,0,STOP,"Goa College of Home Science, Dayanand Bandodkar Road, Opposite Parade Ground Campal,, Panaji, Goa (SE)",Fire Station Panaji
2026-01-17T01:01:37.942Z,GA07G2384- Cuncolim,15.1861639,74.0211006,0,STOP,At Fire Station Cuncolim,Fire Station Cuncolim
2026-01-17T01:01:37.942Z,GA07G2507 - PER Mid Size (Water Tender),15.716485,73.7975017,0,STOP,At Fire Station Pernem,Fire Station Pernem
2026-01-17T01:01:37.942Z,GA07G2505 - VAP Mid Size (Water Tender),15.5266133,74.1064933,53,RUNNING,"Shree MahaGanapati Mandir, SH 1, Naguem, Goa (SW)",Fire Station Valpoi
2026-01-17T01:01:37.942Z,GA07G2504 - BIC Mid Size (Water Tender),15.589485,73.9466967,0,STOP,At Fire Station Bicholim ,Fire Station Bicholim
2026-01-17T01:01:37.942Z,GA07G2503- MAP Mid Size (Water Tender),15.5899483,73.808635,0,STOP,At Fire Station Mapusa,Fire Station Mapusa
2026-01-17T01:01:37.942Z,GA07G2502 - FFHQ Mid Size (Water Tender),15.4868,73.8171867,0,STOP,"Caculo Mall, 16 Shanta, St Inez Rd, Caculo Enclave, Santa Inez, Panaji, Goa (NW)",Fire Force Headquarters
2026-01-17T01:03:07.661Z,GA 07 G 0680-PIL(QUICK RESPONSE VEHICLE),15.52289,73.8294267,0,STOP,At Porvorim Fire Station,Fire Station Pilerne
2026-01-17T01:03:07.661Z,GA07G2506 - OLG Mid Size (Water Tender),15.500308,73.91407,0,STOP,At Fire Station Old Goa,Fire Station Old Goa
2026-01-17T01:03:07.661Z,GA 07 G 5115-POR(MINI WATER TENDER),15.52334,73.829453,0,STOP,At Porvorim Fire Station,Fire Station Porvorim
2026-01-17T01:03:07.661Z,GA 07 G 0350-MRG(WATER TENDER),15.269438,73.970627,0,STOP,At Fire Station Margoa,Fire Station Margao
2026-01-17T01:03:07.661Z,GA 07 G 2900-MAP(MINI RESCUE TENDER),15.58999,73.808624,0,STOP,At Fire Station Mapusa,Fire Station Mapusa
2026-01-17T01:03:07.661Z,GA 07 G 7600-FFHQ(WATER BOUSER),15.487132,73.817329,0,STOP,"Caculo Mall, 16 Shanta, St Inez Rd, Caculo Enclave, Santa Inez, Panaji, Goa (NW)",Fire Force Headquarters
2026-01-17T01:03:07.661Z,GA 07 G 2002-FFHQ(TURN TABLE LADDER),15.487413,73.817276,0,STOP,"Caculo Mall, 16 Shanta, St Inez Rd, Caculo Enclave, Santa Inez, Panaji, Goa (NW)",Fire Force Headquarters
2026-01-17T01:03:07.661Z,GA 07 G 7101-FFHQ(WATER TENDER),15.48682,73.816971,0,STOP,"Caculo Mall, 16 Shanta, St Inez Rd, Caculo Enclave, Santa Inez, Panaji, Goa (NW)",Fire Force Headquarters
2026-01-17T01:03:07.661Z,GA 07 G 7677-FFHQ(EMERGENCY RESCUE),15.486625,73.817635,12,RUNNING,"Caculo Mall, 16 Shanta, St Inez Rd, Caculo Enclave, Santa Inez, Panaji, Goa (NW)",Fire Force Headquarters
2026-01-17T01:03:07.661Z,GA 07 G 1121-PNJ(EMERGENCY RESCUE),15.487333,73.817299,0,STOP,"Caculo Mall, 16 Shanta, St Inez Rd, Caculo Enclave, Santa Inez, Panaji, Goa (NW)",Fire Station Panaji
2026-01-17T01:03:07.661Z,GA 07 G 1571-FFHQ(QUICK RESPONSE),15.486457,73.817513,0,STOP,"Caculo Mall, 16 Shanta, St Inez Rd, Caculo Enclave, Santa Inez, Panaji, Goa (SW)",Fire Force Headquarters
2026-01-17T01:03:07.661Z,GA 07 G 8101-MAP(WATER TENDER),15.589972,73.808624,0,STOP,At Fire Station Mapusa,Fire Station Mapusa
2026-01-17T01:03:07.661Z,GA 07 G 2317-MRG(EMERGENCY RESCUE TENDER),15.2694116,73.9701666,0,STOP,At Fire Station Margoa,Fire Station Margao
2026-01-17T01:03:07.661Z,GA 07 G 1570-VAS(QUICK RESPONSE FIRE TENDER),15.3887733,73.8513266,0,STOP,At Fire Station Vasco,Fire Station Vasco
2026-01-17T01:03:07.661Z,GA 07 G 4101-VAS(MS WATER TENDER),15.3888166,73.851285,0,STOP,At Fire Station Vasco,Fire Station Vasco
2026-01-17T01:03:07.661Z,GA 07 G 0819-VAS(WATER/FOAM TENDER),15.38905,73.8510983,0,IDLE,At Fire Station Vasco,Fire Station Vasco
2026-01-17T01:03:07.661Z,GA 07 G 7100-MRG(WATER BOUSER),15.269415,73.969995,0,STOP,At Fire Station Margoa,Fire Station Margao
2026-01-17T01:03:07.661Z,GA 07 G 1568-MRG(QUICK RESPONSE ),15.2693416,73.9705166,0,STOP,At Fire Station Margoa,Fire Station Margao
2026-01-17T01:03:07.661Z,GA 07 G 6101-MRG(WATER TENDER),15.2694116,73.970255,0,STOP,At Fire Station Margoa,Fire Station Margao
2026-01-17T01:03:07.661Z,GA 07 G 1001-MRG(AERIAL LADDER PLATFORM),15.26938,73.9701583,0,STOP,At Fire Station Margoa,Fire Station Margao
2026-01-17T01:03:07.661Z,GA 07 G 0820-BIC(WATER TEDNER),15.4027967,74.0028217,0,STOP,At Fire Station Ponda ,Fire Station Bicholim
2026-01-17T01:03:07.661Z,GA 07 G 5101-OLG(MS WATER TENDER),15.500265,73.9139483,0,STOP,At Fire Station Old Goa,Fire Station Old Goa
2026-01-17T01:03:07.661Z,GA 07 G 3101-BIC(MS WATER TENDER),15.5894883,73.94668,1,STOP,At Fire Station Bicholim ,Fire Station Bicholim
2026-01-17T01:03:07.661Z,GA 07 G 1941-BIC(QUICK RESPONSE),15.5894533,73.9467116,0,STOP,At Fire Station Bicholim ,Fire Station Bicholim
2026-01-17T01:03:07.661Z,GA 07 G 2319-VAS (EMERGENCY RESCUE TENDER),15.3900983,73.8532383,0,STOP,"Zuari Rd, Holy Cross Colony, Dabolim, Goa (SE)",Fire Station Vasco
2026-01-17T01:03:07.661Z,GA 07 G 3737-VAP(WATER TENDER),15.5310533,74.1388916,0,STOP,At Fire Station Valpoi ,Fire Station Valpoi
2026-01-17T01:03:07.661Z,GA 07 G 2318-PND(EMERGENCY RESCUE TENDER),15.4028033,74.00293,0,STOP,At Fire Station Ponda ,Fire Station Ponda
2026-01-17T01:03:07.661Z,GA 07 G 2004-PND(QUICK RESPONSE),15.4141016,73.9073083,0,INACTIVE,"Guru Hotel, Old Ferry Road, Agaçaim, Goa (SE)",Fire Station Ponda
2026-01-17T01:03:07.661Z,GA 07 G 9101-PND(WATER TENDER),15.4027033,74.0028733,0,STOP,At Fire Station Ponda ,Fire Station Ponda
2026-01-17T01:03:07.661Z,GA 07 G 9797-PND(WATER BOUSER),15.4027999,74.0027016,0,STOP,At Fire Station Ponda ,Fire Station Ponda
2026-01-17T01:03:07.661Z,GA 07 G 6363-CAN(WATER TENDER),15.02361,74.04406,0,INACTIVE,"Canacona, The Lalitrajbaga ,Canacona, Canacona, Goa (NE)",Fire Station Canacona
2026-01-17T01:03:07.661Z,GA 07 G 1567-CAN(QUICK RESPONSE FT),15.0233599,74.0440833,0,INACTIVE,"Canacona, The Lalitrajbaga ,Canacona, Canacona, Goa (NE)",Fire Station Canacona
2026-01-17T01:03:07.661Z,GA 07 G 1569-VRN(QUICK RESPONSE),15.369545,73.9355216,0,STOP,At Fire Station Verna,Fire Station Verna
2026-01-17T01:03:07.661Z,GA 07 G 9909-VRN(ADVANCE MULTI-PURPOSE),15.36974,73.9360833,0,STOP,At Fire Station Verna,Fire Station Verna
2026-01-17T01:03:07.661Z,GA 07 G 1942-VAP(QUICK RESPONSE),15.5310033,74.138745,0,STOP,At Fire Station Valpoi ,Fire Station Valpoi
2026-01-17T01:03:07.661Z,GA 07 G 2003-CUR(QUICK RESPONSE),15.2604016,74.1031166,0,STOP,At Fire Station Curchorem,Fire Station Curchorem
2026-01-17T01:03:07.661Z,GA 07 G 7447-CUR(EMERGENCY RESCUE),15.260415,74.10376,0,STOP,At Fire Station Curchorem,Fire Station Curchorem
2026-01-17T01:03:07.661Z,GA 07 G 7557-CUR(WATER TENDER),15.2604083,74.1034266,0,STOP,At Fire Station Curchorem,Fire Station Curchorem
2026-01-17T01:03:07.661Z,GA 07 G 7667-CUR(WATER BOUSER),15.2602533,74.1037266,0,STOP,At Fire Station Curchorem,Fire Station Curchorem
2026-01-17T01:03:07.661Z,GA 07 G 4989-KUN(WATER TENDER),15.4632383,73.9724617,0,STOP,At Fire Station Kundaim,Fire Station Kundaim
2026-01-17T01:03:07.661Z,GA 07 G 2242-PIL(WATER TENDER),15.5329344,73.7940983,0,STOP,At Fire Station Pilerne,Fire Station Pilerne
2026-01-17T01:03:07.661Z,GA 07 G 0681-MAP(QUICK RESPONSE),15.58978,73.808805,0,STOP,At Fire Station Mapusa,Fire Station Mapusa
2026-01-17T01:03:07.661Z,GA 07 G 0307-PER(QUICK RESPONSE),15.7164939,73.7974239,0,INACTIVE,At Fire Station Pernem,Fire Station Pernem
2026-01-17T01:03:07.661Z,GA 07 G 2101-PER(MS WATER TENDER),15.7164572,73.7975456,0,STOP,At Fire Station Pernem,Fire Station Pernem
2026-01-17T01:03:07.661Z,GA 07 G 4600-PER(MINI RESCUE TENDER),15.7165267,73.7975289,0,STOP,At Fire Station Pernem,Fire Station Pernem
2026-01-17T01:03:07.661Z,GA 07 G 7272-PNJ(WATER TENDER),15.4880722,73.8173878,0,STOP,"Goa College of Home Science, Dayanand Bandodkar Road, Opposite Parade Ground Campal,, Panaji, Goa (SE)",Fire Station Panaji
2026-01-17T01:03:07.661Z,GA07G2384- Cuncolim,15.1861639,74.0211006,0,STOP,At Fire Station Cuncolim,Fire Station Cuncolim
2026-01-17T01:03:07.661Z,GA07G2507 - PER Mid Size (Water Tender),15.716485,73.7975017,0,STOP,At Fire Station Pernem,Fire Station Pernem
2026-01-17T01:03:07.661Z,GA07G2505 - VAP Mid Size (Water Tender),15.5304817,74.0986483,45,RUNNING,"Shree MahaGanapati Mandir, SH 1, Naguem, Goa (NW)",Fire Station Valpoi
2026-01-17T01:03:07.661Z,GA07G2504 - BIC Mid Size (Water Tender),15.589485,73.9466967,0,STOP,At Fire Station Bicholim ,Fire Station Bicholim
2026-01-17T01:03:07.661Z,GA07G2503- MAP Mid Size (Water Tender),15.5899483,73.808635,0,STOP,At Fire Station Mapusa,Fire Station Mapusa
2026-01-17T01:03:07.661Z,GA07G2502 - FFHQ Mid Size (Water Tender),15.4868,73.8171867,0,STOP,"Caculo Mall, 16 Shanta, St Inez Rd, Caculo Enclave, Santa Inez, Panaji, Goa (NW)",Fire Force Headquarters
2026-01-17T01:03:43.888Z,GA 07 G 0680-PIL(QUICK RESPONSE VEHICLE),15.52289,73.8294267,0,STOP,At Porvorim Fire Station,Fire Station Pilerne
2026-01-17T01:03:43.888Z,GA07G2506 - OLG Mid Size (Water Tender),15.500308,73.91407,0,STOP,At Fire Station Old Goa,Fire Station Old Goa
2026-01-17T01:03:43.888Z,GA 07 G 5115-POR(MINI WATER TENDER),15.52334,73.829453,0,STOP,At Porvorim Fire Station,Fire Station Porvorim
2026-01-17T01:03:43.888Z,GA 07 G 0350-MRG(WATER TENDER),15.269438,73.970627,0,STOP,At Fire Station Margoa,Fire Station Margao
2026-01-17T01:03:43.888Z,GA 07 G 2900-MAP(MINI RESCUE TENDER),15.58999,73.808624,0,STOP,At Fire Station Mapusa,Fire Station Mapusa
2026-01-17T01:03:43.888Z,GA 07 G 7600-FFHQ(WATER BOUSER),15.487132,73.817329,0,STOP,"Caculo Mall, 16 Shanta, St Inez Rd, Caculo Enclave, Santa Inez, Panaji, Goa (NW)",Fire Force Headquarters
2026-01-17T01:03:43.888Z,GA 07 G 2002-FFHQ(TURN TABLE LADDER),15.487413,73.817276,0,STOP,"Caculo Mall, 16 Shanta, St Inez Rd, Caculo Enclave, Santa Inez, Panaji, Goa (NW)",Fire Force Headquarters
2026-01-17T01:03:43.888Z,GA 07 G 7101-FFHQ(WATER TENDER),15.48682,73.816971,0,STOP,"Caculo Mall, 16 Shanta, St Inez Rd, Caculo Enclave, Santa Inez, Panaji, Goa (NW)",Fire Force Headquarters
2026-01-17T01:03:43.888Z,GA 07 G 7677-FFHQ(EMERGENCY RESCUE),15.486722,73.817116,0,IDLE,"Caculo Mall, 16 Shanta, St Inez Rd, Caculo Enclave, Santa Inez, Panaji, Goa (NW)",Fire Force Headquarters
2026-01-17T01:03:43.888Z,GA 07 G 1121-PNJ(EMERGENCY RESCUE),15.487333,73.817299,0,STOP,"Caculo Mall, 16 Shanta, St Inez Rd, Caculo Enclave, Santa Inez, Panaji, Goa (NW)",Fire Station Panaji
2026-01-17T01:03:43.888Z,GA 07 G 1571-FFHQ(QUICK RESPONSE),15.486457,73.817513,0,STOP,"Caculo Mall, 16 Shanta, St Inez Rd, Caculo Enclave, Santa Inez, Panaji, Goa (SW)",Fire Force Headquarters
2026-01-17T01:03:43.888Z,GA 07 G 8101-MAP(WATER TENDER),15.589972,73.808624,0,STOP,At Fire Station Mapusa,Fire Station Mapusa
2026-01-17T01:03:43.888Z,GA 07 G 2317-MRG(EMERGENCY RESCUE TENDER),15.2694116,73.9701666,0,STOP,At Fire Station Margoa,Fire Station Margao
2026-01-17T01:03:43.888Z,GA 07 G 1570-VAS(QUICK RESPONSE FIRE TENDER),15.3887733,73.8513266,0,STOP,At Fire Station Vasco,Fire Station Vasco
2026-01-17T01:03:43.888Z,GA 07 G 4101-VAS(MS WATER TENDER),15.3888166,73.851285,0,STOP,At Fire Station Vasco,Fire Station Vasco
2026-01-17T01:03:43.888Z,GA 07 G 0819-VAS(WATER/FOAM TENDER),15.38905,73.8510983,0,IDLE,At Fire Station Vasco,Fire Station Vasco
2026-01-17T01:03:43.888Z,GA 07 G 7100-MRG(WATER BOUSER),15.269415,73.969995,0,STOP,At Fire Station Margoa,Fire Station Margao
2026-01-17T01:03:43.888Z,GA 07 G 1568-MRG(QUICK RESPONSE ),15.2693416,73.9705166,0,STOP,At Fire Station Margoa,Fire Station Margao
2026-01-17T01:03:43.888Z,GA 07 G 6101-MRG(WATER TENDER),15.2694116,73.970255,0,STOP,At Fire Station Margoa,Fire Station Margao
2026-01-17T01:03:43.888Z,GA 07 G 1001-MRG(AERIAL LADDER PLATFORM),15.26938,73.9701583,0,STOP,At Fire Station Margoa,Fire Station Margao
2026-01-17T01:03:43.888Z,GA 07 G 0820-BIC(WATER TEDNER),15.4027967,74.0028217,0,STOP,At Fire Station Ponda ,Fire Station Bicholim
2026-01-17T01:03:43.888Z,GA 07 G 5101-OLG(MS WATER TENDER),15.500265,73.9139483,0,STOP,At Fire Station Old Goa,Fire Station Old Goa
2026-01-17T01:03:43.888Z,GA 07 G 3101-BIC(MS WATER TENDER),15.5894883,73.94668,1,STOP,At Fire Station Bicholim ,Fire Station Bicholim
2026-01-17T01:03:43.888Z,GA 07 G 1941-BIC(QUICK RESPONSE),15.5894533,73.9467116,0,STOP,At Fire Station Bicholim ,Fire Station Bicholim
2026-01-17T01:03:43.888Z,GA 07 G 2319-VAS (EMERGENCY RESCUE TENDER),15.3900983,73.8532383,0,STOP,"Zuari Rd, Holy Cross Colony, Dabolim, Goa (SE)",Fire Station Vasco
2026-01-17T01:03:43.888Z,GA 07 G 3737-VAP(WATER TENDER),15.5310533,74.1388916,0,STOP,At Fire Station Valpoi ,Fire Station Valpoi
2026-01-17T01:03:43.888Z,GA 07 G 2318-PND(EMERGENCY RESCUE TENDER),15.4028033,74.00293,0,STOP,At Fire Station Ponda ,Fire Station Ponda
2026-01-17T01:03:43.888Z,GA 07 G 2004-PND(QUICK RESPONSE),15.4141016,73.9073083,0,INACTIVE,"Guru Hotel, Old Ferry Road, Agaçaim, Goa (SE)",Fire Station Ponda
2026-01-17T01:03:43.888Z,GA 07 G 9101-PND(WATER TENDER),15.4027033,74.0028733,0,STOP,At Fire Station Ponda ,Fire Station Ponda
2026-01-17T01:03:43.888Z,GA 07 G 9797-PND(WATER BOUSER),15.4027999,74.0027016,0,STOP,At Fire Station Ponda ,Fire Station Ponda
2026-01-17T01:03:43.888Z,GA 07 G 6363-CAN(WATER TENDER),15.02361,74.04406,0,INACTIVE,"Canacona, The Lalitrajbaga ,Canacona, Canacona, Goa (NE)",Fire Station Canacona
2026-01-17T01:03:43.888Z,GA 07 G 1567-CAN(QUICK RESPONSE FT),15.0233599,74.0440833,0,INACTIVE,"Canacona, The Lalitrajbaga ,Canacona, Canacona, Goa (NE)",Fire Station Canacona
2026-01-17T01:03:43.888Z,GA 07 G 1569-VRN(QUICK RESPONSE),15.369545,73.9355216,0,STOP,At Fire Station Verna,Fire Station Verna
2026-01-17T01:03:43.888Z,GA 07 G 9909-VRN(ADVANCE MULTI-PURPOSE),15.36974,73.9360833,0,STOP,At Fire Station Verna,Fire Station Verna
2026-01-17T01:03:43.888Z,GA 07 G 1942-VAP(QUICK RESPONSE),15.5310033,74.138745,0,STOP,At Fire Station Valpoi ,Fire Station Valpoi
2026-01-17T01:03:43.888Z,GA 07 G 2003-CUR(QUICK RESPONSE),15.2604016,74.1031166,0,STOP,At Fire Station Curchorem,Fire Station Curchorem
2026-01-17T01:03:43.888Z,GA 07 G 7447-CUR(EMERGENCY RESCUE),15.260415,74.10376,0,STOP,At Fire Station Curchorem,Fire Station Curchorem
2026-01-17T01:03:43.888Z,GA 07 G 7557-CUR(WATER TENDER),15.2604083,74.1034266,0,STOP,At Fire Station Curchorem,Fire Station Curchorem
2026-01-17T01:03:43.888Z,GA 07 G 7667-CUR(WATER BOUSER),15.2602533,74.1037266,0,STOP,At Fire Station Curchorem,Fire Station Curchorem
2026-01-17T01:03:43.888Z,GA 07 G 4989-KUN(WATER TENDER),15.4632383,73.9724617,0,STOP,At Fire Station Kundaim,Fire Station Kundaim
2026-01-17T01:03:43.888Z,GA 07 G 2242-PIL(WATER TENDER),15.5329344,73.7940983,0,STOP,At Fire Station Pilerne,Fire Station Pilerne
2026-01-17T01:03:43.888Z,GA 07 G 0681-MAP(QUICK RESPONSE),15.58978,73.808805,0,STOP,At Fire Station Mapusa,Fire Station Mapusa
2026-01-17T01:03:43.888Z,GA 07 G 0307-PER(QUICK RESPONSE),15.7164939,73.7974239,0,INACTIVE,At Fire Station Pernem,Fire Station Pernem
2026-01-17T01:03:43.888Z,GA 07 G 2101-PER(MS WATER TENDER),15.7164572,73.7975456,0,STOP,At Fire Station Pernem,Fire Station Pernem
2026-01-17T01:03:43.888Z,GA 07 G 4600-PER(MINI RESCUE TENDER),15.7165267,73.7975289,0,STOP,At Fire Station Pernem,Fire Station Pernem
2026-01-17T01:03:43.888Z,GA 07 G 7272-PNJ(WATER TENDER),15.4880722,73.8173878,0,STOP,"Goa College of Home Science, Dayanand Bandodkar Road, Opposite Parade Ground Campal,, Panaji, Goa (SE)",Fire Station Panaji
2026-01-17T01:03:43.888Z,GA07G2384- Cuncolim,15.1861639,74.0211006,0,STOP,At Fire Station Cuncolim,Fire Station Cuncolim
2026-01-17T01:03:43.888Z,GA07G2507 - PER Mid Size (Water Tender),15.716485,73.7975017,0,STOP,At Fire Station Pernem,Fire Station Pernem
2026-01-17T01:03:43.888Z,GA07G2505 - VAP Mid Size (Water Tender),15.5348,74.0933683,32,RUNNING,"Shree MahaGanapati Mandir, SH 1, Naguem, Goa (NW)",Fire Station Valpoi
2026-01-17T01:03:43.888Z,GA07G2504 - BIC Mid Size (Water Tender),15.589485,73.9466967,0,STOP,At Fire Station Bicholim ,Fire Station Bicholim
2026-01-17T01:03:43.888Z,GA07G2503- MAP Mid Size (Water Tender),15.5899483,73.808635,0,STOP,At Fire Station Mapusa,Fire Station Mapusa
2026-01-17T01:03:43.888Z,GA07G2502 - FFHQ Mid Size (Water Tender),15.4868,73.8171867,0,STOP,"Caculo Mall, 16 Shanta, St Inez Rd, Caculo Enclave, Santa Inez, Panaji, Goa (NW)",Fire Force Headquarters
2026-01-17T01:04:37.083Z,GA 07 G 0680-PIL(QUICK RESPONSE VEHICLE),15.52289,73.8294267,0,STOP,At Porvorim Fire Station,Fire Station Pilerne
2026-01-17T01:04:37.083Z,GA07G2506 - OLG Mid Size (Water Tender),15.500308,73.91407,0,STOP,At Fire Station Old Goa,Fire Station Old Goa
2026-01-17T01:04:37.083Z,GA 07 G 5115-POR(MINI WATER TENDER),15.52334,73.829453,0,STOP,At Porvorim Fire Station,Fire Station Porvorim
2026-01-17T01:04:37.083Z,GA 07 G 0350-MRG(WATER TENDER),15.269438,73.970627,0,STOP,At Fire Station Margoa,Fire Station Margao
2026-01-17T01:04:37.083Z,GA 07 G 2900-MAP(MINI RESCUE TENDER),15.58999,73.808624,0,STOP,At Fire Station Mapusa,Fire Station Mapusa
2026-01-17T01:04:37.083Z,GA 07 G 7600-FFHQ(WATER BOUSER),15.487132,73.817329,0,STOP,"Caculo Mall, 16 Shanta, St Inez Rd, Caculo Enclave, Santa Inez, Panaji, Goa (NW)",Fire Force Headquarters
2026-01-17T01:04:37.083Z,GA 07 G 2002-FFHQ(TURN TABLE LADDER),15.487413,73.817276,0,STOP,"Caculo Mall, 16 Shanta, St Inez Rd, Caculo Enclave, Santa Inez, Panaji, Goa (NW)",Fire Force Headquarters
2026-01-17T01:04:37.083Z,GA 07 G 7101-FFHQ(WATER TENDER),15.48682,73.816971,0,STOP,"Caculo Mall, 16 Shanta, St Inez Rd, Caculo Enclave, Santa Inez, Panaji, Goa (NW)",Fire Force Headquarters
2026-01-17T01:04:37.083Z,GA 07 G 7677-FFHQ(EMERGENCY RESCUE),15.486363,73.817276,0,STOP,At Fire Station panaji,Fire Force Headquarters
2026-01-17T01:04:37.083Z,GA 07 G 1121-PNJ(EMERGENCY RESCUE),15.487333,73.817299,0,STOP,"Caculo Mall, 16 Shanta, St Inez Rd, Caculo Enclave, Santa Inez, Panaji, Goa (NW)",Fire Station Panaji
2026-01-17T01:04:37.083Z,GA 07 G 1571-FFHQ(QUICK RESPONSE),15.486457,73.817513,0,STOP,"Caculo Mall, 16 Shanta, St Inez Rd, Caculo Enclave, Santa Inez, Panaji, Goa (SW)",Fire Force Headquarters
2026-01-17T01:04:37.083Z,GA 07 G 8101-MAP(WATER TENDER),15.589972,73.808624,0,STOP,At Fire Station Mapusa,Fire Station Mapusa
2026-01-17T01:04:37.083Z,GA 07 G 2317-MRG(EMERGENCY RESCUE TENDER),15.2694116,73.9701666,0,STOP,At Fire Station Margoa,Fire Station Margao
2026-01-17T01:04:37.083Z,GA 07 G 1570-VAS(QUICK RESPONSE FIRE TENDER),15.3887733,73.8513266,0,STOP,At Fire Station Vasco,Fire Station Vasco
2026-01-17T01:04:37.083Z,GA 07 G 4101-VAS(MS WATER TENDER),15.3888166,73.851285,0,STOP,At Fire Station Vasco,Fire Station Vasco
2026-01-17T01:04:37.083Z,GA 07 G 0819-VAS(WATER/FOAM TENDER),15.38905,73.8510983,0,IDLE,At Fire Station Vasco,Fire Station Vasco
2026-01-17T01:04:37.083Z,GA 07 G 7100-MRG(WATER BOUSER),15.269415,73.969995,0,STOP,At Fire Station Margoa,Fire Station Margao
2026-01-17T01:04:37.083Z,GA 07 G 1568-MRG(QUICK RESPONSE ),15.2693416,73.9705166,0,STOP,At Fire Station Margoa,Fire Station Margao
2026-01-17T01:04:37.083Z,GA 07 G 6101-MRG(WATER TENDER),15.2694116,73.970255,0,STOP,At Fire Station Margoa,Fire Station Margao
2026-01-17T01:04:37.083Z,GA 07 G 1001-MRG(AERIAL LADDER PLATFORM),15.26938,73.9701583,0,STOP,At Fire Station Margoa,Fire Station Margao
2026-01-17T01:04:37.083Z,GA 07 G 0820-BIC(WATER TEDNER),15.4027967,74.0028217,0,STOP,At Fire Station Ponda ,Fire Station Bicholim
2026-01-17T01:04:37.083Z,GA 07 G 5101-OLG(MS WATER TENDER),15.500265,73.9139483,0,STOP,At Fire Station Old Goa,Fire Station Old Goa
2026-01-17T01:04:37.083Z,GA 07 G 3101-BIC(MS WATER TENDER),15.58943,73.9467449,5,STOP,At Fire Station Bicholim ,Fire Station Bicholim
2026-01-17T01:04:37.083Z,GA 07 G 1941-BIC(QUICK RESPONSE),15.5894533,73.9467116,0,STOP,At Fire Station Bicholim ,Fire Station Bicholim
2026-01-17T01:04:37.083Z,GA 07 G 2319-VAS (EMERGENCY RESCUE TENDER),15.3900983,73.8532383,0,STOP,"Zuari Rd, Holy Cross Colony, Dabolim, Goa (SE)",Fire Station Vasco
2026-01-17T01:04:37.083Z,GA 07 G 3737-VAP(WATER TENDER),15.5310533,74.1388916,0,STOP,At Fire Station Valpoi ,Fire Station Valpoi
2026-01-17T01:04:37.083Z,GA 07 G 2318-PND(EMERGENCY RESCUE TENDER),15.4028033,74.00293,0,STOP,At Fire Station Ponda ,Fire Station Ponda
2026-01-17T01:04:37.083Z,GA 07 G 2004-PND(QUICK RESPONSE),15.4141016,73.9073083,0,INACTIVE,"Guru Hotel, Old Ferry Road, Agaçaim, Goa (SE)",Fire Station Ponda
2026-01-17T01:04:37.083Z,GA 07 G 9101-PND(WATER TENDER),15.4027033,74.0028733,0,STOP,At Fire Station Ponda ,Fire Station Ponda
2026-01-17T01:04:37.083Z,GA 07 G 9797-PND(WATER BOUSER),15.4027999,74.0027016,0,STOP,At Fire Station Ponda ,Fire Station Ponda
2026-01-17T01:04:37.083Z,GA 07 G 6363-CAN(WATER TENDER),15.02361,74.04406,0,INACTIVE,"Canacona, The Lalitrajbaga ,Canacona, Canacona, Goa (NE)",Fire Station Canacona
2026-01-17T01:04:37.083Z,GA 07 G 1567-CAN(QUICK RESPONSE FT),15.0233599,74.0440833,0,INACTIVE,"Canacona, The Lalitrajbaga ,Canacona, Canacona, Goa (NE)",Fire Station Canacona
2026-01-17T01:04:37.083Z,GA 07 G 1569-VRN(QUICK RESPONSE),15.369545,73.9355216,0,STOP,At Fire Station Verna,Fire Station Verna
2026-01-17T01:04:37.083Z,GA 07 G 9909-VRN(ADVANCE MULTI-PURPOSE),15.36974,73.9360833,0,STOP,At Fire Station Verna,Fire Station Verna
2026-01-17T01:04:37.083Z,GA 07 G 1942-VAP(QUICK RESPONSE),15.5310033,74.138745,0,STOP,At Fire Station Valpoi ,Fire Station Valpoi
2026-01-17T01:04:37.083Z,GA 07 G 2003-CUR(QUICK RESPONSE),15.2604016,74.1031166,0,STOP,At Fire Station Curchorem,Fire Station Curchorem
2026-01-17T01:04:37.083Z,GA 07 G 7447-CUR(EMERGENCY RESCUE),15.260415,74.10376,0,STOP,At Fire Station Curchorem,Fire Station Curchorem
2026-01-17T01:04:37.083Z,GA 07 G 7557-CUR(WATER TENDER),15.2604083,74.1034266,0,STOP,At Fire Station Curchorem,Fire Station Curchorem
2026-01-17T01:04:37.083Z,GA 07 G 7667-CUR(WATER BOUSER),15.2602533,74.1037266,0,STOP,At Fire Station Curchorem,Fire Station Curchorem
2026-01-17T01:04:37.083Z,GA 07 G 4989-KUN(WATER TENDER),15.4632383,73.9724617,0,STOP,At Fire Station Kundaim,Fire Station Kundaim
2026-01-17T01:04:37.083Z,GA 07 G 2242-PIL(WATER TENDER),15.5329344,73.7940983,0,STOP,At Fire Station Pilerne,Fire Station Pilerne
2026-01-17T01:04:37.083Z,GA 07 G 0681-MAP(QUICK RESPONSE),15.58978,73.808805,0,STOP,At Fire Station Mapusa,Fire Station Mapusa
2026-01-17T01:04:37.083Z,GA 07 G 0307-PER(QUICK RESPONSE),15.7164939,73.7974239,0,INACTIVE,At Fire Station Pernem,Fire Station Pernem
2026-01-17T01:04:37.083Z,GA 07 G 2101-PER(MS WATER TENDER),15.7164572,73.7975456,0,STOP,At Fire Station Pernem,Fire Station Pernem
2026-01-17T01:04:37.083Z,GA 07 G 4600-PER(MINI RESCUE TENDER),15.7165267,73.7975289,0,STOP,At Fire Station Pernem,Fire Station Pernem
2026-01-17T01:04:37.083Z,GA 07 G 7272-PNJ(WATER TENDER),15.4880722,73.8173878,0,STOP,"Goa College of Home Science, Dayanand Bandodkar Road, Opposite Parade Ground Campal,, Panaji, Goa (SE)",Fire Station Panaji
2026-01-17T01:04:37.083Z,GA07G2384- Cuncolim,15.1861639,74.0211006,0,STOP,At Fire Station Cuncolim,Fire Station Cuncolim
2026-01-17T01:04:37.083Z,GA07G2507 - PER Mid Size (Water Tender),15.716485,73.7975017,0,STOP,At Fire Station Pernem,Fire Station Pernem
2026-01-17T01:04:37.083Z,GA07G2505 - VAP Mid Size (Water Tender),15.5380333,74.0900233,53,RUNNING,"2.12 km from Rajaram Stores, Panchayat wada Pissurlem, Satari, Goa (NE)",Fire Station Valpoi
2026-01-17T01:04:37.083Z,GA07G2504 - BIC Mid Size (Water Tender),15.589485,73.9466967,0,STOP,At Fire Station Bicholim ,Fire Station Bicholim
2026-01-17T01:04:37.083Z,GA07G2503- MAP Mid Size (Water Tender),15.5899483,73.808635,0,STOP,At Fire Station Mapusa,Fire Station Mapusa
2026-01-17T01:04:37.083Z,GA07G2502 - FFHQ Mid Size (Water Tender),15.4868,73.8171867,0,STOP,"Caculo Mall, 16 Shanta, St Inez Rd, Caculo Enclave, Santa Inez, Panaji, Goa (NW)",Fire Force Headquarters
2026-01-17T01:06:03.365Z,GA 07 G 0680-PIL(QUICK RESPONSE VEHICLE),15.52289,73.8294267,0,STOP,At Porvorim Fire Station,Fire Station Pilerne
2026-01-17T01:06:03.365Z,GA07G2506 - OLG Mid Size (Water Tender),15.500308,73.91407,0,STOP,At Fire Station Old Goa,Fire Station Old Goa
2026-01-17T01:06:03.365Z,GA 07 G 5115-POR(MINI WATER TENDER),15.52334,73.829453,0,STOP,At Porvorim Fire Station,Fire Station Porvorim
2026-01-17T01:06:03.365Z,GA 07 G 0350-MRG(WATER TENDER),15.269438,73.970627,0,STOP,At Fire Station Margoa,Fire Station Margao
2026-01-17T01:06:03.365Z,GA 07 G 2900-MAP(MINI RESCUE TENDER),15.58999,73.808624,0,STOP,At Fire Station Mapusa,Fire Station Mapusa
2026-01-17T01:06:03.365Z,GA 07 G 7600-FFHQ(WATER BOUSER),15.487132,73.817329,0,STOP,"Caculo Mall, 16 Shanta, St Inez Rd, Caculo Enclave, Santa Inez, Panaji, Goa (NW)",Fire Force Headquarters
2026-01-17T01:06:03.365Z,GA 07 G 2002-FFHQ(TURN TABLE LADDER),15.487413,73.817276,0,STOP,"Caculo Mall, 16 Shanta, St Inez Rd, Caculo Enclave, Santa Inez, Panaji, Goa (NW)",Fire Force Headquarters
2026-01-17T01:06:03.365Z,GA 07 G 7101-FFHQ(WATER TENDER),15.48682,73.816971,0,STOP,"Caculo Mall, 16 Shanta, St Inez Rd, Caculo Enclave, Santa Inez, Panaji, Goa (NW)",Fire Force Headquarters
2026-01-17T01:06:03.365Z,GA 07 G 7677-FFHQ(EMERGENCY RESCUE),15.486363,73.817276,0,STOP,At Fire Station panaji,Fire Force Headquarters
2026-01-17T01:06:03.365Z,GA 07 G 1121-PNJ(EMERGENCY RESCUE),15.487333,73.817299,0,STOP,"Caculo Mall, 16 Shanta, St Inez Rd, Caculo Enclave, Santa Inez, Panaji, Goa (NW)",Fire Station Panaji
2026-01-17T01:06:03.365Z,GA 07 G 1571-FFHQ(QUICK RESPONSE),15.486457,73.817513,0,STOP,"Caculo Mall, 16 Shanta, St Inez Rd, Caculo Enclave, Santa Inez, Panaji, Goa (SW)",Fire Force Headquarters
2026-01-17T01:06:03.365Z,GA 07 G 8101-MAP(WATER TENDER),15.589972,73.808624,0,STOP,At Fire Station Mapusa,Fire Station Mapusa
2026-01-17T01:06:03.365Z,GA 07 G 2317-MRG(EMERGENCY RESCUE TENDER),15.2694116,73.9701666,0,STOP,At Fire Station Margoa,Fire Station Margao
2026-01-17T01:06:03.365Z,GA 07 G 1570-VAS(QUICK RESPONSE FIRE TENDER),15.3887733,73.8513266,0,STOP,At Fire Station Vasco,Fire Station Vasco
2026-01-17T01:06:03.365Z,GA 07 G 4101-VAS(MS WATER TENDER),15.3888166,73.851285,0,STOP,At Fire Station Vasco,Fire Station Vasco
2026-01-17T01:06:03.365Z,GA 07 G 0819-VAS(WATER/FOAM TENDER),15.38905,73.8510983,0,IDLE,At Fire Station Vasco,Fire Station Vasco
2026-01-17T01:06:03.365Z,GA 07 G 7100-MRG(WATER BOUSER),15.269415,73.969995,0,STOP,At Fire Station Margoa,Fire Station Margao
2026-01-17T01:06:03.365Z,GA 07 G 1568-MRG(QUICK RESPONSE ),15.2693416,73.9705166,0,STOP,At Fire Station Margoa,Fire Station Margao
2026-01-17T01:06:03.365Z,GA 07 G 6101-MRG(WATER TENDER),15.2694116,73.970255,0,STOP,At Fire Station Margoa,Fire Station Margao
2026-01-17T01:06:03.365Z,GA 07 G 1001-MRG(AERIAL LADDER PLATFORM),15.26938,73.9701583,0,STOP,At Fire Station Margoa,Fire Station Margao
2026-01-17T01:06:03.365Z,GA 07 G 0820-BIC(WATER TEDNER),15.4027967,74.0028217,0,STOP,At Fire Station Ponda ,Fire Station Bicholim
2026-01-17T01:06:03.365Z,GA 07 G 5101-OLG(MS WATER TENDER),15.500265,73.9139483,0,STOP,At Fire Station Old Goa,Fire Station Old Goa
2026-01-17T01:06:03.365Z,GA 07 G 3101-BIC(MS WATER TENDER),15.5894883,73.9467116,3,STOP,At Fire Station Bicholim ,Fire Station Bicholim
2026-01-17T01:06:03.365Z,GA 07 G 1941-BIC(QUICK RESPONSE),15.5894533,73.9467116,0,STOP,At Fire Station Bicholim ,Fire Station Bicholim
2026-01-17T01:06:03.365Z,GA 07 G 2319-VAS (EMERGENCY RESCUE TENDER),15.3900983,73.8532383,0,STOP,"Zuari Rd, Holy Cross Colony, Dabolim, Goa (SE)",Fire Station Vasco
2026-01-17T01:06:03.365Z,GA 07 G 3737-VAP(WATER TENDER),15.5310533,74.1388916,0,STOP,At Fire Station Valpoi ,Fire Station Valpoi
2026-01-17T01:06:03.365Z,GA 07 G 2318-PND(EMERGENCY RESCUE TENDER),15.4028033,74.00293,0,STOP,At Fire Station Ponda ,Fire Station Ponda
2026-01-17T01:06:03.365Z,GA 07 G 2004-PND(QUICK RESPONSE),15.4141016,73.9073083,0,INACTIVE,"Guru Hotel, Old Ferry Road, Agaçaim, Goa (SE)",Fire Station Ponda
2026-01-17T01:06:03.365Z,GA 07 G 9101-PND(WATER TENDER),15.4027033,74.0028733,0,STOP,At Fire Station Ponda ,Fire Station Ponda
2026-01-17T01:06:03.365Z,GA 07 G 9797-PND(WATER BOUSER),15.4027999,74.0027016,0,STOP,At Fire Station Ponda ,Fire Station Ponda
2026-01-17T01:06:03.365Z,GA 07 G 6363-CAN(WATER TENDER),15.02361,74.04406,0,INACTIVE,"Canacona, The Lalitrajbaga ,Canacona, Canacona, Goa (NE)",Fire Station Canacona
2026-01-17T01:06:03.365Z,GA 07 G 1567-CAN(QUICK RESPONSE FT),15.0233599,74.0440833,0,INACTIVE,"Canacona, The Lalitrajbaga ,Canacona, Canacona, Goa (NE)",Fire Station Canacona
2026-01-17T01:06:03.365Z,GA 07 G 1569-VRN(QUICK RESPONSE),15.369545,73.9355216,0,STOP,At Fire Station Verna,Fire Station Verna
2026-01-17T01:06:03.365Z,GA 07 G 9909-VRN(ADVANCE MULTI-PURPOSE),15.36974,73.9360833,0,STOP,At Fire Station Verna,Fire Station Verna
2026-01-17T01:06:03.365Z,GA 07 G 1942-VAP(QUICK RESPONSE),15.5310033,74.138745,0,STOP,At Fire Station Valpoi ,Fire Station Valpoi
2026-01-17T01:06:03.365Z,GA 07 G 2003-CUR(QUICK RESPONSE),15.2604016,74.1031166,0,STOP,At Fire Station Curchorem,Fire Station Curchorem
2026-01-17T01:06:03.365Z,GA 07 G 7447-CUR(EMERGENCY RESCUE),15.260415,74.10376,0,STOP,At Fire Station Curchorem,Fire Station Curchorem
2026-01-17T01:06:03.365Z,GA 07 G 7557-CUR(WATER TENDER),15.2604083,74.1034266,0,STOP,At Fire Station Curchorem,Fire Station Curchorem
2026-01-17T01:06:03.365Z,GA 07 G 7667-CUR(WATER BOUSER),15.2602533,74.1037266,0,STOP,At Fire Station Curchorem,Fire Station Curchorem
2026-01-17T01:06:03.365Z,GA 07 G 4989-KUN(WATER TENDER),15.4632383,73.9724617,0,STOP,At Fire Station Kundaim,Fire Station Kundaim
2026-01-17T01:06:03.365Z,GA 07 G 2242-PIL(WATER TENDER),15.5329344,73.7940983,0,STOP,At Fire Station Pilerne,Fire Station Pilerne
2026-01-17T01:06:03.365Z,GA 07 G 0681-MAP(QUICK RESPONSE),15.58978,73.808805,0,STOP,At Fire Station Mapusa,Fire Station Mapusa
2026-01-17T01:06:03.365Z,GA 07 G 0307-PER(QUICK RESPONSE),15.7164939,73.7974239,0,INACTIVE,At Fire Station Pernem,Fire Station Pernem
2026-01-17T01:06:03.365Z,GA 07 G 2101-PER(MS WATER TENDER),15.7164572,73.7975456,0,STOP,At Fire Station Pernem,Fire Station Pernem
2026-01-17T01:06:03.365Z,GA 07 G 4600-PER(MINI RESCUE TENDER),15.7165267,73.7975289,0,STOP,At Fire Station Pernem,Fire Station Pernem
2026-01-17T01:06:03.365Z,GA 07 G 7272-PNJ(WATER TENDER),15.4880722,73.8173878,0,STOP,"Goa College of Home Science, Dayanand Bandodkar Road, Opposite Parade Ground Campal,, Panaji, Goa (SE)",Fire Station Panaji
2026-01-17T01:06:03.365Z,GA07G2384- Cuncolim,15.1861639,74.0211006,0,STOP,At Fire Station Cuncolim,Fire Station Cuncolim
2026-01-17T01:06:03.365Z,GA07G2507 - PER Mid Size (Water Tender),15.716485,73.7975017,0,STOP,At Fire Station Pernem,Fire Station Pernem
2026-01-17T01:06:03.365Z,GA07G2505 - VAP Mid Size (Water Tender),15.541565,74.0810783,48,RUNNING,"Rajaram Stores, Panchayat wada Pissurlem, Satari, Goa (NE)",Fire Station Valpoi
2026-01-17T01:06:03.365Z,GA07G2504 - BIC Mid Size (Water Tender),15.589485,73.9466967,0,STOP,At Fire Station Bicholim ,Fire Station Bicholim
2026-01-17T01:06:03.365Z,GA07G2503- MAP Mid Size (Water Tender),15.5899483,73.808635,0,STOP,At Fire Station Mapusa,Fire Station Mapusa
2026-01-17T01:06:03.365Z,GA07G2502 - FFHQ Mid Size (Water Tender),15.4868,73.8171867,0,STOP,"Caculo Mall, 16 Shanta, St Inez Rd, Caculo Enclave, Santa Inez, Panaji, Goa (NW)",Fire Force Headquarters
2026-01-17T01:06:46.550Z,GA 07 G 0680-PIL(QUICK RESPONSE VEHICLE),15.52289,73.8294267,0,STOP,At Porvorim Fire Station,Fire Station Pilerne
2026-01-17T01:06:46.550Z,GA07G2506 - OLG Mid Size (Water Tender),15.500308,73.91407,0,STOP,At Fire Station Old Goa,Fire Station Old Goa
2026-01-17T01:06:46.550Z,GA 07 G 5115-POR(MINI WATER TENDER),15.52334,73.829453,0,STOP,At Porvorim Fire Station,Fire Station Porvorim
2026-01-17T01:06:46.550Z,GA 07 G 0350-MRG(WATER TENDER),15.269438,73.970627,0,STOP,At Fire Station Margoa,Fire Station Margao
2026-01-17T01:06:46.550Z,GA 07 G 2900-MAP(MINI RESCUE TENDER),15.58999,73.808624,0,STOP,At Fire Station Mapusa,Fire Station Mapusa
2026-01-17T01:06:46.550Z,GA 07 G 7600-FFHQ(WATER BOUSER),15.487132,73.817329,0,STOP,"Caculo Mall, 16 Shanta, St Inez Rd, Caculo Enclave, Santa Inez, Panaji, Goa (NW)",Fire Force Headquarters
2026-01-17T01:06:46.550Z,GA 07 G 2002-FFHQ(TURN TABLE LADDER),15.487413,73.817276,0,STOP,"Caculo Mall, 16 Shanta, St Inez Rd, Caculo Enclave, Santa Inez, Panaji, Goa (NW)",Fire Force Headquarters
2026-01-17T01:06:46.550Z,GA 07 G 7101-FFHQ(WATER TENDER),15.48682,73.816971,0,STOP,"Caculo Mall, 16 Shanta, St Inez Rd, Caculo Enclave, Santa Inez, Panaji, Goa (NW)",Fire Force Headquarters
2026-01-17T01:06:46.550Z,GA 07 G 7677-FFHQ(EMERGENCY RESCUE),15.486363,73.817276,0,STOP,At Fire Station panaji,Fire Force Headquarters
2026-01-17T01:06:46.550Z,GA 07 G 1121-PNJ(EMERGENCY RESCUE),15.487333,73.817299,0,STOP,"Caculo Mall, 16 Shanta, St Inez Rd, Caculo Enclave, Santa Inez, Panaji, Goa (NW)",Fire Station Panaji
2026-01-17T01:06:46.550Z,GA 07 G 1571-FFHQ(QUICK RESPONSE),15.486457,73.817513,0,STOP,"Caculo Mall, 16 Shanta, St Inez Rd, Caculo Enclave, Santa Inez, Panaji, Goa (SW)",Fire Force Headquarters
2026-01-17T01:06:46.550Z,GA 07 G 8101-MAP(WATER TENDER),15.589972,73.808624,0,STOP,At Fire Station Mapusa,Fire Station Mapusa
2026-01-17T01:06:46.550Z,GA 07 G 2317-MRG(EMERGENCY RESCUE TENDER),15.2694116,73.9701666,0,STOP,At Fire Station Margoa,Fire Station Margao
2026-01-17T01:06:46.550Z,GA 07 G 1570-VAS(QUICK RESPONSE FIRE TENDER),15.3887733,73.8513266,0,STOP,At Fire Station Vasco,Fire Station Vasco
2026-01-17T01:06:46.550Z,GA 07 G 4101-VAS(MS WATER TENDER),15.3888166,73.851285,0,STOP,At Fire Station Vasco,Fire Station Vasco
2026-01-17T01:06:46.550Z,GA 07 G 0819-VAS(WATER/FOAM TENDER),15.38905,73.8510983,0,IDLE,At Fire Station Vasco,Fire Station Vasco
2026-01-17T01:06:46.550Z,GA 07 G 7100-MRG(WATER BOUSER),15.269415,73.969995,0,STOP,At Fire Station Margoa,Fire Station Margao
2026-01-17T01:06:46.550Z,GA 07 G 1568-MRG(QUICK RESPONSE ),15.2693416,73.9705166,0,STOP,At Fire Station Margoa,Fire Station Margao
2026-01-17T01:06:46.550Z,GA 07 G 6101-MRG(WATER TENDER),15.2694116,73.970255,0,STOP,At Fire Station Margoa,Fire Station Margao
2026-01-17T01:06:46.550Z,GA 07 G 1001-MRG(AERIAL LADDER PLATFORM),15.26938,73.9701583,0,STOP,At Fire Station Margoa,Fire Station Margao
2026-01-17T01:06:46.550Z,GA 07 G 0820-BIC(WATER TEDNER),15.4027967,74.0028217,0,STOP,At Fire Station Ponda ,Fire Station Bicholim
2026-01-17T01:06:46.550Z,GA 07 G 5101-OLG(MS WATER TENDER),15.500265,73.9139483,0,STOP,At Fire Station Old Goa,Fire Station Old Goa
2026-01-17T01:06:46.550Z,GA 07 G 3101-BIC(MS WATER TENDER),15.5894883,73.9467116,0,STOP,At Fire Station Bicholim ,Fire Station Bicholim
2026-01-17T01:06:46.550Z,GA 07 G 1941-BIC(QUICK RESPONSE),15.5894533,73.9467116,0,STOP,At Fire Station Bicholim ,Fire Station Bicholim
2026-01-17T01:06:46.550Z,GA 07 G 2319-VAS (EMERGENCY RESCUE TENDER),15.3900983,73.8532383,0,STOP,"Zuari Rd, Holy Cross Colony, Dabolim, Goa (SE)",Fire Station Vasco
2026-01-17T01:06:46.550Z,GA 07 G 3737-VAP(WATER TENDER),15.5310533,74.1388916,0,STOP,At Fire Station Valpoi ,Fire Station Valpoi
2026-01-17T01:06:46.550Z,GA 07 G 2318-PND(EMERGENCY RESCUE TENDER),15.4028033,74.00293,0,STOP,At Fire Station Ponda ,Fire Station Ponda
2026-01-17T01:06:46.550Z,GA 07 G 2004-PND(QUICK RESPONSE),15.4141016,73.9073083,0,INACTIVE,"Guru Hotel, Old Ferry Road, Agaçaim, Goa (SE)",Fire Station Ponda
2026-01-17T01:06:46.550Z,GA 07 G 9101-PND(WATER TENDER),15.4027033,74.0028733,0,STOP,At Fire Station Ponda ,Fire Station Ponda
2026-01-17T01:06:46.550Z,GA 07 G 9797-PND(WATER BOUSER),15.4027999,74.0027016,0,STOP,At Fire Station Ponda ,Fire Station Ponda
2026-01-17T01:06:46.550Z,GA 07 G 6363-CAN(WATER TENDER),15.02361,74.04406,0,INACTIVE,"Canacona, The Lalitrajbaga ,Canacona, Canacona, Goa (NE)",Fire Station Canacona
2026-01-17T01:06:46.550Z,GA 07 G 1567-CAN(QUICK RESPONSE FT),15.0233599,74.0440833,0,INACTIVE,"Canacona, The Lalitrajbaga ,Canacona, Canacona, Goa (NE)",Fire Station Canacona
2026-01-17T01:06:46.550Z,GA 07 G 1569-VRN(QUICK RESPONSE),15.369545,73.9355216,0,STOP,At Fire Station Verna,Fire Station Verna
2026-01-17T01:06:46.550Z,GA 07 G 9909-VRN(ADVANCE MULTI-PURPOSE),15.36974,73.9360833,0,STOP,At Fire Station Verna,Fire Station Verna
2026-01-17T01:06:46.550Z,GA 07 G 1942-VAP(QUICK RESPONSE),15.5310033,74.138745,0,STOP,At Fire Station Valpoi ,Fire Station Valpoi
2026-01-17T01:06:46.550Z,GA 07 G 2003-CUR(QUICK RESPONSE),15.2604016,74.1031166,0,STOP,At Fire Station Curchorem,Fire Station Curchorem
2026-01-17T01:06:46.550Z,GA 07 G 7447-CUR(EMERGENCY RESCUE),15.260415,74.10376,0,STOP,At Fire Station Curchorem,Fire Station Curchorem
2026-01-17T01:06:46.550Z,GA 07 G 7557-CUR(WATER TENDER),15.2604083,74.1034266,0,STOP,At Fire Station Curchorem,Fire Station Curchorem
2026-01-17T01:06:46.550Z,GA 07 G 7667-CUR(WATER BOUSER),15.2602533,74.1037266,0,STOP,At Fire Station Curchorem,Fire Station Curchorem
2026-01-17T01:06:46.550Z,GA 07 G 4989-KUN(WATER TENDER),15.4632383,73.9724617,0,STOP,At Fire Station Kundaim,Fire Station Kundaim
2026-01-17T01:06:46.550Z,GA 07 G 2242-PIL(WATER TENDER),15.5329344,73.7940983,0,STOP,At Fire Station Pilerne,Fire Station Pilerne
2026-01-17T01:06:46.550Z,GA 07 G 0681-MAP(QUICK RESPONSE),15.58978,73.808805,0,STOP,At Fire Station Mapusa,Fire Station Mapusa
2026-01-17T01:06:46.550Z,GA 07 G 0307-PER(QUICK RESPONSE),15.7164939,73.7974239,0,INACTIVE,At Fire Station Pernem,Fire Station Pernem
2026-01-17T01:06:46.550Z,GA 07 G 2101-PER(MS WATER TENDER),15.7164572,73.7975456,0,STOP,At Fire Station Pernem,Fire Station Pernem
2026-01-17T01:06:46.550Z,GA 07 G 4600-PER(MINI RESCUE TENDER),15.7165267,73.7975289,0,STOP,At Fire Station Pernem,Fire Station Pernem
2026-01-17T01:06:46.550Z,GA 07 G 7272-PNJ(WATER TENDER),15.4880722,73.8173878,0,STOP,"Goa College of Home Science, Dayanand Bandodkar Road, Opposite Parade Ground Campal,, Panaji, Goa (SE)",Fire Station Panaji
2026-01-17T01:06:46.550Z,GA07G2384- Cuncolim,15.1861639,74.0211006,0,STOP,At Fire Station Cuncolim,Fire Station Cuncolim
2026-01-17T01:06:46.550Z,GA07G2507 - PER Mid Size (Water Tender),15.716485,73.7975017,0,STOP,At Fire Station Pernem,Fire Station Pernem
2026-01-17T01:06:46.550Z,GA07G2505 - VAP Mid Size (Water Tender),15.5423917,74.0773267,18,RUNNING,"Sub Post Office Honda, Near ACGL, Ground Floor, IDC Building, Honda VP, Goa (SE)",Fire Station Valpoi
2026-01-17T01:06:46.550Z,GA07G2504 - BIC Mid Size (Water Tender),15.589485,73.9466967,0,STOP,At Fire Station Bicholim ,Fire Station Bicholim
2026-01-17T01:06:46.550Z,GA07G2503- MAP Mid Size (Water Tender),15.5899483,73.808635,0,STOP,At Fire Station Mapusa,Fire Station Mapusa
2026-01-17T01:06:46.550Z,GA07G2502 - FFHQ Mid Size (Water Tender),15.4868,73.8171867,0,STOP,"Caculo Mall, 16 Shanta, St Inez Rd, Caculo Enclave, Santa Inez, Panaji, Goa (NW)",Fire Force Headquarters
2026-01-17T01:07:45.470Z,GA 07 G 0680-PIL(QUICK RESPONSE VEHICLE),15.52289,73.8294267,0,STOP,At Porvorim Fire Station,Fire Station Pilerne
2026-01-17T01:07:45.470Z,GA07G2506 - OLG Mid Size (Water Tender),15.500308,73.91407,0,STOP,At Fire Station Old Goa,Fire Station Old Goa
2026-01-17T01:07:45.470Z,GA 07 G 5115-POR(MINI WATER TENDER),15.52334,73.829453,0,STOP,At Porvorim Fire Station,Fire Station Porvorim
2026-01-17T01:07:45.470Z,GA 07 G 0350-MRG(WATER TENDER),15.269438,73.970627,0,STOP,At Fire Station Margoa,Fire Station Margao
2026-01-17T01:07:45.470Z,GA 07 G 2900-MAP(MINI RESCUE TENDER),15.58999,73.808624,0,STOP,At Fire Station Mapusa,Fire Station Mapusa
2026-01-17T01:07:45.470Z,GA 07 G 7600-FFHQ(WATER BOUSER),15.487132,73.817329,0,STOP,"Caculo Mall, 16 Shanta, St Inez Rd, Caculo Enclave, Santa Inez, Panaji, Goa (NW)",Fire Force Headquarters
2026-01-17T01:07:45.470Z,GA 07 G 2002-FFHQ(TURN TABLE LADDER),15.487413,73.817276,0,STOP,"Caculo Mall, 16 Shanta, St Inez Rd, Caculo Enclave, Santa Inez, Panaji, Goa (NW)",Fire Force Headquarters
2026-01-17T01:07:45.470Z,GA 07 G 7101-FFHQ(WATER TENDER),15.48682,73.816971,0,STOP,"Caculo Mall, 16 Shanta, St Inez Rd, Caculo Enclave, Santa Inez, Panaji, Goa (NW)",Fire Force Headquarters
2026-01-17T01:07:45.470Z,GA 07 G 7677-FFHQ(EMERGENCY RESCUE),15.486363,73.817276,0,STOP,At Fire Station panaji,Fire Force Headquarters
2026-01-17T01:07:45.470Z,GA 07 G 1121-PNJ(EMERGENCY RESCUE),15.487333,73.817299,0,STOP,"Caculo Mall, 16 Shanta, St Inez Rd, Caculo Enclave, Santa Inez, Panaji, Goa (NW)",Fire Station Panaji
2026-01-17T01:07:45.470Z,GA 07 G 1571-FFHQ(QUICK RESPONSE),15.486457,73.817513,0,STOP,"Caculo Mall, 16 Shanta, St Inez Rd, Caculo Enclave, Santa Inez, Panaji, Goa (SW)",Fire Force Headquarters
2026-01-17T01:07:45.470Z,GA 07 G 8101-MAP(WATER TENDER),15.589972,73.808624,0,STOP,At Fire Station Mapusa,Fire Station Mapusa
2026-01-17T01:07:45.470Z,GA 07 G 2317-MRG(EMERGENCY RESCUE TENDER),15.2694116,73.9701666,0,STOP,At Fire Station Margoa,Fire Station Margao
2026-01-17T01:07:45.470Z,GA 07 G 1570-VAS(QUICK RESPONSE FIRE TENDER),15.3887733,73.8513266,0,STOP,At Fire Station Vasco,Fire Station Vasco
2026-01-17T01:07:45.470Z,GA 07 G 4101-VAS(MS WATER TENDER),15.3888166,73.851285,0,STOP,At Fire Station Vasco,Fire Station Vasco
2026-01-17T01:07:45.470Z,GA 07 G 0819-VAS(WATER/FOAM TENDER),15.38905,73.8510983,0,IDLE,At Fire Station Vasco,Fire Station Vasco
2026-01-17T01:07:45.470Z,GA 07 G 7100-MRG(WATER BOUSER),15.269415,73.969995,0,STOP,At Fire Station Margoa,Fire Station Margao
2026-01-17T01:07:45.470Z,GA 07 G 1568-MRG(QUICK RESPONSE ),15.2693416,73.9705166,0,STOP,At Fire Station Margoa,Fire Station Margao
2026-01-17T01:07:45.470Z,GA 07 G 6101-MRG(WATER TENDER),15.2694116,73.970255,0,STOP,At Fire Station Margoa,Fire Station Margao
2026-01-17T01:07:45.470Z,GA 07 G 1001-MRG(AERIAL LADDER PLATFORM),15.26938,73.9701583,0,STOP,At Fire Station Margoa,Fire Station Margao
2026-01-17T01:07:45.470Z,GA 07 G 0820-BIC(WATER TEDNER),15.4027967,74.0028217,0,STOP,At Fire Station Ponda ,Fire Station Bicholim
2026-01-17T01:07:45.470Z,GA 07 G 5101-OLG(MS WATER TENDER),15.500265,73.9139483,0,STOP,At Fire Station Old Goa,Fire Station Old Goa
2026-01-17T01:07:45.470Z,GA 07 G 3101-BIC(MS WATER TENDER),15.5894883,73.9467116,0,STOP,At Fire Station Bicholim ,Fire Station Bicholim
2026-01-17T01:07:45.470Z,GA 07 G 1941-BIC(QUICK RESPONSE),15.5894533,73.9467116,0,STOP,At Fire Station Bicholim ,Fire Station Bicholim
2026-01-17T01:07:45.470Z,GA 07 G 2319-VAS (EMERGENCY RESCUE TENDER),15.3900983,73.8532383,0,STOP,"Zuari Rd, Holy Cross Colony, Dabolim, Goa (SE)",Fire Station Vasco
2026-01-17T01:07:45.470Z,GA 07 G 3737-VAP(WATER TENDER),15.5310533,74.1388916,0,STOP,At Fire Station Valpoi ,Fire Station Valpoi
2026-01-17T01:07:45.470Z,GA 07 G 2318-PND(EMERGENCY RESCUE TENDER),15.4028033,74.00293,0,STOP,At Fire Station Ponda ,Fire Station Ponda
2026-01-17T01:07:45.470Z,GA 07 G 2004-PND(QUICK RESPONSE),15.4141016,73.9073083,0,INACTIVE,"Guru Hotel, Old Ferry Road, Agaçaim, Goa (SE)",Fire Station Ponda
2026-01-17T01:07:45.470Z,GA 07 G 9101-PND(WATER TENDER),15.4027033,74.0028733,0,STOP,At Fire Station Ponda ,Fire Station Ponda
2026-01-17T01:07:45.470Z,GA 07 G 9797-PND(WATER BOUSER),15.4027999,74.0027016,0,STOP,At Fire Station Ponda ,Fire Station Ponda
2026-01-17T01:07:45.470Z,GA 07 G 6363-CAN(WATER TENDER),15.02361,74.04406,0,INACTIVE,"Canacona, The Lalitrajbaga ,Canacona, Canacona, Goa (NE)",Fire Station Canacona
2026-01-17T01:07:45.470Z,GA 07 G 1567-CAN(QUICK RESPONSE FT),15.0233599,74.0440833,0,INACTIVE,"Canacona, The Lalitrajbaga ,Canacona, Canacona, Goa (NE)",Fire Station Canacona
2026-01-17T01:07:45.470Z,GA 07 G 1569-VRN(QUICK RESPONSE),15.369545,73.9355216,0,STOP,At Fire Station Verna,Fire Station Verna
2026-01-17T01:07:45.470Z,GA 07 G 9909-VRN(ADVANCE MULTI-PURPOSE),15.36974,73.9360833,0,STOP,At Fire Station Verna,Fire Station Verna
2026-01-17T01:07:45.470Z,GA 07 G 1942-VAP(QUICK RESPONSE),15.5310033,74.138745,0,STOP,At Fire Station Valpoi ,Fire Station Valpoi
2026-01-17T01:07:45.470Z,GA 07 G 2003-CUR(QUICK RESPONSE),15.2604016,74.1031166,0,STOP,At Fire Station Curchorem,Fire Station Curchorem
2026-01-17T01:07:45.470Z,GA 07 G 7447-CUR(EMERGENCY RESCUE),15.260415,74.10376,0,STOP,At Fire Station Curchorem,Fire Station Curchorem
2026-01-17T01:07:45.470Z,GA 07 G 7557-CUR(WATER TENDER),15.2604083,74.1034266,0,STOP,At Fire Station Curchorem,Fire Station Curchorem
2026-01-17T01:07:45.470Z,GA 07 G 7667-CUR(WATER BOUSER),15.2602533,74.1037266,0,STOP,At Fire Station Curchorem,Fire Station Curchorem
2026-01-17T01:07:45.470Z,GA 07 G 4989-KUN(WATER TENDER),15.4632383,73.9724617,0,STOP,At Fire Station Kundaim,Fire Station Kundaim
2026-01-17T01:07:45.470Z,GA 07 G 2242-PIL(WATER TENDER),15.5329344,73.7940983,0,STOP,At Fire Station Pilerne,Fire Station Pilerne
2026-01-17T01:07:45.470Z,GA 07 G 0681-MAP(QUICK RESPONSE),15.58978,73.808805,0,STOP,At Fire Station Mapusa,Fire Station Mapusa
2026-01-17T01:07:45.470Z,GA 07 G 0307-PER(QUICK RESPONSE),15.7164939,73.7974239,0,INACTIVE,At Fire Station Pernem,Fire Station Pernem
2026-01-17T01:07:45.470Z,GA 07 G 2101-PER(MS WATER TENDER),15.7164572,73.7975456,0,STOP,At Fire Station Pernem,Fire Station Pernem
2026-01-17T01:07:45.470Z,GA 07 G 4600-PER(MINI RESCUE TENDER),15.7165267,73.7975289,0,STOP,At Fire Station Pernem,Fire Station Pernem
2026-01-17T01:07:45.470Z,GA 07 G 7272-PNJ(WATER TENDER),15.4880722,73.8173878,0,STOP,"Goa College of Home Science, Dayanand Bandodkar Road, Opposite Parade Ground Campal,, Panaji, Goa (SE)",Fire Station Panaji
2026-01-17T01:07:45.470Z,GA07G2384- Cuncolim,15.1861639,74.0211006,0,STOP,At Fire Station Cuncolim,Fire Station Cuncolim
2026-01-17T01:07:45.470Z,GA07G2507 - PER Mid Size (Water Tender),15.716485,73.7975017,0,STOP,At Fire Station Pernem,Fire Station Pernem
2026-01-17T01:07:45.470Z,GA07G2505 - VAP Mid Size (Water Tender),15.5442817,74.0706617,44,RUNNING,"Sub Post Office Honda, Near ACGL, Ground Floor, IDC Building, Honda VP, Goa (SE)",Fire Station Valpoi
2026-01-17T01:07:45.470Z,GA07G2504 - BIC Mid Size (Water Tender),15.589485,73.9466967,0,STOP,At Fire Station Bicholim ,Fire Station Bicholim
2026-01-17T01:07:45.470Z,GA07G2503- MAP Mid Size (Water Tender),15.5899483,73.808635,0,STOP,At Fire Station Mapusa,Fire Station Mapusa
2026-01-17T01:07:45.470Z,GA07G2502 - FFHQ Mid Size (Water Tender),15.4868,73.8171867,0,STOP,"Caculo Mall, 16 Shanta, St Inez Rd, Caculo Enclave, Santa Inez, Panaji, Goa (NW)",Fire Force Headquarters
2026-01-17T01:08:50.592Z,GA 07 G 0680-PIL(QUICK RESPONSE VEHICLE),15.52289,73.8294267,0,STOP,At Porvorim Fire Station,Fire Station Pilerne
2026-01-17T01:08:50.592Z,GA07G2506 - OLG Mid Size (Water Tender),15.500308,73.91407,0,STOP,At Fire Station Old Goa,Fire Station Old Goa
2026-01-17T01:08:50.592Z,GA 07 G 5115-POR(MINI WATER TENDER),15.52334,73.829453,0,STOP,At Porvorim Fire Station,Fire Station Porvorim
2026-01-17T01:08:50.592Z,GA 07 G 0350-MRG(WATER TENDER),15.269438,73.970627,0,STOP,At Fire Station Margoa,Fire Station Margao
2026-01-17T01:08:50.592Z,GA 07 G 2900-MAP(MINI RESCUE TENDER),15.58999,73.808624,0,STOP,At Fire Station Mapusa,Fire Station Mapusa
2026-01-17T01:08:50.592Z,GA 07 G 7600-FFHQ(WATER BOUSER),15.487132,73.817329,0,STOP,"Caculo Mall, 16 Shanta, St Inez Rd, Caculo Enclave, Santa Inez, Panaji, Goa (NW)",Fire Force Headquarters
2026-01-17T01:08:50.592Z,GA 07 G 2002-FFHQ(TURN TABLE LADDER),15.487413,73.817276,0,STOP,"Caculo Mall, 16 Shanta, St Inez Rd, Caculo Enclave, Santa Inez, Panaji, Goa (NW)",Fire Force Headquarters
2026-01-17T01:08:50.592Z,GA 07 G 7101-FFHQ(WATER TENDER),15.48682,73.816971,0,STOP,"Caculo Mall, 16 Shanta, St Inez Rd, Caculo Enclave, Santa Inez, Panaji, Goa (NW)",Fire Force Headquarters
2026-01-17T01:08:50.592Z,GA 07 G 7677-FFHQ(EMERGENCY RESCUE),15.486363,73.817276,0,STOP,At Fire Station panaji,Fire Force Headquarters
2026-01-17T01:08:50.592Z,GA 07 G 1121-PNJ(EMERGENCY RESCUE),15.487333,73.817299,0,STOP,"Caculo Mall, 16 Shanta, St Inez Rd, Caculo Enclave, Santa Inez, Panaji, Goa (NW)",Fire Station Panaji
2026-01-17T01:08:50.592Z,GA 07 G 1571-FFHQ(QUICK RESPONSE),15.486457,73.817513,0,STOP,"Caculo Mall, 16 Shanta, St Inez Rd, Caculo Enclave, Santa Inez, Panaji, Goa (SW)",Fire Force Headquarters
2026-01-17T01:08:50.592Z,GA 07 G 8101-MAP(WATER TENDER),15.589972,73.808624,0,STOP,At Fire Station Mapusa,Fire Station Mapusa
2026-01-17T01:08:50.592Z,GA 07 G 2317-MRG(EMERGENCY RESCUE TENDER),15.2694116,73.9701666,0,STOP,At Fire Station Margoa,Fire Station Margao
2026-01-17T01:08:50.592Z,GA 07 G 1570-VAS(QUICK RESPONSE FIRE TENDER),15.3887733,73.8513266,0,STOP,At Fire Station Vasco,Fire Station Vasco
2026-01-17T01:08:50.592Z,GA 07 G 4101-VAS(MS WATER TENDER),15.3888166,73.851285,0,STOP,At Fire Station Vasco,Fire Station Vasco
2026-01-17T01:08:50.592Z,GA 07 G 0819-VAS(WATER/FOAM TENDER),15.38905,73.8510983,0,IDLE,At Fire Station Vasco,Fire Station Vasco
2026-01-17T01:08:50.592Z,GA 07 G 7100-MRG(WATER BOUSER),15.269415,73.969995,0,STOP,At Fire Station Margoa,Fire Station Margao
2026-01-17T01:08:50.592Z,GA 07 G 1568-MRG(QUICK RESPONSE ),15.2693416,73.9705166,0,STOP,At Fire Station Margoa,Fire Station Margao
2026-01-17T01:08:50.592Z,GA 07 G 6101-MRG(WATER TENDER),15.2694116,73.970255,0,STOP,At Fire Station Margoa,Fire Station Margao
2026-01-17T01:08:50.592Z,GA 07 G 1001-MRG(AERIAL LADDER PLATFORM),15.26938,73.9701583,0,STOP,At Fire Station Margoa,Fire Station Margao
2026-01-17T01:08:50.592Z,GA 07 G 0820-BIC(WATER TEDNER),15.4027967,74.0028217,0,STOP,At Fire Station Ponda ,Fire Station Bicholim
2026-01-17T01:08:50.592Z,GA 07 G 5101-OLG(MS WATER TENDER),15.500265,73.9139483,0,STOP,At Fire Station Old Goa,Fire Station Old Goa
2026-01-17T01:08:50.592Z,GA 07 G 3101-BIC(MS WATER TENDER),15.5894883,73.9467116,0,STOP,At Fire Station Bicholim ,Fire Station Bicholim
2026-01-17T01:08:50.592Z,GA 07 G 1941-BIC(QUICK RESPONSE),15.5894533,73.9467116,0,STOP,At Fire Station Bicholim ,Fire Station Bicholim
2026-01-17T01:08:50.592Z,GA 07 G 2319-VAS (EMERGENCY RESCUE TENDER),15.3900983,73.8532383,0,STOP,"Zuari Rd, Holy Cross Colony, Dabolim, Goa (SE)",Fire Station Vasco
2026-01-17T01:08:50.592Z,GA 07 G 3737-VAP(WATER TENDER),15.5310533,74.1388916,0,STOP,At Fire Station Valpoi ,Fire Station Valpoi
2026-01-17T01:08:50.592Z,GA 07 G 2318-PND(EMERGENCY RESCUE TENDER),15.4028033,74.00293,0,STOP,At Fire Station Ponda ,Fire Station Ponda
2026-01-17T01:08:50.592Z,GA 07 G 2004-PND(QUICK RESPONSE),15.4141016,73.9073083,0,INACTIVE,"Guru Hotel, Old Ferry Road, Agaçaim, Goa (SE)",Fire Station Ponda
2026-01-17T01:08:50.592Z,GA 07 G 9101-PND(WATER TENDER),15.4027033,74.0028733,0,STOP,At Fire Station Ponda ,Fire Station Ponda
2026-01-17T01:08:50.592Z,GA 07 G 9797-PND(WATER BOUSER),15.4027999,74.0027016,0,STOP,At Fire Station Ponda ,Fire Station Ponda
2026-01-17T01:08:50.592Z,GA 07 G 6363-CAN(WATER TENDER),15.02361,74.04406,0,INACTIVE,"Canacona, The Lalitrajbaga ,Canacona, Canacona, Goa (NE)",Fire Station Canacona
2026-01-17T01:08:50.592Z,GA 07 G 1567-CAN(QUICK RESPONSE FT),15.0233599,74.0440833,0,INACTIVE,"Canacona, The Lalitrajbaga ,Canacona, Canacona, Goa (NE)",Fire Station Canacona
2026-01-17T01:08:50.592Z,GA 07 G 1569-VRN(QUICK RESPONSE),15.369545,73.9355216,0,STOP,At Fire Station Verna,Fire Station Verna
2026-01-17T01:08:50.592Z,GA 07 G 9909-VRN(ADVANCE MULTI-PURPOSE),15.36974,73.9360833,0,STOP,At Fire Station Verna,Fire Station Verna
2026-01-17T01:08:50.592Z,GA 07 G 1942-VAP(QUICK RESPONSE),15.5310033,74.138745,0,STOP,At Fire Station Valpoi ,Fire Station Valpoi
2026-01-17T01:08:50.592Z,GA 07 G 2003-CUR(QUICK RESPONSE),15.2604016,74.1031166,0,STOP,At Fire Station Curchorem,Fire Station Curchorem
2026-01-17T01:08:50.592Z,GA 07 G 7447-CUR(EMERGENCY RESCUE),15.260415,74.10376,0,STOP,At Fire Station Curchorem,Fire Station Curchorem
2026-01-17T01:08:50.592Z,GA 07 G 7557-CUR(WATER TENDER),15.2604083,74.1034266,0,STOP,At Fire Station Curchorem,Fire Station Curchorem
2026-01-17T01:08:50.592Z,GA 07 G 7667-CUR(WATER BOUSER),15.2602533,74.1037266,0,STOP,At Fire Station Curchorem,Fire Station Curchorem
2026-01-17T01:08:50.592Z,GA 07 G 4989-KUN(WATER TENDER),15.4632383,73.9724617,0,STOP,At Fire Station Kundaim,Fire Station Kundaim
2026-01-17T01:08:50.592Z,GA 07 G 2242-PIL(WATER TENDER),15.5329344,73.7940983,0,STOP,At Fire Station Pilerne,Fire Station Pilerne
2026-01-17T01:08:50.592Z,GA 07 G 0681-MAP(QUICK RESPONSE),15.58978,73.808805,0,STOP,At Fire Station Mapusa,Fire Station Mapusa
2026-01-17T01:08:50.592Z,GA 07 G 0307-PER(QUICK RESPONSE),15.7164939,73.7974239,0,INACTIVE,At Fire Station Pernem,Fire Station Pernem
2026-01-17T01:08:50.592Z,GA 07 G 2101-PER(MS WATER TENDER),15.7164572,73.7975456,0,STOP,At Fire Station Pernem,Fire Station Pernem
2026-01-17T01:08:50.592Z,GA 07 G 4600-PER(MINI RESCUE TENDER),15.7165267,73.7975289,0,STOP,At Fire Station Pernem,Fire Station Pernem
2026-01-17T01:08:50.592Z,GA 07 G 7272-PNJ(WATER TENDER),15.4880722,73.8173878,0,STOP,"Goa College of Home Science, Dayanand Bandodkar Road, Opposite Parade Ground Campal,, Panaji, Goa (SE)",Fire Station Panaji
2026-01-17T01:08:50.592Z,GA07G2384- Cuncolim,15.1861639,74.0211006,0,STOP,At Fire Station Cuncolim,Fire Station Cuncolim
2026-01-17T01:08:50.592Z,GA07G2507 - PER Mid Size (Water Tender),15.716485,73.7975017,0,STOP,At Fire Station Pernem,Fire Station Pernem
2026-01-17T01:08:50.592Z,GA07G2505 - VAP Mid Size (Water Tender),15.5430683,74.0634367,29,RUNNING,"Vadakade Honda, Honda VP, Goa (NE)",Fire Station Valpoi
2026-01-17T01:08:50.592Z,GA07G2504 - BIC Mid Size (Water Tender),15.589485,73.9466967,0,STOP,At Fire Station Bicholim ,Fire Station Bicholim
2026-01-17T01:08:50.592Z,GA07G2503- MAP Mid Size (Water Tender),15.5899483,73.808635,0,STOP,At Fire Station Mapusa,Fire Station Mapusa
2026-01-17T01:08:50.592Z,GA07G2502 - FFHQ Mid Size (Water Tender),15.4868,73.8171867,0,STOP,"Caculo Mall, 16 Shanta, St Inez Rd, Caculo Enclave, Santa Inez, Panaji, Goa (NW)",Fire Force Headquarters
2026-01-17T01:09:44.729Z,GA 07 G 0680-PIL(QUICK RESPONSE VEHICLE),15.52289,73.8294267,0,STOP,At Porvorim Fire Station,Fire Station Pilerne
2026-01-17T01:09:44.729Z,GA07G2506 - OLG Mid Size (Water Tender),15.500308,73.91407,0,STOP,At Fire Station Old Goa,Fire Station Old Goa
2026-01-17T01:09:44.729Z,GA 07 G 5115-POR(MINI WATER TENDER),15.52334,73.829453,0,STOP,At Porvorim Fire Station,Fire Station Porvorim
2026-01-17T01:09:44.729Z,GA 07 G 0350-MRG(WATER TENDER),15.269438,73.970627,0,STOP,At Fire Station Margoa,Fire Station Margao
2026-01-17T01:09:44.729Z,GA 07 G 2900-MAP(MINI RESCUE TENDER),15.58999,73.808624,0,STOP,At Fire Station Mapusa,Fire Station Mapusa
2026-01-17T01:09:44.729Z,GA 07 G 7600-FFHQ(WATER BOUSER),15.487132,73.817329,0,STOP,"Caculo Mall, 16 Shanta, St Inez Rd, Caculo Enclave, Santa Inez, Panaji, Goa (NW)",Fire Force Headquarters
2026-01-17T01:09:44.729Z,GA 07 G 2002-FFHQ(TURN TABLE LADDER),15.487413,73.817276,0,STOP,"Caculo Mall, 16 Shanta, St Inez Rd, Caculo Enclave, Santa Inez, Panaji, Goa (NW)",Fire Force Headquarters
2026-01-17T01:09:44.729Z,GA 07 G 7101-FFHQ(WATER TENDER),15.48682,73.816971,0,STOP,"Caculo Mall, 16 Shanta, St Inez Rd, Caculo Enclave, Santa Inez, Panaji, Goa (NW)",Fire Force Headquarters
2026-01-17T01:09:44.729Z,GA 07 G 7677-FFHQ(EMERGENCY RESCUE),15.486363,73.817276,0,STOP,At Fire Station panaji,Fire Force Headquarters
2026-01-17T01:09:44.729Z,GA 07 G 1121-PNJ(EMERGENCY RESCUE),15.487333,73.817299,0,STOP,"Caculo Mall, 16 Shanta, St Inez Rd, Caculo Enclave, Santa Inez, Panaji, Goa (NW)",Fire Station Panaji
2026-01-17T01:09:44.729Z,GA 07 G 1571-FFHQ(QUICK RESPONSE),15.486457,73.817513,0,STOP,"Caculo Mall, 16 Shanta, St Inez Rd, Caculo Enclave, Santa Inez, Panaji, Goa (SW)",Fire Force Headquarters
2026-01-17T01:09:44.729Z,GA 07 G 8101-MAP(WATER TENDER),15.589972,73.808624,0,STOP,At Fire Station Mapusa,Fire Station Mapusa
2026-01-17T01:09:44.729Z,GA 07 G 2317-MRG(EMERGENCY RESCUE TENDER),15.2694116,73.9701666,0,STOP,At Fire Station Margoa,Fire Station Margao
2026-01-17T01:09:44.729Z,GA 07 G 1570-VAS(QUICK RESPONSE FIRE TENDER),15.3887733,73.8513266,0,STOP,At Fire Station Vasco,Fire Station Vasco
2026-01-17T01:09:44.729Z,GA 07 G 4101-VAS(MS WATER TENDER),15.3888166,73.851285,0,STOP,At Fire Station Vasco,Fire Station Vasco
2026-01-17T01:09:44.729Z,GA 07 G 0819-VAS(WATER/FOAM TENDER),15.38905,73.8510983,0,IDLE,At Fire Station Vasco,Fire Station Vasco
2026-01-17T01:09:44.729Z,GA 07 G 7100-MRG(WATER BOUSER),15.269415,73.969995,0,STOP,At Fire Station Margoa,Fire Station Margao
2026-01-17T01:09:44.729Z,GA 07 G 1568-MRG(QUICK RESPONSE ),15.2693416,73.9705166,0,STOP,At Fire Station Margoa,Fire Station Margao
2026-01-17T01:09:44.729Z,GA 07 G 6101-MRG(WATER TENDER),15.2694116,73.970255,0,STOP,At Fire Station Margoa,Fire Station Margao
2026-01-17T01:09:44.729Z,GA 07 G 1001-MRG(AERIAL LADDER PLATFORM),15.26938,73.9701583,0,STOP,At Fire Station Margoa,Fire Station Margao
2026-01-17T01:09:44.729Z,GA 07 G 0820-BIC(WATER TEDNER),15.4027967,74.0028217,0,STOP,At Fire Station Ponda ,Fire Station Bicholim
2026-01-17T01:09:44.729Z,GA 07 G 5101-OLG(MS WATER TENDER),15.500265,73.9139483,0,STOP,At Fire Station Old Goa,Fire Station Old Goa
2026-01-17T01:09:44.729Z,GA 07 G 3101-BIC(MS WATER TENDER),15.5894883,73.9467116,0,STOP,At Fire Station Bicholim ,Fire Station Bicholim
2026-01-17T01:09:44.729Z,GA 07 G 1941-BIC(QUICK RESPONSE),15.5894533,73.9467116,0,STOP,At Fire Station Bicholim ,Fire Station Bicholim
2026-01-17T01:09:44.729Z,GA 07 G 2319-VAS (EMERGENCY RESCUE TENDER),15.3900983,73.8532383,0,STOP,"Zuari Rd, Holy Cross Colony, Dabolim, Goa (SE)",Fire Station Vasco
2026-01-17T01:09:44.729Z,GA 07 G 3737-VAP(WATER TENDER),15.5310533,74.1388916,0,STOP,At Fire Station Valpoi ,Fire Station Valpoi
2026-01-17T01:09:44.729Z,GA 07 G 2318-PND(EMERGENCY RESCUE TENDER),15.4028033,74.00293,0,STOP,At Fire Station Ponda ,Fire Station Ponda
2026-01-17T01:09:44.729Z,GA 07 G 2004-PND(QUICK RESPONSE),15.4141016,73.9073083,0,INACTIVE,"Guru Hotel, Old Ferry Road, Agaçaim, Goa (SE)",Fire Station Ponda
2026-01-17T01:09:44.729Z,GA 07 G 9101-PND(WATER TENDER),15.4027033,74.0028733,0,STOP,At Fire Station Ponda ,Fire Station Ponda
2026-01-17T01:09:44.729Z,GA 07 G 9797-PND(WATER BOUSER),15.4027999,74.0027016,0,STOP,At Fire Station Ponda ,Fire Station Ponda
2026-01-17T01:09:44.729Z,GA 07 G 6363-CAN(WATER TENDER),15.02361,74.04406,0,INACTIVE,"Canacona, The Lalitrajbaga ,Canacona, Canacona, Goa (NE)",Fire Station Canacona
2026-01-17T01:09:44.729Z,GA 07 G 1567-CAN(QUICK RESPONSE FT),15.0233599,74.0440833,0,INACTIVE,"Canacona, The Lalitrajbaga ,Canacona, Canacona, Goa (NE)",Fire Station Canacona
2026-01-17T01:09:44.729Z,GA 07 G 1569-VRN(QUICK RESPONSE),15.369545,73.9355216,0,STOP,At Fire Station Verna,Fire Station Verna
2026-01-17T01:09:44.729Z,GA 07 G 9909-VRN(ADVANCE MULTI-PURPOSE),15.36974,73.9360833,0,STOP,At Fire Station Verna,Fire Station Verna
2026-01-17T01:09:44.729Z,GA 07 G 1942-VAP(QUICK RESPONSE),15.5310033,74.138745,0,STOP,At Fire Station Valpoi ,Fire Station Valpoi
2026-01-17T01:09:44.729Z,GA 07 G 2003-CUR(QUICK RESPONSE),15.2604016,74.1031166,0,STOP,At Fire Station Curchorem,Fire Station Curchorem
2026-01-17T01:09:44.729Z,GA 07 G 7447-CUR(EMERGENCY RESCUE),15.260415,74.10376,0,STOP,At Fire Station Curchorem,Fire Station Curchorem
2026-01-17T01:09:44.729Z,GA 07 G 7557-CUR(WATER TENDER),15.2604083,74.1034266,0,STOP,At Fire Station Curchorem,Fire Station Curchorem
2026-01-17T01:09:44.729Z,GA 07 G 7667-CUR(WATER BOUSER),15.2602533,74.1037266,0,STOP,At Fire Station Curchorem,Fire Station Curchorem
2026-01-17T01:09:44.729Z,GA 07 G 4989-KUN(WATER TENDER),15.4632383,73.9724617,0,STOP,At Fire Station Kundaim,Fire Station Kundaim
2026-01-17T01:09:44.729Z,GA 07 G 2242-PIL(WATER TENDER),15.5329344,73.7940983,0,STOP,At Fire Station Pilerne,Fire Station Pilerne
2026-01-17T01:09:44.729Z,GA 07 G 0681-MAP(QUICK RESPONSE),15.58978,73.808805,0,STOP,At Fire Station Mapusa,Fire Station Mapusa
2026-01-17T01:09:44.729Z,GA 07 G 0307-PER(QUICK RESPONSE),15.7164939,73.7974239,0,INACTIVE,At Fire Station Pernem,Fire Station Pernem
2026-01-17T01:09:44.729Z,GA 07 G 2101-PER(MS WATER TENDER),15.7164572,73.7975456,0,STOP,At Fire Station Pernem,Fire Station Pernem
2026-01-17T01:09:44.729Z,GA 07 G 4600-PER(MINI RESCUE TENDER),15.7165267,73.7975289,0,STOP,At Fire Station Pernem,Fire Station Pernem
2026-01-17T01:09:44.729Z,GA 07 G 7272-PNJ(WATER TENDER),15.4880722,73.8173878,0,STOP,"Goa College of Home Science, Dayanand Bandodkar Road, Opposite Parade Ground Campal,, Panaji, Goa (SE)",Fire Station Panaji
2026-01-17T01:09:44.729Z,GA07G2384- Cuncolim,15.1861639,74.0211006,0,STOP,At Fire Station Cuncolim,Fire Station Cuncolim
2026-01-17T01:09:44.729Z,GA07G2507 - PER Mid Size (Water Tender),15.716485,73.7975017,0,STOP,At Fire Station Pernem,Fire Station Pernem
2026-01-17T01:09:44.729Z,GA07G2505 - VAP Mid Size (Water Tender),15.54222,74.0596433,33,RUNNING,"Vadakade Honda, Honda VP, Goa (NE)",Fire Station Valpoi
2026-01-17T01:09:44.729Z,GA07G2504 - BIC Mid Size (Water Tender),15.589485,73.9466967,0,STOP,At Fire Station Bicholim ,Fire Station Bicholim
2026-01-17T01:09:44.729Z,GA07G2503- MAP Mid Size (Water Tender),15.5899483,73.808635,0,STOP,At Fire Station Mapusa,Fire Station Mapusa
2026-01-17T01:09:44.729Z,GA07G2502 - FFHQ Mid Size (Water Tender),15.4868,73.8171867,0,STOP,"Caculo Mall, 16 Shanta, St Inez Rd, Caculo Enclave, Santa Inez, Panaji, Goa (NW)",Fire Force Headquarters
2026-01-17T01:10:49.779Z,GA 07 G 0680-PIL(QUICK RESPONSE VEHICLE),15.52289,73.8294267,0,STOP,At Porvorim Fire Station,Fire Station Pilerne
2026-01-17T01:10:49.779Z,GA07G2506 - OLG Mid Size (Water Tender),15.500308,73.91407,0,STOP,At Fire Station Old Goa,Fire Station Old Goa
2026-01-17T01:10:49.779Z,GA 07 G 5115-POR(MINI WATER TENDER),15.52334,73.829453,0,STOP,At Porvorim Fire Station,Fire Station Porvorim
2026-01-17T01:10:49.779Z,GA 07 G 0350-MRG(WATER TENDER),15.269438,73.970627,0,STOP,At Fire Station Margoa,Fire Station Margao
2026-01-17T01:10:49.779Z,GA 07 G 2900-MAP(MINI RESCUE TENDER),15.58999,73.808624,0,STOP,At Fire Station Mapusa,Fire Station Mapusa
2026-01-17T01:10:49.779Z,GA 07 G 7600-FFHQ(WATER BOUSER),15.487132,73.817329,0,STOP,"Caculo Mall, 16 Shanta, St Inez Rd, Caculo Enclave, Santa Inez, Panaji, Goa (NW)",Fire Force Headquarters
2026-01-17T01:10:49.779Z,GA 07 G 2002-FFHQ(TURN TABLE LADDER),15.487413,73.817276,0,STOP,"Caculo Mall, 16 Shanta, St Inez Rd, Caculo Enclave, Santa Inez, Panaji, Goa (NW)",Fire Force Headquarters
2026-01-17T01:10:49.779Z,GA 07 G 7101-FFHQ(WATER TENDER),15.48682,73.816971,0,STOP,"Caculo Mall, 16 Shanta, St Inez Rd, Caculo Enclave, Santa Inez, Panaji, Goa (NW)",Fire Force Headquarters
2026-01-17T01:10:49.779Z,GA 07 G 7677-FFHQ(EMERGENCY RESCUE),15.486363,73.817276,0,STOP,At Fire Station panaji,Fire Force Headquarters
2026-01-17T01:10:49.779Z,GA 07 G 1121-PNJ(EMERGENCY RESCUE),15.487333,73.817299,0,STOP,"Caculo Mall, 16 Shanta, St Inez Rd, Caculo Enclave, Santa Inez, Panaji, Goa (NW)",Fire Station Panaji
2026-01-17T01:10:49.779Z,GA 07 G 1571-FFHQ(QUICK RESPONSE),15.486457,73.817513,0,STOP,"Caculo Mall, 16 Shanta, St Inez Rd, Caculo Enclave, Santa Inez, Panaji, Goa (SW)",Fire Force Headquarters
2026-01-17T01:10:49.779Z,GA 07 G 8101-MAP(WATER TENDER),15.589972,73.808624,0,STOP,At Fire Station Mapusa,Fire Station Mapusa
2026-01-17T01:10:49.779Z,GA 07 G 2317-MRG(EMERGENCY RESCUE TENDER),15.2694116,73.9701666,0,STOP,At Fire Station Margoa,Fire Station Margao
2026-01-17T01:10:49.779Z,GA 07 G 1570-VAS(QUICK RESPONSE FIRE TENDER),15.3887733,73.8513266,0,STOP,At Fire Station Vasco,Fire Station Vasco
2026-01-17T01:10:49.779Z,GA 07 G 4101-VAS(MS WATER TENDER),15.3888166,73.851285,0,STOP,At Fire Station Vasco,Fire Station Vasco
2026-01-17T01:10:49.779Z,GA 07 G 0819-VAS(WATER/FOAM TENDER),15.38905,73.8510983,0,IDLE,At Fire Station Vasco,Fire Station Vasco
2026-01-17T01:10:49.779Z,GA 07 G 7100-MRG(WATER BOUSER),15.269415,73.969995,0,STOP,At Fire Station Margoa,Fire Station Margao
2026-01-17T01:10:49.779Z,GA 07 G 1568-MRG(QUICK RESPONSE ),15.2693416,73.9705166,0,STOP,At Fire Station Margoa,Fire Station Margao
2026-01-17T01:10:49.779Z,GA 07 G 6101-MRG(WATER TENDER),15.2694116,73.970255,0,STOP,At Fire Station Margoa,Fire Station Margao
2026-01-17T01:10:49.779Z,GA 07 G 1001-MRG(AERIAL LADDER PLATFORM),15.26938,73.9701583,0,STOP,At Fire Station Margoa,Fire Station Margao
2026-01-17T01:10:49.779Z,GA 07 G 0820-BIC(WATER TEDNER),15.4027967,74.0028217,0,STOP,At Fire Station Ponda ,Fire Station Bicholim
2026-01-17T01:10:49.779Z,GA 07 G 5101-OLG(MS WATER TENDER),15.500265,73.9139483,0,STOP,At Fire Station Old Goa,Fire Station Old Goa
2026-01-17T01:10:49.779Z,GA 07 G 3101-BIC(MS WATER TENDER),15.5894883,73.9467116,0,STOP,At Fire Station Bicholim ,Fire Station Bicholim
2026-01-17T01:10:49.779Z,GA 07 G 1941-BIC(QUICK RESPONSE),15.5894533,73.9467116,0,STOP,At Fire Station Bicholim ,Fire Station Bicholim
2026-01-17T01:10:49.779Z,GA 07 G 2319-VAS (EMERGENCY RESCUE TENDER),15.3900983,73.8532383,0,STOP,"Zuari Rd, Holy Cross Colony, Dabolim, Goa (SE)",Fire Station Vasco
2026-01-17T01:10:49.779Z,GA 07 G 3737-VAP(WATER TENDER),15.5310533,74.1388916,0,STOP,At Fire Station Valpoi ,Fire Station Valpoi
2026-01-17T01:10:49.779Z,GA 07 G 2318-PND(EMERGENCY RESCUE TENDER),15.4028033,74.00293,0,STOP,At Fire Station Ponda ,Fire Station Ponda
2026-01-17T01:10:49.779Z,GA 07 G 2004-PND(QUICK RESPONSE),15.4141016,73.9073083,0,INACTIVE,"Guru Hotel, Old Ferry Road, Agaçaim, Goa (SE)",Fire Station Ponda
2026-01-17T01:10:49.779Z,GA 07 G 9101-PND(WATER TENDER),15.4027033,74.0028733,0,STOP,At Fire Station Ponda ,Fire Station Ponda
2026-01-17T01:10:49.779Z,GA 07 G 9797-PND(WATER BOUSER),15.4027999,74.0027016,0,STOP,At Fire Station Ponda ,Fire Station Ponda
2026-01-17T01:10:49.779Z,GA 07 G 6363-CAN(WATER TENDER),15.02361,74.04406,0,INACTIVE,"Canacona, The Lalitrajbaga ,Canacona, Canacona, Goa (NE)",Fire Station Canacona
2026-01-17T01:10:49.779Z,GA 07 G 1567-CAN(QUICK RESPONSE FT),15.0233599,74.0440833,0,INACTIVE,"Canacona, The Lalitrajbaga ,Canacona, Canacona, Goa (NE)",Fire Station Canacona
2026-01-17T01:10:49.779Z,GA 07 G 1569-VRN(QUICK RESPONSE),15.369545,73.9355216,0,STOP,At Fire Station Verna,Fire Station Verna
2026-01-17T01:10:49.779Z,GA 07 G 9909-VRN(ADVANCE MULTI-PURPOSE),15.36974,73.9360833,0,STOP,At Fire Station Verna,Fire Station Verna
2026-01-17T01:10:49.779Z,GA 07 G 1942-VAP(QUICK RESPONSE),15.5310033,74.138745,0,STOP,At Fire Station Valpoi ,Fire Station Valpoi
2026-01-17T01:10:49.779Z,GA 07 G 2003-CUR(QUICK RESPONSE),15.2604016,74.1031166,0,STOP,At Fire Station Curchorem,Fire Station Curchorem
2026-01-17T01:10:49.779Z,GA 07 G 7447-CUR(EMERGENCY RESCUE),15.260415,74.10376,0,STOP,At Fire Station Curchorem,Fire Station Curchorem
2026-01-17T01:10:49.779Z,GA 07 G 7557-CUR(WATER TENDER),15.2604083,74.1034266,0,STOP,At Fire Station Curchorem,Fire Station Curchorem
2026-01-17T01:10:49.779Z,GA 07 G 7667-CUR(WATER BOUSER),15.2602533,74.1037266,0,STOP,At Fire Station Curchorem,Fire Station Curchorem
2026-01-17T01:10:49.779Z,GA 07 G 4989-KUN(WATER TENDER),15.4632383,73.9724617,0,STOP,At Fire Station Kundaim,Fire Station Kundaim
2026-01-17T01:10:49.779Z,GA 07 G 2242-PIL(WATER TENDER),15.5329344,73.7940983,0,STOP,At Fire Station Pilerne,Fire Station Pilerne
2026-01-17T01:10:49.779Z,GA 07 G 0681-MAP(QUICK RESPONSE),15.58978,73.808805,0,STOP,At Fire Station Mapusa,Fire Station Mapusa
2026-01-17T01:10:49.779Z,GA 07 G 0307-PER(QUICK RESPONSE),15.7164939,73.7974239,0,INACTIVE,At Fire Station Pernem,Fire Station Pernem
2026-01-17T01:10:49.779Z,GA 07 G 2101-PER(MS WATER TENDER),15.7164572,73.7975456,0,STOP,At Fire Station Pernem,Fire Station Pernem
2026-01-17T01:10:49.779Z,GA 07 G 4600-PER(MINI RESCUE TENDER),15.7165267,73.7975289,0,STOP,At Fire Station Pernem,Fire Station Pernem
2026-01-17T01:10:49.779Z,GA 07 G 7272-PNJ(WATER TENDER),15.4880722,73.8173878,0,STOP,"Goa College of Home Science, Dayanand Bandodkar Road, Opposite Parade Ground Campal,, Panaji, Goa (SE)",Fire Station Panaji
2026-01-17T01:10:49.779Z,GA07G2384- Cuncolim,15.1861639,74.0211006,0,STOP,At Fire Station Cuncolim,Fire Station Cuncolim
2026-01-17T01:10:49.779Z,GA07G2507 - PER Mid Size (Water Tender),15.716485,73.7975017,0,STOP,At Fire Station Pernem,Fire Station Pernem
2026-01-17T01:10:49.779Z,GA07G2505 - VAP Mid Size (Water Tender),15.5461117,74.0547533,38,RUNNING,"Honda Police Station, Pissurlem, Goa (NE)",Fire Station Valpoi
2026-01-17T01:10:49.779Z,GA07G2504 - BIC Mid Size (Water Tender),15.589485,73.9466967,0,STOP,At Fire Station Bicholim ,Fire Station Bicholim
2026-01-17T01:10:49.779Z,GA07G2503- MAP Mid Size (Water Tender),15.5899483,73.808635,0,STOP,At Fire Station Mapusa,Fire Station Mapusa
2026-01-17T01:10:49.779Z,GA07G2502 - FFHQ Mid Size (Water Tender),15.4868,73.8171867,0,STOP,"Caculo Mall, 16 Shanta, St Inez Rd, Caculo Enclave, Santa Inez, Panaji, Goa (NW)",Fire Force Headquarters
2026-01-17T01:11:42.753Z,GA 07 G 0680-PIL(QUICK RESPONSE VEHICLE),15.52289,73.8294267,0,STOP,At Porvorim Fire Station,Fire Station Pilerne
2026-01-17T01:11:42.753Z,GA07G2506 - OLG Mid Size (Water Tender),15.500308,73.91407,0,STOP,At Fire Station Old Goa,Fire Station Old Goa
2026-01-17T01:11:42.753Z,GA 07 G 5115-POR(MINI WATER TENDER),15.52334,73.829453,0,STOP,At Porvorim Fire Station,Fire Station Porvorim
2026-01-17T01:11:42.753Z,GA 07 G 0350-MRG(WATER TENDER),15.269438,73.970627,0,STOP,At Fire Station Margoa,Fire Station Margao
2026-01-17T01:11:42.753Z,GA 07 G 2900-MAP(MINI RESCUE TENDER),15.58999,73.808624,0,STOP,At Fire Station Mapusa,Fire Station Mapusa
2026-01-17T01:11:42.753Z,GA 07 G 7600-FFHQ(WATER BOUSER),15.487132,73.817329,0,STOP,"Caculo Mall, 16 Shanta, St Inez Rd, Caculo Enclave, Santa Inez, Panaji, Goa (NW)",Fire Force Headquarters
2026-01-17T01:11:42.753Z,GA 07 G 2002-FFHQ(TURN TABLE LADDER),15.487413,73.817276,0,STOP,"Caculo Mall, 16 Shanta, St Inez Rd, Caculo Enclave, Santa Inez, Panaji, Goa (NW)",Fire Force Headquarters
2026-01-17T01:11:42.753Z,GA 07 G 7101-FFHQ(WATER TENDER),15.486858,73.817062,0,RUNNING,"Caculo Mall, 16 Shanta, St Inez Rd, Caculo Enclave, Santa Inez, Panaji, Goa (NW)",Fire Force Headquarters
2026-01-17T01:11:42.753Z,GA 07 G 7677-FFHQ(EMERGENCY RESCUE),15.486363,73.817276,0,STOP,At Fire Station panaji,Fire Force Headquarters
2026-01-17T01:11:42.753Z,GA 07 G 1121-PNJ(EMERGENCY RESCUE),15.487333,73.817299,0,STOP,"Caculo Mall, 16 Shanta, St Inez Rd, Caculo Enclave, Santa Inez, Panaji, Goa (NW)",Fire Station Panaji
2026-01-17T01:11:42.753Z,GA 07 G 1571-FFHQ(QUICK RESPONSE),15.486457,73.817513,0,STOP,"Caculo Mall, 16 Shanta, St Inez Rd, Caculo Enclave, Santa Inez, Panaji, Goa (SW)",Fire Force Headquarters
2026-01-17T01:11:42.753Z,GA 07 G 8101-MAP(WATER TENDER),15.589972,73.808624,0,STOP,At Fire Station Mapusa,Fire Station Mapusa
2026-01-17T01:11:42.753Z,GA 07 G 2317-MRG(EMERGENCY RESCUE TENDER),15.2694116,73.9701666,0,STOP,At Fire Station Margoa,Fire Station Margao
2026-01-17T01:11:42.753Z,GA 07 G 1570-VAS(QUICK RESPONSE FIRE TENDER),15.3887733,73.8513266,0,STOP,At Fire Station Vasco,Fire Station Vasco
2026-01-17T01:11:42.753Z,GA 07 G 4101-VAS(MS WATER TENDER),15.3888166,73.851285,0,STOP,At Fire Station Vasco,Fire Station Vasco
2026-01-17T01:11:42.753Z,GA 07 G 0819-VAS(WATER/FOAM TENDER),15.38905,73.8510983,0,IDLE,At Fire Station Vasco,Fire Station Vasco
2026-01-17T01:11:42.753Z,GA 07 G 7100-MRG(WATER BOUSER),15.269415,73.969995,0,STOP,At Fire Station Margoa,Fire Station Margao
2026-01-17T01:11:42.753Z,GA 07 G 1568-MRG(QUICK RESPONSE ),15.2693416,73.9705166,0,STOP,At Fire Station Margoa,Fire Station Margao
2026-01-17T01:11:42.753Z,GA 07 G 6101-MRG(WATER TENDER),15.2694116,73.970255,0,STOP,At Fire Station Margoa,Fire Station Margao
2026-01-17T01:11:42.753Z,GA 07 G 1001-MRG(AERIAL LADDER PLATFORM),15.26938,73.9701583,0,STOP,At Fire Station Margoa,Fire Station Margao
2026-01-17T01:11:42.753Z,GA 07 G 0820-BIC(WATER TEDNER),15.4027967,74.0028217,0,STOP,At Fire Station Ponda ,Fire Station Bicholim
2026-01-17T01:11:42.753Z,GA 07 G 5101-OLG(MS WATER TENDER),15.500265,73.9139483,0,STOP,At Fire Station Old Goa,Fire Station Old Goa
2026-01-17T01:11:42.753Z,GA 07 G 3101-BIC(MS WATER TENDER),15.5894883,73.9467116,0,STOP,At Fire Station Bicholim ,Fire Station Bicholim
2026-01-17T01:11:42.753Z,GA 07 G 1941-BIC(QUICK RESPONSE),15.5894533,73.9467116,0,STOP,At Fire Station Bicholim ,Fire Station Bicholim
2026-01-17T01:11:42.753Z,GA 07 G 2319-VAS (EMERGENCY RESCUE TENDER),15.3900983,73.8532383,0,STOP,"Zuari Rd, Holy Cross Colony, Dabolim, Goa (SE)",Fire Station Vasco
2026-01-17T01:11:42.753Z,GA 07 G 3737-VAP(WATER TENDER),15.5310533,74.1388916,0,STOP,At Fire Station Valpoi ,Fire Station Valpoi
2026-01-17T01:11:42.753Z,GA 07 G 2318-PND(EMERGENCY RESCUE TENDER),15.4028033,74.00293,0,STOP,At Fire Station Ponda ,Fire Station Ponda
2026-01-17T01:11:42.753Z,GA 07 G 2004-PND(QUICK RESPONSE),15.4141016,73.9073083,0,INACTIVE,"Guru Hotel, Old Ferry Road, Agaçaim, Goa (SE)",Fire Station Ponda
2026-01-17T01:11:42.753Z,GA 07 G 9101-PND(WATER TENDER),15.4027033,74.0028733,0,STOP,At Fire Station Ponda ,Fire Station Ponda
2026-01-17T01:11:42.753Z,GA 07 G 9797-PND(WATER BOUSER),15.4027999,74.0027016,0,STOP,At Fire Station Ponda ,Fire Station Ponda
2026-01-17T01:11:42.753Z,GA 07 G 6363-CAN(WATER TENDER),15.02361,74.04406,0,INACTIVE,"Canacona, The Lalitrajbaga ,Canacona, Canacona, Goa (NE)",Fire Station Canacona
2026-01-17T01:11:42.753Z,GA 07 G 1567-CAN(QUICK RESPONSE FT),15.0233599,74.0440833,0,INACTIVE,"Canacona, The Lalitrajbaga ,Canacona, Canacona, Goa (NE)",Fire Station Canacona
2026-01-17T01:11:42.753Z,GA 07 G 1569-VRN(QUICK RESPONSE),15.369545,73.9355216,0,STOP,At Fire Station Verna,Fire Station Verna
2026-01-17T01:11:42.753Z,GA 07 G 9909-VRN(ADVANCE MULTI-PURPOSE),15.36974,73.9360833,0,STOP,At Fire Station Verna,Fire Station Verna
2026-01-17T01:11:42.753Z,GA 07 G 1942-VAP(QUICK RESPONSE),15.5310033,74.138745,0,STOP,At Fire Station Valpoi ,Fire Station Valpoi
2026-01-17T01:11:42.753Z,GA 07 G 2003-CUR(QUICK RESPONSE),15.2604016,74.1031166,0,STOP,At Fire Station Curchorem,Fire Station Curchorem
2026-01-17T01:11:42.753Z,GA 07 G 7447-CUR(EMERGENCY RESCUE),15.260415,74.10376,0,STOP,At Fire Station Curchorem,Fire Station Curchorem
2026-01-17T01:11:42.753Z,GA 07 G 7557-CUR(WATER TENDER),15.2604083,74.1034266,0,STOP,At Fire Station Curchorem,Fire Station Curchorem
2026-01-17T01:11:42.753Z,GA 07 G 7667-CUR(WATER BOUSER),15.2602533,74.1037266,0,STOP,At Fire Station Curchorem,Fire Station Curchorem
2026-01-17T01:11:42.753Z,GA 07 G 4989-KUN(WATER TENDER),15.4632383,73.9724617,0,STOP,At Fire Station Kundaim,Fire Station Kundaim
2026-01-17T01:11:42.753Z,GA 07 G 2242-PIL(WATER TENDER),15.5329344,73.7940983,0,STOP,At Fire Station Pilerne,Fire Station Pilerne
2026-01-17T01:11:42.753Z,GA 07 G 0681-MAP(QUICK RESPONSE),15.58978,73.808805,0,STOP,At Fire Station Mapusa,Fire Station Mapusa
2026-01-17T01:11:42.753Z,GA 07 G 0307-PER(QUICK RESPONSE),15.7164939,73.7974239,0,INACTIVE,At Fire Station Pernem,Fire Station Pernem
2026-01-17T01:11:42.753Z,GA 07 G 2101-PER(MS WATER TENDER),15.7164572,73.7975456,0,STOP,At Fire Station Pernem,Fire Station Pernem
2026-01-17T01:11:42.753Z,GA 07 G 4600-PER(MINI RESCUE TENDER),15.7165267,73.7975289,0,STOP,At Fire Station Pernem,Fire Station Pernem
2026-01-17T01:11:42.753Z,GA 07 G 7272-PNJ(WATER TENDER),15.4880722,73.8173878,0,STOP,"Goa College of Home Science, Dayanand Bandodkar Road, Opposite Parade Ground Campal,, Panaji, Goa (SE)",Fire Station Panaji
2026-01-17T01:11:42.753Z,GA07G2384- Cuncolim,15.1861639,74.0211006,0,STOP,At Fire Station Cuncolim,Fire Station Cuncolim
2026-01-17T01:11:42.753Z,GA07G2507 - PER Mid Size (Water Tender),15.716485,73.7975017,0,STOP,At Fire Station Pernem,Fire Station Pernem
2026-01-17T01:11:42.753Z,GA07G2505 - VAP Mid Size (Water Tender),15.5471867,74.0504717,4,RUNNING,"Parvati Printing Press, Honda, Goa (SW)",Fire Station Valpoi
2026-01-17T01:11:42.753Z,GA07G2504 - BIC Mid Size (Water Tender),15.589485,73.9466967,0,STOP,At Fire Station Bicholim ,Fire Station Bicholim
2026-01-17T01:11:42.753Z,GA07G2503- MAP Mid Size (Water Tender),15.5899483,73.808635,0,STOP,At Fire Station Mapusa,Fire Station Mapusa
2026-01-17T01:11:42.753Z,GA07G2502 - FFHQ Mid Size (Water Tender),15.4868,73.8171867,0,STOP,"Caculo Mall, 16 Shanta, St Inez Rd, Caculo Enclave, Santa Inez, Panaji, Goa (NW)",Fire Force Headquarters
2026-01-17T01:12:45.171Z,GA 07 G 0680-PIL(QUICK RESPONSE VEHICLE),15.52289,73.8294267,0,STOP,At Porvorim Fire Station,Fire Station Pilerne
2026-01-17T01:12:45.171Z,GA07G2506 - OLG Mid Size (Water Tender),15.500308,73.91407,0,STOP,At Fire Station Old Goa,Fire Station Old Goa
2026-01-17T01:12:45.171Z,GA 07 G 5115-POR(MINI WATER TENDER),15.52334,73.829453,0,STOP,At Porvorim Fire Station,Fire Station Porvorim
2026-01-17T01:12:45.171Z,GA 07 G 0350-MRG(WATER TENDER),15.269438,73.970627,0,STOP,At Fire Station Margoa,Fire Station Margao
2026-01-17T01:12:45.171Z,GA 07 G 2900-MAP(MINI RESCUE TENDER),15.58999,73.808624,0,STOP,At Fire Station Mapusa,Fire Station Mapusa
2026-01-17T01:12:45.171Z,GA 07 G 7600-FFHQ(WATER BOUSER),15.487132,73.817329,0,STOP,"Caculo Mall, 16 Shanta, St Inez Rd, Caculo Enclave, Santa Inez, Panaji, Goa (NW)",Fire Force Headquarters
2026-01-17T01:12:45.171Z,GA 07 G 2002-FFHQ(TURN TABLE LADDER),15.487413,73.817276,0,STOP,"Caculo Mall, 16 Shanta, St Inez Rd, Caculo Enclave, Santa Inez, Panaji, Goa (NW)",Fire Force Headquarters
2026-01-17T01:12:45.171Z,GA 07 G 7101-FFHQ(WATER TENDER),15.486852,73.817017,0,IDLE,"Caculo Mall, 16 Shanta, St Inez Rd, Caculo Enclave, Santa Inez, Panaji, Goa (NW)",Fire Force Headquarters
2026-01-17T01:12:45.171Z,GA 07 G 7677-FFHQ(EMERGENCY RESCUE),15.486363,73.817276,0,STOP,At Fire Station panaji,Fire Force Headquarters
2026-01-17T01:12:45.171Z,GA 07 G 1121-PNJ(EMERGENCY RESCUE),15.487333,73.817299,0,STOP,"Caculo Mall, 16 Shanta, St Inez Rd, Caculo Enclave, Santa Inez, Panaji, Goa (NW)",Fire Station Panaji
2026-01-17T01:12:45.171Z,GA 07 G 1571-FFHQ(QUICK RESPONSE),15.486457,73.817513,0,STOP,"Caculo Mall, 16 Shanta, St Inez Rd, Caculo Enclave, Santa Inez, Panaji, Goa (SW)",Fire Force Headquarters
2026-01-17T01:12:45.171Z,GA 07 G 8101-MAP(WATER TENDER),15.589972,73.808624,0,STOP,At Fire Station Mapusa,Fire Station Mapusa
2026-01-17T01:12:45.171Z,GA 07 G 2317-MRG(EMERGENCY RESCUE TENDER),15.2694116,73.9701666,0,STOP,At Fire Station Margoa,Fire Station Margao
2026-01-17T01:12:45.171Z,GA 07 G 1570-VAS(QUICK RESPONSE FIRE TENDER),15.3887733,73.8513266,0,STOP,At Fire Station Vasco,Fire Station Vasco
2026-01-17T01:12:45.171Z,GA 07 G 4101-VAS(MS WATER TENDER),15.3888166,73.851285,0,STOP,At Fire Station Vasco,Fire Station Vasco
2026-01-17T01:12:45.171Z,GA 07 G 0819-VAS(WATER/FOAM TENDER),15.38905,73.8510983,0,IDLE,At Fire Station Vasco,Fire Station Vasco
2026-01-17T01:12:45.171Z,GA 07 G 7100-MRG(WATER BOUSER),15.269415,73.969995,0,STOP,At Fire Station Margoa,Fire Station Margao
2026-01-17T01:12:45.171Z,GA 07 G 1568-MRG(QUICK RESPONSE ),15.2693416,73.9705166,0,STOP,At Fire Station Margoa,Fire Station Margao
2026-01-17T01:12:45.171Z,GA 07 G 6101-MRG(WATER TENDER),15.2694116,73.970255,0,STOP,At Fire Station Margoa,Fire Station Margao
2026-01-17T01:12:45.171Z,GA 07 G 1001-MRG(AERIAL LADDER PLATFORM),15.26938,73.9701583,0,STOP,At Fire Station Margoa,Fire Station Margao
2026-01-17T01:12:45.171Z,GA 07 G 0820-BIC(WATER TEDNER),15.4027967,74.0028217,0,STOP,At Fire Station Ponda ,Fire Station Bicholim
2026-01-17T01:12:45.171Z,GA 07 G 5101-OLG(MS WATER TENDER),15.500265,73.9139483,0,STOP,At Fire Station Old Goa,Fire Station Old Goa
2026-01-17T01:12:45.171Z,GA 07 G 3101-BIC(MS WATER TENDER),15.589075,73.9467933,2,STOP,At Fire Station Bicholim ,Fire Station Bicholim
2026-01-17T01:12:45.171Z,GA 07 G 1941-BIC(QUICK RESPONSE),15.5894533,73.9467116,0,STOP,At Fire Station Bicholim ,Fire Station Bicholim
2026-01-17T01:12:45.171Z,GA 07 G 2319-VAS (EMERGENCY RESCUE TENDER),15.3900983,73.8532383,0,STOP,"Zuari Rd, Holy Cross Colony, Dabolim, Goa (SE)",Fire Station Vasco
2026-01-17T01:12:45.171Z,GA 07 G 3737-VAP(WATER TENDER),15.5310533,74.1388916,0,STOP,At Fire Station Valpoi ,Fire Station Valpoi
2026-01-17T01:12:45.171Z,GA 07 G 2318-PND(EMERGENCY RESCUE TENDER),15.4028033,74.00293,0,STOP,At Fire Station Ponda ,Fire Station Ponda
2026-01-17T01:12:45.171Z,GA 07 G 2004-PND(QUICK RESPONSE),15.4141016,73.9073083,0,INACTIVE,"Guru Hotel, Old Ferry Road, Agaçaim, Goa (SE)",Fire Station Ponda
2026-01-17T01:12:45.171Z,GA 07 G 9101-PND(WATER TENDER),15.4027033,74.0028733,0,STOP,At Fire Station Ponda ,Fire Station Ponda
2026-01-17T01:12:45.171Z,GA 07 G 9797-PND(WATER BOUSER),15.4027999,74.0027016,0,STOP,At Fire Station Ponda ,Fire Station Ponda
2026-01-17T01:12:45.171Z,GA 07 G 6363-CAN(WATER TENDER),15.02361,74.04406,0,INACTIVE,"Canacona, The Lalitrajbaga ,Canacona, Canacona, Goa (NE)",Fire Station Canacona
2026-01-17T01:12:45.171Z,GA 07 G 1567-CAN(QUICK RESPONSE FT),15.0233599,74.0440833,0,INACTIVE,"Canacona, The Lalitrajbaga ,Canacona, Canacona, Goa (NE)",Fire Station Canacona
2026-01-17T01:12:45.171Z,GA 07 G 1569-VRN(QUICK RESPONSE),15.369545,73.9355216,0,STOP,At Fire Station Verna,Fire Station Verna
2026-01-17T01:12:45.171Z,GA 07 G 9909-VRN(ADVANCE MULTI-PURPOSE),15.36974,73.9360833,0,STOP,At Fire Station Verna,Fire Station Verna
2026-01-17T01:12:45.171Z,GA 07 G 1942-VAP(QUICK RESPONSE),15.5310033,74.138745,0,STOP,At Fire Station Valpoi ,Fire Station Valpoi
2026-01-17T01:12:45.171Z,GA 07 G 2003-CUR(QUICK RESPONSE),15.2604016,74.1031166,0,STOP,At Fire Station Curchorem,Fire Station Curchorem
2026-01-17T01:12:45.171Z,GA 07 G 7447-CUR(EMERGENCY RESCUE),15.260415,74.10376,0,STOP,At Fire Station Curchorem,Fire Station Curchorem
2026-01-17T01:12:45.171Z,GA 07 G 7557-CUR(WATER TENDER),15.2604083,74.1034266,0,STOP,At Fire Station Curchorem,Fire Station Curchorem
2026-01-17T01:12:45.171Z,GA 07 G 7667-CUR(WATER BOUSER),15.2602533,74.1037266,0,STOP,At Fire Station Curchorem,Fire Station Curchorem
2026-01-17T01:12:45.171Z,GA 07 G 4989-KUN(WATER TENDER),15.4632383,73.9724617,0,STOP,At Fire Station Kundaim,Fire Station Kundaim
2026-01-17T01:12:45.171Z,GA 07 G 2242-PIL(WATER TENDER),15.5329344,73.7940983,0,STOP,At Fire Station Pilerne,Fire Station Pilerne
2026-01-17T01:12:45.171Z,GA 07 G 0681-MAP(QUICK RESPONSE),15.58978,73.808805,0,STOP,At Fire Station Mapusa,Fire Station Mapusa
2026-01-17T01:12:45.171Z,GA 07 G 0307-PER(QUICK RESPONSE),15.7164939,73.7974239,0,INACTIVE,At Fire Station Pernem,Fire Station Pernem
2026-01-17T01:12:45.171Z,GA 07 G 2101-PER(MS WATER TENDER),15.7164572,73.7975456,0,STOP,At Fire Station Pernem,Fire Station Pernem
2026-01-17T01:12:45.171Z,GA 07 G 4600-PER(MINI RESCUE TENDER),15.7165267,73.7975289,0,STOP,At Fire Station Pernem,Fire Station Pernem
2026-01-17T01:12:45.171Z,GA 07 G 7272-PNJ(WATER TENDER),15.4880722,73.8173878,0,STOP,"Goa College of Home Science, Dayanand Bandodkar Road, Opposite Parade Ground Campal,, Panaji, Goa (SE)",Fire Station Panaji
2026-01-17T01:12:45.171Z,GA07G2384- Cuncolim,15.1861639,74.0211006,0,STOP,At Fire Station Cuncolim,Fire Station Cuncolim
2026-01-17T01:12:45.171Z,GA07G2507 - PER Mid Size (Water Tender),15.716485,73.7975017,0,STOP,At Fire Station Pernem,Fire Station Pernem
2026-01-17T01:12:45.171Z,GA07G2505 - VAP Mid Size (Water Tender),15.5483517,74.0451167,10,RUNNING,"Honda Market, Honda VP, Goa (NW)",Fire Station Valpoi
2026-01-17T01:12:45.171Z,GA07G2504 - BIC Mid Size (Water Tender),15.589485,73.9466967,0,STOP,At Fire Station Bicholim ,Fire Station Bicholim
2026-01-17T01:12:45.171Z,GA07G2503- MAP Mid Size (Water Tender),15.5899483,73.808635,0,STOP,At Fire Station Mapusa,Fire Station Mapusa
2026-01-17T01:12:45.171Z,GA07G2502 - FFHQ Mid Size (Water Tender),15.4868,73.8171867,0,STOP,"Caculo Mall, 16 Shanta, St Inez Rd, Caculo Enclave, Santa Inez, Panaji, Goa (NW)",Fire Force Headquarters
2026-01-17T01:13:43.344Z,GA 07 G 0680-PIL(QUICK RESPONSE VEHICLE),15.52289,73.8294267,0,STOP,At Porvorim Fire Station,Fire Station Pilerne
2026-01-17T01:13:43.344Z,GA07G2506 - OLG Mid Size (Water Tender),15.500308,73.91407,0,STOP,At Fire Station Old Goa,Fire Station Old Goa
2026-01-17T01:13:43.344Z,GA 07 G 5115-POR(MINI WATER TENDER),15.52334,73.829453,0,STOP,At Porvorim Fire Station,Fire Station Porvorim
2026-01-17T01:13:43.344Z,GA 07 G 0350-MRG(WATER TENDER),15.269438,73.970627,0,STOP,At Fire Station Margoa,Fire Station Margao
2026-01-17T01:13:43.344Z,GA 07 G 2900-MAP(MINI RESCUE TENDER),15.58999,73.808624,0,STOP,At Fire Station Mapusa,Fire Station Mapusa
2026-01-17T01:13:43.344Z,GA 07 G 7600-FFHQ(WATER BOUSER),15.487132,73.817329,0,STOP,"Caculo Mall, 16 Shanta, St Inez Rd, Caculo Enclave, Santa Inez, Panaji, Goa (NW)",Fire Force Headquarters
2026-01-17T01:13:43.344Z,GA 07 G 2002-FFHQ(TURN TABLE LADDER),15.487413,73.817276,0,STOP,"Caculo Mall, 16 Shanta, St Inez Rd, Caculo Enclave, Santa Inez, Panaji, Goa (NW)",Fire Force Headquarters
2026-01-17T01:13:43.344Z,GA 07 G 7101-FFHQ(WATER TENDER),15.486848,73.816994,0,IDLE,"Caculo Mall, 16 Shanta, St Inez Rd, Caculo Enclave, Santa Inez, Panaji, Goa (NW)",Fire Force Headquarters
2026-01-17T01:13:43.344Z,GA 07 G 7677-FFHQ(EMERGENCY RESCUE),15.486363,73.817276,0,STOP,At Fire Station panaji,Fire Force Headquarters
2026-01-17T01:13:43.344Z,GA 07 G 1121-PNJ(EMERGENCY RESCUE),15.487333,73.817299,0,STOP,"Caculo Mall, 16 Shanta, St Inez Rd, Caculo Enclave, Santa Inez, Panaji, Goa (NW)",Fire Station Panaji
2026-01-17T01:13:43.344Z,GA 07 G 1571-FFHQ(QUICK RESPONSE),15.486457,73.817513,0,STOP,"Caculo Mall, 16 Shanta, St Inez Rd, Caculo Enclave, Santa Inez, Panaji, Goa (SW)",Fire Force Headquarters
2026-01-17T01:13:43.344Z,GA 07 G 8101-MAP(WATER TENDER),15.589972,73.808624,0,STOP,At Fire Station Mapusa,Fire Station Mapusa
2026-01-17T01:13:43.344Z,GA 07 G 2317-MRG(EMERGENCY RESCUE TENDER),15.2694116,73.9701666,0,STOP,At Fire Station Margoa,Fire Station Margao
2026-01-17T01:13:43.344Z,GA 07 G 1570-VAS(QUICK RESPONSE FIRE TENDER),15.3887733,73.8513266,0,STOP,At Fire Station Vasco,Fire Station Vasco
2026-01-17T01:13:43.344Z,GA 07 G 4101-VAS(MS WATER TENDER),15.3888166,73.851285,0,STOP,At Fire Station Vasco,Fire Station Vasco
2026-01-17T01:13:43.344Z,GA 07 G 0819-VAS(WATER/FOAM TENDER),15.38905,73.8510983,0,IDLE,At Fire Station Vasco,Fire Station Vasco
2026-01-17T01:13:43.344Z,GA 07 G 7100-MRG(WATER BOUSER),15.269415,73.969995,0,STOP,At Fire Station Margoa,Fire Station Margao
2026-01-17T01:13:43.344Z,GA 07 G 1568-MRG(QUICK RESPONSE ),15.2693416,73.9705166,0,STOP,At Fire Station Margoa,Fire Station Margao
2026-01-17T01:13:43.344Z,GA 07 G 6101-MRG(WATER TENDER),15.2694116,73.970255,0,STOP,At Fire Station Margoa,Fire Station Margao
2026-01-17T01:13:43.344Z,GA 07 G 1001-MRG(AERIAL LADDER PLATFORM),15.26938,73.9701583,0,STOP,At Fire Station Margoa,Fire Station Margao
2026-01-17T01:13:43.344Z,GA 07 G 0820-BIC(WATER TEDNER),15.4027967,74.0028217,0,STOP,At Fire Station Ponda ,Fire Station Bicholim
2026-01-17T01:13:43.344Z,GA 07 G 5101-OLG(MS WATER TENDER),15.500265,73.9139483,0,STOP,At Fire Station Old Goa,Fire Station Old Goa
2026-01-17T01:13:43.344Z,GA 07 G 3101-BIC(MS WATER TENDER),15.5891583,73.9467616,4,STOP,At Fire Station Bicholim ,Fire Station Bicholim
2026-01-17T01:13:43.344Z,GA 07 G 1941-BIC(QUICK RESPONSE),15.5894533,73.9467116,0,STOP,At Fire Station Bicholim ,Fire Station Bicholim
2026-01-17T01:13:43.344Z,GA 07 G 2319-VAS (EMERGENCY RESCUE TENDER),15.3900983,73.8532383,0,STOP,"Zuari Rd, Holy Cross Colony, Dabolim, Goa (SE)",Fire Station Vasco
2026-01-17T01:13:43.344Z,GA 07 G 3737-VAP(WATER TENDER),15.5310533,74.1388916,0,STOP,At Fire Station Valpoi ,Fire Station Valpoi
2026-01-17T01:13:43.344Z,GA 07 G 2318-PND(EMERGENCY RESCUE TENDER),15.4028033,74.00293,0,STOP,At Fire Station Ponda ,Fire Station Ponda
2026-01-17T01:13:43.344Z,GA 07 G 2004-PND(QUICK RESPONSE),15.4141016,73.9073083,0,INACTIVE,"Guru Hotel, Old Ferry Road, Agaçaim, Goa (SE)",Fire Station Ponda
2026-01-17T01:13:43.344Z,GA 07 G 9101-PND(WATER TENDER),15.4027033,74.0028733,0,STOP,At Fire Station Ponda ,Fire Station Ponda
2026-01-17T01:13:43.344Z,GA 07 G 9797-PND(WATER BOUSER),15.4027999,74.0027016,0,STOP,At Fire Station Ponda ,Fire Station Ponda
2026-01-17T01:13:43.344Z,GA 07 G 6363-CAN(WATER TENDER),15.02361,74.04406,0,INACTIVE,"Canacona, The Lalitrajbaga ,Canacona, Canacona, Goa (NE)",Fire Station Canacona
2026-01-17T01:13:43.344Z,GA 07 G 1567-CAN(QUICK RESPONSE FT),15.0233599,74.0440833,0,INACTIVE,"Canacona, The Lalitrajbaga ,Canacona, Canacona, Goa (NE)",Fire Station Canacona
2026-01-17T01:13:43.344Z,GA 07 G 1569-VRN(QUICK RESPONSE),15.369545,73.9355216,0,STOP,At Fire Station Verna,Fire Station Verna
2026-01-17T01:13:43.344Z,GA 07 G 9909-VRN(ADVANCE MULTI-PURPOSE),15.36974,73.9360833,0,STOP,At Fire Station Verna,Fire Station Verna
2026-01-17T01:13:43.344Z,GA 07 G 1942-VAP(QUICK RESPONSE),15.5310033,74.138745,0,STOP,At Fire Station Valpoi ,Fire Station Valpoi
2026-01-17T01:13:43.344Z,GA 07 G 2003-CUR(QUICK RESPONSE),15.2604016,74.1031166,0,STOP,At Fire Station Curchorem,Fire Station Curchorem
2026-01-17T01:13:43.344Z,GA 07 G 7447-CUR(EMERGENCY RESCUE),15.260415,74.10376,0,STOP,At Fire Station Curchorem,Fire Station Curchorem
2026-01-17T01:13:43.344Z,GA 07 G 7557-CUR(WATER TENDER),15.2604083,74.1034266,0,STOP,At Fire Station Curchorem,Fire Station Curchorem
2026-01-17T01:13:43.344Z,GA 07 G 7667-CUR(WATER BOUSER),15.2602533,74.1037266,0,STOP,At Fire Station Curchorem,Fire Station Curchorem
2026-01-17T01:13:43.344Z,GA 07 G 4989-KUN(WATER TENDER),15.4632383,73.9724617,0,STOP,At Fire Station Kundaim,Fire Station Kundaim
2026-01-17T01:13:43.344Z,GA 07 G 2242-PIL(WATER TENDER),15.5329344,73.7940983,0,STOP,At Fire Station Pilerne,Fire Station Pilerne
2026-01-17T01:13:43.344Z,GA 07 G 0681-MAP(QUICK RESPONSE),15.58978,73.808805,0,STOP,At Fire Station Mapusa,Fire Station Mapusa
2026-01-17T01:13:43.344Z,GA 07 G 0307-PER(QUICK RESPONSE),15.7164939,73.7974239,0,INACTIVE,At Fire Station Pernem,Fire Station Pernem
2026-01-17T01:13:43.344Z,GA 07 G 2101-PER(MS WATER TENDER),15.7164572,73.7975456,0,STOP,At Fire Station Pernem,Fire Station Pernem
2026-01-17T01:13:43.344Z,GA 07 G 4600-PER(MINI RESCUE TENDER),15.7165267,73.7975289,0,STOP,At Fire Station Pernem,Fire Station Pernem
2026-01-17T01:13:43.344Z,GA 07 G 7272-PNJ(WATER TENDER),15.4880722,73.8173878,0,STOP,"Goa College of Home Science, Dayanand Bandodkar Road, Opposite Parade Ground Campal,, Panaji, Goa (SE)",Fire Station Panaji
2026-01-17T01:13:43.344Z,GA07G2384- Cuncolim,15.1861639,74.0211006,0,STOP,At Fire Station Cuncolim,Fire Station Cuncolim
2026-01-17T01:13:43.344Z,GA07G2507 - PER Mid Size (Water Tender),15.716485,73.7975017,0,STOP,At Fire Station Pernem,Fire Station Pernem
2026-01-17T01:13:43.344Z,GA07G2505 - VAP Mid Size (Water Tender),15.545905,74.04244,45,RUNNING,"S.N. Burye petrol Pump, Honda, Honda VP, Goa (SW)",Fire Station Valpoi
2026-01-17T01:13:43.344Z,GA07G2504 - BIC Mid Size (Water Tender),15.589485,73.9466967,0,STOP,At Fire Station Bicholim ,Fire Station Bicholim
2026-01-17T01:13:43.344Z,GA07G2503- MAP Mid Size (Water Tender),15.5899483,73.808635,0,STOP,At Fire Station Mapusa,Fire Station Mapusa
2026-01-17T01:13:43.344Z,GA07G2502 - FFHQ Mid Size (Water Tender),15.4868,73.8171867,0,STOP,"Caculo Mall, 16 Shanta, St Inez Rd, Caculo Enclave, Santa Inez, Panaji, Goa (NW)",Fire Force Headquarters
2026-01-17T01:14:35.702Z,GA 07 G 0680-PIL(QUICK RESPONSE VEHICLE),15.52289,73.8294267,0,STOP,At Porvorim Fire Station,Fire Station Pilerne
2026-01-17T01:14:35.702Z,GA07G2506 - OLG Mid Size (Water Tender),15.500308,73.91407,0,STOP,At Fire Station Old Goa,Fire Station Old Goa
2026-01-17T01:14:35.702Z,GA 07 G 5115-POR(MINI WATER TENDER),15.52334,73.829453,0,STOP,At Porvorim Fire Station,Fire Station Porvorim
2026-01-17T01:14:35.702Z,GA 07 G 0350-MRG(WATER TENDER),15.269438,73.970627,0,STOP,At Fire Station Margoa,Fire Station Margao
2026-01-17T01:14:35.702Z,GA 07 G 2900-MAP(MINI RESCUE TENDER),15.58999,73.808624,0,STOP,At Fire Station Mapusa,Fire Station Mapusa
2026-01-17T01:14:35.702Z,GA 07 G 7600-FFHQ(WATER BOUSER),15.487132,73.817329,0,STOP,"Caculo Mall, 16 Shanta, St Inez Rd, Caculo Enclave, Santa Inez, Panaji, Goa (NW)",Fire Force Headquarters
2026-01-17T01:14:35.702Z,GA 07 G 2002-FFHQ(TURN TABLE LADDER),15.487413,73.817276,0,STOP,"Caculo Mall, 16 Shanta, St Inez Rd, Caculo Enclave, Santa Inez, Panaji, Goa (NW)",Fire Force Headquarters
2026-01-17T01:14:35.702Z,GA 07 G 7101-FFHQ(WATER TENDER),15.486845,73.817009,0,STOP,"Caculo Mall, 16 Shanta, St Inez Rd, Caculo Enclave, Santa Inez, Panaji, Goa (NW)",Fire Force Headquarters
2026-01-17T01:14:35.702Z,GA 07 G 7677-FFHQ(EMERGENCY RESCUE),15.486363,73.817276,0,STOP,At Fire Station panaji,Fire Force Headquarters
2026-01-17T01:14:35.702Z,GA 07 G 1121-PNJ(EMERGENCY RESCUE),15.487333,73.817299,0,STOP,"Caculo Mall, 16 Shanta, St Inez Rd, Caculo Enclave, Santa Inez, Panaji, Goa (NW)",Fire Station Panaji
2026-01-17T01:14:35.702Z,GA 07 G 1571-FFHQ(QUICK RESPONSE),15.486457,73.817513,0,STOP,"Caculo Mall, 16 Shanta, St Inez Rd, Caculo Enclave, Santa Inez, Panaji, Goa (SW)",Fire Force Headquarters
2026-01-17T01:14:35.702Z,GA 07 G 8101-MAP(WATER TENDER),15.589972,73.808624,0,STOP,At Fire Station Mapusa,Fire Station Mapusa
2026-01-17T01:14:35.702Z,GA 07 G 2317-MRG(EMERGENCY RESCUE TENDER),15.2694116,73.9701666,0,STOP,At Fire Station Margoa,Fire Station Margao
2026-01-17T01:14:35.702Z,GA 07 G 1570-VAS(QUICK RESPONSE FIRE TENDER),15.3887733,73.8513266,0,STOP,At Fire Station Vasco,Fire Station Vasco
2026-01-17T01:14:35.702Z,GA 07 G 4101-VAS(MS WATER TENDER),15.3888166,73.851285,0,STOP,At Fire Station Vasco,Fire Station Vasco
2026-01-17T01:14:35.702Z,GA 07 G 0819-VAS(WATER/FOAM TENDER),15.38905,73.8510983,0,IDLE,At Fire Station Vasco,Fire Station Vasco
2026-01-17T01:14:35.702Z,GA 07 G 7100-MRG(WATER BOUSER),15.269415,73.969995,0,STOP,At Fire Station Margoa,Fire Station Margao
2026-01-17T01:14:35.702Z,GA 07 G 1568-MRG(QUICK RESPONSE ),15.2693416,73.9705166,0,STOP,At Fire Station Margoa,Fire Station Margao
2026-01-17T01:14:35.702Z,GA 07 G 6101-MRG(WATER TENDER),15.2694116,73.970255,0,STOP,At Fire Station Margoa,Fire Station Margao
2026-01-17T01:14:35.702Z,GA 07 G 1001-MRG(AERIAL LADDER PLATFORM),15.26938,73.9701583,0,STOP,At Fire Station Margoa,Fire Station Margao
2026-01-17T01:14:35.702Z,GA 07 G 0820-BIC(WATER TEDNER),15.4027967,74.0028217,0,STOP,At Fire Station Ponda ,Fire Station Bicholim
2026-01-17T01:14:35.702Z,GA 07 G 5101-OLG(MS WATER TENDER),15.500265,73.9139483,0,STOP,At Fire Station Old Goa,Fire Station Old Goa
2026-01-17T01:14:35.702Z,GA 07 G 3101-BIC(MS WATER TENDER),15.5892133,73.9468666,5,STOP,At Fire Station Bicholim ,Fire Station Bicholim
2026-01-17T01:14:35.702Z,GA 07 G 1941-BIC(QUICK RESPONSE),15.5894533,73.9467116,0,STOP,At Fire Station Bicholim ,Fire Station Bicholim
2026-01-17T01:14:35.702Z,GA 07 G 2319-VAS (EMERGENCY RESCUE TENDER),15.3900983,73.8532383,0,STOP,"Zuari Rd, Holy Cross Colony, Dabolim, Goa (SE)",Fire Station Vasco
2026-01-17T01:14:35.702Z,GA 07 G 3737-VAP(WATER TENDER),15.5310533,74.1388916,0,STOP,At Fire Station Valpoi ,Fire Station Valpoi
2026-01-17T01:14:35.702Z,GA 07 G 2318-PND(EMERGENCY RESCUE TENDER),15.4028033,74.00293,0,STOP,At Fire Station Ponda ,Fire Station Ponda
2026-01-17T01:14:35.702Z,GA 07 G 2004-PND(QUICK RESPONSE),15.4141016,73.9073083,0,INACTIVE,"Guru Hotel, Old Ferry Road, Agaçaim, Goa (SE)",Fire Station Ponda
2026-01-17T01:14:35.702Z,GA 07 G 9101-PND(WATER TENDER),15.4027033,74.0028733,0,STOP,At Fire Station Ponda ,Fire Station Ponda
2026-01-17T01:14:35.702Z,GA 07 G 9797-PND(WATER BOUSER),15.4027999,74.0027016,0,STOP,At Fire Station Ponda ,Fire Station Ponda
2026-01-17T01:14:35.702Z,GA 07 G 6363-CAN(WATER TENDER),15.02361,74.04406,0,INACTIVE,"Canacona, The Lalitrajbaga ,Canacona, Canacona, Goa (NE)",Fire Station Canacona
2026-01-17T01:14:35.702Z,GA 07 G 1567-CAN(QUICK RESPONSE FT),15.0233599,74.0440833,0,INACTIVE,"Canacona, The Lalitrajbaga ,Canacona, Canacona, Goa (NE)",Fire Station Canacona
2026-01-17T01:14:35.702Z,GA 07 G 1569-VRN(QUICK RESPONSE),15.369545,73.9355216,0,STOP,At Fire Station Verna,Fire Station Verna
2026-01-17T01:14:35.702Z,GA 07 G 9909-VRN(ADVANCE MULTI-PURPOSE),15.36974,73.9360833,0,STOP,At Fire Station Verna,Fire Station Verna
2026-01-17T01:14:35.702Z,GA 07 G 1942-VAP(QUICK RESPONSE),15.5310033,74.138745,0,STOP,At Fire Station Valpoi ,Fire Station Valpoi
2026-01-17T01:14:35.702Z,GA 07 G 2003-CUR(QUICK RESPONSE),15.2604016,74.1031166,0,STOP,At Fire Station Curchorem,Fire Station Curchorem
2026-01-17T01:14:35.702Z,GA 07 G 7447-CUR(EMERGENCY RESCUE),15.260415,74.10376,0,STOP,At Fire Station Curchorem,Fire Station Curchorem
2026-01-17T01:14:35.702Z,GA 07 G 7557-CUR(WATER TENDER),15.2604083,74.1034266,0,STOP,At Fire Station Curchorem,Fire Station Curchorem
2026-01-17T01:14:35.702Z,GA 07 G 7667-CUR(WATER BOUSER),15.2602533,74.1037266,0,STOP,At Fire Station Curchorem,Fire Station Curchorem
2026-01-17T01:14:35.702Z,GA 07 G 4989-KUN(WATER TENDER),15.4632383,73.9724617,0,STOP,At Fire Station Kundaim,Fire Station Kundaim
2026-01-17T01:14:35.702Z,GA 07 G 2242-PIL(WATER TENDER),15.5329344,73.7940983,0,STOP,At Fire Station Pilerne,Fire Station Pilerne
2026-01-17T01:14:35.702Z,GA 07 G 0681-MAP(QUICK RESPONSE),15.58978,73.808805,0,STOP,At Fire Station Mapusa,Fire Station Mapusa
2026-01-17T01:14:35.702Z,GA 07 G 0307-PER(QUICK RESPONSE),15.7164939,73.7974239,0,INACTIVE,At Fire Station Pernem,Fire Station Pernem
2026-01-17T01:14:35.702Z,GA 07 G 2101-PER(MS WATER TENDER),15.7164572,73.7975456,0,STOP,At Fire Station Pernem,Fire Station Pernem
2026-01-17T01:14:35.702Z,GA 07 G 4600-PER(MINI RESCUE TENDER),15.7165267,73.7975289,0,STOP,At Fire Station Pernem,Fire Station Pernem
2026-01-17T01:14:35.702Z,GA 07 G 7272-PNJ(WATER TENDER),15.4880722,73.8173878,0,STOP,"Goa College of Home Science, Dayanand Bandodkar Road, Opposite Parade Ground Campal,, Panaji, Goa (SE)",Fire Station Panaji
2026-01-17T01:14:35.702Z,GA07G2384- Cuncolim,15.1861639,74.0211006,0,STOP,At Fire Station Cuncolim,Fire Station Cuncolim
2026-01-17T01:14:35.702Z,GA07G2507 - PER Mid Size (Water Tender),15.716485,73.7975017,0,STOP,At Fire Station Pernem,Fire Station Pernem
2026-01-17T01:14:35.702Z,GA07G2505 - VAP Mid Size (Water Tender),15.542005,74.0377033,56,RUNNING,"Shree Ajoba temple, Sanquelim–velguem–Surla-Usgao Rd, Cudnem, Goa (SW)",Fire Station Valpoi
2026-01-17T01:14:35.702Z,GA07G2504 - BIC Mid Size (Water Tender),15.589485,73.9466967,0,STOP,At Fire Station Bicholim ,Fire Station Bicholim
2026-01-17T01:14:35.702Z,GA07G2503- MAP Mid Size (Water Tender),15.5899483,73.808635,0,STOP,At Fire Station Mapusa,Fire Station Mapusa
2026-01-17T01:14:35.702Z,GA07G2502 - FFHQ Mid Size (Water Tender),15.4868,73.8171867,0,STOP,"Caculo Mall, 16 Shanta, St Inez Rd, Caculo Enclave, Santa Inez, Panaji, Goa (NW)",Fire Force Headquarters
2026-01-17T01:16:08.311Z,GA 07 G 0680-PIL(QUICK RESPONSE VEHICLE),15.52289,73.8294267,0,STOP,At Porvorim Fire Station,Fire Station Pilerne
2026-01-17T01:16:08.311Z,GA07G2506 - OLG Mid Size (Water Tender),15.500308,73.91407,0,STOP,At Fire Station Old Goa,Fire Station Old Goa
2026-01-17T01:16:08.311Z,GA 07 G 5115-POR(MINI WATER TENDER),15.52334,73.829453,0,STOP,At Porvorim Fire Station,Fire Station Porvorim
2026-01-17T01:16:08.311Z,GA 07 G 0350-MRG(WATER TENDER),15.269438,73.970627,0,STOP,At Fire Station Margoa,Fire Station Margao
2026-01-17T01:16:08.311Z,GA 07 G 2900-MAP(MINI RESCUE TENDER),15.58999,73.808624,0,STOP,At Fire Station Mapusa,Fire Station Mapusa
2026-01-17T01:16:08.311Z,GA 07 G 7600-FFHQ(WATER BOUSER),15.487132,73.817329,0,STOP,"Caculo Mall, 16 Shanta, St Inez Rd, Caculo Enclave, Santa Inez, Panaji, Goa (NW)",Fire Force Headquarters
2026-01-17T01:16:08.311Z,GA 07 G 2002-FFHQ(TURN TABLE LADDER),15.487413,73.817276,0,STOP,"Caculo Mall, 16 Shanta, St Inez Rd, Caculo Enclave, Santa Inez, Panaji, Goa (NW)",Fire Force Headquarters
2026-01-17T01:16:08.311Z,GA 07 G 7101-FFHQ(WATER TENDER),15.486845,73.817009,0,STOP,"Caculo Mall, 16 Shanta, St Inez Rd, Caculo Enclave, Santa Inez, Panaji, Goa (NW)",Fire Force Headquarters
2026-01-17T01:16:08.311Z,GA 07 G 7677-FFHQ(EMERGENCY RESCUE),15.486363,73.817276,0,STOP,At Fire Station panaji,Fire Force Headquarters
2026-01-17T01:16:08.311Z,GA 07 G 1121-PNJ(EMERGENCY RESCUE),15.487333,73.817299,0,STOP,"Caculo Mall, 16 Shanta, St Inez Rd, Caculo Enclave, Santa Inez, Panaji, Goa (NW)",Fire Station Panaji
2026-01-17T01:16:08.311Z,GA 07 G 1571-FFHQ(QUICK RESPONSE),15.486457,73.817513,0,STOP,"Caculo Mall, 16 Shanta, St Inez Rd, Caculo Enclave, Santa Inez, Panaji, Goa (SW)",Fire Force Headquarters
2026-01-17T01:16:08.311Z,GA 07 G 8101-MAP(WATER TENDER),15.589972,73.808624,0,STOP,At Fire Station Mapusa,Fire Station Mapusa
2026-01-17T01:16:08.311Z,GA 07 G 2317-MRG(EMERGENCY RESCUE TENDER),15.2694116,73.9701666,0,STOP,At Fire Station Margoa,Fire Station Margao
2026-01-17T01:16:08.311Z,GA 07 G 1570-VAS(QUICK RESPONSE FIRE TENDER),15.3887733,73.8513266,0,STOP,At Fire Station Vasco,Fire Station Vasco
2026-01-17T01:16:08.311Z,GA 07 G 4101-VAS(MS WATER TENDER),15.3888166,73.851285,0,STOP,At Fire Station Vasco,Fire Station Vasco
2026-01-17T01:16:08.311Z,GA 07 G 0819-VAS(WATER/FOAM TENDER),15.38905,73.8510983,0,IDLE,At Fire Station Vasco,Fire Station Vasco
2026-01-17T01:16:08.311Z,GA 07 G 7100-MRG(WATER BOUSER),15.269415,73.969995,0,STOP,At Fire Station Margoa,Fire Station Margao
2026-01-17T01:16:08.311Z,GA 07 G 1568-MRG(QUICK RESPONSE ),15.2693416,73.9705166,0,STOP,At Fire Station Margoa,Fire Station Margao
2026-01-17T01:16:08.311Z,GA 07 G 6101-MRG(WATER TENDER),15.2694116,73.970255,0,STOP,At Fire Station Margoa,Fire Station Margao
2026-01-17T01:16:08.311Z,GA 07 G 1001-MRG(AERIAL LADDER PLATFORM),15.26938,73.9701583,0,STOP,At Fire Station Margoa,Fire Station Margao
2026-01-17T01:16:08.311Z,GA 07 G 0820-BIC(WATER TEDNER),15.4027967,74.0028217,0,STOP,At Fire Station Ponda ,Fire Station Bicholim
2026-01-17T01:16:08.311Z,GA 07 G 5101-OLG(MS WATER TENDER),15.500265,73.9139483,0,STOP,At Fire Station Old Goa,Fire Station Old Goa
2026-01-17T01:16:08.311Z,GA 07 G 3101-BIC(MS WATER TENDER),15.5894116,73.9468666,4,STOP,At Fire Station Bicholim ,Fire Station Bicholim
2026-01-17T01:16:08.311Z,GA 07 G 1941-BIC(QUICK RESPONSE),15.5894533,73.9467116,0,STOP,At Fire Station Bicholim ,Fire Station Bicholim
2026-01-17T01:16:08.311Z,GA 07 G 2319-VAS (EMERGENCY RESCUE TENDER),15.3900983,73.8532383,0,STOP,"Zuari Rd, Holy Cross Colony, Dabolim, Goa (SE)",Fire Station Vasco
2026-01-17T01:16:08.311Z,GA 07 G 3737-VAP(WATER TENDER),15.5310533,74.1388916,0,STOP,At Fire Station Valpoi ,Fire Station Valpoi
2026-01-17T01:16:08.311Z,GA 07 G 2318-PND(EMERGENCY RESCUE TENDER),15.4028033,74.00293,0,STOP,At Fire Station Ponda ,Fire Station Ponda
2026-01-17T01:16:08.311Z,GA 07 G 2004-PND(QUICK RESPONSE),15.4141016,73.9073083,0,INACTIVE,"Guru Hotel, Old Ferry Road, Agaçaim, Goa (SE)",Fire Station Ponda
2026-01-17T01:16:08.311Z,GA 07 G 9101-PND(WATER TENDER),15.4027033,74.0028733,0,STOP,At Fire Station Ponda ,Fire Station Ponda
2026-01-17T01:16:08.311Z,GA 07 G 9797-PND(WATER BOUSER),15.4027999,74.0027016,0,STOP,At Fire Station Ponda ,Fire Station Ponda
2026-01-17T01:16:08.311Z,GA 07 G 6363-CAN(WATER TENDER),15.02361,74.04406,0,INACTIVE,"Canacona, The Lalitrajbaga ,Canacona, Canacona, Goa (NE)",Fire Station Canacona
2026-01-17T01:16:08.311Z,GA 07 G 1567-CAN(QUICK RESPONSE FT),15.0233599,74.0440833,0,INACTIVE,"Canacona, The Lalitrajbaga ,Canacona, Canacona, Goa (NE)",Fire Station Canacona
2026-01-17T01:16:08.311Z,GA 07 G 1569-VRN(QUICK RESPONSE),15.369545,73.9355216,0,STOP,At Fire Station Verna,Fire Station Verna
2026-01-17T01:16:08.311Z,GA 07 G 9909-VRN(ADVANCE MULTI-PURPOSE),15.36974,73.9360833,0,STOP,At Fire Station Verna,Fire Station Verna
2026-01-17T01:16:08.311Z,GA 07 G 1942-VAP(QUICK RESPONSE),15.5310033,74.138745,0,STOP,At Fire Station Valpoi ,Fire Station Valpoi
2026-01-17T01:16:08.311Z,GA 07 G 2003-CUR(QUICK RESPONSE),15.2604016,74.1031166,0,STOP,At Fire Station Curchorem,Fire Station Curchorem
2026-01-17T01:16:08.311Z,GA 07 G 7447-CUR(EMERGENCY RESCUE),15.260415,74.10376,0,STOP,At Fire Station Curchorem,Fire Station Curchorem
2026-01-17T01:16:08.311Z,GA 07 G 7557-CUR(WATER TENDER),15.2604083,74.1034266,0,STOP,At Fire Station Curchorem,Fire Station Curchorem
2026-01-17T01:16:08.311Z,GA 07 G 7667-CUR(WATER BOUSER),15.2602533,74.1037266,0,STOP,At Fire Station Curchorem,Fire Station Curchorem
2026-01-17T01:16:08.311Z,GA 07 G 4989-KUN(WATER TENDER),15.4632383,73.9724617,0,STOP,At Fire Station Kundaim,Fire Station Kundaim
2026-01-17T01:16:08.311Z,GA 07 G 2242-PIL(WATER TENDER),15.5329344,73.7940983,0,STOP,At Fire Station Pilerne,Fire Station Pilerne
2026-01-17T01:16:08.311Z,GA 07 G 0681-MAP(QUICK RESPONSE),15.58978,73.808805,0,STOP,At Fire Station Mapusa,Fire Station Mapusa
2026-01-17T01:16:08.311Z,GA 07 G 0307-PER(QUICK RESPONSE),15.7164939,73.7974239,0,INACTIVE,At Fire Station Pernem,Fire Station Pernem
2026-01-17T01:16:08.311Z,GA 07 G 2101-PER(MS WATER TENDER),15.7164572,73.7975456,0,STOP,At Fire Station Pernem,Fire Station Pernem
2026-01-17T01:16:08.311Z,GA 07 G 4600-PER(MINI RESCUE TENDER),15.7165267,73.7975289,0,STOP,At Fire Station Pernem,Fire Station Pernem
2026-01-17T01:16:08.311Z,GA 07 G 7272-PNJ(WATER TENDER),15.4880722,73.8173878,0,STOP,"Goa College of Home Science, Dayanand Bandodkar Road, Opposite Parade Ground Campal,, Panaji, Goa (SE)",Fire Station Panaji
2026-01-17T01:16:08.311Z,GA07G2384- Cuncolim,15.1861639,74.0211006,0,STOP,At Fire Station Cuncolim,Fire Station Cuncolim
2026-01-17T01:16:08.311Z,GA07G2507 - PER Mid Size (Water Tender),15.716485,73.7975017,0,STOP,At Fire Station Pernem,Fire Station Pernem
2026-01-17T01:16:08.311Z,GA07G2505 - VAP Mid Size (Water Tender),15.5337567,74.0344883,57,RUNNING,"SACRED HEART OF MARY CHAPEL DIGNEM, Dignem, Cudnem, Goa (NE)",Fire Station Valpoi
2026-01-17T01:16:08.311Z,GA07G2504 - BIC Mid Size (Water Tender),15.589485,73.9466967,0,STOP,At Fire Station Bicholim ,Fire Station Bicholim
2026-01-17T01:16:08.311Z,GA07G2503- MAP Mid Size (Water Tender),15.5899483,73.808635,0,STOP,At Fire Station Mapusa,Fire Station Mapusa
2026-01-17T01:16:08.311Z,GA07G2502 - FFHQ Mid Size (Water Tender),15.4868,73.8171867,0,STOP,"Caculo Mall, 16 Shanta, St Inez Rd, Caculo Enclave, Santa Inez, Panaji, Goa (NW)",Fire Force Headquarters
2026-01-17T01:16:37.608Z,GA 07 G 0680-PIL(QUICK RESPONSE VEHICLE),15.52289,73.8294267,0,STOP,At Porvorim Fire Station,Fire Station Pilerne
2026-01-17T01:16:37.608Z,GA07G2506 - OLG Mid Size (Water Tender),15.500308,73.91407,0,STOP,At Fire Station Old Goa,Fire Station Old Goa
2026-01-17T01:16:37.608Z,GA 07 G 5115-POR(MINI WATER TENDER),15.52334,73.829453,0,STOP,At Porvorim Fire Station,Fire Station Porvorim
2026-01-17T01:16:37.608Z,GA 07 G 0350-MRG(WATER TENDER),15.269438,73.970627,0,STOP,At Fire Station Margoa,Fire Station Margao
2026-01-17T01:16:37.608Z,GA 07 G 2900-MAP(MINI RESCUE TENDER),15.58999,73.808624,0,STOP,At Fire Station Mapusa,Fire Station Mapusa
2026-01-17T01:16:37.608Z,GA 07 G 7600-FFHQ(WATER BOUSER),15.487132,73.817329,0,STOP,"Caculo Mall, 16 Shanta, St Inez Rd, Caculo Enclave, Santa Inez, Panaji, Goa (NW)",Fire Force Headquarters
2026-01-17T01:16:37.608Z,GA 07 G 2002-FFHQ(TURN TABLE LADDER),15.487413,73.817276,0,STOP,"Caculo Mall, 16 Shanta, St Inez Rd, Caculo Enclave, Santa Inez, Panaji, Goa (NW)",Fire Force Headquarters
2026-01-17T01:16:37.608Z,GA 07 G 7101-FFHQ(WATER TENDER),15.486845,73.817009,0,STOP,"Caculo Mall, 16 Shanta, St Inez Rd, Caculo Enclave, Santa Inez, Panaji, Goa (NW)",Fire Force Headquarters
2026-01-17T01:16:37.608Z,GA 07 G 7677-FFHQ(EMERGENCY RESCUE),15.486363,73.817276,0,STOP,At Fire Station panaji,Fire Force Headquarters
2026-01-17T01:16:37.608Z,GA 07 G 1121-PNJ(EMERGENCY RESCUE),15.487333,73.817299,0,STOP,"Caculo Mall, 16 Shanta, St Inez Rd, Caculo Enclave, Santa Inez, Panaji, Goa (NW)",Fire Station Panaji
2026-01-17T01:16:37.608Z,GA 07 G 1571-FFHQ(QUICK RESPONSE),15.486457,73.817513,0,STOP,"Caculo Mall, 16 Shanta, St Inez Rd, Caculo Enclave, Santa Inez, Panaji, Goa (SW)",Fire Force Headquarters
2026-01-17T01:16:37.608Z,GA 07 G 8101-MAP(WATER TENDER),15.589972,73.808624,0,STOP,At Fire Station Mapusa,Fire Station Mapusa
2026-01-17T01:16:37.608Z,GA 07 G 2317-MRG(EMERGENCY RESCUE TENDER),15.2694116,73.9701666,0,STOP,At Fire Station Margoa,Fire Station Margao
2026-01-17T01:16:37.608Z,GA 07 G 1570-VAS(QUICK RESPONSE FIRE TENDER),15.3887733,73.8513266,0,STOP,At Fire Station Vasco,Fire Station Vasco
2026-01-17T01:16:37.608Z,GA 07 G 4101-VAS(MS WATER TENDER),15.3888166,73.851285,0,STOP,At Fire Station Vasco,Fire Station Vasco
2026-01-17T01:16:37.608Z,GA 07 G 0819-VAS(WATER/FOAM TENDER),15.38905,73.8510983,0,IDLE,At Fire Station Vasco,Fire Station Vasco
2026-01-17T01:16:37.608Z,GA 07 G 7100-MRG(WATER BOUSER),15.269415,73.969995,0,STOP,At Fire Station Margoa,Fire Station Margao
2026-01-17T01:16:37.608Z,GA 07 G 1568-MRG(QUICK RESPONSE ),15.2693416,73.9705166,0,STOP,At Fire Station Margoa,Fire Station Margao
2026-01-17T01:16:37.608Z,GA 07 G 6101-MRG(WATER TENDER),15.2694116,73.970255,0,STOP,At Fire Station Margoa,Fire Station Margao
2026-01-17T01:16:37.608Z,GA 07 G 1001-MRG(AERIAL LADDER PLATFORM),15.26938,73.9701583,0,STOP,At Fire Station Margoa,Fire Station Margao
2026-01-17T01:16:37.608Z,GA 07 G 0820-BIC(WATER TEDNER),15.4027967,74.0028217,0,STOP,At Fire Station Ponda ,Fire Station Bicholim
2026-01-17T01:16:37.608Z,GA 07 G 5101-OLG(MS WATER TENDER),15.500265,73.9139483,0,STOP,At Fire Station Old Goa,Fire Station Old Goa
2026-01-17T01:16:37.608Z,GA 07 G 3101-BIC(MS WATER TENDER),15.5894116,73.9468666,4,STOP,At Fire Station Bicholim ,Fire Station Bicholim
2026-01-17T01:16:37.608Z,GA 07 G 1941-BIC(QUICK RESPONSE),15.5894533,73.9467116,0,STOP,At Fire Station Bicholim ,Fire Station Bicholim
2026-01-17T01:16:37.608Z,GA 07 G 2319-VAS (EMERGENCY RESCUE TENDER),15.3900983,73.8532383,0,STOP,"Zuari Rd, Holy Cross Colony, Dabolim, Goa (SE)",Fire Station Vasco
2026-01-17T01:16:37.608Z,GA 07 G 3737-VAP(WATER TENDER),15.5310533,74.1388916,0,STOP,At Fire Station Valpoi ,Fire Station Valpoi
2026-01-17T01:16:37.608Z,GA 07 G 2318-PND(EMERGENCY RESCUE TENDER),15.4028033,74.00293,0,STOP,At Fire Station Ponda ,Fire Station Ponda
2026-01-17T01:16:37.608Z,GA 07 G 2004-PND(QUICK RESPONSE),15.4141016,73.9073083,0,INACTIVE,"Guru Hotel, Old Ferry Road, Agaçaim, Goa (SE)",Fire Station Ponda
2026-01-17T01:16:37.608Z,GA 07 G 9101-PND(WATER TENDER),15.4027033,74.0028733,0,STOP,At Fire Station Ponda ,Fire Station Ponda
2026-01-17T01:16:37.608Z,GA 07 G 9797-PND(WATER BOUSER),15.4027999,74.0027016,0,STOP,At Fire Station Ponda ,Fire Station Ponda
2026-01-17T01:16:37.608Z,GA 07 G 6363-CAN(WATER TENDER),15.02361,74.04406,0,INACTIVE,"Canacona, The Lalitrajbaga ,Canacona, Canacona, Goa (NE)",Fire Station Canacona
2026-01-17T01:16:37.608Z,GA 07 G 1567-CAN(QUICK RESPONSE FT),15.0233599,74.0440833,0,INACTIVE,"Canacona, The Lalitrajbaga ,Canacona, Canacona, Goa (NE)",Fire Station Canacona
2026-01-17T01:16:37.608Z,GA 07 G 1569-VRN(QUICK RESPONSE),15.369545,73.9355216,0,STOP,At Fire Station Verna,Fire Station Verna
2026-01-17T01:16:37.608Z,GA 07 G 9909-VRN(ADVANCE MULTI-PURPOSE),15.36974,73.9360833,0,STOP,At Fire Station Verna,Fire Station Verna
2026-01-17T01:16:37.608Z,GA 07 G 1942-VAP(QUICK RESPONSE),15.5310033,74.138745,0,STOP,At Fire Station Valpoi ,Fire Station Valpoi
2026-01-17T01:16:37.608Z,GA 07 G 2003-CUR(QUICK RESPONSE),15.2604016,74.1031166,0,STOP,At Fire Station Curchorem,Fire Station Curchorem
2026-01-17T01:16:37.608Z,GA 07 G 7447-CUR(EMERGENCY RESCUE),15.260415,74.10376,0,STOP,At Fire Station Curchorem,Fire Station Curchorem
2026-01-17T01:16:37.608Z,GA 07 G 7557-CUR(WATER TENDER),15.2604083,74.1034266,0,STOP,At Fire Station Curchorem,Fire Station Curchorem
2026-01-17T01:16:37.608Z,GA 07 G 7667-CUR(WATER BOUSER),15.2602533,74.1037266,0,STOP,At Fire Station Curchorem,Fire Station Curchorem
2026-01-17T01:16:37.608Z,GA 07 G 4989-KUN(WATER TENDER),15.4632383,73.9724617,0,STOP,At Fire Station Kundaim,Fire Station Kundaim
2026-01-17T01:16:37.608Z,GA 07 G 2242-PIL(WATER TENDER),15.5329344,73.7940983,0,STOP,At Fire Station Pilerne,Fire Station Pilerne
2026-01-17T01:16:37.608Z,GA 07 G 0681-MAP(QUICK RESPONSE),15.58978,73.808805,0,STOP,At Fire Station Mapusa,Fire Station Mapusa
2026-01-17T01:16:37.608Z,GA 07 G 0307-PER(QUICK RESPONSE),15.7164939,73.7974239,0,INACTIVE,At Fire Station Pernem,Fire Station Pernem
2026-01-17T01:16:37.608Z,GA 07 G 2101-PER(MS WATER TENDER),15.7164572,73.7975456,0,STOP,At Fire Station Pernem,Fire Station Pernem
2026-01-17T01:16:37.608Z,GA 07 G 4600-PER(MINI RESCUE TENDER),15.7165267,73.7975289,0,STOP,At Fire Station Pernem,Fire Station Pernem
2026-01-17T01:16:37.608Z,GA 07 G 7272-PNJ(WATER TENDER),15.4880722,73.8173878,0,STOP,"Goa College of Home Science, Dayanand Bandodkar Road, Opposite Parade Ground Campal,, Panaji, Goa (SE)",Fire Station Panaji
2026-01-17T01:16:37.608Z,GA07G2384- Cuncolim,15.1861639,74.0211006,0,STOP,At Fire Station Cuncolim,Fire Station Cuncolim
2026-01-17T01:16:37.608Z,GA07G2507 - PER Mid Size (Water Tender),15.716485,73.7975017,0,STOP,At Fire Station Pernem,Fire Station Pernem
2026-01-17T01:16:37.608Z,GA07G2505 - VAP Mid Size (Water Tender),15.53292,74.0294267,52,RUNNING,"SACRED HEART OF MARY CHAPEL DIGNEM, Dignem, Cudnem, Goa (NW)",Fire Station Valpoi
2026-01-17T01:16:37.608Z,GA07G2504 - BIC Mid Size (Water Tender),15.589485,73.9466967,0,STOP,At Fire Station Bicholim ,Fire Station Bicholim
2026-01-17T01:16:37.608Z,GA07G2503- MAP Mid Size (Water Tender),15.5899483,73.808635,0,STOP,At Fire Station Mapusa,Fire Station Mapusa
2026-01-17T01:16:37.608Z,GA07G2502 - FFHQ Mid Size (Water Tender),15.4868,73.8171867,0,STOP,"Caculo Mall, 16 Shanta, St Inez Rd, Caculo Enclave, Santa Inez, Panaji, Goa (NW)",Fire Force Headquarters
2026-01-17T01:17:45.587Z,GA 07 G 0680-PIL(QUICK RESPONSE VEHICLE),15.52289,73.8294267,0,STOP,At Porvorim Fire Station,Fire Station Pilerne
2026-01-17T01:17:45.587Z,GA07G2506 - OLG Mid Size (Water Tender),15.500308,73.91407,0,STOP,At Fire Station Old Goa,Fire Station Old Goa
2026-01-17T01:17:45.587Z,GA 07 G 5115-POR(MINI WATER TENDER),15.52334,73.829453,0,STOP,At Porvorim Fire Station,Fire Station Porvorim
2026-01-17T01:17:45.587Z,GA 07 G 0350-MRG(WATER TENDER),15.269438,73.970627,0,STOP,At Fire Station Margoa,Fire Station Margao
2026-01-17T01:17:45.587Z,GA 07 G 2900-MAP(MINI RESCUE TENDER),15.58999,73.808624,0,STOP,At Fire Station Mapusa,Fire Station Mapusa
2026-01-17T01:17:45.587Z,GA 07 G 7600-FFHQ(WATER BOUSER),15.487132,73.817329,0,STOP,"Caculo Mall, 16 Shanta, St Inez Rd, Caculo Enclave, Santa Inez, Panaji, Goa (NW)",Fire Force Headquarters
2026-01-17T01:17:45.587Z,GA 07 G 2002-FFHQ(TURN TABLE LADDER),15.487413,73.817276,0,STOP,"Caculo Mall, 16 Shanta, St Inez Rd, Caculo Enclave, Santa Inez, Panaji, Goa (NW)",Fire Force Headquarters
2026-01-17T01:17:45.587Z,GA 07 G 7101-FFHQ(WATER TENDER),15.486845,73.817009,0,STOP,"Caculo Mall, 16 Shanta, St Inez Rd, Caculo Enclave, Santa Inez, Panaji, Goa (NW)",Fire Force Headquarters
2026-01-17T01:17:45.587Z,GA 07 G 7677-FFHQ(EMERGENCY RESCUE),15.486363,73.817276,0,STOP,At Fire Station panaji,Fire Force Headquarters
2026-01-17T01:17:45.587Z,GA 07 G 1121-PNJ(EMERGENCY RESCUE),15.487333,73.817299,0,STOP,"Caculo Mall, 16 Shanta, St Inez Rd, Caculo Enclave, Santa Inez, Panaji, Goa (NW)",Fire Station Panaji
2026-01-17T01:17:45.587Z,GA 07 G 1571-FFHQ(QUICK RESPONSE),15.486457,73.817513,0,STOP,"Caculo Mall, 16 Shanta, St Inez Rd, Caculo Enclave, Santa Inez, Panaji, Goa (SW)",Fire Force Headquarters
2026-01-17T01:17:45.587Z,GA 07 G 8101-MAP(WATER TENDER),15.589972,73.808624,0,STOP,At Fire Station Mapusa,Fire Station Mapusa
2026-01-17T01:17:45.587Z,GA 07 G 2317-MRG(EMERGENCY RESCUE TENDER),15.2694116,73.9701666,0,STOP,At Fire Station Margoa,Fire Station Margao
2026-01-17T01:17:45.587Z,GA 07 G 1570-VAS(QUICK RESPONSE FIRE TENDER),15.3887733,73.8513266,0,STOP,At Fire Station Vasco,Fire Station Vasco
2026-01-17T01:17:45.587Z,GA 07 G 4101-VAS(MS WATER TENDER),15.3888166,73.851285,0,STOP,At Fire Station Vasco,Fire Station Vasco
2026-01-17T01:17:45.587Z,GA 07 G 0819-VAS(WATER/FOAM TENDER),15.38905,73.8510983,0,IDLE,At Fire Station Vasco,Fire Station Vasco
2026-01-17T01:17:45.587Z,GA 07 G 7100-MRG(WATER BOUSER),15.269415,73.969995,0,STOP,At Fire Station Margoa,Fire Station Margao
2026-01-17T01:17:45.587Z,GA 07 G 1568-MRG(QUICK RESPONSE ),15.2693416,73.9705166,0,STOP,At Fire Station Margoa,Fire Station Margao
2026-01-17T01:17:45.587Z,GA 07 G 6101-MRG(WATER TENDER),15.2694116,73.970255,0,STOP,At Fire Station Margoa,Fire Station Margao
2026-01-17T01:17:45.587Z,GA 07 G 1001-MRG(AERIAL LADDER PLATFORM),15.26938,73.9701583,0,STOP,At Fire Station Margoa,Fire Station Margao
2026-01-17T01:17:45.587Z,GA 07 G 0820-BIC(WATER TEDNER),15.4027967,74.0028217,0,STOP,At Fire Station Ponda ,Fire Station Bicholim
2026-01-17T01:17:45.587Z,GA 07 G 5101-OLG(MS WATER TENDER),15.500265,73.9139483,0,STOP,At Fire Station Old Goa,Fire Station Old Goa
2026-01-17T01:17:45.587Z,GA 07 G 3101-BIC(MS WATER TENDER),15.5894116,73.9468666,0,STOP,At Fire Station Bicholim ,Fire Station Bicholim
2026-01-17T01:17:45.587Z,GA 07 G 1941-BIC(QUICK RESPONSE),15.5894533,73.9467116,0,STOP,At Fire Station Bicholim ,Fire Station Bicholim
2026-01-17T01:17:45.587Z,GA 07 G 2319-VAS (EMERGENCY RESCUE TENDER),15.3900983,73.8532383,0,STOP,"Zuari Rd, Holy Cross Colony, Dabolim, Goa (SE)",Fire Station Vasco
2026-01-17T01:17:45.587Z,GA 07 G 3737-VAP(WATER TENDER),15.5310533,74.1388916,0,STOP,At Fire Station Valpoi ,Fire Station Valpoi
2026-01-17T01:17:45.587Z,GA 07 G 2318-PND(EMERGENCY RESCUE TENDER),15.4028033,74.00293,0,STOP,At Fire Station Ponda ,Fire Station Ponda
2026-01-17T01:17:45.587Z,GA 07 G 2004-PND(QUICK RESPONSE),15.4141016,73.9073083,0,INACTIVE,"Guru Hotel, Old Ferry Road, Agaçaim, Goa (SE)",Fire Station Ponda
2026-01-17T01:17:45.587Z,GA 07 G 9101-PND(WATER TENDER),15.4027033,74.0028733,0,STOP,At Fire Station Ponda ,Fire Station Ponda
2026-01-17T01:17:45.587Z,GA 07 G 9797-PND(WATER BOUSER),15.4027999,74.0027016,0,STOP,At Fire Station Ponda ,Fire Station Ponda
2026-01-17T01:17:45.587Z,GA 07 G 6363-CAN(WATER TENDER),15.02361,74.04406,0,INACTIVE,"Canacona, The Lalitrajbaga ,Canacona, Canacona, Goa (NE)",Fire Station Canacona
2026-01-17T01:17:45.587Z,GA 07 G 1567-CAN(QUICK RESPONSE FT),15.0233599,74.0440833,0,INACTIVE,"Canacona, The Lalitrajbaga ,Canacona, Canacona, Goa (NE)",Fire Station Canacona
2026-01-17T01:17:45.587Z,GA 07 G 1569-VRN(QUICK RESPONSE),15.369545,73.9355216,0,STOP,At Fire Station Verna,Fire Station Verna
2026-01-17T01:17:45.587Z,GA 07 G 9909-VRN(ADVANCE MULTI-PURPOSE),15.36974,73.9360833,0,STOP,At Fire Station Verna,Fire Station Verna
2026-01-17T01:17:45.587Z,GA 07 G 1942-VAP(QUICK RESPONSE),15.5310033,74.138745,0,STOP,At Fire Station Valpoi ,Fire Station Valpoi
2026-01-17T01:17:45.587Z,GA 07 G 2003-CUR(QUICK RESPONSE),15.2604016,74.1031166,0,STOP,At Fire Station Curchorem,Fire Station Curchorem
2026-01-17T01:17:45.587Z,GA 07 G 7447-CUR(EMERGENCY RESCUE),15.260415,74.10376,0,STOP,At Fire Station Curchorem,Fire Station Curchorem
2026-01-17T01:17:45.587Z,GA 07 G 7557-CUR(WATER TENDER),15.2604083,74.1034266,0,STOP,At Fire Station Curchorem,Fire Station Curchorem
2026-01-17T01:17:45.587Z,GA 07 G 7667-CUR(WATER BOUSER),15.2602533,74.1037266,0,STOP,At Fire Station Curchorem,Fire Station Curchorem
2026-01-17T01:17:45.587Z,GA 07 G 4989-KUN(WATER TENDER),15.4632383,73.9724617,0,STOP,At Fire Station Kundaim,Fire Station Kundaim
2026-01-17T01:17:45.587Z,GA 07 G 2242-PIL(WATER TENDER),15.5329344,73.7940983,0,STOP,At Fire Station Pilerne,Fire Station Pilerne
2026-01-17T01:17:45.587Z,GA 07 G 0681-MAP(QUICK RESPONSE),15.58978,73.808805,0,STOP,At Fire Station Mapusa,Fire Station Mapusa
2026-01-17T01:17:45.587Z,GA 07 G 0307-PER(QUICK RESPONSE),15.7164939,73.7974239,0,INACTIVE,At Fire Station Pernem,Fire Station Pernem
2026-01-17T01:17:45.587Z,GA 07 G 2101-PER(MS WATER TENDER),15.7164572,73.7975456,0,STOP,At Fire Station Pernem,Fire Station Pernem
2026-01-17T01:17:45.587Z,GA 07 G 4600-PER(MINI RESCUE TENDER),15.7165267,73.7975289,0,STOP,At Fire Station Pernem,Fire Station Pernem
2026-01-17T01:17:45.587Z,GA 07 G 7272-PNJ(WATER TENDER),15.4880722,73.8173878,0,STOP,"Goa College of Home Science, Dayanand Bandodkar Road, Opposite Parade Ground Campal,, Panaji, Goa (SE)",Fire Station Panaji
2026-01-17T01:17:45.587Z,GA07G2384- Cuncolim,15.1861639,74.0211006,0,STOP,At Fire Station Cuncolim,Fire Station Cuncolim
2026-01-17T01:17:45.587Z,GA07G2507 - PER Mid Size (Water Tender),15.716485,73.7975017,0,STOP,At Fire Station Pernem,Fire Station Pernem
2026-01-17T01:17:45.587Z,GA07G2505 - VAP Mid Size (Water Tender),15.5282983,74.0220467,38,RUNNING,"Hathkhamba-Goa Rd, Navelim, Goa (SE)",Fire Station Valpoi
2026-01-17T01:17:45.587Z,GA07G2504 - BIC Mid Size (Water Tender),15.589485,73.9466967,0,STOP,At Fire Station Bicholim ,Fire Station Bicholim
2026-01-17T01:17:45.587Z,GA07G2503- MAP Mid Size (Water Tender),15.5899483,73.808635,0,STOP,At Fire Station Mapusa,Fire Station Mapusa
2026-01-17T01:17:45.587Z,GA07G2502 - FFHQ Mid Size (Water Tender),15.4868,73.8171867,0,STOP,"Caculo Mall, 16 Shanta, St Inez Rd, Caculo Enclave, Santa Inez, Panaji, Goa (NW)",Fire Force Headquarters
2026-01-17T01:19:03.444Z,GA 07 G 0680-PIL(QUICK RESPONSE VEHICLE),15.52289,73.8294267,0,STOP,At Porvorim Fire Station,Fire Station Pilerne
2026-01-17T01:19:03.444Z,GA07G2506 - OLG Mid Size (Water Tender),15.500308,73.91407,0,STOP,At Fire Station Old Goa,Fire Station Old Goa
2026-01-17T01:19:03.444Z,GA 07 G 5115-POR(MINI WATER TENDER),15.52334,73.829453,0,STOP,At Porvorim Fire Station,Fire Station Porvorim
2026-01-17T01:19:03.444Z,GA 07 G 0350-MRG(WATER TENDER),15.269438,73.970627,0,STOP,At Fire Station Margoa,Fire Station Margao
2026-01-17T01:19:03.444Z,GA 07 G 2900-MAP(MINI RESCUE TENDER),15.58999,73.808624,0,STOP,At Fire Station Mapusa,Fire Station Mapusa
2026-01-17T01:19:03.444Z,GA 07 G 7600-FFHQ(WATER BOUSER),15.487132,73.817329,0,STOP,"Caculo Mall, 16 Shanta, St Inez Rd, Caculo Enclave, Santa Inez, Panaji, Goa (NW)",Fire Force Headquarters
2026-01-17T01:19:03.444Z,GA 07 G 2002-FFHQ(TURN TABLE LADDER),15.487413,73.817276,0,STOP,"Caculo Mall, 16 Shanta, St Inez Rd, Caculo Enclave, Santa Inez, Panaji, Goa (NW)",Fire Force Headquarters
2026-01-17T01:19:03.444Z,GA 07 G 7101-FFHQ(WATER TENDER),15.486845,73.817009,0,STOP,"Caculo Mall, 16 Shanta, St Inez Rd, Caculo Enclave, Santa Inez, Panaji, Goa (NW)",Fire Force Headquarters
2026-01-17T01:19:03.444Z,GA 07 G 7677-FFHQ(EMERGENCY RESCUE),15.486352,73.817314,0,IDLE,At Fire Station panaji,Fire Force Headquarters
2026-01-17T01:19:03.444Z,GA 07 G 1121-PNJ(EMERGENCY RESCUE),15.487333,73.817299,0,STOP,"Caculo Mall, 16 Shanta, St Inez Rd, Caculo Enclave, Santa Inez, Panaji, Goa (NW)",Fire Station Panaji
2026-01-17T01:19:03.444Z,GA 07 G 1571-FFHQ(QUICK RESPONSE),15.486457,73.817513,0,STOP,"Caculo Mall, 16 Shanta, St Inez Rd, Caculo Enclave, Santa Inez, Panaji, Goa (SW)",Fire Force Headquarters
2026-01-17T01:19:03.444Z,GA 07 G 8101-MAP(WATER TENDER),15.589972,73.808624,0,STOP,At Fire Station Mapusa,Fire Station Mapusa
2026-01-17T01:19:03.444Z,GA 07 G 2317-MRG(EMERGENCY RESCUE TENDER),15.2694116,73.9701666,0,STOP,At Fire Station Margoa,Fire Station Margao
2026-01-17T01:19:03.444Z,GA 07 G 1570-VAS(QUICK RESPONSE FIRE TENDER),15.3887733,73.8513266,0,STOP,At Fire Station Vasco,Fire Station Vasco
2026-01-17T01:19:03.444Z,GA 07 G 4101-VAS(MS WATER TENDER),15.3888166,73.851285,0,STOP,At Fire Station Vasco,Fire Station Vasco
2026-01-17T01:19:03.444Z,GA 07 G 0819-VAS(WATER/FOAM TENDER),15.38905,73.8510983,0,IDLE,At Fire Station Vasco,Fire Station Vasco
2026-01-17T01:19:03.444Z,GA 07 G 7100-MRG(WATER BOUSER),15.269415,73.969995,0,STOP,At Fire Station Margoa,Fire Station Margao
2026-01-17T01:19:03.444Z,GA 07 G 1568-MRG(QUICK RESPONSE ),15.2693416,73.9705166,0,STOP,At Fire Station Margoa,Fire Station Margao
2026-01-17T01:19:03.444Z,GA 07 G 6101-MRG(WATER TENDER),15.2694116,73.970255,0,STOP,At Fire Station Margoa,Fire Station Margao
2026-01-17T01:19:03.444Z,GA 07 G 1001-MRG(AERIAL LADDER PLATFORM),15.26938,73.9701583,0,STOP,At Fire Station Margoa,Fire Station Margao
2026-01-17T01:19:03.444Z,GA 07 G 0820-BIC(WATER TEDNER),15.4027967,74.0028217,0,STOP,At Fire Station Ponda ,Fire Station Bicholim
2026-01-17T01:19:03.444Z,GA 07 G 5101-OLG(MS WATER TENDER),15.500265,73.9139483,0,STOP,At Fire Station Old Goa,Fire Station Old Goa
2026-01-17T01:19:03.444Z,GA 07 G 3101-BIC(MS WATER TENDER),15.5893266,73.9468916,4,STOP,At Fire Station Bicholim ,Fire Station Bicholim
2026-01-17T01:19:03.444Z,GA 07 G 1941-BIC(QUICK RESPONSE),15.5894533,73.9467116,0,STOP,At Fire Station Bicholim ,Fire Station Bicholim
2026-01-17T01:19:03.444Z,GA 07 G 2319-VAS (EMERGENCY RESCUE TENDER),15.3900983,73.8532383,0,STOP,"Zuari Rd, Holy Cross Colony, Dabolim, Goa (SE)",Fire Station Vasco
2026-01-17T01:19:03.444Z,GA 07 G 3737-VAP(WATER TENDER),15.5310533,74.1388916,0,STOP,At Fire Station Valpoi ,Fire Station Valpoi
2026-01-17T01:19:03.444Z,GA 07 G 2318-PND(EMERGENCY RESCUE TENDER),15.4028033,74.00293,0,STOP,At Fire Station Ponda ,Fire Station Ponda
2026-01-17T01:19:03.444Z,GA 07 G 2004-PND(QUICK RESPONSE),15.4141016,73.9073083,0,INACTIVE,"Guru Hotel, Old Ferry Road, Agaçaim, Goa (SE)",Fire Station Ponda
2026-01-17T01:19:03.444Z,GA 07 G 9101-PND(WATER TENDER),15.4027033,74.0028733,0,STOP,At Fire Station Ponda ,Fire Station Ponda
2026-01-17T01:19:03.444Z,GA 07 G 9797-PND(WATER BOUSER),15.4027999,74.0027016,0,STOP,At Fire Station Ponda ,Fire Station Ponda
2026-01-17T01:19:03.444Z,GA 07 G 6363-CAN(WATER TENDER),15.02361,74.04406,0,INACTIVE,"Canacona, The Lalitrajbaga ,Canacona, Canacona, Goa (NE)",Fire Station Canacona
2026-01-17T01:19:03.444Z,GA 07 G 1567-CAN(QUICK RESPONSE FT),15.0233599,74.0440833,0,INACTIVE,"Canacona, The Lalitrajbaga ,Canacona, Canacona, Goa (NE)",Fire Station Canacona
2026-01-17T01:19:03.444Z,GA 07 G 1569-VRN(QUICK RESPONSE),15.369545,73.9355216,0,STOP,At Fire Station Verna,Fire Station Verna
2026-01-17T01:19:03.444Z,GA 07 G 9909-VRN(ADVANCE MULTI-PURPOSE),15.36974,73.9360833,0,STOP,At Fire Station Verna,Fire Station Verna
2026-01-17T01:19:03.444Z,GA 07 G 1942-VAP(QUICK RESPONSE),15.5310033,74.138745,0,STOP,At Fire Station Valpoi ,Fire Station Valpoi
2026-01-17T01:19:03.444Z,GA 07 G 2003-CUR(QUICK RESPONSE),15.2604016,74.1031166,0,STOP,At Fire Station Curchorem,Fire Station Curchorem
2026-01-17T01:19:03.444Z,GA 07 G 7447-CUR(EMERGENCY RESCUE),15.260415,74.10376,0,STOP,At Fire Station Curchorem,Fire Station Curchorem
2026-01-17T01:19:03.444Z,GA 07 G 7557-CUR(WATER TENDER),15.2604083,74.1034266,0,STOP,At Fire Station Curchorem,Fire Station Curchorem
2026-01-17T01:19:03.444Z,GA 07 G 7667-CUR(WATER BOUSER),15.2602533,74.1037266,0,STOP,At Fire Station Curchorem,Fire Station Curchorem
2026-01-17T01:19:03.444Z,GA 07 G 4989-KUN(WATER TENDER),15.4632383,73.9724617,0,STOP,At Fire Station Kundaim,Fire Station Kundaim
2026-01-17T01:19:03.444Z,GA 07 G 2242-PIL(WATER TENDER),15.5329344,73.7940983,0,STOP,At Fire Station Pilerne,Fire Station Pilerne
2026-01-17T01:19:03.444Z,GA 07 G 0681-MAP(QUICK RESPONSE),15.58978,73.808805,0,STOP,At Fire Station Mapusa,Fire Station Mapusa
2026-01-17T01:19:03.444Z,GA 07 G 0307-PER(QUICK RESPONSE),15.7164939,73.7974239,0,INACTIVE,At Fire Station Pernem,Fire Station Pernem
2026-01-17T01:19:03.444Z,GA 07 G 2101-PER(MS WATER TENDER),15.7164572,73.7975456,0,STOP,At Fire Station Pernem,Fire Station Pernem
2026-01-17T01:19:03.444Z,GA 07 G 4600-PER(MINI RESCUE TENDER),15.7165267,73.7975289,0,STOP,At Fire Station Pernem,Fire Station Pernem
2026-01-17T01:19:03.444Z,GA 07 G 7272-PNJ(WATER TENDER),15.4880722,73.8173878,0,STOP,"Goa College of Home Science, Dayanand Bandodkar Road, Opposite Parade Ground Campal,, Panaji, Goa (SE)",Fire Station Panaji
2026-01-17T01:19:03.444Z,GA07G2384- Cuncolim,15.1861639,74.0211006,0,STOP,At Fire Station Cuncolim,Fire Station Cuncolim
2026-01-17T01:19:03.444Z,GA07G2507 - PER Mid Size (Water Tender),15.716485,73.7975017,0,STOP,At Fire Station Pernem,Fire Station Pernem
2026-01-17T01:19:03.444Z,GA07G2505 - VAP Mid Size (Water Tender),15.5255467,74.017945,17,RUNNING,"Hathkhamba-Goa Rd, Navelim, Goa (SE)",Fire Station Valpoi
2026-01-17T01:19:03.444Z,GA07G2504 - BIC Mid Size (Water Tender),15.589485,73.9466967,0,STOP,At Fire Station Bicholim ,Fire Station Bicholim
2026-01-17T01:19:03.444Z,GA07G2503- MAP Mid Size (Water Tender),15.5899483,73.808635,0,STOP,At Fire Station Mapusa,Fire Station Mapusa
2026-01-17T01:19:03.444Z,GA07G2502 - FFHQ Mid Size (Water Tender),15.4868,73.8171867,0,STOP,"Caculo Mall, 16 Shanta, St Inez Rd, Caculo Enclave, Santa Inez, Panaji, Goa (NW)",Fire Force Headquarters
2026-01-17T01:19:35.447Z,GA 07 G 0680-PIL(QUICK RESPONSE VEHICLE),15.52289,73.8294267,0,STOP,At Porvorim Fire Station,Fire Station Pilerne
2026-01-17T01:19:35.447Z,GA07G2506 - OLG Mid Size (Water Tender),15.500308,73.91407,0,STOP,At Fire Station Old Goa,Fire Station Old Goa
2026-01-17T01:19:35.447Z,GA 07 G 5115-POR(MINI WATER TENDER),15.52334,73.829453,0,STOP,At Porvorim Fire Station,Fire Station Porvorim
2026-01-17T01:19:35.447Z,GA 07 G 0350-MRG(WATER TENDER),15.269438,73.970627,0,STOP,At Fire Station Margoa,Fire Station Margao
2026-01-17T01:19:35.447Z,GA 07 G 2900-MAP(MINI RESCUE TENDER),15.58999,73.808624,0,STOP,At Fire Station Mapusa,Fire Station Mapusa
2026-01-17T01:19:35.447Z,GA 07 G 7600-FFHQ(WATER BOUSER),15.487132,73.817329,0,STOP,"Caculo Mall, 16 Shanta, St Inez Rd, Caculo Enclave, Santa Inez, Panaji, Goa (NW)",Fire Force Headquarters
2026-01-17T01:19:35.447Z,GA 07 G 2002-FFHQ(TURN TABLE LADDER),15.487413,73.817276,0,STOP,"Caculo Mall, 16 Shanta, St Inez Rd, Caculo Enclave, Santa Inez, Panaji, Goa (NW)",Fire Force Headquarters
2026-01-17T01:19:35.447Z,GA 07 G 7101-FFHQ(WATER TENDER),15.486845,73.817009,0,STOP,"Caculo Mall, 16 Shanta, St Inez Rd, Caculo Enclave, Santa Inez, Panaji, Goa (NW)",Fire Force Headquarters
2026-01-17T01:19:35.447Z,GA 07 G 7677-FFHQ(EMERGENCY RESCUE),15.486462,73.817047,0,RUNNING,At Fire Station panaji,Fire Force Headquarters
2026-01-17T01:19:35.447Z,GA 07 G 1121-PNJ(EMERGENCY RESCUE),15.487333,73.817299,0,STOP,"Caculo Mall, 16 Shanta, St Inez Rd, Caculo Enclave, Santa Inez, Panaji, Goa (NW)",Fire Station Panaji
2026-01-17T01:19:35.447Z,GA 07 G 1571-FFHQ(QUICK RESPONSE),15.486457,73.817513,0,STOP,"Caculo Mall, 16 Shanta, St Inez Rd, Caculo Enclave, Santa Inez, Panaji, Goa (SW)",Fire Force Headquarters
2026-01-17T01:19:35.447Z,GA 07 G 8101-MAP(WATER TENDER),15.589972,73.808624,0,STOP,At Fire Station Mapusa,Fire Station Mapusa
2026-01-17T01:19:35.447Z,GA 07 G 2317-MRG(EMERGENCY RESCUE TENDER),15.2694116,73.9701666,0,STOP,At Fire Station Margoa,Fire Station Margao
2026-01-17T01:19:35.447Z,GA 07 G 1570-VAS(QUICK RESPONSE FIRE TENDER),15.3887733,73.8513266,0,STOP,At Fire Station Vasco,Fire Station Vasco
2026-01-17T01:19:35.447Z,GA 07 G 4101-VAS(MS WATER TENDER),15.3888166,73.851285,0,STOP,At Fire Station Vasco,Fire Station Vasco
2026-01-17T01:19:35.447Z,GA 07 G 0819-VAS(WATER/FOAM TENDER),15.38905,73.8510983,0,IDLE,At Fire Station Vasco,Fire Station Vasco
2026-01-17T01:19:35.447Z,GA 07 G 7100-MRG(WATER BOUSER),15.269415,73.969995,0,STOP,At Fire Station Margoa,Fire Station Margao
2026-01-17T01:19:35.447Z,GA 07 G 1568-MRG(QUICK RESPONSE ),15.2693416,73.9705166,0,STOP,At Fire Station Margoa,Fire Station Margao
2026-01-17T01:19:35.447Z,GA 07 G 6101-MRG(WATER TENDER),15.2694116,73.970255,0,STOP,At Fire Station Margoa,Fire Station Margao
2026-01-17T01:19:35.447Z,GA 07 G 1001-MRG(AERIAL LADDER PLATFORM),15.26938,73.9701583,0,STOP,At Fire Station Margoa,Fire Station Margao
2026-01-17T01:19:35.447Z,GA 07 G 0820-BIC(WATER TEDNER),15.4027967,74.0028217,0,STOP,At Fire Station Ponda ,Fire Station Bicholim
2026-01-17T01:19:35.447Z,GA 07 G 5101-OLG(MS WATER TENDER),15.500265,73.9139483,0,STOP,At Fire Station Old Goa,Fire Station Old Goa
2026-01-17T01:19:35.447Z,GA 07 G 3101-BIC(MS WATER TENDER),15.5893266,73.9468916,4,STOP,At Fire Station Bicholim ,Fire Station Bicholim
2026-01-17T01:19:35.447Z,GA 07 G 1941-BIC(QUICK RESPONSE),15.5894533,73.9467116,0,STOP,At Fire Station Bicholim ,Fire Station Bicholim
2026-01-17T01:19:35.447Z,GA 07 G 2319-VAS (EMERGENCY RESCUE TENDER),15.3900983,73.8532383,0,STOP,"Zuari Rd, Holy Cross Colony, Dabolim, Goa (SE)",Fire Station Vasco
2026-01-17T01:19:35.447Z,GA 07 G 3737-VAP(WATER TENDER),15.5310533,74.1388916,0,STOP,At Fire Station Valpoi ,Fire Station Valpoi
2026-01-17T01:19:35.447Z,GA 07 G 2318-PND(EMERGENCY RESCUE TENDER),15.4028033,74.00293,0,STOP,At Fire Station Ponda ,Fire Station Ponda
2026-01-17T01:19:35.447Z,GA 07 G 2004-PND(QUICK RESPONSE),15.4141016,73.9073083,0,INACTIVE,"Guru Hotel, Old Ferry Road, Agaçaim, Goa (SE)",Fire Station Ponda
2026-01-17T01:19:35.447Z,GA 07 G 9101-PND(WATER TENDER),15.4027033,74.0028733,0,STOP,At Fire Station Ponda ,Fire Station Ponda
2026-01-17T01:19:35.447Z,GA 07 G 9797-PND(WATER BOUSER),15.4027999,74.0027016,0,STOP,At Fire Station Ponda ,Fire Station Ponda
2026-01-17T01:19:35.447Z,GA 07 G 6363-CAN(WATER TENDER),15.02361,74.04406,0,INACTIVE,"Canacona, The Lalitrajbaga ,Canacona, Canacona, Goa (NE)",Fire Station Canacona
2026-01-17T01:19:35.447Z,GA 07 G 1567-CAN(QUICK RESPONSE FT),15.0233599,74.0440833,0,INACTIVE,"Canacona, The Lalitrajbaga ,Canacona, Canacona, Goa (NE)",Fire Station Canacona
2026-01-17T01:19:35.447Z,GA 07 G 1569-VRN(QUICK RESPONSE),15.369545,73.9355216,0,STOP,At Fire Station Verna,Fire Station Verna
2026-01-17T01:19:35.447Z,GA 07 G 9909-VRN(ADVANCE MULTI-PURPOSE),15.36974,73.9360833,0,STOP,At Fire Station Verna,Fire Station Verna
2026-01-17T01:19:35.447Z,GA 07 G 1942-VAP(QUICK RESPONSE),15.5310033,74.138745,0,STOP,At Fire Station Valpoi ,Fire Station Valpoi
2026-01-17T01:19:35.447Z,GA 07 G 2003-CUR(QUICK RESPONSE),15.2604016,74.1031166,0,STOP,At Fire Station Curchorem,Fire Station Curchorem
2026-01-17T01:19:35.447Z,GA 07 G 7447-CUR(EMERGENCY RESCUE),15.260415,74.10376,0,STOP,At Fire Station Curchorem,Fire Station Curchorem
2026-01-17T01:19:35.447Z,GA 07 G 7557-CUR(WATER TENDER),15.2604083,74.1034266,0,STOP,At Fire Station Curchorem,Fire Station Curchorem
2026-01-17T01:19:35.447Z,GA 07 G 7667-CUR(WATER BOUSER),15.2602533,74.1037266,0,STOP,At Fire Station Curchorem,Fire Station Curchorem
2026-01-17T01:19:35.447Z,GA 07 G 4989-KUN(WATER TENDER),15.4632383,73.9724617,0,STOP,At Fire Station Kundaim,Fire Station Kundaim
2026-01-17T01:19:35.447Z,GA 07 G 2242-PIL(WATER TENDER),15.5329344,73.7940983,0,STOP,At Fire Station Pilerne,Fire Station Pilerne
2026-01-17T01:19:35.447Z,GA 07 G 0681-MAP(QUICK RESPONSE),15.58978,73.808805,0,STOP,At Fire Station Mapusa,Fire Station Mapusa
2026-01-17T01:19:35.447Z,GA 07 G 0307-PER(QUICK RESPONSE),15.7164939,73.7974239,0,INACTIVE,At Fire Station Pernem,Fire Station Pernem
2026-01-17T01:19:35.447Z,GA 07 G 2101-PER(MS WATER TENDER),15.7164572,73.7975456,0,STOP,At Fire Station Pernem,Fire Station Pernem
2026-01-17T01:19:35.447Z,GA 07 G 4600-PER(MINI RESCUE TENDER),15.7165267,73.7975289,0,STOP,At Fire Station Pernem,Fire Station Pernem
2026-01-17T01:19:35.447Z,GA 07 G 7272-PNJ(WATER TENDER),15.4880722,73.8173878,0,STOP,"Goa College of Home Science, Dayanand Bandodkar Road, Opposite Parade Ground Campal,, Panaji, Goa (SE)",Fire Station Panaji
2026-01-17T01:19:35.447Z,GA07G2384- Cuncolim,15.1861639,74.0211006,0,STOP,At Fire Station Cuncolim,Fire Station Cuncolim
2026-01-17T01:19:35.447Z,GA07G2507 - PER Mid Size (Water Tender),15.716485,73.7975017,0,STOP,At Fire Station Pernem,Fire Station Pernem
2026-01-17T01:19:35.447Z,GA07G2505 - VAP Mid Size (Water Tender),15.523765,74.016455,33,RUNNING,"Vividha Higher Secondary School, 51/10, Dhaktidhat, Sakhali, Navelim, Goa (SE)",Fire Station Valpoi
2026-01-17T01:19:35.447Z,GA07G2504 - BIC Mid Size (Water Tender),15.589485,73.9466967,0,STOP,At Fire Station Bicholim ,Fire Station Bicholim
2026-01-17T01:19:35.447Z,GA07G2503- MAP Mid Size (Water Tender),15.5899483,73.808635,0,STOP,At Fire Station Mapusa,Fire Station Mapusa
2026-01-17T01:19:35.447Z,GA07G2502 - FFHQ Mid Size (Water Tender),15.4868,73.8171867,0,STOP,"Caculo Mall, 16 Shanta, St Inez Rd, Caculo Enclave, Santa Inez, Panaji, Goa (NW)",Fire Force Headquarters
2026-01-17T01:20:45.526Z,GA 07 G 0680-PIL(QUICK RESPONSE VEHICLE),15.52289,73.8294267,0,STOP,At Porvorim Fire Station,Fire Station Pilerne
2026-01-17T01:20:45.526Z,GA07G2506 - OLG Mid Size (Water Tender),15.500308,73.91407,0,STOP,At Fire Station Old Goa,Fire Station Old Goa
2026-01-17T01:20:45.526Z,GA 07 G 5115-POR(MINI WATER TENDER),15.52334,73.829453,0,STOP,At Porvorim Fire Station,Fire Station Porvorim
2026-01-17T01:20:45.526Z,GA 07 G 0350-MRG(WATER TENDER),15.269438,73.970627,0,STOP,At Fire Station Margoa,Fire Station Margao
2026-01-17T01:20:45.526Z,GA 07 G 2900-MAP(MINI RESCUE TENDER),15.58999,73.808624,0,STOP,At Fire Station Mapusa,Fire Station Mapusa
2026-01-17T01:20:45.526Z,GA 07 G 7600-FFHQ(WATER BOUSER),15.487132,73.817329,0,STOP,"Caculo Mall, 16 Shanta, St Inez Rd, Caculo Enclave, Santa Inez, Panaji, Goa (NW)",Fire Force Headquarters
2026-01-17T01:20:45.526Z,GA 07 G 2002-FFHQ(TURN TABLE LADDER),15.487413,73.817276,0,STOP,"Caculo Mall, 16 Shanta, St Inez Rd, Caculo Enclave, Santa Inez, Panaji, Goa (NW)",Fire Force Headquarters
2026-01-17T01:20:45.526Z,GA 07 G 7101-FFHQ(WATER TENDER),15.486845,73.817009,0,STOP,"Caculo Mall, 16 Shanta, St Inez Rd, Caculo Enclave, Santa Inez, Panaji, Goa (NW)",Fire Force Headquarters
2026-01-17T01:20:45.526Z,GA 07 G 7677-FFHQ(EMERGENCY RESCUE),15.487002,73.817039,0,RUNNING,"Caculo Mall, 16 Shanta, St Inez Rd, Caculo Enclave, Santa Inez, Panaji, Goa (NW)",Fire Force Headquarters
2026-01-17T01:20:45.526Z,GA 07 G 1121-PNJ(EMERGENCY RESCUE),15.487333,73.817299,0,STOP,"Caculo Mall, 16 Shanta, St Inez Rd, Caculo Enclave, Santa Inez, Panaji, Goa (NW)",Fire Station Panaji
2026-01-17T01:20:45.526Z,GA 07 G 1571-FFHQ(QUICK RESPONSE),15.486457,73.817513,0,STOP,"Caculo Mall, 16 Shanta, St Inez Rd, Caculo Enclave, Santa Inez, Panaji, Goa (SW)",Fire Force Headquarters
2026-01-17T01:20:45.526Z,GA 07 G 8101-MAP(WATER TENDER),15.589972,73.808624,0,STOP,At Fire Station Mapusa,Fire Station Mapusa
2026-01-17T01:20:45.526Z,GA 07 G 2317-MRG(EMERGENCY RESCUE TENDER),15.2694116,73.9701666,0,STOP,At Fire Station Margoa,Fire Station Margao
2026-01-17T01:20:45.526Z,GA 07 G 1570-VAS(QUICK RESPONSE FIRE TENDER),15.3887733,73.8513266,0,STOP,At Fire Station Vasco,Fire Station Vasco
2026-01-17T01:20:45.526Z,GA 07 G 4101-VAS(MS WATER TENDER),15.3888166,73.851285,0,STOP,At Fire Station Vasco,Fire Station Vasco
2026-01-17T01:20:45.526Z,GA 07 G 0819-VAS(WATER/FOAM TENDER),15.3890383,73.8511467,0,IDLE,At Fire Station Vasco,Fire Station Vasco
2026-01-17T01:20:45.526Z,GA 07 G 7100-MRG(WATER BOUSER),15.269415,73.969995,0,STOP,At Fire Station Margoa,Fire Station Margao
2026-01-17T01:20:45.526Z,GA 07 G 1568-MRG(QUICK RESPONSE ),15.2693416,73.9705166,0,STOP,At Fire Station Margoa,Fire Station Margao
2026-01-17T01:20:45.526Z,GA 07 G 6101-MRG(WATER TENDER),15.2694116,73.970255,0,STOP,At Fire Station Margoa,Fire Station Margao
2026-01-17T01:20:45.526Z,GA 07 G 1001-MRG(AERIAL LADDER PLATFORM),15.26938,73.9701583,0,STOP,At Fire Station Margoa,Fire Station Margao
2026-01-17T01:20:45.526Z,GA 07 G 0820-BIC(WATER TEDNER),15.4027967,74.0028217,0,STOP,At Fire Station Ponda ,Fire Station Bicholim
2026-01-17T01:20:45.526Z,GA 07 G 5101-OLG(MS WATER TENDER),15.500265,73.9139483,0,STOP,At Fire Station Old Goa,Fire Station Old Goa
2026-01-17T01:20:45.526Z,GA 07 G 3101-BIC(MS WATER TENDER),15.5892533,73.9467449,0,STOP,At Fire Station Bicholim ,Fire Station Bicholim
2026-01-17T01:20:45.526Z,GA 07 G 1941-BIC(QUICK RESPONSE),15.5894533,73.9467116,0,IDLE,At Fire Station Bicholim ,Fire Station Bicholim
2026-01-17T01:20:45.526Z,GA 07 G 2319-VAS (EMERGENCY RESCUE TENDER),15.3900983,73.8532383,0,STOP,"Zuari Rd, Holy Cross Colony, Dabolim, Goa (SE)",Fire Station Vasco
2026-01-17T01:20:45.526Z,GA 07 G 3737-VAP(WATER TENDER),15.5310533,74.1388916,0,STOP,At Fire Station Valpoi ,Fire Station Valpoi
2026-01-17T01:20:45.526Z,GA 07 G 2318-PND(EMERGENCY RESCUE TENDER),15.4028033,74.00293,0,STOP,At Fire Station Ponda ,Fire Station Ponda
2026-01-17T01:20:45.526Z,GA 07 G 2004-PND(QUICK RESPONSE),15.4141016,73.9073083,0,INACTIVE,"Guru Hotel, Old Ferry Road, Agaçaim, Goa (SE)",Fire Station Ponda
2026-01-17T01:20:45.526Z,GA 07 G 9101-PND(WATER TENDER),15.4027033,74.0028733,0,STOP,At Fire Station Ponda ,Fire Station Ponda
2026-01-17T01:20:45.526Z,GA 07 G 9797-PND(WATER BOUSER),15.4027999,74.0027016,0,STOP,At Fire Station Ponda ,Fire Station Ponda
2026-01-17T01:20:45.526Z,GA 07 G 6363-CAN(WATER TENDER),15.02361,74.04406,0,INACTIVE,"Canacona, The Lalitrajbaga ,Canacona, Canacona, Goa (NE)",Fire Station Canacona
2026-01-17T01:20:45.526Z,GA 07 G 1567-CAN(QUICK RESPONSE FT),15.0233599,74.0440833,0,INACTIVE,"Canacona, The Lalitrajbaga ,Canacona, Canacona, Goa (NE)",Fire Station Canacona
2026-01-17T01:20:45.526Z,GA 07 G 1569-VRN(QUICK RESPONSE),15.369545,73.9355216,0,STOP,At Fire Station Verna,Fire Station Verna
2026-01-17T01:20:45.526Z,GA 07 G 9909-VRN(ADVANCE MULTI-PURPOSE),15.36974,73.9360833,0,STOP,At Fire Station Verna,Fire Station Verna
2026-01-17T01:20:45.526Z,GA 07 G 1942-VAP(QUICK RESPONSE),15.5310033,74.138745,0,STOP,At Fire Station Valpoi ,Fire Station Valpoi
2026-01-17T01:20:45.526Z,GA 07 G 2003-CUR(QUICK RESPONSE),15.2604016,74.1031166,0,STOP,At Fire Station Curchorem,Fire Station Curchorem
2026-01-17T01:20:45.526Z,GA 07 G 7447-CUR(EMERGENCY RESCUE),15.260415,74.10376,0,STOP,At Fire Station Curchorem,Fire Station Curchorem
2026-01-17T01:20:45.526Z,GA 07 G 7557-CUR(WATER TENDER),15.2604083,74.1034266,0,STOP,At Fire Station Curchorem,Fire Station Curchorem
2026-01-17T01:20:45.526Z,GA 07 G 7667-CUR(WATER BOUSER),15.2602533,74.1037266,0,STOP,At Fire Station Curchorem,Fire Station Curchorem
2026-01-17T01:20:45.526Z,GA 07 G 4989-KUN(WATER TENDER),15.4632383,73.9724617,0,STOP,At Fire Station Kundaim,Fire Station Kundaim
2026-01-17T01:20:45.526Z,GA 07 G 2242-PIL(WATER TENDER),15.5329344,73.7940983,0,STOP,At Fire Station Pilerne,Fire Station Pilerne
2026-01-17T01:20:45.526Z,GA 07 G 0681-MAP(QUICK RESPONSE),15.58978,73.808805,0,STOP,At Fire Station Mapusa,Fire Station Mapusa
2026-01-17T01:20:45.526Z,GA 07 G 0307-PER(QUICK RESPONSE),15.7164939,73.7974239,0,INACTIVE,At Fire Station Pernem,Fire Station Pernem
2026-01-17T01:20:45.526Z,GA 07 G 2101-PER(MS WATER TENDER),15.7164572,73.7975456,0,STOP,At Fire Station Pernem,Fire Station Pernem
2026-01-17T01:20:45.526Z,GA 07 G 4600-PER(MINI RESCUE TENDER),15.7165267,73.7975289,0,STOP,At Fire Station Pernem,Fire Station Pernem
2026-01-17T01:20:45.526Z,GA 07 G 7272-PNJ(WATER TENDER),15.4880722,73.8173878,0,STOP,"Goa College of Home Science, Dayanand Bandodkar Road, Opposite Parade Ground Campal,, Panaji, Goa (SE)",Fire Station Panaji
2026-01-17T01:20:45.526Z,GA07G2384- Cuncolim,15.1861639,74.0211006,0,STOP,At Fire Station Cuncolim,Fire Station Cuncolim
2026-01-17T01:20:45.526Z,GA07G2507 - PER Mid Size (Water Tender),15.716485,73.7975017,0,STOP,At Fire Station Pernem,Fire Station Pernem
2026-01-17T01:20:45.526Z,GA07G2505 - VAP Mid Size (Water Tender),15.521245,74.0131267,47,RUNNING,"Vividha Higher Secondary School, 51/10, Dhaktidhat, Sakhali, Navelim, Goa (SE)",Fire Station Valpoi
2026-01-17T01:20:45.526Z,GA07G2504 - BIC Mid Size (Water Tender),15.589485,73.9466967,0,STOP,At Fire Station Bicholim ,Fire Station Bicholim
2026-01-17T01:20:45.526Z,GA07G2503- MAP Mid Size (Water Tender),15.5899483,73.808635,0,STOP,At Fire Station Mapusa,Fire Station Mapusa
2026-01-17T01:20:45.526Z,GA07G2502 - FFHQ Mid Size (Water Tender),15.4868,73.8171867,0,STOP,"Caculo Mall, 16 Shanta, St Inez Rd, Caculo Enclave, Santa Inez, Panaji, Goa (NW)",Fire Force Headquarters
2026-01-17T01:22:02.409Z,GA 07 G 0680-PIL(QUICK RESPONSE VEHICLE),15.52289,73.8294267,0,STOP,At Porvorim Fire Station,Fire Station Pilerne
2026-01-17T01:22:02.409Z,GA07G2506 - OLG Mid Size (Water Tender),15.500308,73.91407,0,STOP,At Fire Station Old Goa,Fire Station Old Goa
2026-01-17T01:22:02.409Z,GA 07 G 5115-POR(MINI WATER TENDER),15.52334,73.829453,0,STOP,At Porvorim Fire Station,Fire Station Porvorim
2026-01-17T01:22:02.409Z,GA 07 G 0350-MRG(WATER TENDER),15.269438,73.970627,0,STOP,At Fire Station Margoa,Fire Station Margao
2026-01-17T01:22:02.409Z,GA 07 G 2900-MAP(MINI RESCUE TENDER),15.58999,73.808624,0,STOP,At Fire Station Mapusa,Fire Station Mapusa
2026-01-17T01:22:02.409Z,GA 07 G 7600-FFHQ(WATER BOUSER),15.487228,73.817146,0,RUNNING,"Caculo Mall, 16 Shanta, St Inez Rd, Caculo Enclave, Santa Inez, Panaji, Goa (NW)",Fire Force Headquarters
2026-01-17T01:22:02.409Z,GA 07 G 2002-FFHQ(TURN TABLE LADDER),15.487413,73.817276,0,STOP,"Caculo Mall, 16 Shanta, St Inez Rd, Caculo Enclave, Santa Inez, Panaji, Goa (NW)",Fire Force Headquarters
2026-01-17T01:22:02.409Z,GA 07 G 7101-FFHQ(WATER TENDER),15.486845,73.817009,0,STOP,"Caculo Mall, 16 Shanta, St Inez Rd, Caculo Enclave, Santa Inez, Panaji, Goa (NW)",Fire Force Headquarters
2026-01-17T01:22:02.409Z,GA 07 G 7677-FFHQ(EMERGENCY RESCUE),15.487037,73.817055,0,STOP,"Caculo Mall, 16 Shanta, St Inez Rd, Caculo Enclave, Santa Inez, Panaji, Goa (NW)",Fire Force Headquarters
2026-01-17T01:22:02.409Z,GA 07 G 1121-PNJ(EMERGENCY RESCUE),15.487333,73.817299,0,STOP,"Caculo Mall, 16 Shanta, St Inez Rd, Caculo Enclave, Santa Inez, Panaji, Goa (NW)",Fire Station Panaji
2026-01-17T01:22:02.409Z,GA 07 G 1571-FFHQ(QUICK RESPONSE),15.486457,73.817513,0,STOP,"Caculo Mall, 16 Shanta, St Inez Rd, Caculo Enclave, Santa Inez, Panaji, Goa (SW)",Fire Force Headquarters
2026-01-17T01:22:02.409Z,GA 07 G 8101-MAP(WATER TENDER),15.589972,73.808624,0,STOP,At Fire Station Mapusa,Fire Station Mapusa
2026-01-17T01:22:02.409Z,GA 07 G 2317-MRG(EMERGENCY RESCUE TENDER),15.2694116,73.9701666,0,STOP,At Fire Station Margoa,Fire Station Margao
2026-01-17T01:22:02.409Z,GA 07 G 1570-VAS(QUICK RESPONSE FIRE TENDER),15.3887733,73.8513266,0,STOP,At Fire Station Vasco,Fire Station Vasco
2026-01-17T01:22:02.409Z,GA 07 G 4101-VAS(MS WATER TENDER),15.3888166,73.851285,0,STOP,At Fire Station Vasco,Fire Station Vasco
2026-01-17T01:22:02.409Z,GA 07 G 0819-VAS(WATER/FOAM TENDER),15.3890383,73.8511467,0,IDLE,At Fire Station Vasco,Fire Station Vasco
2026-01-17T01:22:02.409Z,GA 07 G 7100-MRG(WATER BOUSER),15.269415,73.969995,0,STOP,At Fire Station Margoa,Fire Station Margao
2026-01-17T01:22:02.409Z,GA 07 G 1568-MRG(QUICK RESPONSE ),15.2693416,73.9705166,0,STOP,At Fire Station Margoa,Fire Station Margao
2026-01-17T01:22:02.409Z,GA 07 G 6101-MRG(WATER TENDER),15.2694116,73.970255,0,STOP,At Fire Station Margoa,Fire Station Margao
2026-01-17T01:22:02.409Z,GA 07 G 1001-MRG(AERIAL LADDER PLATFORM),15.26938,73.9701583,0,STOP,At Fire Station Margoa,Fire Station Margao
2026-01-17T01:22:02.409Z,GA 07 G 0820-BIC(WATER TEDNER),15.4027967,74.0028217,0,STOP,At Fire Station Ponda ,Fire Station Bicholim
2026-01-17T01:22:02.409Z,GA 07 G 5101-OLG(MS WATER TENDER),15.500265,73.9139483,0,STOP,At Fire Station Old Goa,Fire Station Old Goa
2026-01-17T01:22:02.409Z,GA 07 G 3101-BIC(MS WATER TENDER),15.5892533,73.9467449,0,STOP,At Fire Station Bicholim ,Fire Station Bicholim
2026-01-17T01:22:02.409Z,GA 07 G 1941-BIC(QUICK RESPONSE),15.5894533,73.9467116,0,IDLE,At Fire Station Bicholim ,Fire Station Bicholim
2026-01-17T01:22:02.409Z,GA 07 G 2319-VAS (EMERGENCY RESCUE TENDER),15.3900983,73.8532383,0,STOP,"Zuari Rd, Holy Cross Colony, Dabolim, Goa (SE)",Fire Station Vasco
2026-01-17T01:22:02.409Z,GA 07 G 3737-VAP(WATER TENDER),15.5310533,74.1388916,0,STOP,At Fire Station Valpoi ,Fire Station Valpoi
2026-01-17T01:22:02.409Z,GA 07 G 2318-PND(EMERGENCY RESCUE TENDER),15.4028033,74.00293,0,STOP,At Fire Station Ponda ,Fire Station Ponda
2026-01-17T01:22:02.409Z,GA 07 G 2004-PND(QUICK RESPONSE),15.4141016,73.9073083,0,INACTIVE,"Guru Hotel, Old Ferry Road, Agaçaim, Goa (SE)",Fire Station Ponda
2026-01-17T01:22:02.409Z,GA 07 G 9101-PND(WATER TENDER),15.4027033,74.0028733,0,STOP,At Fire Station Ponda ,Fire Station Ponda
2026-01-17T01:22:02.409Z,GA 07 G 9797-PND(WATER BOUSER),15.4027999,74.0027016,0,STOP,At Fire Station Ponda ,Fire Station Ponda
2026-01-17T01:22:02.409Z,GA 07 G 6363-CAN(WATER TENDER),15.02361,74.04406,0,INACTIVE,"Canacona, The Lalitrajbaga ,Canacona, Canacona, Goa (NE)",Fire Station Canacona
2026-01-17T01:22:02.409Z,GA 07 G 1567-CAN(QUICK RESPONSE FT),15.0233599,74.0440833,0,INACTIVE,"Canacona, The Lalitrajbaga ,Canacona, Canacona, Goa (NE)",Fire Station Canacona
2026-01-17T01:22:02.409Z,GA 07 G 1569-VRN(QUICK RESPONSE),15.369545,73.9355216,0,STOP,At Fire Station Verna,Fire Station Verna
2026-01-17T01:22:02.409Z,GA 07 G 9909-VRN(ADVANCE MULTI-PURPOSE),15.36974,73.9360833,0,STOP,At Fire Station Verna,Fire Station Verna
2026-01-17T01:22:02.409Z,GA 07 G 1942-VAP(QUICK RESPONSE),15.5310033,74.138745,0,STOP,At Fire Station Valpoi ,Fire Station Valpoi
2026-01-17T01:22:02.409Z,GA 07 G 2003-CUR(QUICK RESPONSE),15.2604016,74.1031166,0,STOP,At Fire Station Curchorem,Fire Station Curchorem
2026-01-17T01:22:02.409Z,GA 07 G 7447-CUR(EMERGENCY RESCUE),15.260415,74.10376,0,STOP,At Fire Station Curchorem,Fire Station Curchorem
2026-01-17T01:22:02.409Z,GA 07 G 7557-CUR(WATER TENDER),15.2604083,74.1034266,0,STOP,At Fire Station Curchorem,Fire Station Curchorem
2026-01-17T01:22:02.409Z,GA 07 G 7667-CUR(WATER BOUSER),15.2602533,74.1037266,0,STOP,At Fire Station Curchorem,Fire Station Curchorem
2026-01-17T01:22:02.409Z,GA 07 G 4989-KUN(WATER TENDER),15.4632383,73.9724617,0,STOP,At Fire Station Kundaim,Fire Station Kundaim
2026-01-17T01:22:02.409Z,GA 07 G 2242-PIL(WATER TENDER),15.5329344,73.7940983,0,STOP,At Fire Station Pilerne,Fire Station Pilerne
2026-01-17T01:22:02.409Z,GA 07 G 0681-MAP(QUICK RESPONSE),15.58978,73.808805,0,STOP,At Fire Station Mapusa,Fire Station Mapusa
2026-01-17T01:22:02.409Z,GA 07 G 0307-PER(QUICK RESPONSE),15.7164939,73.7974239,0,INACTIVE,At Fire Station Pernem,Fire Station Pernem
2026-01-17T01:22:02.409Z,GA 07 G 2101-PER(MS WATER TENDER),15.7164572,73.7975456,0,STOP,At Fire Station Pernem,Fire Station Pernem
2026-01-17T01:22:02.409Z,GA 07 G 4600-PER(MINI RESCUE TENDER),15.7165267,73.7975289,0,STOP,At Fire Station Pernem,Fire Station Pernem
2026-01-17T01:22:02.409Z,GA 07 G 7272-PNJ(WATER TENDER),15.4880722,73.8173878,0,STOP,"Goa College of Home Science, Dayanand Bandodkar Road, Opposite Parade Ground Campal,, Panaji, Goa (SE)",Fire Station Panaji
2026-01-17T01:22:02.409Z,GA07G2384- Cuncolim,15.1861639,74.0211006,0,STOP,At Fire Station Cuncolim,Fire Station Cuncolim
2026-01-17T01:22:02.409Z,GA07G2507 - PER Mid Size (Water Tender),15.716485,73.7975017,0,STOP,At Fire Station Pernem,Fire Station Pernem
2026-01-17T01:22:02.409Z,GA07G2505 - VAP Mid Size (Water Tender),15.5207117,74.005875,43,RUNNING,"Vividha Higher Secondary School, 51/10, Dhaktidhat, Sakhali, Navelim, Goa (SW)",Fire Station Valpoi
2026-01-17T01:22:02.409Z,GA07G2504 - BIC Mid Size (Water Tender),15.589485,73.9466967,0,STOP,At Fire Station Bicholim ,Fire Station Bicholim
2026-01-17T01:22:02.409Z,GA07G2503- MAP Mid Size (Water Tender),15.5899483,73.808635,0,STOP,At Fire Station Mapusa,Fire Station Mapusa
2026-01-17T01:22:02.409Z,GA07G2502 - FFHQ Mid Size (Water Tender),15.4868,73.8171867,0,STOP,"Caculo Mall, 16 Shanta, St Inez Rd, Caculo Enclave, Santa Inez, Panaji, Goa (NW)",Fire Force Headquarters
2026-01-17T01:22:38.005Z,GA 07 G 0680-PIL(QUICK RESPONSE VEHICLE),15.52289,73.8294267,0,STOP,At Porvorim Fire Station,Fire Station Pilerne
2026-01-17T01:22:38.005Z,GA07G2506 - OLG Mid Size (Water Tender),15.500308,73.91407,0,STOP,At Fire Station Old Goa,Fire Station Old Goa
2026-01-17T01:22:38.005Z,GA 07 G 5115-POR(MINI WATER TENDER),15.52334,73.829453,0,STOP,At Porvorim Fire Station,Fire Station Porvorim
2026-01-17T01:22:38.005Z,GA 07 G 0350-MRG(WATER TENDER),15.269438,73.970627,0,STOP,At Fire Station Margoa,Fire Station Margao
2026-01-17T01:22:38.005Z,GA 07 G 2900-MAP(MINI RESCUE TENDER),15.58999,73.808624,0,STOP,At Fire Station Mapusa,Fire Station Mapusa
2026-01-17T01:22:38.005Z,GA 07 G 7600-FFHQ(WATER BOUSER),15.487205,73.817154,0,RUNNING,"Caculo Mall, 16 Shanta, St Inez Rd, Caculo Enclave, Santa Inez, Panaji, Goa (NW)",Fire Force Headquarters
2026-01-17T01:22:38.005Z,GA 07 G 2002-FFHQ(TURN TABLE LADDER),15.487413,73.817276,0,STOP,"Caculo Mall, 16 Shanta, St Inez Rd, Caculo Enclave, Santa Inez, Panaji, Goa (NW)",Fire Force Headquarters
2026-01-17T01:22:38.005Z,GA 07 G 7101-FFHQ(WATER TENDER),15.486845,73.817009,0,STOP,"Caculo Mall, 16 Shanta, St Inez Rd, Caculo Enclave, Santa Inez, Panaji, Goa (NW)",Fire Force Headquarters
2026-01-17T01:22:38.005Z,GA 07 G 7677-FFHQ(EMERGENCY RESCUE),15.487037,73.817055,0,STOP,"Caculo Mall, 16 Shanta, St Inez Rd, Caculo Enclave, Santa Inez, Panaji, Goa (NW)",Fire Force Headquarters
2026-01-17T01:22:38.005Z,GA 07 G 1121-PNJ(EMERGENCY RESCUE),15.487333,73.817299,0,STOP,"Caculo Mall, 16 Shanta, St Inez Rd, Caculo Enclave, Santa Inez, Panaji, Goa (NW)",Fire Station Panaji
2026-01-17T01:22:38.005Z,GA 07 G 1571-FFHQ(QUICK RESPONSE),15.486457,73.817513,0,STOP,"Caculo Mall, 16 Shanta, St Inez Rd, Caculo Enclave, Santa Inez, Panaji, Goa (SW)",Fire Force Headquarters
2026-01-17T01:22:38.005Z,GA 07 G 8101-MAP(WATER TENDER),15.589972,73.808624,0,STOP,At Fire Station Mapusa,Fire Station Mapusa
2026-01-17T01:22:38.005Z,GA 07 G 2317-MRG(EMERGENCY RESCUE TENDER),15.2694116,73.9701666,0,STOP,At Fire Station Margoa,Fire Station Margao
2026-01-17T01:22:38.005Z,GA 07 G 1570-VAS(QUICK RESPONSE FIRE TENDER),15.3887733,73.8513266,0,STOP,At Fire Station Vasco,Fire Station Vasco
2026-01-17T01:22:38.005Z,GA 07 G 4101-VAS(MS WATER TENDER),15.3888166,73.851285,0,STOP,At Fire Station Vasco,Fire Station Vasco
2026-01-17T01:22:38.005Z,GA 07 G 0819-VAS(WATER/FOAM TENDER),15.3889533,73.8511967,0,RUNNING,At Fire Station Vasco,Fire Station Vasco
2026-01-17T01:22:38.005Z,GA 07 G 7100-MRG(WATER BOUSER),15.269415,73.969995,0,STOP,At Fire Station Margoa,Fire Station Margao
2026-01-17T01:22:38.005Z,GA 07 G 1568-MRG(QUICK RESPONSE ),15.2693416,73.9705166,0,STOP,At Fire Station Margoa,Fire Station Margao
2026-01-17T01:22:38.005Z,GA 07 G 6101-MRG(WATER TENDER),15.2694116,73.970255,0,STOP,At Fire Station Margoa,Fire Station Margao
2026-01-17T01:22:38.005Z,GA 07 G 1001-MRG(AERIAL LADDER PLATFORM),15.26938,73.9701583,0,STOP,At Fire Station Margoa,Fire Station Margao
2026-01-17T01:22:38.005Z,GA 07 G 0820-BIC(WATER TEDNER),15.4027967,74.0028217,0,STOP,At Fire Station Ponda ,Fire Station Bicholim
2026-01-17T01:22:38.005Z,GA 07 G 5101-OLG(MS WATER TENDER),15.500265,73.9139483,0,STOP,At Fire Station Old Goa,Fire Station Old Goa
2026-01-17T01:22:38.005Z,GA 07 G 3101-BIC(MS WATER TENDER),15.5892533,73.9467449,0,STOP,At Fire Station Bicholim ,Fire Station Bicholim
2026-01-17T01:22:38.005Z,GA 07 G 1941-BIC(QUICK RESPONSE),15.5894533,73.9467116,0,STOP,At Fire Station Bicholim ,Fire Station Bicholim
2026-01-17T01:22:38.005Z,GA 07 G 2319-VAS (EMERGENCY RESCUE TENDER),15.3900983,73.8532383,0,STOP,"Zuari Rd, Holy Cross Colony, Dabolim, Goa (SE)",Fire Station Vasco
2026-01-17T01:22:38.005Z,GA 07 G 3737-VAP(WATER TENDER),15.5310533,74.1388916,0,STOP,At Fire Station Valpoi ,Fire Station Valpoi
2026-01-17T01:22:38.005Z,GA 07 G 2318-PND(EMERGENCY RESCUE TENDER),15.4028033,74.00293,0,STOP,At Fire Station Ponda ,Fire Station Ponda
2026-01-17T01:22:38.005Z,GA 07 G 2004-PND(QUICK RESPONSE),15.4141016,73.9073083,0,INACTIVE,"Guru Hotel, Old Ferry Road, Agaçaim, Goa (SE)",Fire Station Ponda
2026-01-17T01:22:38.005Z,GA 07 G 9101-PND(WATER TENDER),15.4027033,74.0028733,0,STOP,At Fire Station Ponda ,Fire Station Ponda
2026-01-17T01:22:38.005Z,GA 07 G 9797-PND(WATER BOUSER),15.4027999,74.0027016,0,STOP,At Fire Station Ponda ,Fire Station Ponda
2026-01-17T01:22:38.005Z,GA 07 G 6363-CAN(WATER TENDER),15.02361,74.04406,0,INACTIVE,"Canacona, The Lalitrajbaga ,Canacona, Canacona, Goa (NE)",Fire Station Canacona
2026-01-17T01:22:38.005Z,GA 07 G 1567-CAN(QUICK RESPONSE FT),15.0233599,74.0440833,0,INACTIVE,"Canacona, The Lalitrajbaga ,Canacona, Canacona, Goa (NE)",Fire Station Canacona
2026-01-17T01:22:38.005Z,GA 07 G 1569-VRN(QUICK RESPONSE),15.369545,73.9355216,0,STOP,At Fire Station Verna,Fire Station Verna
2026-01-17T01:22:38.005Z,GA 07 G 9909-VRN(ADVANCE MULTI-PURPOSE),15.36974,73.9360833,0,STOP,At Fire Station Verna,Fire Station Verna
2026-01-17T01:22:38.005Z,GA 07 G 1942-VAP(QUICK RESPONSE),15.5310033,74.138745,0,STOP,At Fire Station Valpoi ,Fire Station Valpoi
2026-01-17T01:22:38.005Z,GA 07 G 2003-CUR(QUICK RESPONSE),15.2604016,74.1031166,0,STOP,At Fire Station Curchorem,Fire Station Curchorem
2026-01-17T01:22:38.005Z,GA 07 G 7447-CUR(EMERGENCY RESCUE),15.260415,74.10376,0,STOP,At Fire Station Curchorem,Fire Station Curchorem
2026-01-17T01:22:38.005Z,GA 07 G 7557-CUR(WATER TENDER),15.2604083,74.1034266,0,STOP,At Fire Station Curchorem,Fire Station Curchorem
2026-01-17T01:22:38.005Z,GA 07 G 7667-CUR(WATER BOUSER),15.2602533,74.1037266,0,STOP,At Fire Station Curchorem,Fire Station Curchorem
2026-01-17T01:22:38.005Z,GA 07 G 4989-KUN(WATER TENDER),15.4632383,73.9724617,0,STOP,At Fire Station Kundaim,Fire Station Kundaim
2026-01-17T01:22:38.005Z,GA 07 G 2242-PIL(WATER TENDER),15.5329344,73.7940983,0,STOP,At Fire Station Pilerne,Fire Station Pilerne
2026-01-17T01:22:38.005Z,GA 07 G 0681-MAP(QUICK RESPONSE),15.58978,73.808805,0,STOP,At Fire Station Mapusa,Fire Station Mapusa
2026-01-17T01:22:38.005Z,GA 07 G 0307-PER(QUICK RESPONSE),15.7164939,73.7974239,0,INACTIVE,At Fire Station Pernem,Fire Station Pernem
2026-01-17T01:22:38.005Z,GA 07 G 2101-PER(MS WATER TENDER),15.7164572,73.7975456,0,STOP,At Fire Station Pernem,Fire Station Pernem
2026-01-17T01:22:38.005Z,GA 07 G 4600-PER(MINI RESCUE TENDER),15.7165267,73.7975289,0,STOP,At Fire Station Pernem,Fire Station Pernem
2026-01-17T01:22:38.005Z,GA 07 G 7272-PNJ(WATER TENDER),15.4880722,73.8173878,0,STOP,"Goa College of Home Science, Dayanand Bandodkar Road, Opposite Parade Ground Campal,, Panaji, Goa (SE)",Fire Station Panaji
2026-01-17T01:22:38.005Z,GA07G2384- Cuncolim,15.1861639,74.0211006,0,STOP,At Fire Station Cuncolim,Fire Station Cuncolim
2026-01-17T01:22:38.005Z,GA07G2507 - PER Mid Size (Water Tender),15.716485,73.7975017,0,STOP,At Fire Station Pernem,Fire Station Pernem
2026-01-17T01:22:38.005Z,GA07G2505 - VAP Mid Size (Water Tender),15.52038,74.003035,35,RUNNING,"MDR24, Navelim, Goa (SE)",Fire Station Valpoi
2026-01-17T01:22:38.005Z,GA07G2504 - BIC Mid Size (Water Tender),15.589485,73.9466967,0,STOP,At Fire Station Bicholim ,Fire Station Bicholim
2026-01-17T01:22:38.005Z,GA07G2503- MAP Mid Size (Water Tender),15.5899483,73.808635,0,STOP,At Fire Station Mapusa,Fire Station Mapusa
2026-01-17T01:22:38.005Z,GA07G2502 - FFHQ Mid Size (Water Tender),15.4868,73.8171867,0,STOP,"Caculo Mall, 16 Shanta, St Inez Rd, Caculo Enclave, Santa Inez, Panaji, Goa (NW)",Fire Force Headquarters
2026-01-17T01:23:44.398Z,GA 07 G 0680-PIL(QUICK RESPONSE VEHICLE),15.52289,73.8294267,0,STOP,At Porvorim Fire Station,Fire Station Pilerne
2026-01-17T01:23:44.398Z,GA07G2506 - OLG Mid Size (Water Tender),15.500308,73.91407,0,STOP,At Fire Station Old Goa,Fire Station Old Goa
2026-01-17T01:23:44.398Z,GA 07 G 5115-POR(MINI WATER TENDER),15.52334,73.829453,0,STOP,At Porvorim Fire Station,Fire Station Porvorim
2026-01-17T01:23:44.398Z,GA 07 G 0350-MRG(WATER TENDER),15.269438,73.970627,0,STOP,At Fire Station Margoa,Fire Station Margao
2026-01-17T01:23:44.398Z,GA 07 G 2900-MAP(MINI RESCUE TENDER),15.58999,73.808624,0,STOP,At Fire Station Mapusa,Fire Station Mapusa
2026-01-17T01:23:44.398Z,GA 07 G 7600-FFHQ(WATER BOUSER),15.487322,73.817146,0,RUNNING,"Caculo Mall, 16 Shanta, St Inez Rd, Caculo Enclave, Santa Inez, Panaji, Goa (NW)",Fire Force Headquarters
2026-01-17T01:23:44.398Z,GA 07 G 2002-FFHQ(TURN TABLE LADDER),15.487413,73.817276,0,STOP,"Caculo Mall, 16 Shanta, St Inez Rd, Caculo Enclave, Santa Inez, Panaji, Goa (NW)",Fire Force Headquarters
2026-01-17T01:23:44.398Z,GA 07 G 7101-FFHQ(WATER TENDER),15.486845,73.817009,0,STOP,"Caculo Mall, 16 Shanta, St Inez Rd, Caculo Enclave, Santa Inez, Panaji, Goa (NW)",Fire Force Headquarters
2026-01-17T01:23:44.398Z,GA 07 G 7677-FFHQ(EMERGENCY RESCUE),15.487008,73.817001,0,RUNNING,"Caculo Mall, 16 Shanta, St Inez Rd, Caculo Enclave, Santa Inez, Panaji, Goa (NW)",Fire Force Headquarters
2026-01-17T01:23:44.398Z,GA 07 G 1121-PNJ(EMERGENCY RESCUE),15.487333,73.817299,0,STOP,"Caculo Mall, 16 Shanta, St Inez Rd, Caculo Enclave, Santa Inez, Panaji, Goa (NW)",Fire Station Panaji
2026-01-17T01:23:44.398Z,GA 07 G 1571-FFHQ(QUICK RESPONSE),15.486457,73.817513,0,STOP,"Caculo Mall, 16 Shanta, St Inez Rd, Caculo Enclave, Santa Inez, Panaji, Goa (SW)",Fire Force Headquarters
2026-01-17T01:23:44.398Z,GA 07 G 8101-MAP(WATER TENDER),15.589972,73.808624,0,STOP,At Fire Station Mapusa,Fire Station Mapusa
2026-01-17T01:23:44.398Z,GA 07 G 2317-MRG(EMERGENCY RESCUE TENDER),15.2694116,73.9701666,0,STOP,At Fire Station Margoa,Fire Station Margao
2026-01-17T01:23:44.398Z,GA 07 G 1570-VAS(QUICK RESPONSE FIRE TENDER),15.3887733,73.8513266,0,STOP,At Fire Station Vasco,Fire Station Vasco
2026-01-17T01:23:44.398Z,GA 07 G 4101-VAS(MS WATER TENDER),15.3888166,73.851285,0,STOP,At Fire Station Vasco,Fire Station Vasco
2026-01-17T01:23:44.398Z,GA 07 G 0819-VAS(WATER/FOAM TENDER),15.3887567,73.8514317,0,RUNNING,At Fire Station Vasco,Fire Station Vasco
2026-01-17T01:23:44.398Z,GA 07 G 7100-MRG(WATER BOUSER),15.269415,73.969995,0,STOP,At Fire Station Margoa,Fire Station Margao
2026-01-17T01:23:44.398Z,GA 07 G 1568-MRG(QUICK RESPONSE ),15.2693416,73.9705166,0,STOP,At Fire Station Margoa,Fire Station Margao
2026-01-17T01:23:44.398Z,GA 07 G 6101-MRG(WATER TENDER),15.2694116,73.970255,0,STOP,At Fire Station Margoa,Fire Station Margao
2026-01-17T01:23:44.398Z,GA 07 G 1001-MRG(AERIAL LADDER PLATFORM),15.26938,73.9701583,0,STOP,At Fire Station Margoa,Fire Station Margao
2026-01-17T01:23:44.398Z,GA 07 G 0820-BIC(WATER TEDNER),15.4027967,74.0028217,0,STOP,At Fire Station Ponda ,Fire Station Bicholim
2026-01-17T01:23:44.398Z,GA 07 G 5101-OLG(MS WATER TENDER),15.500265,73.9139483,0,STOP,At Fire Station Old Goa,Fire Station Old Goa
2026-01-17T01:23:44.398Z,GA 07 G 3101-BIC(MS WATER TENDER),15.58926,73.9469083,4,STOP,At Fire Station Bicholim ,Fire Station Bicholim
2026-01-17T01:23:44.398Z,GA 07 G 1941-BIC(QUICK RESPONSE),15.5894533,73.9467116,0,STOP,At Fire Station Bicholim ,Fire Station Bicholim
2026-01-17T01:23:44.398Z,GA 07 G 2319-VAS (EMERGENCY RESCUE TENDER),15.3900983,73.8532383,0,STOP,"Zuari Rd, Holy Cross Colony, Dabolim, Goa (SE)",Fire Station Vasco
2026-01-17T01:23:44.398Z,GA 07 G 3737-VAP(WATER TENDER),15.5310533,74.1388916,0,STOP,At Fire Station Valpoi ,Fire Station Valpoi
2026-01-17T01:23:44.398Z,GA 07 G 2318-PND(EMERGENCY RESCUE TENDER),15.4028033,74.00293,0,STOP,At Fire Station Ponda ,Fire Station Ponda
2026-01-17T01:23:44.398Z,GA 07 G 2004-PND(QUICK RESPONSE),15.4141016,73.9073083,0,INACTIVE,"Guru Hotel, Old Ferry Road, Agaçaim, Goa (SE)",Fire Station Ponda
2026-01-17T01:23:44.398Z,GA 07 G 9101-PND(WATER TENDER),15.4027033,74.0028733,0,STOP,At Fire Station Ponda ,Fire Station Ponda
2026-01-17T01:23:44.398Z,GA 07 G 9797-PND(WATER BOUSER),15.4027999,74.0027016,0,STOP,At Fire Station Ponda ,Fire Station Ponda
2026-01-17T01:23:44.398Z,GA 07 G 6363-CAN(WATER TENDER),15.02361,74.04406,0,INACTIVE,"Canacona, The Lalitrajbaga ,Canacona, Canacona, Goa (NE)",Fire Station Canacona
2026-01-17T01:23:44.398Z,GA 07 G 1567-CAN(QUICK RESPONSE FT),15.0233599,74.0440833,0,INACTIVE,"Canacona, The Lalitrajbaga ,Canacona, Canacona, Goa (NE)",Fire Station Canacona
2026-01-17T01:23:44.398Z,GA 07 G 1569-VRN(QUICK RESPONSE),15.369545,73.9355216,0,STOP,At Fire Station Verna,Fire Station Verna
2026-01-17T01:23:44.398Z,GA 07 G 9909-VRN(ADVANCE MULTI-PURPOSE),15.36974,73.9360833,0,STOP,At Fire Station Verna,Fire Station Verna
2026-01-17T01:23:44.398Z,GA 07 G 1942-VAP(QUICK RESPONSE),15.5310033,74.138745,0,STOP,At Fire Station Valpoi ,Fire Station Valpoi
2026-01-17T01:23:44.398Z,GA 07 G 2003-CUR(QUICK RESPONSE),15.2604016,74.1031166,0,STOP,At Fire Station Curchorem,Fire Station Curchorem
2026-01-17T01:23:44.398Z,GA 07 G 7447-CUR(EMERGENCY RESCUE),15.260415,74.10376,0,STOP,At Fire Station Curchorem,Fire Station Curchorem
2026-01-17T01:23:44.398Z,GA 07 G 7557-CUR(WATER TENDER),15.2604083,74.1034266,0,STOP,At Fire Station Curchorem,Fire Station Curchorem
2026-01-17T01:23:44.398Z,GA 07 G 7667-CUR(WATER BOUSER),15.2602533,74.1037266,0,STOP,At Fire Station Curchorem,Fire Station Curchorem
2026-01-17T01:23:44.398Z,GA 07 G 4989-KUN(WATER TENDER),15.4632383,73.9724617,0,STOP,At Fire Station Kundaim,Fire Station Kundaim
2026-01-17T01:23:44.398Z,GA 07 G 2242-PIL(WATER TENDER),15.5329344,73.7940983,0,STOP,At Fire Station Pilerne,Fire Station Pilerne
2026-01-17T01:23:44.398Z,GA 07 G 0681-MAP(QUICK RESPONSE),15.58978,73.808805,0,STOP,At Fire Station Mapusa,Fire Station Mapusa
2026-01-17T01:23:44.398Z,GA 07 G 0307-PER(QUICK RESPONSE),15.7164939,73.7974239,0,INACTIVE,At Fire Station Pernem,Fire Station Pernem
2026-01-17T01:23:44.398Z,GA 07 G 2101-PER(MS WATER TENDER),15.7164572,73.7975456,0,STOP,At Fire Station Pernem,Fire Station Pernem
2026-01-17T01:23:44.398Z,GA 07 G 4600-PER(MINI RESCUE TENDER),15.7165267,73.7975289,0,STOP,At Fire Station Pernem,Fire Station Pernem
2026-01-17T01:23:44.398Z,GA 07 G 7272-PNJ(WATER TENDER),15.4880722,73.8173878,0,STOP,"Goa College of Home Science, Dayanand Bandodkar Road, Opposite Parade Ground Campal,, Panaji, Goa (SE)",Fire Station Panaji
2026-01-17T01:23:44.398Z,GA07G2384- Cuncolim,15.1861639,74.0211006,0,STOP,At Fire Station Cuncolim,Fire Station Cuncolim
2026-01-17T01:23:44.398Z,GA07G2507 - PER Mid Size (Water Tender),15.716485,73.7975017,0,STOP,At Fire Station Pernem,Fire Station Pernem
2026-01-17T01:23:44.398Z,GA07G2505 - VAP Mid Size (Water Tender),15.520245,74.0021567,26,RUNNING,"MDR24, Navelim, Goa (SW)",Fire Station Valpoi
2026-01-17T01:23:44.398Z,GA07G2504 - BIC Mid Size (Water Tender),15.589485,73.9466967,0,STOP,At Fire Station Bicholim ,Fire Station Bicholim
2026-01-17T01:23:44.398Z,GA07G2503- MAP Mid Size (Water Tender),15.5899483,73.808635,0,STOP,At Fire Station Mapusa,Fire Station Mapusa
2026-01-17T01:23:44.398Z,GA07G2502 - FFHQ Mid Size (Water Tender),15.4868,73.8171867,0,STOP,"Caculo Mall, 16 Shanta, St Inez Rd, Caculo Enclave, Santa Inez, Panaji, Goa (NW)",Fire Force Headquarters
2026-01-17T01:24:36.218Z,GA 07 G 0680-PIL(QUICK RESPONSE VEHICLE),15.52289,73.8294267,0,STOP,At Porvorim Fire Station,Fire Station Pilerne
2026-01-17T01:24:36.218Z,GA07G2506 - OLG Mid Size (Water Tender),15.500308,73.91407,0,STOP,At Fire Station Old Goa,Fire Station Old Goa
2026-01-17T01:24:36.218Z,GA 07 G 5115-POR(MINI WATER TENDER),15.52334,73.829453,0,STOP,At Porvorim Fire Station,Fire Station Porvorim
2026-01-17T01:24:36.218Z,GA 07 G 0350-MRG(WATER TENDER),15.269438,73.970627,0,STOP,At Fire Station Margoa,Fire Station Margao
2026-01-17T01:24:36.218Z,GA 07 G 2900-MAP(MINI RESCUE TENDER),15.58999,73.808624,0,STOP,At Fire Station Mapusa,Fire Station Mapusa
2026-01-17T01:24:36.218Z,GA 07 G 7600-FFHQ(WATER BOUSER),15.486743,73.817703,8,RUNNING,"Caculo Mall, 16 Shanta, St Inez Rd, Caculo Enclave, Santa Inez, Panaji, Goa (NW)",Fire Force Headquarters
2026-01-17T01:24:36.218Z,GA 07 G 2002-FFHQ(TURN TABLE LADDER),15.487413,73.817276,0,STOP,"Caculo Mall, 16 Shanta, St Inez Rd, Caculo Enclave, Santa Inez, Panaji, Goa (NW)",Fire Force Headquarters
2026-01-17T01:24:36.218Z,GA 07 G 7101-FFHQ(WATER TENDER),15.486845,73.817009,0,STOP,"Caculo Mall, 16 Shanta, St Inez Rd, Caculo Enclave, Santa Inez, Panaji, Goa (NW)",Fire Force Headquarters
2026-01-17T01:24:36.218Z,GA 07 G 7677-FFHQ(EMERGENCY RESCUE),15.487057,73.816986,0,STOP,"Caculo Mall, 16 Shanta, St Inez Rd, Caculo Enclave, Santa Inez, Panaji, Goa (NW)",Fire Force Headquarters
2026-01-17T01:24:36.218Z,GA 07 G 1121-PNJ(EMERGENCY RESCUE),15.487333,73.817299,0,STOP,"Caculo Mall, 16 Shanta, St Inez Rd, Caculo Enclave, Santa Inez, Panaji, Goa (NW)",Fire Station Panaji
2026-01-17T01:24:36.218Z,GA 07 G 1571-FFHQ(QUICK RESPONSE),15.486457,73.817513,0,STOP,"Caculo Mall, 16 Shanta, St Inez Rd, Caculo Enclave, Santa Inez, Panaji, Goa (SW)",Fire Force Headquarters
2026-01-17T01:24:36.218Z,GA 07 G 8101-MAP(WATER TENDER),15.589972,73.808624,0,STOP,At Fire Station Mapusa,Fire Station Mapusa
2026-01-17T01:24:36.218Z,GA 07 G 2317-MRG(EMERGENCY RESCUE TENDER),15.2694116,73.9701666,0,STOP,At Fire Station Margoa,Fire Station Margao
2026-01-17T01:24:36.218Z,GA 07 G 1570-VAS(QUICK RESPONSE FIRE TENDER),15.3887733,73.8513266,0,STOP,At Fire Station Vasco,Fire Station Vasco
2026-01-17T01:24:36.218Z,GA 07 G 4101-VAS(MS WATER TENDER),15.3888166,73.851285,0,STOP,At Fire Station Vasco,Fire Station Vasco
2026-01-17T01:24:36.218Z,GA 07 G 0819-VAS(WATER/FOAM TENDER),15.3886633,73.8514317,0,RUNNING,At Fire Station Vasco,Fire Station Vasco
2026-01-17T01:24:36.218Z,GA 07 G 7100-MRG(WATER BOUSER),15.269415,73.969995,0,STOP,At Fire Station Margoa,Fire Station Margao
2026-01-17T01:24:36.218Z,GA 07 G 1568-MRG(QUICK RESPONSE ),15.2693416,73.9705166,0,STOP,At Fire Station Margoa,Fire Station Margao
2026-01-17T01:24:36.218Z,GA 07 G 6101-MRG(WATER TENDER),15.2694116,73.970255,0,STOP,At Fire Station Margoa,Fire Station Margao
2026-01-17T01:24:36.218Z,GA 07 G 1001-MRG(AERIAL LADDER PLATFORM),15.26938,73.9701583,0,STOP,At Fire Station Margoa,Fire Station Margao
2026-01-17T01:24:36.218Z,GA 07 G 0820-BIC(WATER TEDNER),15.4027967,74.0028217,0,STOP,At Fire Station Ponda ,Fire Station Bicholim
2026-01-17T01:24:36.218Z,GA 07 G 5101-OLG(MS WATER TENDER),15.500265,73.9139483,0,STOP,At Fire Station Old Goa,Fire Station Old Goa
2026-01-17T01:24:36.218Z,GA 07 G 3101-BIC(MS WATER TENDER),15.58926,73.9469083,2,STOP,At Fire Station Bicholim ,Fire Station Bicholim
2026-01-17T01:24:36.218Z,GA 07 G 1941-BIC(QUICK RESPONSE),15.5894533,73.9467116,0,STOP,At Fire Station Bicholim ,Fire Station Bicholim
2026-01-17T01:24:36.218Z,GA 07 G 2319-VAS (EMERGENCY RESCUE TENDER),15.3900983,73.8532383,0,STOP,"Zuari Rd, Holy Cross Colony, Dabolim, Goa (SE)",Fire Station Vasco
2026-01-17T01:24:36.218Z,GA 07 G 3737-VAP(WATER TENDER),15.5310533,74.1388916,0,STOP,At Fire Station Valpoi ,Fire Station Valpoi
2026-01-17T01:24:36.218Z,GA 07 G 2318-PND(EMERGENCY RESCUE TENDER),15.4028033,74.00293,0,STOP,At Fire Station Ponda ,Fire Station Ponda
2026-01-17T01:24:36.218Z,GA 07 G 2004-PND(QUICK RESPONSE),15.4141016,73.9073083,0,INACTIVE,"Guru Hotel, Old Ferry Road, Agaçaim, Goa (SE)",Fire Station Ponda
2026-01-17T01:24:36.218Z,GA 07 G 9101-PND(WATER TENDER),15.4027033,74.0028733,0,STOP,At Fire Station Ponda ,Fire Station Ponda
2026-01-17T01:24:36.218Z,GA 07 G 9797-PND(WATER BOUSER),15.4027999,74.0027016,0,STOP,At Fire Station Ponda ,Fire Station Ponda
2026-01-17T01:24:36.218Z,GA 07 G 6363-CAN(WATER TENDER),15.02361,74.04406,0,INACTIVE,"Canacona, The Lalitrajbaga ,Canacona, Canacona, Goa (NE)",Fire Station Canacona
2026-01-17T01:24:36.218Z,GA 07 G 1567-CAN(QUICK RESPONSE FT),15.0233599,74.0440833,0,INACTIVE,"Canacona, The Lalitrajbaga ,Canacona, Canacona, Goa (NE)",Fire Station Canacona
2026-01-17T01:24:36.218Z,GA 07 G 1569-VRN(QUICK RESPONSE),15.369545,73.9355216,0,STOP,At Fire Station Verna,Fire Station Verna
2026-01-17T01:24:36.218Z,GA 07 G 9909-VRN(ADVANCE MULTI-PURPOSE),15.36974,73.9360833,0,STOP,At Fire Station Verna,Fire Station Verna
2026-01-17T01:24:36.218Z,GA 07 G 1942-VAP(QUICK RESPONSE),15.5310033,74.138745,0,STOP,At Fire Station Valpoi ,Fire Station Valpoi
2026-01-17T01:24:36.218Z,GA 07 G 2003-CUR(QUICK RESPONSE),15.2604016,74.1031166,0,STOP,At Fire Station Curchorem,Fire Station Curchorem
2026-01-17T01:24:36.218Z,GA 07 G 7447-CUR(EMERGENCY RESCUE),15.260415,74.10376,0,STOP,At Fire Station Curchorem,Fire Station Curchorem
2026-01-17T01:24:36.218Z,GA 07 G 7557-CUR(WATER TENDER),15.2604083,74.1034266,0,STOP,At Fire Station Curchorem,Fire Station Curchorem
2026-01-17T01:24:36.218Z,GA 07 G 7667-CUR(WATER BOUSER),15.2602533,74.1037266,0,STOP,At Fire Station Curchorem,Fire Station Curchorem
2026-01-17T01:24:36.218Z,GA 07 G 4989-KUN(WATER TENDER),15.4632383,73.9724617,0,STOP,At Fire Station Kundaim,Fire Station Kundaim
2026-01-17T01:24:36.218Z,GA 07 G 2242-PIL(WATER TENDER),15.5329344,73.7940983,0,STOP,At Fire Station Pilerne,Fire Station Pilerne
2026-01-17T01:24:36.218Z,GA 07 G 0681-MAP(QUICK RESPONSE),15.58978,73.808805,0,STOP,At Fire Station Mapusa,Fire Station Mapusa
2026-01-17T01:24:36.218Z,GA 07 G 0307-PER(QUICK RESPONSE),15.7164939,73.7974239,0,INACTIVE,At Fire Station Pernem,Fire Station Pernem
2026-01-17T01:24:36.218Z,GA 07 G 2101-PER(MS WATER TENDER),15.7164572,73.7975456,0,STOP,At Fire Station Pernem,Fire Station Pernem
2026-01-17T01:24:36.218Z,GA 07 G 4600-PER(MINI RESCUE TENDER),15.7165267,73.7975289,0,STOP,At Fire Station Pernem,Fire Station Pernem
2026-01-17T01:24:36.218Z,GA 07 G 7272-PNJ(WATER TENDER),15.4880722,73.8173878,0,STOP,"Goa College of Home Science, Dayanand Bandodkar Road, Opposite Parade Ground Campal,, Panaji, Goa (SE)",Fire Station Panaji
2026-01-17T01:24:36.218Z,GA07G2384- Cuncolim,15.1861639,74.0211006,0,STOP,At Fire Station Cuncolim,Fire Station Cuncolim
2026-01-17T01:24:36.218Z,GA07G2507 - PER Mid Size (Water Tender),15.716485,73.7975017,0,STOP,At Fire Station Pernem,Fire Station Pernem
2026-01-17T01:24:36.218Z,GA07G2505 - VAP Mid Size (Water Tender),15.5264767,74.00236,15,RUNNING,"MDR24, Navelim, Goa (SW)",Fire Station Valpoi
2026-01-17T01:24:36.218Z,GA07G2504 - BIC Mid Size (Water Tender),15.589485,73.9466967,0,STOP,At Fire Station Bicholim ,Fire Station Bicholim
2026-01-17T01:24:36.218Z,GA07G2503- MAP Mid Size (Water Tender),15.5899483,73.808635,0,STOP,At Fire Station Mapusa,Fire Station Mapusa
2026-01-17T01:24:36.218Z,GA07G2502 - FFHQ Mid Size (Water Tender),15.4868,73.8171867,0,STOP,"Caculo Mall, 16 Shanta, St Inez Rd, Caculo Enclave, Santa Inez, Panaji, Goa (NW)",Fire Force Headquarters
2026-01-17T01:25:44.941Z,GA 07 G 0680-PIL(QUICK RESPONSE VEHICLE),15.52289,73.8294267,0,STOP,At Porvorim Fire Station,Fire Station Pilerne
2026-01-17T01:25:44.941Z,GA07G2506 - OLG Mid Size (Water Tender),15.500308,73.91407,0,STOP,At Fire Station Old Goa,Fire Station Old Goa
2026-01-17T01:25:44.941Z,GA 07 G 5115-POR(MINI WATER TENDER),15.52334,73.829453,0,STOP,At Porvorim Fire Station,Fire Station Porvorim
2026-01-17T01:25:44.941Z,GA 07 G 0350-MRG(WATER TENDER),15.269438,73.970627,0,STOP,At Fire Station Margoa,Fire Station Margao
2026-01-17T01:25:44.941Z,GA 07 G 2900-MAP(MINI RESCUE TENDER),15.58999,73.808624,0,STOP,At Fire Station Mapusa,Fire Station Mapusa
2026-01-17T01:25:44.941Z,GA 07 G 7600-FFHQ(WATER BOUSER),15.486365,73.81723,0,RUNNING,At Fire Station panaji,Fire Force Headquarters
2026-01-17T01:25:44.941Z,GA 07 G 2002-FFHQ(TURN TABLE LADDER),15.487413,73.817276,0,STOP,"Caculo Mall, 16 Shanta, St Inez Rd, Caculo Enclave, Santa Inez, Panaji, Goa (NW)",Fire Force Headquarters
2026-01-17T01:25:44.941Z,GA 07 G 7101-FFHQ(WATER TENDER),15.486845,73.817009,0,STOP,"Caculo Mall, 16 Shanta, St Inez Rd, Caculo Enclave, Santa Inez, Panaji, Goa (NW)",Fire Force Headquarters
2026-01-17T01:25:44.941Z,GA 07 G 7677-FFHQ(EMERGENCY RESCUE),15.487057,73.816986,0,STOP,"Caculo Mall, 16 Shanta, St Inez Rd, Caculo Enclave, Santa Inez, Panaji, Goa (NW)",Fire Force Headquarters
2026-01-17T01:25:44.941Z,GA 07 G 1121-PNJ(EMERGENCY RESCUE),15.487333,73.817299,0,STOP,"Caculo Mall, 16 Shanta, St Inez Rd, Caculo Enclave, Santa Inez, Panaji, Goa (NW)",Fire Station Panaji
2026-01-17T01:25:44.941Z,GA 07 G 1571-FFHQ(QUICK RESPONSE),15.486457,73.817513,0,STOP,"Caculo Mall, 16 Shanta, St Inez Rd, Caculo Enclave, Santa Inez, Panaji, Goa (SW)",Fire Force Headquarters
2026-01-17T01:25:44.941Z,GA 07 G 8101-MAP(WATER TENDER),15.589972,73.808624,0,STOP,At Fire Station Mapusa,Fire Station Mapusa
2026-01-17T01:25:44.941Z,GA 07 G 2317-MRG(EMERGENCY RESCUE TENDER),15.2694116,73.9701666,0,STOP,At Fire Station Margoa,Fire Station Margao
2026-01-17T01:25:44.941Z,GA 07 G 1570-VAS(QUICK RESPONSE FIRE TENDER),15.3887733,73.8513266,0,STOP,At Fire Station Vasco,Fire Station Vasco
2026-01-17T01:25:44.941Z,GA 07 G 4101-VAS(MS WATER TENDER),15.3888166,73.851285,0,STOP,At Fire Station Vasco,Fire Station Vasco
2026-01-17T01:25:44.941Z,GA 07 G 0819-VAS(WATER/FOAM TENDER),15.388825,73.8477217,18,RUNNING,"Dabolim Bogmalo Cross, Green Valley, Dabolim, Goa (NE)",Fire Station Vasco
2026-01-17T01:25:44.941Z,GA 07 G 7100-MRG(WATER BOUSER),15.269415,73.969995,0,STOP,At Fire Station Margoa,Fire Station Margao
2026-01-17T01:25:44.941Z,GA 07 G 1568-MRG(QUICK RESPONSE ),15.2693416,73.9705166,0,STOP,At Fire Station Margoa,Fire Station Margao
2026-01-17T01:25:44.941Z,GA 07 G 6101-MRG(WATER TENDER),15.2694116,73.970255,0,STOP,At Fire Station Margoa,Fire Station Margao
2026-01-17T01:25:44.941Z,GA 07 G 1001-MRG(AERIAL LADDER PLATFORM),15.26938,73.9701583,0,STOP,At Fire Station Margoa,Fire Station Margao
2026-01-17T01:25:44.941Z,GA 07 G 0820-BIC(WATER TEDNER),15.4027967,74.0028217,0,STOP,At Fire Station Ponda ,Fire Station Bicholim
2026-01-17T01:25:44.941Z,GA 07 G 5101-OLG(MS WATER TENDER),15.500265,73.9139483,0,STOP,At Fire Station Old Goa,Fire Station Old Goa
2026-01-17T01:25:44.941Z,GA 07 G 3101-BIC(MS WATER TENDER),15.58926,73.9469083,1,STOP,At Fire Station Bicholim ,Fire Station Bicholim
2026-01-17T01:25:44.941Z,GA 07 G 1941-BIC(QUICK RESPONSE),15.5894533,73.9467116,0,STOP,At Fire Station Bicholim ,Fire Station Bicholim
2026-01-17T01:25:44.941Z,GA 07 G 2319-VAS (EMERGENCY RESCUE TENDER),15.3900983,73.8532383,0,STOP,"Zuari Rd, Holy Cross Colony, Dabolim, Goa (SE)",Fire Station Vasco
2026-01-17T01:25:44.941Z,GA 07 G 3737-VAP(WATER TENDER),15.5310533,74.1388916,0,STOP,At Fire Station Valpoi ,Fire Station Valpoi
2026-01-17T01:25:44.941Z,GA 07 G 2318-PND(EMERGENCY RESCUE TENDER),15.4028033,74.00293,0,STOP,At Fire Station Ponda ,Fire Station Ponda
2026-01-17T01:25:44.941Z,GA 07 G 2004-PND(QUICK RESPONSE),15.4141016,73.9073083,0,INACTIVE,"Guru Hotel, Old Ferry Road, Agaçaim, Goa (SE)",Fire Station Ponda
2026-01-17T01:25:44.941Z,GA 07 G 9101-PND(WATER TENDER),15.4027033,74.0028733,0,STOP,At Fire Station Ponda ,Fire Station Ponda
2026-01-17T01:25:44.941Z,GA 07 G 9797-PND(WATER BOUSER),15.4027999,74.0027016,0,STOP,At Fire Station Ponda ,Fire Station Ponda
2026-01-17T01:25:44.941Z,GA 07 G 6363-CAN(WATER TENDER),15.02361,74.04406,0,INACTIVE,"Canacona, The Lalitrajbaga ,Canacona, Canacona, Goa (NE)",Fire Station Canacona
2026-01-17T01:25:44.941Z,GA 07 G 1567-CAN(QUICK RESPONSE FT),15.0233599,74.0440833,0,INACTIVE,"Canacona, The Lalitrajbaga ,Canacona, Canacona, Goa (NE)",Fire Station Canacona
2026-01-17T01:25:44.941Z,GA 07 G 1569-VRN(QUICK RESPONSE),15.369545,73.9355216,0,STOP,At Fire Station Verna,Fire Station Verna
2026-01-17T01:25:44.941Z,GA 07 G 9909-VRN(ADVANCE MULTI-PURPOSE),15.36974,73.9360833,0,STOP,At Fire Station Verna,Fire Station Verna
2026-01-17T01:25:44.941Z,GA 07 G 1942-VAP(QUICK RESPONSE),15.5310033,74.138745,0,STOP,At Fire Station Valpoi ,Fire Station Valpoi
2026-01-17T01:25:44.941Z,GA 07 G 2003-CUR(QUICK RESPONSE),15.2604016,74.1031166,0,STOP,At Fire Station Curchorem,Fire Station Curchorem
2026-01-17T01:25:44.941Z,GA 07 G 7447-CUR(EMERGENCY RESCUE),15.260415,74.10376,0,STOP,At Fire Station Curchorem,Fire Station Curchorem
2026-01-17T01:25:44.941Z,GA 07 G 7557-CUR(WATER TENDER),15.2604083,74.1034266,0,STOP,At Fire Station Curchorem,Fire Station Curchorem
2026-01-17T01:25:44.941Z,GA 07 G 7667-CUR(WATER BOUSER),15.2602533,74.1037266,0,STOP,At Fire Station Curchorem,Fire Station Curchorem
2026-01-17T01:25:44.941Z,GA 07 G 4989-KUN(WATER TENDER),15.4632383,73.9724617,0,STOP,At Fire Station Kundaim,Fire Station Kundaim
2026-01-17T01:25:44.941Z,GA 07 G 2242-PIL(WATER TENDER),15.5329344,73.7940983,0,STOP,At Fire Station Pilerne,Fire Station Pilerne
2026-01-17T01:25:44.941Z,GA 07 G 0681-MAP(QUICK RESPONSE),15.58978,73.808805,0,STOP,At Fire Station Mapusa,Fire Station Mapusa
2026-01-17T01:25:44.941Z,GA 07 G 0307-PER(QUICK RESPONSE),15.7164939,73.7974239,0,INACTIVE,At Fire Station Pernem,Fire Station Pernem
2026-01-17T01:25:44.941Z,GA 07 G 2101-PER(MS WATER TENDER),15.7164572,73.7975456,0,STOP,At Fire Station Pernem,Fire Station Pernem
2026-01-17T01:25:44.941Z,GA 07 G 4600-PER(MINI RESCUE TENDER),15.7165267,73.7975289,0,STOP,At Fire Station Pernem,Fire Station Pernem
2026-01-17T01:25:44.941Z,GA 07 G 7272-PNJ(WATER TENDER),15.4880722,73.8173878,0,STOP,"Goa College of Home Science, Dayanand Bandodkar Road, Opposite Parade Ground Campal,, Panaji, Goa (SE)",Fire Station Panaji
2026-01-17T01:25:44.941Z,GA07G2384- Cuncolim,15.1861639,74.0211006,0,STOP,At Fire Station Cuncolim,Fire Station Cuncolim
2026-01-17T01:25:44.941Z,GA07G2507 - PER Mid Size (Water Tender),15.716485,73.7975017,0,IDLE,At Fire Station Pernem,Fire Station Pernem
2026-01-17T01:25:44.941Z,GA07G2505 - VAP Mid Size (Water Tender),15.5273933,73.9969,32,RUNNING,"MDR24, Navelim, Goa (SE)",Fire Station Valpoi
2026-01-17T01:25:44.941Z,GA07G2504 - BIC Mid Size (Water Tender),15.589485,73.9466967,0,STOP,At Fire Station Bicholim ,Fire Station Bicholim
2026-01-17T01:25:44.941Z,GA07G2503- MAP Mid Size (Water Tender),15.5899483,73.808635,0,STOP,At Fire Station Mapusa,Fire Station Mapusa
2026-01-17T01:25:44.941Z,GA07G2502 - FFHQ Mid Size (Water Tender),15.4868,73.8171867,0,STOP,"Caculo Mall, 16 Shanta, St Inez Rd, Caculo Enclave, Santa Inez, Panaji, Goa (NW)",Fire Force Headquarters
2026-01-17T01:27:02.313Z,GA 07 G 0680-PIL(QUICK RESPONSE VEHICLE),15.52289,73.8294267,0,STOP,At Porvorim Fire Station,Fire Station Pilerne
2026-01-17T01:27:02.313Z,GA07G2506 - OLG Mid Size (Water Tender),15.500308,73.91407,0,STOP,At Fire Station Old Goa,Fire Station Old Goa
2026-01-17T01:27:02.313Z,GA 07 G 5115-POR(MINI WATER TENDER),15.52334,73.829453,0,STOP,At Porvorim Fire Station,Fire Station Porvorim
2026-01-17T01:27:02.313Z,GA 07 G 0350-MRG(WATER TENDER),15.269438,73.970627,0,STOP,At Fire Station Margoa,Fire Station Margao
2026-01-17T01:27:02.313Z,GA 07 G 2900-MAP(MINI RESCUE TENDER),15.58999,73.808624,0,STOP,At Fire Station Mapusa,Fire Station Mapusa
2026-01-17T01:27:02.313Z,GA 07 G 7600-FFHQ(WATER BOUSER),15.48638,73.817238,0,IDLE,At Fire Station panaji,Fire Force Headquarters
2026-01-17T01:27:02.313Z,GA 07 G 2002-FFHQ(TURN TABLE LADDER),15.487413,73.817276,0,STOP,"Caculo Mall, 16 Shanta, St Inez Rd, Caculo Enclave, Santa Inez, Panaji, Goa (NW)",Fire Force Headquarters
2026-01-17T01:27:02.313Z,GA 07 G 7101-FFHQ(WATER TENDER),15.486845,73.817009,0,STOP,"Caculo Mall, 16 Shanta, St Inez Rd, Caculo Enclave, Santa Inez, Panaji, Goa (NW)",Fire Force Headquarters
2026-01-17T01:27:02.313Z,GA 07 G 7677-FFHQ(EMERGENCY RESCUE),15.487057,73.816986,0,STOP,"Caculo Mall, 16 Shanta, St Inez Rd, Caculo Enclave, Santa Inez, Panaji, Goa (NW)",Fire Force Headquarters
2026-01-17T01:27:02.313Z,GA 07 G 1121-PNJ(EMERGENCY RESCUE),15.487333,73.817299,0,STOP,"Caculo Mall, 16 Shanta, St Inez Rd, Caculo Enclave, Santa Inez, Panaji, Goa (NW)",Fire Station Panaji
2026-01-17T01:27:02.313Z,GA 07 G 1571-FFHQ(QUICK RESPONSE),15.486457,73.817513,0,STOP,"Caculo Mall, 16 Shanta, St Inez Rd, Caculo Enclave, Santa Inez, Panaji, Goa (SW)",Fire Force Headquarters
2026-01-17T01:27:02.313Z,GA 07 G 8101-MAP(WATER TENDER),15.589972,73.808624,0,STOP,At Fire Station Mapusa,Fire Station Mapusa
2026-01-17T01:27:02.313Z,GA 07 G 2317-MRG(EMERGENCY RESCUE TENDER),15.2694116,73.9701666,0,STOP,At Fire Station Margoa,Fire Station Margao
2026-01-17T01:27:02.313Z,GA 07 G 1570-VAS(QUICK RESPONSE FIRE TENDER),15.3887733,73.8513266,0,STOP,At Fire Station Vasco,Fire Station Vasco
2026-01-17T01:27:02.313Z,GA 07 G 4101-VAS(MS WATER TENDER),15.3888166,73.851285,0,STOP,At Fire Station Vasco,Fire Station Vasco
2026-01-17T01:27:02.313Z,GA 07 G 0819-VAS(WATER/FOAM TENDER),15.39163,73.8492917,17,RUNNING,"Taazi Tokri, Unnamed Road, Holy Cross Colony, Dabolim, Goa (SE)",Fire Station Vasco
2026-01-17T01:27:02.313Z,GA 07 G 7100-MRG(WATER BOUSER),15.269415,73.969995,0,STOP,At Fire Station Margoa,Fire Station Margao
2026-01-17T01:27:02.313Z,GA 07 G 1568-MRG(QUICK RESPONSE ),15.2693416,73.9705166,0,STOP,At Fire Station Margoa,Fire Station Margao
2026-01-17T01:27:02.313Z,GA 07 G 6101-MRG(WATER TENDER),15.2694116,73.970255,0,STOP,At Fire Station Margoa,Fire Station Margao
2026-01-17T01:27:02.313Z,GA 07 G 1001-MRG(AERIAL LADDER PLATFORM),15.26938,73.9701583,0,STOP,At Fire Station Margoa,Fire Station Margao
2026-01-17T01:27:02.313Z,GA 07 G 0820-BIC(WATER TEDNER),15.4027967,74.0028217,0,STOP,At Fire Station Ponda ,Fire Station Bicholim
2026-01-17T01:27:02.313Z,GA 07 G 5101-OLG(MS WATER TENDER),15.500265,73.9139483,0,STOP,At Fire Station Old Goa,Fire Station Old Goa
2026-01-17T01:27:02.313Z,GA 07 G 3101-BIC(MS WATER TENDER),15.58926,73.9469083,0,STOP,At Fire Station Bicholim ,Fire Station Bicholim
2026-01-17T01:27:02.313Z,GA 07 G 1941-BIC(QUICK RESPONSE),15.5894533,73.9467116,0,STOP,At Fire Station Bicholim ,Fire Station Bicholim
2026-01-17T01:27:02.313Z,GA 07 G 2319-VAS (EMERGENCY RESCUE TENDER),15.3900983,73.8532383,0,STOP,"Zuari Rd, Holy Cross Colony, Dabolim, Goa (SE)",Fire Station Vasco
2026-01-17T01:27:02.313Z,GA 07 G 3737-VAP(WATER TENDER),15.5310533,74.1388916,0,STOP,At Fire Station Valpoi ,Fire Station Valpoi
2026-01-17T01:27:02.313Z,GA 07 G 2318-PND(EMERGENCY RESCUE TENDER),15.4028033,74.00293,0,STOP,At Fire Station Ponda ,Fire Station Ponda
2026-01-17T01:27:02.313Z,GA 07 G 2004-PND(QUICK RESPONSE),15.4141016,73.9073083,0,INACTIVE,"Guru Hotel, Old Ferry Road, Agaçaim, Goa (SE)",Fire Station Ponda
2026-01-17T01:27:02.313Z,GA 07 G 9101-PND(WATER TENDER),15.4027033,74.0028733,0,STOP,At Fire Station Ponda ,Fire Station Ponda
2026-01-17T01:27:02.313Z,GA 07 G 9797-PND(WATER BOUSER),15.4027999,74.0027016,0,STOP,At Fire Station Ponda ,Fire Station Ponda
2026-01-17T01:27:02.313Z,GA 07 G 6363-CAN(WATER TENDER),15.02361,74.04406,0,INACTIVE,"Canacona, The Lalitrajbaga ,Canacona, Canacona, Goa (NE)",Fire Station Canacona
2026-01-17T01:27:02.313Z,GA 07 G 1567-CAN(QUICK RESPONSE FT),15.0233599,74.0440833,0,INACTIVE,"Canacona, The Lalitrajbaga ,Canacona, Canacona, Goa (NE)",Fire Station Canacona
2026-01-17T01:27:02.313Z,GA 07 G 1569-VRN(QUICK RESPONSE),15.369545,73.9355216,0,STOP,At Fire Station Verna,Fire Station Verna
2026-01-17T01:27:02.313Z,GA 07 G 9909-VRN(ADVANCE MULTI-PURPOSE),15.36974,73.9360833,0,STOP,At Fire Station Verna,Fire Station Verna
2026-01-17T01:27:02.313Z,GA 07 G 1942-VAP(QUICK RESPONSE),15.5310033,74.138745,0,STOP,At Fire Station Valpoi ,Fire Station Valpoi
2026-01-17T01:27:02.313Z,GA 07 G 2003-CUR(QUICK RESPONSE),15.2604016,74.1031166,0,STOP,At Fire Station Curchorem,Fire Station Curchorem
2026-01-17T01:27:02.313Z,GA 07 G 7447-CUR(EMERGENCY RESCUE),15.260415,74.10376,0,STOP,At Fire Station Curchorem,Fire Station Curchorem
2026-01-17T01:27:02.313Z,GA 07 G 7557-CUR(WATER TENDER),15.2604083,74.1034266,0,STOP,At Fire Station Curchorem,Fire Station Curchorem
2026-01-17T01:27:02.313Z,GA 07 G 7667-CUR(WATER BOUSER),15.2602533,74.1037266,0,STOP,At Fire Station Curchorem,Fire Station Curchorem
2026-01-17T01:27:02.313Z,GA 07 G 4989-KUN(WATER TENDER),15.4632383,73.9724617,0,STOP,At Fire Station Kundaim,Fire Station Kundaim
2026-01-17T01:27:02.313Z,GA 07 G 2242-PIL(WATER TENDER),15.5329344,73.7940983,0,STOP,At Fire Station Pilerne,Fire Station Pilerne
2026-01-17T01:27:02.313Z,GA 07 G 0681-MAP(QUICK RESPONSE),15.58978,73.808805,0,STOP,At Fire Station Mapusa,Fire Station Mapusa
2026-01-17T01:27:02.313Z,GA 07 G 0307-PER(QUICK RESPONSE),15.7164939,73.7974239,0,INACTIVE,At Fire Station Pernem,Fire Station Pernem
2026-01-17T01:27:02.313Z,GA 07 G 2101-PER(MS WATER TENDER),15.7164572,73.7975456,0,STOP,At Fire Station Pernem,Fire Station Pernem
2026-01-17T01:27:02.313Z,GA 07 G 4600-PER(MINI RESCUE TENDER),15.7165267,73.7975289,0,STOP,At Fire Station Pernem,Fire Station Pernem
2026-01-17T01:27:02.313Z,GA 07 G 7272-PNJ(WATER TENDER),15.4880722,73.8173878,0,STOP,"Goa College of Home Science, Dayanand Bandodkar Road, Opposite Parade Ground Campal,, Panaji, Goa (SE)",Fire Station Panaji
2026-01-17T01:27:02.313Z,GA07G2384- Cuncolim,15.1861639,74.0211006,0,STOP,At Fire Station Cuncolim,Fire Station Cuncolim
2026-01-17T01:27:02.313Z,GA07G2507 - PER Mid Size (Water Tender),15.716485,73.7975017,0,IDLE,At Fire Station Pernem,Fire Station Pernem
2026-01-17T01:27:02.313Z,GA07G2505 - VAP Mid Size (Water Tender),15.5298467,73.9885583,63,RUNNING,"H,no 316, Tinsabhat Ghadiwad, P.O.Marcella, Amona, Goa (SW)",Fire Station Valpoi
2026-01-17T01:27:02.313Z,GA07G2504 - BIC Mid Size (Water Tender),15.589485,73.9466967,0,STOP,At Fire Station Bicholim ,Fire Station Bicholim
2026-01-17T01:27:02.313Z,GA07G2503- MAP Mid Size (Water Tender),15.5899483,73.808635,0,STOP,At Fire Station Mapusa,Fire Station Mapusa
2026-01-17T01:27:02.313Z,GA07G2502 - FFHQ Mid Size (Water Tender),15.4868,73.8171867,0,STOP,"Caculo Mall, 16 Shanta, St Inez Rd, Caculo Enclave, Santa Inez, Panaji, Goa (NW)",Fire Force Headquarters
2026-01-17T01:27:45.629Z,GA 07 G 0680-PIL(QUICK RESPONSE VEHICLE),15.52289,73.8294267,0,STOP,At Porvorim Fire Station,Fire Station Pilerne
2026-01-17T01:27:45.629Z,GA07G2506 - OLG Mid Size (Water Tender),15.500308,73.91407,0,STOP,At Fire Station Old Goa,Fire Station Old Goa
2026-01-17T01:27:45.629Z,GA 07 G 5115-POR(MINI WATER TENDER),15.52334,73.829453,0,STOP,At Porvorim Fire Station,Fire Station Porvorim
2026-01-17T01:27:45.629Z,GA 07 G 0350-MRG(WATER TENDER),15.269438,73.970627,0,STOP,At Fire Station Margoa,Fire Station Margao
2026-01-17T01:27:45.629Z,GA 07 G 2900-MAP(MINI RESCUE TENDER),15.58999,73.808624,0,STOP,At Fire Station Mapusa,Fire Station Mapusa
2026-01-17T01:27:45.629Z,GA 07 G 7600-FFHQ(WATER BOUSER),15.486377,73.817215,0,RUNNING,At Fire Station panaji,Fire Force Headquarters
2026-01-17T01:27:45.629Z,GA 07 G 2002-FFHQ(TURN TABLE LADDER),15.487413,73.817276,0,STOP,"Caculo Mall, 16 Shanta, St Inez Rd, Caculo Enclave, Santa Inez, Panaji, Goa (NW)",Fire Force Headquarters
2026-01-17T01:27:45.629Z,GA 07 G 7101-FFHQ(WATER TENDER),15.486845,73.817009,0,STOP,"Caculo Mall, 16 Shanta, St Inez Rd, Caculo Enclave, Santa Inez, Panaji, Goa (NW)",Fire Force Headquarters
2026-01-17T01:27:45.629Z,GA 07 G 7677-FFHQ(EMERGENCY RESCUE),15.487057,73.816986,0,STOP,"Caculo Mall, 16 Shanta, St Inez Rd, Caculo Enclave, Santa Inez, Panaji, Goa (NW)",Fire Force Headquarters
2026-01-17T01:27:45.629Z,GA 07 G 1121-PNJ(EMERGENCY RESCUE),15.487333,73.817299,0,STOP,"Caculo Mall, 16 Shanta, St Inez Rd, Caculo Enclave, Santa Inez, Panaji, Goa (NW)",Fire Station Panaji
2026-01-17T01:27:45.629Z,GA 07 G 1571-FFHQ(QUICK RESPONSE),15.486457,73.817513,0,STOP,"Caculo Mall, 16 Shanta, St Inez Rd, Caculo Enclave, Santa Inez, Panaji, Goa (SW)",Fire Force Headquarters
2026-01-17T01:27:45.629Z,GA 07 G 8101-MAP(WATER TENDER),15.589972,73.808624,0,STOP,At Fire Station Mapusa,Fire Station Mapusa
2026-01-17T01:27:45.629Z,GA 07 G 2317-MRG(EMERGENCY RESCUE TENDER),15.2694116,73.9701666,0,STOP,At Fire Station Margoa,Fire Station Margao
2026-01-17T01:27:45.629Z,GA 07 G 1570-VAS(QUICK RESPONSE FIRE TENDER),15.3887733,73.8513266,0,STOP,At Fire Station Vasco,Fire Station Vasco
2026-01-17T01:27:45.629Z,GA 07 G 4101-VAS(MS WATER TENDER),15.3888166,73.851285,0,STOP,At Fire Station Vasco,Fire Station Vasco
2026-01-17T01:27:45.629Z,GA 07 G 0819-VAS(WATER/FOAM TENDER),15.3934167,73.85022,33,RUNNING,"Andrade General Store, Holy Cross Colony, Dabolim, Goa (NE)",Fire Station Vasco
2026-01-17T01:27:45.629Z,GA 07 G 7100-MRG(WATER BOUSER),15.269415,73.969995,0,STOP,At Fire Station Margoa,Fire Station Margao
2026-01-17T01:27:45.629Z,GA 07 G 1568-MRG(QUICK RESPONSE ),15.2693416,73.9705166,0,STOP,At Fire Station Margoa,Fire Station Margao
2026-01-17T01:27:45.629Z,GA 07 G 6101-MRG(WATER TENDER),15.2694116,73.970255,0,STOP,At Fire Station Margoa,Fire Station Margao
2026-01-17T01:27:45.629Z,GA 07 G 1001-MRG(AERIAL LADDER PLATFORM),15.26938,73.9701583,0,STOP,At Fire Station Margoa,Fire Station Margao
2026-01-17T01:27:45.629Z,GA 07 G 0820-BIC(WATER TEDNER),15.4027967,74.0028217,0,STOP,At Fire Station Ponda ,Fire Station Bicholim
2026-01-17T01:27:45.629Z,GA 07 G 5101-OLG(MS WATER TENDER),15.500265,73.9139483,0,STOP,At Fire Station Old Goa,Fire Station Old Goa
2026-01-17T01:27:45.629Z,GA 07 G 3101-BIC(MS WATER TENDER),15.58926,73.9469083,0,STOP,At Fire Station Bicholim ,Fire Station Bicholim
2026-01-17T01:27:45.629Z,GA 07 G 1941-BIC(QUICK RESPONSE),15.5894533,73.9467116,0,STOP,At Fire Station Bicholim ,Fire Station Bicholim
2026-01-17T01:27:45.629Z,GA 07 G 2319-VAS (EMERGENCY RESCUE TENDER),15.3900983,73.8532383,0,STOP,"Zuari Rd, Holy Cross Colony, Dabolim, Goa (SE)",Fire Station Vasco
2026-01-17T01:27:45.629Z,GA 07 G 3737-VAP(WATER TENDER),15.5310533,74.1388916,0,STOP,At Fire Station Valpoi ,Fire Station Valpoi
2026-01-17T01:27:45.629Z,GA 07 G 2318-PND(EMERGENCY RESCUE TENDER),15.4028033,74.00293,0,STOP,At Fire Station Ponda ,Fire Station Ponda
2026-01-17T01:27:45.629Z,GA 07 G 2004-PND(QUICK RESPONSE),15.4141016,73.9073083,0,INACTIVE,"Guru Hotel, Old Ferry Road, Agaçaim, Goa (SE)",Fire Station Ponda
2026-01-17T01:27:45.629Z,GA 07 G 9101-PND(WATER TENDER),15.4027033,74.0028733,0,STOP,At Fire Station Ponda ,Fire Station Ponda
2026-01-17T01:27:45.629Z,GA 07 G 9797-PND(WATER BOUSER),15.4027999,74.0027016,0,STOP,At Fire Station Ponda ,Fire Station Ponda
2026-01-17T01:27:45.629Z,GA 07 G 6363-CAN(WATER TENDER),15.02361,74.04406,0,INACTIVE,"Canacona, The Lalitrajbaga ,Canacona, Canacona, Goa (NE)",Fire Station Canacona
2026-01-17T01:27:45.629Z,GA 07 G 1567-CAN(QUICK RESPONSE FT),15.0233599,74.0440833,0,INACTIVE,"Canacona, The Lalitrajbaga ,Canacona, Canacona, Goa (NE)",Fire Station Canacona
2026-01-17T01:27:45.629Z,GA 07 G 1569-VRN(QUICK RESPONSE),15.369545,73.9355216,0,STOP,At Fire Station Verna,Fire Station Verna
2026-01-17T01:27:45.629Z,GA 07 G 9909-VRN(ADVANCE MULTI-PURPOSE),15.36974,73.9360833,0,STOP,At Fire Station Verna,Fire Station Verna
2026-01-17T01:27:45.629Z,GA 07 G 1942-VAP(QUICK RESPONSE),15.5310033,74.138745,0,STOP,At Fire Station Valpoi ,Fire Station Valpoi
2026-01-17T01:27:45.629Z,GA 07 G 2003-CUR(QUICK RESPONSE),15.2604016,74.1031166,0,STOP,At Fire Station Curchorem,Fire Station Curchorem
2026-01-17T01:27:45.629Z,GA 07 G 7447-CUR(EMERGENCY RESCUE),15.260415,74.10376,0,STOP,At Fire Station Curchorem,Fire Station Curchorem
2026-01-17T01:27:45.629Z,GA 07 G 7557-CUR(WATER TENDER),15.2604083,74.1034266,0,STOP,At Fire Station Curchorem,Fire Station Curchorem
2026-01-17T01:27:45.629Z,GA 07 G 7667-CUR(WATER BOUSER),15.2602533,74.1037266,0,STOP,At Fire Station Curchorem,Fire Station Curchorem
2026-01-17T01:27:45.629Z,GA 07 G 4989-KUN(WATER TENDER),15.4632383,73.9724617,0,STOP,At Fire Station Kundaim,Fire Station Kundaim
2026-01-17T01:27:45.629Z,GA 07 G 2242-PIL(WATER TENDER),15.5329344,73.7940983,0,STOP,At Fire Station Pilerne,Fire Station Pilerne
2026-01-17T01:27:45.629Z,GA 07 G 0681-MAP(QUICK RESPONSE),15.58978,73.808805,0,STOP,At Fire Station Mapusa,Fire Station Mapusa
2026-01-17T01:27:45.629Z,GA 07 G 0307-PER(QUICK RESPONSE),15.7164939,73.7974239,0,INACTIVE,At Fire Station Pernem,Fire Station Pernem
2026-01-17T01:27:45.629Z,GA 07 G 2101-PER(MS WATER TENDER),15.7164572,73.7975456,0,STOP,At Fire Station Pernem,Fire Station Pernem
2026-01-17T01:27:45.629Z,GA 07 G 4600-PER(MINI RESCUE TENDER),15.7165267,73.7975289,0,STOP,At Fire Station Pernem,Fire Station Pernem
2026-01-17T01:27:45.629Z,GA 07 G 7272-PNJ(WATER TENDER),15.4880722,73.8173878,0,STOP,"Goa College of Home Science, Dayanand Bandodkar Road, Opposite Parade Ground Campal,, Panaji, Goa (SE)",Fire Station Panaji
2026-01-17T01:27:45.629Z,GA07G2384- Cuncolim,15.1861639,74.0211006,0,STOP,At Fire Station Cuncolim,Fire Station Cuncolim
2026-01-17T01:27:45.629Z,GA07G2507 - PER Mid Size (Water Tender),15.716485,73.7975017,0,IDLE,At Fire Station Pernem,Fire Station Pernem
2026-01-17T01:27:45.629Z,GA07G2505 - VAP Mid Size (Water Tender),15.52902,73.9828367,53,RUNNING,"Amona Junction, Amona, Goa (SW)",Fire Station Valpoi
2026-01-17T01:27:45.629Z,GA07G2504 - BIC Mid Size (Water Tender),15.589485,73.9466967,0,STOP,At Fire Station Bicholim ,Fire Station Bicholim
2026-01-17T01:27:45.629Z,GA07G2503- MAP Mid Size (Water Tender),15.5899483,73.808635,0,STOP,At Fire Station Mapusa,Fire Station Mapusa
2026-01-17T01:27:45.629Z,GA07G2502 - FFHQ Mid Size (Water Tender),15.4868,73.8171867,0,STOP,"Caculo Mall, 16 Shanta, St Inez Rd, Caculo Enclave, Santa Inez, Panaji, Goa (NW)",Fire Force Headquarters
2026-01-17T01:28:49.354Z,GA 07 G 0680-PIL(QUICK RESPONSE VEHICLE),15.52289,73.8294267,0,STOP,At Porvorim Fire Station,Fire Station Pilerne
2026-01-17T01:28:49.354Z,GA07G2506 - OLG Mid Size (Water Tender),15.500308,73.91407,0,STOP,At Fire Station Old Goa,Fire Station Old Goa
2026-01-17T01:28:49.354Z,GA 07 G 5115-POR(MINI WATER TENDER),15.52334,73.829453,0,STOP,At Porvorim Fire Station,Fire Station Porvorim
2026-01-17T01:28:49.354Z,GA 07 G 0350-MRG(WATER TENDER),15.269438,73.970627,0,STOP,At Fire Station Margoa,Fire Station Margao
2026-01-17T01:28:49.354Z,GA 07 G 2900-MAP(MINI RESCUE TENDER),15.58999,73.808624,0,STOP,At Fire Station Mapusa,Fire Station Mapusa
2026-01-17T01:28:49.354Z,GA 07 G 7600-FFHQ(WATER BOUSER),15.486372,73.817223,0,IDLE,At Fire Station panaji,Fire Force Headquarters
2026-01-17T01:28:49.354Z,GA 07 G 2002-FFHQ(TURN TABLE LADDER),15.487413,73.817276,0,STOP,"Caculo Mall, 16 Shanta, St Inez Rd, Caculo Enclave, Santa Inez, Panaji, Goa (NW)",Fire Force Headquarters
2026-01-17T01:28:49.354Z,GA 07 G 7101-FFHQ(WATER TENDER),15.48689,73.817017,0,RUNNING,"Caculo Mall, 16 Shanta, St Inez Rd, Caculo Enclave, Santa Inez, Panaji, Goa (NW)",Fire Force Headquarters
2026-01-17T01:28:49.354Z,GA 07 G 7677-FFHQ(EMERGENCY RESCUE),15.487057,73.816986,0,STOP,"Caculo Mall, 16 Shanta, St Inez Rd, Caculo Enclave, Santa Inez, Panaji, Goa (NW)",Fire Force Headquarters
2026-01-17T01:28:49.354Z,GA 07 G 1121-PNJ(EMERGENCY RESCUE),15.487333,73.817299,0,STOP,"Caculo Mall, 16 Shanta, St Inez Rd, Caculo Enclave, Santa Inez, Panaji, Goa (NW)",Fire Station Panaji
2026-01-17T01:28:49.354Z,GA 07 G 1571-FFHQ(QUICK RESPONSE),15.486457,73.817513,0,STOP,"Caculo Mall, 16 Shanta, St Inez Rd, Caculo Enclave, Santa Inez, Panaji, Goa (SW)",Fire Force Headquarters
2026-01-17T01:28:49.354Z,GA 07 G 8101-MAP(WATER TENDER),15.589972,73.808624,0,STOP,At Fire Station Mapusa,Fire Station Mapusa
2026-01-17T01:28:49.354Z,GA 07 G 2317-MRG(EMERGENCY RESCUE TENDER),15.2694116,73.9701666,0,STOP,At Fire Station Margoa,Fire Station Margao
2026-01-17T01:28:49.354Z,GA 07 G 1570-VAS(QUICK RESPONSE FIRE TENDER),15.3887733,73.8513266,0,STOP,At Fire Station Vasco,Fire Station Vasco
2026-01-17T01:28:49.354Z,GA 07 G 4101-VAS(MS WATER TENDER),15.3888166,73.851285,0,STOP,At Fire Station Vasco,Fire Station Vasco
2026-01-17T01:28:49.354Z,GA 07 G 0819-VAS(WATER/FOAM TENDER),15.3910467,73.8536533,47,RUNNING,"Zuari Rd, Dabolim, Goa (NW)",Fire Station Vasco
2026-01-17T01:28:49.354Z,GA 07 G 7100-MRG(WATER BOUSER),15.269415,73.969995,0,STOP,At Fire Station Margoa,Fire Station Margao
2026-01-17T01:28:49.354Z,GA 07 G 1568-MRG(QUICK RESPONSE ),15.2693416,73.9705166,0,STOP,At Fire Station Margoa,Fire Station Margao
2026-01-17T01:28:49.354Z,GA 07 G 6101-MRG(WATER TENDER),15.2694116,73.970255,0,STOP,At Fire Station Margoa,Fire Station Margao
2026-01-17T01:28:49.354Z,GA 07 G 1001-MRG(AERIAL LADDER PLATFORM),15.26938,73.9701583,0,STOP,At Fire Station Margoa,Fire Station Margao
2026-01-17T01:28:49.354Z,GA 07 G 0820-BIC(WATER TEDNER),15.4027967,74.0028217,0,STOP,At Fire Station Ponda ,Fire Station Bicholim
2026-01-17T01:28:49.354Z,GA 07 G 5101-OLG(MS WATER TENDER),15.500265,73.9139483,0,STOP,At Fire Station Old Goa,Fire Station Old Goa
2026-01-17T01:28:49.354Z,GA 07 G 3101-BIC(MS WATER TENDER),15.58926,73.9469083,0,STOP,At Fire Station Bicholim ,Fire Station Bicholim
2026-01-17T01:28:49.354Z,GA 07 G 1941-BIC(QUICK RESPONSE),15.5894533,73.9467116,0,STOP,At Fire Station Bicholim ,Fire Station Bicholim
2026-01-17T01:28:49.354Z,GA 07 G 2319-VAS (EMERGENCY RESCUE TENDER),15.3900983,73.8532383,0,STOP,"Zuari Rd, Holy Cross Colony, Dabolim, Goa (SE)",Fire Station Vasco
2026-01-17T01:28:49.354Z,GA 07 G 3737-VAP(WATER TENDER),15.5310533,74.1388916,0,STOP,At Fire Station Valpoi ,Fire Station Valpoi
2026-01-17T01:28:49.354Z,GA 07 G 2318-PND(EMERGENCY RESCUE TENDER),15.4028033,74.00293,0,STOP,At Fire Station Ponda ,Fire Station Ponda
2026-01-17T01:28:49.354Z,GA 07 G 2004-PND(QUICK RESPONSE),15.4141016,73.9073083,0,INACTIVE,"Guru Hotel, Old Ferry Road, Agaçaim, Goa (SE)",Fire Station Ponda
2026-01-17T01:28:49.354Z,GA 07 G 9101-PND(WATER TENDER),15.4027033,74.0028733,0,STOP,At Fire Station Ponda ,Fire Station Ponda
2026-01-17T01:28:49.354Z,GA 07 G 9797-PND(WATER BOUSER),15.4027999,74.0027016,0,STOP,At Fire Station Ponda ,Fire Station Ponda
2026-01-17T01:28:49.354Z,GA 07 G 6363-CAN(WATER TENDER),15.02361,74.04406,0,INACTIVE,"Canacona, The Lalitrajbaga ,Canacona, Canacona, Goa (NE)",Fire Station Canacona
2026-01-17T01:28:49.354Z,GA 07 G 1567-CAN(QUICK RESPONSE FT),15.0233599,74.0440833,0,INACTIVE,"Canacona, The Lalitrajbaga ,Canacona, Canacona, Goa (NE)",Fire Station Canacona
2026-01-17T01:28:49.354Z,GA 07 G 1569-VRN(QUICK RESPONSE),15.369545,73.9355216,0,STOP,At Fire Station Verna,Fire Station Verna
2026-01-17T01:28:49.354Z,GA 07 G 9909-VRN(ADVANCE MULTI-PURPOSE),15.36974,73.9360833,0,STOP,At Fire Station Verna,Fire Station Verna
2026-01-17T01:28:49.354Z,GA 07 G 1942-VAP(QUICK RESPONSE),15.5310033,74.138745,0,STOP,At Fire Station Valpoi ,Fire Station Valpoi
2026-01-17T01:28:49.354Z,GA 07 G 2003-CUR(QUICK RESPONSE),15.2604016,74.1031166,0,STOP,At Fire Station Curchorem,Fire Station Curchorem
2026-01-17T01:28:49.354Z,GA 07 G 7447-CUR(EMERGENCY RESCUE),15.260415,74.10376,0,STOP,At Fire Station Curchorem,Fire Station Curchorem
2026-01-17T01:28:49.354Z,GA 07 G 7557-CUR(WATER TENDER),15.2604083,74.1034266,0,STOP,At Fire Station Curchorem,Fire Station Curchorem
2026-01-17T01:28:49.354Z,GA 07 G 7667-CUR(WATER BOUSER),15.2602533,74.1037266,0,STOP,At Fire Station Curchorem,Fire Station Curchorem
2026-01-17T01:28:49.354Z,GA 07 G 4989-KUN(WATER TENDER),15.4632383,73.9724617,0,STOP,At Fire Station Kundaim,Fire Station Kundaim
2026-01-17T01:28:49.354Z,GA 07 G 2242-PIL(WATER TENDER),15.5329344,73.7940983,0,STOP,At Fire Station Pilerne,Fire Station Pilerne
2026-01-17T01:28:49.354Z,GA 07 G 0681-MAP(QUICK RESPONSE),15.58978,73.808805,0,STOP,At Fire Station Mapusa,Fire Station Mapusa
2026-01-17T01:28:49.354Z,GA 07 G 0307-PER(QUICK RESPONSE),15.7164939,73.7974239,0,INACTIVE,At Fire Station Pernem,Fire Station Pernem
2026-01-17T01:28:49.354Z,GA 07 G 2101-PER(MS WATER TENDER),15.7164572,73.7975456,0,STOP,At Fire Station Pernem,Fire Station Pernem
2026-01-17T01:28:49.354Z,GA 07 G 4600-PER(MINI RESCUE TENDER),15.7165267,73.7975289,0,STOP,At Fire Station Pernem,Fire Station Pernem
2026-01-17T01:28:49.354Z,GA 07 G 7272-PNJ(WATER TENDER),15.4880722,73.8173878,0,STOP,"Goa College of Home Science, Dayanand Bandodkar Road, Opposite Parade Ground Campal,, Panaji, Goa (SE)",Fire Station Panaji
2026-01-17T01:28:49.354Z,GA07G2384- Cuncolim,15.1861639,74.0211006,0,STOP,At Fire Station Cuncolim,Fire Station Cuncolim
2026-01-17T01:28:49.354Z,GA07G2507 - PER Mid Size (Water Tender),15.716485,73.7975017,0,IDLE,At Fire Station Pernem,Fire Station Pernem
2026-01-17T01:28:49.354Z,GA07G2505 - VAP Mid Size (Water Tender),15.5291267,73.9748283,54,RUNNING,"Amona, Amona, Goa (SE)",Fire Station Valpoi
2026-01-17T01:28:49.354Z,GA07G2504 - BIC Mid Size (Water Tender),15.589485,73.9466967,0,STOP,At Fire Station Bicholim ,Fire Station Bicholim
2026-01-17T01:28:49.354Z,GA07G2503- MAP Mid Size (Water Tender),15.5899483,73.808635,0,STOP,At Fire Station Mapusa,Fire Station Mapusa
2026-01-17T01:28:49.354Z,GA07G2502 - FFHQ Mid Size (Water Tender),15.4868,73.8171867,0,STOP,"Caculo Mall, 16 Shanta, St Inez Rd, Caculo Enclave, Santa Inez, Panaji, Goa (NW)",Fire Force Headquarters
2026-01-17T01:29:37.221Z,GA 07 G 0680-PIL(QUICK RESPONSE VEHICLE),15.52289,73.8294267,0,STOP,At Porvorim Fire Station,Fire Station Pilerne
2026-01-17T01:29:37.221Z,GA07G2506 - OLG Mid Size (Water Tender),15.500308,73.91407,0,STOP,At Fire Station Old Goa,Fire Station Old Goa
2026-01-17T01:29:37.221Z,GA 07 G 5115-POR(MINI WATER TENDER),15.52334,73.829453,0,STOP,At Porvorim Fire Station,Fire Station Porvorim
2026-01-17T01:29:37.221Z,GA 07 G 0350-MRG(WATER TENDER),15.269438,73.970627,0,STOP,At Fire Station Margoa,Fire Station Margao
2026-01-17T01:29:37.221Z,GA 07 G 2900-MAP(MINI RESCUE TENDER),15.58999,73.808624,0,STOP,At Fire Station Mapusa,Fire Station Mapusa
2026-01-17T01:29:37.221Z,GA 07 G 7600-FFHQ(WATER BOUSER),15.486378,73.81723,0,IDLE,At Fire Station panaji,Fire Force Headquarters
2026-01-17T01:29:37.221Z,GA 07 G 2002-FFHQ(TURN TABLE LADDER),15.487413,73.817276,0,STOP,"Caculo Mall, 16 Shanta, St Inez Rd, Caculo Enclave, Santa Inez, Panaji, Goa (NW)",Fire Force Headquarters
2026-01-17T01:29:37.221Z,GA 07 G 7101-FFHQ(WATER TENDER),15.486725,73.817375,0,RUNNING,"Caculo Mall, 16 Shanta, St Inez Rd, Caculo Enclave, Santa Inez, Panaji, Goa (NW)",Fire Force Headquarters
2026-01-17T01:29:37.221Z,GA 07 G 7677-FFHQ(EMERGENCY RESCUE),15.487057,73.816986,0,STOP,"Caculo Mall, 16 Shanta, St Inez Rd, Caculo Enclave, Santa Inez, Panaji, Goa (NW)",Fire Force Headquarters
2026-01-17T01:29:37.221Z,GA 07 G 1121-PNJ(EMERGENCY RESCUE),15.487333,73.817299,0,STOP,"Caculo Mall, 16 Shanta, St Inez Rd, Caculo Enclave, Santa Inez, Panaji, Goa (NW)",Fire Station Panaji
2026-01-17T01:29:37.221Z,GA 07 G 1571-FFHQ(QUICK RESPONSE),15.486457,73.817513,0,STOP,"Caculo Mall, 16 Shanta, St Inez Rd, Caculo Enclave, Santa Inez, Panaji, Goa (SW)",Fire Force Headquarters
2026-01-17T01:29:37.221Z,GA 07 G 8101-MAP(WATER TENDER),15.589972,73.808624,0,STOP,At Fire Station Mapusa,Fire Station Mapusa
2026-01-17T01:29:37.221Z,GA 07 G 2317-MRG(EMERGENCY RESCUE TENDER),15.2694116,73.9701666,0,STOP,At Fire Station Margoa,Fire Station Margao
2026-01-17T01:29:37.221Z,GA 07 G 1570-VAS(QUICK RESPONSE FIRE TENDER),15.3887733,73.8513266,0,STOP,At Fire Station Vasco,Fire Station Vasco
2026-01-17T01:29:37.221Z,GA 07 G 4101-VAS(MS WATER TENDER),15.3888166,73.851285,0,STOP,At Fire Station Vasco,Fire Station Vasco
2026-01-17T01:29:37.221Z,GA 07 G 0819-VAS(WATER/FOAM TENDER),15.390075,73.8550867,36,RUNNING,"Dabolim Crust, NH 17B, Vidhyanagar Colony, Mormugao, Goa (SW)",Fire Station Vasco
2026-01-17T01:29:37.221Z,GA 07 G 7100-MRG(WATER BOUSER),15.269415,73.969995,0,STOP,At Fire Station Margoa,Fire Station Margao
2026-01-17T01:29:37.221Z,GA 07 G 1568-MRG(QUICK RESPONSE ),15.2693416,73.9705166,0,STOP,At Fire Station Margoa,Fire Station Margao
2026-01-17T01:29:37.221Z,GA 07 G 6101-MRG(WATER TENDER),15.2694116,73.970255,0,STOP,At Fire Station Margoa,Fire Station Margao
2026-01-17T01:29:37.221Z,GA 07 G 1001-MRG(AERIAL LADDER PLATFORM),15.26938,73.9701583,0,STOP,At Fire Station Margoa,Fire Station Margao
2026-01-17T01:29:37.221Z,GA 07 G 0820-BIC(WATER TEDNER),15.4027967,74.0028217,0,STOP,At Fire Station Ponda ,Fire Station Bicholim
2026-01-17T01:29:37.221Z,GA 07 G 5101-OLG(MS WATER TENDER),15.500265,73.9139483,0,STOP,At Fire Station Old Goa,Fire Station Old Goa
2026-01-17T01:29:37.221Z,GA 07 G 3101-BIC(MS WATER TENDER),15.58926,73.9469083,1,STOP,At Fire Station Bicholim ,Fire Station Bicholim
2026-01-17T01:29:37.221Z,GA 07 G 1941-BIC(QUICK RESPONSE),15.5894533,73.9467116,0,STOP,At Fire Station Bicholim ,Fire Station Bicholim
2026-01-17T01:29:37.221Z,GA 07 G 2319-VAS (EMERGENCY RESCUE TENDER),15.3900983,73.8532383,0,STOP,"Zuari Rd, Holy Cross Colony, Dabolim, Goa (SE)",Fire Station Vasco
2026-01-17T01:29:37.221Z,GA 07 G 3737-VAP(WATER TENDER),15.5310533,74.1388916,0,STOP,At Fire Station Valpoi ,Fire Station Valpoi
2026-01-17T01:29:37.221Z,GA 07 G 2318-PND(EMERGENCY RESCUE TENDER),15.4028033,74.00293,0,STOP,At Fire Station Ponda ,Fire Station Ponda
2026-01-17T01:29:37.221Z,GA 07 G 2004-PND(QUICK RESPONSE),15.4141016,73.9073083,0,INACTIVE,"Guru Hotel, Old Ferry Road, Agaçaim, Goa (SE)",Fire Station Ponda
2026-01-17T01:29:37.221Z,GA 07 G 9101-PND(WATER TENDER),15.4027033,74.0028733,0,STOP,At Fire Station Ponda ,Fire Station Ponda
2026-01-17T01:29:37.221Z,GA 07 G 9797-PND(WATER BOUSER),15.4027999,74.0027016,0,STOP,At Fire Station Ponda ,Fire Station Ponda
2026-01-17T01:29:37.221Z,GA 07 G 6363-CAN(WATER TENDER),15.02361,74.04406,0,INACTIVE,"Canacona, The Lalitrajbaga ,Canacona, Canacona, Goa (NE)",Fire Station Canacona
2026-01-17T01:29:37.221Z,GA 07 G 1567-CAN(QUICK RESPONSE FT),15.0233599,74.0440833,0,INACTIVE,"Canacona, The Lalitrajbaga ,Canacona, Canacona, Goa (NE)",Fire Station Canacona
2026-01-17T01:29:37.221Z,GA 07 G 1569-VRN(QUICK RESPONSE),15.369545,73.9355216,0,STOP,At Fire Station Verna,Fire Station Verna
2026-01-17T01:29:37.221Z,GA 07 G 9909-VRN(ADVANCE MULTI-PURPOSE),15.36974,73.9360833,0,STOP,At Fire Station Verna,Fire Station Verna
2026-01-17T01:29:37.221Z,GA 07 G 1942-VAP(QUICK RESPONSE),15.5310033,74.138745,0,STOP,At Fire Station Valpoi ,Fire Station Valpoi
2026-01-17T01:29:37.221Z,GA 07 G 2003-CUR(QUICK RESPONSE),15.2604016,74.1031166,0,STOP,At Fire Station Curchorem,Fire Station Curchorem
2026-01-17T01:29:37.221Z,GA 07 G 7447-CUR(EMERGENCY RESCUE),15.260415,74.10376,0,STOP,At Fire Station Curchorem,Fire Station Curchorem
2026-01-17T01:29:37.221Z,GA 07 G 7557-CUR(WATER TENDER),15.2604083,74.1034266,0,STOP,At Fire Station Curchorem,Fire Station Curchorem
2026-01-17T01:29:37.221Z,GA 07 G 7667-CUR(WATER BOUSER),15.2602533,74.1037266,0,STOP,At Fire Station Curchorem,Fire Station Curchorem
2026-01-17T01:29:37.221Z,GA 07 G 4989-KUN(WATER TENDER),15.4632383,73.9724617,0,STOP,At Fire Station Kundaim,Fire Station Kundaim
2026-01-17T01:29:37.221Z,GA 07 G 2242-PIL(WATER TENDER),15.5329344,73.7940983,0,STOP,At Fire Station Pilerne,Fire Station Pilerne
2026-01-17T01:29:37.221Z,GA 07 G 0681-MAP(QUICK RESPONSE),15.58978,73.808805,0,STOP,At Fire Station Mapusa,Fire Station Mapusa
2026-01-17T01:29:37.221Z,GA 07 G 0307-PER(QUICK RESPONSE),15.7164939,73.7974239,0,INACTIVE,At Fire Station Pernem,Fire Station Pernem
2026-01-17T01:29:37.221Z,GA 07 G 2101-PER(MS WATER TENDER),15.7164572,73.7975456,0,STOP,At Fire Station Pernem,Fire Station Pernem
2026-01-17T01:29:37.221Z,GA 07 G 4600-PER(MINI RESCUE TENDER),15.7165267,73.7975289,0,STOP,At Fire Station Pernem,Fire Station Pernem
2026-01-17T01:29:37.221Z,GA 07 G 7272-PNJ(WATER TENDER),15.4880722,73.8173878,0,STOP,"Goa College of Home Science, Dayanand Bandodkar Road, Opposite Parade Ground Campal,, Panaji, Goa (SE)",Fire Station Panaji
2026-01-17T01:29:37.221Z,GA07G2384- Cuncolim,15.1861639,74.0211006,0,STOP,At Fire Station Cuncolim,Fire Station Cuncolim
2026-01-17T01:29:37.221Z,GA07G2507 - PER Mid Size (Water Tender),15.716485,73.7975017,0,IDLE,At Fire Station Pernem,Fire Station Pernem
2026-01-17T01:29:37.221Z,GA07G2505 - VAP Mid Size (Water Tender),15.5276933,73.9690517,42,RUNNING,"H. No 370 Jaidwada Khandola marcela, Candola, Goa (NE)",Fire Station Valpoi
2026-01-17T01:29:37.221Z,GA07G2504 - BIC Mid Size (Water Tender),15.589485,73.9466967,0,STOP,At Fire Station Bicholim ,Fire Station Bicholim
2026-01-17T01:29:37.221Z,GA07G2503- MAP Mid Size (Water Tender),15.5899483,73.808635,0,STOP,At Fire Station Mapusa,Fire Station Mapusa
2026-01-17T01:29:37.221Z,GA07G2502 - FFHQ Mid Size (Water Tender),15.4868,73.8171867,0,STOP,"Caculo Mall, 16 Shanta, St Inez Rd, Caculo Enclave, Santa Inez, Panaji, Goa (NW)",Fire Force Headquarters
2026-01-17T01:30:50.555Z,GA 07 G 0680-PIL(QUICK RESPONSE VEHICLE),15.52289,73.8294267,0,STOP,At Porvorim Fire Station,Fire Station Pilerne
2026-01-17T01:30:50.555Z,GA07G2506 - OLG Mid Size (Water Tender),15.500308,73.91407,0,STOP,At Fire Station Old Goa,Fire Station Old Goa
2026-01-17T01:30:50.555Z,GA 07 G 5115-POR(MINI WATER TENDER),15.52334,73.829453,0,STOP,At Porvorim Fire Station,Fire Station Porvorim
2026-01-17T01:30:50.555Z,GA 07 G 0350-MRG(WATER TENDER),15.269438,73.970627,0,STOP,At Fire Station Margoa,Fire Station Margao
2026-01-17T01:30:50.555Z,GA 07 G 2900-MAP(MINI RESCUE TENDER),15.58999,73.808624,0,STOP,At Fire Station Mapusa,Fire Station Mapusa
2026-01-17T01:30:50.555Z,GA 07 G 7600-FFHQ(WATER BOUSER),15.48641,73.817268,0,IDLE,At Fire Station panaji,Fire Force Headquarters
2026-01-17T01:30:50.555Z,GA 07 G 2002-FFHQ(TURN TABLE LADDER),15.487413,73.817276,0,STOP,"Caculo Mall, 16 Shanta, St Inez Rd, Caculo Enclave, Santa Inez, Panaji, Goa (NW)",Fire Force Headquarters
2026-01-17T01:30:50.555Z,GA 07 G 7101-FFHQ(WATER TENDER),15.4854,73.816483,7,RUNNING,At Fire Station panaji,Fire Force Headquarters
2026-01-17T01:30:50.555Z,GA 07 G 7677-FFHQ(EMERGENCY RESCUE),15.487057,73.816986,0,STOP,"Caculo Mall, 16 Shanta, St Inez Rd, Caculo Enclave, Santa Inez, Panaji, Goa (NW)",Fire Force Headquarters
2026-01-17T01:30:50.555Z,GA 07 G 1121-PNJ(EMERGENCY RESCUE),15.487333,73.817299,0,STOP,"Caculo Mall, 16 Shanta, St Inez Rd, Caculo Enclave, Santa Inez, Panaji, Goa (NW)",Fire Station Panaji
2026-01-17T01:30:50.555Z,GA 07 G 1571-FFHQ(QUICK RESPONSE),15.486457,73.817513,0,STOP,"Caculo Mall, 16 Shanta, St Inez Rd, Caculo Enclave, Santa Inez, Panaji, Goa (SW)",Fire Force Headquarters
2026-01-17T01:30:50.555Z,GA 07 G 8101-MAP(WATER TENDER),15.589972,73.808624,0,STOP,At Fire Station Mapusa,Fire Station Mapusa
2026-01-17T01:30:50.555Z,GA 07 G 2317-MRG(EMERGENCY RESCUE TENDER),15.2694116,73.9701666,0,STOP,At Fire Station Margoa,Fire Station Margao
2026-01-17T01:30:50.555Z,GA 07 G 1570-VAS(QUICK RESPONSE FIRE TENDER),15.3887733,73.8513266,0,STOP,At Fire Station Vasco,Fire Station Vasco
2026-01-17T01:30:50.555Z,GA 07 G 4101-VAS(MS WATER TENDER),15.3888166,73.851285,0,STOP,At Fire Station Vasco,Fire Station Vasco
2026-01-17T01:30:50.555Z,GA 07 G 0819-VAS(WATER/FOAM TENDER),15.387525,73.8635983,27,RUNNING,"Canara Bank Zuarinagar Branch, Zuarinagar, Sancoale, Goa (SW)",Fire Station Vasco
2026-01-17T01:30:50.555Z,GA 07 G 7100-MRG(WATER BOUSER),15.269415,73.969995,0,STOP,At Fire Station Margoa,Fire Station Margao
2026-01-17T01:30:50.555Z,GA 07 G 1568-MRG(QUICK RESPONSE ),15.2693416,73.9705166,0,STOP,At Fire Station Margoa,Fire Station Margao
2026-01-17T01:30:50.555Z,GA 07 G 6101-MRG(WATER TENDER),15.2694116,73.970255,0,STOP,At Fire Station Margoa,Fire Station Margao
2026-01-17T01:30:50.555Z,GA 07 G 1001-MRG(AERIAL LADDER PLATFORM),15.26938,73.9701583,0,STOP,At Fire Station Margoa,Fire Station Margao
2026-01-17T01:30:50.555Z,GA 07 G 0820-BIC(WATER TEDNER),15.4027967,74.0028217,0,STOP,At Fire Station Ponda ,Fire Station Bicholim
2026-01-17T01:30:50.555Z,GA 07 G 5101-OLG(MS WATER TENDER),15.500265,73.9139483,0,STOP,At Fire Station Old Goa,Fire Station Old Goa
2026-01-17T01:30:50.555Z,GA 07 G 3101-BIC(MS WATER TENDER),15.58926,73.9469083,0,STOP,At Fire Station Bicholim ,Fire Station Bicholim
2026-01-17T01:30:50.555Z,GA 07 G 1941-BIC(QUICK RESPONSE),15.5894533,73.9467116,0,STOP,At Fire Station Bicholim ,Fire Station Bicholim
2026-01-17T01:30:50.555Z,GA 07 G 2319-VAS (EMERGENCY RESCUE TENDER),15.3900983,73.8532383,0,STOP,"Zuari Rd, Holy Cross Colony, Dabolim, Goa (SE)",Fire Station Vasco
2026-01-17T01:30:50.555Z,GA 07 G 3737-VAP(WATER TENDER),15.5310533,74.1388916,0,STOP,At Fire Station Valpoi ,Fire Station Valpoi
2026-01-17T01:30:50.555Z,GA 07 G 2318-PND(EMERGENCY RESCUE TENDER),15.4028033,74.00293,0,STOP,At Fire Station Ponda ,Fire Station Ponda
2026-01-17T01:30:50.555Z,GA 07 G 2004-PND(QUICK RESPONSE),15.4141016,73.9073083,0,INACTIVE,"Guru Hotel, Old Ferry Road, Agaçaim, Goa (SE)",Fire Station Ponda
2026-01-17T01:30:50.555Z,GA 07 G 9101-PND(WATER TENDER),15.4027033,74.0028733,0,STOP,At Fire Station Ponda ,Fire Station Ponda
2026-01-17T01:30:50.555Z,GA 07 G 9797-PND(WATER BOUSER),15.4027999,74.0027016,0,STOP,At Fire Station Ponda ,Fire Station Ponda
2026-01-17T01:30:50.555Z,GA 07 G 6363-CAN(WATER TENDER),15.02361,74.04406,0,INACTIVE,"Canacona, The Lalitrajbaga ,Canacona, Canacona, Goa (NE)",Fire Station Canacona
2026-01-17T01:30:50.555Z,GA 07 G 1567-CAN(QUICK RESPONSE FT),15.0233599,74.0440833,0,INACTIVE,"Canacona, The Lalitrajbaga ,Canacona, Canacona, Goa (NE)",Fire Station Canacona
2026-01-17T01:30:50.555Z,GA 07 G 1569-VRN(QUICK RESPONSE),15.369545,73.9355216,0,STOP,At Fire Station Verna,Fire Station Verna
2026-01-17T01:30:50.555Z,GA 07 G 9909-VRN(ADVANCE MULTI-PURPOSE),15.36974,73.9360833,0,STOP,At Fire Station Verna,Fire Station Verna
2026-01-17T01:30:50.555Z,GA 07 G 1942-VAP(QUICK RESPONSE),15.5310033,74.138745,0,STOP,At Fire Station Valpoi ,Fire Station Valpoi
2026-01-17T01:30:50.555Z,GA 07 G 2003-CUR(QUICK RESPONSE),15.2604016,74.1031166,0,STOP,At Fire Station Curchorem,Fire Station Curchorem
2026-01-17T01:30:50.555Z,GA 07 G 7447-CUR(EMERGENCY RESCUE),15.260415,74.10376,0,STOP,At Fire Station Curchorem,Fire Station Curchorem
2026-01-17T01:30:50.555Z,GA 07 G 7557-CUR(WATER TENDER),15.2604083,74.1034266,0,STOP,At Fire Station Curchorem,Fire Station Curchorem
2026-01-17T01:30:50.555Z,GA 07 G 7667-CUR(WATER BOUSER),15.2602533,74.1037266,0,STOP,At Fire Station Curchorem,Fire Station Curchorem
2026-01-17T01:30:50.555Z,GA 07 G 4989-KUN(WATER TENDER),15.4632383,73.9724617,0,STOP,At Fire Station Kundaim,Fire Station Kundaim
2026-01-17T01:30:50.555Z,GA 07 G 2242-PIL(WATER TENDER),15.5329344,73.7940983,0,STOP,At Fire Station Pilerne,Fire Station Pilerne
2026-01-17T01:30:50.555Z,GA 07 G 0681-MAP(QUICK RESPONSE),15.58978,73.808805,0,IDLE,At Fire Station Mapusa,Fire Station Mapusa
2026-01-17T01:30:50.555Z,GA 07 G 0307-PER(QUICK RESPONSE),15.7164939,73.7974239,0,INACTIVE,At Fire Station Pernem,Fire Station Pernem
2026-01-17T01:30:50.555Z,GA 07 G 2101-PER(MS WATER TENDER),15.7164572,73.7975456,0,STOP,At Fire Station Pernem,Fire Station Pernem
2026-01-17T01:30:50.555Z,GA 07 G 4600-PER(MINI RESCUE TENDER),15.7165267,73.7975289,0,STOP,At Fire Station Pernem,Fire Station Pernem
2026-01-17T01:30:50.555Z,GA 07 G 7272-PNJ(WATER TENDER),15.4880722,73.8173878,0,STOP,"Goa College of Home Science, Dayanand Bandodkar Road, Opposite Parade Ground Campal,, Panaji, Goa (SE)",Fire Station Panaji
2026-01-17T01:30:50.555Z,GA07G2384- Cuncolim,15.1861639,74.0211006,0,STOP,At Fire Station Cuncolim,Fire Station Cuncolim
2026-01-17T01:30:50.555Z,GA07G2507 - PER Mid Size (Water Tender),15.7172383,73.79895,33,RUNNING,At Fire Station Pernem,Fire Station Pernem
2026-01-17T01:30:50.555Z,GA07G2505 - VAP Mid Size (Water Tender),15.5226217,73.9651283,34,RUNNING,"Sateri Temple Khandola, Candola, Goa (NE)",Fire Station Valpoi
2026-01-17T01:30:50.555Z,GA07G2504 - BIC Mid Size (Water Tender),15.589485,73.9466967,0,STOP,At Fire Station Bicholim ,Fire Station Bicholim
2026-01-17T01:30:50.555Z,GA07G2503- MAP Mid Size (Water Tender),15.5899483,73.808635,0,STOP,At Fire Station Mapusa,Fire Station Mapusa
2026-01-17T01:30:50.555Z,GA07G2502 - FFHQ Mid Size (Water Tender),15.4868,73.8171867,0,STOP,"Caculo Mall, 16 Shanta, St Inez Rd, Caculo Enclave, Santa Inez, Panaji, Goa (NW)",Fire Force Headquarters
2026-01-17T01:31:46.026Z,GA 07 G 0680-PIL(QUICK RESPONSE VEHICLE),15.52289,73.8294267,0,STOP,At Porvorim Fire Station,Fire Station Pilerne
2026-01-17T01:31:46.026Z,GA07G2506 - OLG Mid Size (Water Tender),15.500308,73.91407,0,STOP,At Fire Station Old Goa,Fire Station Old Goa
2026-01-17T01:31:46.026Z,GA 07 G 5115-POR(MINI WATER TENDER),15.52334,73.829453,0,STOP,At Porvorim Fire Station,Fire Station Porvorim
2026-01-17T01:31:46.026Z,GA 07 G 0350-MRG(WATER TENDER),15.269438,73.970627,0,STOP,At Fire Station Margoa,Fire Station Margao
2026-01-17T01:31:46.026Z,GA 07 G 2900-MAP(MINI RESCUE TENDER),15.58999,73.808624,0,STOP,At Fire Station Mapusa,Fire Station Mapusa
2026-01-17T01:31:46.026Z,GA 07 G 7600-FFHQ(WATER BOUSER),15.486418,73.817261,0,IDLE,At Fire Station panaji,Fire Force Headquarters
2026-01-17T01:31:46.026Z,GA 07 G 2002-FFHQ(TURN TABLE LADDER),15.487413,73.817276,0,STOP,"Caculo Mall, 16 Shanta, St Inez Rd, Caculo Enclave, Santa Inez, Panaji, Goa (NW)",Fire Force Headquarters
2026-01-17T01:31:46.026Z,GA 07 G 7101-FFHQ(WATER TENDER),15.486,73.816666,0,RUNNING,At Fire Station panaji,Fire Force Headquarters
2026-01-17T01:31:46.026Z,GA 07 G 7677-FFHQ(EMERGENCY RESCUE),15.487057,73.816986,0,STOP,"Caculo Mall, 16 Shanta, St Inez Rd, Caculo Enclave, Santa Inez, Panaji, Goa (NW)",Fire Force Headquarters
2026-01-17T01:31:46.026Z,GA 07 G 1121-PNJ(EMERGENCY RESCUE),15.487333,73.817299,0,STOP,"Caculo Mall, 16 Shanta, St Inez Rd, Caculo Enclave, Santa Inez, Panaji, Goa (NW)",Fire Station Panaji
2026-01-17T01:31:46.026Z,GA 07 G 1571-FFHQ(QUICK RESPONSE),15.486457,73.817513,0,STOP,"Caculo Mall, 16 Shanta, St Inez Rd, Caculo Enclave, Santa Inez, Panaji, Goa (SW)",Fire Force Headquarters
2026-01-17T01:31:46.026Z,GA 07 G 8101-MAP(WATER TENDER),15.589972,73.808624,0,STOP,At Fire Station Mapusa,Fire Station Mapusa
2026-01-17T01:31:46.026Z,GA 07 G 2317-MRG(EMERGENCY RESCUE TENDER),15.2694116,73.9701666,0,STOP,At Fire Station Margoa,Fire Station Margao
2026-01-17T01:31:46.026Z,GA 07 G 1570-VAS(QUICK RESPONSE FIRE TENDER),15.3887733,73.8513266,0,STOP,At Fire Station Vasco,Fire Station Vasco
2026-01-17T01:31:46.026Z,GA 07 G 4101-VAS(MS WATER TENDER),15.3888166,73.851285,0,STOP,At Fire Station Vasco,Fire Station Vasco
2026-01-17T01:31:46.026Z,GA 07 G 0819-VAS(WATER/FOAM TENDER),15.3862733,73.869995,33,RUNNING,"976/1, Zari, ZUARINAGAR, Goa (NE)",Fire Station Vasco
2026-01-17T01:31:46.026Z,GA 07 G 7100-MRG(WATER BOUSER),15.269415,73.969995,0,STOP,At Fire Station Margoa,Fire Station Margao
2026-01-17T01:31:46.026Z,GA 07 G 1568-MRG(QUICK RESPONSE ),15.2693416,73.9705166,0,STOP,At Fire Station Margoa,Fire Station Margao
2026-01-17T01:31:46.026Z,GA 07 G 6101-MRG(WATER TENDER),15.2694116,73.970255,0,STOP,At Fire Station Margoa,Fire Station Margao
2026-01-17T01:31:46.026Z,GA 07 G 1001-MRG(AERIAL LADDER PLATFORM),15.26938,73.9701583,0,STOP,At Fire Station Margoa,Fire Station Margao
2026-01-17T01:31:46.026Z,GA 07 G 0820-BIC(WATER TEDNER),15.4027967,74.0028217,0,STOP,At Fire Station Ponda ,Fire Station Bicholim
2026-01-17T01:31:46.026Z,GA 07 G 5101-OLG(MS WATER TENDER),15.500265,73.9139483,0,STOP,At Fire Station Old Goa,Fire Station Old Goa
2026-01-17T01:31:46.026Z,GA 07 G 3101-BIC(MS WATER TENDER),15.58926,73.9469083,4,STOP,At Fire Station Bicholim ,Fire Station Bicholim
2026-01-17T01:31:46.026Z,GA 07 G 1941-BIC(QUICK RESPONSE),15.5894533,73.9467116,0,STOP,At Fire Station Bicholim ,Fire Station Bicholim
2026-01-17T01:31:46.026Z,GA 07 G 2319-VAS (EMERGENCY RESCUE TENDER),15.3900983,73.8532383,0,STOP,"Zuari Rd, Holy Cross Colony, Dabolim, Goa (SE)",Fire Station Vasco
2026-01-17T01:31:46.026Z,GA 07 G 3737-VAP(WATER TENDER),15.5310533,74.1388916,0,STOP,At Fire Station Valpoi ,Fire Station Valpoi
2026-01-17T01:31:46.026Z,GA 07 G 2318-PND(EMERGENCY RESCUE TENDER),15.4028033,74.00293,0,STOP,At Fire Station Ponda ,Fire Station Ponda
2026-01-17T01:31:46.026Z,GA 07 G 2004-PND(QUICK RESPONSE),15.4141016,73.9073083,0,INACTIVE,"Guru Hotel, Old Ferry Road, Agaçaim, Goa (SE)",Fire Station Ponda
2026-01-17T01:31:46.026Z,GA 07 G 9101-PND(WATER TENDER),15.4027033,74.0028733,0,STOP,At Fire Station Ponda ,Fire Station Ponda
2026-01-17T01:31:46.026Z,GA 07 G 9797-PND(WATER BOUSER),15.4027999,74.0027016,0,STOP,At Fire Station Ponda ,Fire Station Ponda
2026-01-17T01:31:46.026Z,GA 07 G 6363-CAN(WATER TENDER),15.02361,74.04406,0,INACTIVE,"Canacona, The Lalitrajbaga ,Canacona, Canacona, Goa (NE)",Fire Station Canacona
2026-01-17T01:31:46.026Z,GA 07 G 1567-CAN(QUICK RESPONSE FT),15.0233599,74.0440833,0,INACTIVE,"Canacona, The Lalitrajbaga ,Canacona, Canacona, Goa (NE)",Fire Station Canacona
2026-01-17T01:31:46.026Z,GA 07 G 1569-VRN(QUICK RESPONSE),15.369545,73.9355216,0,STOP,At Fire Station Verna,Fire Station Verna
2026-01-17T01:31:46.026Z,GA 07 G 9909-VRN(ADVANCE MULTI-PURPOSE),15.36974,73.9360833,0,STOP,At Fire Station Verna,Fire Station Verna
2026-01-17T01:31:46.026Z,GA 07 G 1942-VAP(QUICK RESPONSE),15.5310033,74.138745,0,STOP,At Fire Station Valpoi ,Fire Station Valpoi
2026-01-17T01:31:46.026Z,GA 07 G 2003-CUR(QUICK RESPONSE),15.2604016,74.1031166,0,STOP,At Fire Station Curchorem,Fire Station Curchorem
2026-01-17T01:31:46.026Z,GA 07 G 7447-CUR(EMERGENCY RESCUE),15.260415,74.10376,0,STOP,At Fire Station Curchorem,Fire Station Curchorem
2026-01-17T01:31:46.026Z,GA 07 G 7557-CUR(WATER TENDER),15.2604083,74.1034266,0,STOP,At Fire Station Curchorem,Fire Station Curchorem
2026-01-17T01:31:46.026Z,GA 07 G 7667-CUR(WATER BOUSER),15.2602533,74.1037266,0,STOP,At Fire Station Curchorem,Fire Station Curchorem
2026-01-17T01:31:46.026Z,GA 07 G 4989-KUN(WATER TENDER),15.4632383,73.9724617,0,STOP,At Fire Station Kundaim,Fire Station Kundaim
2026-01-17T01:31:46.026Z,GA 07 G 2242-PIL(WATER TENDER),15.5329344,73.7940983,0,STOP,At Fire Station Pilerne,Fire Station Pilerne
2026-01-17T01:31:46.026Z,GA 07 G 0681-MAP(QUICK RESPONSE),15.58978,73.808805,0,IDLE,At Fire Station Mapusa,Fire Station Mapusa
2026-01-17T01:31:46.026Z,GA 07 G 0307-PER(QUICK RESPONSE),15.7164939,73.7974239,0,INACTIVE,At Fire Station Pernem,Fire Station Pernem
2026-01-17T01:31:46.026Z,GA 07 G 2101-PER(MS WATER TENDER),15.7164572,73.7975456,0,STOP,At Fire Station Pernem,Fire Station Pernem
2026-01-17T01:31:46.026Z,GA 07 G 4600-PER(MINI RESCUE TENDER),15.7165267,73.7975289,0,STOP,At Fire Station Pernem,Fire Station Pernem
2026-01-17T01:31:46.026Z,GA 07 G 7272-PNJ(WATER TENDER),15.4880722,73.8173878,0,STOP,"Goa College of Home Science, Dayanand Bandodkar Road, Opposite Parade Ground Campal,, Panaji, Goa (SE)",Fire Station Panaji
2026-01-17T01:31:46.026Z,GA07G2384- Cuncolim,15.1861639,74.0211006,0,STOP,At Fire Station Cuncolim,Fire Station Cuncolim
2026-01-17T01:31:46.026Z,GA07G2507 - PER Mid Size (Water Tender),15.7157917,73.8034917,43,RUNNING,"Anadabhavan, Mouswado H.no:-985, Pernem, Goa (SE)",Fire Station Pernem
2026-01-17T01:31:46.026Z,GA07G2505 - VAP Mid Size (Water Tender),15.519595,73.963745,31,RUNNING,"Mithuns General store, Candola, Goa (SW)",Fire Station Valpoi
2026-01-17T01:31:46.026Z,GA07G2504 - BIC Mid Size (Water Tender),15.589485,73.9466967,0,STOP,At Fire Station Bicholim ,Fire Station Bicholim
2026-01-17T01:31:46.026Z,GA07G2503- MAP Mid Size (Water Tender),15.5899483,73.808635,0,STOP,At Fire Station Mapusa,Fire Station Mapusa
2026-01-17T01:31:46.026Z,GA07G2502 - FFHQ Mid Size (Water Tender),15.4868,73.8171867,0,STOP,"Caculo Mall, 16 Shanta, St Inez Rd, Caculo Enclave, Santa Inez, Panaji, Goa (NW)",Fire Force Headquarters
2026-01-17T01:32:34.833Z,GA 07 G 0680-PIL(QUICK RESPONSE VEHICLE),15.52289,73.8294267,0,STOP,At Porvorim Fire Station,Fire Station Pilerne
2026-01-17T01:32:34.833Z,GA07G2506 - OLG Mid Size (Water Tender),15.500308,73.91407,0,STOP,At Fire Station Old Goa,Fire Station Old Goa
2026-01-17T01:32:34.833Z,GA 07 G 5115-POR(MINI WATER TENDER),15.52334,73.829453,0,STOP,At Porvorim Fire Station,Fire Station Porvorim
2026-01-17T01:32:34.833Z,GA 07 G 0350-MRG(WATER TENDER),15.269438,73.970627,0,STOP,At Fire Station Margoa,Fire Station Margao
2026-01-17T01:32:34.833Z,GA 07 G 2900-MAP(MINI RESCUE TENDER),15.58999,73.808624,0,STOP,At Fire Station Mapusa,Fire Station Mapusa
2026-01-17T01:32:34.833Z,GA 07 G 7600-FFHQ(WATER BOUSER),15.486415,73.817253,0,RUNNING,At Fire Station panaji,Fire Force Headquarters
2026-01-17T01:32:34.833Z,GA 07 G 2002-FFHQ(TURN TABLE LADDER),15.487413,73.817276,0,STOP,"Caculo Mall, 16 Shanta, St Inez Rd, Caculo Enclave, Santa Inez, Panaji, Goa (NW)",Fire Force Headquarters
2026-01-17T01:32:34.833Z,GA 07 G 7101-FFHQ(WATER TENDER),15.486043,73.81665,0,RUNNING,At Fire Station panaji,Fire Force Headquarters
2026-01-17T01:32:34.833Z,GA 07 G 7677-FFHQ(EMERGENCY RESCUE),15.487057,73.816986,0,STOP,"Caculo Mall, 16 Shanta, St Inez Rd, Caculo Enclave, Santa Inez, Panaji, Goa (NW)",Fire Force Headquarters
2026-01-17T01:32:34.833Z,GA 07 G 1121-PNJ(EMERGENCY RESCUE),15.487333,73.817299,0,STOP,"Caculo Mall, 16 Shanta, St Inez Rd, Caculo Enclave, Santa Inez, Panaji, Goa (NW)",Fire Station Panaji
2026-01-17T01:32:34.833Z,GA 07 G 1571-FFHQ(QUICK RESPONSE),15.486457,73.817513,0,STOP,"Caculo Mall, 16 Shanta, St Inez Rd, Caculo Enclave, Santa Inez, Panaji, Goa (SW)",Fire Force Headquarters
2026-01-17T01:32:34.833Z,GA 07 G 8101-MAP(WATER TENDER),15.589972,73.808624,0,STOP,At Fire Station Mapusa,Fire Station Mapusa
2026-01-17T01:32:34.833Z,GA 07 G 2317-MRG(EMERGENCY RESCUE TENDER),15.2694116,73.9701666,0,STOP,At Fire Station Margoa,Fire Station Margao
2026-01-17T01:32:34.833Z,GA 07 G 1570-VAS(QUICK RESPONSE FIRE TENDER),15.3887733,73.8513266,0,STOP,At Fire Station Vasco,Fire Station Vasco
2026-01-17T01:32:34.833Z,GA 07 G 4101-VAS(MS WATER TENDER),15.3888166,73.851285,0,STOP,At Fire Station Vasco,Fire Station Vasco
2026-01-17T01:32:34.833Z,GA 07 G 0819-VAS(WATER/FOAM TENDER),15.386635,73.8731367,43,RUNNING,"D-14, BITS Pilani Goa Campus, Zuarinagar, Vasco da Gama, Goa (NW)",Fire Station Vasco
2026-01-17T01:32:34.833Z,GA 07 G 7100-MRG(WATER BOUSER),15.269415,73.969995,0,STOP,At Fire Station Margoa,Fire Station Margao
2026-01-17T01:32:34.833Z,GA 07 G 1568-MRG(QUICK RESPONSE ),15.2693416,73.9705166,0,STOP,At Fire Station Margoa,Fire Station Margao
2026-01-17T01:32:34.833Z,GA 07 G 6101-MRG(WATER TENDER),15.2694116,73.970255,0,STOP,At Fire Station Margoa,Fire Station Margao
2026-01-17T01:32:34.833Z,GA 07 G 1001-MRG(AERIAL LADDER PLATFORM),15.26938,73.9701583,0,STOP,At Fire Station Margoa,Fire Station Margao
2026-01-17T01:32:34.833Z,GA 07 G 0820-BIC(WATER TEDNER),15.4027967,74.0028217,0,STOP,At Fire Station Ponda ,Fire Station Bicholim
2026-01-17T01:32:34.833Z,GA 07 G 5101-OLG(MS WATER TENDER),15.500265,73.9139483,0,STOP,At Fire Station Old Goa,Fire Station Old Goa
2026-01-17T01:32:34.833Z,GA 07 G 3101-BIC(MS WATER TENDER),15.58926,73.9469083,0,STOP,At Fire Station Bicholim ,Fire Station Bicholim
2026-01-17T01:32:34.833Z,GA 07 G 1941-BIC(QUICK RESPONSE),15.5894533,73.9467116,0,STOP,At Fire Station Bicholim ,Fire Station Bicholim
2026-01-17T01:32:34.833Z,GA 07 G 2319-VAS (EMERGENCY RESCUE TENDER),15.3900983,73.8532383,0,STOP,"Zuari Rd, Holy Cross Colony, Dabolim, Goa (SE)",Fire Station Vasco
2026-01-17T01:32:34.833Z,GA 07 G 3737-VAP(WATER TENDER),15.5310533,74.1388916,0,STOP,At Fire Station Valpoi ,Fire Station Valpoi
2026-01-17T01:32:34.833Z,GA 07 G 2318-PND(EMERGENCY RESCUE TENDER),15.4028033,74.00293,0,STOP,At Fire Station Ponda ,Fire Station Ponda
2026-01-17T01:32:34.833Z,GA 07 G 2004-PND(QUICK RESPONSE),15.4141016,73.9073083,0,INACTIVE,"Guru Hotel, Old Ferry Road, Agaçaim, Goa (SE)",Fire Station Ponda
2026-01-17T01:32:34.833Z,GA 07 G 9101-PND(WATER TENDER),15.4027033,74.0028733,0,STOP,At Fire Station Ponda ,Fire Station Ponda
2026-01-17T01:32:34.833Z,GA 07 G 9797-PND(WATER BOUSER),15.4027999,74.0027016,0,STOP,At Fire Station Ponda ,Fire Station Ponda
2026-01-17T01:32:34.833Z,GA 07 G 6363-CAN(WATER TENDER),15.02361,74.04406,0,INACTIVE,"Canacona, The Lalitrajbaga ,Canacona, Canacona, Goa (NE)",Fire Station Canacona
2026-01-17T01:32:34.833Z,GA 07 G 1567-CAN(QUICK RESPONSE FT),15.0233599,74.0440833,0,INACTIVE,"Canacona, The Lalitrajbaga ,Canacona, Canacona, Goa (NE)",Fire Station Canacona
2026-01-17T01:32:34.833Z,GA 07 G 1569-VRN(QUICK RESPONSE),15.369545,73.9355216,0,STOP,At Fire Station Verna,Fire Station Verna
2026-01-17T01:32:34.833Z,GA 07 G 9909-VRN(ADVANCE MULTI-PURPOSE),15.36974,73.9360833,0,STOP,At Fire Station Verna,Fire Station Verna
2026-01-17T01:32:34.833Z,GA 07 G 1942-VAP(QUICK RESPONSE),15.5310033,74.138745,0,STOP,At Fire Station Valpoi ,Fire Station Valpoi
2026-01-17T01:32:34.833Z,GA 07 G 2003-CUR(QUICK RESPONSE),15.2604016,74.1031166,0,STOP,At Fire Station Curchorem,Fire Station Curchorem
2026-01-17T01:32:34.833Z,GA 07 G 7447-CUR(EMERGENCY RESCUE),15.260415,74.10376,0,STOP,At Fire Station Curchorem,Fire Station Curchorem
2026-01-17T01:32:34.833Z,GA 07 G 7557-CUR(WATER TENDER),15.2604083,74.1034266,0,STOP,At Fire Station Curchorem,Fire Station Curchorem
2026-01-17T01:32:34.833Z,GA 07 G 7667-CUR(WATER BOUSER),15.2602533,74.1037266,0,STOP,At Fire Station Curchorem,Fire Station Curchorem
2026-01-17T01:32:34.833Z,GA 07 G 4989-KUN(WATER TENDER),15.4632383,73.9724617,0,STOP,At Fire Station Kundaim,Fire Station Kundaim
2026-01-17T01:32:34.833Z,GA 07 G 2242-PIL(WATER TENDER),15.5329344,73.7940983,0,STOP,At Fire Station Pilerne,Fire Station Pilerne
2026-01-17T01:32:34.833Z,GA 07 G 0681-MAP(QUICK RESPONSE),15.5909367,73.8089033,0,RUNNING,At Fire Station Mapusa,Fire Station Mapusa
2026-01-17T01:32:34.833Z,GA 07 G 0307-PER(QUICK RESPONSE),15.7164939,73.7974239,0,INACTIVE,At Fire Station Pernem,Fire Station Pernem
2026-01-17T01:32:34.833Z,GA 07 G 2101-PER(MS WATER TENDER),15.7164572,73.7975456,0,STOP,At Fire Station Pernem,Fire Station Pernem
2026-01-17T01:32:34.833Z,GA 07 G 4600-PER(MINI RESCUE TENDER),15.7165267,73.7975289,0,STOP,At Fire Station Pernem,Fire Station Pernem
2026-01-17T01:32:34.833Z,GA 07 G 7272-PNJ(WATER TENDER),15.4880722,73.8173878,0,STOP,"Goa College of Home Science, Dayanand Bandodkar Road, Opposite Parade Ground Campal,, Panaji, Goa (SE)",Fire Station Panaji
2026-01-17T01:32:34.833Z,GA07G2384- Cuncolim,15.1861639,74.0211006,0,STOP,At Fire Station Cuncolim,Fire Station Cuncolim
2026-01-17T01:32:34.833Z,GA07G2507 - PER Mid Size (Water Tender),15.7131067,73.8088383,50,RUNNING,"Malpem, Pernam Municipal Area, Goa (NW)",Fire Station Pernem
2026-01-17T01:32:34.833Z,GA07G2505 - VAP Mid Size (Water Tender),15.5170417,73.9628333,22,RUNNING,"Vincentes Corner (krupa) Family Restaurant, Candola, Goa (SE)",Fire Station Valpoi
2026-01-17T01:32:34.833Z,GA07G2504 - BIC Mid Size (Water Tender),15.589485,73.9466967,0,STOP,At Fire Station Bicholim ,Fire Station Bicholim
2026-01-17T01:32:34.833Z,GA07G2503- MAP Mid Size (Water Tender),15.5899483,73.808635,0,STOP,At Fire Station Mapusa,Fire Station Mapusa
2026-01-17T01:32:34.833Z,GA07G2502 - FFHQ Mid Size (Water Tender),15.4868,73.8171867,0,STOP,"Caculo Mall, 16 Shanta, St Inez Rd, Caculo Enclave, Santa Inez, Panaji, Goa (NW)",Fire Force Headquarters
2026-01-17T01:33:51.082Z,GA 07 G 0680-PIL(QUICK RESPONSE VEHICLE),15.52289,73.8294267,0,STOP,At Porvorim Fire Station,Fire Station Pilerne
2026-01-17T01:33:51.082Z,GA07G2506 - OLG Mid Size (Water Tender),15.500308,73.91407,0,STOP,At Fire Station Old Goa,Fire Station Old Goa
2026-01-17T01:33:51.082Z,GA 07 G 5115-POR(MINI WATER TENDER),15.52334,73.829453,0,STOP,At Porvorim Fire Station,Fire Station Porvorim
2026-01-17T01:33:51.082Z,GA 07 G 0350-MRG(WATER TENDER),15.269438,73.970627,0,STOP,At Fire Station Margoa,Fire Station Margao
2026-01-17T01:33:51.082Z,GA 07 G 2900-MAP(MINI RESCUE TENDER),15.58999,73.808624,0,STOP,At Fire Station Mapusa,Fire Station Mapusa
2026-01-17T01:33:51.082Z,GA 07 G 7600-FFHQ(WATER BOUSER),15.486392,73.817116,0,RUNNING,At Fire Station panaji,Fire Force Headquarters
2026-01-17T01:33:51.082Z,GA 07 G 2002-FFHQ(TURN TABLE LADDER),15.487413,73.817276,0,STOP,"Caculo Mall, 16 Shanta, St Inez Rd, Caculo Enclave, Santa Inez, Panaji, Goa (NW)",Fire Force Headquarters
2026-01-17T01:33:51.082Z,GA 07 G 7101-FFHQ(WATER TENDER),15.485885,73.816673,6,RUNNING,At Fire Station panaji,Fire Force Headquarters
2026-01-17T01:33:51.082Z,GA 07 G 7677-FFHQ(EMERGENCY RESCUE),15.487057,73.816986,0,STOP,"Caculo Mall, 16 Shanta, St Inez Rd, Caculo Enclave, Santa Inez, Panaji, Goa (NW)",Fire Force Headquarters
2026-01-17T01:33:51.082Z,GA 07 G 1121-PNJ(EMERGENCY RESCUE),15.487333,73.817299,0,STOP,"Caculo Mall, 16 Shanta, St Inez Rd, Caculo Enclave, Santa Inez, Panaji, Goa (NW)",Fire Station Panaji
2026-01-17T01:33:51.082Z,GA 07 G 1571-FFHQ(QUICK RESPONSE),15.486457,73.817513,0,STOP,"Caculo Mall, 16 Shanta, St Inez Rd, Caculo Enclave, Santa Inez, Panaji, Goa (SW)",Fire Force Headquarters
2026-01-17T01:33:51.082Z,GA 07 G 8101-MAP(WATER TENDER),15.589972,73.808624,0,STOP,At Fire Station Mapusa,Fire Station Mapusa
2026-01-17T01:33:51.082Z,GA 07 G 2317-MRG(EMERGENCY RESCUE TENDER),15.2694116,73.9701666,0,STOP,At Fire Station Margoa,Fire Station Margao
2026-01-17T01:33:51.082Z,GA 07 G 1570-VAS(QUICK RESPONSE FIRE TENDER),15.3887733,73.8513266,0,STOP,At Fire Station Vasco,Fire Station Vasco
2026-01-17T01:33:51.082Z,GA 07 G 4101-VAS(MS WATER TENDER),15.3888166,73.851285,0,STOP,At Fire Station Vasco,Fire Station Vasco
2026-01-17T01:33:51.082Z,GA 07 G 0819-VAS(WATER/FOAM TENDER),15.3810667,73.8813883,71,RUNNING,"NH566, Zuarinagar, Sancoale, Goa (SE)",Fire Station Vasco
2026-01-17T01:33:51.082Z,GA 07 G 7100-MRG(WATER BOUSER),15.269415,73.969995,0,STOP,At Fire Station Margoa,Fire Station Margao
2026-01-17T01:33:51.082Z,GA 07 G 1568-MRG(QUICK RESPONSE ),15.2693416,73.9705166,0,STOP,At Fire Station Margoa,Fire Station Margao
2026-01-17T01:33:51.082Z,GA 07 G 6101-MRG(WATER TENDER),15.2694116,73.970255,0,STOP,At Fire Station Margoa,Fire Station Margao
2026-01-17T01:33:51.082Z,GA 07 G 1001-MRG(AERIAL LADDER PLATFORM),15.26938,73.9701583,0,STOP,At Fire Station Margoa,Fire Station Margao
2026-01-17T01:33:51.082Z,GA 07 G 0820-BIC(WATER TEDNER),15.4027967,74.0028217,0,STOP,At Fire Station Ponda ,Fire Station Bicholim
2026-01-17T01:33:51.082Z,GA 07 G 5101-OLG(MS WATER TENDER),15.500265,73.9139483,0,STOP,At Fire Station Old Goa,Fire Station Old Goa
2026-01-17T01:33:51.082Z,GA 07 G 3101-BIC(MS WATER TENDER),15.58926,73.9469083,4,STOP,At Fire Station Bicholim ,Fire Station Bicholim
2026-01-17T01:33:51.082Z,GA 07 G 1941-BIC(QUICK RESPONSE),15.5894533,73.9467116,0,IDLE,At Fire Station Bicholim ,Fire Station Bicholim
2026-01-17T01:33:51.082Z,GA 07 G 2319-VAS (EMERGENCY RESCUE TENDER),15.3900983,73.8532383,0,STOP,"Zuari Rd, Holy Cross Colony, Dabolim, Goa (SE)",Fire Station Vasco
2026-01-17T01:33:51.082Z,GA 07 G 3737-VAP(WATER TENDER),15.5310533,74.1388916,0,STOP,At Fire Station Valpoi ,Fire Station Valpoi
2026-01-17T01:33:51.082Z,GA 07 G 2318-PND(EMERGENCY RESCUE TENDER),15.4028033,74.00293,0,STOP,At Fire Station Ponda ,Fire Station Ponda
2026-01-17T01:33:51.082Z,GA 07 G 2004-PND(QUICK RESPONSE),15.4141016,73.9073083,0,INACTIVE,"Guru Hotel, Old Ferry Road, Agaçaim, Goa (SE)",Fire Station Ponda
2026-01-17T01:33:51.082Z,GA 07 G 9101-PND(WATER TENDER),15.4027033,74.0028733,0,STOP,At Fire Station Ponda ,Fire Station Ponda
2026-01-17T01:33:51.082Z,GA 07 G 9797-PND(WATER BOUSER),15.4027999,74.0027016,0,STOP,At Fire Station Ponda ,Fire Station Ponda
2026-01-17T01:33:51.082Z,GA 07 G 6363-CAN(WATER TENDER),15.02361,74.04406,0,INACTIVE,"Canacona, The Lalitrajbaga ,Canacona, Canacona, Goa (NE)",Fire Station Canacona
2026-01-17T01:33:51.082Z,GA 07 G 1567-CAN(QUICK RESPONSE FT),15.0233599,74.0440833,0,INACTIVE,"Canacona, The Lalitrajbaga ,Canacona, Canacona, Goa (NE)",Fire Station Canacona
2026-01-17T01:33:51.082Z,GA 07 G 1569-VRN(QUICK RESPONSE),15.369545,73.9355216,0,STOP,At Fire Station Verna,Fire Station Verna
2026-01-17T01:33:51.082Z,GA 07 G 9909-VRN(ADVANCE MULTI-PURPOSE),15.36974,73.9360833,0,STOP,At Fire Station Verna,Fire Station Verna
2026-01-17T01:33:51.082Z,GA 07 G 1942-VAP(QUICK RESPONSE),15.5310033,74.138745,0,STOP,At Fire Station Valpoi ,Fire Station Valpoi
2026-01-17T01:33:51.082Z,GA 07 G 2003-CUR(QUICK RESPONSE),15.2604016,74.1031166,0,STOP,At Fire Station Curchorem,Fire Station Curchorem
2026-01-17T01:33:51.082Z,GA 07 G 7447-CUR(EMERGENCY RESCUE),15.260415,74.10376,0,STOP,At Fire Station Curchorem,Fire Station Curchorem
2026-01-17T01:33:51.082Z,GA 07 G 7557-CUR(WATER TENDER),15.2604083,74.1034266,0,STOP,At Fire Station Curchorem,Fire Station Curchorem
2026-01-17T01:33:51.082Z,GA 07 G 7667-CUR(WATER BOUSER),15.2602533,74.1037266,0,STOP,At Fire Station Curchorem,Fire Station Curchorem
2026-01-17T01:33:51.082Z,GA 07 G 4989-KUN(WATER TENDER),15.4632383,73.9724617,0,STOP,At Fire Station Kundaim,Fire Station Kundaim
2026-01-17T01:33:51.082Z,GA 07 G 2242-PIL(WATER TENDER),15.5329344,73.7940983,0,STOP,At Fire Station Pilerne,Fire Station Pilerne
2026-01-17T01:33:51.082Z,GA 07 G 0681-MAP(QUICK RESPONSE),15.5909367,73.8089033,0,IDLE,At Fire Station Mapusa,Fire Station Mapusa
2026-01-17T01:33:51.082Z,GA 07 G 0307-PER(QUICK RESPONSE),15.7164939,73.7974239,0,INACTIVE,At Fire Station Pernem,Fire Station Pernem
2026-01-17T01:33:51.082Z,GA 07 G 2101-PER(MS WATER TENDER),15.7164572,73.7975456,0,STOP,At Fire Station Pernem,Fire Station Pernem
2026-01-17T01:33:51.082Z,GA 07 G 4600-PER(MINI RESCUE TENDER),15.7165267,73.7975289,0,STOP,At Fire Station Pernem,Fire Station Pernem
2026-01-17T01:33:51.082Z,GA 07 G 7272-PNJ(WATER TENDER),15.4880722,73.8173878,0,STOP,"Goa College of Home Science, Dayanand Bandodkar Road, Opposite Parade Ground Campal,, Panaji, Goa (SE)",Fire Station Panaji
2026-01-17T01:33:51.082Z,GA07G2384- Cuncolim,15.1861639,74.0211006,0,STOP,At Fire Station Cuncolim,Fire Station Cuncolim
2026-01-17T01:33:51.082Z,GA07G2507 - PER Mid Size (Water Tender),15.710595,73.8131917,33,RUNNING,"Malpe, Dhargal, Virnoda - Nagzor, Goa (NE)",Fire Station Pernem
2026-01-17T01:33:51.082Z,GA07G2505 - VAP Mid Size (Water Tender),15.51344,73.96447,20,RUNNING,"Ponda - Apewal - Querim - Savoi - Verem – Betqui - Marcela, Candola, Goa (NW)",Fire Station Valpoi
2026-01-17T01:33:51.082Z,GA07G2504 - BIC Mid Size (Water Tender),15.589485,73.9466967,0,STOP,At Fire Station Bicholim ,Fire Station Bicholim
2026-01-17T01:33:51.082Z,GA07G2503- MAP Mid Size (Water Tender),15.5899483,73.808635,0,STOP,At Fire Station Mapusa,Fire Station Mapusa
2026-01-17T01:33:51.082Z,GA07G2502 - FFHQ Mid Size (Water Tender),15.4868,73.8171867,0,STOP,"Caculo Mall, 16 Shanta, St Inez Rd, Caculo Enclave, Santa Inez, Panaji, Goa (NW)",Fire Force Headquarters
2026-01-17T01:35:02.730Z,GA 07 G 0680-PIL(QUICK RESPONSE VEHICLE),15.52289,73.8294267,0,STOP,At Porvorim Fire Station,Fire Station Pilerne
2026-01-17T01:35:02.730Z,GA07G2506 - OLG Mid Size (Water Tender),15.500308,73.91407,0,STOP,At Fire Station Old Goa,Fire Station Old Goa
2026-01-17T01:35:02.730Z,GA 07 G 5115-POR(MINI WATER TENDER),15.52334,73.829453,0,STOP,At Porvorim Fire Station,Fire Station Porvorim
2026-01-17T01:35:02.730Z,GA 07 G 0350-MRG(WATER TENDER),15.269438,73.970627,0,STOP,At Fire Station Margoa,Fire Station Margao
2026-01-17T01:35:02.730Z,GA 07 G 2900-MAP(MINI RESCUE TENDER),15.58999,73.808624,0,STOP,At Fire Station Mapusa,Fire Station Mapusa
2026-01-17T01:35:02.730Z,GA 07 G 7600-FFHQ(WATER BOUSER),15.486637,73.817047,6,RUNNING,"Caculo Mall, 16 Shanta, St Inez Rd, Caculo Enclave, Santa Inez, Panaji, Goa (NW)",Fire Force Headquarters
2026-01-17T01:35:02.730Z,GA 07 G 2002-FFHQ(TURN TABLE LADDER),15.487413,73.817276,0,STOP,"Caculo Mall, 16 Shanta, St Inez Rd, Caculo Enclave, Santa Inez, Panaji, Goa (NW)",Fire Force Headquarters
2026-01-17T01:35:02.730Z,GA 07 G 7101-FFHQ(WATER TENDER),15.485595,73.816383,0,IDLE,At Fire Station panaji,Fire Force Headquarters
2026-01-17T01:35:02.730Z,GA 07 G 7677-FFHQ(EMERGENCY RESCUE),15.487057,73.816986,0,STOP,"Caculo Mall, 16 Shanta, St Inez Rd, Caculo Enclave, Santa Inez, Panaji, Goa (NW)",Fire Force Headquarters
2026-01-17T01:35:02.730Z,GA 07 G 1121-PNJ(EMERGENCY RESCUE),15.487333,73.817299,0,STOP,"Caculo Mall, 16 Shanta, St Inez Rd, Caculo Enclave, Santa Inez, Panaji, Goa (NW)",Fire Station Panaji
2026-01-17T01:35:02.730Z,GA 07 G 1571-FFHQ(QUICK RESPONSE),15.486457,73.817513,0,STOP,"Caculo Mall, 16 Shanta, St Inez Rd, Caculo Enclave, Santa Inez, Panaji, Goa (SW)",Fire Force Headquarters
2026-01-17T01:35:02.730Z,GA 07 G 8101-MAP(WATER TENDER),15.589972,73.808624,0,STOP,At Fire Station Mapusa,Fire Station Mapusa
2026-01-17T01:35:02.730Z,GA 07 G 2317-MRG(EMERGENCY RESCUE TENDER),15.2694116,73.9701666,0,STOP,At Fire Station Margoa,Fire Station Margao
2026-01-17T01:35:02.730Z,GA 07 G 1570-VAS(QUICK RESPONSE FIRE TENDER),15.3887733,73.8513266,0,STOP,At Fire Station Vasco,Fire Station Vasco
2026-01-17T01:35:02.730Z,GA 07 G 4101-VAS(MS WATER TENDER),15.3888166,73.851285,0,STOP,At Fire Station Vasco,Fire Station Vasco
2026-01-17T01:35:02.730Z,GA 07 G 0819-VAS(WATER/FOAM TENDER),15.3734367,73.8889483,66,RUNNING,"NH566, Sancoale, Goa (NW)",Fire Station Vasco
2026-01-17T01:35:02.730Z,GA 07 G 7100-MRG(WATER BOUSER),15.269415,73.969995,0,STOP,At Fire Station Margoa,Fire Station Margao
2026-01-17T01:35:02.730Z,GA 07 G 1568-MRG(QUICK RESPONSE ),15.2693416,73.9705166,0,STOP,At Fire Station Margoa,Fire Station Margao
2026-01-17T01:35:02.730Z,GA 07 G 6101-MRG(WATER TENDER),15.2694116,73.970255,0,STOP,At Fire Station Margoa,Fire Station Margao
2026-01-17T01:35:02.730Z,GA 07 G 1001-MRG(AERIAL LADDER PLATFORM),15.26938,73.9701583,0,STOP,At Fire Station Margoa,Fire Station Margao
2026-01-17T01:35:02.730Z,GA 07 G 0820-BIC(WATER TEDNER),15.4027967,74.0028217,0,STOP,At Fire Station Ponda ,Fire Station Bicholim
2026-01-17T01:35:02.730Z,GA 07 G 5101-OLG(MS WATER TENDER),15.500265,73.9139483,0,STOP,At Fire Station Old Goa,Fire Station Old Goa
2026-01-17T01:35:02.730Z,GA 07 G 3101-BIC(MS WATER TENDER),15.58926,73.9469083,0,STOP,At Fire Station Bicholim ,Fire Station Bicholim
2026-01-17T01:35:02.730Z,GA 07 G 1941-BIC(QUICK RESPONSE),15.5894533,73.9467116,0,IDLE,At Fire Station Bicholim ,Fire Station Bicholim
2026-01-17T01:35:02.730Z,GA 07 G 2319-VAS (EMERGENCY RESCUE TENDER),15.3900983,73.8532383,0,STOP,"Zuari Rd, Holy Cross Colony, Dabolim, Goa (SE)",Fire Station Vasco
2026-01-17T01:35:02.730Z,GA 07 G 3737-VAP(WATER TENDER),15.5310533,74.1388916,0,STOP,At Fire Station Valpoi ,Fire Station Valpoi
2026-01-17T01:35:02.730Z,GA 07 G 2318-PND(EMERGENCY RESCUE TENDER),15.4028033,74.00293,0,STOP,At Fire Station Ponda ,Fire Station Ponda
2026-01-17T01:35:02.730Z,GA 07 G 2004-PND(QUICK RESPONSE),15.4141016,73.9073083,0,INACTIVE,"Guru Hotel, Old Ferry Road, Agaçaim, Goa (SE)",Fire Station Ponda
2026-01-17T01:35:02.730Z,GA 07 G 9101-PND(WATER TENDER),15.4027033,74.0028733,0,STOP,At Fire Station Ponda ,Fire Station Ponda
2026-01-17T01:35:02.730Z,GA 07 G 9797-PND(WATER BOUSER),15.4027999,74.0027016,0,STOP,At Fire Station Ponda ,Fire Station Ponda
2026-01-17T01:35:02.730Z,GA 07 G 6363-CAN(WATER TENDER),15.02361,74.04406,0,INACTIVE,"Canacona, The Lalitrajbaga ,Canacona, Canacona, Goa (NE)",Fire Station Canacona
2026-01-17T01:35:02.730Z,GA 07 G 1567-CAN(QUICK RESPONSE FT),15.0233599,74.0440833,0,INACTIVE,"Canacona, The Lalitrajbaga ,Canacona, Canacona, Goa (NE)",Fire Station Canacona
2026-01-17T01:35:02.730Z,GA 07 G 1569-VRN(QUICK RESPONSE),15.369545,73.9355216,0,STOP,At Fire Station Verna,Fire Station Verna
2026-01-17T01:35:02.730Z,GA 07 G 9909-VRN(ADVANCE MULTI-PURPOSE),15.36974,73.9360833,0,STOP,At Fire Station Verna,Fire Station Verna
2026-01-17T01:35:02.730Z,GA 07 G 1942-VAP(QUICK RESPONSE),15.5310033,74.138745,0,STOP,At Fire Station Valpoi ,Fire Station Valpoi
2026-01-17T01:35:02.730Z,GA 07 G 2003-CUR(QUICK RESPONSE),15.2604016,74.1031166,0,STOP,At Fire Station Curchorem,Fire Station Curchorem
2026-01-17T01:35:02.730Z,GA 07 G 7447-CUR(EMERGENCY RESCUE),15.260415,74.10376,0,STOP,At Fire Station Curchorem,Fire Station Curchorem
2026-01-17T01:35:02.730Z,GA 07 G 7557-CUR(WATER TENDER),15.2604083,74.1034266,0,STOP,At Fire Station Curchorem,Fire Station Curchorem
2026-01-17T01:35:02.730Z,GA 07 G 7667-CUR(WATER BOUSER),15.2602533,74.1037266,0,STOP,At Fire Station Curchorem,Fire Station Curchorem
2026-01-17T01:35:02.730Z,GA 07 G 4989-KUN(WATER TENDER),15.4632383,73.9724617,0,STOP,At Fire Station Kundaim,Fire Station Kundaim
2026-01-17T01:35:02.730Z,GA 07 G 2242-PIL(WATER TENDER),15.5329344,73.7940983,0,STOP,At Fire Station Pilerne,Fire Station Pilerne
2026-01-17T01:35:02.730Z,GA 07 G 0681-MAP(QUICK RESPONSE),15.5909833,73.8089767,0,IDLE,At Fire Station Mapusa,Fire Station Mapusa
2026-01-17T01:35:02.730Z,GA 07 G 0307-PER(QUICK RESPONSE),15.7164939,73.7974239,0,INACTIVE,At Fire Station Pernem,Fire Station Pernem
2026-01-17T01:35:02.730Z,GA 07 G 2101-PER(MS WATER TENDER),15.7164572,73.7975456,0,STOP,At Fire Station Pernem,Fire Station Pernem
2026-01-17T01:35:02.730Z,GA 07 G 4600-PER(MINI RESCUE TENDER),15.7165267,73.7975289,0,STOP,At Fire Station Pernem,Fire Station Pernem
2026-01-17T01:35:02.730Z,GA 07 G 7272-PNJ(WATER TENDER),15.4880722,73.8173878,0,STOP,"Goa College of Home Science, Dayanand Bandodkar Road, Opposite Parade Ground Campal,, Panaji, Goa (SE)",Fire Station Panaji
2026-01-17T01:35:02.730Z,GA07G2384- Cuncolim,15.1861639,74.0211006,0,STOP,At Fire Station Cuncolim,Fire Station Cuncolim
2026-01-17T01:35:02.730Z,GA07G2507 - PER Mid Size (Water Tender),15.7036317,73.8191733,62,RUNNING,"Ankita Restaurent, Virnoda - Nagzor, Goa (SW)",Fire Station Pernem
2026-01-17T01:35:02.730Z,GA07G2505 - VAP Mid Size (Water Tender),15.511855,73.9604817,30,RUNNING,"INVEST N INSURE, Shop  2, Ground Floor, Sawal Building, Near Old Cine Theatre Marcela, Orgao, Goa (SE)",Fire Station Valpoi
2026-01-17T01:35:02.730Z,GA07G2504 - BIC Mid Size (Water Tender),15.589485,73.9466967,0,STOP,At Fire Station Bicholim ,Fire Station Bicholim
2026-01-17T01:35:02.730Z,GA07G2503- MAP Mid Size (Water Tender),15.5899483,73.808635,0,STOP,At Fire Station Mapusa,Fire Station Mapusa
2026-01-17T01:35:02.730Z,GA07G2502 - FFHQ Mid Size (Water Tender),15.4868,73.8171867,0,STOP,"Caculo Mall, 16 Shanta, St Inez Rd, Caculo Enclave, Santa Inez, Panaji, Goa (NW)",Fire Force Headquarters
2026-01-17T01:35:37.866Z,GA 07 G 0680-PIL(QUICK RESPONSE VEHICLE),15.52289,73.8294267,0,STOP,At Porvorim Fire Station,Fire Station Pilerne
2026-01-17T01:35:37.866Z,GA07G2506 - OLG Mid Size (Water Tender),15.500308,73.91407,0,STOP,At Fire Station Old Goa,Fire Station Old Goa
2026-01-17T01:35:37.866Z,GA 07 G 5115-POR(MINI WATER TENDER),15.52334,73.829453,0,STOP,At Porvorim Fire Station,Fire Station Porvorim
2026-01-17T01:35:37.866Z,GA 07 G 0350-MRG(WATER TENDER),15.269438,73.970627,0,STOP,At Fire Station Margoa,Fire Station Margao
2026-01-17T01:35:37.866Z,GA 07 G 2900-MAP(MINI RESCUE TENDER),15.58999,73.808624,0,STOP,At Fire Station Mapusa,Fire Station Mapusa
2026-01-17T01:35:37.866Z,GA 07 G 7600-FFHQ(WATER BOUSER),15.486828,73.81778,9,RUNNING,"Caculo Mall, 16 Shanta, St Inez Rd, Caculo Enclave, Santa Inez, Panaji, Goa (NW)",Fire Force Headquarters
2026-01-17T01:35:37.866Z,GA 07 G 2002-FFHQ(TURN TABLE LADDER),15.487413,73.817276,0,STOP,"Caculo Mall, 16 Shanta, St Inez Rd, Caculo Enclave, Santa Inez, Panaji, Goa (NW)",Fire Force Headquarters
2026-01-17T01:35:37.866Z,GA 07 G 7101-FFHQ(WATER TENDER),15.485585,73.816467,0,STOP,At Fire Station panaji,Fire Force Headquarters
2026-01-17T01:35:37.866Z,GA 07 G 7677-FFHQ(EMERGENCY RESCUE),15.487057,73.816986,0,STOP,"Caculo Mall, 16 Shanta, St Inez Rd, Caculo Enclave, Santa Inez, Panaji, Goa (NW)",Fire Force Headquarters
2026-01-17T01:35:37.866Z,GA 07 G 1121-PNJ(EMERGENCY RESCUE),15.487333,73.817299,0,STOP,"Caculo Mall, 16 Shanta, St Inez Rd, Caculo Enclave, Santa Inez, Panaji, Goa (NW)",Fire Station Panaji
2026-01-17T01:35:37.866Z,GA 07 G 1571-FFHQ(QUICK RESPONSE),15.486457,73.817513,0,STOP,"Caculo Mall, 16 Shanta, St Inez Rd, Caculo Enclave, Santa Inez, Panaji, Goa (SW)",Fire Force Headquarters
2026-01-17T01:35:37.866Z,GA 07 G 8101-MAP(WATER TENDER),15.589972,73.808624,0,STOP,At Fire Station Mapusa,Fire Station Mapusa
2026-01-17T01:35:37.866Z,GA 07 G 2317-MRG(EMERGENCY RESCUE TENDER),15.2694116,73.9701666,0,STOP,At Fire Station Margoa,Fire Station Margao
2026-01-17T01:35:37.866Z,GA 07 G 1570-VAS(QUICK RESPONSE FIRE TENDER),15.3887733,73.8513266,0,STOP,At Fire Station Vasco,Fire Station Vasco
2026-01-17T01:35:37.866Z,GA 07 G 4101-VAS(MS WATER TENDER),15.3888166,73.851285,0,STOP,At Fire Station Vasco,Fire Station Vasco
2026-01-17T01:35:37.866Z,GA 07 G 0819-VAS(WATER/FOAM TENDER),15.3723983,73.8930017,34,RUNNING,"OYO 771 Hotel The Queeny, Queeny Nagar, Velsao - Pale, Near Airport Road, Vasco da Gama, Vasco Da Gama, Goa,, Goa (NW)",Fire Station Vasco
2026-01-17T01:35:37.866Z,GA 07 G 7100-MRG(WATER BOUSER),15.269415,73.969995,0,STOP,At Fire Station Margoa,Fire Station Margao
2026-01-17T01:35:37.866Z,GA 07 G 1568-MRG(QUICK RESPONSE ),15.2693416,73.9705166,0,STOP,At Fire Station Margoa,Fire Station Margao
2026-01-17T01:35:37.866Z,GA 07 G 6101-MRG(WATER TENDER),15.2694116,73.970255,0,STOP,At Fire Station Margoa,Fire Station Margao
2026-01-17T01:35:37.866Z,GA 07 G 1001-MRG(AERIAL LADDER PLATFORM),15.26938,73.9701583,0,STOP,At Fire Station Margoa,Fire Station Margao
2026-01-17T01:35:37.866Z,GA 07 G 0820-BIC(WATER TEDNER),15.4027967,74.0028217,0,STOP,At Fire Station Ponda ,Fire Station Bicholim
2026-01-17T01:35:37.866Z,GA 07 G 5101-OLG(MS WATER TENDER),15.500265,73.9139483,0,STOP,At Fire Station Old Goa,Fire Station Old Goa
2026-01-17T01:35:37.866Z,GA 07 G 3101-BIC(MS WATER TENDER),15.58926,73.9469083,3,STOP,At Fire Station Bicholim ,Fire Station Bicholim
2026-01-17T01:35:37.866Z,GA 07 G 1941-BIC(QUICK RESPONSE),15.5894533,73.9467116,0,IDLE,At Fire Station Bicholim ,Fire Station Bicholim
2026-01-17T01:35:37.866Z,GA 07 G 2319-VAS (EMERGENCY RESCUE TENDER),15.3900983,73.8532383,0,STOP,"Zuari Rd, Holy Cross Colony, Dabolim, Goa (SE)",Fire Station Vasco
2026-01-17T01:35:37.866Z,GA 07 G 3737-VAP(WATER TENDER),15.5310533,74.1388916,0,STOP,At Fire Station Valpoi ,Fire Station Valpoi
2026-01-17T01:35:37.866Z,GA 07 G 2318-PND(EMERGENCY RESCUE TENDER),15.4028033,74.00293,0,STOP,At Fire Station Ponda ,Fire Station Ponda
2026-01-17T01:35:37.866Z,GA 07 G 2004-PND(QUICK RESPONSE),15.4141016,73.9073083,0,INACTIVE,"Guru Hotel, Old Ferry Road, Agaçaim, Goa (SE)",Fire Station Ponda
2026-01-17T01:35:37.866Z,GA 07 G 9101-PND(WATER TENDER),15.4027033,74.0028733,0,STOP,At Fire Station Ponda ,Fire Station Ponda
2026-01-17T01:35:37.866Z,GA 07 G 9797-PND(WATER BOUSER),15.4027999,74.0027016,0,STOP,At Fire Station Ponda ,Fire Station Ponda
2026-01-17T01:35:37.866Z,GA 07 G 6363-CAN(WATER TENDER),15.02361,74.04406,0,INACTIVE,"Canacona, The Lalitrajbaga ,Canacona, Canacona, Goa (NE)",Fire Station Canacona
2026-01-17T01:35:37.866Z,GA 07 G 1567-CAN(QUICK RESPONSE FT),15.0233599,74.0440833,0,INACTIVE,"Canacona, The Lalitrajbaga ,Canacona, Canacona, Goa (NE)",Fire Station Canacona
2026-01-17T01:35:37.866Z,GA 07 G 1569-VRN(QUICK RESPONSE),15.369545,73.9355216,0,STOP,At Fire Station Verna,Fire Station Verna
2026-01-17T01:35:37.866Z,GA 07 G 9909-VRN(ADVANCE MULTI-PURPOSE),15.36974,73.9360833,0,STOP,At Fire Station Verna,Fire Station Verna
2026-01-17T01:35:37.866Z,GA 07 G 1942-VAP(QUICK RESPONSE),15.5310033,74.138745,0,STOP,At Fire Station Valpoi ,Fire Station Valpoi
2026-01-17T01:35:37.866Z,GA 07 G 2003-CUR(QUICK RESPONSE),15.2604016,74.1031166,0,STOP,At Fire Station Curchorem,Fire Station Curchorem
2026-01-17T01:35:37.866Z,GA 07 G 7447-CUR(EMERGENCY RESCUE),15.260415,74.10376,0,STOP,At Fire Station Curchorem,Fire Station Curchorem
2026-01-17T01:35:37.866Z,GA 07 G 7557-CUR(WATER TENDER),15.2604083,74.1034266,0,STOP,At Fire Station Curchorem,Fire Station Curchorem
2026-01-17T01:35:37.866Z,GA 07 G 7667-CUR(WATER BOUSER),15.2602533,74.1037266,0,STOP,At Fire Station Curchorem,Fire Station Curchorem
2026-01-17T01:35:37.866Z,GA 07 G 4989-KUN(WATER TENDER),15.4632383,73.9724617,0,STOP,At Fire Station Kundaim,Fire Station Kundaim
2026-01-17T01:35:37.866Z,GA 07 G 2242-PIL(WATER TENDER),15.5329344,73.7940983,0,STOP,At Fire Station Pilerne,Fire Station Pilerne
2026-01-17T01:35:37.866Z,GA 07 G 0681-MAP(QUICK RESPONSE),15.5909833,73.8089767,0,IDLE,At Fire Station Mapusa,Fire Station Mapusa
2026-01-17T01:35:37.866Z,GA 07 G 0307-PER(QUICK RESPONSE),15.7164939,73.7974239,0,INACTIVE,At Fire Station Pernem,Fire Station Pernem
2026-01-17T01:35:37.866Z,GA 07 G 2101-PER(MS WATER TENDER),15.7164572,73.7975456,0,STOP,At Fire Station Pernem,Fire Station Pernem
2026-01-17T01:35:37.866Z,GA 07 G 4600-PER(MINI RESCUE TENDER),15.7165267,73.7975289,0,STOP,At Fire Station Pernem,Fire Station Pernem
2026-01-17T01:35:37.866Z,GA 07 G 7272-PNJ(WATER TENDER),15.4880722,73.8173878,0,STOP,"Goa College of Home Science, Dayanand Bandodkar Road, Opposite Parade Ground Campal,, Panaji, Goa (SE)",Fire Station Panaji
2026-01-17T01:35:37.866Z,GA07G2384- Cuncolim,15.1861639,74.0211006,0,STOP,At Fire Station Cuncolim,Fire Station Cuncolim
2026-01-17T01:35:37.866Z,GA07G2507 - PER Mid Size (Water Tender),15.6987583,73.8232667,64,RUNNING,"Valpe, Virnora, Goa (NW)",Fire Station Pernem
2026-01-17T01:35:37.866Z,GA07G2505 - VAP Mid Size (Water Tender),15.5093283,73.961515,46,RUNNING,"Orgao, Goa (SE)",Fire Station Valpoi
2026-01-17T01:35:37.866Z,GA07G2504 - BIC Mid Size (Water Tender),15.589485,73.9466967,0,STOP,At Fire Station Bicholim ,Fire Station Bicholim
2026-01-17T01:35:37.866Z,GA07G2503- MAP Mid Size (Water Tender),15.5899483,73.808635,0,STOP,At Fire Station Mapusa,Fire Station Mapusa
2026-01-17T01:35:37.866Z,GA07G2502 - FFHQ Mid Size (Water Tender),15.4868,73.8171867,0,STOP,"Caculo Mall, 16 Shanta, St Inez Rd, Caculo Enclave, Santa Inez, Panaji, Goa (NW)",Fire Force Headquarters
2026-01-17T01:37:02.601Z,GA 07 G 0680-PIL(QUICK RESPONSE VEHICLE),15.52289,73.8294267,0,STOP,At Porvorim Fire Station,Fire Station Pilerne
2026-01-17T01:37:02.601Z,GA07G2506 - OLG Mid Size (Water Tender),15.500308,73.91407,0,STOP,At Fire Station Old Goa,Fire Station Old Goa
2026-01-17T01:37:02.601Z,GA 07 G 5115-POR(MINI WATER TENDER),15.52334,73.829453,0,STOP,At Porvorim Fire Station,Fire Station Porvorim
2026-01-17T01:37:02.601Z,GA 07 G 0350-MRG(WATER TENDER),15.269438,73.970627,0,STOP,At Fire Station Margoa,Fire Station Margao
2026-01-17T01:37:02.601Z,GA 07 G 2900-MAP(MINI RESCUE TENDER),15.58999,73.808624,0,STOP,At Fire Station Mapusa,Fire Station Mapusa
2026-01-17T01:37:02.601Z,GA 07 G 7600-FFHQ(WATER BOUSER),15.487208,73.817184,0,RUNNING,"Caculo Mall, 16 Shanta, St Inez Rd, Caculo Enclave, Santa Inez, Panaji, Goa (NW)",Fire Force Headquarters
2026-01-17T01:37:02.601Z,GA 07 G 2002-FFHQ(TURN TABLE LADDER),15.487413,73.817276,0,STOP,"Caculo Mall, 16 Shanta, St Inez Rd, Caculo Enclave, Santa Inez, Panaji, Goa (NW)",Fire Force Headquarters
2026-01-17T01:37:02.601Z,GA 07 G 7101-FFHQ(WATER TENDER),15.485585,73.816467,0,STOP,At Fire Station panaji,Fire Force Headquarters
2026-01-17T01:37:02.601Z,GA 07 G 7677-FFHQ(EMERGENCY RESCUE),15.487057,73.816986,0,STOP,"Caculo Mall, 16 Shanta, St Inez Rd, Caculo Enclave, Santa Inez, Panaji, Goa (NW)",Fire Force Headquarters
2026-01-17T01:37:02.601Z,GA 07 G 1121-PNJ(EMERGENCY RESCUE),15.487333,73.817299,0,STOP,"Caculo Mall, 16 Shanta, St Inez Rd, Caculo Enclave, Santa Inez, Panaji, Goa (NW)",Fire Station Panaji
2026-01-17T01:37:02.601Z,GA 07 G 1571-FFHQ(QUICK RESPONSE),15.486457,73.817513,0,STOP,"Caculo Mall, 16 Shanta, St Inez Rd, Caculo Enclave, Santa Inez, Panaji, Goa (SW)",Fire Force Headquarters
2026-01-17T01:37:02.601Z,GA 07 G 8101-MAP(WATER TENDER),15.589972,73.808624,0,STOP,At Fire Station Mapusa,Fire Station Mapusa
2026-01-17T01:37:02.601Z,GA 07 G 2317-MRG(EMERGENCY RESCUE TENDER),15.2694116,73.9701666,0,STOP,At Fire Station Margoa,Fire Station Margao
2026-01-17T01:37:02.601Z,GA 07 G 1570-VAS(QUICK RESPONSE FIRE TENDER),15.3887733,73.8513266,0,STOP,At Fire Station Vasco,Fire Station Vasco
2026-01-17T01:37:02.601Z,GA 07 G 4101-VAS(MS WATER TENDER),15.3888166,73.851285,0,STOP,At Fire Station Vasco,Fire Station Vasco
2026-01-17T01:37:02.601Z,GA 07 G 0819-VAS(WATER/FOAM TENDER),15.3753667,73.9034017,63,RUNNING,"Metastrip, Goa (SW)",Fire Station Vasco
2026-01-17T01:37:02.601Z,GA 07 G 7100-MRG(WATER BOUSER),15.269415,73.969995,0,STOP,At Fire Station Margoa,Fire Station Margao
2026-01-17T01:37:02.601Z,GA 07 G 1568-MRG(QUICK RESPONSE ),15.2693416,73.9705166,0,STOP,At Fire Station Margoa,Fire Station Margao
2026-01-17T01:37:02.601Z,GA 07 G 6101-MRG(WATER TENDER),15.2694116,73.970255,0,STOP,At Fire Station Margoa,Fire Station Margao
2026-01-17T01:37:02.601Z,GA 07 G 1001-MRG(AERIAL LADDER PLATFORM),15.26938,73.9701583,0,STOP,At Fire Station Margoa,Fire Station Margao
2026-01-17T01:37:02.601Z,GA 07 G 0820-BIC(WATER TEDNER),15.4027967,74.0028217,0,STOP,At Fire Station Ponda ,Fire Station Bicholim
2026-01-17T01:37:02.601Z,GA 07 G 5101-OLG(MS WATER TENDER),15.500265,73.9139483,0,STOP,At Fire Station Old Goa,Fire Station Old Goa
2026-01-17T01:37:02.601Z,GA 07 G 3101-BIC(MS WATER TENDER),15.5893733,73.9466883,0,STOP,At Fire Station Bicholim ,Fire Station Bicholim
2026-01-17T01:37:02.601Z,GA 07 G 1941-BIC(QUICK RESPONSE),15.591425,73.94615,32,RUNNING,"Shantadurga Highschool, Bicholim, Goa (NW)",Fire Station Bicholim
2026-01-17T01:37:02.601Z,GA 07 G 2319-VAS (EMERGENCY RESCUE TENDER),15.3900983,73.8532383,0,STOP,"Zuari Rd, Holy Cross Colony, Dabolim, Goa (SE)",Fire Station Vasco
2026-01-17T01:37:02.601Z,GA 07 G 3737-VAP(WATER TENDER),15.5310533,74.1388916,0,STOP,At Fire Station Valpoi ,Fire Station Valpoi
2026-01-17T01:37:02.601Z,GA 07 G 2318-PND(EMERGENCY RESCUE TENDER),15.4028033,74.00293,0,STOP,At Fire Station Ponda ,Fire Station Ponda
2026-01-17T01:37:02.601Z,GA 07 G 2004-PND(QUICK RESPONSE),15.4141016,73.9073083,0,INACTIVE,"Guru Hotel, Old Ferry Road, Agaçaim, Goa (SE)",Fire Station Ponda
2026-01-17T01:37:02.601Z,GA 07 G 9101-PND(WATER TENDER),15.4027033,74.0028733,0,STOP,At Fire Station Ponda ,Fire Station Ponda
2026-01-17T01:37:02.601Z,GA 07 G 9797-PND(WATER BOUSER),15.4027999,74.0027016,0,STOP,At Fire Station Ponda ,Fire Station Ponda
2026-01-17T01:37:02.601Z,GA 07 G 6363-CAN(WATER TENDER),15.02361,74.04406,0,INACTIVE,"Canacona, The Lalitrajbaga ,Canacona, Canacona, Goa (NE)",Fire Station Canacona
2026-01-17T01:37:02.601Z,GA 07 G 1567-CAN(QUICK RESPONSE FT),15.0233599,74.0440833,0,INACTIVE,"Canacona, The Lalitrajbaga ,Canacona, Canacona, Goa (NE)",Fire Station Canacona
2026-01-17T01:37:02.601Z,GA 07 G 1569-VRN(QUICK RESPONSE),15.369545,73.9355216,0,STOP,At Fire Station Verna,Fire Station Verna
2026-01-17T01:37:02.601Z,GA 07 G 9909-VRN(ADVANCE MULTI-PURPOSE),15.36974,73.9360833,0,STOP,At Fire Station Verna,Fire Station Verna
2026-01-17T01:37:02.601Z,GA 07 G 1942-VAP(QUICK RESPONSE),15.5310033,74.138745,0,STOP,At Fire Station Valpoi ,Fire Station Valpoi
2026-01-17T01:37:02.601Z,GA 07 G 2003-CUR(QUICK RESPONSE),15.2604016,74.1031166,0,STOP,At Fire Station Curchorem,Fire Station Curchorem
2026-01-17T01:37:02.601Z,GA 07 G 7447-CUR(EMERGENCY RESCUE),15.260415,74.10376,0,STOP,At Fire Station Curchorem,Fire Station Curchorem
2026-01-17T01:37:02.601Z,GA 07 G 7557-CUR(WATER TENDER),15.2604083,74.1034266,0,STOP,At Fire Station Curchorem,Fire Station Curchorem
2026-01-17T01:37:02.601Z,GA 07 G 7667-CUR(WATER BOUSER),15.2602533,74.1037266,0,STOP,At Fire Station Curchorem,Fire Station Curchorem
2026-01-17T01:37:02.601Z,GA 07 G 4989-KUN(WATER TENDER),15.4632383,73.9724617,0,STOP,At Fire Station Kundaim,Fire Station Kundaim
2026-01-17T01:37:02.601Z,GA 07 G 2242-PIL(WATER TENDER),15.5329344,73.7940983,0,STOP,At Fire Station Pilerne,Fire Station Pilerne
2026-01-17T01:37:02.601Z,GA 07 G 0681-MAP(QUICK RESPONSE),15.5853,73.8077967,42,RUNNING,"MDR 8, Mapusa, Goa (NE)",Fire Station Mapusa
2026-01-17T01:37:02.601Z,GA 07 G 0307-PER(QUICK RESPONSE),15.7164939,73.7974239,0,INACTIVE,At Fire Station Pernem,Fire Station Pernem
2026-01-17T01:37:02.601Z,GA 07 G 2101-PER(MS WATER TENDER),15.7164572,73.7975456,0,STOP,At Fire Station Pernem,Fire Station Pernem
2026-01-17T01:37:02.601Z,GA 07 G 4600-PER(MINI RESCUE TENDER),15.7165267,73.7975289,0,STOP,At Fire Station Pernem,Fire Station Pernem
2026-01-17T01:37:02.601Z,GA 07 G 7272-PNJ(WATER TENDER),15.4880722,73.8173878,0,STOP,"Goa College of Home Science, Dayanand Bandodkar Road, Opposite Parade Ground Campal,, Panaji, Goa (SE)",Fire Station Panaji
2026-01-17T01:37:02.601Z,GA07G2384- Cuncolim,15.1861639,74.0211006,0,STOP,At Fire Station Cuncolim,Fire Station Cuncolim
2026-01-17T01:37:02.601Z,GA07G2507 - PER Mid Size (Water Tender),15.6876967,73.829695,50,RUNNING,"Virnoda, Dargalim, Goa (SE)",Fire Station Pernem
2026-01-17T01:37:02.601Z,GA07G2505 - VAP Mid Size (Water Tender),15.5024133,73.9631267,33,RUNNING,"Tivrem, Tivrem, Goa (SE)",Fire Station Valpoi
2026-01-17T01:37:02.601Z,GA07G2504 - BIC Mid Size (Water Tender),15.589485,73.9466967,0,STOP,At Fire Station Bicholim ,Fire Station Bicholim
2026-01-17T01:37:02.601Z,GA07G2503- MAP Mid Size (Water Tender),15.5899483,73.808635,0,STOP,At Fire Station Mapusa,Fire Station Mapusa
2026-01-17T01:37:02.601Z,GA07G2502 - FFHQ Mid Size (Water Tender),15.4868,73.8171867,0,STOP,"Caculo Mall, 16 Shanta, St Inez Rd, Caculo Enclave, Santa Inez, Panaji, Goa (NW)",Fire Force Headquarters
2026-01-17T01:37:37.166Z,GA 07 G 0680-PIL(QUICK RESPONSE VEHICLE),15.52289,73.8294267,0,STOP,At Porvorim Fire Station,Fire Station Pilerne
2026-01-17T01:37:37.166Z,GA07G2506 - OLG Mid Size (Water Tender),15.500308,73.91407,0,STOP,At Fire Station Old Goa,Fire Station Old Goa
2026-01-17T01:37:37.166Z,GA 07 G 5115-POR(MINI WATER TENDER),15.52334,73.829453,0,STOP,At Porvorim Fire Station,Fire Station Porvorim
2026-01-17T01:37:37.166Z,GA 07 G 0350-MRG(WATER TENDER),15.269438,73.970627,0,STOP,At Fire Station Margoa,Fire Station Margao
2026-01-17T01:37:37.166Z,GA 07 G 2900-MAP(MINI RESCUE TENDER),15.58999,73.808624,0,STOP,At Fire Station Mapusa,Fire Station Mapusa
2026-01-17T01:37:37.166Z,GA 07 G 7600-FFHQ(WATER BOUSER),15.487215,73.8172,0,RUNNING,"Caculo Mall, 16 Shanta, St Inez Rd, Caculo Enclave, Santa Inez, Panaji, Goa (NW)",Fire Force Headquarters
2026-01-17T01:37:37.166Z,GA 07 G 2002-FFHQ(TURN TABLE LADDER),15.487413,73.817276,0,STOP,"Caculo Mall, 16 Shanta, St Inez Rd, Caculo Enclave, Santa Inez, Panaji, Goa (NW)",Fire Force Headquarters
2026-01-17T01:37:37.166Z,GA 07 G 7101-FFHQ(WATER TENDER),15.485585,73.816467,0,STOP,At Fire Station panaji,Fire Force Headquarters
2026-01-17T01:37:37.166Z,GA 07 G 7677-FFHQ(EMERGENCY RESCUE),15.487057,73.816986,0,STOP,"Caculo Mall, 16 Shanta, St Inez Rd, Caculo Enclave, Santa Inez, Panaji, Goa (NW)",Fire Force Headquarters
2026-01-17T01:37:37.166Z,GA 07 G 1121-PNJ(EMERGENCY RESCUE),15.487333,73.817299,0,STOP,"Caculo Mall, 16 Shanta, St Inez Rd, Caculo Enclave, Santa Inez, Panaji, Goa (NW)",Fire Station Panaji
2026-01-17T01:37:37.166Z,GA 07 G 1571-FFHQ(QUICK RESPONSE),15.486457,73.817513,0,STOP,"Caculo Mall, 16 Shanta, St Inez Rd, Caculo Enclave, Santa Inez, Panaji, Goa (SW)",Fire Force Headquarters
2026-01-17T01:37:37.166Z,GA 07 G 8101-MAP(WATER TENDER),15.589972,73.808624,0,STOP,At Fire Station Mapusa,Fire Station Mapusa
2026-01-17T01:37:37.166Z,GA 07 G 2317-MRG(EMERGENCY RESCUE TENDER),15.2694116,73.9701666,0,STOP,At Fire Station Margoa,Fire Station Margao
2026-01-17T01:37:37.166Z,GA 07 G 1570-VAS(QUICK RESPONSE FIRE TENDER),15.3887733,73.8513266,0,STOP,At Fire Station Vasco,Fire Station Vasco
2026-01-17T01:37:37.166Z,GA 07 G 4101-VAS(MS WATER TENDER),15.3888166,73.851285,0,STOP,At Fire Station Vasco,Fire Station Vasco
2026-01-17T01:37:37.166Z,GA 07 G 0819-VAS(WATER/FOAM TENDER),15.37716,73.9083667,70,RUNNING,"NH566, Chauder, Consua, Goa (SW)",Fire Station Vasco
2026-01-17T01:37:37.166Z,GA 07 G 7100-MRG(WATER BOUSER),15.269415,73.969995,0,STOP,At Fire Station Margoa,Fire Station Margao
2026-01-17T01:37:37.166Z,GA 07 G 1568-MRG(QUICK RESPONSE ),15.2693416,73.9705166,0,STOP,At Fire Station Margoa,Fire Station Margao
2026-01-17T01:37:37.166Z,GA 07 G 6101-MRG(WATER TENDER),15.2694116,73.970255,0,STOP,At Fire Station Margoa,Fire Station Margao
2026-01-17T01:37:37.166Z,GA 07 G 1001-MRG(AERIAL LADDER PLATFORM),15.26938,73.9701583,0,STOP,At Fire Station Margoa,Fire Station Margao
2026-01-17T01:37:37.166Z,GA 07 G 0820-BIC(WATER TEDNER),15.4027967,74.0028217,0,STOP,At Fire Station Ponda ,Fire Station Bicholim
2026-01-17T01:37:37.166Z,GA 07 G 5101-OLG(MS WATER TENDER),15.500265,73.9139483,0,STOP,At Fire Station Old Goa,Fire Station Old Goa
2026-01-17T01:37:37.166Z,GA 07 G 3101-BIC(MS WATER TENDER),15.58935,73.94668,5,STOP,At Fire Station Bicholim ,Fire Station Bicholim
2026-01-17T01:37:37.166Z,GA 07 G 1941-BIC(QUICK RESPONSE),15.5944383,73.944165,54,RUNNING,"Central Bank of India, Borden, Bicholim, Goa (SW)",Fire Station Bicholim
2026-01-17T01:37:37.166Z,GA 07 G 2319-VAS (EMERGENCY RESCUE TENDER),15.3900983,73.8532383,0,STOP,"Zuari Rd, Holy Cross Colony, Dabolim, Goa (SE)",Fire Station Vasco
2026-01-17T01:37:37.166Z,GA 07 G 3737-VAP(WATER TENDER),15.5310533,74.1388916,0,STOP,At Fire Station Valpoi ,Fire Station Valpoi
2026-01-17T01:37:37.166Z,GA 07 G 2318-PND(EMERGENCY RESCUE TENDER),15.4028033,74.00293,0,STOP,At Fire Station Ponda ,Fire Station Ponda
2026-01-17T01:37:37.166Z,GA 07 G 2004-PND(QUICK RESPONSE),15.4141016,73.9073083,0,INACTIVE,"Guru Hotel, Old Ferry Road, Agaçaim, Goa (SE)",Fire Station Ponda
2026-01-17T01:37:37.166Z,GA 07 G 9101-PND(WATER TENDER),15.4027033,74.0028733,0,STOP,At Fire Station Ponda ,Fire Station Ponda
2026-01-17T01:37:37.166Z,GA 07 G 9797-PND(WATER BOUSER),15.4027999,74.0027016,0,STOP,At Fire Station Ponda ,Fire Station Ponda
2026-01-17T01:37:37.166Z,GA 07 G 6363-CAN(WATER TENDER),15.02361,74.04406,0,INACTIVE,"Canacona, The Lalitrajbaga ,Canacona, Canacona, Goa (NE)",Fire Station Canacona
2026-01-17T01:37:37.166Z,GA 07 G 1567-CAN(QUICK RESPONSE FT),15.0233599,74.0440833,0,INACTIVE,"Canacona, The Lalitrajbaga ,Canacona, Canacona, Goa (NE)",Fire Station Canacona
2026-01-17T01:37:37.166Z,GA 07 G 1569-VRN(QUICK RESPONSE),15.369545,73.9355216,0,STOP,At Fire Station Verna,Fire Station Verna
2026-01-17T01:37:37.166Z,GA 07 G 9909-VRN(ADVANCE MULTI-PURPOSE),15.36974,73.9360833,0,STOP,At Fire Station Verna,Fire Station Verna
2026-01-17T01:37:37.166Z,GA 07 G 1942-VAP(QUICK RESPONSE),15.5310033,74.138745,0,STOP,At Fire Station Valpoi ,Fire Station Valpoi
2026-01-17T01:37:37.166Z,GA 07 G 2003-CUR(QUICK RESPONSE),15.2604016,74.1031166,0,STOP,At Fire Station Curchorem,Fire Station Curchorem
2026-01-17T01:37:37.166Z,GA 07 G 7447-CUR(EMERGENCY RESCUE),15.260415,74.10376,0,STOP,At Fire Station Curchorem,Fire Station Curchorem
2026-01-17T01:37:37.166Z,GA 07 G 7557-CUR(WATER TENDER),15.2604083,74.1034266,0,STOP,At Fire Station Curchorem,Fire Station Curchorem
2026-01-17T01:37:37.166Z,GA 07 G 7667-CUR(WATER BOUSER),15.2602533,74.1037266,0,STOP,At Fire Station Curchorem,Fire Station Curchorem
2026-01-17T01:37:37.166Z,GA 07 G 4989-KUN(WATER TENDER),15.4632383,73.9724617,0,STOP,At Fire Station Kundaim,Fire Station Kundaim
2026-01-17T01:37:37.166Z,GA 07 G 2242-PIL(WATER TENDER),15.5329344,73.7940983,0,STOP,At Fire Station Pilerne,Fire Station Pilerne
2026-01-17T01:37:37.166Z,GA 07 G 0681-MAP(QUICK RESPONSE),15.5822,73.80664,43,RUNNING,"Guirim, Goa (NE)",Fire Station Mapusa
2026-01-17T01:37:37.166Z,GA 07 G 0307-PER(QUICK RESPONSE),15.7164939,73.7974239,0,INACTIVE,At Fire Station Pernem,Fire Station Pernem
2026-01-17T01:37:37.166Z,GA 07 G 2101-PER(MS WATER TENDER),15.7164572,73.7975456,0,STOP,At Fire Station Pernem,Fire Station Pernem
2026-01-17T01:37:37.166Z,GA 07 G 4600-PER(MINI RESCUE TENDER),15.7165267,73.7975289,0,STOP,At Fire Station Pernem,Fire Station Pernem
2026-01-17T01:37:37.166Z,GA 07 G 7272-PNJ(WATER TENDER),15.4880722,73.8173878,0,STOP,"Goa College of Home Science, Dayanand Bandodkar Road, Opposite Parade Ground Campal,, Panaji, Goa (SE)",Fire Station Panaji
2026-01-17T01:37:37.166Z,GA07G2384- Cuncolim,15.1861639,74.0211006,0,STOP,At Fire Station Cuncolim,Fire Station Cuncolim
2026-01-17T01:37:37.166Z,GA07G2507 - PER Mid Size (Water Tender),15.684265,73.8325433,70,RUNNING,"Panvel - Kochi - Kanyakumari Hwy, Dargalim, Goa (SW)",Fire Station Pernem
2026-01-17T01:37:37.166Z,GA07G2505 - VAP Mid Size (Water Tender),15.499215,73.961125,46,RUNNING,"Tivrem, Goa (SE)",Fire Station Valpoi
2026-01-17T01:37:37.166Z,GA07G2504 - BIC Mid Size (Water Tender),15.589485,73.9466967,0,STOP,At Fire Station Bicholim ,Fire Station Bicholim
2026-01-17T01:37:37.166Z,GA07G2503- MAP Mid Size (Water Tender),15.5899483,73.808635,0,STOP,At Fire Station Mapusa,Fire Station Mapusa
2026-01-17T01:37:37.166Z,GA07G2502 - FFHQ Mid Size (Water Tender),15.4868,73.8171867,0,STOP,"Caculo Mall, 16 Shanta, St Inez Rd, Caculo Enclave, Santa Inez, Panaji, Goa (NW)",Fire Force Headquarters
2026-01-17T01:38:36.963Z,GA 07 G 0680-PIL(QUICK RESPONSE VEHICLE),15.52289,73.8294267,0,STOP,At Porvorim Fire Station,Fire Station Pilerne
2026-01-17T01:38:36.963Z,GA07G2506 - OLG Mid Size (Water Tender),15.500308,73.91407,0,STOP,At Fire Station Old Goa,Fire Station Old Goa
2026-01-17T01:38:36.963Z,GA 07 G 5115-POR(MINI WATER TENDER),15.52334,73.829453,0,STOP,At Porvorim Fire Station,Fire Station Porvorim
2026-01-17T01:38:36.963Z,GA 07 G 0350-MRG(WATER TENDER),15.269438,73.970627,0,STOP,At Fire Station Margoa,Fire Station Margao
2026-01-17T01:38:36.963Z,GA 07 G 2900-MAP(MINI RESCUE TENDER),15.58999,73.808624,0,STOP,At Fire Station Mapusa,Fire Station Mapusa
2026-01-17T01:38:36.963Z,GA 07 G 7600-FFHQ(WATER BOUSER),15.487228,73.817215,0,STOP,"Caculo Mall, 16 Shanta, St Inez Rd, Caculo Enclave, Santa Inez, Panaji, Goa (NW)",Fire Force Headquarters
2026-01-17T01:38:36.963Z,GA 07 G 2002-FFHQ(TURN TABLE LADDER),15.487413,73.817276,0,STOP,"Caculo Mall, 16 Shanta, St Inez Rd, Caculo Enclave, Santa Inez, Panaji, Goa (NW)",Fire Force Headquarters
2026-01-17T01:38:36.963Z,GA 07 G 7101-FFHQ(WATER TENDER),15.485585,73.816467,0,STOP,At Fire Station panaji,Fire Force Headquarters
2026-01-17T01:38:36.963Z,GA 07 G 7677-FFHQ(EMERGENCY RESCUE),15.487057,73.816986,0,STOP,"Caculo Mall, 16 Shanta, St Inez Rd, Caculo Enclave, Santa Inez, Panaji, Goa (NW)",Fire Force Headquarters
2026-01-17T01:38:36.963Z,GA 07 G 1121-PNJ(EMERGENCY RESCUE),15.487333,73.817299,0,STOP,"Caculo Mall, 16 Shanta, St Inez Rd, Caculo Enclave, Santa Inez, Panaji, Goa (NW)",Fire Station Panaji
2026-01-17T01:38:36.963Z,GA 07 G 1571-FFHQ(QUICK RESPONSE),15.486457,73.817513,0,STOP,"Caculo Mall, 16 Shanta, St Inez Rd, Caculo Enclave, Santa Inez, Panaji, Goa (SW)",Fire Force Headquarters
2026-01-17T01:38:36.963Z,GA 07 G 8101-MAP(WATER TENDER),15.589972,73.808624,0,STOP,At Fire Station Mapusa,Fire Station Mapusa
2026-01-17T01:38:36.963Z,GA 07 G 2317-MRG(EMERGENCY RESCUE TENDER),15.2694116,73.9701666,0,STOP,At Fire Station Margoa,Fire Station Margao
2026-01-17T01:38:36.963Z,GA 07 G 1570-VAS(QUICK RESPONSE FIRE TENDER),15.3887733,73.8513266,0,STOP,At Fire Station Vasco,Fire Station Vasco
2026-01-17T01:38:36.963Z,GA 07 G 4101-VAS(MS WATER TENDER),15.3888166,73.851285,0,STOP,At Fire Station Vasco,Fire Station Vasco
2026-01-17T01:38:36.963Z,GA 07 G 0819-VAS(WATER/FOAM TENDER),15.378345,73.916585,60,RUNNING,"NH566, Nagoa, Goa (NE)",Fire Station Vasco
2026-01-17T01:38:36.963Z,GA 07 G 7100-MRG(WATER BOUSER),15.269415,73.969995,0,STOP,At Fire Station Margoa,Fire Station Margao
2026-01-17T01:38:36.963Z,GA 07 G 1568-MRG(QUICK RESPONSE ),15.2693416,73.9705166,0,STOP,At Fire Station Margoa,Fire Station Margao
2026-01-17T01:38:36.963Z,GA 07 G 6101-MRG(WATER TENDER),15.2694116,73.970255,0,STOP,At Fire Station Margoa,Fire Station Margao
2026-01-17T01:38:36.963Z,GA 07 G 1001-MRG(AERIAL LADDER PLATFORM),15.26938,73.9701583,0,STOP,At Fire Station Margoa,Fire Station Margao
2026-01-17T01:38:36.963Z,GA 07 G 0820-BIC(WATER TEDNER),15.4027967,74.0028217,0,STOP,At Fire Station Ponda ,Fire Station Bicholim
2026-01-17T01:38:36.963Z,GA 07 G 5101-OLG(MS WATER TENDER),15.500265,73.9139483,0,STOP,At Fire Station Old Goa,Fire Station Old Goa
2026-01-17T01:38:36.963Z,GA 07 G 3101-BIC(MS WATER TENDER),15.5893,73.9467033,4,STOP,At Fire Station Bicholim ,Fire Station Bicholim
2026-01-17T01:38:36.963Z,GA 07 G 1941-BIC(QUICK RESPONSE),15.6000116,73.9391599,60,RUNNING,"Shri Mahamaya Temple, Borden, Bicholim, Goa (SE)",Fire Station Bicholim
2026-01-17T01:38:36.963Z,GA 07 G 2319-VAS (EMERGENCY RESCUE TENDER),15.3900983,73.8532383,0,STOP,"Zuari Rd, Holy Cross Colony, Dabolim, Goa (SE)",Fire Station Vasco
2026-01-17T01:38:36.963Z,GA 07 G 3737-VAP(WATER TENDER),15.5310533,74.1388916,0,STOP,At Fire Station Valpoi ,Fire Station Valpoi
2026-01-17T01:38:36.963Z,GA 07 G 2318-PND(EMERGENCY RESCUE TENDER),15.4028033,74.00293,0,STOP,At Fire Station Ponda ,Fire Station Ponda
2026-01-17T01:38:36.963Z,GA 07 G 2004-PND(QUICK RESPONSE),15.4141016,73.9073083,0,INACTIVE,"Guru Hotel, Old Ferry Road, Agaçaim, Goa (SE)",Fire Station Ponda
2026-01-17T01:38:36.963Z,GA 07 G 9101-PND(WATER TENDER),15.4027033,74.0028733,0,STOP,At Fire Station Ponda ,Fire Station Ponda
2026-01-17T01:38:36.963Z,GA 07 G 9797-PND(WATER BOUSER),15.4027999,74.0027016,0,STOP,At Fire Station Ponda ,Fire Station Ponda
2026-01-17T01:38:36.963Z,GA 07 G 6363-CAN(WATER TENDER),15.02361,74.04406,0,INACTIVE,"Canacona, The Lalitrajbaga ,Canacona, Canacona, Goa (NE)",Fire Station Canacona
2026-01-17T01:38:36.963Z,GA 07 G 1567-CAN(QUICK RESPONSE FT),15.0233599,74.0440833,0,INACTIVE,"Canacona, The Lalitrajbaga ,Canacona, Canacona, Goa (NE)",Fire Station Canacona
2026-01-17T01:38:36.963Z,GA 07 G 1569-VRN(QUICK RESPONSE),15.369545,73.9355216,0,STOP,At Fire Station Verna,Fire Station Verna
2026-01-17T01:38:36.963Z,GA 07 G 9909-VRN(ADVANCE MULTI-PURPOSE),15.36974,73.9360833,0,STOP,At Fire Station Verna,Fire Station Verna
2026-01-17T01:38:36.963Z,GA 07 G 1942-VAP(QUICK RESPONSE),15.5310033,74.138745,0,STOP,At Fire Station Valpoi ,Fire Station Valpoi
2026-01-17T01:38:36.963Z,GA 07 G 2003-CUR(QUICK RESPONSE),15.2604016,74.1031166,0,STOP,At Fire Station Curchorem,Fire Station Curchorem
2026-01-17T01:38:36.963Z,GA 07 G 7447-CUR(EMERGENCY RESCUE),15.260415,74.10376,0,STOP,At Fire Station Curchorem,Fire Station Curchorem
2026-01-17T01:38:36.963Z,GA 07 G 7557-CUR(WATER TENDER),15.2604083,74.1034266,0,STOP,At Fire Station Curchorem,Fire Station Curchorem
2026-01-17T01:38:36.963Z,GA 07 G 7667-CUR(WATER BOUSER),15.2602533,74.1037266,0,STOP,At Fire Station Curchorem,Fire Station Curchorem
2026-01-17T01:38:36.963Z,GA 07 G 4989-KUN(WATER TENDER),15.4632383,73.9724617,0,STOP,At Fire Station Kundaim,Fire Station Kundaim
2026-01-17T01:38:36.963Z,GA 07 G 2242-PIL(WATER TENDER),15.5329344,73.7940983,0,STOP,At Fire Station Pilerne,Fire Station Pilerne
2026-01-17T01:38:36.963Z,GA 07 G 0681-MAP(QUICK RESPONSE),15.5758567,73.8063883,53,RUNNING,"La Mansion Goa, Mapusa Panjim Highway, Guirim, Goa (NW)",Fire Station Mapusa
2026-01-17T01:38:36.963Z,GA 07 G 0307-PER(QUICK RESPONSE),15.7164939,73.7974239,0,INACTIVE,At Fire Station Pernem,Fire Station Pernem
2026-01-17T01:38:36.963Z,GA 07 G 2101-PER(MS WATER TENDER),15.7164572,73.7975456,0,STOP,At Fire Station Pernem,Fire Station Pernem
2026-01-17T01:38:36.963Z,GA 07 G 4600-PER(MINI RESCUE TENDER),15.7165267,73.7975289,0,STOP,At Fire Station Pernem,Fire Station Pernem
2026-01-17T01:38:36.963Z,GA 07 G 7272-PNJ(WATER TENDER),15.4880722,73.8173878,0,STOP,"Goa College of Home Science, Dayanand Bandodkar Road, Opposite Parade Ground Campal,, Panaji, Goa (SE)",Fire Station Panaji
2026-01-17T01:38:36.963Z,GA07G2384- Cuncolim,15.1861639,74.0211006,0,STOP,At Fire Station Cuncolim,Fire Station Cuncolim
2026-01-17T01:38:36.963Z,GA07G2507 - PER Mid Size (Water Tender),15.6755617,73.8371333,68,RUNNING,"Panvel - Kochi - Kanyakumari Hwy, Dargalim, Goa (SW)",Fire Station Pernem
2026-01-17T01:38:36.963Z,GA07G2505 - VAP Mid Size (Water Tender),15.4962817,73.957535,59,RUNNING,"Tivrem, Goa (SE)",Fire Station Valpoi
2026-01-17T01:38:36.963Z,GA07G2504 - BIC Mid Size (Water Tender),15.589485,73.9466967,0,STOP,At Fire Station Bicholim ,Fire Station Bicholim
2026-01-17T01:38:36.963Z,GA07G2503- MAP Mid Size (Water Tender),15.5899483,73.808635,0,STOP,At Fire Station Mapusa,Fire Station Mapusa
2026-01-17T01:38:36.963Z,GA07G2502 - FFHQ Mid Size (Water Tender),15.4868,73.8171867,0,STOP,"Caculo Mall, 16 Shanta, St Inez Rd, Caculo Enclave, Santa Inez, Panaji, Goa (NW)",Fire Force Headquarters
2026-01-17T01:39:38.073Z,GA 07 G 0680-PIL(QUICK RESPONSE VEHICLE),15.52289,73.8294267,0,STOP,At Porvorim Fire Station,Fire Station Pilerne
2026-01-17T01:39:38.073Z,GA07G2506 - OLG Mid Size (Water Tender),15.500308,73.91407,0,STOP,At Fire Station Old Goa,Fire Station Old Goa
2026-01-17T01:39:38.073Z,GA 07 G 5115-POR(MINI WATER TENDER),15.52334,73.829453,0,STOP,At Porvorim Fire Station,Fire Station Porvorim
2026-01-17T01:39:38.073Z,GA 07 G 0350-MRG(WATER TENDER),15.269438,73.970627,0,STOP,At Fire Station Margoa,Fire Station Margao
2026-01-17T01:39:38.073Z,GA 07 G 2900-MAP(MINI RESCUE TENDER),15.58999,73.808624,0,STOP,At Fire Station Mapusa,Fire Station Mapusa
2026-01-17T01:39:38.073Z,GA 07 G 7600-FFHQ(WATER BOUSER),15.487178,73.817192,0,RUNNING,"Caculo Mall, 16 Shanta, St Inez Rd, Caculo Enclave, Santa Inez, Panaji, Goa (NW)",Fire Force Headquarters
2026-01-17T01:39:38.073Z,GA 07 G 2002-FFHQ(TURN TABLE LADDER),15.487413,73.817276,0,STOP,"Caculo Mall, 16 Shanta, St Inez Rd, Caculo Enclave, Santa Inez, Panaji, Goa (NW)",Fire Force Headquarters
2026-01-17T01:39:38.073Z,GA 07 G 7101-FFHQ(WATER TENDER),15.485585,73.816467,0,STOP,At Fire Station panaji,Fire Force Headquarters
2026-01-17T01:39:38.073Z,GA 07 G 7677-FFHQ(EMERGENCY RESCUE),15.487057,73.816986,0,STOP,"Caculo Mall, 16 Shanta, St Inez Rd, Caculo Enclave, Santa Inez, Panaji, Goa (NW)",Fire Force Headquarters
2026-01-17T01:39:38.073Z,GA 07 G 1121-PNJ(EMERGENCY RESCUE),15.487333,73.817299,0,STOP,"Caculo Mall, 16 Shanta, St Inez Rd, Caculo Enclave, Santa Inez, Panaji, Goa (NW)",Fire Station Panaji
2026-01-17T01:39:38.073Z,GA 07 G 1571-FFHQ(QUICK RESPONSE),15.486457,73.817513,0,STOP,"Caculo Mall, 16 Shanta, St Inez Rd, Caculo Enclave, Santa Inez, Panaji, Goa (SW)",Fire Force Headquarters
2026-01-17T01:39:38.073Z,GA 07 G 8101-MAP(WATER TENDER),15.589972,73.808624,0,STOP,At Fire Station Mapusa,Fire Station Mapusa
2026-01-17T01:39:38.073Z,GA 07 G 2317-MRG(EMERGENCY RESCUE TENDER),15.2694116,73.9701666,0,STOP,At Fire Station Margoa,Fire Station Margao
2026-01-17T01:39:38.073Z,GA 07 G 1570-VAS(QUICK RESPONSE FIRE TENDER),15.3887733,73.8513266,0,STOP,At Fire Station Vasco,Fire Station Vasco
2026-01-17T01:39:38.073Z,GA 07 G 4101-VAS(MS WATER TENDER),15.3888166,73.851285,0,STOP,At Fire Station Vasco,Fire Station Vasco
2026-01-17T01:39:38.073Z,GA 07 G 0819-VAS(WATER/FOAM TENDER),15.37621,73.9251383,35,RUNNING,"Verna Birla Bypass, Quelossim, Goa (NW)",Fire Station Vasco
2026-01-17T01:39:38.073Z,GA 07 G 7100-MRG(WATER BOUSER),15.269415,73.969995,0,STOP,At Fire Station Margoa,Fire Station Margao
2026-01-17T01:39:38.073Z,GA 07 G 1568-MRG(QUICK RESPONSE ),15.2693416,73.9705166,0,STOP,At Fire Station Margoa,Fire Station Margao
2026-01-17T01:39:38.073Z,GA 07 G 6101-MRG(WATER TENDER),15.2694116,73.970255,0,STOP,At Fire Station Margoa,Fire Station Margao
2026-01-17T01:39:38.073Z,GA 07 G 1001-MRG(AERIAL LADDER PLATFORM),15.26938,73.9701583,0,STOP,At Fire Station Margoa,Fire Station Margao
2026-01-17T01:39:38.073Z,GA 07 G 0820-BIC(WATER TEDNER),15.4027967,74.0028217,0,STOP,At Fire Station Ponda ,Fire Station Bicholim
2026-01-17T01:39:38.073Z,GA 07 G 5101-OLG(MS WATER TENDER),15.500265,73.9139483,0,STOP,At Fire Station Old Goa,Fire Station Old Goa
2026-01-17T01:39:38.073Z,GA 07 G 3101-BIC(MS WATER TENDER),15.5893216,73.9466383,1,STOP,At Fire Station Bicholim ,Fire Station Bicholim
2026-01-17T01:39:38.073Z,GA 07 G 1941-BIC(QUICK RESPONSE),15.6051433,73.9341966,28,RUNNING,"Ritz 3, Mulgoan, Goa (SE)",Fire Station Bicholim
2026-01-17T01:39:38.073Z,GA 07 G 2319-VAS (EMERGENCY RESCUE TENDER),15.3900983,73.8532383,0,STOP,"Zuari Rd, Holy Cross Colony, Dabolim, Goa (SE)",Fire Station Vasco
2026-01-17T01:39:38.073Z,GA 07 G 3737-VAP(WATER TENDER),15.5310533,74.1388916,0,STOP,At Fire Station Valpoi ,Fire Station Valpoi
2026-01-17T01:39:38.073Z,GA 07 G 2318-PND(EMERGENCY RESCUE TENDER),15.4028033,74.00293,0,STOP,At Fire Station Ponda ,Fire Station Ponda
2026-01-17T01:39:38.073Z,GA 07 G 2004-PND(QUICK RESPONSE),15.4141016,73.9073083,0,INACTIVE,"Guru Hotel, Old Ferry Road, Agaçaim, Goa (SE)",Fire Station Ponda
2026-01-17T01:39:38.073Z,GA 07 G 9101-PND(WATER TENDER),15.4027033,74.0028733,0,STOP,At Fire Station Ponda ,Fire Station Ponda
2026-01-17T01:39:38.073Z,GA 07 G 9797-PND(WATER BOUSER),15.4027999,74.0027016,0,STOP,At Fire Station Ponda ,Fire Station Ponda
2026-01-17T01:39:38.073Z,GA 07 G 6363-CAN(WATER TENDER),15.02361,74.04406,0,INACTIVE,"Canacona, The Lalitrajbaga ,Canacona, Canacona, Goa (NE)",Fire Station Canacona
2026-01-17T01:39:38.073Z,GA 07 G 1567-CAN(QUICK RESPONSE FT),15.0233599,74.0440833,0,INACTIVE,"Canacona, The Lalitrajbaga ,Canacona, Canacona, Goa (NE)",Fire Station Canacona
2026-01-17T01:39:38.073Z,GA 07 G 1569-VRN(QUICK RESPONSE),15.369545,73.9355216,0,STOP,At Fire Station Verna,Fire Station Verna
2026-01-17T01:39:38.073Z,GA 07 G 9909-VRN(ADVANCE MULTI-PURPOSE),15.36974,73.9360833,0,STOP,At Fire Station Verna,Fire Station Verna
2026-01-17T01:39:38.073Z,GA 07 G 1942-VAP(QUICK RESPONSE),15.5310033,74.138745,0,STOP,At Fire Station Valpoi ,Fire Station Valpoi
2026-01-17T01:39:38.073Z,GA 07 G 2003-CUR(QUICK RESPONSE),15.2604016,74.1031166,0,STOP,At Fire Station Curchorem,Fire Station Curchorem
2026-01-17T01:39:38.073Z,GA 07 G 7447-CUR(EMERGENCY RESCUE),15.260415,74.10376,0,STOP,At Fire Station Curchorem,Fire Station Curchorem
2026-01-17T01:39:38.073Z,GA 07 G 7557-CUR(WATER TENDER),15.2604083,74.1034266,0,STOP,At Fire Station Curchorem,Fire Station Curchorem
2026-01-17T01:39:38.073Z,GA 07 G 7667-CUR(WATER BOUSER),15.2602533,74.1037266,0,STOP,At Fire Station Curchorem,Fire Station Curchorem
2026-01-17T01:39:38.073Z,GA 07 G 4989-KUN(WATER TENDER),15.4632383,73.9724617,0,STOP,At Fire Station Kundaim,Fire Station Kundaim
2026-01-17T01:39:38.073Z,GA 07 G 2242-PIL(WATER TENDER),15.5329344,73.7940983,0,STOP,At Fire Station Pilerne,Fire Station Pilerne
2026-01-17T01:39:38.073Z,GA 07 G 0681-MAP(QUICK RESPONSE),15.5706383,73.8068367,44,RUNNING,"Dempo Sporting Arena, Guirim, Goa (SE)",Fire Station Mapusa
2026-01-17T01:39:38.073Z,GA 07 G 0307-PER(QUICK RESPONSE),15.7164939,73.7974239,0,INACTIVE,At Fire Station Pernem,Fire Station Pernem
2026-01-17T01:39:38.073Z,GA 07 G 2101-PER(MS WATER TENDER),15.7164572,73.7975456,0,STOP,At Fire Station Pernem,Fire Station Pernem
2026-01-17T01:39:38.073Z,GA 07 G 4600-PER(MINI RESCUE TENDER),15.7165267,73.7975289,0,STOP,At Fire Station Pernem,Fire Station Pernem
2026-01-17T01:39:38.073Z,GA 07 G 7272-PNJ(WATER TENDER),15.4880722,73.8173878,0,STOP,"Goa College of Home Science, Dayanand Bandodkar Road, Opposite Parade Ground Campal,, Panaji, Goa (SE)",Fire Station Panaji
2026-01-17T01:39:38.073Z,GA07G2384- Cuncolim,15.1861639,74.0211006,0,STOP,At Fire Station Cuncolim,Fire Station Cuncolim
2026-01-17T01:39:38.073Z,GA07G2507 - PER Mid Size (Water Tender),15.6686317,73.8380617,51,RUNNING,"Goan Cuisine, 710/29, Beside Corporation Bank, Dargalim, Goa (NE)",Fire Station Pernem
2026-01-17T01:39:38.073Z,GA07G2505 - VAP Mid Size (Water Tender),15.4906617,73.95782,7,RUNNING,"Banastari, Adcolna, Goa (NE)",Fire Station Valpoi
2026-01-17T01:39:38.073Z,GA07G2504 - BIC Mid Size (Water Tender),15.589485,73.9466967,0,STOP,At Fire Station Bicholim ,Fire Station Bicholim
2026-01-17T01:39:38.073Z,GA07G2503- MAP Mid Size (Water Tender),15.5899483,73.808635,0,STOP,At Fire Station Mapusa,Fire Station Mapusa
2026-01-17T01:39:38.073Z,GA07G2502 - FFHQ Mid Size (Water Tender),15.4868,73.8171867,0,STOP,"Caculo Mall, 16 Shanta, St Inez Rd, Caculo Enclave, Santa Inez, Panaji, Goa (NW)",Fire Force Headquarters
