{
  "type": "FeatureCollection",
  "metadata": {
    "date": "20251220",
    "source": "Directorate of Fire Emergency Services, Govt. of Goa",
    "description": "Daily GPS tracks of fire trucks",
    "lastUpdated": "2025-12-20T18:10:34.948Z",
    "count": 52
  },
  "features": [
    {
      "type": "Feature",
      "geometry": {
        "type": "LineString",
        "coordinates": [
          [
            73.8170567,
            15.4865167
          ],
          [
            73.8153317,
            15.483205
          ],
          [
            73.8124667,
            15.4808017
          ],
          [
            73.8148033,
            15.4771667
          ],
          [
            73.8206783,
            15.475445
          ],
          [
            73.8201817,
            15.46993
          ],
          [
            73.8192867,
            15.467375
          ],
          [
            73.817245,
            15.4673117
          ],
          [
            73.8142083,
            15.4671733
          ],
          [
            73.81176,
            15.46593
          ],
          [
            73.8098467,
            15.4659667
          ],
          [
            73.8107267,
            15.4679633
          ],
          [
            73.8112383,
            15.46926
          ],
          [
            73.81088,
            15.4692317
          ],
          [
            73.8109217,
            15.4693417
          ],
          [
            73.81097,
            15.4694267
          ],
          [
            73.810945,
            15.4694567
          ],
          [
            73.8109533,
            15.469445
          ],
          [
            73.8098883,
            15.4656067
          ],
          [
            73.816015,
            15.4673217
          ],
          [
            73.8186283,
            15.467845
          ],
          [
            73.8157967,
            15.47039
          ],
          [
            73.8116217,
            15.4718233
          ],
          [
            73.811995,
            15.4747533
          ],
          [
            73.812215,
            15.4778117
          ],
          [
            73.8122233,
            15.4800917
          ],
          [
            73.8142667,
            15.4825433
          ],
          [
            73.816415,
            15.4845017
          ],
          [
            73.8169683,
            15.4864433
          ],
          [
            73.8169683,
            15.4865067
          ],
          [
            73.8174883,
            15.48669
          ],
          [
            73.8171467,
            15.4858883
          ],
          [
            73.8163983,
            15.4840817
          ],
          [
            73.8151933,
            15.4831667
          ],
          [
            73.8145833,
            15.4827783
          ],
          [
            73.812305,
            15.48068
          ],
          [
            73.81206,
            15.477175
          ],
          [
            73.812085,
            15.4744833
          ],
          [
            73.8120117,
            15.4718717
          ],
          [
            73.815495,
            15.470605
          ],
          [
            73.81901,
            15.46873
          ],
          [
            73.8201333,
            15.4668817
          ],
          [
            73.8218583,
            15.4649217
          ],
          [
            73.822705,
            15.4628967
          ],
          [
            73.8227133,
            15.4595283
          ],
          [
            73.82474,
            15.4589167
          ],
          [
            73.8331783,
            15.4584
          ],
          [
            73.8351733,
            15.45634
          ],
          [
            73.8351567,
            15.456275
          ],
          [
            73.8326667,
            15.458475
          ],
          [
            73.8264083,
            15.4583483
          ],
          [
            73.8204267,
            15.459295
          ],
          [
            73.8145667,
            15.4592733
          ],
          [
            73.812085,
            15.459225
          ],
          [
            73.8128583,
            15.4593417
          ],
          [
            73.815535,
            15.4600283
          ],
          [
            73.820565,
            15.459355
          ],
          [
            73.8271967,
            15.4582967
          ],
          [
            73.83348,
            15.458065
          ],
          [
            73.839445,
            15.4567667
          ],
          [
            73.8408767,
            15.4583333
          ],
          [
            73.8415767,
            15.4585283
          ],
          [
            73.84126,
            15.45742
          ],
          [
            73.840845,
            15.4584233
          ],
          [
            73.8415533,
            15.4584283
          ],
          [
            73.8413083,
            15.45734
          ],
          [
            73.834855,
            15.457155
          ],
          [
            73.82876,
            15.458395
          ],
          [
            73.8225583,
            15.4596233
          ],
          [
            73.8230467,
            15.4635717
          ],
          [
            73.8204517,
            15.465865
          ],
          [
            73.8201083,
            15.469475
          ],
          [
            73.8205733,
            15.472725
          ],
          [
            73.8205733,
            15.47617
          ],
          [
            73.8204917,
            15.476515
          ],
          [
            73.8199217,
            15.4799883
          ],
          [
            73.82006,
            15.4826233
          ],
          [
            73.8207283,
            15.4863867
          ],
          [
            73.8176917,
            15.4866833
          ],
          [
            73.8170983,
            15.4865217
          ]
        ]
      },
      "properties": {
        "Vehicle_No": "GA 07 G 0680-PIL(QUICK RESPONSE VEHICLE)",
        "Vehicle_Name": "4G",
        "Branch": "Fire Station Pilerne",
        "created": "20-12-2025 10:19:15",
        "lastUpdated": "20-12-2025 23:16:13"
      }
    },
    {
      "type": "Feature",
      "geometry": {
        "type": "LineString",
        "coordinates": [
          [
            73.914055,
            15.500348
          ],
          [
            73.914055,
            15.500317
          ],
          [
            73.914062,
            15.500312
          ],
          [
            73.914047,
            15.500305
          ],
          [
            73.914032,
            15.500295
          ],
          [
            73.914032,
            15.500345
          ],
          [
            73.914009,
            15.499933
          ],
          [
            73.915466,
            15.497045
          ],
          [
            73.921089,
            15.493027
          ],
          [
            73.923012,
            15.486372
          ],
          [
            73.923111,
            15.485658
          ],
          [
            73.923111,
            15.485663
          ],
          [
            73.922501,
            15.484975
          ],
          [
            73.921104,
            15.48368
          ],
          [
            73.918594,
            15.482195
          ],
          [
            73.91713,
            15.482067
          ],
          [
            73.917191,
            15.482042
          ],
          [
            73.917206,
            15.482008
          ],
          [
            73.917252,
            15.481847
          ],
          [
            73.917252,
            15.481852
          ],
          [
            73.917252,
            15.48186
          ],
          [
            73.917252,
            15.481865
          ],
          [
            73.917252,
            15.481872
          ],
          [
            73.917244,
            15.481875
          ],
          [
            73.917252,
            15.481873
          ],
          [
            73.918259,
            15.482155
          ],
          [
            73.921066,
            15.483442
          ],
          [
            73.922798,
            15.485207
          ],
          [
            73.923012,
            15.488492
          ],
          [
            73.918777,
            15.493743
          ],
          [
            73.914787,
            15.497982
          ],
          [
            73.914154,
            15.500238
          ],
          [
            73.914207,
            15.500425
          ],
          [
            73.914192,
            15.500327
          ],
          [
            73.914207,
            15.5003
          ],
          [
            73.914192,
            15.50033
          ],
          [
            73.914169,
            15.500298
          ],
          [
            73.914169,
            15.50029
          ],
          [
            73.914185,
            15.500273
          ],
          [
            73.914169,
            15.500265
          ],
          [
            73.914154,
            15.500305
          ]
        ]
      },
      "properties": {
        "Vehicle_No": "GA07G2506 - Mid Size (Water Tender)",
        "Vehicle_Name": "TS101",
        "Branch": "Fire Station Old Goa",
        "created": "20-12-2025 10:17:30",
        "lastUpdated": "20-12-2025 16:21:02"
      }
    },
    {
      "type": "Feature",
      "geometry": {
        "type": "LineString",
        "coordinates": [
          [
            73.829437,
            15.522922
          ],
          [
            73.829376,
            15.52301
          ],
          [
            73.829422,
            15.523013
          ],
          [
            73.829483,
            15.523045
          ],
          [
            73.829468,
            15.523043
          ],
          [
            73.82946,
            15.52308
          ],
          [
            73.829437,
            15.523023
          ],
          [
            73.829391,
            15.523015
          ],
          [
            73.829391,
            15.522995
          ]
        ]
      },
      "properties": {
        "Vehicle_No": "GA 07 G 5115-POR(MINI WATER TENDER)",
        "Vehicle_Name": "TS101",
        "Branch": "Fire Station Porvorim",
        "created": "20-12-2025 10:18:59",
        "lastUpdated": "20-12-2025 21:42:58"
      }
    },
    {
      "type": "Feature",
      "geometry": {
        "type": "LineString",
        "coordinates": [
          [
            73.970589,
            15.269425
          ]
        ]
      },
      "properties": {
        "Vehicle_No": "GA 07 G 0350-MRG(WATER TENDER)",
        "Vehicle_Name": "TS101",
        "Branch": "Fire Station Margao",
        "created": "20-12-2025 10:17:28",
        "lastUpdated": "20-12-2025 10:17:28"
      }
    },
    {
      "type": "Feature",
      "geometry": {
        "type": "LineString",
        "coordinates": [
          [
            73.808846,
            15.589888
          ],
          [
            73.808861,
            15.590013
          ],
          [
            73.808876,
            15.590022
          ],
          [
            73.808868,
            15.590038
          ],
          [
            73.808754,
            15.589948
          ],
          [
            73.808846,
            15.589928
          ],
          [
            73.808914,
            15.589988
          ],
          [
            73.809265,
            15.591188
          ],
          [
            73.811211,
            15.59089
          ],
          [
            73.812958,
            15.591888
          ],
          [
            73.814995,
            15.59352
          ],
          [
            73.818665,
            15.594985
          ],
          [
            73.821358,
            15.597333
          ],
          [
            73.824059,
            15.600027
          ],
          [
            73.826508,
            15.603055
          ],
          [
            73.82663,
            15.603023
          ],
          [
            73.825836,
            15.602898
          ],
          [
            73.825104,
            15.601602
          ],
          [
            73.820068,
            15.59608
          ],
          [
            73.816795,
            15.593455
          ],
          [
            73.813904,
            15.593358
          ],
          [
            73.812286,
            15.590822
          ],
          [
            73.810455,
            15.58997
          ],
          [
            73.808998,
            15.589045
          ],
          [
            73.80938,
            15.591067
          ],
          [
            73.808876,
            15.589877
          ],
          [
            73.808876,
            15.589955
          ],
          [
            73.808823,
            15.589935
          ],
          [
            73.809021,
            15.591083
          ],
          [
            73.811058,
            15.590895
          ],
          [
            73.813332,
            15.592582
          ],
          [
            73.81517,
            15.593488
          ],
          [
            73.819008,
            15.595152
          ],
          [
            73.821388,
            15.597278
          ],
          [
            73.82431,
            15.600305
          ],
          [
            73.82505,
            15.601608
          ],
          [
            73.82653,
            15.603007
          ],
          [
            73.82653,
            15.603005
          ],
          [
            73.826538,
            15.603
          ],
          [
            73.826538,
            15.603005
          ],
          [
            73.826035,
            15.603215
          ],
          [
            73.825554,
            15.601847
          ],
          [
            73.825371,
            15.601625
          ],
          [
            73.825325,
            15.601623
          ],
          [
            73.817924,
            15.59413
          ],
          [
            73.814079,
            15.593503
          ],
          [
            73.812782,
            15.590963
          ],
          [
            73.809906,
            15.590008
          ],
          [
            73.809692,
            15.589803
          ],
          [
            73.808853,
            15.590317
          ],
          [
            73.808884,
            15.589887
          ],
          [
            73.808891,
            15.589885
          ],
          [
            73.808914,
            15.589963
          ],
          [
            73.808914,
            15.589947
          ],
          [
            73.808914,
            15.589935
          ]
        ]
      },
      "properties": {
        "Vehicle_No": "GA 07 G 2900-MAP(MINI RESCUE TENDER)",
        "Vehicle_Name": "TS101",
        "Branch": "Fire Station Mapusa",
        "created": "20-12-2025 10:16:51",
        "lastUpdated": "20-12-2025 22:04:20"
      }
    },
    {
      "type": "Feature",
      "geometry": {
        "type": "LineString",
        "coordinates": [
          [
            73.817154,
            15.487157
          ],
          [
            73.817116,
            15.487195
          ],
          [
            73.81723,
            15.48722
          ],
          [
            73.817123,
            15.487222
          ],
          [
            73.817062,
            15.487208
          ],
          [
            73.817123,
            15.487068
          ],
          [
            73.816978,
            15.48718
          ],
          [
            73.816986,
            15.48737
          ],
          [
            73.817009,
            15.48717
          ],
          [
            73.81694,
            15.487213
          ],
          [
            73.817101,
            15.487165
          ],
          [
            73.817413,
            15.487153
          ],
          [
            73.817459,
            15.487148
          ],
          [
            73.817169,
            15.487278
          ],
          [
            73.816689,
            15.487333
          ],
          [
            73.817154,
            15.487068
          ],
          [
            73.817482,
            15.48698
          ],
          [
            73.817413,
            15.487052
          ],
          [
            73.817039,
            15.487137
          ],
          [
            73.816994,
            15.487238
          ],
          [
            73.817276,
            15.487142
          ],
          [
            73.81749,
            15.486998
          ],
          [
            73.817062,
            15.487133
          ],
          [
            73.817062,
            15.487098
          ],
          [
            73.817146,
            15.487068
          ],
          [
            73.817238,
            15.487103
          ],
          [
            73.817474,
            15.487092
          ],
          [
            73.817192,
            15.4871
          ],
          [
            73.817146,
            15.487083
          ],
          [
            73.817062,
            15.487117
          ]
        ]
      },
      "properties": {
        "Vehicle_No": "GA 07 G 7600-FFHQ(WATER BOUSER)",
        "Vehicle_Name": "TS101",
        "Branch": "Fire Force Headquarters",
        "created": "20-12-2025 10:19:15",
        "lastUpdated": "20-12-2025 19:17:00"
      }
    },
    {
      "type": "Feature",
      "geometry": {
        "type": "LineString",
        "coordinates": [
          [
            73.817261,
            15.48737
          ]
        ]
      },
      "properties": {
        "Vehicle_No": "GA 07 G 2002-FFHQ(TURN TABLE LADDER)",
        "Vehicle_Name": "TS101",
        "Branch": "Fire Force Headquarters",
        "created": "20-12-2025 10:19:10",
        "lastUpdated": "20-12-2025 10:19:10"
      }
    },
    {
      "type": "Feature",
      "geometry": {
        "type": "LineString",
        "coordinates": [
          [
            73.816948,
            15.48689
          ],
          [
            73.81707,
            15.486898
          ],
          [
            73.817337,
            15.486712
          ],
          [
            73.817017,
            15.487477
          ],
          [
            73.814064,
            15.488797
          ],
          [
            73.812241,
            15.486787
          ],
          [
            73.8097,
            15.483893
          ],
          [
            73.808861,
            15.481912
          ],
          [
            73.808334,
            15.476993
          ],
          [
            73.807983,
            15.471293
          ],
          [
            73.80658,
            15.466388
          ],
          [
            73.803543,
            15.459862
          ],
          [
            73.80365,
            15.457955
          ],
          [
            73.805222,
            15.45841
          ],
          [
            73.808594,
            15.458988
          ],
          [
            73.814072,
            15.459368
          ],
          [
            73.817398,
            15.460903
          ],
          [
            73.817162,
            15.461722
          ],
          [
            73.817146,
            15.461678
          ],
          [
            73.817162,
            15.4617
          ],
          [
            73.817101,
            15.461673
          ],
          [
            73.817123,
            15.461632
          ],
          [
            73.817123,
            15.461637
          ],
          [
            73.817139,
            15.461642
          ],
          [
            73.817139,
            15.461643
          ],
          [
            73.817146,
            15.461645
          ],
          [
            73.817078,
            15.461755
          ],
          [
            73.817085,
            15.461885
          ],
          [
            73.817482,
            15.460453
          ],
          [
            73.820511,
            15.459373
          ],
          [
            73.821571,
            15.461538
          ],
          [
            73.823051,
            15.46352
          ],
          [
            73.82048,
            15.465538
          ],
          [
            73.819901,
            15.467997
          ],
          [
            73.820358,
            15.471043
          ],
          [
            73.820663,
            15.474872
          ],
          [
            73.820396,
            15.478503
          ],
          [
            73.819855,
            15.48284
          ],
          [
            73.820732,
            15.486493
          ],
          [
            73.818893,
            15.486863
          ],
          [
            73.817062,
            15.486983
          ],
          [
            73.817024,
            15.486855
          ]
        ]
      },
      "properties": {
        "Vehicle_No": "GA 07 G 7101-FFHQ(WATER TENDER)",
        "Vehicle_Name": "TS101",
        "Branch": "Fire Force Headquarters",
        "created": "20-12-2025 10:19:20",
        "lastUpdated": "20-12-2025 22:09:04"
      }
    },
    {
      "type": "Feature",
      "geometry": {
        "type": "LineString",
        "coordinates": [
          [
            73.817223,
            15.487257
          ],
          [
            73.817261,
            15.487283
          ],
          [
            73.817329,
            15.487303
          ],
          [
            73.817329,
            15.487338
          ],
          [
            73.817337,
            15.487325
          ],
          [
            73.817375,
            15.487353
          ],
          [
            73.817307,
            15.487313
          ],
          [
            73.81736,
            15.487425
          ],
          [
            73.817215,
            15.48733
          ],
          [
            73.8172,
            15.487327
          ],
          [
            73.817215,
            15.487343
          ],
          [
            73.817284,
            15.487372
          ],
          [
            73.817261,
            15.48733
          ],
          [
            73.81736,
            15.487355
          ],
          [
            73.817307,
            15.487335
          ],
          [
            73.817299,
            15.487357
          ],
          [
            73.817268,
            15.48732
          ],
          [
            73.817268,
            15.487323
          ]
        ]
      },
      "properties": {
        "Vehicle_No": "GA 07 G 7677-FFHQ(EMERGENCY RESCUE)",
        "Vehicle_Name": "TS101",
        "Branch": "Fire Force Headquarters",
        "created": "20-12-2025 10:19:04",
        "lastUpdated": "20-12-2025 18:44:34"
      }
    },
    {
      "type": "Feature",
      "geometry": {
        "type": "LineString",
        "coordinates": [
          [
            73.817169,
            15.487135
          ]
        ]
      },
      "properties": {
        "Vehicle_No": "GA 07 G 1121-PNJ(EMERGENCY RESCUE)",
        "Vehicle_Name": "TS101",
        "Branch": "Fire Station Panaji",
        "created": "20-12-2025 10:19:22",
        "lastUpdated": "20-12-2025 10:19:22"
      }
    },
    {
      "type": "Feature",
      "geometry": {
        "type": "LineString",
        "coordinates": [
          [
            73.817406,
            15.486713
          ],
          [
            73.817696,
            15.486462
          ],
          [
            73.815201,
            15.488973
          ],
          [
            73.816963,
            15.492043
          ],
          [
            73.819191,
            15.49712
          ],
          [
            73.820572,
            15.498253
          ],
          [
            73.820892,
            15.498608
          ],
          [
            73.820869,
            15.498612
          ],
          [
            73.82093,
            15.498635
          ],
          [
            73.820732,
            15.498782
          ],
          [
            73.820709,
            15.498733
          ],
          [
            73.820839,
            15.498673
          ],
          [
            73.820831,
            15.49863
          ],
          [
            73.820877,
            15.498588
          ],
          [
            73.820526,
            15.498202
          ],
          [
            73.819229,
            15.496512
          ],
          [
            73.817505,
            15.492533
          ],
          [
            73.815025,
            15.489143
          ],
          [
            73.817673,
            15.48709
          ],
          [
            73.817543,
            15.48669
          ],
          [
            73.817574,
            15.486565
          ],
          [
            73.817375,
            15.486615
          ]
        ]
      },
      "properties": {
        "Vehicle_No": "GA 07 G 1571-FFHQ(QUICK RESPONSE)",
        "Vehicle_Name": "TS101",
        "Branch": "Fire Force Headquarters",
        "created": "20-12-2025 10:15:41",
        "lastUpdated": "20-12-2025 21:53:22"
      }
    },
    {
      "type": "Feature",
      "geometry": {
        "type": "LineString",
        "coordinates": [
          [
            73.808716,
            15.589882
          ],
          [
            73.808617,
            15.590017
          ],
          [
            73.808632,
            15.590083
          ],
          [
            73.80867,
            15.590082
          ],
          [
            73.808662,
            15.589935
          ],
          [
            73.80867,
            15.589937
          ],
          [
            73.808609,
            15.58993
          ],
          [
            73.808647,
            15.58991
          ],
          [
            73.80867,
            15.589897
          ],
          [
            73.80867,
            15.589903
          ]
        ]
      },
      "properties": {
        "Vehicle_No": "GA 07 G 8101-MAP(WATER TENDER)",
        "Vehicle_Name": "TS101",
        "Branch": "Fire Station Mapusa",
        "created": "20-12-2025 10:19:16",
        "lastUpdated": "20-12-2025 22:05:42"
      }
    },
    {
      "type": "Feature",
      "geometry": {
        "type": "LineString",
        "coordinates": [
          [
            73.969905,
            15.269495
          ],
          [
            73.9701416,
            15.269425
          ],
          [
            73.9699633,
            15.26936
          ],
          [
            73.969995,
            15.2693283
          ],
          [
            73.9700033,
            15.2693383
          ],
          [
            73.9700283,
            15.2693916
          ],
          [
            73.97006,
            15.2693966
          ],
          [
            73.97019,
            15.26944
          ],
          [
            73.969955,
            15.26931
          ],
          [
            73.9702066,
            15.269365
          ],
          [
            73.9701016,
            15.2693216
          ],
          [
            73.9699633,
            15.2693966
          ],
          [
            73.970035,
            15.2694766
          ],
          [
            73.9700033,
            15.2693966
          ],
          [
            73.9700516,
            15.269445
          ],
          [
            73.9701733,
            15.2694516
          ],
          [
            73.9701083,
            15.269485
          ],
          [
            73.9701016,
            15.2695033
          ],
          [
            73.9699133,
            15.2692883
          ],
          [
            73.9697266,
            15.26926
          ],
          [
            73.970085,
            15.2694799
          ],
          [
            73.9700766,
            15.2694416
          ],
          [
            73.9698733,
            15.2692883
          ],
          [
            73.969905,
            15.2692783
          ],
          [
            73.9700433,
            15.2694583
          ],
          [
            73.9698083,
            15.2691949
          ],
          [
            73.96993,
            15.2694683
          ],
          [
            73.9700116,
            15.2695
          ],
          [
            73.9700433,
            15.269495
          ],
          [
            73.9699633,
            15.2693016
          ],
          [
            73.9698966,
            15.2692783
          ],
          [
            73.9700433,
            15.26935
          ],
          [
            73.9700116,
            15.2695
          ],
          [
            73.9700283,
            15.2694866
          ],
          [
            73.9700433,
            15.2694633
          ],
          [
            73.970035,
            15.2694116
          ],
          [
            73.9698816,
            15.2694783
          ],
          [
            73.9701083,
            15.26946
          ],
          [
            73.9697433,
            15.269175
          ],
          [
            73.97006,
            15.2695083
          ],
          [
            73.97024,
            15.2695266
          ],
          [
            73.9701983,
            15.2694566
          ],
          [
            73.9700766,
            15.2694383
          ],
          [
            73.9700683,
            15.2694166
          ],
          [
            73.9702233,
            15.269245
          ],
          [
            73.9699466,
            15.269385
          ],
          [
            73.9702716,
            15.2694316
          ],
          [
            73.9701166,
            15.2694816
          ],
          [
            73.9703366,
            15.2694633
          ],
          [
            73.9701816,
            15.2694133
          ],
          [
            73.9701083,
            15.2694266
          ],
          [
            73.970085,
            15.2694666
          ],
          [
            73.9702966,
            15.269505
          ],
          [
            73.9702066,
            15.2695
          ],
          [
            73.9699783,
            15.269515
          ],
          [
            73.9700283,
            15.2694533
          ],
          [
            73.9700766,
            15.2694933
          ],
          [
            73.970035,
            15.269355
          ],
          [
            73.9703783,
            15.2693966
          ],
          [
            73.9703199,
            15.2694483
          ],
          [
            73.9702716,
            15.2693983
          ],
          [
            73.97028,
            15.2693866
          ],
          [
            73.970255,
            15.2694233
          ],
          [
            73.9701016,
            15.2694666
          ],
          [
            73.970215,
            15.2694883
          ],
          [
            73.970085,
            15.269505
          ],
          [
            73.9701416,
            15.2694216
          ],
          [
            73.970125,
            15.269415
          ],
          [
            73.9700766,
            15.2693833
          ],
          [
            73.9700766,
            15.2694116
          ],
          [
            73.9701416,
            15.2694583
          ],
          [
            73.9702466,
            15.269385
          ],
          [
            73.9704266,
            15.2694383
          ],
          [
            73.97024,
            15.26946
          ],
          [
            73.97024,
            15.2694983
          ],
          [
            73.9701016,
            15.2694783
          ],
          [
            73.97024,
            15.2696083
          ],
          [
            73.9702716,
            15.2695133
          ],
          [
            73.9703616,
            15.2694816
          ],
          [
            73.9702233,
            15.269505
          ],
          [
            73.97028,
            15.2694383
          ],
          [
            73.9702233,
            15.2694666
          ],
          [
            73.9707433,
            15.2695333
          ],
          [
            73.9703199,
            15.2694866
          ],
          [
            73.9702883,
            15.2694866
          ],
          [
            73.9702716,
            15.2695066
          ],
          [
            73.9701016,
            15.2693983
          ],
          [
            73.9701666,
            15.2693749
          ],
          [
            73.9701416,
            15.26938
          ],
          [
            73.9702966,
            15.26935
          ],
          [
            73.97019,
            15.2693783
          ],
          [
            73.9699466,
            15.26949
          ],
          [
            73.9699783,
            15.2694116
          ],
          [
            73.970215,
            15.2694199
          ],
          [
            73.9701166,
            15.26944
          ],
          [
            73.970085,
            15.2693749
          ],
          [
            73.970125,
            15.2693916
          ],
          [
            73.9701416,
            15.26936
          ],
          [
            73.970085,
            15.2693383
          ],
          [
            73.9702233,
            15.2693516
          ],
          [
            73.9701333,
            15.2693749
          ],
          [
            73.9700683,
            15.2693433
          ],
          [
            73.9700766,
            15.2694133
          ],
          [
            73.9701166,
            15.2694133
          ],
          [
            73.9701416,
            15.26947
          ],
          [
            73.9701083,
            15.2694683
          ],
          [
            73.9701333,
            15.2694566
          ],
          [
            73.9701583,
            15.2693866
          ],
          [
            73.9700683,
            15.2695249
          ],
          [
            73.9699866,
            15.26944
          ],
          [
            73.9700516,
            15.2693883
          ],
          [
            73.9703933,
            15.2694016
          ],
          [
            73.9701416,
            15.2693966
          ],
          [
            73.9701733,
            15.2693616
          ],
          [
            73.9703366,
            15.2694016
          ],
          [
            73.9702633,
            15.2694433
          ],
          [
            73.9702966,
            15.2692816
          ],
          [
            73.9702716,
            15.2693783
          ],
          [
            73.96997,
            15.269625
          ],
          [
            73.9701166,
            15.2695183
          ],
          [
            73.9702233,
            15.2694533
          ],
          [
            73.9701733,
            15.2694533
          ],
          [
            73.97019,
            15.269405
          ],
          [
            73.9702066,
            15.2693833
          ],
          [
            73.97019,
            15.269415
          ],
          [
            73.97024,
            15.2692933
          ],
          [
            73.970255,
            15.2693516
          ],
          [
            73.9701166,
            15.2694349
          ],
          [
            73.9702066,
            15.2694133
          ],
          [
            73.9703199,
            15.26941
          ],
          [
            73.97006,
            15.2693516
          ],
          [
            73.9701016,
            15.2693916
          ],
          [
            73.9702233,
            15.2694066
          ],
          [
            73.97037,
            15.26925
          ],
          [
            73.9702716,
            15.2693933
          ],
          [
            73.9701983,
            15.269635
          ],
          [
            73.9702883,
            15.2694483
          ],
          [
            73.9702466,
            15.26949
          ],
          [
            73.9701816,
            15.2694583
          ],
          [
            73.9703133,
            15.269425
          ],
          [
            73.9704916,
            15.2693966
          ],
          [
            73.97037,
            15.2694016
          ],
          [
            73.9702233,
            15.2694416
          ],
          [
            73.970255,
            15.2694333
          ],
          [
            73.9700433,
            15.269445
          ],
          [
            73.970255,
            15.2694983
          ],
          [
            73.9702883,
            15.26943
          ],
          [
            73.9702066,
            15.2695416
          ],
          [
            73.97019,
            15.2694933
          ],
          [
            73.970255,
            15.2693683
          ],
          [
            73.9701666,
            15.26945
          ],
          [
            73.9702716,
            15.26946
          ],
          [
            73.9702066,
            15.2694766
          ],
          [
            73.97015,
            15.2694433
          ],
          [
            73.97019,
            15.2696466
          ],
          [
            73.9701583,
            15.2694766
          ],
          [
            73.97019,
            15.26945
          ],
          [
            73.970215,
            15.2694433
          ],
          [
            73.970255,
            15.2694066
          ],
          [
            73.9702233,
            15.269425
          ],
          [
            73.9701666,
            15.2694416
          ],
          [
            73.9701333,
            15.2694483
          ],
          [
            73.970215,
            15.2694766
          ],
          [
            73.97015,
            15.2694766
          ],
          [
            73.9702233,
            15.2695416
          ],
          [
            73.970215,
            15.2695033
          ],
          [
            73.9702716,
            15.2694433
          ],
          [
            73.97019,
            15.2693966
          ],
          [
            73.9699783,
            15.2694616
          ],
          [
            73.9700766,
            15.2694199
          ],
          [
            73.9702316,
            15.2693016
          ],
          [
            73.9699216,
            15.2695683
          ],
          [
            73.9700283,
            15.269385
          ],
          [
            73.970215,
            15.2694033
          ],
          [
            73.9700433,
            15.2694216
          ],
          [
            73.9701666,
            15.26945
          ],
          [
            73.9701816,
            15.2694016
          ],
          [
            73.9702716,
            15.2692933
          ],
          [
            73.9701666,
            15.2694433
          ],
          [
            73.9701583,
            15.2694583
          ],
          [
            73.9700933,
            15.2693966
          ],
          [
            73.9701733,
            15.2693833
          ],
          [
            73.9702233,
            15.2693933
          ],
          [
            73.9701983,
            15.2693883
          ],
          [
            73.9701666,
            15.2693616
          ],
          [
            73.97024,
            15.2693916
          ],
          [
            73.96993,
            15.2691666
          ],
          [
            73.9701333,
            15.2693466
          ],
          [
            73.9702316,
            15.2693383
          ],
          [
            73.9701816,
            15.2694266
          ],
          [
            73.970255,
            15.2694016
          ],
          [
            73.9698566,
            15.2690833
          ],
          [
            73.97019,
            15.2693733
          ],
          [
            73.9702066,
            15.2693833
          ],
          [
            73.97015,
            15.2694349
          ],
          [
            73.9701816,
            15.269315
          ],
          [
            73.970085,
            15.2693966
          ],
          [
            73.9701016,
            15.2693866
          ],
          [
            73.9701583,
            15.2694416
          ],
          [
            73.9700516,
            15.2694616
          ],
          [
            73.97019,
            15.2694133
          ],
          [
            73.97002,
            15.269235
          ],
          [
            73.970125,
            15.2693466
          ],
          [
            73.9702883,
            15.2693416
          ],
          [
            73.97024,
            15.269385
          ],
          [
            73.97019,
            15.2694966
          ],
          [
            73.9702466,
            15.2694666
          ],
          [
            73.9700933,
            15.2694516
          ],
          [
            73.970125,
            15.2694216
          ],
          [
            73.9700933,
            15.2694133
          ],
          [
            73.9701983,
            15.26937
          ],
          [
            73.97024,
            15.269355
          ],
          [
            73.970085,
            15.2694333
          ],
          [
            73.9701666,
            15.26936
          ],
          [
            73.9700516,
            15.2693966
          ],
          [
            73.9702066,
            15.2694483
          ],
          [
            73.9700766,
            15.2694316
          ],
          [
            73.97006,
            15.2694066
          ],
          [
            73.970035,
            15.269425
          ],
          [
            73.9701416,
            15.2694016
          ],
          [
            73.970215,
            15.2693416
          ],
          [
            73.9702066,
            15.26932
          ],
          [
            73.9700933,
            15.2694016
          ],
          [
            73.9701416,
            15.2694316
          ],
          [
            73.9702316,
            15.2693183
          ],
          [
            73.9701083,
            15.26946
          ],
          [
            73.97015,
            15.2696316
          ],
          [
            73.9700933,
            15.2693916
          ],
          [
            73.9700516,
            15.2694566
          ],
          [
            73.9701416,
            15.269405
          ],
          [
            73.9701816,
            15.2693733
          ],
          [
            73.9700933,
            15.2694033
          ],
          [
            73.9700933,
            15.2694666
          ],
          [
            73.96993,
            15.2692833
          ],
          [
            73.96993,
            15.2693916
          ],
          [
            73.9701416,
            15.2693883
          ],
          [
            73.97028,
            15.2692099
          ],
          [
            73.9700683,
            15.2693016
          ],
          [
            73.9700766,
            15.269305
          ],
          [
            73.9699866,
            15.2693733
          ],
          [
            73.970305,
            15.2691833
          ],
          [
            73.970255,
            15.2692216
          ],
          [
            73.9702883,
            15.2692166
          ],
          [
            73.97028,
            15.2692666
          ],
          [
            73.9701983,
            15.2694566
          ],
          [
            73.9702316,
            15.2695133
          ],
          [
            73.9698966,
            15.2693883
          ],
          [
            73.970215,
            15.2691316
          ],
          [
            73.9702883,
            15.2692866
          ],
          [
            73.9702233,
            15.2691583
          ],
          [
            73.9701166,
            15.269365
          ],
          [
            73.9699783,
            15.2693433
          ],
          [
            73.9735683,
            15.26814
          ],
          [
            73.9774166,
            15.2680866
          ],
          [
            73.9808016,
            15.2801283
          ],
          [
            73.9793616,
            15.2847083
          ],
          [
            73.975505,
            15.2906066
          ],
          [
            73.9728916,
            15.29082
          ],
          [
            73.9676683,
            15.2916416
          ],
          [
            73.9687983,
            15.2919866
          ],
          [
            73.9688633,
            15.2921816
          ],
          [
            73.9688716,
            15.2921849
          ],
          [
            73.9687333,
            15.2937033
          ],
          [
            73.9687333,
            15.2937283
          ],
          [
            73.9686516,
            15.29376
          ],
          [
            73.9687016,
            15.2937716
          ],
          [
            73.9686516,
            15.2937466
          ],
          [
            73.9687016,
            15.29373
          ],
          [
            73.96875,
            15.2937283
          ],
          [
            73.9687333,
            15.293715
          ],
          [
            73.9686283,
            15.293735
          ],
          [
            73.9686933,
            15.2937383
          ],
          [
            73.9687016,
            15.2937333
          ],
          [
            73.9686766,
            15.2937166
          ],
          [
            73.9686766,
            15.2937249
          ],
          [
            73.96866,
            15.29372
          ],
          [
            73.968685,
            15.2937249
          ],
          [
            73.9687166,
            15.2937233
          ],
          [
            73.9687016,
            15.2936733
          ],
          [
            73.96862,
            15.293615
          ],
          [
            73.9687583,
            15.2932066
          ],
          [
            73.9673749,
            15.2909716
          ],
          [
            73.9681233,
            15.2902066
          ],
          [
            73.9753983,
            15.29104
          ],
          [
            73.9755616,
            15.290545
          ],
          [
            73.9776283,
            15.2843949
          ],
          [
            73.9785966,
            15.2824266
          ],
          [
            73.9746583,
            15.2767983
          ],
          [
            73.973535,
            15.27489
          ],
          [
            73.9708416,
            15.27218
          ],
          [
            73.9702966,
            15.2704516
          ],
          [
            73.97015,
            15.2694216
          ],
          [
            73.9700766,
            15.2694516
          ],
          [
            73.970085,
            15.2694616
          ],
          [
            73.9701816,
            15.2694333
          ],
          [
            73.9702233,
            15.26932
          ],
          [
            73.97002,
            15.2694433
          ],
          [
            73.9699866,
            15.2694716
          ],
          [
            73.96997,
            15.2694583
          ],
          [
            73.9700516,
            15.26941
          ],
          [
            73.9700433,
            15.2694483
          ],
          [
            73.9699466,
            15.2693683
          ],
          [
            73.9700766,
            15.2694566
          ],
          [
            73.9698816,
            15.2695783
          ],
          [
            73.9700283,
            15.2694966
          ],
          [
            73.9701333,
            15.2696466
          ],
          [
            73.9701333,
            15.2695183
          ],
          [
            73.9700683,
            15.269535
          ],
          [
            73.9703283,
            15.2694633
          ],
          [
            73.97015,
            15.26941
          ],
          [
            73.9701016,
            15.2694033
          ],
          [
            73.9700116,
            15.2694533
          ],
          [
            73.97002,
            15.2694516
          ],
          [
            73.9701083,
            15.2694666
          ],
          [
            73.970085,
            15.2694233
          ],
          [
            73.9701983,
            15.26941
          ],
          [
            73.9702966,
            15.2693616
          ],
          [
            73.9699383,
            15.2694583
          ],
          [
            73.9700766,
            15.2693616
          ],
          [
            73.9700933,
            15.26949
          ],
          [
            73.9700433,
            15.2694933
          ],
          [
            73.970085,
            15.2694016
          ],
          [
            73.9700283,
            15.2693416
          ],
          [
            73.97015,
            15.269495
          ],
          [
            73.9701733,
            15.2694216
          ],
          [
            73.9700433,
            15.2692883
          ],
          [
            73.9701016,
            15.26932
          ],
          [
            73.9701083,
            15.2693433
          ],
          [
            73.9702233,
            15.2693383
          ],
          [
            73.9701583,
            15.2693516
          ],
          [
            73.970125,
            15.26946
          ],
          [
            73.9700766,
            15.2694766
          ],
          [
            73.970035,
            15.2693183
          ],
          [
            73.97002,
            15.2693883
          ],
          [
            73.970085,
            15.2693749
          ],
          [
            73.97024,
            15.269385
          ],
          [
            73.9701166,
            15.2694533
          ],
          [
            73.9700116,
            15.26941
          ],
          [
            73.96997,
            15.269405
          ],
          [
            73.9699633,
            15.2693916
          ],
          [
            73.970035,
            15.2693933
          ],
          [
            73.9701983,
            15.269415
          ],
          [
            73.9701333,
            15.2694266
          ],
          [
            73.97002,
            15.2694116
          ],
          [
            73.9699633,
            15.2693983
          ],
          [
            73.97006,
            15.2693983
          ],
          [
            73.9700766,
            15.2694966
          ],
          [
            73.97006,
            15.269505
          ],
          [
            73.9699866,
            15.2693749
          ],
          [
            73.9701166,
            15.2693466
          ],
          [
            73.97006,
            15.26944
          ],
          [
            73.9700433,
            15.269325
          ],
          [
            73.9699783,
            15.2693983
          ],
          [
            73.97002,
            15.2693616
          ],
          [
            73.970035,
            15.2693833
          ],
          [
            73.97024,
            15.2694166
          ],
          [
            73.970085,
            15.2694266
          ],
          [
            73.9702466,
            15.2694866
          ],
          [
            73.9700683,
            15.2694216
          ],
          [
            73.9699383,
            15.269405
          ],
          [
            73.9700433,
            15.2693833
          ],
          [
            73.9701016,
            15.269305
          ],
          [
            73.9701016,
            15.26931
          ],
          [
            73.9700516,
            15.2692633
          ],
          [
            73.9700683,
            15.2693416
          ],
          [
            73.9699633,
            15.269505
          ],
          [
            73.9699633,
            15.2695066
          ],
          [
            73.9700683,
            15.2693666
          ],
          [
            73.96997,
            15.2694933
          ],
          [
            73.9701733,
            15.26954
          ],
          [
            73.9701333,
            15.2696283
          ],
          [
            73.9701016,
            15.2694433
          ],
          [
            73.970085,
            15.2695616
          ],
          [
            73.9700766,
            15.2695216
          ],
          [
            73.9701666,
            15.2695716
          ],
          [
            73.9701166,
            15.2695683
          ],
          [
            73.970125,
            15.2695316
          ],
          [
            73.9701733,
            15.269365
          ],
          [
            73.9701583,
            15.2693883
          ],
          [
            73.97015,
            15.2693783
          ],
          [
            73.9700683,
            15.2692399
          ],
          [
            73.9700433,
            15.2692583
          ],
          [
            73.97006,
            15.2693683
          ],
          [
            73.970085,
            15.2693966
          ],
          [
            73.970085,
            15.2694633
          ],
          [
            73.9701166,
            15.2694883
          ],
          [
            73.9701166,
            15.2695183
          ],
          [
            73.9702233,
            15.2695666
          ],
          [
            73.9701733,
            15.2695066
          ],
          [
            73.970035,
            15.26953
          ],
          [
            73.9700766,
            15.2694866
          ],
          [
            73.970085,
            15.2695166
          ],
          [
            73.9701416,
            15.2694866
          ],
          [
            73.9701016,
            15.2694799
          ],
          [
            73.970035,
            15.2694166
          ],
          [
            73.9700933,
            15.269485
          ],
          [
            73.97006,
            15.2695883
          ],
          [
            73.97019,
            15.2694583
          ],
          [
            73.970255,
            15.2693283
          ],
          [
            73.97006,
            15.26943
          ],
          [
            73.9701666,
            15.2695066
          ],
          [
            73.970255,
            15.2694933
          ],
          [
            73.9701983,
            15.2694883
          ],
          [
            73.970035,
            15.2696983
          ],
          [
            73.9701666,
            15.2695433
          ],
          [
            73.970255,
            15.26953
          ],
          [
            73.9702466,
            15.26956
          ],
          [
            73.9702716,
            15.2698266
          ],
          [
            73.9701983,
            15.2697066
          ],
          [
            73.9701983,
            15.2695533
          ],
          [
            73.9702233,
            15.2696383
          ],
          [
            73.9703283,
            15.269395
          ],
          [
            73.970215,
            15.2695066
          ],
          [
            73.9702316,
            15.2694033
          ],
          [
            73.970035,
            15.2699316
          ],
          [
            73.9701416,
            15.26968
          ],
          [
            73.9702066,
            15.2694799
          ],
          [
            73.9702316,
            15.2695
          ],
          [
            73.9702466,
            15.269485
          ],
          [
            73.9702716,
            15.269445
          ],
          [
            73.9700283,
            15.26969
          ],
          [
            73.9701733,
            15.2695066
          ],
          [
            73.9702466,
            15.2693183
          ],
          [
            73.9702233,
            15.2694433
          ],
          [
            73.97024,
            15.269535
          ],
          [
            73.9702466,
            15.26953
          ],
          [
            73.9702066,
            15.2694799
          ],
          [
            73.9701733,
            15.2696
          ],
          [
            73.9701583,
            15.2694866
          ],
          [
            73.9701983,
            15.26956
          ],
          [
            73.97019,
            15.26954
          ],
          [
            73.9701816,
            15.2694933
          ],
          [
            73.9703616,
            15.269325
          ],
          [
            73.9702233,
            15.2694233
          ],
          [
            73.9700683,
            15.2694883
          ],
          [
            73.9701733,
            15.2694349
          ],
          [
            73.97019,
            15.2694633
          ],
          [
            73.9701666,
            15.269515
          ],
          [
            73.970125,
            15.2697533
          ],
          [
            73.9701583,
            15.2696266
          ],
          [
            73.97019,
            15.2695083
          ],
          [
            73.9701816,
            15.26947
          ],
          [
            73.9701166,
            15.2695433
          ],
          [
            73.9703133,
            15.26941
          ],
          [
            73.9702966,
            15.26936
          ],
          [
            73.9701016,
            15.2694583
          ],
          [
            73.9700283,
            15.2694799
          ],
          [
            73.9701416,
            15.2693683
          ],
          [
            73.9701733,
            15.2694316
          ],
          [
            73.9700433,
            15.2695133
          ],
          [
            73.9700116,
            15.2694199
          ],
          [
            73.96997,
            15.2695033
          ],
          [
            73.9700116,
            15.2694483
          ],
          [
            73.9701983,
            15.2690816
          ],
          [
            73.9701583,
            15.2694233
          ],
          [
            73.970255,
            15.2694133
          ],
          [
            73.96984,
            15.2693833
          ],
          [
            73.9698733,
            15.2694199
          ],
          [
            73.9699783,
            15.2694033
          ],
          [
            73.9699866,
            15.269425
          ],
          [
            73.970125,
            15.26906
          ],
          [
            73.9702233,
            15.26911
          ],
          [
            73.9702066,
            15.26943
          ],
          [
            73.9699866,
            15.270035
          ],
          [
            73.9701016,
            15.2694116
          ],
          [
            73.9701333,
            15.2694716
          ],
          [
            73.97015,
            15.26946
          ],
          [
            73.9700766,
            15.2693416
          ],
          [
            73.9700766,
            15.269385
          ],
          [
            73.970085,
            15.2692733
          ],
          [
            73.9700933,
            15.2693416
          ],
          [
            73.9700766,
            15.2693233
          ],
          [
            73.9701333,
            15.2693933
          ],
          [
            73.9700433,
            15.2691533
          ],
          [
            73.9700433,
            15.269385
          ],
          [
            73.9701016,
            15.2693883
          ],
          [
            73.9700933,
            15.2693383
          ],
          [
            73.9700033,
            15.2695533
          ],
          [
            73.9699783,
            15.2693766
          ],
          [
            73.9700283,
            15.26925
          ],
          [
            73.9699216,
            15.269385
          ],
          [
            73.9700683,
            15.2693866
          ],
          [
            73.9697666,
            15.26945
          ],
          [
            73.9698816,
            15.269405
          ],
          [
            73.9701083,
            15.2693966
          ],
          [
            73.97015,
            15.2693666
          ],
          [
            73.9699866,
            15.2694233
          ],
          [
            73.9699866,
            15.2693966
          ],
          [
            73.969995,
            15.2694199
          ],
          [
            73.9699866,
            15.269385
          ],
          [
            73.9703533,
            15.26935
          ],
          [
            73.9700516,
            15.2692683
          ],
          [
            73.9702233,
            15.2693133
          ],
          [
            73.9701016,
            15.2693983
          ],
          [
            73.9701983,
            15.2694199
          ],
          [
            73.970215,
            15.269535
          ],
          [
            73.970305,
            15.269415
          ],
          [
            73.9700433,
            15.2693666
          ],
          [
            73.9698316,
            15.26938
          ],
          [
            73.969905,
            15.2693766
          ],
          [
            73.9701583,
            15.2693416
          ],
          [
            73.97006,
            15.2694216
          ],
          [
            73.97002,
            15.2694616
          ],
          [
            73.9700683,
            15.2693833
          ],
          [
            73.96997,
            15.26943
          ],
          [
            73.970035,
            15.26944
          ],
          [
            73.969955,
            15.2694199
          ],
          [
            73.9700516,
            15.2693833
          ],
          [
            73.9699783,
            15.2693983
          ],
          [
            73.9698816,
            15.2694633
          ],
          [
            73.9700033,
            15.2694216
          ],
          [
            73.9700683,
            15.2693749
          ],
          [
            73.9698566,
            15.2693766
          ],
          [
            73.9700433,
            15.2694349
          ],
          [
            73.9700766,
            15.2693783
          ],
          [
            73.9700766,
            15.2694383
          ],
          [
            73.9701166,
            15.269355
          ],
          [
            73.9700766,
            15.2694333
          ],
          [
            73.97006,
            15.2694516
          ],
          [
            73.9699216,
            15.269475
          ],
          [
            73.9701016,
            15.2694683
          ],
          [
            73.96993,
            15.26923
          ],
          [
            73.9699783,
            15.2693133
          ],
          [
            73.97024,
            15.26927
          ],
          [
            73.9701333,
            15.269365
          ],
          [
            73.97015,
            15.2694216
          ],
          [
            73.9701333,
            15.2694333
          ],
          [
            73.9703283,
            15.2693016
          ],
          [
            73.970035,
            15.26947
          ],
          [
            73.9701166,
            15.26944
          ],
          [
            73.9701166,
            15.2694349
          ],
          [
            73.9699783,
            15.269505
          ],
          [
            73.97006,
            15.269415
          ],
          [
            73.9702066,
            15.2694166
          ],
          [
            73.9701083,
            15.2694683
          ],
          [
            73.9700433,
            15.269555
          ],
          [
            73.970125,
            15.2694616
          ],
          [
            73.9701166,
            15.2694433
          ],
          [
            73.9701166,
            15.2695083
          ],
          [
            73.9700766,
            15.26958
          ],
          [
            73.9700683,
            15.2694766
          ],
          [
            73.9701816,
            15.269415
          ],
          [
            73.9700116,
            15.2698616
          ],
          [
            73.9700033,
            15.2695133
          ],
          [
            73.97015,
            15.2692399
          ],
          [
            73.9702066,
            15.2693466
          ],
          [
            73.9701983,
            15.2695266
          ],
          [
            73.9701666,
            15.269555
          ],
          [
            73.9702066,
            15.2693766
          ],
          [
            73.9701333,
            15.269425
          ],
          [
            73.970125,
            15.2693983
          ],
          [
            73.9702233,
            15.2694633
          ],
          [
            73.970215,
            15.2694433
          ],
          [
            73.9701333,
            15.2693783
          ],
          [
            73.9701083,
            15.2695133
          ],
          [
            73.9701016,
            15.2696166
          ],
          [
            73.9701083,
            15.26956
          ],
          [
            73.9702316,
            15.2694633
          ],
          [
            73.97024,
            15.26938
          ],
          [
            73.9701016,
            15.269405
          ],
          [
            73.9700516,
            15.2695249
          ],
          [
            73.97015,
            15.2694266
          ],
          [
            73.970125,
            15.2694016
          ],
          [
            73.9702066,
            15.2693966
          ],
          [
            73.97002,
            15.2695133
          ],
          [
            73.9701416,
            15.2693333
          ],
          [
            73.9704183,
            15.269495
          ],
          [
            73.9700933,
            15.2694583
          ],
          [
            73.9700033,
            15.2692666
          ],
          [
            73.9701333,
            15.2694316
          ],
          [
            73.9700033,
            15.26931
          ],
          [
            73.9700516,
            15.26937
          ],
          [
            73.9701166,
            15.269605
          ],
          [
            73.9701733,
            15.2695166
          ],
          [
            73.9700433,
            15.2694199
          ],
          [
            73.9700516,
            15.2693583
          ],
          [
            73.9702716,
            15.269405
          ],
          [
            73.9702316,
            15.2692833
          ],
          [
            73.970085,
            15.2693783
          ],
          [
            73.9700683,
            15.2693883
          ],
          [
            73.97002,
            15.2692533
          ],
          [
            73.9700516,
            15.26934
          ],
          [
            73.97015,
            15.2694016
          ],
          [
            73.9701166,
            15.2694199
          ],
          [
            73.9700766,
            15.26935
          ],
          [
            73.96993,
            15.2693933
          ],
          [
            73.9700766,
            15.2696149
          ],
          [
            73.9700283,
            15.2695716
          ],
          [
            73.970085,
            15.269385
          ],
          [
            73.9701333,
            15.2693566
          ],
          [
            73.97002,
            15.26944
          ],
          [
            73.9700516,
            15.269405
          ],
          [
            73.9700683,
            15.2694583
          ],
          [
            73.9700433,
            15.2693116
          ],
          [
            73.9700933,
            15.2694483
          ],
          [
            73.9700516,
            15.269475
          ],
          [
            73.9698483,
            15.2693966
          ],
          [
            73.9699633,
            15.2694233
          ],
          [
            73.9700433,
            15.2693466
          ],
          [
            73.9700283,
            15.2693366
          ],
          [
            73.9700683,
            15.2693733
          ],
          [
            73.9701333,
            15.2693183
          ],
          [
            73.9701816,
            15.26931
          ],
          [
            73.9701666,
            15.2696783
          ],
          [
            73.97019,
            15.26945
          ],
          [
            73.9701416,
            15.269395
          ],
          [
            73.9700933,
            15.269355
          ],
          [
            73.970035,
            15.2693916
          ],
          [
            73.9701816,
            15.2693916
          ],
          [
            73.9700766,
            15.2694116
          ],
          [
            73.969995,
            15.2693366
          ],
          [
            73.9700516,
            15.269355
          ],
          [
            73.9700516,
            15.26938
          ],
          [
            73.9701333,
            15.2693966
          ],
          [
            73.970085,
            15.2693516
          ],
          [
            73.970035,
            15.2693783
          ],
          [
            73.970035,
            15.2695233
          ],
          [
            73.9700516,
            15.2694133
          ],
          [
            73.97002,
            15.269405
          ],
          [
            73.969995,
            15.2694266
          ],
          [
            73.9700283,
            15.2694166
          ],
          [
            73.9698083,
            15.2694483
          ],
          [
            73.969955,
            15.2694483
          ],
          [
            73.9700766,
            15.2694216
          ],
          [
            73.9701083,
            15.2694333
          ],
          [
            73.9700433,
            15.2694133
          ],
          [
            73.9701666,
            15.2691949
          ],
          [
            73.9701333,
            15.2692849
          ],
          [
            73.9701333,
            15.26945
          ],
          [
            73.9700033,
            15.2694116
          ],
          [
            73.9701733,
            15.2694583
          ],
          [
            73.9700433,
            15.2694433
          ],
          [
            73.9703616,
            15.2694233
          ],
          [
            73.970035,
            15.2694133
          ],
          [
            73.9700433,
            15.2694783
          ],
          [
            73.969995,
            15.2694716
          ],
          [
            73.9700433,
            15.2694516
          ],
          [
            73.9701583,
            15.2694349
          ],
          [
            73.9700433,
            15.2694349
          ],
          [
            73.9700116,
            15.26947
          ],
          [
            73.9701166,
            15.2695216
          ],
          [
            73.969905,
            15.2695866
          ],
          [
            73.9700033,
            15.2695516
          ],
          [
            73.9699866,
            15.2695783
          ]
        ]
      },
      "properties": {
        "Vehicle_No": "GA 07 G 2317-MRG(EMERGENCY RESCUE TENDER)",
        "Vehicle_Name": "5035",
        "Branch": "Fire Station Margao",
        "created": "20-12-2025 10:18:44",
        "lastUpdated": "20-12-2025 23:40:24"
      }
    },
    {
      "type": "Feature",
      "geometry": {
        "type": "LineString",
        "coordinates": [
          [
            73.8512933,
            15.3887916
          ],
          [
            73.851075,
            15.3887533
          ],
          [
            73.8481116,
            15.38929
          ],
          [
            73.8445966,
            15.3863483
          ],
          [
            73.8375566,
            15.38581
          ],
          [
            73.8291333,
            15.3879483
          ],
          [
            73.8208333,
            15.38775
          ],
          [
            73.8184566,
            15.3866633
          ],
          [
            73.8165283,
            15.3895116
          ],
          [
            73.81788,
            15.3929333
          ],
          [
            73.8180016,
            15.3977133
          ],
          [
            73.8169916,
            15.3986983
          ],
          [
            73.8126466,
            15.39716
          ],
          [
            73.809985,
            15.3962216
          ],
          [
            73.8082683,
            15.3959983
          ],
          [
            73.8083733,
            15.39591
          ],
          [
            73.808325,
            15.3958783
          ],
          [
            73.8083583,
            15.3958766
          ],
          [
            73.8083583,
            15.3958866
          ],
          [
            73.8083333,
            15.3959683
          ],
          [
            73.8083583,
            15.3959833
          ],
          [
            73.8077633,
            15.3973266
          ],
          [
            73.8097499,
            15.392645
          ],
          [
            73.808325,
            15.3877766
          ],
          [
            73.813575,
            15.3841316
          ],
          [
            73.8197266,
            15.386055
          ],
          [
            73.82587,
            15.3897366
          ],
          [
            73.8332516,
            15.3858866
          ],
          [
            73.8411699,
            15.3860466
          ],
          [
            73.8462083,
            15.3870816
          ],
          [
            73.8488766,
            15.3906616
          ],
          [
            73.8512783,
            15.3909733
          ],
          [
            73.852645,
            15.3903033
          ],
          [
            73.85459,
            15.390175
          ],
          [
            73.8524983,
            15.3902166
          ],
          [
            73.8514,
            15.38882
          ],
          [
            73.8513583,
            15.38884
          ],
          [
            73.851335,
            15.38881
          ],
          [
            73.851335,
            15.3887983
          ]
        ]
      },
      "properties": {
        "Vehicle_No": "GA 07 G 1570-VAS(QUICK RESPONSE FIRE TENDER)",
        "Vehicle_Name": "5035",
        "Branch": "Fire Station Vasco",
        "created": "20-12-2025 10:18:05",
        "lastUpdated": "20-12-2025 23:28:36"
      }
    },
    {
      "type": "Feature",
      "geometry": {
        "type": "LineString",
        "coordinates": [
          [
            73.8512616,
            15.388845
          ]
        ]
      },
      "properties": {
        "Vehicle_No": "GA 07 G 4101-VAS(MS WATER TENDER)",
        "Vehicle_Name": "5035",
        "Branch": "Fire Station Vasco",
        "created": "20-12-2025 10:18:51",
        "lastUpdated": "20-12-2025 10:18:51"
      }
    },
    {
      "type": "Feature",
      "geometry": {
        "type": "LineString",
        "coordinates": [
          [
            73.85127,
            15.3888633
          ],
          [
            73.8512783,
            15.3888483
          ],
          [
            73.851285,
            15.388845
          ],
          [
            73.851285,
            15.388865
          ],
          [
            73.8512933,
            15.3888533
          ],
          [
            73.8512283,
            15.388835
          ],
          [
            73.85122,
            15.3888283
          ],
          [
            73.8512783,
            15.3888183
          ],
          [
            73.85127,
            15.388895
          ],
          [
            73.8512783,
            15.3888733
          ]
        ]
      },
      "properties": {
        "Vehicle_No": "GA 07 G 0819-VAS(WATER/FOAM TENDER)",
        "Vehicle_Name": "4G",
        "Branch": "Fire Station Vasco",
        "created": "20-12-2025 10:18:59",
        "lastUpdated": "20-12-2025 19:00:14"
      }
    },
    {
      "type": "Feature",
      "geometry": {
        "type": "LineString",
        "coordinates": [
          [
            73.9703533,
            15.2693749
          ],
          [
            73.9701083,
            15.2693416
          ],
          [
            73.9701416,
            15.2693733
          ],
          [
            73.9696699,
            15.271885
          ],
          [
            73.96726,
            15.2714483
          ],
          [
            73.9639483,
            15.2717116
          ],
          [
            73.9635016,
            15.2725133
          ],
          [
            73.963135,
            15.2758416
          ],
          [
            73.9604816,
            15.278735
          ],
          [
            73.96023,
            15.2791
          ],
          [
            73.9601,
            15.2813066
          ],
          [
            73.9568366,
            15.281505
          ],
          [
            73.9569166,
            15.2832799
          ],
          [
            73.95559,
            15.2864316
          ],
          [
            73.9541016,
            15.291575
          ],
          [
            73.9546716,
            15.2922216
          ],
          [
            73.9544516,
            15.292085
          ],
          [
            73.9544683,
            15.2921083
          ],
          [
            73.9555983,
            15.2906633
          ],
          [
            73.9556483,
            15.2901633
          ],
          [
            73.9547933,
            15.28943
          ],
          [
            73.9566483,
            15.28423
          ],
          [
            73.9571783,
            15.2829833
          ],
          [
            73.9579833,
            15.28157
          ],
          [
            73.9603916,
            15.2802566
          ],
          [
            73.96163,
            15.278015
          ],
          [
            73.96324,
            15.2752966
          ],
          [
            73.9638016,
            15.2731966
          ],
          [
            73.964665,
            15.2724216
          ],
          [
            73.96477,
            15.2717116
          ],
          [
            73.9672283,
            15.2715066
          ],
          [
            73.9694816,
            15.2718916
          ],
          [
            73.9702066,
            15.2708066
          ],
          [
            73.97028,
            15.2692783
          ],
          [
            73.970345,
            15.2694633
          ],
          [
            73.9703616,
            15.2694566
          ],
          [
            73.970305,
            15.26945
          ],
          [
            73.968335,
            15.27159
          ],
          [
            73.9653816,
            15.2715799
          ],
          [
            73.96346,
            15.2718416
          ],
          [
            73.96329,
            15.2759716
          ],
          [
            73.9611333,
            15.2780999
          ],
          [
            73.958325,
            15.28105
          ],
          [
            73.9569816,
            15.28269
          ],
          [
            73.9569816,
            15.2832866
          ],
          [
            73.955445,
            15.2867866
          ],
          [
            73.9541416,
            15.29154
          ],
          [
            73.9548666,
            15.2921566
          ],
          [
            73.9554766,
            15.2907716
          ],
          [
            73.9557299,
            15.29067
          ],
          [
            73.9557366,
            15.2906816
          ],
          [
            73.9557366,
            15.2906833
          ],
          [
            73.95463,
            15.29002
          ],
          [
            73.9545083,
            15.2922683
          ],
          [
            73.9545333,
            15.29222
          ],
          [
            73.9545416,
            15.2922216
          ],
          [
            73.9545333,
            15.2922299
          ],
          [
            73.954525,
            15.2922283
          ],
          [
            73.9554933,
            15.2911566
          ],
          [
            73.9555183,
            15.2910566
          ],
          [
            73.955525,
            15.2910333
          ],
          [
            73.9552566,
            15.2873983
          ],
          [
            73.9573083,
            15.28264
          ],
          [
            73.9598066,
            15.2814733
          ],
          [
            73.9610266,
            15.2782333
          ],
          [
            73.9631516,
            15.275985
          ],
          [
            73.963785,
            15.2728166
          ],
          [
            73.9659266,
            15.2716366
          ],
          [
            73.9704916,
            15.272015
          ],
          [
            73.9701583,
            15.268735
          ],
          [
            73.9702883,
            15.269365
          ],
          [
            73.9706466,
            15.2690616
          ],
          [
            73.9703933,
            15.2692866
          ],
          [
            73.970385,
            15.2692916
          ],
          [
            73.9704433,
            15.2694133
          ]
        ]
      },
      "properties": {
        "Vehicle_No": "GA 07 G 7100-MRG(WATER BOUSER)",
        "Vehicle_Name": "5035",
        "Branch": "Fire Station Margao",
        "created": "20-12-2025 10:19:04",
        "lastUpdated": "20-12-2025 23:06:26"
      }
    },
    {
      "type": "Feature",
      "geometry": {
        "type": "LineString",
        "coordinates": [
          [
            73.9706049,
            15.26938
          ]
        ]
      },
      "properties": {
        "Vehicle_No": "GA 07 G 1568-MRG(QUICK RESPONSE )",
        "Vehicle_Name": "5035",
        "Branch": "Fire Station Margao",
        "created": "20-12-2025 10:18:20",
        "lastUpdated": "20-12-2025 10:18:20"
      }
    },
    {
      "type": "Feature",
      "geometry": {
        "type": "LineString",
        "coordinates": [
          [
            73.9701166,
            15.2693416
          ],
          [
            73.97006,
            15.2694116
          ],
          [
            73.970085,
            15.2694133
          ],
          [
            73.970085,
            15.2694516
          ],
          [
            73.9701166,
            15.2693666
          ],
          [
            73.9700933,
            15.2693299
          ],
          [
            73.9699866,
            15.26959
          ],
          [
            73.9701083,
            15.2694166
          ],
          [
            73.96997,
            15.269675
          ],
          [
            73.9698816,
            15.2695216
          ],
          [
            73.9700033,
            15.269415
          ],
          [
            73.9701416,
            15.2694133
          ],
          [
            73.97015,
            15.2694316
          ],
          [
            73.9701166,
            15.2694799
          ],
          [
            73.9701416,
            15.2694966
          ],
          [
            73.9701983,
            15.26945
          ],
          [
            73.9702233,
            15.2694583
          ],
          [
            73.970215,
            15.2693983
          ],
          [
            73.9701416,
            15.2695083
          ],
          [
            73.9701083,
            15.2694783
          ],
          [
            73.9700933,
            15.2695
          ],
          [
            73.9701583,
            15.26947
          ],
          [
            73.97019,
            15.26946
          ],
          [
            73.9701983,
            15.2694266
          ],
          [
            73.9702466,
            15.269415
          ],
          [
            73.9702883,
            15.2704716
          ],
          [
            73.9712316,
            15.2723733
          ],
          [
            73.9735183,
            15.2747233
          ],
          [
            73.9743249,
            15.27639
          ],
          [
            73.9784416,
            15.28258
          ],
          [
            73.9752033,
            15.2845066
          ],
          [
            73.9689866,
            15.28305
          ],
          [
            73.967725,
            15.2815183
          ],
          [
            73.9685216,
            15.2797916
          ],
          [
            73.9685133,
            15.27678
          ],
          [
            73.9698483,
            15.2771916
          ],
          [
            73.9705899,
            15.2769466
          ],
          [
            73.9705233,
            15.2771
          ],
          [
            73.9693033,
            15.2763033
          ],
          [
            73.969255,
            15.2763266
          ],
          [
            73.969255,
            15.2763199
          ],
          [
            73.9692466,
            15.2762899
          ],
          [
            73.9690833,
            15.2760033
          ],
          [
            73.96993,
            15.2762466
          ],
          [
            73.969955,
            15.2762616
          ],
          [
            73.9699216,
            15.2773599
          ],
          [
            73.9683916,
            15.276465
          ],
          [
            73.9685066,
            15.2793716
          ],
          [
            73.9683433,
            15.2810033
          ],
          [
            73.9679033,
            15.28151
          ],
          [
            73.9672366,
            15.282995
          ],
          [
            73.9711433,
            15.2834416
          ],
          [
            73.9758216,
            15.2847083
          ],
          [
            73.9780266,
            15.2835066
          ],
          [
            73.9780033,
            15.2808916
          ],
          [
            73.9746749,
            15.2768283
          ],
          [
            73.9727949,
            15.2735516
          ],
          [
            73.970345,
            15.271965
          ],
          [
            73.9702966,
            15.2693683
          ],
          [
            73.970305,
            15.2694266
          ],
          [
            73.9703199,
            15.2694216
          ],
          [
            73.97019,
            15.2694616
          ],
          [
            73.9733883,
            15.26818
          ],
          [
            73.9780516,
            15.2716566
          ],
          [
            73.981575,
            15.2711283
          ],
          [
            73.9840333,
            15.2707966
          ],
          [
            73.994165,
            15.270535
          ],
          [
            74.0001716,
            15.2715233
          ],
          [
            74.0047766,
            15.2711116
          ],
          [
            74.00931,
            15.2708916
          ],
          [
            74.0137133,
            15.2689966
          ],
          [
            74.0142583,
            15.2686216
          ],
          [
            74.0138666,
            15.2680616
          ],
          [
            74.0137533,
            15.26782
          ],
          [
            74.0137533,
            15.2678066
          ],
          [
            74.01377,
            15.2677883
          ],
          [
            74.0137783,
            15.2677816
          ],
          [
            74.013785,
            15.2677833
          ],
          [
            74.0137783,
            15.267775
          ],
          [
            74.013875,
            15.2680383
          ],
          [
            74.0138833,
            15.2680366
          ],
          [
            74.0138666,
            15.2680883
          ],
          [
            74.013875,
            15.268085
          ],
          [
            74.0138833,
            15.268075
          ],
          [
            74.0138833,
            15.2680683
          ],
          [
            74.0138833,
            15.2680666
          ],
          [
            74.013875,
            15.2680666
          ],
          [
            74.0138583,
            15.268075
          ],
          [
            74.0138583,
            15.2680783
          ],
          [
            74.0138583,
            15.2680766
          ],
          [
            74.0138516,
            15.2680383
          ],
          [
            74.0139316,
            15.2681716
          ],
          [
            74.0132249,
            15.2695366
          ],
          [
            74.0097566,
            15.2707683
          ],
          [
            74.0044766,
            15.2710666
          ],
          [
            74.0002433,
            15.2714333
          ],
          [
            73.9946616,
            15.2708216
          ],
          [
            73.990055,
            15.27
          ],
          [
            73.988875,
            15.269955
          ],
          [
            73.9784749,
            15.2717033
          ],
          [
            73.9772299,
            15.2679516
          ],
          [
            73.9710849,
            15.2683783
          ],
          [
            73.9702066,
            15.2693033
          ],
          [
            73.9702233,
            15.2693016
          ],
          [
            73.9739983,
            15.26815
          ],
          [
            73.9777916,
            15.2700883
          ],
          [
            73.9800949,
            15.271495
          ],
          [
            73.9854,
            15.2706366
          ],
          [
            73.989755,
            15.2700383
          ],
          [
            73.9943283,
            15.2708333
          ],
          [
            73.9943366,
            15.2733983
          ],
          [
            73.9943933,
            15.27649
          ],
          [
            73.9943683,
            15.2785283
          ],
          [
            73.9943516,
            15.2785233
          ],
          [
            73.9943516,
            15.2785216
          ],
          [
            73.9943433,
            15.27852
          ],
          [
            73.9943283,
            15.27852
          ],
          [
            73.9943366,
            15.2785216
          ],
          [
            73.9943366,
            15.278515
          ],
          [
            73.9943366,
            15.27851
          ],
          [
            73.99432,
            15.2785016
          ],
          [
            73.9943283,
            15.2785016
          ],
          [
            73.9943283,
            15.2785
          ],
          [
            73.9943283,
            15.278505
          ],
          [
            73.99432,
            15.2785133
          ],
          [
            73.9943033,
            15.2785183
          ],
          [
            73.9943033,
            15.27852
          ],
          [
            73.9943116,
            15.2785133
          ],
          [
            73.9943366,
            15.2785066
          ],
          [
            73.9943283,
            15.2785066
          ],
          [
            73.9943366,
            15.2784916
          ],
          [
            73.9943283,
            15.278495
          ],
          [
            73.9943283,
            15.2785016
          ],
          [
            73.99432,
            15.2785016
          ],
          [
            73.99432,
            15.2784966
          ],
          [
            73.99432,
            15.2785
          ],
          [
            73.9943366,
            15.27851
          ],
          [
            73.9943366,
            15.2785066
          ],
          [
            73.99427,
            15.2788183
          ],
          [
            73.9915766,
            15.280045
          ],
          [
            73.9893233,
            15.2802066
          ],
          [
            73.9884683,
            15.2804033
          ],
          [
            73.983065,
            15.28145
          ],
          [
            73.98042,
            15.2819583
          ],
          [
            73.980875,
            15.28005
          ],
          [
            73.9796216,
            15.273535
          ],
          [
            73.9777099,
            15.26978
          ],
          [
            73.9743816,
            15.2681233
          ],
          [
            73.970215,
            15.269235
          ],
          [
            73.97028,
            15.2693749
          ],
          [
            73.9702633,
            15.2693683
          ]
        ]
      },
      "properties": {
        "Vehicle_No": "GA 07 G 6101-MRG(WATER TENDER)",
        "Vehicle_Name": "5035",
        "Branch": "Fire Station Margao",
        "created": "20-12-2025 10:19:24",
        "lastUpdated": "20-12-2025 18:58:13"
      }
    },
    {
      "type": "Feature",
      "geometry": {
        "type": "LineString",
        "coordinates": [
          [
            73.9701083,
            15.269395
          ]
        ]
      },
      "properties": {
        "Vehicle_No": "GA 07 G 1001-MRG(AERIAL LADDER PLATFORM)",
        "Vehicle_Name": "5035",
        "Branch": "Fire Station Margao",
        "created": "20-12-2025 10:19:18",
        "lastUpdated": "20-12-2025 10:19:18"
      }
    },
    {
      "type": "Feature",
      "geometry": {
        "type": "LineString",
        "coordinates": [
          [
            73.9772456,
            15.413975
          ],
          [
            73.9772644,
            15.4139872
          ],
          [
            73.9772661,
            15.4139961
          ],
          [
            73.9772678,
            15.4139967
          ],
          [
            73.97727,
            15.4140211
          ],
          [
            73.9771578,
            15.4139828
          ],
          [
            73.9780639,
            15.4141911
          ],
          [
            73.9780694,
            15.414205
          ],
          [
            73.9782972,
            15.4144044
          ],
          [
            73.9798961,
            15.4179633
          ],
          [
            73.9812333,
            15.42121
          ],
          [
            73.9825817,
            15.4203933
          ],
          [
            73.9849983,
            15.4177928
          ],
          [
            73.9882261,
            15.4137483
          ],
          [
            73.9901028,
            15.4114133
          ],
          [
            73.9927383,
            15.4082244
          ],
          [
            73.9964528,
            15.4056461
          ],
          [
            74.0014522,
            15.4057839
          ],
          [
            74.0030667,
            15.4049094
          ],
          [
            74.003275,
            15.4032444
          ],
          [
            74.0027689,
            15.4028089
          ],
          [
            74.0028,
            15.4027639
          ]
        ]
      },
      "properties": {
        "Vehicle_No": "GA 07 G 0820-BIC(WATER TEDNER)",
        "Vehicle_Name": "5026",
        "Branch": "Fire Station Bicholim",
        "created": "20-12-2025 10:17:48",
        "lastUpdated": "20-12-2025 18:47:23"
      }
    },
    {
      "type": "Feature",
      "geometry": {
        "type": "LineString",
        "coordinates": [
          [
            73.9140383,
            15.500285
          ]
        ]
      },
      "properties": {
        "Vehicle_No": "GA 07 G 5101-OLG(MS WATER TENDER)",
        "Vehicle_Name": "5035",
        "Branch": "Fire Station Old Goa",
        "created": "20-12-2025 10:19:16",
        "lastUpdated": "20-12-2025 10:19:16"
      }
    },
    {
      "type": "Feature",
      "geometry": {
        "type": "LineString",
        "coordinates": [
          [
            73.94615,
            15.589055
          ],
          [
            73.9463466,
            15.5894566
          ],
          [
            73.9472816,
            15.5895133
          ],
          [
            73.94677,
            15.58907
          ],
          [
            73.9468349,
            15.5892783
          ],
          [
            73.94698,
            15.5890116
          ],
          [
            73.9468916,
            15.5893
          ],
          [
            73.9466633,
            15.5898316
          ],
          [
            73.9466716,
            15.5898149
          ],
          [
            73.9465166,
            15.5893
          ],
          [
            73.9464116,
            15.5890916
          ],
          [
            73.9470383,
            15.5903016
          ],
          [
            73.9464683,
            15.5892483
          ],
          [
            73.9464433,
            15.5888916
          ],
          [
            73.9466966,
            15.5892583
          ],
          [
            73.9467283,
            15.5893083
          ],
          [
            73.94668,
            15.5891833
          ],
          [
            73.9464766,
            15.5890783
          ],
          [
            73.9467116,
            15.5893883
          ],
          [
            73.9468583,
            15.5897183
          ],
          [
            73.9465733,
            15.5891233
          ],
          [
            73.9465416,
            15.5888766
          ],
          [
            73.9469233,
            15.5894083
          ],
          [
            73.9464599,
            15.5893333
          ],
          [
            73.9463866,
            15.5893183
          ],
          [
            73.94668,
            15.5893683
          ],
          [
            73.9466716,
            15.5893916
          ],
          [
            73.9466233,
            15.5893083
          ],
          [
            73.9463783,
            15.589225
          ],
          [
            73.9460283,
            15.5890833
          ],
          [
            73.9463216,
            15.5893683
          ],
          [
            73.9463533,
            15.5893366
          ],
          [
            73.9460616,
            15.5890866
          ],
          [
            73.9460283,
            15.5887966
          ],
          [
            73.9466466,
            15.5894716
          ],
          [
            73.9466966,
            15.5893533
          ],
          [
            73.9463616,
            15.5891766
          ],
          [
            73.9462316,
            15.5892116
          ],
          [
            73.9463133,
            15.5892216
          ],
          [
            73.9464516,
            15.5892399
          ],
          [
            73.9464516,
            15.5892416
          ],
          [
            73.94642,
            15.589185
          ],
          [
            73.947005,
            15.589475
          ],
          [
            73.9468183,
            15.5894633
          ],
          [
            73.9461433,
            15.5888383
          ],
          [
            73.9461916,
            15.5888366
          ],
          [
            73.9456049,
            15.5886516
          ],
          [
            73.9455316,
            15.5885966
          ],
          [
            73.946265,
            15.5890683
          ],
          [
            73.946485,
            15.5891166
          ],
          [
            73.9464933,
            15.5891016
          ],
          [
            73.9466633,
            15.5892666
          ],
          [
            73.946435,
            15.58896
          ],
          [
            73.9468183,
            15.589565
          ],
          [
            73.9466233,
            15.5888883
          ],
          [
            73.9466549,
            15.5888933
          ],
          [
            73.9466466,
            15.5891233
          ],
          [
            73.9466466,
            15.5891316
          ],
          [
            73.9466633,
            15.5893966
          ],
          [
            73.9461433,
            15.5888633
          ],
          [
            73.9466466,
            15.58889
          ],
          [
            73.9466883,
            15.5892916
          ],
          [
            73.9470533,
            15.589415
          ],
          [
            73.9470466,
            15.5894083
          ],
          [
            73.9467933,
            15.5889533
          ],
          [
            73.9464116,
            15.5887733
          ],
          [
            73.946435,
            15.5887749
          ],
          [
            73.9465166,
            15.5885716
          ],
          [
            73.946435,
            15.5885483
          ],
          [
            73.9461433,
            15.5891233
          ],
          [
            73.9467933,
            15.5894066
          ],
          [
            73.9456216,
            15.5899683
          ],
          [
            73.9443283,
            15.5877466
          ],
          [
            73.9409183,
            15.5837566
          ],
          [
            73.9405033,
            15.5810183
          ],
          [
            73.9402833,
            15.58007
          ],
          [
            73.9369866,
            15.5717266
          ],
          [
            73.9302649,
            15.569295
          ],
          [
            73.9297116,
            15.5689733
          ],
          [
            73.9291499,
            15.5679183
          ],
          [
            73.8940433,
            15.55539
          ],
          [
            73.9316566,
            15.5697516
          ],
          [
            73.9468016,
            15.5894333
          ],
          [
            73.9466549,
            15.5894716
          ],
          [
            73.9463699,
            15.589555
          ],
          [
            73.9466716,
            15.589095
          ],
          [
            73.9467449,
            15.5890666
          ],
          [
            73.9468833,
            15.5891583
          ],
          [
            73.94677,
            15.5890366
          ],
          [
            73.9468266,
            15.5891133
          ],
          [
            73.9469083,
            15.58917
          ],
          [
            73.9466549,
            15.5890566
          ],
          [
            73.9465816,
            15.5890033
          ],
          [
            73.9466383,
            15.5889916
          ],
          [
            73.9468266,
            15.5890149
          ],
          [
            73.9468266,
            15.5891233
          ],
          [
            73.9466383,
            15.5889816
          ],
          [
            73.9462483,
            15.5883233
          ],
          [
            73.94615,
            15.58809
          ],
          [
            73.9463533,
            15.5884066
          ],
          [
            73.9463616,
            15.5884033
          ],
          [
            73.9466233,
            15.5887566
          ],
          [
            73.9464933,
            15.5884933
          ],
          [
            73.9462966,
            15.5882283
          ],
          [
            73.9462566,
            15.588275
          ],
          [
            73.9462083,
            15.58812
          ],
          [
            73.9460533,
            15.58813
          ],
          [
            73.9460766,
            15.5882283
          ],
          [
            73.9462566,
            15.5881883
          ],
          [
            73.9465333,
            15.5889016
          ],
          [
            73.946435,
            15.5888649
          ],
          [
            73.9463866,
            15.588645
          ],
          [
            73.9465083,
            15.5886733
          ],
          [
            73.9465649,
            15.5888083
          ],
          [
            73.9466233,
            15.5890083
          ],
          [
            73.9465649,
            15.589065
          ],
          [
            73.9465166,
            15.589085
          ],
          [
            73.9464933,
            15.589045
          ],
          [
            73.9463699,
            15.58875
          ],
          [
            73.9463533,
            15.58878
          ],
          [
            73.9465733,
            15.5886533
          ],
          [
            73.9465649,
            15.5885516
          ],
          [
            73.9467366,
            15.58926
          ],
          [
            73.9469733,
            15.589175
          ],
          [
            73.9467616,
            15.5891483
          ],
          [
            73.9463616,
            15.5891333
          ],
          [
            73.9450933,
            15.5889816
          ],
          [
            73.943725,
            15.5869449
          ],
          [
            73.941715,
            15.5847533
          ],
          [
            73.94174,
            15.5847616
          ],
          [
            73.9417316,
            15.5847633
          ],
          [
            73.9417316,
            15.584765
          ],
          [
            73.9418783,
            15.5849466
          ],
          [
            73.9418866,
            15.5849483
          ],
          [
            73.9418783,
            15.5849399
          ],
          [
            73.9418866,
            15.5849316
          ],
          [
            73.9418866,
            15.58493
          ],
          [
            73.9418866,
            15.5849283
          ],
          [
            73.941895,
            15.5849566
          ],
          [
            73.94117,
            15.5840333
          ],
          [
            73.941765,
            15.5848833
          ],
          [
            73.9437166,
            15.586965
          ],
          [
            73.9455733,
            15.5900783
          ],
          [
            73.9465816,
            15.5892116
          ],
          [
            73.9466316,
            15.5893933
          ],
          [
            73.9466383,
            15.5894166
          ],
          [
            73.9465333,
            15.58907
          ],
          [
            73.9464766,
            15.5891666
          ],
          [
            73.9464516,
            15.5891766
          ],
          [
            73.9467033,
            15.588985
          ],
          [
            73.9465649,
            15.5891016
          ],
          [
            73.9465,
            15.589375
          ],
          [
            73.946215,
            15.589205
          ],
          [
            73.9461666,
            15.5892083
          ],
          [
            73.9463383,
            15.5891966
          ],
          [
            73.9463133,
            15.5891766
          ],
          [
            73.946525,
            15.5891883
          ],
          [
            73.946615,
            15.589325
          ],
          [
            73.94843,
            15.5882216
          ],
          [
            73.9498783,
            15.58788
          ],
          [
            73.953695,
            15.5871183
          ],
          [
            73.958765,
            15.5852016
          ],
          [
            73.9634433,
            15.5832016
          ],
          [
            73.9678133,
            15.5816016
          ],
          [
            73.9699466,
            15.5809633
          ],
          [
            73.9752683,
            15.57842
          ],
          [
            73.9830899,
            15.57685
          ],
          [
            73.991895,
            15.5753416
          ],
          [
            73.9981033,
            15.5722316
          ],
          [
            74.0008299,
            15.5693666
          ],
          [
            74.00625,
            15.566835
          ],
          [
            74.010245,
            15.5639783
          ],
          [
            74.0131349,
            15.5607633
          ],
          [
            74.0138833,
            15.5597
          ],
          [
            74.0203783,
            15.5580166
          ],
          [
            74.02504,
            15.55568
          ],
          [
            74.0306883,
            15.5545083
          ],
          [
            74.032235,
            15.553145
          ],
          [
            74.03247,
            15.5531283
          ],
          [
            74.0324783,
            15.55311
          ],
          [
            74.0322266,
            15.553095
          ],
          [
            74.032235,
            15.5540966
          ],
          [
            74.02941,
            15.5549383
          ],
          [
            74.024975,
            15.5557916
          ],
          [
            74.021485,
            15.5574933
          ],
          [
            74.016715,
            15.5573133
          ],
          [
            74.0128983,
            15.5610516
          ],
          [
            74.0107416,
            15.5634366
          ],
          [
            74.008505,
            15.5657516
          ],
          [
            74.0044266,
            15.5678633
          ],
          [
            74.0003016,
            15.569865
          ],
          [
            73.9965649,
            15.5731416
          ],
          [
            73.9896566,
            15.5756666
          ],
          [
            73.9823316,
            15.57689
          ],
          [
            73.98042,
            15.5770016
          ],
          [
            73.972135,
            15.5794866
          ],
          [
            73.9700683,
            15.580915
          ],
          [
            73.9678466,
            15.581545
          ],
          [
            73.963655,
            15.5831399
          ],
          [
            73.9592366,
            15.5849666
          ],
          [
            73.9541583,
            15.58689
          ],
          [
            73.95118,
            15.58778
          ],
          [
            73.9485266,
            15.5882016
          ],
          [
            73.9469966,
            15.5889766
          ],
          [
            73.9467116,
            15.5893833
          ],
          [
            73.9467533,
            15.5894999
          ],
          [
            73.9460533,
            15.5894549
          ],
          [
            73.947485,
            15.5889083
          ],
          [
            73.9468349,
            15.5888716
          ],
          [
            73.9468266,
            15.588855
          ],
          [
            73.9467616,
            15.5888916
          ],
          [
            73.94677,
            15.5888816
          ],
          [
            73.9470466,
            15.5890766
          ],
          [
            73.94668,
            15.5891566
          ],
          [
            73.946915,
            15.5893083
          ],
          [
            73.9469083,
            15.5893033
          ],
          [
            73.9469083,
            15.5892216
          ],
          [
            73.9468583,
            15.5889466
          ],
          [
            73.946915,
            15.5889133
          ],
          [
            73.9463866,
            15.5889933
          ],
          [
            73.946965,
            15.5888516
          ],
          [
            73.9468666,
            15.5890783
          ],
          [
            73.9467366,
            15.5892316
          ],
          [
            73.9464683,
            15.5891716
          ],
          [
            73.946395,
            15.5890983
          ],
          [
            73.9463699,
            15.589075
          ],
          [
            73.94642,
            15.589175
          ],
          [
            73.9462883,
            15.5891566
          ],
          [
            73.9461016,
            15.5892883
          ],
          [
            73.946435,
            15.58919
          ],
          [
            73.9464599,
            15.5892433
          ],
          [
            73.946395,
            15.5891333
          ],
          [
            73.9465083,
            15.5891066
          ],
          [
            73.9468266,
            15.5889266
          ],
          [
            73.9468349,
            15.5891966
          ],
          [
            73.9468349,
            15.5891883
          ],
          [
            73.9467933,
            15.5896133
          ],
          [
            73.94694,
            15.5891533
          ],
          [
            73.9469883,
            15.58923
          ],
          [
            73.9467766,
            15.588895
          ],
          [
            73.9465166,
            15.5883949
          ],
          [
            73.946395,
            15.588485
          ],
          [
            73.9463616,
            15.5885066
          ],
          [
            73.9464516,
            15.58853
          ],
          [
            73.9463699,
            15.5890883
          ],
          [
            73.9459799,
            15.5882866
          ],
          [
            73.9459799,
            15.58824
          ],
          [
            73.946175,
            15.5880916
          ],
          [
            73.946175,
            15.5881249
          ],
          [
            73.9465333,
            15.5890966
          ],
          [
            73.9466966,
            15.5894883
          ],
          [
            73.94677,
            15.58951
          ],
          [
            73.9469966,
            15.5892683
          ],
          [
            73.9469883,
            15.58927
          ],
          [
            73.94681,
            15.5895633
          ],
          [
            73.9468583,
            15.5895083
          ],
          [
            73.946915,
            15.5894633
          ],
          [
            73.9469566,
            15.5894266
          ],
          [
            73.946965,
            15.58946
          ],
          [
            73.9468583,
            15.5894783
          ],
          [
            73.94685,
            15.589425
          ],
          [
            73.9468666,
            15.5894716
          ],
          [
            73.947005,
            15.5893966
          ],
          [
            73.9468833,
            15.5891766
          ],
          [
            73.9468183,
            15.58904
          ],
          [
            73.9468416,
            15.5890416
          ],
          [
            73.9467449,
            15.5890416
          ],
          [
            73.9464933,
            15.5890566
          ]
        ]
      },
      "properties": {
        "Vehicle_No": "GA 07 G 3101-BIC(MS WATER TENDER)",
        "Vehicle_Name": "5035",
        "Branch": "Fire Station Bicholim",
        "created": "20-12-2025 10:18:15",
        "lastUpdated": "20-12-2025 23:34:03"
      }
    },
    {
      "type": "Feature",
      "geometry": {
        "type": "LineString",
        "coordinates": [
          [
            73.9665933,
            15.5824466
          ]
        ]
      },
      "properties": {
        "Vehicle_No": "GA 07 G 1941-BIC(QUICK RESPONSE)",
        "Vehicle_Name": "5035",
        "Branch": "Fire Station Bicholim",
        "created": "20-12-2025 10:19:24",
        "lastUpdated": "20-12-2025 10:19:24"
      }
    },
    {
      "type": "Feature",
      "geometry": {
        "type": "LineString",
        "coordinates": [
          [
            73.8524983,
            15.3901916
          ]
        ]
      },
      "properties": {
        "Vehicle_No": "GA 07 G 2319-VAS (EMERGENCY RESCUE TENDER)",
        "Vehicle_Name": "5035",
        "Branch": "Fire Station Vasco",
        "created": "20-12-2025 10:18:51",
        "lastUpdated": "20-12-2025 10:18:51"
      }
    },
    {
      "type": "Feature",
      "geometry": {
        "type": "LineString",
        "coordinates": [
          [
            74.1285483,
            15.52349
          ],
          [
            74.1283616,
            15.5253416
          ],
          [
            74.1302733,
            15.5283033
          ],
          [
            74.1341466,
            15.5295966
          ],
          [
            74.1365149,
            15.530445
          ],
          [
            74.1390133,
            15.5319583
          ],
          [
            74.1391116,
            15.5310866
          ],
          [
            74.1389316,
            15.5310566
          ],
          [
            74.1389166,
            15.5310316
          ],
          [
            74.1378416,
            15.531615
          ],
          [
            74.13523,
            15.5294183
          ],
          [
            74.1317383,
            15.5287916
          ],
          [
            74.1287683,
            15.5266666
          ],
          [
            74.1286533,
            15.5231116
          ],
          [
            74.1290116,
            15.521145
          ],
          [
            74.1286466,
            15.5229966
          ],
          [
            74.1285566,
            15.5234216
          ],
          [
            74.1287433,
            15.5267633
          ],
          [
            74.131925,
            15.52891
          ],
          [
            74.135595,
            15.5294316
          ],
          [
            74.1369133,
            15.5308983
          ],
          [
            74.1392983,
            15.531675
          ],
          [
            74.1388433,
            15.53104
          ],
          [
            74.13877,
            15.5310083
          ],
          [
            74.1387283,
            15.5310033
          ],
          [
            74.13942,
            15.5293533
          ],
          [
            74.1399816,
            15.5282933
          ],
          [
            74.1400383,
            15.5283716
          ],
          [
            74.1400316,
            15.5283633
          ],
          [
            74.1400316,
            15.5283683
          ],
          [
            74.1400383,
            15.5283583
          ],
          [
            74.1400316,
            15.528365
          ],
          [
            74.1393633,
            15.5309883
          ],
          [
            74.138835,
            15.5309983
          ],
          [
            74.138745,
            15.5309933
          ],
          [
            74.1387199,
            15.5310116
          ]
        ]
      },
      "properties": {
        "Vehicle_No": "GA 07 G 3737-VAP(WATER TENDER)",
        "Vehicle_Name": "5035",
        "Branch": "Fire Station Valpoi",
        "created": "20-12-2025 10:18:40",
        "lastUpdated": "20-12-2025 16:20:24"
      }
    },
    {
      "type": "Feature",
      "geometry": {
        "type": "LineString",
        "coordinates": [
          [
            74.0028316,
            15.40297
          ],
          [
            74.0028733,
            15.4027683
          ],
          [
            74.00284,
            15.402795
          ],
          [
            74.0032466,
            15.4030116
          ],
          [
            74.0030266,
            15.40547
          ],
          [
            74.0087733,
            15.40735
          ],
          [
            74.0133216,
            15.4088783
          ],
          [
            74.014225,
            15.4088016
          ],
          [
            74.0142416,
            15.408795
          ],
          [
            74.0209716,
            15.4091066
          ],
          [
            74.0268799,
            15.4122333
          ],
          [
            74.0337233,
            15.41416
          ],
          [
            74.040235,
            15.4199183
          ],
          [
            74.0460116,
            15.424445
          ],
          [
            74.0521,
            15.421555
          ],
          [
            74.060815,
            15.4184016
          ],
          [
            74.0659416,
            15.4171516
          ],
          [
            74.0715816,
            15.4165766
          ],
          [
            74.075065,
            15.4166383
          ],
          [
            74.0690016,
            15.4162816
          ],
          [
            74.0632983,
            15.4177283
          ],
          [
            74.05691,
            15.4191166
          ],
          [
            74.0482183,
            15.4238366
          ],
          [
            74.04082,
            15.4202633
          ],
          [
            74.0394533,
            15.419005
          ],
          [
            74.0261883,
            15.4115616
          ],
          [
            74.0173916,
            15.4082233
          ],
          [
            74.0097983,
            15.40745
          ],
          [
            74.00511,
            15.40527
          ],
          [
            74.0031816,
            15.4032916
          ],
          [
            74.002815,
            15.4028966
          ],
          [
            74.0028083,
            15.4028416
          ]
        ]
      },
      "properties": {
        "Vehicle_No": "GA 07 G 2318-PND(EMERGENCY RESCUE TENDER)",
        "Vehicle_Name": "5035",
        "Branch": "Fire Station Ponda",
        "created": "20-12-2025 10:19:04",
        "lastUpdated": "20-12-2025 20:18:18"
      }
    },
    {
      "type": "Feature",
      "geometry": {
        "type": "LineString",
        "coordinates": [
          [
            74.0768633,
            15.4151616
          ]
        ]
      },
      "properties": {
        "Vehicle_No": "GA 07 G 2004-PND(QUICK RESPONSE)",
        "Vehicle_Name": "5035",
        "Branch": "Fire Station Ponda",
        "created": "19-12-2025 08:22:15",
        "lastUpdated": "19-12-2025 08:22:15"
      }
    },
    {
      "type": "Feature",
      "geometry": {
        "type": "LineString",
        "coordinates": [
          [
            74.002865,
            15.4027483
          ],
          [
            74.0048016,
            15.3994283
          ],
          [
            74.0026533,
            15.396025
          ],
          [
            74.0026116,
            15.39308
          ],
          [
            74.00494,
            15.383295
          ],
          [
            74.0080733,
            15.3763649
          ],
          [
            74.010685,
            15.3728966
          ],
          [
            74.0074633,
            15.36794
          ],
          [
            74.002555,
            15.36618
          ],
          [
            73.9996416,
            15.36284
          ],
          [
            74.001725,
            15.3581666
          ],
          [
            74.00389,
            15.3534183
          ],
          [
            74.0045733,
            15.3533033
          ],
          [
            74.0045333,
            15.35346
          ],
          [
            74.0044516,
            15.3537
          ],
          [
            74.0044516,
            15.3536933
          ],
          [
            74.0044516,
            15.3536966
          ],
          [
            74.0044516,
            15.3536983
          ],
          [
            74.0044433,
            15.3537066
          ],
          [
            74.0039883,
            15.353935
          ],
          [
            74.0028883,
            15.354815
          ],
          [
            74.0005366,
            15.3600216
          ],
          [
            74.0093583,
            15.3693983
          ],
          [
            74.0097416,
            15.374325
          ],
          [
            74.0085366,
            15.3765883
          ],
          [
            74.0051683,
            15.382995
          ],
          [
            74.0036383,
            15.3863966
          ],
          [
            74.0030116,
            15.3918716
          ],
          [
            74.0022616,
            15.3946466
          ],
          [
            74.0037266,
            15.3992933
          ],
          [
            74.0026366,
            15.4015766
          ],
          [
            74.0027666,
            15.4031416
          ],
          [
            74.0027183,
            15.4031466
          ],
          [
            74.0026933,
            15.4031316
          ],
          [
            74.0030683,
            15.402565
          ],
          [
            74.003035,
            15.4025183
          ]
        ]
      },
      "properties": {
        "Vehicle_No": "GA 07 G 9101-PND(WATER TENDER)",
        "Vehicle_Name": "5035",
        "Branch": "Fire Station Ponda",
        "created": "20-12-2025 10:19:06",
        "lastUpdated": "20-12-2025 21:14:24"
      }
    },
    {
      "type": "Feature",
      "geometry": {
        "type": "LineString",
        "coordinates": [
          [
            74.0028566,
            15.402795
          ],
          [
            74.00258,
            15.4051816
          ],
          [
            73.9980883,
            15.4056016
          ],
          [
            73.993725,
            15.407485
          ],
          [
            73.991895,
            15.4096866
          ],
          [
            73.9882399,
            15.4135883
          ],
          [
            73.98518,
            15.4175266
          ],
          [
            73.9829999,
            15.4201133
          ],
          [
            73.9809983,
            15.4207416
          ],
          [
            73.9786133,
            15.4146833
          ],
          [
            73.9781416,
            15.4141833
          ],
          [
            73.9780916,
            15.4140866
          ],
          [
            73.9781,
            15.414085
          ],
          [
            73.9781,
            15.4140766
          ],
          [
            73.978035,
            15.4141833
          ],
          [
            73.9780433,
            15.4142249
          ],
          [
            73.978035,
            15.4142249
          ]
        ]
      },
      "properties": {
        "Vehicle_No": "GA 07 G 9797-PND(WATER BOUSER)",
        "Vehicle_Name": "5035",
        "Branch": "Fire Station Ponda",
        "created": "20-12-2025 10:18:52",
        "lastUpdated": "20-12-2025 18:39:18"
      }
    },
    {
      "type": "Feature",
      "geometry": {
        "type": "LineString",
        "coordinates": [
          [
            74.04406,
            15.02367
          ]
        ]
      },
      "properties": {
        "Vehicle_No": "GA 07 G 6363-CAN(WATER TENDER)",
        "Vehicle_Name": "5035",
        "Branch": "Fire Station Canacona",
        "created": "20-12-2025 10:18:37",
        "lastUpdated": "20-12-2025 10:18:37"
      }
    },
    {
      "type": "Feature",
      "geometry": {
        "type": "LineString",
        "coordinates": [
          [
            74.044075,
            15.0236783
          ],
          [
            74.042725,
            15.022815
          ],
          [
            74.05223,
            15.0070533
          ],
          [
            74.0560216,
            15.0067216
          ],
          [
            74.0578616,
            15.0069533
          ],
          [
            74.0579583,
            15.0070366
          ],
          [
            74.0579666,
            15.00708
          ]
        ]
      },
      "properties": {
        "Vehicle_No": "GA 07 G 1567-CAN(QUICK RESPONSE FT)",
        "Vehicle_Name": "5035",
        "Branch": "Fire Station Canacona",
        "created": "20-12-2025 07:52:15",
        "lastUpdated": "20-12-2025 18:15:08"
      }
    },
    {
      "type": "Feature",
      "geometry": {
        "type": "LineString",
        "coordinates": [
          [
            73.93571,
            15.3696016
          ],
          [
            73.9359533,
            15.3678
          ],
          [
            73.9358316,
            15.3673733
          ],
          [
            73.9358566,
            15.36734
          ],
          [
            73.9357583,
            15.3696283
          ],
          [
            73.9355383,
            15.3696333
          ],
          [
            73.93558,
            15.3695999
          ],
          [
            73.93562,
            15.37012
          ],
          [
            73.9356033,
            15.3696616
          ],
          [
            73.9361166,
            15.3694933
          ],
          [
            73.9348066,
            15.36971
          ],
          [
            73.9349933,
            15.3696933
          ],
          [
            73.9350266,
            15.36968
          ],
          [
            73.9356933,
            15.3697116
          ]
        ]
      },
      "properties": {
        "Vehicle_No": "GA 07 G 1569-VRN(QUICK RESPONSE)",
        "Vehicle_Name": "5035",
        "Branch": "Fire Station Verna",
        "created": "20-12-2025 10:18:45",
        "lastUpdated": "20-12-2025 21:57:27"
      }
    },
    {
      "type": "Feature",
      "geometry": {
        "type": "LineString",
        "coordinates": [
          [
            73.9354816,
            15.369625
          ],
          [
            73.9357266,
            15.3697016
          ],
          [
            73.93571,
            15.3697183
          ],
          [
            73.9356533,
            15.3697333
          ],
          [
            73.9356033,
            15.3697466
          ],
          [
            73.9356116,
            15.3697616
          ],
          [
            73.9357266,
            15.3697266
          ],
          [
            73.9357583,
            15.3697566
          ],
          [
            73.9326083,
            15.37071
          ],
          [
            73.9267733,
            15.3703833
          ],
          [
            73.926115,
            15.36229
          ],
          [
            73.92806,
            15.3544166
          ],
          [
            73.92631,
            15.34896
          ],
          [
            73.91962,
            15.34762
          ],
          [
            73.9090083,
            15.3465649
          ],
          [
            73.8987066,
            15.34388
          ],
          [
            73.9000983,
            15.3419366
          ],
          [
            73.9015783,
            15.3399483
          ],
          [
            73.90162,
            15.3398516
          ],
          [
            73.90114,
            15.3403749
          ],
          [
            73.900195,
            15.3416766
          ],
          [
            73.9001133,
            15.3418083
          ],
          [
            73.8999599,
            15.34207
          ],
          [
            73.8989416,
            15.3444866
          ],
          [
            73.9025883,
            15.3456233
          ],
          [
            73.90983,
            15.346685
          ],
          [
            73.9167966,
            15.3474366
          ],
          [
            73.92378,
            15.3481716
          ],
          [
            73.9274583,
            15.3505199
          ],
          [
            73.928085,
            15.3559483
          ],
          [
            73.927685,
            15.3608016
          ],
          [
            73.9263433,
            15.3635616
          ],
          [
            73.927645,
            15.366615
          ],
          [
            73.9278816,
            15.3691716
          ],
          [
            73.9314366,
            15.3691933
          ],
          [
            73.9356849,
            15.3676366
          ],
          [
            73.935815,
            15.3697883
          ],
          [
            73.9356849,
            15.369775
          ],
          [
            73.9355883,
            15.3697483
          ],
          [
            73.93527,
            15.3697566
          ],
          [
            73.935335,
            15.3697583
          ],
          [
            73.9353516,
            15.369735
          ],
          [
            73.9354566,
            15.369675
          ],
          [
            73.93545,
            15.3696633
          ]
        ]
      },
      "properties": {
        "Vehicle_No": "GA 07 G 9909-VRN(ADVANCE MULTI-PURPOSE)",
        "Vehicle_Name": "5035",
        "Branch": "Fire Station Verna",
        "created": "20-12-2025 10:19:05",
        "lastUpdated": "20-12-2025 19:50:39"
      }
    },
    {
      "type": "Feature",
      "geometry": {
        "type": "LineString",
        "coordinates": [
          [
            74.1413566,
            15.532725
          ],
          [
            74.139355,
            15.5318133
          ],
          [
            74.1388016,
            15.531085
          ],
          [
            74.1388099,
            15.531025
          ],
          [
            74.1392083,
            15.53124
          ],
          [
            74.1403,
            15.5328566
          ],
          [
            74.140935,
            15.5330916
          ],
          [
            74.1412683,
            15.5327049
          ],
          [
            74.1412766,
            15.5326983
          ],
          [
            74.1393466,
            15.53235
          ],
          [
            74.1389566,
            15.531115
          ],
          [
            74.1388583,
            15.5310916
          ],
          [
            74.1388666,
            15.531095
          ],
          [
            74.1389083,
            15.5311016
          ],
          [
            74.1402016,
            15.5328133
          ],
          [
            74.1413416,
            15.5333583
          ],
          [
            74.141105,
            15.5327683
          ],
          [
            74.141285,
            15.532745
          ],
          [
            74.1413416,
            15.5327716
          ],
          [
            74.1413416,
            15.5327516
          ],
          [
            74.1413416,
            15.5327533
          ],
          [
            74.14135,
            15.5327499
          ]
        ]
      },
      "properties": {
        "Vehicle_No": "GA 07 G 1942-VAP(QUICK RESPONSE)",
        "Vehicle_Name": "5035",
        "Branch": "Fire Station Valpoi",
        "created": "20-12-2025 10:19:10",
        "lastUpdated": "20-12-2025 18:05:19"
      }
    },
    {
      "type": "Feature",
      "geometry": {
        "type": "LineString",
        "coordinates": [
          [
            74.10398,
            15.260365
          ],
          [
            74.1058916,
            15.2596183
          ],
          [
            74.10704,
            15.2614916
          ],
          [
            74.107015,
            15.2615316
          ],
          [
            74.1070233,
            15.2615583
          ],
          [
            74.104615,
            15.2570333
          ],
          [
            74.1020016,
            15.2507116
          ],
          [
            74.0999183,
            15.2461183
          ],
          [
            74.0975833,
            15.2400883
          ],
          [
            74.0956383,
            15.2332983
          ],
          [
            74.0943116,
            15.2280533
          ],
          [
            74.090185,
            15.2242783
          ],
          [
            74.0871183,
            15.22089
          ],
          [
            74.0869949,
            15.2206766
          ],
          [
            74.0864333,
            15.2201566
          ],
          [
            74.0863933,
            15.2201233
          ],
          [
            74.0844733,
            15.21908
          ],
          [
            74.0802166,
            15.2176466
          ],
          [
            74.0788733,
            15.2169766
          ],
          [
            74.0790933,
            15.21698
          ],
          [
            74.0791016,
            15.2169583
          ],
          [
            74.0826166,
            15.2183716
          ],
          [
            74.086955,
            15.22068
          ],
          [
            74.0903316,
            15.224465
          ],
          [
            74.0950033,
            15.22936
          ],
          [
            74.0961833,
            15.23483
          ],
          [
            74.0978183,
            15.2412883
          ],
          [
            74.10057,
            15.2473483
          ],
          [
            74.1027016,
            15.2509399
          ],
          [
            74.1068683,
            15.2501849
          ],
          [
            74.1105633,
            15.2491316
          ],
          [
            74.1139233,
            15.2498816
          ],
          [
            74.1168616,
            15.247125
          ],
          [
            74.1285066,
            15.2335166
          ],
          [
            74.1338866,
            15.2297633
          ],
          [
            74.1398683,
            15.226375
          ],
          [
            74.1440016,
            15.226945
          ],
          [
            74.1486816,
            15.2276466
          ],
          [
            74.1546383,
            15.2281066
          ],
          [
            74.1576733,
            15.2263816
          ],
          [
            74.1576083,
            15.2262966
          ],
          [
            74.157625,
            15.2262716
          ],
          [
            74.15765,
            15.2263033
          ],
          [
            74.1548666,
            15.2280133
          ],
          [
            74.1503816,
            15.2280066
          ],
          [
            74.1452066,
            15.2269466
          ],
          [
            74.1407066,
            15.2265316
          ],
          [
            74.1359783,
            15.2290766
          ],
          [
            74.1321366,
            15.2310599
          ],
          [
            74.12548,
            15.236215
          ],
          [
            74.122575,
            15.24002
          ],
          [
            74.114405,
            15.2493366
          ],
          [
            74.1120766,
            15.254495
          ],
          [
            74.1096683,
            15.2576666
          ],
          [
            74.1078283,
            15.2580266
          ],
          [
            74.1038333,
            15.2605933
          ],
          [
            74.1035316,
            15.26035
          ],
          [
            74.103515,
            15.2603616
          ],
          [
            74.1051516,
            15.25814
          ],
          [
            74.1028233,
            15.2527083
          ],
          [
            74.10105,
            15.24831
          ],
          [
            74.0981766,
            15.24277
          ],
          [
            74.0970299,
            15.2376133
          ],
          [
            74.0954016,
            15.2320416
          ],
          [
            74.0945633,
            15.2284266
          ],
          [
            74.08715,
            15.2209
          ],
          [
            74.0877033,
            15.2216266
          ],
          [
            74.093945,
            15.2272733
          ],
          [
            74.0958333,
            15.2337733
          ],
          [
            74.09786,
            15.24143
          ],
          [
            74.100725,
            15.247565
          ],
          [
            74.1033616,
            15.2536683
          ],
          [
            74.104655,
            15.259225
          ],
          [
            74.1034416,
            15.2603733
          ],
          [
            74.1036383,
            15.2602766
          ],
          [
            74.1037766,
            15.2602166
          ],
          [
            74.103865,
            15.260305
          ],
          [
            74.103865,
            15.2603316
          ]
        ]
      },
      "properties": {
        "Vehicle_No": "GA 07 G 2003-CUR(QUICK RESPONSE)",
        "Vehicle_Name": "5035",
        "Branch": "Fire Station Curchorem",
        "created": "20-12-2025 10:18:41",
        "lastUpdated": "20-12-2025 21:17:44"
      }
    },
    {
      "type": "Feature",
      "geometry": {
        "type": "LineString",
        "coordinates": [
          [
            74.1037033,
            15.26048
          ]
        ]
      },
      "properties": {
        "Vehicle_No": "GA 07 G 7447-CUR(EMERGENCY RESCUE)",
        "Vehicle_Name": "5035",
        "Branch": "Fire Station Curchorem",
        "created": "20-12-2025 10:19:05",
        "lastUpdated": "20-12-2025 10:19:05"
      }
    },
    {
      "type": "Feature",
      "geometry": {
        "type": "LineString",
        "coordinates": [
          [
            74.1037116,
            15.260445
          ],
          [
            74.1037766,
            15.2604416
          ],
          [
            74.1037916,
            15.2604516
          ],
          [
            74.1037766,
            15.2604466
          ],
          [
            74.1037683,
            15.26045
          ],
          [
            74.1038416,
            15.2604416
          ],
          [
            74.1037683,
            15.26045
          ],
          [
            74.1038816,
            15.2602533
          ],
          [
            74.0991616,
            15.2607333
          ],
          [
            74.09725,
            15.2601
          ],
          [
            74.090885,
            15.263635
          ],
          [
            74.0863933,
            15.26464
          ],
          [
            74.0786216,
            15.2644416
          ],
          [
            74.0708416,
            15.2613416
          ],
          [
            74.06779,
            15.2597716
          ],
          [
            74.0677983,
            15.2597683
          ],
          [
            74.0678066,
            15.2597683
          ],
          [
            74.0701416,
            15.2611016
          ],
          [
            74.07557,
            15.2633183
          ],
          [
            74.0802166,
            15.2646166
          ],
          [
            74.0871016,
            15.2644283
          ],
          [
            74.0916333,
            15.2636466
          ],
          [
            74.0958166,
            15.260545
          ],
          [
            74.1010249,
            15.26036
          ],
          [
            74.1035233,
            15.2603916
          ],
          [
            74.1037433,
            15.26038
          ],
          [
            74.1037183,
            15.26039
          ]
        ]
      },
      "properties": {
        "Vehicle_No": "GA 07 G 7557-CUR(WATER TENDER)",
        "Vehicle_Name": "5035",
        "Branch": "Fire Station Curchorem",
        "created": "20-12-2025 10:18:44",
        "lastUpdated": "20-12-2025 21:07:28"
      }
    },
    {
      "type": "Feature",
      "geometry": {
        "type": "LineString",
        "coordinates": [
          [
            74.1037433,
            15.260325
          ]
        ]
      },
      "properties": {
        "Vehicle_No": "GA 07 G 7667-CUR(WATER BOUSER)",
        "Vehicle_Name": "5035",
        "Branch": "Fire Station Curchorem",
        "created": "20-12-2025 10:18:32",
        "lastUpdated": "20-12-2025 10:18:32"
      }
    },
    {
      "type": "Feature",
      "geometry": {
        "type": "LineString",
        "coordinates": [
          [
            73.9728767,
            15.4633267
          ],
          [
            73.9732667,
            15.4636583
          ],
          [
            73.97233,
            15.46323
          ],
          [
            73.9724617,
            15.4630433
          ],
          [
            73.9730067,
            15.4626233
          ],
          [
            73.972535,
            15.462955
          ],
          [
            73.9720867,
            15.4632633
          ],
          [
            73.9721433,
            15.463265
          ],
          [
            73.9726483,
            15.4629783
          ],
          [
            73.9727867,
            15.4629317
          ],
          [
            73.9725667,
            15.4631733
          ],
          [
            73.972745,
            15.4627667
          ],
          [
            73.9726967,
            15.4628583
          ],
          [
            73.9723067,
            15.46322
          ],
          [
            73.9723633,
            15.4630683
          ],
          [
            73.97268,
            15.46305
          ],
          [
            73.972135,
            15.4632133
          ],
          [
            73.9725183,
            15.4631833
          ],
          [
            73.9726233,
            15.4630933
          ],
          [
            73.972615,
            15.4634417
          ],
          [
            73.9726967,
            15.46317
          ],
          [
            73.97242,
            15.462765
          ],
          [
            73.9725583,
            15.4631167
          ],
          [
            73.9726967,
            15.462895
          ],
          [
            73.9727217,
            15.46297
          ],
          [
            73.9727133,
            15.46301
          ],
          [
            73.9722,
            15.46319
          ],
          [
            73.972265,
            15.4632167
          ],
          [
            73.9726883,
            15.462945
          ],
          [
            73.97264,
            15.4630233
          ],
          [
            73.9718833,
            15.4637317
          ],
          [
            73.9719967,
            15.46352
          ],
          [
            73.9723633,
            15.4631017
          ],
          [
            73.97238,
            15.46313
          ],
          [
            73.9727783,
            15.46301
          ],
          [
            73.9726483,
            15.463465
          ],
          [
            73.97268,
            15.4635817
          ],
          [
            73.9731283,
            15.4629133
          ],
          [
            73.97308,
            15.46305
          ],
          [
            73.9723883,
            15.4635933
          ],
          [
            73.9723717,
            15.4635583
          ],
          [
            73.9723467,
            15.46318
          ],
          [
            73.9723067,
            15.463275
          ],
          [
            73.971835,
            15.4632433
          ],
          [
            73.9713867,
            15.4636217
          ],
          [
            73.97264,
            15.4631417
          ],
          [
            73.9725833,
            15.4631767
          ],
          [
            73.972795,
            15.4632167
          ],
          [
            73.971655,
            15.463365
          ],
          [
            73.9725267,
            15.4629617
          ],
          [
            73.9726567,
            15.4632267
          ],
          [
            73.9727617,
            15.4627917
          ],
          [
            73.9728267,
            15.462955
          ],
          [
            73.9732583,
            15.46192
          ],
          [
            73.973625,
            15.46144
          ],
          [
            73.9737217,
            15.4614383
          ],
          [
            73.9726233,
            15.462885
          ],
          [
            73.9728183,
            15.4637133
          ],
          [
            73.9726067,
            15.4627033
          ],
          [
            73.97268,
            15.462945
          ],
          [
            73.9727383,
            15.462955
          ]
        ]
      },
      "properties": {
        "Vehicle_No": "GA 07 G 4989-KUN(WATER TENDER)",
        "Vehicle_Name": "G-100",
        "Branch": "Fire Station Kundaim",
        "created": "20-12-2025 10:19:02",
        "lastUpdated": "20-12-2025 23:29:07"
      }
    },
    {
      "type": "Feature",
      "geometry": {
        "type": "LineString",
        "coordinates": [
          [
            73.7940267,
            15.5328794
          ],
          [
            73.7940261,
            15.53288
          ],
          [
            73.7941239,
            15.5329333
          ],
          [
            73.7941872,
            15.5333811
          ],
          [
            73.7942361,
            15.5333333
          ],
          [
            73.7940533,
            15.5332461
          ],
          [
            73.7939622,
            15.5332717
          ],
          [
            73.7938583,
            15.5330417
          ],
          [
            73.7939278,
            15.5330083
          ],
          [
            73.794005,
            15.5329583
          ],
          [
            73.7941461,
            15.5329156
          ],
          [
            73.7945106,
            15.5356533
          ],
          [
            73.791995,
            15.5396906
          ],
          [
            73.7896717,
            15.5400978
          ],
          [
            73.7893744,
            15.54378
          ],
          [
            73.7890894,
            15.5468
          ],
          [
            73.7889233,
            15.5505044
          ],
          [
            73.7874472,
            15.5528167
          ],
          [
            73.7844011,
            15.5517822
          ],
          [
            73.7833139,
            15.5517228
          ],
          [
            73.78182,
            15.5520317
          ],
          [
            73.7793233,
            15.5539239
          ],
          [
            73.7765044,
            15.5572683
          ],
          [
            73.7728994,
            15.560235
          ],
          [
            73.7690539,
            15.5615311
          ],
          [
            73.7646567,
            15.5634722
          ],
          [
            73.76488,
            15.5656783
          ],
          [
            73.76206,
            15.5679172
          ],
          [
            73.7569939,
            15.5696717
          ],
          [
            73.7533583,
            15.5685006
          ],
          [
            73.7500889,
            15.56531
          ],
          [
            73.7492317,
            15.5646328
          ],
          [
            73.7488272,
            15.5641672
          ],
          [
            73.7485622,
            15.5636106
          ],
          [
            73.7484933,
            15.5635994
          ],
          [
            73.7484933,
            15.5635989
          ],
          [
            73.7484267,
            15.5635483
          ],
          [
            73.7494378,
            15.5647228
          ],
          [
            73.7515467,
            15.5671589
          ],
          [
            73.75584,
            15.5696117
          ],
          [
            73.7597072,
            15.5687
          ],
          [
            73.7639917,
            15.5675794
          ],
          [
            73.7648583,
            15.5655756
          ],
          [
            73.7669244,
            15.5629533
          ],
          [
            73.76999,
            15.5612733
          ],
          [
            73.77472,
            15.5594906
          ],
          [
            73.7769594,
            15.5562789
          ],
          [
            73.7791556,
            15.5541122
          ],
          [
            73.7817794,
            15.5521317
          ],
          [
            73.7831722,
            15.55181
          ],
          [
            73.7871483,
            15.5529783
          ],
          [
            73.7890839,
            15.5513522
          ],
          [
            73.7891344,
            15.5472611
          ],
          [
            73.7896222,
            15.5427167
          ],
          [
            73.7897256,
            15.5398261
          ],
          [
            73.7927917,
            15.53961
          ],
          [
            73.7941833,
            15.5360178
          ],
          [
            73.7942217,
            15.5332928
          ],
          [
            73.7939894,
            15.533
          ],
          [
            73.7940656,
            15.5329772
          ]
        ]
      },
      "properties": {
        "Vehicle_No": "GA 07 G 2242-PIL(WATER TENDER)",
        "Vehicle_Name": "5026",
        "Branch": "Fire Station Pilerne",
        "created": "20-12-2025 10:18:56",
        "lastUpdated": "20-12-2025 22:43:31"
      }
    },
    {
      "type": "Feature",
      "geometry": {
        "type": "LineString",
        "coordinates": [
          [
            73.82644,
            15.6029567
          ],
          [
            73.8264083,
            15.6029833
          ],
          [
            73.8264083,
            15.603015
          ]
        ]
      },
      "properties": {
        "Vehicle_No": "GA 07 G 0681-MAP(QUICK RESPONSE)",
        "Vehicle_Name": "AT 5036A-4G",
        "Branch": "Fire Station Mapusa",
        "created": "20-12-2025 10:19:18",
        "lastUpdated": "20-12-2025 23:18:22"
      }
    },
    {
      "type": "Feature",
      "geometry": {
        "type": "LineString",
        "coordinates": [
          [
            73.7974239,
            15.7164939
          ]
        ]
      },
      "properties": {
        "Vehicle_No": "GA 07 G 0307-PER(QUICK RESPONSE)",
        "Vehicle_Name": "AT5032-4G",
        "Branch": "Fire Station Pernem",
        "created": "23-10-2025 15:19:09",
        "lastUpdated": "23-10-2025 15:19:09"
      }
    },
    {
      "type": "Feature",
      "geometry": {
        "type": "LineString",
        "coordinates": [
          [
            73.7974617,
            15.7164694
          ],
          [
            73.8142206,
            15.7093161
          ],
          [
            73.8164756,
            15.7090867
          ],
          [
            73.8164667,
            15.70948
          ],
          [
            73.8160311,
            15.70925
          ],
          [
            73.8176478,
            15.70865
          ],
          [
            73.8184839,
            15.7078667
          ],
          [
            73.8194267,
            15.7067283
          ],
          [
            73.8194611,
            15.70669
          ],
          [
            73.8194528,
            15.7066994
          ],
          [
            73.81945,
            15.7067122
          ],
          [
            73.8194633,
            15.7066989
          ],
          [
            73.819445,
            15.70671
          ],
          [
            73.8176633,
            15.7085733
          ],
          [
            73.8171661,
            15.7093183
          ],
          [
            73.8164311,
            15.709235
          ],
          [
            73.8163817,
            15.7092033
          ],
          [
            73.8163661,
            15.7091883
          ],
          [
            73.8159039,
            15.7088311
          ],
          [
            73.8152089,
            15.7081856
          ],
          [
            73.8185294,
            15.7044911
          ],
          [
            73.8150844,
            15.7079144
          ],
          [
            73.8150606,
            15.7079533
          ],
          [
            73.8022767,
            15.7163294
          ],
          [
            73.7982933,
            15.71682
          ],
          [
            73.7975,
            15.7164994
          ],
          [
            73.797475,
            15.71647
          ],
          [
            73.7974361,
            15.7164789
          ],
          [
            73.797475,
            15.7164556
          ]
        ]
      },
      "properties": {
        "Vehicle_No": "GA 07 G 2101-PER(MS WATER TENDER)",
        "Vehicle_Name": "AT5032-4G",
        "Branch": "Fire Station Pernem",
        "created": "20-12-2025 10:16:46",
        "lastUpdated": "20-12-2025 17:50:47"
      }
    },
    {
      "type": "Feature",
      "geometry": {
        "type": "LineString",
        "coordinates": [
          [
            73.7975556,
            15.7165244
          ],
          [
            73.79751,
            15.7165272
          ],
          [
            73.7974667,
            15.7165944
          ],
          [
            73.7974461,
            15.7165583
          ],
          [
            73.7974528,
            15.7165583
          ],
          [
            73.7974594,
            15.7165539
          ],
          [
            73.7974644,
            15.71655
          ],
          [
            73.7974683,
            15.7165517
          ],
          [
            73.7974706,
            15.7165522
          ],
          [
            73.797475,
            15.7165528
          ],
          [
            73.7974739,
            15.71655
          ],
          [
            73.7974778,
            15.7165522
          ],
          [
            73.7974928,
            15.7165467
          ],
          [
            73.7974611,
            15.7165628
          ],
          [
            73.797465,
            15.7165561
          ],
          [
            73.7976628,
            15.7164717
          ],
          [
            73.7981883,
            15.7120667
          ],
          [
            73.7993522,
            15.7075917
          ],
          [
            73.802475,
            15.7029044
          ],
          [
            73.7996294,
            15.69731
          ],
          [
            73.7953328,
            15.6915044
          ],
          [
            73.7921606,
            15.687575
          ],
          [
            73.7927906,
            15.6868211
          ],
          [
            73.7928417,
            15.6867322
          ],
          [
            73.7927683,
            15.6868394
          ],
          [
            73.7926967,
            15.6869017
          ],
          [
            73.7927117,
            15.686895
          ],
          [
            73.792075,
            15.6875339
          ],
          [
            73.7945744,
            15.6906044
          ],
          [
            73.7982417,
            15.6953306
          ],
          [
            73.8013728,
            15.6994222
          ],
          [
            73.8024394,
            15.7038456
          ],
          [
            73.7993956,
            15.7073989
          ],
          [
            73.7980983,
            15.71151
          ],
          [
            73.7976606,
            15.7150711
          ],
          [
            73.7975261,
            15.716455
          ],
          [
            73.7975494,
            15.716475
          ],
          [
            73.7975478,
            15.716475
          ],
          [
            73.7975522,
            15.7164717
          ]
        ]
      },
      "properties": {
        "Vehicle_No": "GA 07 G 4600-PER(MINI RESCUE TENDER)",
        "Vehicle_Name": "AT 5032-4G",
        "Branch": "Fire Station Pernem",
        "created": "20-12-2025 10:18:00",
        "lastUpdated": "20-12-2025 19:52:44"
      }
    },
    {
      "type": "Feature",
      "geometry": {
        "type": "LineString",
        "coordinates": [
          [
            73.8173144,
            15.4869733
          ],
          [
            73.8171578,
            15.4872961
          ],
          [
            73.8172217,
            15.4871572
          ],
          [
            73.8173056,
            15.4871622
          ],
          [
            73.8174828,
            15.4872756
          ],
          [
            73.8175172,
            15.4872544
          ],
          [
            73.8175394,
            15.4871172
          ],
          [
            73.8175606,
            15.4871206
          ],
          [
            73.8172767,
            15.4871083
          ],
          [
            73.8172617,
            15.4871722
          ],
          [
            73.8173228,
            15.4871267
          ],
          [
            73.8170511,
            15.4858006
          ],
          [
            73.8142544,
            15.4828411
          ],
          [
            73.812235,
            15.4794867
          ],
          [
            73.81219,
            15.47529
          ],
          [
            73.8114594,
            15.4718061
          ],
          [
            73.8111306,
            15.4715306
          ],
          [
            73.8118033,
            15.471065
          ],
          [
            73.811825,
            15.4710633
          ],
          [
            73.8116089,
            15.4711733
          ],
          [
            73.8113272,
            15.4712417
          ],
          [
            73.8115167,
            15.4714167
          ],
          [
            73.8156383,
            15.4704706
          ],
          [
            73.8188856,
            15.4681261
          ],
          [
            73.816405,
            15.4672967
          ],
          [
            73.8102067,
            15.4651783
          ],
          [
            73.8099628,
            15.465655
          ],
          [
            73.8097183,
            15.4658839
          ],
          [
            73.8096911,
            15.4658983
          ],
          [
            73.8097461,
            15.4657572
          ],
          [
            73.8098361,
            15.4654983
          ],
          [
            73.8100567,
            15.4653783
          ],
          [
            73.8100911,
            15.46537
          ],
          [
            73.810105,
            15.46537
          ],
          [
            73.8101167,
            15.4653606
          ],
          [
            73.8101089,
            15.465355
          ],
          [
            73.8101128,
            15.4653667
          ],
          [
            73.8100978,
            15.4653472
          ],
          [
            73.8101067,
            15.4653467
          ],
          [
            73.8100906,
            15.46536
          ],
          [
            73.8100839,
            15.4653633
          ],
          [
            73.810455,
            15.4653678
          ],
          [
            73.8105839,
            15.4654094
          ],
          [
            73.8120222,
            15.4660606
          ],
          [
            73.8173128,
            15.4673106
          ],
          [
            73.8184994,
            15.4677567
          ],
          [
            73.8154644,
            15.47055
          ],
          [
            73.8116017,
            15.472105
          ],
          [
            73.8121456,
            15.475825
          ],
          [
            73.8120172,
            15.4758583
          ],
          [
            73.8120433,
            15.4768983
          ],
          [
            73.8122861,
            15.4806606
          ],
          [
            73.814735,
            15.4827411
          ],
          [
            73.8169583,
            15.4853983
          ],
          [
            73.8170544,
            15.4867367
          ],
          [
            73.8180667,
            15.4878078
          ],
          [
            73.8180972,
            15.4878617
          ],
          [
            73.817915,
            15.4877767
          ],
          [
            73.8153611,
            15.4888567
          ],
          [
            73.8130022,
            15.4875683
          ],
          [
            73.8090783,
            15.4828756
          ],
          [
            73.8083567,
            15.4760639
          ],
          [
            73.8073633,
            15.46843
          ],
          [
            73.8067406,
            15.4663639
          ],
          [
            73.8066861,
            15.4663056
          ],
          [
            73.8066822,
            15.466295
          ],
          [
            73.8066761,
            15.4662683
          ],
          [
            73.8066689,
            15.4662872
          ],
          [
            73.8062606,
            15.4657261
          ],
          [
            73.8066156,
            15.4665378
          ],
          [
            73.8067367,
            15.4669417
          ],
          [
            73.8068661,
            15.4672944
          ],
          [
            73.8082867,
            15.472665
          ],
          [
            73.8084967,
            15.4797939
          ],
          [
            73.8096533,
            15.4837939
          ],
          [
            73.8125439,
            15.4869806
          ],
          [
            73.8149711,
            15.4889511
          ],
          [
            73.81756,
            15.4867489
          ],
          [
            73.8169411,
            15.4872061
          ],
          [
            73.8209428,
            15.486265
          ],
          [
            73.8199439,
            15.4819572
          ],
          [
            73.8200689,
            15.4815239
          ],
          [
            73.8201433,
            15.481515
          ],
          [
            73.8201228,
            15.4815539
          ],
          [
            73.8201289,
            15.4815839
          ],
          [
            73.8201483,
            15.481645
          ],
          [
            73.82014,
            15.4816933
          ],
          [
            73.8200967,
            15.4816822
          ],
          [
            73.8200806,
            15.4816789
          ],
          [
            73.8198967,
            15.4818122
          ],
          [
            73.8194983,
            15.4820878
          ],
          [
            73.8193667,
            15.4821267
          ],
          [
            73.8193017,
            15.4821356
          ],
          [
            73.8193656,
            15.4821144
          ],
          [
            73.8193717,
            15.4821156
          ],
          [
            73.8193717,
            15.4821033
          ],
          [
            73.8193556,
            15.4820878
          ],
          [
            73.8193694,
            15.4820983
          ],
          [
            73.8193739,
            15.4821072
          ],
          [
            73.8194133,
            15.4820967
          ],
          [
            73.8194233,
            15.4820956
          ],
          [
            73.8194789,
            15.4821233
          ],
          [
            73.8194989,
            15.4821811
          ],
          [
            73.8200433,
            15.4817889
          ],
          [
            73.8198867,
            15.4831611
          ],
          [
            73.81991,
            15.4865556
          ],
          [
            73.8192733,
            15.4867978
          ],
          [
            73.817215,
            15.4870789
          ],
          [
            73.817735,
            15.4874422
          ]
        ]
      },
      "properties": {
        "Vehicle_No": "GA 07 G 7272-PNJ(WATER TENDER)",
        "Vehicle_Name": "AT-5032-4G",
        "Branch": "Fire Station Panaji",
        "created": "20-12-2025 10:18:50",
        "lastUpdated": "20-12-2025 23:03:25"
      }
    },
    {
      "type": "Feature",
      "geometry": {
        "type": "LineString",
        "coordinates": [
          [
            74.0210433,
            15.1863144
          ],
          [
            74.0210411,
            15.186325
          ],
          [
            74.0210228,
            15.1863367
          ],
          [
            74.0210422,
            15.1862494
          ]
        ]
      },
      "properties": {
        "Vehicle_No": "GA07G2384- Cuncolim",
        "Vehicle_Name": "AT 5032-4G",
        "Branch": "Fire Station Cuncolim",
        "created": "20-12-2025 10:17:13",
        "lastUpdated": "20-12-2025 18:08:57"
      }
    },
    {
      "type": "Feature",
      "geometry": {
        "type": "LineString",
        "coordinates": [
          [
            73.7976883,
            15.7164517
          ],
          [
            73.7992183,
            15.71706
          ],
          [
            73.8023033,
            15.716375
          ],
          [
            73.8086017,
            15.71317
          ],
          [
            73.8106367,
            15.712545
          ],
          [
            73.8090983,
            15.714415
          ],
          [
            73.8074867,
            15.7173367
          ],
          [
            73.80612,
            15.7171167
          ],
          [
            73.80616,
            15.7172383
          ],
          [
            73.8061767,
            15.7172633
          ],
          [
            73.8077633,
            15.717355
          ],
          [
            73.8097733,
            15.7137083
          ],
          [
            73.810295,
            15.71266
          ],
          [
            73.80389,
            15.7156333
          ],
          [
            73.7979333,
            15.7168383
          ],
          [
            73.7977533,
            15.7164383
          ],
          [
            73.7975417,
            15.7165067
          ]
        ]
      },
      "properties": {
        "Vehicle_No": "GA07G2507 - Mid Size (Water Tender)",
        "Vehicle_Name": "5035",
        "Branch": "Fire Station Pernem",
        "created": "20-12-2025 10:18:58",
        "lastUpdated": "20-12-2025 22:56:16"
      }
    },
    {
      "type": "Feature",
      "geometry": {
        "type": "LineString",
        "coordinates": [
          [
            74.13868,
            15.530985
          ]
        ]
      },
      "properties": {
        "Vehicle_No": "GA07G2505 - Mid Size (Water Tender)",
        "Vehicle_Name": "5035",
        "Branch": "Fire Station Valpoi",
        "created": "20-12-2025 10:19:02",
        "lastUpdated": "20-12-2025 10:19:02"
      }
    },
    {
      "type": "Feature",
      "geometry": {
        "type": "LineString",
        "coordinates": [
          [
            73.9466317,
            15.5893517
          ],
          [
            73.9465733,
            15.589315
          ],
          [
            73.946525,
            15.5877467
          ],
          [
            73.94698,
            15.5855467
          ],
          [
            73.948625,
            15.581875
          ],
          [
            73.9521483,
            15.5768317
          ],
          [
            73.9522783,
            15.5730083
          ],
          [
            73.9559817,
            15.569015
          ],
          [
            73.9585283,
            15.5641433
          ],
          [
            73.958805,
            15.55687
          ],
          [
            73.9574383,
            15.550435
          ],
          [
            73.9594083,
            15.5487067
          ],
          [
            73.96045,
            15.547605
          ],
          [
            73.9605217,
            15.54761
          ],
          [
            73.96045,
            15.54756
          ],
          [
            73.957715,
            15.5523817
          ],
          [
            73.9588133,
            15.5579667
          ],
          [
            73.9590817,
            15.5634017
          ],
          [
            73.957235,
            15.5671633
          ],
          [
            73.9530683,
            15.571725
          ],
          [
            73.9520433,
            15.5768467
          ],
          [
            73.94939,
            15.5797133
          ],
          [
            73.9482183,
            15.5830417
          ],
          [
            73.9463867,
            15.5861933
          ],
          [
            73.946395,
            15.5875117
          ],
          [
            73.9471267,
            15.5887517
          ],
          [
            73.946525,
            15.5892767
          ],
          [
            73.9466467,
            15.5894833
          ],
          [
            73.9466067,
            15.589115
          ],
          [
            73.9466717,
            15.5892017
          ],
          [
            73.9466717,
            15.5892633
          ],
          [
            73.94672,
            15.5893433
          ],
          [
            73.9484367,
            15.5881517
          ],
          [
            73.9505867,
            15.5880867
          ],
          [
            73.95402,
            15.58691
          ],
          [
            73.9581217,
            15.5853817
          ],
          [
            73.9615883,
            15.5837017
          ],
          [
            73.9659267,
            15.5825283
          ],
          [
            73.9703617,
            15.580725
          ],
          [
            73.975985,
            15.578195
          ],
          [
            73.986865,
            15.5765483
          ],
          [
            73.9945317,
            15.5745583
          ],
          [
            73.9996667,
            15.570915
          ],
          [
            74.0032967,
            15.5678683
          ],
          [
            74.007845,
            15.5660117
          ],
          [
            74.010645,
            15.5634933
          ],
          [
            74.0119383,
            15.562065
          ],
          [
            74.0140783,
            15.5593933
          ],
          [
            74.0155517,
            15.55658
          ],
          [
            74.0149083,
            15.5539933
          ],
          [
            74.0167483,
            15.54847
          ],
          [
            74.0128333,
            15.543775
          ],
          [
            74.0116133,
            15.54137
          ],
          [
            74.0116867,
            15.5332317
          ],
          [
            74.0103183,
            15.5308267
          ],
          [
            74.00922,
            15.5272667
          ],
          [
            74.0102533,
            15.5227417
          ],
          [
            74.0141283,
            15.5160583
          ],
          [
            74.0176183,
            15.5093783
          ],
          [
            74.020735,
            15.5039583
          ],
          [
            74.02146,
            15.4983783
          ],
          [
            74.0232417,
            15.4969683
          ],
          [
            74.02885,
            15.4918617
          ],
          [
            74.0342533,
            15.4853883
          ],
          [
            74.036345,
            15.48174
          ],
          [
            74.0389167,
            15.4759883
          ],
          [
            74.0422683,
            15.4691217
          ],
          [
            74.0475583,
            15.4614517
          ],
          [
            74.0471033,
            15.45587
          ],
          [
            74.0475017,
            15.4543217
          ],
          [
            74.0479983,
            15.4535383
          ],
          [
            74.0471267,
            15.456915
          ],
          [
            74.0471033,
            15.456905
          ],
          [
            74.047095,
            15.4569017
          ],
          [
            74.0478267,
            15.46063
          ],
          [
            74.045215,
            15.4649033
          ],
          [
            74.0411467,
            15.4707883
          ],
          [
            74.0384367,
            15.4773767
          ],
          [
            74.0352383,
            15.4834933
          ],
          [
            74.0334467,
            15.4870867
          ],
          [
            74.0278817,
            15.492715
          ],
          [
            74.02522,
            15.4955633
          ],
          [
            74.0214033,
            15.4984067
          ],
          [
            74.01901,
            15.5075333
          ],
          [
            74.01464,
            15.5138467
          ],
          [
            74.01198,
            15.5209367
          ],
          [
            74.0098067,
            15.5249817
          ],
          [
            74.00857,
            15.5300333
          ],
          [
            74.011995,
            15.53241
          ],
          [
            74.0103683,
            15.53973
          ],
          [
            74.0122717,
            15.542195
          ],
          [
            74.01228,
            15.5422
          ],
          [
            74.0123133,
            15.5422317
          ],
          [
            74.0141433,
            15.5459783
          ],
          [
            74.0162433,
            15.547625
          ],
          [
            74.0157717,
            15.5519417
          ],
          [
            74.0153,
            15.55546
          ],
          [
            74.0144283,
            15.5585117
          ],
          [
            74.0116133,
            15.5623067
          ],
          [
            74.0094317,
            15.564695
          ],
          [
            74.005875,
            15.5671067
          ],
          [
            74.0023683,
            15.5681633
          ],
          [
            73.9964117,
            15.5731783
          ],
          [
            73.991065,
            15.5752983
          ],
          [
            73.9835617,
            15.5769883
          ],
          [
            73.9791267,
            15.57703
          ],
          [
            73.97487,
            15.5785467
          ],
          [
            73.972485,
            15.5793033
          ],
          [
            73.9682533,
            15.5814467
          ],
          [
            73.9647217,
            15.582845
          ],
          [
            73.9596183,
            15.5847617
          ],
          [
            73.9546867,
            15.5865967
          ],
          [
            73.951205,
            15.587805
          ],
          [
            73.948665,
            15.58823
          ],
          [
            73.9466233,
            15.5893933
          ]
        ]
      },
      "properties": {
        "Vehicle_No": "GA07G2504 - Mid Size (Water Tender)",
        "Vehicle_Name": "5035",
        "Branch": "Fire Station Bicholim",
        "created": "20-12-2025 10:16:32",
        "lastUpdated": "20-12-2025 20:25:25"
      }
    },
    {
      "type": "Feature",
      "geometry": {
        "type": "LineString",
        "coordinates": [
          [
            73.8086833,
            15.5901017
          ],
          [
            73.806625,
            15.5923917
          ],
          [
            73.803565,
            15.5937967
          ],
          [
            73.8006183,
            15.5943133
          ],
          [
            73.79934,
            15.5966183
          ],
          [
            73.7973067,
            15.5952583
          ],
          [
            73.79729,
            15.59531
          ],
          [
            73.7979567,
            15.5952233
          ],
          [
            73.7988683,
            15.5940183
          ],
          [
            73.7989983,
            15.5936417
          ],
          [
            73.799105,
            15.5931383
          ],
          [
            73.7991133,
            15.5931417
          ],
          [
            73.7991367,
            15.59312
          ],
          [
            73.7991367,
            15.593105
          ],
          [
            73.7991617,
            15.5931133
          ],
          [
            73.7991617,
            15.5931333
          ],
          [
            73.7991533,
            15.5931383
          ],
          [
            73.799145,
            15.5931433
          ],
          [
            73.7991367,
            15.5931533
          ],
          [
            73.7991367,
            15.59315
          ],
          [
            73.7991367,
            15.5931483
          ],
          [
            73.79913,
            15.592995
          ],
          [
            73.7994867,
            15.5929667
          ],
          [
            73.8000483,
            15.593775
          ],
          [
            73.8003817,
            15.5939167
          ],
          [
            73.8028083,
            15.5938533
          ],
          [
            73.8052817,
            15.59308
          ],
          [
            73.80787,
            15.5914017
          ],
          [
            73.8088383,
            15.5899583
          ],
          [
            73.8088467,
            15.5899617
          ],
          [
            73.80874,
            15.5900267
          ],
          [
            73.8107417,
            15.5908933
          ],
          [
            73.8131267,
            15.59234
          ],
          [
            73.813705,
            15.5940167
          ],
          [
            73.8112217,
            15.5966817
          ],
          [
            73.8088133,
            15.6001583
          ],
          [
            73.8052167,
            15.6025233
          ],
          [
            73.8049717,
            15.6050533
          ],
          [
            73.80555,
            15.6065167
          ],
          [
            73.8055667,
            15.6065183
          ],
          [
            73.8055667,
            15.6065233
          ],
          [
            73.805575,
            15.60652
          ],
          [
            73.805575,
            15.6065233
          ],
          [
            73.8055667,
            15.60652
          ],
          [
            73.805575,
            15.606515
          ],
          [
            73.8055667,
            15.6065117
          ],
          [
            73.8055667,
            15.6065167
          ],
          [
            73.8055667,
            15.60652
          ],
          [
            73.8055667,
            15.606525
          ],
          [
            73.8055583,
            15.606535
          ],
          [
            73.8055667,
            15.6065383
          ],
          [
            73.80555,
            15.6065367
          ],
          [
            73.8056633,
            15.6065817
          ],
          [
            73.8056067,
            15.6065233
          ],
          [
            73.8054683,
            15.6060867
          ],
          [
            73.8046467,
            15.6034183
          ],
          [
            73.8078367,
            15.6009667
          ],
          [
            73.81093,
            15.5969683
          ],
          [
            73.8139317,
            15.59397
          ],
          [
            73.8141117,
            15.5938333
          ],
          [
            73.8135333,
            15.5927833
          ],
          [
            73.811515,
            15.5902683
          ],
          [
            73.80988,
            15.5899433
          ],
          [
            73.8091467,
            15.5891683
          ],
          [
            73.809415,
            15.5910033
          ],
          [
            73.8087967,
            15.5899517
          ],
          [
            73.8087967,
            15.589965
          ],
          [
            73.8086667,
            15.5899817
          ]
        ]
      },
      "properties": {
        "Vehicle_No": "GA07G2503-Mid Size (Water Tender)",
        "Vehicle_Name": "5035",
        "Branch": "Fire Station Mapusa",
        "created": "20-12-2025 10:19:17",
        "lastUpdated": "20-12-2025 14:47:27"
      }
    },
    {
      "type": "Feature",
      "geometry": {
        "type": "LineString",
        "coordinates": [
          [
            73.817195,
            15.4870833
          ],
          [
            73.8147617,
            15.489315
          ],
          [
            73.81731,
            15.4923467
          ],
          [
            73.817415,
            15.493185
          ],
          [
            73.8170567,
            15.4936033
          ],
          [
            73.8169683,
            15.4935467
          ],
          [
            73.8169683,
            15.493545
          ],
          [
            73.8169433,
            15.493495
          ],
          [
            73.8169433,
            15.493545
          ],
          [
            73.8169917,
            15.4934667
          ],
          [
            73.8169833,
            15.4935
          ],
          [
            73.8170417,
            15.4935067
          ],
          [
            73.8170483,
            15.4935133
          ],
          [
            73.81595,
            15.493005
          ],
          [
            73.8159583,
            15.4930217
          ],
          [
            73.81595,
            15.4930317
          ],
          [
            73.81635,
            15.4913417
          ],
          [
            73.8158533,
            15.4884417
          ],
          [
            73.8175367,
            15.4867267
          ],
          [
            73.8171867,
            15.4870633
          ],
          [
            73.8172933,
            15.48699
          ],
          [
            73.8173417,
            15.4870033
          ]
        ]
      },
      "properties": {
        "Vehicle_No": "GA07G2502 - Mid Size (Water Tender)",
        "Vehicle_Name": "5035",
        "Branch": "Fire Force Headquarters",
        "created": "20-12-2025 10:19:09",
        "lastUpdated": "20-12-2025 22:19:17"
      }
    }
  ]
}