{
  "type": "FeatureCollection",
  "metadata": {
    "date": "20251227",
    "source": "Directorate of Fire Emergency Services, Govt. of Goa",
    "description": "Daily GPS tracks of fire trucks",
    "lastUpdated": "2025-12-27T17:46:14.893Z",
    "count": 52
  },
  "features": [
    {
      "type": "Feature",
      "geometry": {
        "type": "LineString",
        "coordinates": [
          [
            73.7939933,
            15.533075
          ]
        ]
      },
      "properties": {
        "Vehicle_No": "GA 07 G 0680-PIL(QUICK RESPONSE VEHICLE)",
        "Vehicle_Name": "4G",
        "Branch": "Fire Station Pilerne",
        "created": "27-12-2025 05:30:10+05:30",
        "lastUpdated": "27-12-2025 05:30:10+05:30"
      }
    },
    {
      "type": "Feature",
      "geometry": {
        "type": "LineString",
        "coordinates": [
          [
            73.914139,
            15.500332
          ],
          [
            73.914116,
            15.50031
          ],
          [
            73.91407,
            15.500345
          ],
          [
            73.914024,
            15.500095
          ],
          [
            73.913559,
            15.49937
          ],
          [
            73.910667,
            15.49728
          ],
          [
            73.90799,
            15.49247
          ],
          [
            73.906731,
            15.489905
          ],
          [
            73.906212,
            15.492047
          ],
          [
            73.905785,
            15.499852
          ],
          [
            73.907387,
            15.500782
          ],
          [
            73.909889,
            15.50132
          ],
          [
            73.911026,
            15.501787
          ],
          [
            73.912468,
            15.50148
          ],
          [
            73.914085,
            15.500193
          ],
          [
            73.914154,
            15.500262
          ],
          [
            73.914062,
            15.500355
          ],
          [
            73.914116,
            15.5004
          ],
          [
            73.914116,
            15.500342
          ],
          [
            73.914154,
            15.500317
          ],
          [
            73.914154,
            15.500307
          ],
          [
            73.914154,
            15.500303
          ],
          [
            73.914169,
            15.500305
          ],
          [
            73.914169,
            15.500288
          ],
          [
            73.91346,
            15.499728
          ],
          [
            73.910225,
            15.500153
          ],
          [
            73.908546,
            15.502382
          ],
          [
            73.90699,
            15.502777
          ],
          [
            73.906174,
            15.502772
          ],
          [
            73.906113,
            15.503033
          ],
          [
            73.90609,
            15.503002
          ],
          [
            73.905579,
            15.502933
          ],
          [
            73.905128,
            15.502988
          ],
          [
            73.905327,
            15.502905
          ],
          [
            73.905731,
            15.503548
          ],
          [
            73.905777,
            15.503637
          ],
          [
            73.905769,
            15.503647
          ],
          [
            73.905754,
            15.503615
          ],
          [
            73.905685,
            15.503557
          ],
          [
            73.905556,
            15.50323
          ],
          [
            73.910378,
            15.501937
          ],
          [
            73.911858,
            15.501595
          ],
          [
            73.914711,
            15.501027
          ],
          [
            73.914101,
            15.500197
          ],
          [
            73.914207,
            15.500272
          ],
          [
            73.9142,
            15.500292
          ],
          [
            73.914139,
            15.500373
          ],
          [
            73.914162,
            15.500345
          ],
          [
            73.913696,
            15.499738
          ],
          [
            73.910507,
            15.496962
          ],
          [
            73.908531,
            15.49333
          ],
          [
            73.9067,
            15.489767
          ],
          [
            73.902641,
            15.486555
          ],
          [
            73.89962,
            15.487032
          ],
          [
            73.895363,
            15.489898
          ],
          [
            73.89476,
            15.490097
          ],
          [
            73.895576,
            15.490657
          ],
          [
            73.895866,
            15.49092
          ],
          [
            73.895683,
            15.490752
          ],
          [
            73.895683,
            15.49075
          ],
          [
            73.895691,
            15.490745
          ],
          [
            73.895691,
            15.490747
          ],
          [
            73.895683,
            15.490747
          ],
          [
            73.895599,
            15.490727
          ],
          [
            73.895599,
            15.490723
          ],
          [
            73.895599,
            15.49072
          ],
          [
            73.895561,
            15.49069
          ],
          [
            73.895866,
            15.490912
          ],
          [
            73.895775,
            15.490772
          ],
          [
            73.895775,
            15.490773
          ],
          [
            73.895775,
            15.490833
          ],
          [
            73.895775,
            15.490778
          ],
          [
            73.895775,
            15.490765
          ],
          [
            73.895767,
            15.490753
          ],
          [
            73.895767,
            15.490752
          ],
          [
            73.895767,
            15.49075
          ],
          [
            73.895767,
            15.490752
          ],
          [
            73.895767,
            15.490753
          ],
          [
            73.895775,
            15.490755
          ],
          [
            73.895775,
            15.490757
          ],
          [
            73.895729,
            15.490712
          ],
          [
            73.894867,
            15.490043
          ],
          [
            73.898026,
            15.488155
          ],
          [
            73.903137,
            15.487042
          ],
          [
            73.904076,
            15.487527
          ],
          [
            73.904892,
            15.488042
          ],
          [
            73.91349,
            15.49957
          ],
          [
            73.914207,
            15.500308
          ],
          [
            73.91423,
            15.500322
          ],
          [
            73.914291,
            15.500352
          ],
          [
            73.914291,
            15.500337
          ],
          [
            73.914307,
            15.500387
          ],
          [
            73.91423,
            15.50029
          ],
          [
            73.914215,
            15.500282
          ]
        ]
      },
      "properties": {
        "Vehicle_No": "GA07G2506 - Mid Size (Water Tender)",
        "Vehicle_Name": "TS101",
        "Branch": "Fire Station Old Goa",
        "created": "27-12-2025 05:27:43+05:30",
        "lastUpdated": "27-12-2025 18:58:09+05:30"
      }
    },
    {
      "type": "Feature",
      "geometry": {
        "type": "LineString",
        "coordinates": [
          [
            73.829475,
            15.522923
          ],
          [
            73.829201,
            15.523203
          ],
          [
            73.829361,
            15.523125
          ],
          [
            73.829315,
            15.523082
          ],
          [
            73.829445,
            15.523025
          ],
          [
            73.828903,
            15.5227
          ],
          [
            73.82933,
            15.52106
          ],
          [
            73.829826,
            15.519193
          ],
          [
            73.830994,
            15.517932
          ],
          [
            73.831894,
            15.51763
          ],
          [
            73.834679,
            15.516312
          ],
          [
            73.835312,
            15.510828
          ],
          [
            73.835625,
            15.509657
          ],
          [
            73.834846,
            15.510572
          ],
          [
            73.834991,
            15.51045
          ],
          [
            73.834999,
            15.51044
          ],
          [
            73.835007,
            15.510438
          ],
          [
            73.835007,
            15.510437
          ],
          [
            73.835007,
            15.510435
          ],
          [
            73.835052,
            15.510305
          ],
          [
            73.83506,
            15.510293
          ],
          [
            73.83506,
            15.510308
          ],
          [
            73.835052,
            15.51031
          ],
          [
            73.835052,
            15.510305
          ],
          [
            73.835052,
            15.510302
          ],
          [
            73.835052,
            15.5103
          ],
          [
            73.835052,
            15.510302
          ],
          [
            73.83506,
            15.510302
          ],
          [
            73.835068,
            15.510302
          ],
          [
            73.835068,
            15.5103
          ],
          [
            73.83506,
            15.51036
          ],
          [
            73.83506,
            15.510363
          ],
          [
            73.83506,
            15.51036
          ],
          [
            73.83506,
            15.510367
          ],
          [
            73.83506,
            15.510365
          ],
          [
            73.83506,
            15.510362
          ],
          [
            73.835068,
            15.510357
          ],
          [
            73.834953,
            15.510713
          ],
          [
            73.835281,
            15.51414
          ],
          [
            73.835922,
            15.5149
          ],
          [
            73.835495,
            15.516868
          ],
          [
            73.833969,
            15.518328
          ],
          [
            73.83297,
            15.519273
          ],
          [
            73.832176,
            15.521115
          ],
          [
            73.83136,
            15.521663
          ],
          [
            73.830093,
            15.5234
          ],
          [
            73.82962,
            15.522688
          ],
          [
            73.829514,
            15.522948
          ],
          [
            73.829536,
            15.522923
          ]
        ]
      },
      "properties": {
        "Vehicle_No": "GA 07 G 5115-POR(MINI WATER TENDER)",
        "Vehicle_Name": "TS101",
        "Branch": "Fire Station Porvorim",
        "created": "27-12-2025 05:30:11+05:30",
        "lastUpdated": "27-12-2025 17:03:55+05:30"
      }
    },
    {
      "type": "Feature",
      "geometry": {
        "type": "LineString",
        "coordinates": [
          [
            73.970627,
            15.26942
          ],
          [
            73.97065,
            15.269415
          ]
        ]
      },
      "properties": {
        "Vehicle_No": "GA 07 G 0350-MRG(WATER TENDER)",
        "Vehicle_Name": "TS101",
        "Branch": "Fire Station Margao",
        "created": "27-12-2025 05:26:28+05:30",
        "lastUpdated": "27-12-2025 05:30:32+05:30"
      }
    },
    {
      "type": "Feature",
      "geometry": {
        "type": "LineString",
        "coordinates": [
          [
            73.8088,
            15.590017
          ],
          [
            73.808815,
            15.590077
          ],
          [
            73.808762,
            15.589967
          ],
          [
            73.808769,
            15.590267
          ],
          [
            73.808777,
            15.590265
          ],
          [
            73.808807,
            15.590282
          ],
          [
            73.808792,
            15.589913
          ],
          [
            73.808823,
            15.589865
          ],
          [
            73.808754,
            15.589923
          ],
          [
            73.808632,
            15.589922
          ],
          [
            73.808723,
            15.589847
          ],
          [
            73.808846,
            15.589863
          ],
          [
            73.808578,
            15.590025
          ],
          [
            73.808594,
            15.590002
          ],
          [
            73.809013,
            15.591182
          ],
          [
            73.81028,
            15.590292
          ],
          [
            73.811592,
            15.589482
          ],
          [
            73.813065,
            15.588898
          ],
          [
            73.816795,
            15.589563
          ],
          [
            73.819145,
            15.589003
          ],
          [
            73.821426,
            15.5863
          ],
          [
            73.824905,
            15.582697
          ],
          [
            73.830116,
            15.577958
          ],
          [
            73.829788,
            15.57729
          ],
          [
            73.829742,
            15.577253
          ],
          [
            73.829735,
            15.577207
          ],
          [
            73.829399,
            15.577195
          ],
          [
            73.8255,
            15.576093
          ],
          [
            73.822281,
            15.573557
          ],
          [
            73.820015,
            15.573177
          ],
          [
            73.815559,
            15.572815
          ],
          [
            73.81456,
            15.572352
          ],
          [
            73.80732,
            15.573108
          ],
          [
            73.806252,
            15.576428
          ],
          [
            73.80687,
            15.582833
          ],
          [
            73.808571,
            15.58754
          ],
          [
            73.80899,
            15.5891
          ],
          [
            73.809509,
            15.589628
          ],
          [
            73.808868,
            15.590637
          ],
          [
            73.808853,
            15.589878
          ]
        ]
      },
      "properties": {
        "Vehicle_No": "GA 07 G 2900-MAP(MINI RESCUE TENDER)",
        "Vehicle_Name": "TS101",
        "Branch": "Fire Station Mapusa",
        "created": "27-12-2025 05:29:59+05:30",
        "lastUpdated": "27-12-2025 13:33:02+05:30"
      }
    },
    {
      "type": "Feature",
      "geometry": {
        "type": "LineString",
        "coordinates": [
          [
            73.817215,
            15.487183
          ],
          [
            73.8172,
            15.487237
          ],
          [
            73.817581,
            15.486915
          ],
          [
            73.817184,
            15.487165
          ],
          [
            73.817146,
            15.487048
          ],
          [
            73.817116,
            15.487013
          ],
          [
            73.817131,
            15.486993
          ],
          [
            73.817123,
            15.487068
          ],
          [
            73.817146,
            15.487048
          ],
          [
            73.817146,
            15.48703
          ],
          [
            73.817009,
            15.487103
          ],
          [
            73.817055,
            15.487122
          ],
          [
            73.817093,
            15.487057
          ],
          [
            73.817062,
            15.487035
          ],
          [
            73.817055,
            15.48708
          ],
          [
            73.817062,
            15.48708
          ],
          [
            73.817055,
            15.487088
          ],
          [
            73.817245,
            15.487243
          ],
          [
            73.816444,
            15.48786
          ],
          [
            73.815666,
            15.490712
          ],
          [
            73.819496,
            15.493733
          ],
          [
            73.819878,
            15.490398
          ],
          [
            73.817665,
            15.48665
          ],
          [
            73.817291,
            15.486347
          ],
          [
            73.817284,
            15.486378
          ],
          [
            73.817284,
            15.48637
          ],
          [
            73.817261,
            15.486377
          ],
          [
            73.817284,
            15.486363
          ],
          [
            73.817085,
            15.486417
          ],
          [
            73.817116,
            15.487043
          ],
          [
            73.817101,
            15.48709
          ],
          [
            73.816994,
            15.487053
          ],
          [
            73.817032,
            15.487038
          ],
          [
            73.817009,
            15.487035
          ],
          [
            73.817062,
            15.487095
          ],
          [
            73.817375,
            15.486948
          ],
          [
            73.81736,
            15.486892
          ],
          [
            73.817154,
            15.48703
          ],
          [
            73.817291,
            15.48701
          ],
          [
            73.817268,
            15.486945
          ],
          [
            73.817474,
            15.48693
          ],
          [
            73.817505,
            15.486997
          ],
          [
            73.817467,
            15.48703
          ],
          [
            73.817238,
            15.486982
          ],
          [
            73.816917,
            15.487243
          ],
          [
            73.817146,
            15.487142
          ],
          [
            73.817047,
            15.48715
          ],
          [
            73.817085,
            15.48713
          ],
          [
            73.817177,
            15.487013
          ]
        ]
      },
      "properties": {
        "Vehicle_No": "GA 07 G 7600-FFHQ(WATER BOUSER)",
        "Vehicle_Name": "TS101",
        "Branch": "Fire Force Headquarters",
        "created": "27-12-2025 05:29:28+05:30",
        "lastUpdated": "27-12-2025 20:16:27+05:30"
      }
    },
    {
      "type": "Feature",
      "geometry": {
        "type": "LineString",
        "coordinates": [
          [
            73.81736,
            15.487392
          ],
          [
            73.817307,
            15.487352
          ],
          [
            73.817261,
            15.487438
          ],
          [
            73.817253,
            15.487417
          ],
          [
            73.817245,
            15.487422
          ],
          [
            73.817245,
            15.48742
          ],
          [
            73.81723,
            15.487397
          ],
          [
            73.817215,
            15.487383
          ],
          [
            73.817245,
            15.48741
          ],
          [
            73.81723,
            15.487408
          ],
          [
            73.817245,
            15.487413
          ],
          [
            73.817223,
            15.487382
          ],
          [
            73.817207,
            15.487302
          ],
          [
            73.817314,
            15.487382
          ],
          [
            73.817291,
            15.487368
          ],
          [
            73.817284,
            15.487355
          ],
          [
            73.817284,
            15.487368
          ],
          [
            73.817268,
            15.487338
          ],
          [
            73.817261,
            15.487403
          ],
          [
            73.815269,
            15.488823
          ],
          [
            73.811523,
            15.485875
          ],
          [
            73.808563,
            15.480388
          ],
          [
            73.808441,
            15.473042
          ],
          [
            73.806892,
            15.46716
          ],
          [
            73.803871,
            15.46137
          ],
          [
            73.803566,
            15.459122
          ],
          [
            73.805031,
            15.46352
          ],
          [
            73.808212,
            15.472378
          ],
          [
            73.8088,
            15.481668
          ],
          [
            73.811836,
            15.486407
          ],
          [
            73.81488,
            15.489217
          ],
          [
            73.817688,
            15.48663
          ],
          [
            73.8172,
            15.486318
          ],
          [
            73.817215,
            15.486332
          ],
          [
            73.817268,
            15.486335
          ],
          [
            73.817291,
            15.486338
          ],
          [
            73.817307,
            15.48634
          ],
          [
            73.817322,
            15.486343
          ],
          [
            73.817322,
            15.486345
          ],
          [
            73.817192,
            15.486447
          ],
          [
            73.81707,
            15.487117
          ],
          [
            73.817085,
            15.487135
          ],
          [
            73.817085,
            15.487138
          ],
          [
            73.817139,
            15.487192
          ],
          [
            73.817352,
            15.487982
          ],
          [
            73.817207,
            15.487497
          ],
          [
            73.817284,
            15.48739
          ],
          [
            73.817223,
            15.487432
          ],
          [
            73.817223,
            15.487435
          ],
          [
            73.817192,
            15.487353
          ],
          [
            73.8172,
            15.487353
          ],
          [
            73.817307,
            15.487413
          ],
          [
            73.817299,
            15.487418
          ]
        ]
      },
      "properties": {
        "Vehicle_No": "GA 07 G 2002-FFHQ(TURN TABLE LADDER)",
        "Vehicle_Name": "TS101",
        "Branch": "Fire Force Headquarters",
        "created": "27-12-2025 05:29:17+05:30",
        "lastUpdated": "27-12-2025 18:14:27+05:30"
      }
    },
    {
      "type": "Feature",
      "geometry": {
        "type": "LineString",
        "coordinates": [
          [
            73.817085,
            15.486852
          ],
          [
            73.81707,
            15.48686
          ],
          [
            73.816925,
            15.486898
          ],
          [
            73.816879,
            15.486902
          ],
          [
            73.81694,
            15.48692
          ],
          [
            73.817223,
            15.486368
          ],
          [
            73.817322,
            15.486362
          ],
          [
            73.817131,
            15.486908
          ],
          [
            73.816956,
            15.486985
          ],
          [
            73.816963,
            15.48687
          ],
          [
            73.816971,
            15.486857
          ],
          [
            73.816978,
            15.486853
          ],
          [
            73.817009,
            15.486995
          ],
          [
            73.816956,
            15.48696
          ],
          [
            73.816971,
            15.487008
          ],
          [
            73.81707,
            15.486772
          ],
          [
            73.817085,
            15.486798
          ],
          [
            73.817665,
            15.486748
          ],
          [
            73.814774,
            15.489652
          ],
          [
            73.818466,
            15.49445
          ],
          [
            73.820816,
            15.49972
          ],
          [
            73.822472,
            15.50053
          ],
          [
            73.832748,
            15.499952
          ],
          [
            73.837616,
            15.49866
          ],
          [
            73.837051,
            15.497738
          ],
          [
            73.836449,
            15.50337
          ],
          [
            73.835892,
            15.50716
          ],
          [
            73.839767,
            15.506282
          ],
          [
            73.841095,
            15.506692
          ],
          [
            73.842758,
            15.508162
          ],
          [
            73.842537,
            15.51002
          ],
          [
            73.846794,
            15.51935
          ],
          [
            73.847023,
            15.51965
          ],
          [
            73.847099,
            15.519775
          ],
          [
            73.847237,
            15.520007
          ],
          [
            73.848381,
            15.52142
          ],
          [
            73.848694,
            15.521943
          ],
          [
            73.848396,
            15.523425
          ],
          [
            73.850052,
            15.523965
          ],
          [
            73.856712,
            15.52825
          ],
          [
            73.858437,
            15.533113
          ],
          [
            73.859749,
            15.534015
          ],
          [
            73.869362,
            15.539457
          ],
          [
            73.869232,
            15.540132
          ],
          [
            73.868828,
            15.54094
          ],
          [
            73.868088,
            15.542597
          ],
          [
            73.867897,
            15.546085
          ],
          [
            73.8675,
            15.548072
          ],
          [
            73.867615,
            15.549718
          ],
          [
            73.867439,
            15.551328
          ],
          [
            73.868347,
            15.553813
          ],
          [
            73.868385,
            15.55715
          ],
          [
            73.868027,
            15.558425
          ],
          [
            73.866661,
            15.55992
          ],
          [
            73.864906,
            15.561437
          ],
          [
            73.861923,
            15.561977
          ],
          [
            73.861397,
            15.565228
          ],
          [
            73.862473,
            15.567852
          ],
          [
            73.863525,
            15.5701
          ],
          [
            73.863899,
            15.57298
          ],
          [
            73.864426,
            15.576682
          ],
          [
            73.863464,
            15.57794
          ],
          [
            73.862343,
            15.578332
          ],
          [
            73.862282,
            15.578347
          ],
          [
            73.862221,
            15.578365
          ],
          [
            73.862076,
            15.578423
          ],
          [
            73.862076,
            15.57843
          ],
          [
            73.862083,
            15.578447
          ],
          [
            73.862083,
            15.578458
          ],
          [
            73.862091,
            15.578462
          ],
          [
            73.862083,
            15.578455
          ],
          [
            73.862083,
            15.578458
          ],
          [
            73.862083,
            15.578465
          ],
          [
            73.862091,
            15.578467
          ],
          [
            73.861923,
            15.578458
          ],
          [
            73.861893,
            15.578468
          ],
          [
            73.861923,
            15.578455
          ],
          [
            73.861183,
            15.578698
          ],
          [
            73.857452,
            15.580138
          ],
          [
            73.853981,
            15.582158
          ],
          [
            73.850395,
            15.584382
          ],
          [
            73.849564,
            15.585037
          ],
          [
            73.851974,
            15.58348
          ],
          [
            73.855881,
            15.58128
          ],
          [
            73.859604,
            15.579225
          ],
          [
            73.862885,
            15.578108
          ],
          [
            73.864479,
            15.576775
          ],
          [
            73.863976,
            15.57258
          ],
          [
            73.864037,
            15.571102
          ],
          [
            73.863731,
            15.570397
          ],
          [
            73.861824,
            15.566503
          ],
          [
            73.861595,
            15.563883
          ],
          [
            73.862511,
            15.561658
          ],
          [
            73.862587,
            15.56166
          ],
          [
            73.8629,
            15.561672
          ],
          [
            73.86454,
            15.561562
          ],
          [
            73.865707,
            15.56104
          ],
          [
            73.865913,
            15.560905
          ],
          [
            73.867455,
            15.559398
          ],
          [
            73.868378,
            15.557492
          ],
          [
            73.868385,
            15.555817
          ],
          [
            73.868156,
            15.55263
          ],
          [
            73.867592,
            15.54853
          ],
          [
            73.867981,
            15.545575
          ],
          [
            73.868164,
            15.542122
          ],
          [
            73.86908,
            15.540435
          ],
          [
            73.869347,
            15.5393
          ],
          [
            73.869095,
            15.538323
          ],
          [
            73.869019,
            15.538158
          ],
          [
            73.857933,
            15.532035
          ],
          [
            73.855766,
            15.527903
          ],
          [
            73.850578,
            15.524465
          ],
          [
            73.848671,
            15.524262
          ],
          [
            73.848274,
            15.523628
          ],
          [
            73.84864,
            15.52222
          ],
          [
            73.847412,
            15.52023
          ],
          [
            73.845779,
            15.517315
          ],
          [
            73.845741,
            15.517282
          ],
          [
            73.845718,
            15.517235
          ],
          [
            73.845665,
            15.517127
          ],
          [
            73.84549,
            15.516773
          ],
          [
            73.845474,
            15.516728
          ],
          [
            73.845276,
            15.51592
          ],
          [
            73.845222,
            15.515713
          ],
          [
            73.845192,
            15.515602
          ],
          [
            73.83931,
            15.506428
          ],
          [
            73.83577,
            15.505898
          ],
          [
            73.835907,
            15.507432
          ],
          [
            73.83606,
            15.507653
          ],
          [
            73.837006,
            15.504135
          ],
          [
            73.837616,
            15.498045
          ],
          [
            73.838509,
            15.497738
          ],
          [
            73.834839,
            15.499568
          ],
          [
            73.830887,
            15.500643
          ],
          [
            73.826424,
            15.501163
          ],
          [
            73.825279,
            15.501062
          ],
          [
            73.818306,
            15.493827
          ],
          [
            73.815926,
            15.490883
          ],
          [
            73.816208,
            15.488085
          ],
          [
            73.817398,
            15.486778
          ],
          [
            73.817276,
            15.486353
          ],
          [
            73.817276,
            15.486352
          ],
          [
            73.817062,
            15.486397
          ],
          [
            73.817245,
            15.486833
          ],
          [
            73.817017,
            15.486877
          ],
          [
            73.817101,
            15.486905
          ],
          [
            73.817085,
            15.486953
          ]
        ]
      },
      "properties": {
        "Vehicle_No": "GA 07 G 7101-FFHQ(WATER TENDER)",
        "Vehicle_Name": "TS101",
        "Branch": "Fire Force Headquarters",
        "created": "27-12-2025 05:28:41+05:30",
        "lastUpdated": "27-12-2025 17:19:24+05:30"
      }
    },
    {
      "type": "Feature",
      "geometry": {
        "type": "LineString",
        "coordinates": [
          [
            73.817139,
            15.487165
          ],
          [
            73.817291,
            15.487277
          ],
          [
            73.817184,
            15.487398
          ],
          [
            73.8172,
            15.48742
          ],
          [
            73.817169,
            15.4874
          ],
          [
            73.817192,
            15.487398
          ],
          [
            73.8172,
            15.487387
          ],
          [
            73.817207,
            15.487397
          ],
          [
            73.8172,
            15.487395
          ],
          [
            73.817192,
            15.487337
          ],
          [
            73.816727,
            15.487675
          ],
          [
            73.815269,
            15.49021
          ],
          [
            73.819115,
            15.496323
          ],
          [
            73.82103,
            15.499932
          ],
          [
            73.827087,
            15.501262
          ],
          [
            73.830948,
            15.500625
          ],
          [
            73.837944,
            15.499015
          ],
          [
            73.833496,
            15.499795
          ],
          [
            73.827919,
            15.501215
          ],
          [
            73.819595,
            15.498198
          ],
          [
            73.818214,
            15.493835
          ],
          [
            73.815918,
            15.488287
          ],
          [
            73.817261,
            15.486767
          ],
          [
            73.817253,
            15.486347
          ],
          [
            73.817238,
            15.486363
          ],
          [
            73.817123,
            15.486882
          ],
          [
            73.817192,
            15.487202
          ],
          [
            73.817207,
            15.487228
          ],
          [
            73.8172,
            15.487257
          ],
          [
            73.817184,
            15.487228
          ],
          [
            73.817314,
            15.48736
          ],
          [
            73.817345,
            15.48742
          ],
          [
            73.817337,
            15.487425
          ],
          [
            73.817329,
            15.487465
          ],
          [
            73.817268,
            15.487323
          ],
          [
            73.817284,
            15.487382
          ],
          [
            73.817268,
            15.487432
          ],
          [
            73.817291,
            15.487452
          ],
          [
            73.817245,
            15.487323
          ],
          [
            73.817284,
            15.487317
          ],
          [
            73.817299,
            15.48731
          ],
          [
            73.817337,
            15.487338
          ],
          [
            73.817352,
            15.487382
          ],
          [
            73.817329,
            15.487387
          ],
          [
            73.817307,
            15.487377
          ],
          [
            73.817093,
            15.487767
          ],
          [
            73.817207,
            15.487242
          ],
          [
            73.817238,
            15.487287
          ]
        ]
      },
      "properties": {
        "Vehicle_No": "GA 07 G 7677-FFHQ(EMERGENCY RESCUE)",
        "Vehicle_Name": "TS101",
        "Branch": "Fire Force Headquarters",
        "created": "27-12-2025 05:27:59+05:30",
        "lastUpdated": "27-12-2025 18:19:41+05:30"
      }
    },
    {
      "type": "Feature",
      "geometry": {
        "type": "LineString",
        "coordinates": [
          [
            73.817329,
            15.487298
          ],
          [
            73.817253,
            15.487368
          ],
          [
            73.817238,
            15.487323
          ],
          [
            73.817238,
            15.487328
          ],
          [
            73.817276,
            15.487305
          ],
          [
            73.817261,
            15.487295
          ],
          [
            73.817215,
            15.487307
          ],
          [
            73.817215,
            15.487305
          ],
          [
            73.817215,
            15.487303
          ],
          [
            73.817245,
            15.487357
          ],
          [
            73.817291,
            15.487422
          ],
          [
            73.814583,
            15.489453
          ],
          [
            73.818314,
            15.494162
          ],
          [
            73.819801,
            15.498652
          ],
          [
            73.821037,
            15.500028
          ],
          [
            73.832024,
            15.500173
          ],
          [
            73.838036,
            15.498678
          ],
          [
            73.837234,
            15.496333
          ],
          [
            73.83831,
            15.495293
          ],
          [
            73.837776,
            15.495483
          ],
          [
            73.837341,
            15.495963
          ],
          [
            73.836723,
            15.496297
          ],
          [
            73.836723,
            15.496303
          ],
          [
            73.836739,
            15.496308
          ],
          [
            73.836723,
            15.496312
          ],
          [
            73.836723,
            15.49631
          ],
          [
            73.8367,
            15.49631
          ],
          [
            73.8367,
            15.4963
          ],
          [
            73.83667,
            15.49632
          ],
          [
            73.836182,
            15.498235
          ],
          [
            73.833076,
            15.499877
          ],
          [
            73.828369,
            15.501188
          ],
          [
            73.826607,
            15.5012
          ],
          [
            73.818733,
            15.495052
          ],
          [
            73.816414,
            15.491415
          ],
          [
            73.81723,
            15.487202
          ],
          [
            73.8172,
            15.487205
          ],
          [
            73.817253,
            15.487272
          ],
          [
            73.817261,
            15.487287
          ]
        ]
      },
      "properties": {
        "Vehicle_No": "GA 07 G 1121-PNJ(EMERGENCY RESCUE)",
        "Vehicle_Name": "TS101",
        "Branch": "Fire Station Panaji",
        "created": "27-12-2025 05:30:11+05:30",
        "lastUpdated": "27-12-2025 11:33:38+05:30"
      }
    },
    {
      "type": "Feature",
      "geometry": {
        "type": "LineString",
        "coordinates": [
          [
            73.817352,
            15.486433
          ],
          [
            73.817558,
            15.486808
          ],
          [
            73.817406,
            15.486708
          ],
          [
            73.817139,
            15.486518
          ],
          [
            73.817329,
            15.486347
          ],
          [
            73.817467,
            15.486718
          ],
          [
            73.817474,
            15.48663
          ],
          [
            73.817802,
            15.486448
          ],
          [
            73.817711,
            15.486438
          ],
          [
            73.817352,
            15.486878
          ],
          [
            73.817764,
            15.486505
          ],
          [
            73.817451,
            15.486755
          ],
          [
            73.817444,
            15.486872
          ],
          [
            73.817482,
            15.486763
          ],
          [
            73.817467,
            15.486647
          ],
          [
            73.816406,
            15.487878
          ],
          [
            73.816154,
            15.491238
          ],
          [
            73.819496,
            15.498158
          ],
          [
            73.821526,
            15.50038
          ],
          [
            73.829536,
            15.501088
          ],
          [
            73.835686,
            15.499485
          ],
          [
            73.836105,
            15.497113
          ],
          [
            73.836426,
            15.5032
          ],
          [
            73.836205,
            15.505467
          ],
          [
            73.836098,
            15.506528
          ],
          [
            73.836105,
            15.506528
          ],
          [
            73.835266,
            15.514083
          ],
          [
            73.836334,
            15.507805
          ],
          [
            73.836472,
            15.505835
          ],
          [
            73.841576,
            15.50693
          ],
          [
            73.842796,
            15.508583
          ],
          [
            73.847145,
            15.519948
          ],
          [
            73.848564,
            15.522438
          ],
          [
            73.849663,
            15.524047
          ],
          [
            73.856346,
            15.52813
          ],
          [
            73.858856,
            15.533635
          ],
          [
            73.868065,
            15.543968
          ],
          [
            73.867661,
            15.549318
          ],
          [
            73.868446,
            15.556253
          ],
          [
            73.866257,
            15.560437
          ],
          [
            73.861809,
            15.562115
          ],
          [
            73.863075,
            15.568885
          ],
          [
            73.864113,
            15.57183
          ],
          [
            73.865189,
            15.577665
          ],
          [
            73.862495,
            15.578227
          ],
          [
            73.858879,
            15.579468
          ],
          [
            73.855164,
            15.58161
          ],
          [
            73.854385,
            15.581995
          ],
          [
            73.844635,
            15.58604
          ],
          [
            73.84317,
            15.585287
          ],
          [
            73.84201,
            15.58292
          ],
          [
            73.838905,
            15.580937
          ],
          [
            73.831459,
            15.54827
          ],
          [
            73.83017,
            15.54536
          ],
          [
            73.83152,
            15.543693
          ],
          [
            73.831329,
            15.53868
          ],
          [
            73.826355,
            15.535788
          ],
          [
            73.824455,
            15.532762
          ],
          [
            73.824684,
            15.531935
          ],
          [
            73.82534,
            15.530185
          ],
          [
            73.826134,
            15.527782
          ],
          [
            73.82827,
            15.52514
          ],
          [
            73.828651,
            15.52365
          ],
          [
            73.81662,
            15.491593
          ],
          [
            73.814934,
            15.489228
          ],
          [
            73.817772,
            15.486965
          ],
          [
            73.817421,
            15.486772
          ],
          [
            73.817329,
            15.486663
          ],
          [
            73.817131,
            15.486957
          ],
          [
            73.817589,
            15.48641
          ]
        ]
      },
      "properties": {
        "Vehicle_No": "GA 07 G 1571-FFHQ(QUICK RESPONSE)",
        "Vehicle_Name": "TS101",
        "Branch": "Fire Force Headquarters",
        "created": "27-12-2025 05:28:32+05:30",
        "lastUpdated": "27-12-2025 19:48:10+05:30"
      }
    },
    {
      "type": "Feature",
      "geometry": {
        "type": "LineString",
        "coordinates": [
          [
            73.808907,
            15.589853
          ],
          [
            73.808632,
            15.589962
          ],
          [
            73.808731,
            15.58987
          ],
          [
            73.808723,
            15.589872
          ],
          [
            73.808762,
            15.58987
          ],
          [
            73.808594,
            15.589885
          ],
          [
            73.808609,
            15.589868
          ],
          [
            73.808563,
            15.589863
          ],
          [
            73.808578,
            15.58985
          ],
          [
            73.808632,
            15.589823
          ],
          [
            73.808678,
            15.589803
          ],
          [
            73.808678,
            15.589787
          ],
          [
            73.80867,
            15.589785
          ],
          [
            73.80867,
            15.589793
          ],
          [
            73.808655,
            15.589798
          ],
          [
            73.808678,
            15.589807
          ],
          [
            73.808678,
            15.589822
          ],
          [
            73.808701,
            15.589823
          ],
          [
            73.808632,
            15.590017
          ],
          [
            73.808578,
            15.590005
          ],
          [
            73.808533,
            15.590027
          ],
          [
            73.808624,
            15.589968
          ],
          [
            73.808784,
            15.589925
          ],
          [
            73.808655,
            15.589983
          ],
          [
            73.808708,
            15.589923
          ],
          [
            73.808762,
            15.589903
          ],
          [
            73.808685,
            15.589927
          ],
          [
            73.808693,
            15.58994
          ],
          [
            73.808739,
            15.589902
          ],
          [
            73.810165,
            15.590362
          ],
          [
            73.812294,
            15.589163
          ],
          [
            73.815765,
            15.589167
          ],
          [
            73.819046,
            15.58933
          ],
          [
            73.819244,
            15.588483
          ],
          [
            73.824654,
            15.583158
          ],
          [
            73.825256,
            15.582973
          ],
          [
            73.835663,
            15.58072
          ],
          [
            73.838989,
            15.58095
          ],
          [
            73.842056,
            15.583058
          ],
          [
            73.843887,
            15.585883
          ],
          [
            73.847107,
            15.586333
          ],
          [
            73.851219,
            15.583932
          ],
          [
            73.857529,
            15.580107
          ],
          [
            73.860825,
            15.578823
          ],
          [
            73.862328,
            15.578275
          ],
          [
            73.86245,
            15.578012
          ],
          [
            73.862389,
            15.577652
          ],
          [
            73.86248,
            15.578113
          ],
          [
            73.862495,
            15.578113
          ],
          [
            73.862442,
            15.578312
          ],
          [
            73.86235,
            15.578353
          ],
          [
            73.862297,
            15.578377
          ],
          [
            73.86203,
            15.578445
          ],
          [
            73.86203,
            15.578442
          ],
          [
            73.86203,
            15.57844
          ],
          [
            73.86203,
            15.578442
          ],
          [
            73.86203,
            15.578447
          ],
          [
            73.862038,
            15.578452
          ],
          [
            73.862038,
            15.578453
          ],
          [
            73.862038,
            15.578455
          ],
          [
            73.862,
            15.578465
          ],
          [
            73.861488,
            15.57861
          ],
          [
            73.85788,
            15.57999
          ],
          [
            73.854019,
            15.582137
          ],
          [
            73.850471,
            15.58433
          ],
          [
            73.849594,
            15.585077
          ],
          [
            73.846085,
            15.586378
          ],
          [
            73.84333,
            15.585487
          ],
          [
            73.841621,
            15.58251
          ],
          [
            73.838486,
            15.5809
          ],
          [
            73.827446,
            15.58202
          ],
          [
            73.81414,
            15.588825
          ],
          [
            73.812317,
            15.589183
          ],
          [
            73.809555,
            15.589857
          ],
          [
            73.808846,
            15.590472
          ],
          [
            73.808815,
            15.589923
          ],
          [
            73.8088,
            15.589923
          ],
          [
            73.808662,
            15.590017
          ]
        ]
      },
      "properties": {
        "Vehicle_No": "GA 07 G 8101-MAP(WATER TENDER)",
        "Vehicle_Name": "TS101",
        "Branch": "Fire Station Mapusa",
        "created": "27-12-2025 05:29:31+05:30",
        "lastUpdated": "27-12-2025 16:22:20+05:30"
      }
    },
    {
      "type": "Feature",
      "geometry": {
        "type": "LineString",
        "coordinates": [
          [
            73.970085,
            15.269355
          ],
          [
            73.97002,
            15.2694016
          ],
          [
            73.97002,
            15.2694066
          ],
          [
            73.9700433,
            15.2693883
          ],
          [
            73.9701083,
            15.2696166
          ],
          [
            73.9697666,
            15.26997
          ],
          [
            73.969955,
            15.2694683
          ],
          [
            73.9701083,
            15.2693983
          ],
          [
            73.9700283,
            15.2693583
          ],
          [
            73.970035,
            15.2694066
          ],
          [
            73.9705733,
            15.2696566
          ],
          [
            73.9702633,
            15.2694683
          ],
          [
            73.97037,
            15.2692999
          ],
          [
            73.9701983,
            15.269425
          ],
          [
            73.9700433,
            15.2694416
          ],
          [
            73.9701166,
            15.2694416
          ],
          [
            73.9701583,
            15.269365
          ],
          [
            73.9700683,
            15.26946
          ],
          [
            73.97002,
            15.2694683
          ],
          [
            73.970085,
            15.2694216
          ],
          [
            73.9700516,
            15.2692816
          ],
          [
            73.9700033,
            15.26958
          ],
          [
            73.9700433,
            15.2693966
          ],
          [
            73.97006,
            15.26946
          ],
          [
            73.9700516,
            15.2694633
          ],
          [
            73.9700516,
            15.2694483
          ],
          [
            73.9701733,
            15.2692383
          ],
          [
            73.9701983,
            15.26927
          ],
          [
            73.9701983,
            15.26938
          ],
          [
            73.9701083,
            15.2694333
          ],
          [
            73.97006,
            15.2694233
          ],
          [
            73.9700516,
            15.26943
          ],
          [
            73.970085,
            15.2693466
          ],
          [
            73.9700766,
            15.2695133
          ],
          [
            73.97006,
            15.2694633
          ],
          [
            73.970255,
            15.2693749
          ],
          [
            73.9701666,
            15.2693783
          ],
          [
            73.9701166,
            15.269415
          ],
          [
            73.9700683,
            15.2695183
          ],
          [
            73.9700516,
            15.2690283
          ],
          [
            73.9699633,
            15.2692
          ],
          [
            73.9702316,
            15.269055
          ],
          [
            73.9701016,
            15.2693383
          ],
          [
            73.97015,
            15.269395
          ],
          [
            73.969995,
            15.2692783
          ],
          [
            73.970125,
            15.269365
          ],
          [
            73.9700766,
            15.2694016
          ],
          [
            73.97015,
            15.2694016
          ],
          [
            73.9700433,
            15.2694116
          ],
          [
            73.9702233,
            15.2693933
          ],
          [
            73.9701816,
            15.269315
          ],
          [
            73.9703133,
            15.269145
          ],
          [
            73.9701083,
            15.26932
          ],
          [
            73.9701016,
            15.2694199
          ],
          [
            73.9700516,
            15.2693783
          ],
          [
            73.970125,
            15.2693866
          ],
          [
            73.9701733,
            15.2693216
          ],
          [
            73.9701583,
            15.2693683
          ],
          [
            73.9701733,
            15.26938
          ],
          [
            73.9701733,
            15.2693683
          ],
          [
            73.9701016,
            15.2693833
          ],
          [
            73.9701333,
            15.2693966
          ],
          [
            73.9699866,
            15.2694233
          ],
          [
            73.97006,
            15.2694233
          ],
          [
            73.9700033,
            15.2693833
          ],
          [
            73.969995,
            15.2694583
          ],
          [
            73.9699383,
            15.2693466
          ],
          [
            73.9699783,
            15.2694583
          ],
          [
            73.9699783,
            15.2694983
          ],
          [
            73.970035,
            15.26934
          ],
          [
            73.9702066,
            15.2694316
          ],
          [
            73.9702633,
            15.2693933
          ],
          [
            73.970255,
            15.2693133
          ],
          [
            73.970085,
            15.2692999
          ],
          [
            73.9698966,
            15.2695266
          ],
          [
            73.96997,
            15.26943
          ],
          [
            73.9702316,
            15.2693366
          ],
          [
            73.970215,
            15.2694583
          ],
          [
            73.9700516,
            15.26937
          ],
          [
            73.97006,
            15.269365
          ],
          [
            73.97019,
            15.2693733
          ],
          [
            73.9700283,
            15.269325
          ],
          [
            73.9701816,
            15.2693066
          ],
          [
            73.970255,
            15.2693416
          ],
          [
            73.9701083,
            15.269355
          ],
          [
            73.9700766,
            15.2694016
          ],
          [
            73.970085,
            15.2694166
          ],
          [
            73.96997,
            15.26947
          ],
          [
            73.9700283,
            15.2694416
          ],
          [
            73.9699383,
            15.2693483
          ],
          [
            73.9700116,
            15.269305
          ],
          [
            73.970125,
            15.2694516
          ],
          [
            73.97006,
            15.26935
          ],
          [
            73.9700433,
            15.2693183
          ],
          [
            73.9700933,
            15.26934
          ],
          [
            73.9701016,
            15.2693466
          ],
          [
            73.9702316,
            15.2693516
          ],
          [
            73.9701083,
            15.269425
          ],
          [
            73.97019,
            15.2692116
          ],
          [
            73.970255,
            15.2692999
          ],
          [
            73.97028,
            15.2693016
          ],
          [
            73.9701583,
            15.2692966
          ],
          [
            73.9703933,
            15.2693516
          ],
          [
            73.9703366,
            15.2693133
          ],
          [
            73.970035,
            15.2691
          ],
          [
            73.9701666,
            15.269305
          ],
          [
            73.970125,
            15.2693616
          ],
          [
            73.9701416,
            15.2693583
          ],
          [
            73.970085,
            15.2693916
          ],
          [
            73.9700283,
            15.2692783
          ],
          [
            73.9700283,
            15.2693766
          ],
          [
            73.9699133,
            15.2694016
          ],
          [
            73.9699633,
            15.2693683
          ],
          [
            73.9700683,
            15.2693466
          ],
          [
            73.9701666,
            15.269325
          ],
          [
            73.9704099,
            15.26945
          ],
          [
            73.970345,
            15.2692933
          ],
          [
            73.9702633,
            15.26926
          ],
          [
            73.97006,
            15.2693683
          ],
          [
            73.97024,
            15.2693283
          ],
          [
            73.9701166,
            15.2693983
          ],
          [
            73.97015,
            15.2694516
          ],
          [
            73.9699783,
            15.2694633
          ],
          [
            73.9699466,
            15.2694349
          ],
          [
            73.9701983,
            15.2693483
          ],
          [
            73.970125,
            15.2693983
          ],
          [
            73.970125,
            15.2694416
          ],
          [
            73.9700516,
            15.26944
          ],
          [
            73.9699783,
            15.2694566
          ],
          [
            73.9701333,
            15.269395
          ],
          [
            73.970085,
            15.2695033
          ],
          [
            73.9701416,
            15.2694133
          ],
          [
            73.9700283,
            15.26943
          ],
          [
            73.9700683,
            15.2694333
          ],
          [
            73.969905,
            15.2695183
          ],
          [
            73.9699383,
            15.269505
          ],
          [
            73.97015,
            15.2694383
          ],
          [
            73.9702466,
            15.2694533
          ],
          [
            73.97015,
            15.2695033
          ],
          [
            73.9700433,
            15.269445
          ],
          [
            73.9701016,
            15.2694349
          ],
          [
            73.97024,
            15.2693666
          ],
          [
            73.97019,
            15.2694116
          ],
          [
            73.9701083,
            15.269415
          ],
          [
            73.9701016,
            15.2694216
          ],
          [
            73.9701666,
            15.2694483
          ],
          [
            73.97015,
            15.2696133
          ],
          [
            73.9739666,
            15.2760083
          ],
          [
            73.97797,
            15.2775816
          ],
          [
            73.9787116,
            15.2785333
          ],
          [
            73.9786699,
            15.2785833
          ],
          [
            73.9786616,
            15.2785216
          ],
          [
            73.9786699,
            15.2784533
          ],
          [
            73.9786533,
            15.2785249
          ],
          [
            73.9785733,
            15.2785216
          ],
          [
            73.9786216,
            15.27851
          ],
          [
            73.9786216,
            15.27856
          ],
          [
            73.9778566,
            15.2789183
          ],
          [
            73.97662,
            15.279055
          ],
          [
            73.9743083,
            15.2764716
          ],
          [
            73.9702883,
            15.2708266
          ],
          [
            73.97028,
            15.2695683
          ],
          [
            73.9702716,
            15.26938
          ],
          [
            73.9703783,
            15.2693683
          ],
          [
            73.9701983,
            15.26936
          ],
          [
            73.970255,
            15.2693233
          ],
          [
            73.970215,
            15.2693783
          ],
          [
            73.9704833,
            15.2692116
          ],
          [
            73.9702966,
            15.2693866
          ],
          [
            73.9701583,
            15.2693566
          ],
          [
            73.9701083,
            15.2693833
          ],
          [
            73.9698566,
            15.26978
          ],
          [
            73.970085,
            15.2694333
          ],
          [
            73.97006,
            15.2693616
          ],
          [
            73.970125,
            15.2694133
          ],
          [
            73.9701416,
            15.2694566
          ],
          [
            73.96993,
            15.26944
          ],
          [
            73.97002,
            15.2693866
          ],
          [
            73.9700516,
            15.2694266
          ],
          [
            73.97015,
            15.2693749
          ],
          [
            73.9700116,
            15.2694316
          ],
          [
            73.9701666,
            15.2694133
          ],
          [
            73.97015,
            15.2694033
          ],
          [
            73.9701416,
            15.26953
          ],
          [
            73.9701333,
            15.2694566
          ],
          [
            73.970215,
            15.2693833
          ],
          [
            73.9699866,
            15.269535
          ],
          [
            73.9699866,
            15.2694866
          ],
          [
            73.9699633,
            15.2692849
          ],
          [
            73.9700516,
            15.2693733
          ],
          [
            73.97002,
            15.2693583
          ],
          [
            73.9700683,
            15.26938
          ],
          [
            73.97006,
            15.2694033
          ],
          [
            73.9701983,
            15.2695966
          ],
          [
            73.969955,
            15.26956
          ],
          [
            73.9700683,
            15.2694883
          ],
          [
            73.97015,
            15.26932
          ],
          [
            73.9701583,
            15.2694533
          ],
          [
            73.9701816,
            15.269275
          ],
          [
            73.9701416,
            15.2693966
          ],
          [
            73.96997,
            15.2693749
          ],
          [
            73.9702233,
            15.2695633
          ],
          [
            73.9701016,
            15.26954
          ],
          [
            73.9701583,
            15.269355
          ],
          [
            73.970215,
            15.2693783
          ],
          [
            73.9701166,
            15.2693616
          ],
          [
            73.9702633,
            15.2695116
          ],
          [
            73.9701666,
            15.269495
          ],
          [
            73.9701816,
            15.26947
          ],
          [
            73.9702233,
            15.26943
          ],
          [
            73.9701016,
            15.26945
          ],
          [
            73.9700516,
            15.269405
          ],
          [
            73.9700033,
            15.2694333
          ],
          [
            73.97054,
            15.2695316
          ],
          [
            73.9701983,
            15.2694216
          ],
          [
            73.97006,
            15.2694766
          ],
          [
            73.96997,
            15.2694483
          ],
          [
            73.9699633,
            15.2694216
          ],
          [
            73.9700116,
            15.26941
          ],
          [
            73.9701083,
            15.2694016
          ],
          [
            73.9700766,
            15.26945
          ],
          [
            73.969955,
            15.2694233
          ],
          [
            73.9699783,
            15.2694633
          ],
          [
            73.970085,
            15.2693566
          ],
          [
            73.970125,
            15.2694783
          ],
          [
            73.9702966,
            15.2698633
          ],
          [
            73.97015,
            15.2695699
          ],
          [
            73.9698966,
            15.2694483
          ],
          [
            73.9699866,
            15.2694316
          ],
          [
            73.9700116,
            15.269445
          ],
          [
            73.9700683,
            15.2695233
          ],
          [
            73.9700933,
            15.2694633
          ],
          [
            73.9700516,
            15.2694716
          ],
          [
            73.969995,
            15.2693983
          ],
          [
            73.97015,
            15.269545
          ],
          [
            73.970035,
            15.26946
          ],
          [
            73.97002,
            15.26946
          ],
          [
            73.97006,
            15.269505
          ],
          [
            73.9700433,
            15.2694333
          ],
          [
            73.9700433,
            15.2695216
          ],
          [
            73.9700683,
            15.2694483
          ],
          [
            73.970035,
            15.26943
          ],
          [
            73.9700433,
            15.2695116
          ],
          [
            73.97006,
            15.2696016
          ],
          [
            73.9699633,
            15.2694799
          ],
          [
            73.9700516,
            15.2693216
          ],
          [
            73.969995,
            15.2693583
          ],
          [
            73.9700033,
            15.26936
          ],
          [
            73.97006,
            15.2694583
          ],
          [
            73.970125,
            15.2695
          ],
          [
            73.9701166,
            15.269515
          ],
          [
            73.970085,
            15.269505
          ],
          [
            73.9701166,
            15.2694683
          ],
          [
            73.9700683,
            15.2694216
          ],
          [
            73.9701016,
            15.269425
          ],
          [
            73.9701416,
            15.2694666
          ],
          [
            73.9701333,
            15.2694933
          ],
          [
            73.9699383,
            15.2694966
          ],
          [
            73.9701016,
            15.2694016
          ],
          [
            73.9702066,
            15.26941
          ],
          [
            73.970035,
            15.269395
          ],
          [
            73.9700033,
            15.2693116
          ],
          [
            73.97002,
            15.26937
          ],
          [
            73.9700433,
            15.2694133
          ],
          [
            73.9700433,
            15.269355
          ],
          [
            73.97002,
            15.269355
          ],
          [
            73.9700683,
            15.26934
          ],
          [
            73.9699633,
            15.26937
          ],
          [
            73.9699866,
            15.2694016
          ],
          [
            73.9699866,
            15.2693616
          ],
          [
            73.970035,
            15.2692833
          ],
          [
            73.970035,
            15.2692
          ],
          [
            73.97002,
            15.2691733
          ],
          [
            73.9701733,
            15.2693316
          ],
          [
            73.9702466,
            15.269395
          ],
          [
            73.9700933,
            15.26932
          ],
          [
            73.9700933,
            15.2693466
          ],
          [
            73.969995,
            15.2694583
          ],
          [
            73.970035,
            15.269355
          ],
          [
            73.9700433,
            15.2693516
          ],
          [
            73.9702316,
            15.2694066
          ],
          [
            73.9701666,
            15.2693933
          ],
          [
            73.9701583,
            15.269445
          ],
          [
            73.9700933,
            15.2693983
          ],
          [
            73.970035,
            15.2693466
          ],
          [
            73.9701083,
            15.269295
          ],
          [
            73.970125,
            15.2691766
          ],
          [
            73.9700766,
            15.26926
          ],
          [
            73.970085,
            15.2693316
          ],
          [
            73.969995,
            15.2692833
          ],
          [
            73.9704583,
            15.2696283
          ],
          [
            73.9701166,
            15.2694216
          ],
          [
            73.97015,
            15.2696616
          ],
          [
            73.9701166,
            15.26954
          ],
          [
            73.9701166,
            15.2694516
          ],
          [
            73.9701166,
            15.2694616
          ],
          [
            73.97015,
            15.2694816
          ],
          [
            73.970215,
            15.2693666
          ],
          [
            73.9701583,
            15.2694633
          ],
          [
            73.9701166,
            15.2694566
          ],
          [
            73.970125,
            15.2694483
          ],
          [
            73.9702066,
            15.2694166
          ],
          [
            73.9700683,
            15.2694683
          ],
          [
            73.969955,
            15.2695666
          ],
          [
            73.97006,
            15.2694683
          ],
          [
            73.9700766,
            15.2695083
          ],
          [
            73.9701333,
            15.2694383
          ],
          [
            73.97006,
            15.26949
          ],
          [
            73.9702466,
            15.269175
          ],
          [
            73.97006,
            15.2694483
          ],
          [
            73.970035,
            15.2695116
          ],
          [
            73.9700683,
            15.2694683
          ],
          [
            73.9700933,
            15.2694199
          ],
          [
            73.97006,
            15.2690016
          ],
          [
            73.9701583,
            15.2693933
          ],
          [
            73.9701666,
            15.2694166
          ],
          [
            73.9701416,
            15.2695083
          ],
          [
            73.970085,
            15.2695249
          ],
          [
            73.9700766,
            15.2695416
          ],
          [
            73.96993,
            15.2693833
          ],
          [
            73.9700433,
            15.2693383
          ],
          [
            73.9700283,
            15.2694633
          ],
          [
            73.9700033,
            15.2694666
          ],
          [
            73.970085,
            15.2694783
          ],
          [
            73.9701983,
            15.2695033
          ],
          [
            73.9702233,
            15.2690966
          ],
          [
            73.9701083,
            15.26935
          ],
          [
            73.9702633,
            15.2693316
          ],
          [
            73.97024,
            15.26946
          ],
          [
            73.9700766,
            15.2695916
          ],
          [
            73.9701733,
            15.2695249
          ],
          [
            73.9702633,
            15.2694316
          ],
          [
            73.9702316,
            15.2695249
          ],
          [
            73.970255,
            15.2696233
          ],
          [
            73.97028,
            15.26946
          ],
          [
            73.9701333,
            15.2695616
          ],
          [
            73.9702716,
            15.26922
          ],
          [
            73.970255,
            15.2695783
          ],
          [
            73.9703616,
            15.2696616
          ],
          [
            73.970305,
            15.2696133
          ],
          [
            73.9702066,
            15.2695633
          ],
          [
            73.9700433,
            15.2695616
          ],
          [
            73.9702466,
            15.2694216
          ],
          [
            73.9702233,
            15.2694416
          ],
          [
            73.9701816,
            15.2694483
          ],
          [
            73.970085,
            15.2694333
          ],
          [
            73.9702316,
            15.26932
          ],
          [
            73.970255,
            15.2693033
          ],
          [
            73.9701983,
            15.2693983
          ],
          [
            73.9701816,
            15.2694616
          ],
          [
            73.9702066,
            15.26953
          ],
          [
            73.97019,
            15.2694866
          ],
          [
            73.9701583,
            15.2697
          ],
          [
            73.9702633,
            15.2693183
          ],
          [
            73.9702966,
            15.2692016
          ],
          [
            73.970215,
            15.26936
          ],
          [
            73.97015,
            15.2694633
          ],
          [
            73.9702233,
            15.2693783
          ],
          [
            73.9701083,
            15.2694666
          ],
          [
            73.9700766,
            15.2693983
          ],
          [
            73.9700683,
            15.2693416
          ],
          [
            73.97019,
            15.2693916
          ],
          [
            73.9701333,
            15.2693733
          ],
          [
            73.9701016,
            15.26946
          ],
          [
            73.970085,
            15.2694383
          ],
          [
            73.97019,
            15.269385
          ],
          [
            73.9701816,
            15.2693966
          ],
          [
            73.9702716,
            15.2692833
          ],
          [
            73.9702633,
            15.2688016
          ],
          [
            73.97024,
            15.2691933
          ],
          [
            73.9700766,
            15.2692466
          ],
          [
            73.97002,
            15.2693433
          ],
          [
            73.9700283,
            15.2693883
          ],
          [
            73.9701666,
            15.2692999
          ],
          [
            73.9701416,
            15.2692733
          ],
          [
            73.9700933,
            15.2692566
          ],
          [
            73.9699866,
            15.2695633
          ],
          [
            73.9700433,
            15.26949
          ],
          [
            73.96989,
            15.2691383
          ],
          [
            73.9699633,
            15.2692549
          ],
          [
            73.9701416,
            15.2693333
          ],
          [
            73.970215,
            15.2692366
          ],
          [
            73.969865,
            15.26938
          ],
          [
            73.9698966,
            15.2694199
          ],
          [
            73.9700433,
            15.2693016
          ],
          [
            73.9700283,
            15.269365
          ],
          [
            73.969905,
            15.2693483
          ],
          [
            73.9700766,
            15.2692383
          ],
          [
            73.970125,
            15.2692966
          ],
          [
            73.9701983,
            15.2694616
          ],
          [
            73.9701733,
            15.26932
          ],
          [
            73.970085,
            15.2691666
          ],
          [
            73.9700433,
            15.2693366
          ],
          [
            73.9701983,
            15.26931
          ],
          [
            73.9701733,
            15.26935
          ],
          [
            73.97006,
            15.2692833
          ],
          [
            73.9701166,
            15.2694316
          ],
          [
            73.969865,
            15.2693866
          ],
          [
            73.9699783,
            15.26914
          ],
          [
            73.97006,
            15.2693233
          ],
          [
            73.9701983,
            15.2693416
          ],
          [
            73.9700116,
            15.2692866
          ],
          [
            73.9700933,
            15.26938
          ],
          [
            73.9699466,
            15.2695066
          ],
          [
            73.9698566,
            15.26937
          ],
          [
            73.97024,
            15.2694266
          ],
          [
            73.9698816,
            15.2692883
          ],
          [
            73.9700766,
            15.2693583
          ],
          [
            73.969825,
            15.269325
          ],
          [
            73.96984,
            15.2692999
          ],
          [
            73.9698316,
            15.2692733
          ],
          [
            73.9701416,
            15.2694533
          ],
          [
            73.9700033,
            15.2693516
          ],
          [
            73.97019,
            15.2693583
          ],
          [
            73.9701983,
            15.2693383
          ],
          [
            73.9701816,
            15.2693966
          ],
          [
            73.9702716,
            15.2695233
          ],
          [
            73.9701416,
            15.2693733
          ],
          [
            73.9700933,
            15.2694333
          ],
          [
            73.970345,
            15.2694666
          ],
          [
            73.9699866,
            15.2693833
          ],
          [
            73.9703283,
            15.269555
          ],
          [
            73.9703283,
            15.2695433
          ],
          [
            73.96997,
            15.2693233
          ],
          [
            73.9701583,
            15.2693666
          ],
          [
            73.97024,
            15.2694566
          ],
          [
            73.9701983,
            15.2694033
          ],
          [
            73.9701983,
            15.2693583
          ],
          [
            73.9701816,
            15.2692849
          ],
          [
            73.96997,
            15.2693933
          ],
          [
            73.97015,
            15.2693833
          ],
          [
            73.9701166,
            15.2693749
          ],
          [
            73.9698733,
            15.2693766
          ],
          [
            73.970385,
            15.2692866
          ],
          [
            73.970215,
            15.26938
          ],
          [
            73.9701733,
            15.2693433
          ],
          [
            73.9701166,
            15.2694616
          ],
          [
            73.9701166,
            15.26937
          ],
          [
            73.96993,
            15.269355
          ],
          [
            73.9699866,
            15.2694933
          ],
          [
            73.969825,
            15.2694233
          ],
          [
            73.97002,
            15.26941
          ],
          [
            73.969735,
            15.26944
          ],
          [
            73.9700683,
            15.2695066
          ],
          [
            73.970035,
            15.2693766
          ],
          [
            73.9701166,
            15.2695366
          ],
          [
            73.9701583,
            15.2696783
          ],
          [
            73.970085,
            15.26946
          ],
          [
            73.9701583,
            15.2693216
          ],
          [
            73.9701016,
            15.2693749
          ],
          [
            73.9701083,
            15.26949
          ],
          [
            73.9701583,
            15.2694683
          ],
          [
            73.9702966,
            15.2696333
          ],
          [
            73.9702066,
            15.2694416
          ],
          [
            73.970085,
            15.269555
          ],
          [
            73.9701166,
            15.269515
          ],
          [
            73.9701416,
            15.2693566
          ],
          [
            73.9701666,
            15.2694033
          ],
          [
            73.9701016,
            15.2692733
          ],
          [
            73.9700766,
            15.2692
          ],
          [
            73.9700116,
            15.26968
          ],
          [
            73.9701016,
            15.2695249
          ],
          [
            73.9701083,
            15.2693333
          ],
          [
            73.9701666,
            15.2692583
          ],
          [
            73.9702316,
            15.2693216
          ],
          [
            73.9701583,
            15.2693183
          ],
          [
            73.97028,
            15.2694416
          ],
          [
            73.9701166,
            15.2694116
          ],
          [
            73.96993,
            15.2696083
          ],
          [
            73.9701333,
            15.2694983
          ],
          [
            73.9701016,
            15.2692633
          ],
          [
            73.970125,
            15.2694133
          ],
          [
            73.9701083,
            15.2693483
          ],
          [
            73.9703366,
            15.2692583
          ],
          [
            73.9703783,
            15.2693766
          ],
          [
            73.9701983,
            15.269365
          ],
          [
            73.9701583,
            15.269485
          ],
          [
            73.9701816,
            15.2694866
          ],
          [
            73.9701583,
            15.2692566
          ],
          [
            73.9701016,
            15.2693416
          ],
          [
            73.970085,
            15.26934
          ],
          [
            73.9700033,
            15.269365
          ],
          [
            73.970035,
            15.26934
          ],
          [
            73.9701016,
            15.269295
          ],
          [
            73.9702316,
            15.26941
          ],
          [
            73.9701733,
            15.2693616
          ],
          [
            73.9701333,
            15.2693033
          ],
          [
            73.9701166,
            15.2692483
          ],
          [
            73.9702633,
            15.2693916
          ],
          [
            73.9700283,
            15.269315
          ],
          [
            73.970085,
            15.2694116
          ],
          [
            73.970035,
            15.2693516
          ],
          [
            73.9700516,
            15.2693116
          ],
          [
            73.9700033,
            15.26926
          ],
          [
            73.9701333,
            15.2693299
          ],
          [
            73.9701983,
            15.269205
          ],
          [
            73.97019,
            15.269265
          ],
          [
            73.9701983,
            15.2695433
          ],
          [
            73.970215,
            15.2695233
          ],
          [
            73.9701083,
            15.2693883
          ],
          [
            73.9701583,
            15.2694133
          ],
          [
            73.969995,
            15.2692483
          ],
          [
            73.970125,
            15.2692849
          ],
          [
            73.9701733,
            15.26923
          ],
          [
            73.970385,
            15.2691633
          ],
          [
            73.9703199,
            15.2692266
          ],
          [
            73.9700933,
            15.269355
          ],
          [
            73.97015,
            15.2692866
          ],
          [
            73.97019,
            15.26931
          ],
          [
            73.9703199,
            15.26935
          ],
          [
            73.9701333,
            15.2693666
          ],
          [
            73.9702966,
            15.2693466
          ],
          [
            73.970255,
            15.2693366
          ],
          [
            73.9701733,
            15.26934
          ],
          [
            73.9701983,
            15.2692733
          ],
          [
            73.9700683,
            15.2693483
          ],
          [
            73.9701666,
            15.2692033
          ],
          [
            73.9701583,
            15.2692566
          ],
          [
            73.97015,
            15.2692866
          ],
          [
            73.9701733,
            15.2692783
          ],
          [
            73.970385,
            15.2693466
          ],
          [
            73.9700766,
            15.2693283
          ],
          [
            73.9703133,
            15.26934
          ],
          [
            73.970255,
            15.2693133
          ],
          [
            73.9701083,
            15.2692633
          ],
          [
            73.9700033,
            15.2693683
          ],
          [
            73.9699783,
            15.26946
          ],
          [
            73.9701733,
            15.2694816
          ],
          [
            73.97015,
            15.269425
          ],
          [
            73.9700516,
            15.2693966
          ],
          [
            73.970215,
            15.2694966
          ],
          [
            73.9700033,
            15.2693583
          ],
          [
            73.9700933,
            15.2693749
          ],
          [
            73.9700516,
            15.2693566
          ],
          [
            73.97006,
            15.26937
          ],
          [
            73.96997,
            15.2693683
          ],
          [
            73.96997,
            15.26937
          ],
          [
            73.9698316,
            15.2693333
          ],
          [
            73.9701733,
            15.26935
          ],
          [
            73.9700933,
            15.26936
          ],
          [
            73.9701666,
            15.2693883
          ],
          [
            73.9701166,
            15.2693883
          ],
          [
            73.9700283,
            15.2694349
          ],
          [
            73.9699783,
            15.2694333
          ],
          [
            73.9698816,
            15.26944
          ],
          [
            73.97019,
            15.2692466
          ],
          [
            73.96984,
            15.2694583
          ],
          [
            73.96993,
            15.2694349
          ],
          [
            73.9701016,
            15.2693733
          ],
          [
            73.9699466,
            15.2694349
          ],
          [
            73.9701816,
            15.2693683
          ],
          [
            73.9702466,
            15.2693916
          ],
          [
            73.9701983,
            15.2693916
          ],
          [
            73.970085,
            15.2694166
          ],
          [
            73.9701083,
            15.2694566
          ]
        ]
      },
      "properties": {
        "Vehicle_No": "GA 07 G 2317-MRG(EMERGENCY RESCUE TENDER)",
        "Vehicle_Name": "5035",
        "Branch": "Fire Station Margao",
        "created": "27-12-2025 05:30:07+05:30",
        "lastUpdated": "27-12-2025 23:15:04+05:30"
      }
    },
    {
      "type": "Feature",
      "geometry": {
        "type": "LineString",
        "coordinates": [
          [
            73.8513266,
            15.3887883
          ],
          [
            73.85127,
            15.3887433
          ],
          [
            73.8513433,
            15.3887816
          ],
          [
            73.851335,
            15.3888066
          ]
        ]
      },
      "properties": {
        "Vehicle_No": "GA 07 G 1570-VAS(QUICK RESPONSE FIRE TENDER)",
        "Vehicle_Name": "5035",
        "Branch": "Fire Station Vasco",
        "created": "27-12-2025 05:30:15+05:30",
        "lastUpdated": "27-12-2025 09:38:57+05:30"
      }
    },
    {
      "type": "Feature",
      "geometry": {
        "type": "LineString",
        "coordinates": [
          [
            73.851245,
            15.3888566
          ]
        ]
      },
      "properties": {
        "Vehicle_No": "GA 07 G 4101-VAS(MS WATER TENDER)",
        "Vehicle_Name": "5035",
        "Branch": "Fire Station Vasco",
        "created": "27-12-2025 05:28:56+05:30",
        "lastUpdated": "27-12-2025 05:28:56+05:30"
      }
    },
    {
      "type": "Feature",
      "geometry": {
        "type": "LineString",
        "coordinates": [
          [
            73.8513183,
            15.3889317
          ],
          [
            73.8512783,
            15.3888083
          ],
          [
            73.8512783,
            15.3887983
          ],
          [
            73.851205,
            15.3888117
          ],
          [
            73.8511633,
            15.3887617
          ],
          [
            73.8512533,
            15.388775
          ],
          [
            73.8512617,
            15.3888067
          ],
          [
            73.8511717,
            15.38871
          ],
          [
            73.8512283,
            15.3888033
          ],
          [
            73.8513917,
            15.3888667
          ],
          [
            73.85105,
            15.3890567
          ],
          [
            73.85105,
            15.3891033
          ],
          [
            73.8510983,
            15.389095
          ],
          [
            73.8511633,
            15.3891067
          ],
          [
            73.8511233,
            15.3890783
          ],
          [
            73.8510017,
            15.3890783
          ],
          [
            73.8511233,
            15.3890333
          ],
          [
            73.8510167,
            15.3890117
          ],
          [
            73.8520917,
            15.38989
          ],
          [
            73.851465,
            15.39073
          ],
          [
            73.8493333,
            15.3907833
          ],
          [
            73.8475917,
            15.3883183
          ],
          [
            73.8474033,
            15.38811
          ],
          [
            73.8447583,
            15.3863633
          ],
          [
            73.8419767,
            15.3856567
          ],
          [
            73.8426917,
            15.3854467
          ],
          [
            73.8480217,
            15.3863467
          ],
          [
            73.84961,
            15.3819333
          ],
          [
            73.8429033,
            15.3813767
          ],
          [
            73.8382983,
            15.378585
          ],
          [
            73.837125,
            15.3793617
          ],
          [
            73.8372567,
            15.3794317
          ],
          [
            73.8372967,
            15.3793867
          ],
          [
            73.8372883,
            15.379415
          ],
          [
            73.8372633,
            15.3793417
          ],
          [
            73.8372233,
            15.379425
          ],
          [
            73.837215,
            15.3794
          ],
          [
            73.8372233,
            15.3794217
          ],
          [
            73.8372967,
            15.3793817
          ],
          [
            73.8373283,
            15.3793783
          ],
          [
            73.83724,
            15.379405
          ],
          [
            73.8437667,
            15.3814167
          ],
          [
            73.8494633,
            15.38185
          ],
          [
            73.84821,
            15.3861433
          ],
          [
            73.8421217,
            15.3850367
          ],
          [
            73.8419683,
            15.385885
          ],
          [
            73.8438317,
            15.3863083
          ],
          [
            73.84449,
            15.3864117
          ],
          [
            73.844775,
            15.3864367
          ],
          [
            73.8448817,
            15.38646
          ],
          [
            73.8451983,
            15.3865567
          ],
          [
            73.8454917,
            15.386655
          ],
          [
            73.8457283,
            15.3868083
          ],
          [
            73.8461183,
            15.387085
          ],
          [
            73.8466383,
            15.3875567
          ],
          [
            73.8468183,
            15.387825
          ],
          [
            73.84703,
            15.3879717
          ],
          [
            73.8471433,
            15.3881817
          ],
          [
            73.84716,
            15.38819
          ],
          [
            73.8471683,
            15.3881767
          ],
          [
            73.847185,
            15.3882433
          ],
          [
            73.847225,
            15.3882917
          ],
          [
            73.84738,
            15.3884683
          ],
          [
            73.8473967,
            15.38852
          ],
          [
            73.8474617,
            15.3886217
          ],
          [
            73.8474933,
            15.3886733
          ],
          [
            73.84799,
            15.3894017
          ],
          [
            73.848275,
            15.3897767
          ],
          [
            73.8483067,
            15.3898167
          ],
          [
            73.8485183,
            15.39009
          ],
          [
            73.848625,
            15.390265
          ],
          [
            73.848755,
            15.390425
          ],
          [
            73.8490067,
            15.3907917
          ],
          [
            73.849455,
            15.391095
          ],
          [
            73.8495933,
            15.3911417
          ],
          [
            73.8496667,
            15.3911467
          ],
          [
            73.8510983,
            15.39101
          ],
          [
            73.8521967,
            15.390255
          ],
          [
            73.851465,
            15.38889
          ],
          [
            73.85131,
            15.3888367
          ]
        ]
      },
      "properties": {
        "Vehicle_No": "GA 07 G 0819-VAS(WATER/FOAM TENDER)",
        "Vehicle_Name": "4G",
        "Branch": "Fire Station Vasco",
        "created": "27-12-2025 05:30:13+05:30",
        "lastUpdated": "27-12-2025 20:07:07+05:30"
      }
    },
    {
      "type": "Feature",
      "geometry": {
        "type": "LineString",
        "coordinates": [
          [
            73.969865,
            15.269645
          ],
          [
            73.97006,
            15.2696833
          ],
          [
            73.9702716,
            15.2715083
          ],
          [
            73.9742916,
            15.2723416
          ],
          [
            73.97784,
            15.2727866
          ],
          [
            73.9799233,
            15.27427
          ],
          [
            73.9807699,
            15.2789066
          ],
          [
            73.9800049,
            15.282745
          ],
          [
            73.9777833,
            15.2876966
          ],
          [
            73.9757983,
            15.291845
          ],
          [
            73.9723966,
            15.297425
          ],
          [
            73.969865,
            15.3012083
          ],
          [
            73.9629883,
            15.30412
          ],
          [
            73.9539466,
            15.3029983
          ],
          [
            73.94812,
            15.3052516
          ],
          [
            73.9471516,
            15.3077733
          ],
          [
            73.9471683,
            15.3078083
          ],
          [
            73.9472166,
            15.3078133
          ],
          [
            73.9501466,
            15.30669
          ],
          [
            73.9539383,
            15.3075466
          ],
          [
            73.9540116,
            15.307735
          ],
          [
            73.9561033,
            15.310515
          ],
          [
            73.9565266,
            15.3104083
          ],
          [
            73.9572583,
            15.3098383
          ],
          [
            73.9572016,
            15.30964
          ],
          [
            73.9571616,
            15.3096266
          ],
          [
            73.957145,
            15.309595
          ],
          [
            73.9571616,
            15.309585
          ],
          [
            73.9571366,
            15.309565
          ],
          [
            73.95712,
            15.3095833
          ],
          [
            73.9571616,
            15.3095583
          ],
          [
            73.9567783,
            15.3082566
          ],
          [
            73.9568116,
            15.308065
          ],
          [
            73.9567866,
            15.3080349
          ],
          [
            73.9567783,
            15.3080466
          ],
          [
            73.9567783,
            15.30803
          ],
          [
            73.9568116,
            15.3080133
          ],
          [
            73.9569166,
            15.3079899
          ],
          [
            73.959025,
            15.307865
          ],
          [
            73.963835,
            15.307795
          ],
          [
            73.9662266,
            15.3077883
          ],
          [
            73.9694333,
            15.307365
          ],
          [
            73.9762133,
            15.3079449
          ],
          [
            73.9773683,
            15.3076983
          ],
          [
            73.97426,
            15.3015183
          ],
          [
            73.9727533,
            15.29708
          ],
          [
            73.975675,
            15.29224
          ],
          [
            73.978125,
            15.2871566
          ],
          [
            73.9798583,
            15.2837366
          ],
          [
            73.9806633,
            15.280645
          ],
          [
            73.98073,
            15.2769116
          ],
          [
            73.97893,
            15.2721216
          ],
          [
            73.9777666,
            15.2700933
          ],
          [
            73.9726316,
            15.26816
          ],
          [
            73.97024,
            15.26936
          ],
          [
            73.9702466,
            15.2693616
          ],
          [
            73.9702966,
            15.2693483
          ],
          [
            73.9702466,
            15.2693366
          ],
          [
            73.97019,
            15.2693516
          ],
          [
            73.9702316,
            15.2694316
          ]
        ]
      },
      "properties": {
        "Vehicle_No": "GA 07 G 7100-MRG(WATER BOUSER)",
        "Vehicle_Name": "5035",
        "Branch": "Fire Station Margao",
        "created": "27-12-2025 05:29:28+05:30",
        "lastUpdated": "27-12-2025 22:33:47+05:30"
      }
    },
    {
      "type": "Feature",
      "geometry": {
        "type": "LineString",
        "coordinates": [
          [
            73.9704266,
            15.2693966
          ]
        ]
      },
      "properties": {
        "Vehicle_No": "GA 07 G 1568-MRG(QUICK RESPONSE )",
        "Vehicle_Name": "5035",
        "Branch": "Fire Station Margao",
        "created": "27-12-2025 05:29:20+05:30",
        "lastUpdated": "27-12-2025 05:29:20+05:30"
      }
    },
    {
      "type": "Feature",
      "geometry": {
        "type": "LineString",
        "coordinates": [
          [
            73.9698966,
            15.2693833
          ],
          [
            73.97019,
            15.2695266
          ],
          [
            73.9701983,
            15.269475
          ],
          [
            73.9700766,
            15.2695216
          ],
          [
            73.970085,
            15.26955
          ],
          [
            73.9703199,
            15.27197
          ],
          [
            73.96753,
            15.271475
          ],
          [
            73.9636466,
            15.2717066
          ],
          [
            73.963355,
            15.2733483
          ],
          [
            73.9627116,
            15.27676
          ],
          [
            73.96001,
            15.2793233
          ],
          [
            73.9590416,
            15.2779316
          ],
          [
            73.9589433,
            15.2778766
          ],
          [
            73.9589033,
            15.2778516
          ],
          [
            73.958895,
            15.27784
          ],
          [
            73.958895,
            15.27787
          ],
          [
            73.9589033,
            15.2778766
          ],
          [
            73.95892,
            15.2778733
          ],
          [
            73.9589266,
            15.277865
          ],
          [
            73.9589433,
            15.277865
          ],
          [
            73.9589266,
            15.2778733
          ],
          [
            73.95865,
            15.2772033
          ],
          [
            73.9581133,
            15.2740783
          ],
          [
            73.9590499,
            15.2731816
          ],
          [
            73.9599116,
            15.2730166
          ],
          [
            73.9608316,
            15.2726916
          ],
          [
            73.962435,
            15.2725966
          ],
          [
            73.9646733,
            15.2722083
          ],
          [
            73.9656816,
            15.2712033
          ],
          [
            73.9672283,
            15.2688133
          ],
          [
            73.97028,
            15.2694216
          ],
          [
            73.9702966,
            15.2694266
          ],
          [
            73.9702633,
            15.26946
          ],
          [
            73.970215,
            15.269495
          ],
          [
            73.9712649,
            15.2724133
          ],
          [
            73.9736816,
            15.2754783
          ],
          [
            73.9777583,
            15.28058
          ],
          [
            73.9784749,
            15.2825233
          ],
          [
            73.9750983,
            15.2920166
          ],
          [
            73.9739183,
            15.29562
          ],
          [
            73.9728183,
            15.299515
          ],
          [
            73.97579,
            15.3048016
          ],
          [
            73.977515,
            15.3081283
          ],
          [
            73.9704833,
            15.3072
          ],
          [
            73.9651116,
            15.3077816
          ],
          [
            73.9597333,
            15.3079266
          ],
          [
            73.9591966,
            15.3118166
          ],
          [
            73.9595133,
            15.3139266
          ],
          [
            73.9597333,
            15.314555
          ],
          [
            73.9600833,
            15.3158666
          ],
          [
            73.9600916,
            15.3158716
          ],
          [
            73.960115,
            15.3158633
          ],
          [
            73.9601066,
            15.315855
          ],
          [
            73.960115,
            15.3158533
          ],
          [
            73.960115,
            15.3158383
          ],
          [
            73.9601233,
            15.31583
          ],
          [
            73.960115,
            15.3158266
          ],
          [
            73.960115,
            15.31583
          ],
          [
            73.9601066,
            15.31584
          ],
          [
            73.9601066,
            15.315835
          ],
          [
            73.9601,
            15.315835
          ],
          [
            73.9601,
            15.3158283
          ],
          [
            73.9601,
            15.3158216
          ],
          [
            73.9601,
            15.31582
          ],
          [
            73.9601,
            15.3158166
          ],
          [
            73.9601,
            15.315815
          ],
          [
            73.9601,
            15.3158166
          ],
          [
            73.9601,
            15.31582
          ],
          [
            73.9601,
            15.315835
          ],
          [
            73.9600916,
            15.31585
          ],
          [
            73.9600916,
            15.3158466
          ],
          [
            73.9601066,
            15.315855
          ],
          [
            73.9601,
            15.31585
          ],
          [
            73.9600916,
            15.3158466
          ],
          [
            73.9600916,
            15.3158366
          ],
          [
            73.9600833,
            15.3158333
          ],
          [
            73.9600916,
            15.3158266
          ],
          [
            73.9600833,
            15.3158366
          ],
          [
            73.960075,
            15.3158266
          ],
          [
            73.960075,
            15.31583
          ],
          [
            73.960075,
            15.3158383
          ],
          [
            73.960075,
            15.31584
          ],
          [
            73.9600833,
            15.31584
          ],
          [
            73.9600833,
            15.3158366
          ],
          [
            73.9601,
            15.31582
          ],
          [
            73.960115,
            15.3158383
          ],
          [
            73.9601233,
            15.3158433
          ],
          [
            73.9601,
            15.3158433
          ],
          [
            73.9601066,
            15.3158483
          ],
          [
            73.9601,
            15.315845
          ],
          [
            73.9600833,
            15.3158716
          ],
          [
            73.9601233,
            15.3157783
          ],
          [
            73.960075,
            15.3157833
          ],
          [
            73.959505,
            15.31407
          ],
          [
            73.9593666,
            15.31105
          ],
          [
            73.9596116,
            15.307915
          ],
          [
            73.9661783,
            15.3077733
          ],
          [
            73.9701583,
            15.3072616
          ],
          [
            73.9774983,
            15.3081283
          ],
          [
            73.9760016,
            15.30517
          ],
          [
            73.9725916,
            15.29918
          ],
          [
            73.9745766,
            15.2945416
          ],
          [
            73.9765866,
            15.2902716
          ],
          [
            73.9789383,
            15.2856066
          ],
          [
            73.9800616,
            15.28245
          ],
          [
            73.9800533,
            15.282455
          ],
          [
            73.9808516,
            15.2782416
          ],
          [
            73.9794433,
            15.2732283
          ],
          [
            73.97784,
            15.27056
          ],
          [
            73.9755366,
            15.2680483
          ],
          [
            73.9702233,
            15.2692483
          ],
          [
            73.9702233,
            15.2693933
          ],
          [
            73.970215,
            15.2694133
          ],
          [
            73.970215,
            15.2693683
          ],
          [
            73.9697916,
            15.2694116
          ]
        ]
      },
      "properties": {
        "Vehicle_No": "GA 07 G 6101-MRG(WATER TENDER)",
        "Vehicle_Name": "5035",
        "Branch": "Fire Station Margao",
        "created": "27-12-2025 05:29:32+05:30",
        "lastUpdated": "27-12-2025 20:27:23+05:30"
      }
    },
    {
      "type": "Feature",
      "geometry": {
        "type": "LineString",
        "coordinates": [
          [
            73.969905,
            15.2690983
          ],
          [
            73.9710849,
            15.2692999
          ],
          [
            73.9699133,
            15.2695033
          ],
          [
            73.9704266,
            15.2692883
          ],
          [
            73.9699133,
            15.2693783
          ]
        ]
      },
      "properties": {
        "Vehicle_No": "GA 07 G 1001-MRG(AERIAL LADDER PLATFORM)",
        "Vehicle_Name": "5035",
        "Branch": "Fire Station Margao",
        "created": "27-12-2025 05:29:55+05:30",
        "lastUpdated": "27-12-2025 21:58:07+05:30"
      }
    },
    {
      "type": "Feature",
      "geometry": {
        "type": "LineString",
        "coordinates": [
          [
            74.0027739,
            15.4028867
          ],
          [
            74.0028972,
            15.4026439
          ],
          [
            74.0028511,
            15.4027383
          ],
          [
            74.0028728,
            15.4026733
          ],
          [
            74.0028194,
            15.4027722
          ],
          [
            74.0027956,
            15.4027433
          ],
          [
            74.0031117,
            15.40278
          ],
          [
            74.0026967,
            15.4031378
          ],
          [
            74.00271,
            15.4031211
          ],
          [
            74.0025178,
            15.4033439
          ],
          [
            74.0026311,
            15.4028967
          ],
          [
            74.0026333,
            15.4029167
          ],
          [
            74.0026994,
            15.402835
          ],
          [
            74.0027828,
            15.4027978
          ]
        ]
      },
      "properties": {
        "Vehicle_No": "GA 07 G 0820-BIC(WATER TEDNER)",
        "Vehicle_Name": "5026",
        "Branch": "Fire Station Bicholim",
        "created": "27-12-2025 05:30:13+05:30",
        "lastUpdated": "27-12-2025 17:12:32+05:30"
      }
    },
    {
      "type": "Feature",
      "geometry": {
        "type": "LineString",
        "coordinates": [
          [
            73.9139966,
            15.500295
          ],
          [
            73.9146816,
            15.5011116
          ],
          [
            73.9137783,
            15.5017066
          ],
          [
            73.9159266,
            15.50429
          ],
          [
            73.9201333,
            15.5076216
          ],
          [
            73.9236983,
            15.509635
          ],
          [
            73.927685,
            15.5102883
          ],
          [
            73.9277099,
            15.5102966
          ],
          [
            73.9277016,
            15.5102933
          ],
          [
            73.9277016,
            15.5102883
          ],
          [
            73.9277016,
            15.510285
          ],
          [
            73.9277016,
            15.5102816
          ],
          [
            73.9277016,
            15.5102766
          ],
          [
            73.9276933,
            15.51028
          ],
          [
            73.9277016,
            15.51029
          ],
          [
            73.9276933,
            15.51028
          ],
          [
            73.9277016,
            15.5102933
          ],
          [
            73.9277016,
            15.5102883
          ],
          [
            73.9277099,
            15.510285
          ],
          [
            73.9277016,
            15.5103
          ],
          [
            73.9277099,
            15.5103183
          ],
          [
            73.9277099,
            15.510305
          ],
          [
            73.9277266,
            15.510295
          ],
          [
            73.9277099,
            15.5103
          ],
          [
            73.9277183,
            15.510305
          ],
          [
            73.9277099,
            15.5103133
          ],
          [
            73.9277266,
            15.5103216
          ],
          [
            73.9277183,
            15.5103316
          ],
          [
            73.9277099,
            15.510335
          ],
          [
            73.9277016,
            15.5103233
          ],
          [
            73.9276766,
            15.5103116
          ],
          [
            73.927685,
            15.5103083
          ],
          [
            73.91901,
            15.5071433
          ],
          [
            73.91534,
            15.5032233
          ],
          [
            73.91377,
            15.5012333
          ],
          [
            73.9141516,
            15.5002366
          ],
          [
            73.9141516,
            15.5002383
          ],
          [
            73.9141433,
            15.5002333
          ],
          [
            73.91407,
            15.50025
          ],
          [
            73.91399,
            15.5003216
          ]
        ]
      },
      "properties": {
        "Vehicle_No": "GA 07 G 5101-OLG(MS WATER TENDER)",
        "Vehicle_Name": "5035",
        "Branch": "Fire Station Old Goa",
        "created": "27-12-2025 05:28:58+05:30",
        "lastUpdated": "27-12-2025 12:12:52+05:30"
      }
    },
    {
      "type": "Feature",
      "geometry": {
        "type": "LineString",
        "coordinates": [
          [
            73.9460699,
            15.5888199
          ],
          [
            73.9462316,
            15.5889683
          ],
          [
            73.9462,
            15.5888366
          ],
          [
            73.946265,
            15.5888033
          ],
          [
            73.9463783,
            15.5889233
          ],
          [
            73.94633,
            15.58892
          ],
          [
            73.9463699,
            15.5889833
          ],
          [
            73.9463216,
            15.5890016
          ],
          [
            73.9459316,
            15.5886533
          ],
          [
            73.9460116,
            15.5886583
          ],
          [
            73.946215,
            15.588875
          ],
          [
            73.9462816,
            15.58894
          ],
          [
            73.9462883,
            15.5889683
          ],
          [
            73.9463133,
            15.5890633
          ],
          [
            73.9463616,
            15.5891499
          ],
          [
            73.9465816,
            15.589115
          ],
          [
            73.94668,
            15.5894
          ],
          [
            73.9466549,
            15.58941
          ],
          [
            73.9465649,
            15.58928
          ],
          [
            73.9463866,
            15.5892016
          ],
          [
            73.9465416,
            15.5892233
          ],
          [
            73.9468583,
            15.5891433
          ],
          [
            73.9465816,
            15.58918
          ],
          [
            73.946435,
            15.5891333
          ],
          [
            73.9465649,
            15.5891066
          ],
          [
            73.94659,
            15.5890733
          ],
          [
            73.9465499,
            15.58926
          ],
          [
            73.9467616,
            15.5893983
          ],
          [
            73.9465416,
            15.5890149
          ],
          [
            73.9467933,
            15.5891216
          ],
          [
            73.9466383,
            15.58871
          ],
          [
            73.94624,
            15.5886466
          ],
          [
            73.9463466,
            15.588415
          ],
          [
            73.9461916,
            15.5887333
          ],
          [
            73.946485,
            15.58935
          ],
          [
            73.94624,
            15.5890366
          ],
          [
            73.9462883,
            15.589075
          ],
          [
            73.9462883,
            15.58923
          ],
          [
            73.9463533,
            15.58914
          ],
          [
            73.9463216,
            15.5895016
          ],
          [
            73.9465166,
            15.5894933
          ],
          [
            73.9465583,
            15.5893583
          ],
          [
            73.9465499,
            15.5893466
          ],
          [
            73.946615,
            15.5893933
          ],
          [
            73.9466383,
            15.5892783
          ],
          [
            73.9468416,
            15.5891616
          ],
          [
            73.9468833,
            15.5892516
          ],
          [
            73.94672,
            15.5893316
          ],
          [
            73.946785,
            15.5893716
          ],
          [
            73.9466466,
            15.5892816
          ],
          [
            73.9465649,
            15.5888199
          ],
          [
            73.946615,
            15.5888083
          ],
          [
            73.9468833,
            15.5890633
          ],
          [
            73.9471033,
            15.5891166
          ],
          [
            73.9469483,
            15.5893066
          ],
          [
            73.9467933,
            15.589375
          ],
          [
            73.9466966,
            15.5894233
          ],
          [
            73.9466883,
            15.5894549
          ],
          [
            73.9464033,
            15.5892483
          ],
          [
            73.9463133,
            15.58908
          ],
          [
            73.9465649,
            15.5892483
          ],
          [
            73.94659,
            15.5892183
          ],
          [
            73.9466383,
            15.5896
          ],
          [
            73.9466549,
            15.5891666
          ],
          [
            73.9465166,
            15.5891116
          ],
          [
            73.9465416,
            15.58931
          ],
          [
            73.9464683,
            15.58929
          ],
          [
            73.9464683,
            15.5893433
          ],
          [
            73.9464116,
            15.5893433
          ],
          [
            73.9465816,
            15.5894066
          ],
          [
            73.94668,
            15.5894416
          ],
          [
            73.9467449,
            15.58936
          ],
          [
            73.9465333,
            15.5892316
          ],
          [
            73.9461916,
            15.5890683
          ],
          [
            73.9460933,
            15.5890883
          ],
          [
            73.946045,
            15.5891933
          ],
          [
            73.94642,
            15.58935
          ],
          [
            73.9463866,
            15.5893616
          ],
          [
            73.9462233,
            15.5892066
          ],
          [
            73.9463866,
            15.5893283
          ],
          [
            73.9464033,
            15.5893333
          ],
          [
            73.946435,
            15.5894
          ],
          [
            73.9464033,
            15.58937
          ],
          [
            73.9465649,
            15.5894933
          ],
          [
            73.9465499,
            15.5893883
          ],
          [
            73.9465499,
            15.5893716
          ],
          [
            73.9464766,
            15.589225
          ],
          [
            73.9464933,
            15.589255
          ],
          [
            73.94642,
            15.5888166
          ],
          [
            73.946395,
            15.5887666
          ],
          [
            73.9464116,
            15.5886883
          ],
          [
            73.9466233,
            15.5891933
          ],
          [
            73.9460933,
            15.5893183
          ],
          [
            73.9464933,
            15.5896766
          ],
          [
            73.9466233,
            15.589655
          ],
          [
            73.946525,
            15.5891466
          ],
          [
            73.9468916,
            15.58955
          ],
          [
            73.9468349,
            15.5893316
          ],
          [
            73.9466633,
            15.5891616
          ],
          [
            73.9465083,
            15.5887333
          ],
          [
            73.9467616,
            15.5895566
          ],
          [
            73.9468183,
            15.5892983
          ],
          [
            73.9463133,
            15.5889866
          ],
          [
            73.9461183,
            15.58865
          ],
          [
            73.9474116,
            15.5904883
          ],
          [
            73.9466716,
            15.58947
          ],
          [
            73.9465499,
            15.5893883
          ],
          [
            73.9468666,
            15.5889133
          ],
          [
            73.946785,
            15.5889
          ],
          [
            73.9464766,
            15.5891833
          ],
          [
            73.9464433,
            15.58865
          ],
          [
            73.9460933,
            15.58837
          ],
          [
            73.9465333,
            15.5890516
          ],
          [
            73.9463616,
            15.5888583
          ],
          [
            73.946615,
            15.5891983
          ],
          [
            73.94668,
            15.5892366
          ],
          [
            73.9465733,
            15.58904
          ],
          [
            73.94642,
            15.5888666
          ],
          [
            73.9463133,
            15.5888816
          ],
          [
            73.9466883,
            15.5894366
          ],
          [
            73.9464116,
            15.5891933
          ],
          [
            73.9460616,
            15.5891499
          ],
          [
            73.9459066,
            15.588995
          ],
          [
            73.946615,
            15.5896633
          ],
          [
            73.9463216,
            15.5892616
          ],
          [
            73.9464766,
            15.5892483
          ],
          [
            73.9464266,
            15.5889383
          ],
          [
            73.9464116,
            15.5889099
          ],
          [
            73.946615,
            15.5894416
          ],
          [
            73.9466883,
            15.5893083
          ],
          [
            73.946615,
            15.5892716
          ],
          [
            73.9463616,
            15.5887416
          ],
          [
            73.9463133,
            15.589235
          ],
          [
            73.9466883,
            15.5892683
          ],
          [
            73.9464433,
            15.5887666
          ],
          [
            73.9463616,
            15.5888466
          ],
          [
            73.9463866,
            15.58926
          ],
          [
            73.9462483,
            15.5889533
          ],
          [
            73.9465583,
            15.588955
          ],
          [
            73.9465816,
            15.5890599
          ],
          [
            73.9464116,
            15.58917
          ],
          [
            73.9462966,
            15.5889733
          ],
          [
            73.9463866,
            15.589065
          ],
          [
            73.9464516,
            15.5887283
          ],
          [
            73.9462733,
            15.5886216
          ],
          [
            73.9463216,
            15.58843
          ],
          [
            73.946435,
            15.5885883
          ],
          [
            73.9467366,
            15.5889099
          ],
          [
            73.946785,
            15.5890316
          ],
          [
            73.9467283,
            15.589585
          ],
          [
            73.9465649,
            15.58961
          ],
          [
            73.9466633,
            15.5897549
          ],
          [
            73.9470866,
            15.5900983
          ],
          [
            73.9465166,
            15.5890683
          ],
          [
            73.94633,
            15.5885966
          ],
          [
            73.9463533,
            15.58859
          ],
          [
            73.9462816,
            15.58871
          ],
          [
            73.9459316,
            15.5878216
          ],
          [
            73.9460283,
            15.58939
          ],
          [
            73.9459966,
            15.589405
          ],
          [
            73.9459233,
            15.5892133
          ],
          [
            73.9461266,
            15.5892366
          ],
          [
            73.9461583,
            15.5892416
          ],
          [
            73.9466549,
            15.5890266
          ],
          [
            73.9467116,
            15.589125
          ],
          [
            73.9462733,
            15.58904
          ],
          [
            73.945915,
            15.5885316
          ],
          [
            73.9458733,
            15.5885033
          ],
          [
            73.946615,
            15.5893266
          ],
          [
            73.9465583,
            15.5893216
          ],
          [
            73.9464599,
            15.5893333
          ],
          [
            73.946435,
            15.589295
          ],
          [
            73.9463616,
            15.5892116
          ],
          [
            73.9464116,
            15.58923
          ],
          [
            73.9463783,
            15.589315
          ],
          [
            73.9462816,
            15.5893633
          ],
          [
            73.94624,
            15.58935
          ],
          [
            73.9461583,
            15.5894016
          ],
          [
            73.946615,
            15.5891866
          ],
          [
            73.94672,
            15.5892399
          ],
          [
            73.9465733,
            15.58903
          ],
          [
            73.9467616,
            15.5889316
          ],
          [
            73.9466716,
            15.5890216
          ],
          [
            73.946525,
            15.5889933
          ],
          [
            73.9465816,
            15.5890483
          ],
          [
            73.9464516,
            15.58893
          ],
          [
            73.9465083,
            15.58876
          ],
          [
            73.9465733,
            15.588825
          ],
          [
            73.9465816,
            15.5890283
          ],
          [
            73.9465816,
            15.5890183
          ],
          [
            73.9465983,
            15.588995
          ],
          [
            73.9466466,
            15.5889916
          ],
          [
            73.94633,
            15.5887233
          ],
          [
            73.9464766,
            15.588885
          ],
          [
            73.9465083,
            15.58893
          ],
          [
            73.9464766,
            15.58902
          ],
          [
            73.9462966,
            15.589075
          ],
          [
            73.9462883,
            15.58936
          ],
          [
            73.94642,
            15.5892916
          ],
          [
            73.9464033,
            15.58923
          ],
          [
            73.9463533,
            15.58895
          ],
          [
            73.9463533,
            15.58893
          ],
          [
            73.9464116,
            15.5886866
          ],
          [
            73.946485,
            15.588625
          ],
          [
            73.94642,
            15.5886066
          ],
          [
            73.9462483,
            15.5889366
          ],
          [
            73.9463866,
            15.589055
          ],
          [
            73.9463866,
            15.5888466
          ],
          [
            73.9463133,
            15.5886833
          ],
          [
            73.9462,
            15.5885316
          ],
          [
            73.9464033,
            15.5888016
          ],
          [
            73.946265,
            15.5888516
          ],
          [
            73.9463699,
            15.5890316
          ],
          [
            73.9459633,
            15.5891483
          ],
          [
            73.9461433,
            15.5888733
          ],
          [
            73.9470533,
            15.5893183
          ],
          [
            73.9466716,
            15.58928
          ],
          [
            73.9450933,
            15.58896
          ],
          [
            73.9427083,
            15.5863683
          ],
          [
            73.9397216,
            15.5831033
          ],
          [
            73.9336833,
            15.5824233
          ],
          [
            73.92885,
            15.581815
          ],
          [
            73.9272783,
            15.580395
          ],
          [
            73.92268,
            15.5802266
          ],
          [
            73.9196783,
            15.58033
          ],
          [
            73.9154616,
            15.58159
          ],
          [
            73.9128583,
            15.582885
          ],
          [
            73.9110766,
            15.5841916
          ],
          [
            73.8944983,
            15.6054016
          ],
          [
            73.8948733,
            15.6054399
          ],
          [
            73.894825,
            15.605275
          ],
          [
            73.8947666,
            15.6052733
          ],
          [
            73.894775,
            15.6052666
          ]
        ]
      },
      "properties": {
        "Vehicle_No": "GA 07 G 3101-BIC(MS WATER TENDER)",
        "Vehicle_Name": "5035",
        "Branch": "Fire Station Bicholim",
        "created": "27-12-2025 05:30:01+05:30",
        "lastUpdated": "27-12-2025 19:32:56+05:30"
      }
    },
    {
      "type": "Feature",
      "geometry": {
        "type": "LineString",
        "coordinates": [
          [
            73.9467033,
            15.5894549
          ],
          [
            73.9446933,
            15.593655
          ],
          [
            73.9418133,
            15.5972533
          ],
          [
            73.937045,
            15.60205
          ],
          [
            73.932015,
            15.6086983
          ],
          [
            73.9290366,
            15.6129816
          ],
          [
            73.9246183,
            15.6162066
          ],
          [
            73.9190516,
            15.6188516
          ],
          [
            73.9126866,
            15.61955
          ],
          [
            73.9072183,
            15.61946
          ],
          [
            73.9038166,
            15.6196083
          ],
          [
            73.9010416,
            15.6192483
          ],
          [
            73.9017016,
            15.6154416
          ],
          [
            73.9033033,
            15.611025
          ],
          [
            73.9021,
            15.6055933
          ],
          [
            73.9005533,
            15.6044533
          ],
          [
            73.8984216,
            15.6048683
          ],
          [
            73.89506,
            15.6060933
          ],
          [
            73.8944583,
            15.6053816
          ],
          [
            73.8944333,
            15.6053766
          ],
          [
            73.894475,
            15.6054116
          ],
          [
            73.89441,
            15.60539
          ],
          [
            73.8943766,
            15.6053916
          ],
          [
            73.8956949,
            15.6056016
          ],
          [
            73.898845,
            15.604785
          ],
          [
            73.9015216,
            15.6042616
          ],
          [
            73.9027266,
            15.6087583
          ],
          [
            73.9017816,
            15.6124833
          ],
          [
            73.9010416,
            15.6170816
          ],
          [
            73.9016766,
            15.6193466
          ],
          [
            73.9061766,
            15.6199949
          ],
          [
            73.91254,
            15.6195616
          ],
          [
            73.9185633,
            15.619155
          ],
          [
            73.92469,
            15.61625
          ],
          [
            73.9292399,
            15.6128016
          ],
          [
            73.933105,
            15.6069933
          ],
          [
            73.93667,
            15.6024916
          ],
          [
            73.9403566,
            15.598735
          ]
        ]
      },
      "properties": {
        "Vehicle_No": "GA 07 G 1941-BIC(QUICK RESPONSE)",
        "Vehicle_Name": "5035",
        "Branch": "Fire Station Bicholim",
        "created": "27-12-2025 05:29:33+05:30",
        "lastUpdated": "27-12-2025 23:16:10+05:30"
      }
    },
    {
      "type": "Feature",
      "geometry": {
        "type": "LineString",
        "coordinates": [
          [
            73.8513833,
            15.3888666
          ]
        ]
      },
      "properties": {
        "Vehicle_No": "GA 07 G 2319-VAS (EMERGENCY RESCUE TENDER)",
        "Vehicle_Name": "5035",
        "Branch": "Fire Station Vasco",
        "created": "27-12-2025 05:30:14+05:30",
        "lastUpdated": "27-12-2025 05:30:14+05:30"
      }
    },
    {
      "type": "Feature",
      "geometry": {
        "type": "LineString",
        "coordinates": [
          [
            74.13868,
            15.5309466
          ]
        ]
      },
      "properties": {
        "Vehicle_No": "GA 07 G 3737-VAP(WATER TENDER)",
        "Vehicle_Name": "5035",
        "Branch": "Fire Station Valpoi",
        "created": "27-12-2025 05:30:02+05:30",
        "lastUpdated": "27-12-2025 05:30:02+05:30"
      }
    },
    {
      "type": "Feature",
      "geometry": {
        "type": "LineString",
        "coordinates": [
          [
            74.00297,
            15.4026116
          ],
          [
            74.0027183,
            15.4030383
          ],
          [
            74.0027266,
            15.4030916
          ],
          [
            74.0028816,
            15.402865
          ],
          [
            74.0028816,
            15.4028483
          ],
          [
            74.0029133,
            15.4027583
          ],
          [
            74.0029466,
            15.4027283
          ],
          [
            74.002735,
            15.40286
          ],
          [
            74.0027833,
            15.4028416
          ],
          [
            74.0027833,
            15.4028383
          ],
          [
            74.0028316,
            15.40285
          ]
        ]
      },
      "properties": {
        "Vehicle_No": "GA 07 G 2318-PND(EMERGENCY RESCUE TENDER)",
        "Vehicle_Name": "5035",
        "Branch": "Fire Station Ponda",
        "created": "27-12-2025 05:30:03+05:30",
        "lastUpdated": "27-12-2025 12:02:35+05:30"
      }
    },
    {
      "type": "Feature",
      "geometry": {
        "type": "LineString",
        "coordinates": [
          [
            74.0027833,
            15.4026299
          ]
        ]
      },
      "properties": {
        "Vehicle_No": "GA 07 G 2004-PND(QUICK RESPONSE)",
        "Vehicle_Name": "5035",
        "Branch": "Fire Station Ponda",
        "created": "27-12-2025 05:29:21+05:30",
        "lastUpdated": "27-12-2025 05:29:21+05:30"
      }
    },
    {
      "type": "Feature",
      "geometry": {
        "type": "LineString",
        "coordinates": [
          [
            74.0029383,
            15.4025633
          ],
          [
            74.00376,
            15.40208
          ],
          [
            74.0038649,
            15.402085
          ],
          [
            74.0038416,
            15.40211
          ],
          [
            74.0037516,
            15.4020383
          ],
          [
            74.00402,
            15.4017483
          ],
          [
            74.0026283,
            15.4027366
          ],
          [
            74.0026033,
            15.4028033
          ],
          [
            74.0027433,
            15.4027566
          ],
          [
            74.0022133,
            15.40306
          ],
          [
            74.0022383,
            15.40302
          ],
          [
            74.0029533,
            15.4027849
          ],
          [
            74.002735,
            15.402805
          ],
          [
            74.00284,
            15.40271
          ],
          [
            74.0026616,
            15.4027866
          ],
          [
            74.0024816,
            15.40281
          ],
          [
            74.0025466,
            15.4027166
          ],
          [
            74.00284,
            15.4027316
          ],
          [
            74.0028083,
            15.4027483
          ],
          [
            74.0027433,
            15.4028016
          ],
          [
            74.0027099,
            15.40279
          ],
          [
            74.0027016,
            15.40286
          ],
          [
            74.0025966,
            15.4028449
          ],
          [
            74.0025383,
            15.4028666
          ],
          [
            74.002645,
            15.40284
          ],
          [
            74.00267,
            15.4028449
          ],
          [
            74.0025633,
            15.4028783
          ],
          [
            74.0025316,
            15.4028666
          ],
          [
            74.0027016,
            15.40284
          ],
          [
            74.0027099,
            15.4028266
          ],
          [
            74.002685,
            15.4028233
          ],
          [
            74.0028233,
            15.4027766
          ],
          [
            74.002815,
            15.4027533
          ],
          [
            74.0028816,
            15.40275
          ],
          [
            74.0029466,
            15.4027399
          ],
          [
            74.0029616,
            15.4027533
          ],
          [
            74.0033533,
            15.4047666
          ],
          [
            73.9980216,
            15.4056349
          ],
          [
            73.993945,
            15.4073566
          ],
          [
            73.9909416,
            15.4106633
          ],
          [
            73.9878333,
            15.4141983
          ],
          [
            73.9840733,
            15.41922
          ],
          [
            73.9814133,
            15.4216966
          ],
          [
            73.984285,
            15.4190633
          ],
          [
            73.9879716,
            15.4140033
          ],
          [
            73.9920566,
            15.4095433
          ],
          [
            73.9961016,
            15.405715
          ],
          [
            74.0030516,
            15.4053133
          ],
          [
            74.002685,
            15.4032049
          ],
          [
            74.002995,
            15.4027066
          ],
          [
            74.0030516,
            15.4027533
          ],
          [
            74.0028083,
            15.40264
          ],
          [
            74.00267,
            15.405135
          ],
          [
            74.0073566,
            15.40658
          ],
          [
            74.009,
            15.4087316
          ],
          [
            74.0086833,
            15.4106083
          ],
          [
            74.0101,
            15.413525
          ],
          [
            74.0080733,
            15.4148866
          ],
          [
            74.0065266,
            15.41594
          ],
          [
            74.0062666,
            15.4162166
          ],
          [
            74.00625,
            15.4163266
          ],
          [
            74.0081216,
            15.4150316
          ],
          [
            74.010165,
            15.4140833
          ],
          [
            74.0092616,
            15.4117816
          ],
          [
            74.008985,
            15.40933
          ],
          [
            74.0092449,
            15.4076583
          ],
          [
            74.006755,
            15.4059383
          ],
          [
            74.0032233,
            15.4052733
          ],
          [
            74.0027583,
            15.406775
          ],
          [
            74.0029533,
            15.4077316
          ],
          [
            74.002465,
            15.4093083
          ],
          [
            74.0047533,
            15.4106633
          ],
          [
            74.0044516,
            15.412685
          ],
          [
            74.00323,
            15.4133483
          ],
          [
            74.003125,
            15.4135383
          ],
          [
            74.0030766,
            15.4135816
          ],
          [
            74.0049483,
            15.411865
          ],
          [
            74.0044033,
            15.4104916
          ],
          [
            74.0023683,
            15.4093
          ],
          [
            74.002995,
            15.40802
          ],
          [
            74.002815,
            15.4066733
          ],
          [
            74.0034416,
            15.4046983
          ],
          [
            74.0027583,
            15.4028966
          ],
          [
            74.0026933,
            15.4028916
          ],
          [
            74.002685,
            15.4027916
          ],
          [
            74.0028566,
            15.4025966
          ]
        ]
      },
      "properties": {
        "Vehicle_No": "GA 07 G 9101-PND(WATER TENDER)",
        "Vehicle_Name": "5035",
        "Branch": "Fire Station Ponda",
        "created": "27-12-2025 05:30:16+05:30",
        "lastUpdated": "27-12-2025 19:58:52+05:30"
      }
    },
    {
      "type": "Feature",
      "geometry": {
        "type": "LineString",
        "coordinates": [
          [
            74.0028733,
            15.402765
          ],
          [
            74.0029216,
            15.4012616
          ],
          [
            74.0051833,
            15.3998983
          ],
          [
            74.00677,
            15.40216
          ],
          [
            74.0069016,
            15.4023683
          ],
          [
            74.0068933,
            15.4023683
          ],
          [
            74.00691,
            15.4023716
          ],
          [
            74.0069416,
            15.4023333
          ],
          [
            74.0052566,
            15.3998633
          ],
          [
            74.0028083,
            15.40235
          ],
          [
            74.0028083,
            15.4033116
          ],
          [
            74.00267,
            15.402805
          ],
          [
            74.0027666,
            15.402805
          ],
          [
            74.0028316,
            15.4027566
          ],
          [
            74.0027666,
            15.402735
          ]
        ]
      },
      "properties": {
        "Vehicle_No": "GA 07 G 9797-PND(WATER BOUSER)",
        "Vehicle_Name": "5035",
        "Branch": "Fire Station Ponda",
        "created": "27-12-2025 05:29:25+05:30",
        "lastUpdated": "27-12-2025 15:46:25+05:30"
      }
    },
    {
      "type": "Feature",
      "geometry": {
        "type": "LineString",
        "coordinates": [
          [
            74.0440183,
            15.0236666
          ]
        ]
      },
      "properties": {
        "Vehicle_No": "GA 07 G 6363-CAN(WATER TENDER)",
        "Vehicle_Name": "5035",
        "Branch": "Fire Station Canacona",
        "created": "27-12-2025 05:29:39+05:30",
        "lastUpdated": "27-12-2025 05:29:39+05:30"
      }
    },
    {
      "type": "Feature",
      "geometry": {
        "type": "LineString",
        "coordinates": [
          [
            74.0395016,
            15.0164433
          ]
        ]
      },
      "properties": {
        "Vehicle_No": "GA 07 G 1567-CAN(QUICK RESPONSE FT)",
        "Vehicle_Name": "5035",
        "Branch": "Fire Station Canacona",
        "created": "26-12-2025 17:18:04+05:30",
        "lastUpdated": "26-12-2025 17:18:04+05:30"
      }
    },
    {
      "type": "Feature",
      "geometry": {
        "type": "LineString",
        "coordinates": [
          [
            73.9355633,
            15.3697383
          ],
          [
            73.927425,
            15.3657466
          ],
          [
            73.9280033,
            15.36396
          ],
          [
            73.9278966,
            15.3640783
          ],
          [
            73.9278966,
            15.36407
          ],
          [
            73.927905,
            15.3640683
          ],
          [
            73.9278816,
            15.3640316
          ],
          [
            73.927645,
            15.3682783
          ],
          [
            73.9274499,
            15.36944
          ],
          [
            73.9276116,
            15.369475
          ],
          [
            73.9284833,
            15.3696916
          ],
          [
            73.928435,
            15.370565
          ],
          [
            73.928435,
            15.3705583
          ],
          [
            73.9279133,
            15.3695266
          ],
          [
            73.9276366,
            15.3684816
          ],
          [
            73.92758,
            15.3647283
          ],
          [
            73.9277916,
            15.3640933
          ],
          [
            73.927905,
            15.3640733
          ],
          [
            73.9278816,
            15.3641033
          ],
          [
            73.9278816,
            15.36411
          ],
          [
            73.927515,
            15.3691483
          ],
          [
            73.93221,
            15.37079
          ],
          [
            73.938875,
            15.36925
          ],
          [
            73.9414716,
            15.3658583
          ],
          [
            73.9468833,
            15.363575
          ],
          [
            73.9464433,
            15.36349
          ],
          [
            73.9463533,
            15.3635083
          ],
          [
            73.9464266,
            15.3634616
          ],
          [
            73.9464033,
            15.3634783
          ],
          [
            73.9471433,
            15.36144
          ],
          [
            73.9521649,
            15.3569616
          ],
          [
            73.955965,
            15.355765
          ],
          [
            73.955965,
            15.35576
          ],
          [
            73.955965,
            15.3557549
          ],
          [
            73.9559483,
            15.3557533
          ],
          [
            73.9559483,
            15.3557549
          ],
          [
            73.9559566,
            15.3557549
          ],
          [
            73.95594,
            15.355615
          ],
          [
            73.95594,
            15.3555966
          ],
          [
            73.95594,
            15.3555433
          ],
          [
            73.9499916,
            15.3588216
          ],
          [
            73.9463866,
            15.364825
          ],
          [
            73.9455483,
            15.3667116
          ],
          [
            73.93781,
            15.36945
          ],
          [
            73.935645,
            15.3696916
          ],
          [
            73.9356283,
            15.36967
          ],
          [
            73.9355383,
            15.369675
          ],
          [
            73.9356533,
            15.369755
          ],
          [
            73.930875,
            15.3710916
          ],
          [
            73.9271083,
            15.37112
          ],
          [
            73.9261633,
            15.374695
          ],
          [
            73.9188966,
            15.3775566
          ],
          [
            73.9000733,
            15.3740166
          ],
          [
            73.8931316,
            15.3722466
          ],
          [
            73.8853516,
            15.3761166
          ],
          [
            73.8804683,
            15.383565
          ],
          [
            73.8723716,
            15.3864366
          ],
          [
            73.8660233,
            15.38657
          ],
          [
            73.8559566,
            15.3891116
          ],
          [
            73.8536866,
            15.3900983
          ],
          [
            73.8526033,
            15.39013
          ],
          [
            73.8510983,
            15.3889933
          ],
          [
            73.851075,
            15.3890266
          ],
          [
            73.8510666,
            15.3890316
          ],
          [
            73.8510666,
            15.3890366
          ],
          [
            73.8521316,
            15.39002
          ],
          [
            73.8516766,
            15.3906166
          ],
          [
            73.8490633,
            15.3905683
          ],
          [
            73.8476883,
            15.3884833
          ],
          [
            73.84642,
            15.3869466
          ],
          [
            73.8423833,
            15.3859666
          ],
          [
            73.8423983,
            15.3859516
          ],
          [
            73.8423983,
            15.385955
          ],
          [
            73.8445799,
            15.3856216
          ],
          [
            73.8503416,
            15.38488
          ],
          [
            73.8458416,
            15.3812233
          ],
          [
            73.8395016,
            15.37879
          ],
          [
            73.83724,
            15.3793249
          ],
          [
            73.8372233,
            15.3793966
          ],
          [
            73.8372233,
            15.37938
          ],
          [
            73.8398033,
            15.3788866
          ],
          [
            73.8450933,
            15.3812933
          ],
          [
            73.85096,
            15.3835816
          ],
          [
            73.8443766,
            15.3855366
          ],
          [
            73.8419349,
            15.385945
          ],
          [
            73.845825,
            15.3868266
          ],
          [
            73.84751,
            15.38858
          ],
          [
            73.849365,
            15.3913383
          ],
          [
            73.8492916,
            15.393225
          ],
          [
            73.8515866,
            15.3931783
          ],
          [
            73.8524816,
            15.39295
          ],
          [
            73.8531416,
            15.3922
          ],
          [
            73.8562983,
            15.388975
          ],
          [
            73.8620116,
            15.38763
          ],
          [
            73.867375,
            15.3864233
          ],
          [
            73.8759766,
            15.386965
          ],
          [
            73.8828933,
            15.3790033
          ],
          [
            73.8898683,
            15.37314
          ],
          [
            73.8981766,
            15.3732916
          ],
          [
            73.9065266,
            15.3764916
          ],
          [
            73.91224,
            15.37821
          ],
          [
            73.9242516,
            15.3762383
          ],
          [
            73.92509,
            15.3761833
          ],
          [
            73.92509,
            15.3761883
          ],
          [
            73.9271483,
            15.3712733
          ],
          [
            73.929785,
            15.3712583
          ],
          [
            73.93396,
            15.36789
          ],
          [
            73.9356766,
            15.3692783
          ],
          [
            73.9356366,
            15.3696616
          ],
          [
            73.93558,
            15.3696883
          ],
          [
            73.9359366,
            15.36954
          ],
          [
            73.935555,
            15.3695416
          ]
        ]
      },
      "properties": {
        "Vehicle_No": "GA 07 G 1569-VRN(QUICK RESPONSE)",
        "Vehicle_Name": "5035",
        "Branch": "Fire Station Verna",
        "created": "27-12-2025 05:30:10+05:30",
        "lastUpdated": "27-12-2025 21:39:23+05:30"
      }
    },
    {
      "type": "Feature",
      "geometry": {
        "type": "LineString",
        "coordinates": [
          [
            73.9373283,
            15.3700383
          ],
          [
            73.9356933,
            15.3696783
          ],
          [
            73.9358316,
            15.3696633
          ],
          [
            73.9352783,
            15.3700033
          ],
          [
            73.9303466,
            15.3711866
          ],
          [
            73.926075,
            15.3670466
          ],
          [
            73.9282383,
            15.3565716
          ],
          [
            73.9310866,
            15.3541283
          ],
          [
            73.9314933,
            15.3537266
          ],
          [
            73.9342366,
            15.3479183
          ],
          [
            73.9360266,
            15.3495516
          ],
          [
            73.9365483,
            15.3511083
          ],
          [
            73.937305,
            15.351595
          ],
          [
            73.9371333,
            15.351595
          ],
          [
            73.936475,
            15.349365
          ],
          [
            73.9357749,
            15.348525
          ],
          [
            73.9367833,
            15.3474
          ],
          [
            73.9369133,
            15.3473883
          ],
          [
            73.9369383,
            15.347435
          ],
          [
            73.9367916,
            15.34742
          ],
          [
            73.9367833,
            15.3474433
          ],
          [
            73.9368483,
            15.347255
          ],
          [
            73.9367516,
            15.347265
          ],
          [
            73.9367183,
            15.3472833
          ],
          [
            73.9368166,
            15.3472983
          ],
          [
            73.9346033,
            15.3476949
          ],
          [
            73.9327316,
            15.3480516
          ],
          [
            73.9315433,
            15.3492683
          ],
          [
            73.9304283,
            15.3544449
          ],
          [
            73.9282883,
            15.3576483
          ],
          [
            73.9260083,
            15.363535
          ],
          [
            73.92758,
            15.3652266
          ],
          [
            73.9278316,
            15.369125
          ],
          [
            73.933545,
            15.3681216
          ],
          [
            73.9356683,
            15.3690383
          ],
          [
            73.9356116,
            15.3697016
          ],
          [
            73.9355716,
            15.3697083
          ],
          [
            73.93566,
            15.3698366
          ],
          [
            73.9359783,
            15.3695916
          ],
          [
            73.93593,
            15.3695983
          ],
          [
            73.9358066,
            15.36974
          ],
          [
            73.9363116,
            15.36969
          ],
          [
            73.9362383,
            15.3697
          ],
          [
            73.9311199,
            15.36895
          ],
          [
            73.9352533,
            15.369675
          ],
          [
            73.9357416,
            15.36967
          ],
          [
            73.9358716,
            15.369635
          ],
          [
            73.935205,
            15.3695233
          ],
          [
            73.9355883,
            15.3696733
          ],
          [
            73.9332766,
            15.3711716
          ],
          [
            73.926075,
            15.37403
          ],
          [
            73.9234783,
            15.376485
          ],
          [
            73.9171866,
            15.3780999
          ],
          [
            73.9173183,
            15.37805
          ],
          [
            73.91731,
            15.3780716
          ],
          [
            73.91731,
            15.378085
          ],
          [
            73.91731,
            15.378095
          ],
          [
            73.91731,
            15.3780916
          ],
          [
            73.9176516,
            15.3780033
          ],
          [
            73.9182133,
            15.3778033
          ],
          [
            73.9174066,
            15.3773033
          ],
          [
            73.9173416,
            15.3772616
          ],
          [
            73.9173416,
            15.37727
          ],
          [
            73.9173416,
            15.3772683
          ],
          [
            73.9180499,
            15.3775516
          ],
          [
            73.916715,
            15.378205
          ],
          [
            73.9167316,
            15.378205
          ],
          [
            73.9167483,
            15.37821
          ],
          [
            73.9160966,
            15.3782816
          ],
          [
            73.9129716,
            15.3782983
          ],
          [
            73.91779,
            15.3781133
          ],
          [
            73.9244866,
            15.3762283
          ],
          [
            73.9254233,
            15.37617
          ],
          [
            73.92544,
            15.376145
          ],
          [
            73.925415,
            15.3761466
          ],
          [
            73.9257166,
            15.3761366
          ],
          [
            73.9267166,
            15.3724266
          ],
          [
            73.9281,
            15.3712466
          ],
          [
            73.932145,
            15.3708249
          ],
          [
            73.9329833,
            15.3684216
          ],
          [
            73.9352616,
            15.3675733
          ],
          [
            73.9356933,
            15.36967
          ],
          [
            73.9355466,
            15.3696533
          ],
          [
            73.93558,
            15.3697433
          ],
          [
            73.93562,
            15.36954
          ],
          [
            73.9356533,
            15.36972
          ]
        ]
      },
      "properties": {
        "Vehicle_No": "GA 07 G 9909-VRN(ADVANCE MULTI-PURPOSE)",
        "Vehicle_Name": "5035",
        "Branch": "Fire Station Verna",
        "created": "27-12-2025 05:29:01+05:30",
        "lastUpdated": "27-12-2025 17:59:48+05:30"
      }
    },
    {
      "type": "Feature",
      "geometry": {
        "type": "LineString",
        "coordinates": [
          [
            74.1387783,
            15.5310133
          ],
          [
            74.13877,
            15.5310566
          ]
        ]
      },
      "properties": {
        "Vehicle_No": "GA 07 G 1942-VAP(QUICK RESPONSE)",
        "Vehicle_Name": "5035",
        "Branch": "Fire Station Valpoi",
        "created": "27-12-2025 05:30:07+05:30",
        "lastUpdated": "27-12-2025 05:30:46+05:30"
      }
    },
    {
      "type": "Feature",
      "geometry": {
        "type": "LineString",
        "coordinates": [
          [
            74.1036699,
            15.260325
          ],
          [
            74.1036866,
            15.26029
          ],
          [
            74.10363,
            15.2604533
          ]
        ]
      },
      "properties": {
        "Vehicle_No": "GA 07 G 2003-CUR(QUICK RESPONSE)",
        "Vehicle_Name": "5035",
        "Branch": "Fire Station Curchorem",
        "created": "27-12-2025 05:30:00+05:30",
        "lastUpdated": "27-12-2025 11:21:43+05:30"
      }
    },
    {
      "type": "Feature",
      "geometry": {
        "type": "LineString",
        "coordinates": [
          [
            74.1037033,
            15.26048
          ]
        ]
      },
      "properties": {
        "Vehicle_No": "GA 07 G 7447-CUR(EMERGENCY RESCUE)",
        "Vehicle_Name": "5035",
        "Branch": "Fire Station Curchorem",
        "created": "27-12-2025 05:29:30+05:30",
        "lastUpdated": "27-12-2025 05:29:30+05:30"
      }
    },
    {
      "type": "Feature",
      "geometry": {
        "type": "LineString",
        "coordinates": [
          [
            74.1034666,
            15.26037
          ],
          [
            74.10363,
            15.2604866
          ],
          [
            74.1035066,
            15.2604466
          ],
          [
            74.1035,
            15.26045
          ],
          [
            74.1034833,
            15.260445
          ],
          [
            74.1034916,
            15.2604433
          ],
          [
            74.1034833,
            15.2604366
          ],
          [
            74.1034749,
            15.2604333
          ],
          [
            74.1035233,
            15.260365
          ],
          [
            74.1037433,
            15.2603616
          ],
          [
            74.1037183,
            15.2604133
          ],
          [
            74.10376,
            15.2604316
          ],
          [
            74.1037683,
            15.2604283
          ],
          [
            74.1037683,
            15.260425
          ],
          [
            74.1037683,
            15.2604233
          ],
          [
            74.1049649,
            15.2589966
          ],
          [
            74.1029133,
            15.252865
          ],
          [
            74.1010666,
            15.2483533
          ],
          [
            74.0980633,
            15.24238
          ],
          [
            74.0966966,
            15.23617
          ],
          [
            74.095385,
            15.231855
          ],
          [
            74.0894116,
            15.223325
          ],
          [
            74.084765,
            15.2191566
          ],
          [
            74.0787516,
            15.2171116
          ],
          [
            74.0736816,
            15.2160316
          ],
          [
            74.0705316,
            15.2141833
          ],
          [
            74.06674,
            15.2156433
          ],
          [
            74.0622883,
            15.2194683
          ],
          [
            74.057325,
            15.2236266
          ],
          [
            74.0509283,
            15.2282716
          ],
          [
            74.0511716,
            15.2299616
          ],
          [
            74.0506016,
            15.2323566
          ],
          [
            74.0501383,
            15.2336833
          ],
          [
            74.0502433,
            15.2337916
          ],
          [
            74.0503166,
            15.233335
          ],
          [
            74.0511633,
            15.229935
          ],
          [
            74.0508216,
            15.2287066
          ],
          [
            74.050805,
            15.2286783
          ],
          [
            74.050805,
            15.22867
          ],
          [
            74.0508133,
            15.2286633
          ],
          [
            74.0508133,
            15.2286616
          ],
          [
            74.050805,
            15.2286599
          ],
          [
            74.050805,
            15.2286616
          ],
          [
            74.051375,
            15.2281816
          ],
          [
            74.0555016,
            15.225625
          ],
          [
            74.058635,
            15.22216
          ],
          [
            74.0625,
            15.2194516
          ],
          [
            74.0660966,
            15.2162983
          ],
          [
            74.068595,
            15.2149966
          ],
          [
            74.0715,
            15.2142183
          ],
          [
            74.0743816,
            15.2162666
          ],
          [
            74.080175,
            15.2176383
          ],
          [
            74.0837966,
            15.2188266
          ],
          [
            74.0865966,
            15.2203283
          ],
          [
            74.0896733,
            15.2236483
          ],
          [
            74.0925783,
            15.2262133
          ],
          [
            74.0951016,
            15.2300183
          ],
          [
            74.09624,
            15.2350683
          ],
          [
            74.0972816,
            15.2391466
          ],
          [
            74.098315,
            15.243135
          ],
          [
            74.10122,
            15.2488749
          ],
          [
            74.10306,
            15.253225
          ],
          [
            74.1048833,
            15.2577349
          ],
          [
            74.1038,
            15.25993
          ],
          [
            74.1034583,
            15.260465
          ],
          [
            74.10345,
            15.2604233
          ],
          [
            74.10345,
            15.2604066
          ]
        ]
      },
      "properties": {
        "Vehicle_No": "GA 07 G 7557-CUR(WATER TENDER)",
        "Vehicle_Name": "5035",
        "Branch": "Fire Station Curchorem",
        "created": "27-12-2025 05:29:21+05:30",
        "lastUpdated": "27-12-2025 18:58:59+05:30"
      }
    },
    {
      "type": "Feature",
      "geometry": {
        "type": "LineString",
        "coordinates": [
          [
            73.9930583,
            15.1437683
          ],
          [
            73.993075,
            15.143765
          ],
          [
            73.9930583,
            15.1437666
          ],
          [
            73.9930583,
            15.1438033
          ],
          [
            73.9930583,
            15.1438233
          ],
          [
            73.9930583,
            15.1438516
          ],
          [
            73.9930583,
            15.143845
          ],
          [
            73.99305,
            15.1438366
          ],
          [
            73.9930416,
            15.1438316
          ],
          [
            73.99305,
            15.1438166
          ],
          [
            73.99305,
            15.1438133
          ],
          [
            73.9930416,
            15.143795
          ],
          [
            73.9930016,
            15.1437699
          ],
          [
            73.9930183,
            15.1437866
          ],
          [
            73.993025,
            15.1438083
          ],
          [
            73.9930183,
            15.1437983
          ],
          [
            73.9930333,
            15.14378
          ],
          [
            73.993025,
            15.1437683
          ],
          [
            73.9930333,
            15.1437716
          ],
          [
            73.9930333,
            15.1437699
          ],
          [
            73.9930416,
            15.1437616
          ],
          [
            73.99305,
            15.1437616
          ],
          [
            73.9930416,
            15.1437566
          ],
          [
            73.9930416,
            15.1437716
          ],
          [
            73.9930583,
            15.1437699
          ],
          [
            73.99305,
            15.1437616
          ],
          [
            73.99305,
            15.1437699
          ],
          [
            73.9930416,
            15.143735
          ],
          [
            73.99305,
            15.1437483
          ],
          [
            73.9930416,
            15.14374
          ],
          [
            73.9930333,
            15.143775
          ],
          [
            73.9930183,
            15.14378
          ]
        ]
      },
      "properties": {
        "Vehicle_No": "GA 07 G 7667-CUR(WATER BOUSER)",
        "Vehicle_Name": "5035",
        "Branch": "Fire Station Curchorem",
        "created": "27-12-2025 05:29:53+05:30",
        "lastUpdated": "27-12-2025 19:15:47+05:30"
      }
    },
    {
      "type": "Feature",
      "geometry": {
        "type": "LineString",
        "coordinates": [
          [
            73.9727217,
            15.4626817
          ],
          [
            73.9726883,
            15.463135
          ],
          [
            73.97268,
            15.4631433
          ],
          [
            73.9730067,
            15.4633217
          ],
          [
            73.97251,
            15.4628883
          ],
          [
            73.9725017,
            15.46284
          ],
          [
            73.9728267,
            15.4631167
          ],
          [
            73.9723067,
            15.463235
          ],
          [
            73.97299,
            15.463405
          ],
          [
            73.9724117,
            15.4632133
          ],
          [
            73.9724283,
            15.4632183
          ],
          [
            73.9722083,
            15.462755
          ],
          [
            73.9730383,
            15.46328
          ],
          [
            73.97277,
            15.4633283
          ],
          [
            73.97277,
            15.46333
          ],
          [
            73.9733067,
            15.4639167
          ],
          [
            73.97286,
            15.4633817
          ],
          [
            73.9728183,
            15.4629667
          ],
          [
            73.9728683,
            15.46289
          ],
          [
            73.97255,
            15.4633483
          ],
          [
            73.9725017,
            15.46347
          ],
          [
            73.9728833,
            15.463
          ],
          [
            73.972795,
            15.4629983
          ],
          [
            73.972485,
            15.4632533
          ],
          [
            73.9717617,
            15.4630417
          ],
          [
            73.9727133,
            15.463455
          ],
          [
            73.9726,
            15.46313
          ],
          [
            73.972795,
            15.46283
          ],
          [
            73.9725917,
            15.4631467
          ],
          [
            73.972095,
            15.4624717
          ],
          [
            73.9728917,
            15.4633733
          ],
          [
            73.9726483,
            15.4633883
          ],
          [
            73.97264,
            15.4629433
          ],
          [
            73.9728183,
            15.4629
          ],
          [
            73.9726067,
            15.4630967
          ],
          [
            73.9725583,
            15.4633333
          ],
          [
            73.9729567,
            15.4629033
          ],
          [
            73.9730067,
            15.4627983
          ],
          [
            73.9720867,
            15.463245
          ],
          [
            73.9720217,
            15.4633317
          ],
          [
            73.9724683,
            15.4632917
          ],
          [
            73.9723383,
            15.463305
          ],
          [
            73.9721433,
            15.4630967
          ],
          [
            73.9715983,
            15.4636967
          ],
          [
            73.9722817,
            15.4632383
          ],
          [
            73.9723883,
            15.4630233
          ],
          [
            73.9729167,
            15.4628133
          ],
          [
            73.972535,
            15.463005
          ],
          [
            73.9723467,
            15.463195
          ],
          [
            73.9724117,
            15.463075
          ],
          [
            73.97299,
            15.46281
          ],
          [
            73.9724367,
            15.46332
          ],
          [
            73.97251,
            15.4633817
          ],
          [
            73.9737067,
            15.4625383
          ],
          [
            73.9732417,
            15.4630617
          ],
          [
            73.9724767,
            15.4631767
          ],
          [
            73.972485,
            15.4629783
          ],
          [
            73.971485,
            15.4632483
          ],
          [
            73.971435,
            15.4632
          ],
          [
            73.972575,
            15.4630967
          ],
          [
            73.9725017,
            15.4636267
          ],
          [
            73.972575,
            15.4630817
          ],
          [
            73.9726233,
            15.4633467
          ],
          [
            73.972705,
            15.4622083
          ],
          [
            73.9726067,
            15.4629617
          ],
          [
            73.9721917,
            15.462765
          ],
          [
            73.9726067,
            15.4630567
          ],
          [
            73.9725917,
            15.4633383
          ],
          [
            73.972485,
            15.4629367
          ],
          [
            73.9725017,
            15.46309
          ],
          [
            73.9732183,
            15.4635217
          ],
          [
            73.9732667,
            15.4636
          ],
          [
            73.9728917,
            15.463225
          ],
          [
            73.9729,
            15.46322
          ],
          [
            73.9721683,
            15.4626017
          ],
          [
            73.9725583,
            15.4629767
          ],
          [
            73.97255,
            15.4629783
          ]
        ]
      },
      "properties": {
        "Vehicle_No": "GA 07 G 4989-KUN(WATER TENDER)",
        "Vehicle_Name": "G-100",
        "Branch": "Fire Station Kundaim",
        "created": "27-12-2025 05:30:11+05:30",
        "lastUpdated": "27-12-2025 22:28:23+05:30"
      }
    },
    {
      "type": "Feature",
      "geometry": {
        "type": "LineString",
        "coordinates": [
          [
            73.7942078,
            15.5328072
          ],
          [
            73.7940017,
            15.5330033
          ],
          [
            73.7940644,
            15.5332833
          ],
          [
            73.7939639,
            15.5329461
          ],
          [
            73.7939056,
            15.5330156
          ],
          [
            73.794,
            15.5329683
          ],
          [
            73.7940183,
            15.532975
          ],
          [
            73.7939661,
            15.5329322
          ]
        ]
      },
      "properties": {
        "Vehicle_No": "GA 07 G 2242-PIL(WATER TENDER)",
        "Vehicle_Name": "5026",
        "Branch": "Fire Station Pilerne",
        "created": "27-12-2025 05:28:32+05:30",
        "lastUpdated": "27-12-2025 11:23:28+05:30"
      }
    },
    {
      "type": "Feature",
      "geometry": {
        "type": "LineString",
        "coordinates": [
          [
            73.8087883,
            15.5897883
          ]
        ]
      },
      "properties": {
        "Vehicle_No": "GA 07 G 0681-MAP(QUICK RESPONSE)",
        "Vehicle_Name": "AT 5036A-4G",
        "Branch": "Fire Station Mapusa",
        "created": "27-12-2025 05:30:15+05:30",
        "lastUpdated": "27-12-2025 05:30:15+05:30"
      }
    },
    {
      "type": "Feature",
      "geometry": {
        "type": "LineString",
        "coordinates": [
          [
            73.7974239,
            15.7164939
          ]
        ]
      },
      "properties": {
        "Vehicle_No": "GA 07 G 0307-PER(QUICK RESPONSE)",
        "Vehicle_Name": "AT5032-4G",
        "Branch": "Fire Station Pernem",
        "created": "23-10-2025 15:19:09+05:30",
        "lastUpdated": "23-10-2025 15:19:09+05:30"
      }
    },
    {
      "type": "Feature",
      "geometry": {
        "type": "LineString",
        "coordinates": [
          [
            73.7936683,
            15.690485
          ],
          [
            73.7873044,
            15.6925461
          ],
          [
            73.7828344,
            15.6979444
          ],
          [
            73.7737456,
            15.6995639
          ],
          [
            73.7704822,
            15.6972889
          ],
          [
            73.7675567,
            15.6969544
          ],
          [
            73.7667794,
            15.6927083
          ],
          [
            73.7645261,
            15.6906644
          ],
          [
            73.7608306,
            15.6907672
          ],
          [
            73.7596133,
            15.6944733
          ],
          [
            73.7573067,
            15.70011
          ],
          [
            73.7560067,
            15.7061433
          ],
          [
            73.7518928,
            15.7098928
          ],
          [
            73.7493756,
            15.7071961
          ],
          [
            73.7462228,
            15.7033772
          ],
          [
            73.7431233,
            15.7010844
          ],
          [
            73.73833,
            15.6977406
          ],
          [
            73.7349489,
            15.6951578
          ],
          [
            73.7314267,
            15.6904983
          ],
          [
            73.7255856,
            15.6882533
          ],
          [
            73.7194772,
            15.6885733
          ],
          [
            73.71261,
            15.6885783
          ],
          [
            73.7075672,
            15.6878428
          ],
          [
            73.7053794,
            15.6878017
          ],
          [
            73.70481,
            15.6897283
          ],
          [
            73.703915,
            15.6923511
          ],
          [
            73.7038911,
            15.6923617
          ],
          [
            73.7039483,
            15.6923911
          ],
          [
            73.7040244,
            15.6923933
          ],
          [
            73.7041039,
            15.69236
          ],
          [
            73.7041167,
            15.6923439
          ],
          [
            73.70422,
            15.6921456
          ],
          [
            73.7042044,
            15.6921694
          ],
          [
            73.704205,
            15.6921683
          ],
          [
            73.7076789,
            15.6878389
          ],
          [
            73.7111789,
            15.6877956
          ],
          [
            73.7134711,
            15.688505
          ],
          [
            73.7197583,
            15.68863
          ],
          [
            73.7265394,
            15.6886528
          ],
          [
            73.7310856,
            15.6903983
          ],
          [
            73.7339633,
            15.6938722
          ],
          [
            73.7374272,
            15.6967072
          ],
          [
            73.7413828,
            15.7004822
          ],
          [
            73.7458994,
            15.7030894
          ],
          [
            73.748585,
            15.7056606
          ],
          [
            73.7514178,
            15.709735
          ],
          [
            73.7508683,
            15.7144078
          ],
          [
            73.7503267,
            15.7164139
          ],
          [
            73.7514056,
            15.7228
          ],
          [
            73.7532778,
            15.7290833
          ],
          [
            73.7562422,
            15.7294611
          ],
          [
            73.7589667,
            15.7317017
          ],
          [
            73.7635072,
            15.7328461
          ],
          [
            73.7689194,
            15.7298828
          ],
          [
            73.7738272,
            15.7267039
          ],
          [
            73.778,
            15.7267928
          ],
          [
            73.7852561,
            15.72476
          ],
          [
            73.7881883,
            15.7224267
          ],
          [
            73.7912744,
            15.7184189
          ],
          [
            73.7954294,
            15.7178683
          ],
          [
            73.7977372,
            15.7163939
          ],
          [
            73.7975194,
            15.7164511
          ],
          [
            73.7975317,
            15.7164511
          ],
          [
            73.7975622,
            15.71645
          ],
          [
            73.7975733,
            15.7164394
          ],
          [
            73.7977033,
            15.7165183
          ],
          [
            73.797485,
            15.7164694
          ],
          [
            73.7975767,
            15.7164944
          ]
        ]
      },
      "properties": {
        "Vehicle_No": "GA 07 G 2101-PER(MS WATER TENDER)",
        "Vehicle_Name": "AT5032-4G",
        "Branch": "Fire Station Pernem",
        "created": "27-12-2025 05:30:15+05:30",
        "lastUpdated": "27-12-2025 17:02:33+05:30"
      }
    },
    {
      "type": "Feature",
      "geometry": {
        "type": "LineString",
        "coordinates": [
          [
            73.7974694,
            15.7165389
          ],
          [
            73.7974922,
            15.716565
          ],
          [
            73.7974861,
            15.716575
          ],
          [
            73.7974939,
            15.716575
          ],
          [
            73.797495,
            15.716575
          ],
          [
            73.7974933,
            15.7165728
          ],
          [
            73.7974883,
            15.7165672
          ],
          [
            73.7974894,
            15.7165639
          ],
          [
            73.7974917,
            15.7165611
          ],
          [
            73.7974744,
            15.7165822
          ],
          [
            73.79756,
            15.7165444
          ],
          [
            73.7975611,
            15.7165444
          ],
          [
            73.7975617,
            15.7165433
          ],
          [
            73.7975622,
            15.7165228
          ]
        ]
      },
      "properties": {
        "Vehicle_No": "GA 07 G 4600-PER(MINI RESCUE TENDER)",
        "Vehicle_Name": "AT 5032-4G",
        "Branch": "Fire Station Pernem",
        "created": "27-12-2025 05:28:17+05:30",
        "lastUpdated": "27-12-2025 18:48:36+05:30"
      }
    },
    {
      "type": "Feature",
      "geometry": {
        "type": "LineString",
        "coordinates": [
          [
            73.8170128,
            15.4878722
          ],
          [
            73.816955,
            15.4874839
          ],
          [
            73.81734,
            15.48722
          ],
          [
            73.81698,
            15.4870911
          ],
          [
            73.8170017,
            15.487035
          ],
          [
            73.8170739,
            15.4870583
          ],
          [
            73.8172572,
            15.4872572
          ],
          [
            73.8171456,
            15.4866156
          ],
          [
            73.81749,
            15.4863739
          ],
          [
            73.8171383,
            15.4863528
          ],
          [
            73.8168811,
            15.4869383
          ],
          [
            73.817865,
            15.4876633
          ],
          [
            73.8170639,
            15.4871872
          ],
          [
            73.8172428,
            15.4870256
          ],
          [
            73.8171739,
            15.4870383
          ],
          [
            73.8171183,
            15.4872683
          ],
          [
            73.8168356,
            15.486965
          ],
          [
            73.8160733,
            15.4864028
          ],
          [
            73.8166161,
            15.4863417
          ],
          [
            73.8165089,
            15.4866661
          ],
          [
            73.8173294,
            15.4873194
          ],
          [
            73.8173678,
            15.48686
          ]
        ]
      },
      "properties": {
        "Vehicle_No": "GA 07 G 7272-PNJ(WATER TENDER)",
        "Vehicle_Name": "AT-5032-4G",
        "Branch": "Fire Station Panaji",
        "created": "27-12-2025 05:27:48+05:30",
        "lastUpdated": "27-12-2025 19:12:07+05:30"
      }
    },
    {
      "type": "Feature",
      "geometry": {
        "type": "LineString",
        "coordinates": [
          [
            74.0209783,
            15.1862672
          ],
          [
            74.0209972,
            15.186255
          ],
          [
            74.0209922,
            15.1863444
          ],
          [
            74.021,
            15.1863194
          ],
          [
            74.0207722,
            15.1858083
          ],
          [
            74.0241194,
            15.187165
          ],
          [
            74.0290444,
            15.1888739
          ],
          [
            74.0358428,
            15.19086
          ],
          [
            74.0389883,
            15.1913439
          ],
          [
            74.0449711,
            15.1927894
          ],
          [
            74.0498172,
            15.1933172
          ],
          [
            74.0547639,
            15.1942617
          ],
          [
            74.0557872,
            15.1915189
          ],
          [
            74.0555122,
            15.1876
          ],
          [
            74.0556983,
            15.1823161
          ],
          [
            74.0543661,
            15.1803461
          ],
          [
            74.0539244,
            15.1737378
          ],
          [
            74.0500122,
            15.1690983
          ],
          [
            74.0500039,
            15.1691028
          ],
          [
            74.0499628,
            15.1691272
          ],
          [
            74.0499556,
            15.1691267
          ],
          [
            74.0499506,
            15.1691294
          ],
          [
            74.0499494,
            15.1691289
          ],
          [
            74.0499467,
            15.1691261
          ],
          [
            74.0499456,
            15.1691239
          ],
          [
            74.0492683,
            15.1688939
          ],
          [
            74.0448594,
            15.1677911
          ],
          [
            74.0403561,
            15.1673128
          ],
          [
            74.0347006,
            15.1652133
          ],
          [
            74.0298044,
            15.1635611
          ],
          [
            74.0270694,
            15.1599317
          ],
          [
            74.0213617,
            15.1584206
          ],
          [
            74.0163744,
            15.1572917
          ],
          [
            74.0149317,
            15.1569394
          ],
          [
            74.0133872,
            15.1577383
          ],
          [
            74.0117583,
            15.1601922
          ],
          [
            74.0115833,
            15.1633261
          ],
          [
            74.0100156,
            15.1660133
          ],
          [
            74.007645,
            15.1703717
          ],
          [
            74.0018806,
            15.1757017
          ],
          [
            74.0011711,
            15.1759533
          ],
          [
            73.9999783,
            15.1765878
          ],
          [
            73.9995606,
            15.1772533
          ],
          [
            73.9992239,
            15.1777717
          ],
          [
            73.9988167,
            15.1784117
          ],
          [
            73.998165,
            15.1795183
          ],
          [
            73.997985,
            15.1808839
          ],
          [
            73.9978594,
            15.1823817
          ],
          [
            73.9973472,
            15.1881861
          ],
          [
            73.9972511,
            15.1926322
          ],
          [
            73.9968744,
            15.1966878
          ],
          [
            73.99667,
            15.1968883
          ],
          [
            73.9967,
            15.1969111
          ],
          [
            73.9967017,
            15.1969094
          ],
          [
            73.9970044,
            15.1966917
          ],
          [
            73.9971906,
            15.1918761
          ],
          [
            73.9972883,
            15.1889183
          ],
          [
            73.9973617,
            15.1879983
          ],
          [
            73.9976228,
            15.1849483
          ],
          [
            73.9977889,
            15.1833394
          ],
          [
            73.9984539,
            15.1810589
          ],
          [
            74.0022261,
            15.1826444
          ],
          [
            74.0084267,
            15.1840533
          ],
          [
            74.0122472,
            15.1839256
          ],
          [
            74.0162717,
            15.18469
          ],
          [
            74.0205578,
            15.1857728
          ],
          [
            74.0210194,
            15.1862344
          ],
          [
            74.0209828,
            15.1862994
          ],
          [
            74.0200867,
            15.1855461
          ],
          [
            74.0157122,
            15.1845706
          ],
          [
            74.0120533,
            15.1838767
          ],
          [
            74.0087111,
            15.18422
          ],
          [
            74.0045844,
            15.1830039
          ],
          [
            74.00055,
            15.1811
          ],
          [
            73.9993017,
            15.1777078
          ],
          [
            74.0013928,
            15.1759233
          ],
          [
            74.0059033,
            15.1719383
          ],
          [
            74.0102933,
            15.1680067
          ],
          [
            74.011045,
            15.1637933
          ],
          [
            74.0119967,
            15.1587206
          ],
          [
            74.0143717,
            15.1569033
          ],
          [
            74.0115322,
            15.1546739
          ],
          [
            74.0064372,
            15.15179
          ],
          [
            74.0025656,
            15.14844
          ],
          [
            73.9991211,
            15.1450033
          ],
          [
            73.9965283,
            15.14118
          ],
          [
            73.9916433,
            15.1395322
          ],
          [
            73.9861156,
            15.1346172
          ],
          [
            73.98275,
            15.13345
          ],
          [
            73.9712583,
            15.1268533
          ],
          [
            73.9633178,
            15.1245889
          ],
          [
            73.9509728,
            15.1221756
          ],
          [
            73.9444528,
            15.1207483
          ],
          [
            73.9462589,
            15.1263578
          ],
          [
            73.9485333,
            15.1296344
          ],
          [
            73.9510267,
            15.1338222
          ],
          [
            73.9504244,
            15.1357172
          ],
          [
            73.94922,
            15.1368028
          ],
          [
            73.9493083,
            15.1396333
          ],
          [
            73.9509794,
            15.1380811
          ],
          [
            73.951185,
            15.1377222
          ],
          [
            73.9512072,
            15.1377083
          ],
          [
            73.9512033,
            15.1377
          ],
          [
            73.9512078,
            15.1377
          ],
          [
            73.9512083,
            15.1376978
          ],
          [
            73.9512078,
            15.1376983
          ],
          [
            73.9512089,
            15.1376956
          ],
          [
            73.9512056,
            15.13769
          ],
          [
            73.9512056,
            15.1376922
          ],
          [
            73.9512061,
            15.1376911
          ],
          [
            73.9512067,
            15.1376878
          ],
          [
            73.9512094,
            15.1376861
          ],
          [
            73.95121,
            15.1376867
          ],
          [
            73.9512117,
            15.1376817
          ],
          [
            73.9511811,
            15.1376817
          ],
          [
            73.9511744,
            15.1376994
          ],
          [
            73.9511717,
            15.1376967
          ],
          [
            73.9511733,
            15.1376956
          ],
          [
            73.951175,
            15.1376906
          ],
          [
            73.9511767,
            15.137685
          ],
          [
            73.9511789,
            15.1376861
          ],
          [
            73.95118,
            15.1376867
          ],
          [
            73.9511811,
            15.1376872
          ],
          [
            73.9513372,
            15.1374944
          ],
          [
            73.9523811,
            15.1362878
          ],
          [
            73.9523733,
            15.1349411
          ],
          [
            73.9508478,
            15.1328222
          ],
          [
            73.9486872,
            15.1301789
          ],
          [
            73.9466261,
            15.1269928
          ],
          [
            73.9448567,
            15.1223478
          ],
          [
            73.94581,
            15.1212117
          ],
          [
            73.95146,
            15.1222372
          ],
          [
            73.9571717,
            15.12279
          ],
          [
            73.9640667,
            15.124925
          ],
          [
            73.9722917,
            15.1272033
          ],
          [
            73.9748128,
            15.1289261
          ],
          [
            73.9930272,
            15.1397294
          ],
          [
            73.9962317,
            15.1408789
          ],
          [
            73.9986017,
            15.1442011
          ],
          [
            74.0021222,
            15.1480761
          ],
          [
            74.0052656,
            15.15079
          ],
          [
            74.0105267,
            15.15371
          ],
          [
            74.0128583,
            15.1567411
          ],
          [
            74.0141139,
            15.1571311
          ],
          [
            74.0117028,
            15.1601094
          ],
          [
            74.0106133,
            15.1640483
          ],
          [
            74.0101056,
            15.1661722
          ],
          [
            74.0083494,
            15.169795
          ],
          [
            74.0075517,
            15.1704417
          ],
          [
            74.0044922,
            15.1731872
          ],
          [
            74.0018739,
            15.1756389
          ],
          [
            74.0000328,
            15.1765006
          ],
          [
            73.9986789,
            15.1786317
          ],
          [
            74.000555,
            15.1811022
          ],
          [
            74.0047933,
            15.1830144
          ],
          [
            74.0098278,
            15.1843756
          ],
          [
            74.0133078,
            15.1844194
          ],
          [
            74.0167217,
            15.1847561
          ],
          [
            74.0206661,
            15.186025
          ],
          [
            74.0211378,
            15.1862167
          ],
          [
            74.0211506,
            15.1862233
          ],
          [
            74.0211694,
            15.18625
          ],
          [
            74.0210556,
            15.186265
          ],
          [
            74.021005,
            15.186295
          ],
          [
            74.0210139,
            15.1862756
          ],
          [
            74.0210006,
            15.1861983
          ],
          [
            74.0210572,
            15.1861967
          ]
        ]
      },
      "properties": {
        "Vehicle_No": "GA07G2384- Cuncolim",
        "Vehicle_Name": "AT 5032-4G",
        "Branch": "Fire Station Cuncolim",
        "created": "27-12-2025 05:28:40+05:30",
        "lastUpdated": "27-12-2025 18:57:43+05:30"
      }
    },
    {
      "type": "Feature",
      "geometry": {
        "type": "LineString",
        "coordinates": [
          [
            73.7975417,
            15.716595
          ],
          [
            73.8005933,
            15.7166267
          ],
          [
            73.8052417,
            15.7154533
          ],
          [
            73.81049,
            15.7125667
          ],
          [
            73.81316,
            15.71058
          ],
          [
            73.8190183,
            15.70375
          ],
          [
            73.8237217,
            15.697435
          ],
          [
            73.829745,
            15.6877567
          ],
          [
            73.83291,
            15.6842033
          ],
          [
            73.8367183,
            15.6837683
          ],
          [
            73.8376867,
            15.6860583
          ],
          [
            73.8376217,
            15.6863717
          ],
          [
            73.8376867,
            15.686385
          ],
          [
            73.8343583,
            15.6827233
          ],
          [
            73.8325767,
            15.683995
          ],
          [
            73.8291917,
            15.68819
          ],
          [
            73.8259767,
            15.6940417
          ],
          [
            73.8216233,
            15.7008317
          ],
          [
            73.8168783,
            15.705945
          ],
          [
            73.81276,
            15.7105883
          ],
          [
            73.8099367,
            15.712805
          ],
          [
            73.8051917,
            15.71545
          ],
          [
            73.7993167,
            15.7168783
          ],
          [
            73.79777,
            15.71636
          ],
          [
            73.7975417,
            15.7164617
          ],
          [
            73.7975267,
            15.7164617
          ]
        ]
      },
      "properties": {
        "Vehicle_No": "GA07G2507 - Mid Size (Water Tender)",
        "Vehicle_Name": "5035",
        "Branch": "Fire Station Pernem",
        "created": "27-12-2025 05:29:21+05:30",
        "lastUpdated": "27-12-2025 18:25:49+05:30"
      }
    },
    {
      "type": "Feature",
      "geometry": {
        "type": "LineString",
        "coordinates": [
          [
            74.138615,
            15.5309533
          ]
        ]
      },
      "properties": {
        "Vehicle_No": "GA07G2505 - Mid Size (Water Tender)",
        "Vehicle_Name": "5035",
        "Branch": "Fire Station Valpoi",
        "created": "27-12-2025 05:29:34+05:30",
        "lastUpdated": "27-12-2025 05:29:34+05:30"
      }
    },
    {
      "type": "Feature",
      "geometry": {
        "type": "LineString",
        "coordinates": [
          [
            73.9466067,
            15.58934
          ],
          [
            73.9466383,
            15.58942
          ],
          [
            73.94611,
            15.5915217
          ],
          [
            73.94327,
            15.5958483
          ],
          [
            73.9370033,
            15.6020933
          ],
          [
            73.9323567,
            15.6081317
          ],
          [
            73.9281733,
            15.6135617
          ],
          [
            73.92386,
            15.6166683
          ],
          [
            73.9170083,
            15.61937
          ],
          [
            73.9116367,
            15.6195067
          ],
          [
            73.912395,
            15.6234967
          ],
          [
            73.9142017,
            15.6304083
          ],
          [
            73.9198167,
            15.636035
          ],
          [
            73.9208083,
            15.63652
          ],
          [
            73.9135083,
            15.62952
          ],
          [
            73.9125567,
            15.6227017
          ],
          [
            73.911775,
            15.6192417
          ],
          [
            73.9196867,
            15.6186417
          ],
          [
            73.924845,
            15.6161667
          ],
          [
            73.9282467,
            15.6136317
          ],
          [
            73.93278,
            15.6075017
          ],
          [
            73.9362467,
            15.60291
          ],
          [
            73.9404133,
            15.598645
          ],
          [
            73.94502,
            15.59329
          ],
          [
            73.9461017,
            15.5907433
          ],
          [
            73.9465817,
            15.589255
          ],
          [
            73.9466717,
            15.5894817
          ],
          [
            73.94668,
            15.589545
          ],
          [
            73.9466633,
            15.5895283
          ],
          [
            73.9465983,
            15.5894933
          ],
          [
            73.94738,
            15.5887
          ],
          [
            73.9503667,
            15.5881183
          ],
          [
            73.9545167,
            15.5881
          ],
          [
            73.9589767,
            15.5885033
          ],
          [
            73.962695,
            15.5893517
          ],
          [
            73.962435,
            15.587665
          ],
          [
            73.9608883,
            15.5881517
          ],
          [
            73.9600583,
            15.5881617
          ],
          [
            73.9600583,
            15.5881533
          ],
          [
            73.9620933,
            15.5877083
          ],
          [
            73.96259,
            15.5877367
          ],
          [
            73.9623283,
            15.5893433
          ],
          [
            73.95809,
            15.5886083
          ],
          [
            73.954175,
            15.58812
          ],
          [
            73.9517083,
            15.5878383
          ],
          [
            73.949975,
            15.5878467
          ],
          [
            73.948795,
            15.5881667
          ],
          [
            73.94851,
            15.5882083
          ],
          [
            73.9465,
            15.5892617
          ],
          [
            73.9465983,
            15.5893683
          ],
          [
            73.9461667,
            15.58716
          ],
          [
            73.9461183,
            15.5871117
          ],
          [
            73.9461433,
            15.5871217
          ],
          [
            73.9461433,
            15.5871233
          ],
          [
            73.9455967,
            15.59005
          ],
          [
            73.9465817,
            15.58923
          ],
          [
            73.9466317,
            15.5894167
          ],
          [
            73.9466633,
            15.5894983
          ]
        ]
      },
      "properties": {
        "Vehicle_No": "GA07G2504 - Mid Size (Water Tender)",
        "Vehicle_Name": "5035",
        "Branch": "Fire Station Bicholim",
        "created": "27-12-2025 05:30:14+05:30",
        "lastUpdated": "27-12-2025 18:00:06+05:30"
      }
    },
    {
      "type": "Feature",
      "geometry": {
        "type": "LineString",
        "coordinates": [
          [
            73.8086917,
            15.5898817
          ],
          [
            73.8100833,
            15.5910283
          ],
          [
            73.810865,
            15.5897233
          ],
          [
            73.8131667,
            15.58891
          ],
          [
            73.8170483,
            15.58964
          ],
          [
            73.81906,
            15.5888067
          ],
          [
            73.8215167,
            15.5861817
          ],
          [
            73.82531,
            15.5829833
          ],
          [
            73.827815,
            15.5818183
          ],
          [
            73.83099,
            15.5808783
          ],
          [
            73.83763,
            15.58075
          ],
          [
            73.8417567,
            15.582615
          ],
          [
            73.8436683,
            15.5857033
          ],
          [
            73.850895,
            15.58407
          ],
          [
            73.8524083,
            15.5830367
          ],
          [
            73.8582433,
            15.5797533
          ],
          [
            73.8614583,
            15.5786067
          ],
          [
            73.8628333,
            15.5790817
          ],
          [
            73.8631267,
            15.579765
          ],
          [
            73.8630867,
            15.5797683
          ],
          [
            73.8630783,
            15.5797717
          ],
          [
            73.8630783,
            15.5797733
          ],
          [
            73.8630783,
            15.5797717
          ],
          [
            73.8630783,
            15.5797683
          ],
          [
            73.86307,
            15.5797667
          ],
          [
            73.86307,
            15.579765
          ],
          [
            73.86307,
            15.5797633
          ],
          [
            73.86307,
            15.579765
          ],
          [
            73.86307,
            15.5797667
          ],
          [
            73.8630783,
            15.5797667
          ],
          [
            73.8630783,
            15.579765
          ],
          [
            73.8630783,
            15.5797667
          ],
          [
            73.8630867,
            15.5797717
          ],
          [
            73.8630867,
            15.579765
          ],
          [
            73.8630933,
            15.5797633
          ],
          [
            73.8631017,
            15.5797583
          ],
          [
            73.8630933,
            15.5797583
          ],
          [
            73.8630933,
            15.5797567
          ],
          [
            73.8629717,
            15.57951
          ],
          [
            73.862915,
            15.5793117
          ],
          [
            73.862565,
            15.5783833
          ],
          [
            73.8625483,
            15.57835
          ],
          [
            73.8619717,
            15.5784317
          ],
          [
            73.860245,
            15.5790467
          ],
          [
            73.8600417,
            15.5791267
          ],
          [
            73.8600183,
            15.5791333
          ],
          [
            73.8600017,
            15.5791267
          ],
          [
            73.859985,
            15.5791367
          ],
          [
            73.860035,
            15.5791217
          ],
          [
            73.8607917,
            15.5788383
          ],
          [
            73.8615233,
            15.578585
          ],
          [
            73.86154,
            15.578595
          ],
          [
            73.8615883,
            15.578565
          ],
          [
            73.8616133,
            15.578565
          ],
          [
            73.8616217,
            15.5785583
          ],
          [
            73.8616367,
            15.5785517
          ],
          [
            73.8616367,
            15.578555
          ],
          [
            73.8616367,
            15.5785517
          ],
          [
            73.861825,
            15.5784917
          ],
          [
            73.8620367,
            15.5784183
          ],
          [
            73.862045,
            15.57841
          ],
          [
            73.86206,
            15.5784083
          ],
          [
            73.862045,
            15.57841
          ],
          [
            73.8620517,
            15.5784083
          ],
          [
            73.86206,
            15.5784083
          ],
          [
            73.86206,
            15.57841
          ],
          [
            73.86206,
            15.5784117
          ],
          [
            73.86206,
            15.57841
          ],
          [
            73.8624267,
            15.57828
          ],
          [
            73.862695,
            15.5785667
          ],
          [
            73.86276,
            15.5786533
          ],
          [
            73.8627683,
            15.5786633
          ],
          [
            73.8627683,
            15.57867
          ],
          [
            73.8627683,
            15.57866
          ],
          [
            73.86276,
            15.5786583
          ],
          [
            73.8627433,
            15.5786567
          ],
          [
            73.8627433,
            15.5786667
          ],
          [
            73.8627367,
            15.5786717
          ],
          [
            73.8627367,
            15.5786767
          ],
          [
            73.8628983,
            15.579275
          ],
          [
            73.8629883,
            15.5795917
          ],
          [
            73.86298,
            15.5796067
          ],
          [
            73.86298,
            15.5796017
          ],
          [
            73.86298,
            15.5796117
          ],
          [
            73.8629883,
            15.579615
          ],
          [
            73.8629883,
            15.5796067
          ],
          [
            73.86298,
            15.5795983
          ],
          [
            73.8629717,
            15.5796067
          ],
          [
            73.8629717,
            15.5796083
          ],
          [
            73.8629717,
            15.5796117
          ],
          [
            73.86298,
            15.57961
          ],
          [
            73.86298,
            15.5796117
          ],
          [
            73.86298,
            15.579615
          ],
          [
            73.8629883,
            15.5796117
          ],
          [
            73.86298,
            15.5796083
          ],
          [
            73.8629883,
            15.579585
          ],
          [
            73.8625733,
            15.5783817
          ],
          [
            73.862565,
            15.5783733
          ],
          [
            73.8606367,
            15.5788733
          ],
          [
            73.8573167,
            15.58017
          ],
          [
            73.852815,
            15.5827367
          ],
          [
            73.8489583,
            15.5852417
          ],
          [
            73.8444817,
            15.5859817
          ],
          [
            73.8429367,
            15.58498
          ],
          [
            73.84073,
            15.5819517
          ],
          [
            73.837475,
            15.580705
          ],
          [
            73.82443,
            15.58325
          ],
          [
            73.8217033,
            15.5859767
          ],
          [
            73.820385,
            15.5872633
          ],
          [
            73.8182367,
            15.5891683
          ],
          [
            73.8138667,
            15.5887717
          ],
          [
            73.8107583,
            15.58975
          ],
          [
            73.8094883,
            15.589605
          ],
          [
            73.80874,
            15.5899183
          ],
          [
            73.80887,
            15.5899067
          ],
          [
            73.8087483,
            15.5898633
          ],
          [
            73.8101317,
            15.5909933
          ],
          [
            73.8108567,
            15.5897567
          ],
          [
            73.8134517,
            15.5888167
          ],
          [
            73.817545,
            15.5896817
          ],
          [
            73.82037,
            15.587325
          ],
          [
            73.8228767,
            15.5879317
          ],
          [
            73.829965,
            15.5933
          ],
          [
            73.8333417,
            15.5954533
          ],
          [
            73.8372717,
            15.5947883
          ],
          [
            73.8407233,
            15.5943617
          ],
          [
            73.84755,
            15.59505
          ],
          [
            73.8513917,
            15.5937883
          ],
          [
            73.8556067,
            15.5919733
          ],
          [
            73.86193,
            15.590825
          ],
          [
            73.8661617,
            15.5898817
          ],
          [
            73.8696533,
            15.589475
          ],
          [
            73.8732833,
            15.589995
          ],
          [
            73.8739017,
            15.5935017
          ],
          [
            73.8741617,
            15.5965683
          ],
          [
            73.8739917,
            15.6021083
          ],
          [
            73.8733317,
            15.6034933
          ],
          [
            73.87334,
            15.6034017
          ],
          [
            73.8740717,
            15.60188
          ],
          [
            73.872225,
            15.6025317
          ],
          [
            73.871915,
            15.6024983
          ],
          [
            73.8717117,
            15.6024717
          ],
          [
            73.8717117,
            15.6024633
          ],
          [
            73.8717033,
            15.6024633
          ],
          [
            73.87185,
            15.6025017
          ],
          [
            73.8719733,
            15.6024967
          ],
          [
            73.87198,
            15.6024917
          ],
          [
            73.8719733,
            15.6024833
          ],
          [
            73.8712817,
            15.6022233
          ],
          [
            73.8713467,
            15.603085
          ],
          [
            73.8716633,
            15.6039917
          ],
          [
            73.8716717,
            15.6039933
          ],
          [
            73.8717117,
            15.6040633
          ],
          [
            73.8716967,
            15.604065
          ],
          [
            73.8716883,
            15.60408
          ],
          [
            73.8716967,
            15.6040767
          ],
          [
            73.8716967,
            15.6040717
          ],
          [
            73.8717283,
            15.6040967
          ],
          [
            73.871655,
            15.6040033
          ],
          [
            73.87159,
            15.6038317
          ],
          [
            73.8715733,
            15.6038367
          ],
          [
            73.8715417,
            15.6037767
          ],
          [
            73.8715083,
            15.6037083
          ],
          [
            73.8714933,
            15.6036517
          ],
          [
            73.871485,
            15.6036383
          ],
          [
            73.8714767,
            15.6036283
          ],
          [
            73.8714433,
            15.6035833
          ],
          [
            73.8713467,
            15.6031433
          ],
          [
            73.8713383,
            15.6029683
          ],
          [
            73.871215,
            15.6025733
          ],
          [
            73.871175,
            15.6023783
          ],
          [
            73.8712,
            15.6022567
          ],
          [
            73.871875,
            15.602525
          ],
          [
            73.871965,
            15.6025283
          ],
          [
            73.8738767,
            15.5974617
          ],
          [
            73.8742517,
            15.5942283
          ],
          [
            73.8731117,
            15.5913933
          ],
          [
            73.87316,
            15.58966
          ],
          [
            73.8699867,
            15.5895483
          ],
          [
            73.8664467,
            15.58984
          ],
          [
            73.86477,
            15.5897567
          ],
          [
            73.8603917,
            15.59088
          ],
          [
            73.8547933,
            15.59223
          ],
          [
            73.8506917,
            15.5942083
          ],
          [
            73.8463217,
            15.5949683
          ],
          [
            73.8413817,
            15.5938733
          ],
          [
            73.8377033,
            15.594705
          ],
          [
            73.8344317,
            15.59466
          ],
          [
            73.82915,
            15.5923433
          ],
          [
            73.8201667,
            15.5873517
          ],
          [
            73.8174717,
            15.5895567
          ],
          [
            73.8148933,
            15.5888633
          ],
          [
            73.81211,
            15.5892083
          ],
          [
            73.8098967,
            15.589895
          ],
          [
            73.8093917,
            15.5894117
          ],
          [
            73.80892,
            15.5907783
          ],
          [
            73.80887,
            15.5899167
          ],
          [
            73.8088467,
            15.5899117
          ],
          [
            73.8087483,
            15.5898967
          ],
          [
            73.8086433,
            15.5899117
          ]
        ]
      },
      "properties": {
        "Vehicle_No": "GA07G2503-Mid Size (Water Tender)",
        "Vehicle_Name": "5035",
        "Branch": "Fire Station Mapusa",
        "created": "27-12-2025 05:29:31+05:30",
        "lastUpdated": "27-12-2025 19:36:46+05:30"
      }
    },
    {
      "type": "Feature",
      "geometry": {
        "type": "LineString",
        "coordinates": [
          [
            73.817245,
            15.48705
          ],
          [
            73.8170983,
            15.4869967
          ],
          [
            73.8151033,
            15.4890783
          ],
          [
            73.8119383,
            15.4865517
          ],
          [
            73.80948,
            15.4838033
          ],
          [
            73.8084467,
            15.4781283
          ],
          [
            73.8080967,
            15.4715583
          ],
          [
            73.8055333,
            15.4641117
          ],
          [
            73.803605,
            15.4581233
          ],
          [
            73.8047533,
            15.4583
          ],
          [
            73.805575,
            15.4584433
          ],
          [
            73.81324,
            15.45929
          ],
          [
            73.82299,
            15.4593533
          ],
          [
            73.8248867,
            15.45885
          ],
          [
            73.838875,
            15.4563617
          ],
          [
            73.8389567,
            15.4563267
          ],
          [
            73.8319333,
            15.458575
          ],
          [
            73.82413,
            15.45892
          ],
          [
            73.8138667,
            15.4592817
          ],
          [
            73.8119467,
            15.45924
          ],
          [
            73.8035733,
            15.4580767
          ],
          [
            73.80494,
            15.4634433
          ],
          [
            73.8073317,
            15.4687567
          ],
          [
            73.8083817,
            15.4781267
          ],
          [
            73.8100183,
            15.4843717
          ],
          [
            73.8119867,
            15.4865583
          ],
          [
            73.81434,
            15.4891433
          ],
          [
            73.8166833,
            15.487665
          ],
          [
            73.8171867,
            15.4870017
          ],
          [
            73.8173667,
            15.4870383
          ],
          [
            73.81726,
            15.4870183
          ],
          [
            73.81735,
            15.486995
          ],
          [
            73.8169767,
            15.4854417
          ],
          [
            73.8121983,
            15.4804083
          ],
          [
            73.81171,
            15.4775567
          ],
          [
            73.8085617,
            15.4742717
          ],
          [
            73.80651,
            15.465875
          ],
          [
            73.8055417,
            15.464195
          ],
          [
            73.8045167,
            15.4580767
          ],
          [
            73.805485,
            15.45839
          ],
          [
            73.8113533,
            15.4590217
          ],
          [
            73.8121333,
            15.4581283
          ],
          [
            73.8110433,
            15.4573
          ],
          [
            73.8109867,
            15.4571333
          ]
        ]
      },
      "properties": {
        "Vehicle_No": "GA07G2502 - Mid Size (Water Tender)",
        "Vehicle_Name": "5035",
        "Branch": "Fire Force Headquarters",
        "created": "27-12-2025 05:29:54+05:30",
        "lastUpdated": "27-12-2025 15:14:00+05:30"
      }
    }
  ]
}