{
  "type": "FeatureCollection",
  "metadata": {
    "date": "20260110",
    "source": "Directorate of Fire Emergency Services, Govt. of Goa",
    "description": "Daily GPS tracks of fire trucks",
    "lastUpdated": "2026-01-10T12:42:46.530Z",
    "count": 52
  },
  "features": [
    {
      "type": "Feature",
      "geometry": {
        "type": "LineString",
        "coordinates": [
          [
            73.82937,
            15.5231667
          ],
          [
            73.82941,
            15.5229983
          ]
        ]
      },
      "properties": {
        "Vehicle_No": "GA 07 G 0680-PIL(QUICK RESPONSE VEHICLE)",
        "Vehicle_Name": "4G",
        "Branch": "Fire Station Pilerne",
        "created": "10-01-2026 05:30:38+05:30",
        "lastUpdated": "10-01-2026 12:23:19+05:30"
      }
    },
    {
      "type": "Feature",
      "geometry": {
        "type": "LineString",
        "coordinates": [
          [
            73.913673,
            15.500058
          ],
          [
            73.914055,
            15.500337
          ],
          [
            73.91404,
            15.500463
          ],
          [
            73.914101,
            15.500438
          ],
          [
            73.914108,
            15.50021
          ],
          [
            73.913483,
            15.49973
          ],
          [
            73.914398,
            15.498188
          ],
          [
            73.91832,
            15.493777
          ],
          [
            73.923019,
            15.488998
          ],
          [
            73.924095,
            15.479215
          ],
          [
            73.92627,
            15.47643
          ],
          [
            73.92601,
            15.471743
          ],
          [
            73.925995,
            15.471718
          ],
          [
            73.923431,
            15.467433
          ],
          [
            73.923775,
            15.461402
          ],
          [
            73.924675,
            15.456285
          ],
          [
            73.92379,
            15.452317
          ],
          [
            73.922356,
            15.450818
          ],
          [
            73.922104,
            15.445908
          ],
          [
            73.920006,
            15.444332
          ],
          [
            73.915764,
            15.44395
          ],
          [
            73.913147,
            15.443765
          ],
          [
            73.902824,
            15.440305
          ],
          [
            73.89946,
            15.439935
          ],
          [
            73.893639,
            15.439193
          ],
          [
            73.890923,
            15.439445
          ],
          [
            73.89669,
            15.433135
          ],
          [
            73.897362,
            15.43158
          ],
          [
            73.898483,
            15.426555
          ],
          [
            73.898438,
            15.426485
          ],
          [
            73.898354,
            15.42638
          ],
          [
            73.898293,
            15.42636
          ],
          [
            73.898369,
            15.426462
          ],
          [
            73.898392,
            15.42654
          ],
          [
            73.898399,
            15.426518
          ],
          [
            73.898384,
            15.426548
          ],
          [
            73.898399,
            15.426587
          ],
          [
            73.898384,
            15.42654
          ],
          [
            73.898415,
            15.4265
          ],
          [
            73.898407,
            15.426503
          ],
          [
            73.898491,
            15.426515
          ],
          [
            73.898499,
            15.426522
          ],
          [
            73.898239,
            15.428782
          ],
          [
            73.896111,
            15.434178
          ],
          [
            73.891266,
            15.438745
          ],
          [
            73.893677,
            15.439193
          ],
          [
            73.903755,
            15.440713
          ],
          [
            73.904671,
            15.441045
          ],
          [
            73.910255,
            15.442337
          ],
          [
            73.911186,
            15.442835
          ],
          [
            73.922287,
            15.446063
          ],
          [
            73.922417,
            15.450683
          ],
          [
            73.922737,
            15.451428
          ],
          [
            73.925339,
            15.45454
          ],
          [
            73.923981,
            15.460103
          ],
          [
            73.922958,
            15.466432
          ],
          [
            73.92556,
            15.469957
          ],
          [
            73.923523,
            15.479552
          ],
          [
            73.923088,
            15.485443
          ],
          [
            73.92144,
            15.492812
          ],
          [
            73.91671,
            15.495738
          ],
          [
            73.913475,
            15.499093
          ],
          [
            73.914192,
            15.50029
          ],
          [
            73.914177,
            15.500308
          ],
          [
            73.914185,
            15.500275
          ],
          [
            73.914139,
            15.500288
          ],
          [
            73.914055,
            15.500318
          ],
          [
            73.914078,
            15.500248
          ],
          [
            73.913528,
            15.499757
          ],
          [
            73.915199,
            15.497483
          ],
          [
            73.919861,
            15.493527
          ],
          [
            73.923088,
            15.490477
          ],
          [
            73.922623,
            15.481408
          ],
          [
            73.926102,
            15.476663
          ],
          [
            73.926201,
            15.472113
          ],
          [
            73.923462,
            15.462968
          ],
          [
            73.924271,
            15.457397
          ],
          [
            73.924538,
            15.452818
          ],
          [
            73.922348,
            15.45072
          ],
          [
            73.921829,
            15.445105
          ],
          [
            73.917442,
            15.443595
          ],
          [
            73.916466,
            15.443907
          ],
          [
            73.905457,
            15.44122
          ],
          [
            73.902657,
            15.440205
          ],
          [
            73.896759,
            15.439398
          ],
          [
            73.891548,
            15.439433
          ],
          [
            73.89283,
            15.436515
          ],
          [
            73.897774,
            15.430363
          ],
          [
            73.898506,
            15.426555
          ],
          [
            73.898254,
            15.426525
          ],
          [
            73.89827,
            15.426517
          ],
          [
            73.89827,
            15.426537
          ],
          [
            73.898239,
            15.426585
          ],
          [
            73.898285,
            15.426657
          ],
          [
            73.898323,
            15.426558
          ],
          [
            73.898346,
            15.426548
          ],
          [
            73.898354,
            15.426548
          ],
          [
            73.898354,
            15.426545
          ]
        ]
      },
      "properties": {
        "Vehicle_No": "GA07G2506 - OLG Mid Size (Water Tender)",
        "Vehicle_Name": "TS101",
        "Branch": "Fire Station Old Goa",
        "created": "10-01-2026 05:29:18+05:30",
        "lastUpdated": "10-01-2026 15:27:04+05:30"
      }
    },
    {
      "type": "Feature",
      "geometry": {
        "type": "LineString",
        "coordinates": [
          [
            73.829483,
            15.523002
          ],
          [
            73.829468,
            15.523012
          ],
          [
            73.829536,
            15.523003
          ],
          [
            73.829292,
            15.522975
          ],
          [
            73.829422,
            15.522935
          ],
          [
            73.829491,
            15.522992
          ],
          [
            73.829468,
            15.522985
          ]
        ]
      },
      "properties": {
        "Vehicle_No": "GA 07 G 5115-POR(MINI WATER TENDER)",
        "Vehicle_Name": "TS101",
        "Branch": "Fire Station Porvorim",
        "created": "10-01-2026 05:29:47+05:30",
        "lastUpdated": "10-01-2026 11:05:21+05:30"
      }
    },
    {
      "type": "Feature",
      "geometry": {
        "type": "LineString",
        "coordinates": [
          [
            73.970337,
            15.269455
          ],
          [
            73.970177,
            15.26933
          ],
          [
            73.972923,
            15.268177
          ],
          [
            73.974709,
            15.272407
          ],
          [
            73.970398,
            15.271662
          ],
          [
            73.970276,
            15.269477
          ]
        ]
      },
      "properties": {
        "Vehicle_No": "GA 07 G 0350-MRG(WATER TENDER)",
        "Vehicle_Name": "TS101",
        "Branch": "Fire Station Margao",
        "created": "10-01-2026 05:28:52+05:30",
        "lastUpdated": "10-01-2026 10:43:14+05:30"
      }
    },
    {
      "type": "Feature",
      "geometry": {
        "type": "LineString",
        "coordinates": [
          [
            73.808647,
            15.590058
          ],
          [
            73.808723,
            15.590035
          ],
          [
            73.808594,
            15.589995
          ],
          [
            73.808586,
            15.59003
          ],
          [
            73.808517,
            15.59004
          ],
          [
            73.808502,
            15.590015
          ],
          [
            73.808479,
            15.589988
          ],
          [
            73.808502,
            15.59
          ]
        ]
      },
      "properties": {
        "Vehicle_No": "GA 07 G 2900-MAP(MINI RESCUE TENDER)",
        "Vehicle_Name": "TS101",
        "Branch": "Fire Station Mapusa",
        "created": "10-01-2026 05:26:50+05:30",
        "lastUpdated": "10-01-2026 07:58:24+05:30"
      }
    },
    {
      "type": "Feature",
      "geometry": {
        "type": "LineString",
        "coordinates": [
          [
            73.817307,
            15.487398
          ],
          [
            73.817253,
            15.487322
          ],
          [
            73.817261,
            15.487323
          ],
          [
            73.817268,
            15.487332
          ],
          [
            73.817276,
            15.48729
          ],
          [
            73.817268,
            15.487317
          ],
          [
            73.817284,
            15.487322
          ],
          [
            73.817329,
            15.487383
          ],
          [
            73.817345,
            15.487408
          ],
          [
            73.817291,
            15.487368
          ],
          [
            73.817284,
            15.487357
          ],
          [
            73.817299,
            15.487377
          ],
          [
            73.817245,
            15.487317
          ],
          [
            73.817215,
            15.487308
          ],
          [
            73.814552,
            15.48936
          ],
          [
            73.817383,
            15.492573
          ],
          [
            73.819138,
            15.497688
          ],
          [
            73.82135,
            15.500303
          ],
          [
            73.822258,
            15.500538
          ],
          [
            73.836609,
            15.499552
          ],
          [
            73.83596,
            15.499377
          ],
          [
            73.830818,
            15.500623
          ],
          [
            73.825607,
            15.501093
          ],
          [
            73.824585,
            15.500938
          ],
          [
            73.818512,
            15.494538
          ],
          [
            73.814972,
            15.489793
          ],
          [
            73.817108,
            15.487347
          ],
          [
            73.817177,
            15.486713
          ],
          [
            73.817284,
            15.486375
          ],
          [
            73.817268,
            15.486383
          ],
          [
            73.817047,
            15.486683
          ],
          [
            73.817261,
            15.487297
          ],
          [
            73.817245,
            15.487287
          ],
          [
            73.817245,
            15.48729
          ],
          [
            73.817345,
            15.487513
          ],
          [
            73.817162,
            15.487373
          ],
          [
            73.817215,
            15.487398
          ],
          [
            73.817268,
            15.487393
          ],
          [
            73.817245,
            15.487403
          ],
          [
            73.817238,
            15.487435
          ]
        ]
      },
      "properties": {
        "Vehicle_No": "GA 07 G 7600-FFHQ(WATER BOUSER)",
        "Vehicle_Name": "TS101",
        "Branch": "Fire Force Headquarters",
        "created": "10-01-2026 05:30:37+05:30",
        "lastUpdated": "10-01-2026 11:12:45+05:30"
      }
    },
    {
      "type": "Feature",
      "geometry": {
        "type": "LineString",
        "coordinates": [
          [
            73.8172,
            15.487273
          ],
          [
            73.817245,
            15.487397
          ],
          [
            73.817253,
            15.487385
          ],
          [
            73.817238,
            15.487393
          ],
          [
            73.817245,
            15.487393
          ],
          [
            73.817253,
            15.487395
          ],
          [
            73.817268,
            15.48742
          ],
          [
            73.817253,
            15.487425
          ],
          [
            73.817276,
            15.487453
          ],
          [
            73.817261,
            15.48743
          ],
          [
            73.817268,
            15.487423
          ],
          [
            73.817276,
            15.487425
          ],
          [
            73.817276,
            15.48742
          ],
          [
            73.817268,
            15.487403
          ],
          [
            73.817268,
            15.487408
          ],
          [
            73.817253,
            15.487377
          ],
          [
            73.817253,
            15.48738
          ],
          [
            73.817261,
            15.487377
          ],
          [
            73.817253,
            15.487362
          ],
          [
            73.81723,
            15.487363
          ],
          [
            73.817245,
            15.487367
          ],
          [
            73.817268,
            15.487368
          ],
          [
            73.817238,
            15.487357
          ],
          [
            73.817245,
            15.487352
          ],
          [
            73.81723,
            15.487347
          ],
          [
            73.816566,
            15.487818
          ],
          [
            73.814621,
            15.489325
          ],
          [
            73.817619,
            15.492845
          ],
          [
            73.819366,
            15.497763
          ],
          [
            73.823143,
            15.500762
          ],
          [
            73.831123,
            15.500532
          ],
          [
            73.837875,
            15.49909
          ],
          [
            73.834961,
            15.4995
          ],
          [
            73.828133,
            15.5012
          ],
          [
            73.827156,
            15.501253
          ],
          [
            73.817978,
            15.493368
          ],
          [
            73.81498,
            15.489098
          ],
          [
            73.817307,
            15.486755
          ],
          [
            73.817139,
            15.486562
          ],
          [
            73.8172,
            15.487355
          ],
          [
            73.8172,
            15.487365
          ],
          [
            73.817291,
            15.48744
          ],
          [
            73.817291,
            15.487432
          ],
          [
            73.817299,
            15.487432
          ],
          [
            73.817307,
            15.487473
          ],
          [
            73.817299,
            15.487417
          ],
          [
            73.817291,
            15.487433
          ],
          [
            73.817284,
            15.487447
          ],
          [
            73.817261,
            15.48744
          ],
          [
            73.817261,
            15.487442
          ]
        ]
      },
      "properties": {
        "Vehicle_No": "GA 07 G 2002-FFHQ(TURN TABLE LADDER)",
        "Vehicle_Name": "TS101",
        "Branch": "Fire Force Headquarters",
        "created": "10-01-2026 05:29:10+05:30",
        "lastUpdated": "10-01-2026 10:55:51+05:30"
      }
    },
    {
      "type": "Feature",
      "geometry": {
        "type": "LineString",
        "coordinates": [
          [
            73.816864,
            15.486937
          ],
          [
            73.816742,
            15.486937
          ],
          [
            73.817116,
            15.486365
          ],
          [
            73.817184,
            15.486362
          ],
          [
            73.817207,
            15.486357
          ],
          [
            73.817062,
            15.486937
          ],
          [
            73.81691,
            15.48697
          ],
          [
            73.816978,
            15.486942
          ],
          [
            73.817207,
            15.486832
          ],
          [
            73.817268,
            15.486838
          ],
          [
            73.817154,
            15.486875
          ],
          [
            73.817436,
            15.487155
          ],
          [
            73.814896,
            15.489068
          ],
          [
            73.816856,
            15.491983
          ],
          [
            73.818405,
            15.494405
          ],
          [
            73.819832,
            15.498065
          ],
          [
            73.82032,
            15.498175
          ],
          [
            73.820511,
            15.498262
          ],
          [
            73.820496,
            15.498513
          ],
          [
            73.820503,
            15.498427
          ],
          [
            73.820564,
            15.498395
          ],
          [
            73.820465,
            15.49836
          ],
          [
            73.820557,
            15.498372
          ]
        ]
      },
      "properties": {
        "Vehicle_No": "GA 07 G 7101-FFHQ(WATER TENDER)",
        "Vehicle_Name": "TS101",
        "Branch": "Fire Force Headquarters",
        "created": "10-01-2026 05:30:16+05:30",
        "lastUpdated": "10-01-2026 16:42:29+05:30"
      }
    },
    {
      "type": "Feature",
      "geometry": {
        "type": "LineString",
        "coordinates": [
          [
            73.817314,
            15.486978
          ],
          [
            73.817055,
            15.48709
          ],
          [
            73.817024,
            15.48706
          ],
          [
            73.817039,
            15.487288
          ],
          [
            73.817039,
            15.487163
          ],
          [
            73.817017,
            15.487182
          ],
          [
            73.817047,
            15.48715
          ],
          [
            73.817062,
            15.487107
          ],
          [
            73.817139,
            15.48688
          ],
          [
            73.817291,
            15.486773
          ],
          [
            73.817314,
            15.486787
          ],
          [
            73.817322,
            15.486805
          ],
          [
            73.817291,
            15.486843
          ],
          [
            73.817299,
            15.486827
          ],
          [
            73.817375,
            15.486723
          ],
          [
            73.817612,
            15.486955
          ],
          [
            73.814667,
            15.489273
          ],
          [
            73.810471,
            15.484855
          ],
          [
            73.811302,
            15.482715
          ],
          [
            73.816071,
            15.483685
          ],
          [
            73.817368,
            15.486775
          ],
          [
            73.817146,
            15.486997
          ],
          [
            73.817162,
            15.486992
          ],
          [
            73.817352,
            15.486967
          ],
          [
            73.817436,
            15.486828
          ],
          [
            73.817413,
            15.486878
          ],
          [
            73.816978,
            15.487202
          ],
          [
            73.817146,
            15.487033
          ],
          [
            73.817162,
            15.48698
          ],
          [
            73.817093,
            15.487038
          ],
          [
            73.817093,
            15.48705
          ],
          [
            73.817116,
            15.486932
          ],
          [
            73.817131,
            15.486995
          ],
          [
            73.816795,
            15.487212
          ],
          [
            73.816994,
            15.48708
          ],
          [
            73.816895,
            15.487135
          ],
          [
            73.81723,
            15.486995
          ],
          [
            73.817116,
            15.486997
          ],
          [
            73.817131,
            15.486952
          ]
        ]
      },
      "properties": {
        "Vehicle_No": "GA 07 G 7677-FFHQ(EMERGENCY RESCUE)",
        "Vehicle_Name": "TS101",
        "Branch": "Fire Force Headquarters",
        "created": "10-01-2026 05:30:32+05:30",
        "lastUpdated": "10-01-2026 17:57:10+05:30"
      }
    },
    {
      "type": "Feature",
      "geometry": {
        "type": "LineString",
        "coordinates": [
          [
            73.817291,
            15.487293
          ],
          [
            73.817261,
            15.487243
          ],
          [
            73.817261,
            15.48725
          ],
          [
            73.817261,
            15.487258
          ],
          [
            73.817261,
            15.487262
          ],
          [
            73.817261,
            15.487267
          ],
          [
            73.817253,
            15.48726
          ],
          [
            73.817253,
            15.48725
          ],
          [
            73.817261,
            15.487273
          ],
          [
            73.817245,
            15.487252
          ],
          [
            73.817215,
            15.487265
          ],
          [
            73.8172,
            15.487225
          ],
          [
            73.817238,
            15.487237
          ],
          [
            73.817223,
            15.487233
          ],
          [
            73.817268,
            15.487238
          ]
        ]
      },
      "properties": {
        "Vehicle_No": "GA 07 G 1121-PNJ(EMERGENCY RESCUE)",
        "Vehicle_Name": "TS101",
        "Branch": "Fire Station Panaji",
        "created": "10-01-2026 05:30:13+05:30",
        "lastUpdated": "10-01-2026 11:26:14+05:30"
      }
    },
    {
      "type": "Feature",
      "geometry": {
        "type": "LineString",
        "coordinates": [
          [
            73.817596,
            15.48657
          ],
          [
            73.817406,
            15.486628
          ],
          [
            73.817436,
            15.486683
          ],
          [
            73.81765,
            15.486545
          ],
          [
            73.817551,
            15.486565
          ],
          [
            73.817169,
            15.486395
          ],
          [
            73.817055,
            15.486685
          ],
          [
            73.817009,
            15.486868
          ],
          [
            73.817017,
            15.486877
          ],
          [
            73.817024,
            15.486855
          ],
          [
            73.817017,
            15.486852
          ],
          [
            73.817009,
            15.486855
          ],
          [
            73.817009,
            15.486842
          ],
          [
            73.817009,
            15.486838
          ],
          [
            73.817017,
            15.486833
          ],
          [
            73.817009,
            15.486838
          ],
          [
            73.817032,
            15.486818
          ],
          [
            73.817024,
            15.486863
          ],
          [
            73.817078,
            15.48691
          ],
          [
            73.817154,
            15.486433
          ],
          [
            73.817162,
            15.48648
          ],
          [
            73.817459,
            15.48679
          ],
          [
            73.817421,
            15.48672
          ],
          [
            73.817322,
            15.486643
          ],
          [
            73.817467,
            15.486737
          ],
          [
            73.817459,
            15.48678
          ],
          [
            73.81768,
            15.486857
          ],
          [
            73.817543,
            15.486818
          ],
          [
            73.817177,
            15.486738
          ],
          [
            73.817108,
            15.48687
          ],
          [
            73.817268,
            15.487203
          ],
          [
            73.815071,
            15.48898
          ],
          [
            73.815704,
            15.490752
          ],
          [
            73.818069,
            15.49358
          ],
          [
            73.817093,
            15.493917
          ],
          [
            73.817108,
            15.493985
          ],
          [
            73.817093,
            15.493998
          ]
        ]
      },
      "properties": {
        "Vehicle_No": "GA 07 G 1571-FFHQ(QUICK RESPONSE)",
        "Vehicle_Name": "TS101",
        "Branch": "Fire Force Headquarters",
        "created": "10-01-2026 05:29:30+05:30",
        "lastUpdated": "10-01-2026 14:08:28+05:30"
      }
    },
    {
      "type": "Feature",
      "geometry": {
        "type": "LineString",
        "coordinates": [
          [
            73.808838,
            15.590025
          ],
          [
            73.808853,
            15.589965
          ],
          [
            73.808563,
            15.589892
          ],
          [
            73.808556,
            15.589882
          ],
          [
            73.808556,
            15.589883
          ],
          [
            73.808563,
            15.589882
          ],
          [
            73.808556,
            15.589875
          ],
          [
            73.808556,
            15.589877
          ],
          [
            73.808617,
            15.589865
          ],
          [
            73.808998,
            15.590412
          ]
        ]
      },
      "properties": {
        "Vehicle_No": "GA 07 G 8101-MAP(WATER TENDER)",
        "Vehicle_Name": "TS101",
        "Branch": "Fire Station Mapusa",
        "created": "10-01-2026 05:28:22+05:30",
        "lastUpdated": "10-01-2026 12:19:38+05:30"
      }
    },
    {
      "type": "Feature",
      "geometry": {
        "type": "LineString",
        "coordinates": [
          [
            73.9702883,
            15.26889
          ],
          [
            73.9701333,
            15.2691933
          ],
          [
            73.9700433,
            15.2693883
          ],
          [
            73.9700766,
            15.26936
          ],
          [
            73.970125,
            15.2695583
          ],
          [
            73.97019,
            15.26938
          ],
          [
            73.9701416,
            15.2694633
          ],
          [
            73.970215,
            15.269385
          ],
          [
            73.9701733,
            15.2694016
          ],
          [
            73.9702066,
            15.2694066
          ],
          [
            73.970255,
            15.26941
          ],
          [
            73.9702316,
            15.2693966
          ],
          [
            73.97006,
            15.2692033
          ],
          [
            73.9701666,
            15.2693316
          ],
          [
            73.9701166,
            15.26937
          ],
          [
            73.9700116,
            15.2693299
          ],
          [
            73.9700433,
            15.26936
          ],
          [
            73.9699866,
            15.2693983
          ],
          [
            73.9700766,
            15.2694133
          ],
          [
            73.9701416,
            15.2693516
          ],
          [
            73.97015,
            15.2693916
          ],
          [
            73.9700433,
            15.269365
          ],
          [
            73.9700933,
            15.2694983
          ],
          [
            73.97006,
            15.2684849
          ],
          [
            73.970085,
            15.2689616
          ],
          [
            73.970125,
            15.2694566
          ],
          [
            73.97015,
            15.2687883
          ],
          [
            73.9701333,
            15.269415
          ],
          [
            73.9701333,
            15.2692166
          ],
          [
            73.9702066,
            15.2694199
          ],
          [
            73.9702716,
            15.2693383
          ],
          [
            73.9702066,
            15.2693616
          ],
          [
            73.97006,
            15.26909
          ],
          [
            73.970125,
            15.2692166
          ],
          [
            73.9702233,
            15.2693066
          ],
          [
            73.970085,
            15.2693183
          ],
          [
            73.970085,
            15.2693749
          ],
          [
            73.9700283,
            15.26936
          ],
          [
            73.9702316,
            15.26934
          ],
          [
            73.9704016,
            15.2692866
          ],
          [
            73.9702633,
            15.269395
          ],
          [
            73.9701333,
            15.2692883
          ],
          [
            73.9700933,
            15.269395
          ],
          [
            73.9700683,
            15.269405
          ],
          [
            73.970035,
            15.26941
          ],
          [
            73.97019,
            15.2693933
          ],
          [
            73.9701333,
            15.2693766
          ],
          [
            73.9700933,
            15.2692933
          ],
          [
            73.9701016,
            15.2693516
          ],
          [
            73.97024,
            15.2693183
          ],
          [
            73.9702233,
            15.26936
          ],
          [
            73.9703133,
            15.2693783
          ],
          [
            73.9700516,
            15.269365
          ],
          [
            73.9700433,
            15.26932
          ],
          [
            73.9700933,
            15.2694116
          ],
          [
            73.97002,
            15.2693983
          ],
          [
            73.9700283,
            15.26938
          ],
          [
            73.9701733,
            15.2693316
          ],
          [
            73.9701816,
            15.269365
          ],
          [
            73.9700433,
            15.269365
          ],
          [
            73.9700516,
            15.2694483
          ],
          [
            73.9701083,
            15.26936
          ],
          [
            73.969995,
            15.2693749
          ],
          [
            73.9701016,
            15.2693283
          ],
          [
            73.97002,
            15.2693566
          ],
          [
            73.9701333,
            15.2694166
          ],
          [
            73.97002,
            15.2695233
          ],
          [
            73.9699383,
            15.269495
          ],
          [
            73.9703283,
            15.2692383
          ],
          [
            73.9701583,
            15.2693299
          ],
          [
            73.970125,
            15.2694666
          ],
          [
            73.9701583,
            15.269385
          ],
          [
            73.9701416,
            15.2694266
          ],
          [
            73.970345,
            15.26908
          ],
          [
            73.9700766,
            15.2692883
          ],
          [
            73.9700033,
            15.2695316
          ],
          [
            73.9699783,
            15.2693766
          ],
          [
            73.9699866,
            15.2694233
          ],
          [
            73.9699133,
            15.2694199
          ],
          [
            73.9699866,
            15.2694316
          ],
          [
            73.969865,
            15.2696366
          ],
          [
            73.9699383,
            15.2695516
          ],
          [
            73.9699383,
            15.2694666
          ],
          [
            73.9700516,
            15.2694633
          ],
          [
            73.9698566,
            15.2695433
          ],
          [
            73.96989,
            15.2694966
          ],
          [
            73.96993,
            15.2694266
          ],
          [
            73.9701083,
            15.2692533
          ],
          [
            73.9699383,
            15.2694933
          ],
          [
            73.97002,
            15.269385
          ],
          [
            73.9701333,
            15.2693433
          ],
          [
            73.969995,
            15.2693016
          ],
          [
            73.9700933,
            15.269265
          ],
          [
            73.969995,
            15.2692783
          ],
          [
            73.969995,
            15.269405
          ],
          [
            73.96989,
            15.26945
          ],
          [
            73.9696866,
            15.26961
          ],
          [
            73.9699216,
            15.2694666
          ],
          [
            73.969995,
            15.2694233
          ],
          [
            73.970215,
            15.2693583
          ],
          [
            73.96997,
            15.2694349
          ],
          [
            73.9700283,
            15.2694166
          ],
          [
            73.9701583,
            15.2694133
          ],
          [
            73.9702066,
            15.2693883
          ],
          [
            73.9701416,
            15.2693933
          ],
          [
            73.9701166,
            15.2694333
          ],
          [
            73.9701733,
            15.2694066
          ],
          [
            73.9703533,
            15.2693683
          ],
          [
            73.9701666,
            15.26943
          ],
          [
            73.96993,
            15.2694333
          ],
          [
            73.9700116,
            15.2694516
          ],
          [
            73.9701666,
            15.2693766
          ],
          [
            73.97015,
            15.2692666
          ],
          [
            73.9700933,
            15.26935
          ],
          [
            73.970255,
            15.2692466
          ],
          [
            73.9700766,
            15.2693933
          ],
          [
            73.9701166,
            15.2694166
          ],
          [
            73.970085,
            15.2694316
          ],
          [
            73.9701016,
            15.26946
          ],
          [
            73.9701333,
            15.26945
          ],
          [
            73.9700283,
            15.2694516
          ],
          [
            73.9700683,
            15.2694199
          ],
          [
            73.9701333,
            15.2694783
          ],
          [
            73.9704183,
            15.2690633
          ],
          [
            73.9701733,
            15.2693516
          ],
          [
            73.970125,
            15.26931
          ],
          [
            73.9700516,
            15.2695066
          ],
          [
            73.97006,
            15.2694233
          ],
          [
            73.96997,
            15.2695083
          ],
          [
            73.9701083,
            15.2694683
          ],
          [
            73.9701416,
            15.2692383
          ],
          [
            73.97006,
            15.269405
          ],
          [
            73.9701733,
            15.269365
          ],
          [
            73.9701333,
            15.269425
          ],
          [
            73.970125,
            15.2694349
          ],
          [
            73.970125,
            15.2694333
          ],
          [
            73.96993,
            15.2719283
          ],
          [
            73.9621983,
            15.271665
          ],
          [
            73.9271733,
            15.2782983
          ],
          [
            73.92701,
            15.2740699
          ],
          [
            73.9290533,
            15.2667466
          ],
          [
            73.9292883,
            15.26293
          ],
          [
            73.9292883,
            15.2629216
          ],
          [
            73.9287916,
            15.2661316
          ],
          [
            73.92596,
            15.26709
          ],
          [
            73.9270349,
            15.26534
          ],
          [
            73.92732,
            15.2643433
          ],
          [
            73.927255,
            15.26443
          ],
          [
            73.9273433,
            15.2643866
          ],
          [
            73.9271733,
            15.2643733
          ],
          [
            73.9272466,
            15.26436
          ],
          [
            73.92723,
            15.2643466
          ],
          [
            73.9272783,
            15.2643616
          ],
          [
            73.92723,
            15.2643466
          ],
          [
            73.927335,
            15.26436
          ],
          [
            73.9272216,
            15.264365
          ],
          [
            73.92723,
            15.2643416
          ],
          [
            73.927255,
            15.2643133
          ],
          [
            73.9272466,
            15.26435
          ],
          [
            73.927255,
            15.26436
          ],
          [
            73.927255,
            15.2643616
          ],
          [
            73.9273033,
            15.2643916
          ],
          [
            73.9272783,
            15.2643883
          ],
          [
            73.9272383,
            15.26436
          ],
          [
            73.9272466,
            15.2644
          ],
          [
            73.9272699,
            15.2643983
          ],
          [
            73.9272616,
            15.26437
          ],
          [
            73.9272783,
            15.264415
          ],
          [
            73.9272783,
            15.2643683
          ],
          [
            73.92723,
            15.2643883
          ],
          [
            73.9272616,
            15.264405
          ],
          [
            73.92723,
            15.2643833
          ],
          [
            73.9272216,
            15.26442
          ],
          [
            73.9272216,
            15.2643633
          ],
          [
            73.9272616,
            15.26439
          ],
          [
            73.9272699,
            15.2643883
          ],
          [
            73.9273266,
            15.2643683
          ],
          [
            73.9272466,
            15.264375
          ],
          [
            73.927255,
            15.2643716
          ],
          [
            73.9273116,
            15.2644166
          ],
          [
            73.9272699,
            15.2643733
          ],
          [
            73.9271966,
            15.2643716
          ],
          [
            73.9272616,
            15.26437
          ],
          [
            73.927255,
            15.26437
          ],
          [
            73.9271816,
            15.264335
          ],
          [
            73.9272383,
            15.2643716
          ],
          [
            73.92723,
            15.2643833
          ],
          [
            73.9259433,
            15.266955
          ],
          [
            73.9286616,
            15.2682616
          ],
          [
            73.9267983,
            15.2764216
          ],
          [
            73.9267583,
            15.2770016
          ],
          [
            73.9267666,
            15.2769616
          ],
          [
            73.926815,
            15.27704
          ],
          [
            73.9267016,
            15.2772566
          ],
          [
            73.92675,
            15.2771
          ],
          [
            73.9268233,
            15.2770633
          ],
          [
            73.9267666,
            15.2770433
          ],
          [
            73.9267583,
            15.27702
          ],
          [
            73.92675,
            15.2770466
          ],
          [
            73.9267733,
            15.2770383
          ],
          [
            73.92679,
            15.27704
          ],
          [
            73.9267733,
            15.2770216
          ],
          [
            73.9267816,
            15.27697
          ],
          [
            73.9267733,
            15.2770299
          ],
          [
            73.9267816,
            15.2770283
          ],
          [
            73.92679,
            15.2770033
          ],
          [
            73.9267733,
            15.2770316
          ],
          [
            73.931145,
            15.2785366
          ],
          [
            73.9353516,
            15.2791
          ],
          [
            73.9368899,
            15.2793533
          ],
          [
            73.9449383,
            15.2787616
          ],
          [
            73.9455566,
            15.2734333
          ],
          [
            73.950895,
            15.2693483
          ],
          [
            73.9552083,
            15.269265
          ],
          [
            73.9553216,
            15.269235
          ],
          [
            73.95542,
            15.2692266
          ],
          [
            73.9585933,
            15.26914
          ],
          [
            73.961385,
            15.268125
          ],
          [
            73.9676266,
            15.267395
          ],
          [
            73.9715983,
            15.2657
          ],
          [
            73.977865,
            15.2651983
          ],
          [
            73.9774416,
            15.2682833
          ],
          [
            73.97028,
            15.2693866
          ],
          [
            73.9702633,
            15.2694133
          ],
          [
            73.970125,
            15.2694416
          ],
          [
            73.9702633,
            15.2694133
          ],
          [
            73.97019,
            15.2694566
          ],
          [
            73.9700283,
            15.2694816
          ],
          [
            73.97024,
            15.2693966
          ],
          [
            73.9701666,
            15.2694133
          ],
          [
            73.97019,
            15.2694683
          ],
          [
            73.9701583,
            15.26944
          ],
          [
            73.9701583,
            15.2695533
          ],
          [
            73.9702066,
            15.2694233
          ],
          [
            73.9702066,
            15.269415
          ],
          [
            73.9701733,
            15.2695
          ],
          [
            73.9701583,
            15.2693866
          ],
          [
            73.9701083,
            15.2693333
          ],
          [
            73.9700683,
            15.2694349
          ],
          [
            73.9701166,
            15.2694333
          ],
          [
            73.9700683,
            15.2694316
          ],
          [
            73.9701016,
            15.2693749
          ],
          [
            73.970085,
            15.2693466
          ],
          [
            73.9700766,
            15.2693833
          ],
          [
            73.9701166,
            15.2693616
          ],
          [
            73.9701166,
            15.26941
          ],
          [
            73.9701583,
            15.2695366
          ],
          [
            73.9701083,
            15.2694416
          ],
          [
            73.9701016,
            15.26938
          ],
          [
            73.97015,
            15.2692999
          ],
          [
            73.9699783,
            15.2693316
          ],
          [
            73.9700033,
            15.2693283
          ],
          [
            73.9701583,
            15.2693783
          ],
          [
            73.9701816,
            15.2694116
          ],
          [
            73.9701416,
            15.2695133
          ],
          [
            73.9700766,
            15.2694316
          ],
          [
            73.97006,
            15.2693916
          ],
          [
            73.9701333,
            15.2694483
          ],
          [
            73.9696783,
            15.2694066
          ],
          [
            73.9700116,
            15.269305
          ],
          [
            73.97015,
            15.2694066
          ],
          [
            73.970085,
            15.2694616
          ],
          [
            73.970035,
            15.2694066
          ],
          [
            73.9700033,
            15.2693983
          ],
          [
            73.9700516,
            15.2693866
          ],
          [
            73.9700683,
            15.2693216
          ],
          [
            73.9701016,
            15.2694233
          ],
          [
            73.96984,
            15.2694016
          ],
          [
            73.9700433,
            15.269415
          ],
          [
            73.9701016,
            15.2694166
          ],
          [
            73.9701416,
            15.2693966
          ],
          [
            73.9703783,
            15.26946
          ],
          [
            73.9702883,
            15.2694333
          ],
          [
            73.9702716,
            15.2694033
          ],
          [
            73.9702233,
            15.2693566
          ],
          [
            73.9699133,
            15.2693366
          ],
          [
            73.9700683,
            15.2693233
          ],
          [
            73.9699783,
            15.2693116
          ],
          [
            73.9700766,
            15.2693983
          ],
          [
            73.9701816,
            15.2693766
          ],
          [
            73.9700683,
            15.2694766
          ],
          [
            73.9700516,
            15.2694483
          ],
          [
            73.970125,
            15.2695916
          ],
          [
            73.970035,
            15.2694983
          ],
          [
            73.9701016,
            15.2694483
          ],
          [
            73.970125,
            15.2695083
          ],
          [
            73.970085,
            15.2694816
          ],
          [
            73.97019,
            15.2694516
          ],
          [
            73.9701083,
            15.269385
          ],
          [
            73.9699383,
            15.2694716
          ],
          [
            73.97006,
            15.269425
          ],
          [
            73.9701583,
            15.2694166
          ],
          [
            73.97019,
            15.2694683
          ],
          [
            73.97006,
            15.2694983
          ],
          [
            73.9701083,
            15.2694716
          ],
          [
            73.9701733,
            15.2694333
          ],
          [
            73.9700766,
            15.2693383
          ],
          [
            73.9701166,
            15.2694666
          ],
          [
            73.9700933,
            15.269385
          ],
          [
            73.970125,
            15.26934
          ],
          [
            73.9702066,
            15.2693783
          ],
          [
            73.970215,
            15.269305
          ],
          [
            73.9701816,
            15.269325
          ],
          [
            73.9701333,
            15.2693983
          ],
          [
            73.9700516,
            15.2693483
          ],
          [
            73.9701083,
            15.2694266
          ],
          [
            73.9701016,
            15.2694349
          ],
          [
            73.97015,
            15.2694616
          ],
          [
            73.9701733,
            15.2694166
          ],
          [
            73.97006,
            15.2694216
          ],
          [
            73.9701416,
            15.2694866
          ],
          [
            73.970215,
            15.2693833
          ],
          [
            73.9700033,
            15.2694033
          ],
          [
            73.9701083,
            15.2693783
          ],
          [
            73.9700433,
            15.2693933
          ],
          [
            73.9700516,
            15.2693683
          ],
          [
            73.9701083,
            15.2693333
          ],
          [
            73.9702883,
            15.2693883
          ],
          [
            73.9701583,
            15.2693833
          ],
          [
            73.9702966,
            15.2694116
          ],
          [
            73.9702716,
            15.269385
          ],
          [
            73.9700933,
            15.269395
          ],
          [
            73.9700933,
            15.2693916
          ],
          [
            73.9701816,
            15.2694033
          ],
          [
            73.970035,
            15.2693916
          ],
          [
            73.9701333,
            15.269425
          ],
          [
            73.9701016,
            15.2693616
          ],
          [
            73.9701016,
            15.269415
          ],
          [
            73.9700683,
            15.2694266
          ],
          [
            73.9700766,
            15.2694316
          ],
          [
            73.970125,
            15.26944
          ],
          [
            73.9699866,
            15.2694316
          ],
          [
            73.9704016,
            15.2694966
          ],
          [
            73.9701983,
            15.2694416
          ],
          [
            73.9700516,
            15.26943
          ],
          [
            73.9700683,
            15.2694433
          ],
          [
            73.9700933,
            15.26947
          ],
          [
            73.9701666,
            15.2694216
          ],
          [
            73.9700933,
            15.2694066
          ],
          [
            73.9700033,
            15.2694266
          ],
          [
            73.969995,
            15.26949
          ],
          [
            73.9701983,
            15.26944
          ],
          [
            73.9701816,
            15.2694216
          ],
          [
            73.9705083,
            15.2694933
          ],
          [
            73.9701583,
            15.2693966
          ],
          [
            73.9699633,
            15.2693866
          ],
          [
            73.9700683,
            15.2694416
          ],
          [
            73.9700116,
            15.2694266
          ],
          [
            73.9700433,
            15.2694316
          ],
          [
            73.970085,
            15.2694583
          ],
          [
            73.9701733,
            15.2694633
          ],
          [
            73.97019,
            15.2694349
          ],
          [
            73.9701166,
            15.2694433
          ],
          [
            73.9701666,
            15.2694116
          ],
          [
            73.970215,
            15.2694433
          ],
          [
            73.9700933,
            15.2694199
          ],
          [
            73.9702233,
            15.2694266
          ],
          [
            73.9701666,
            15.2694333
          ],
          [
            73.970125,
            15.2693033
          ],
          [
            73.970125,
            15.269405
          ],
          [
            73.9700766,
            15.2694216
          ],
          [
            73.9700433,
            15.2695033
          ],
          [
            73.97015,
            15.2695216
          ],
          [
            73.97006,
            15.2694066
          ],
          [
            73.97015,
            15.269415
          ],
          [
            73.9700766,
            15.2693666
          ],
          [
            73.9699216,
            15.26947
          ],
          [
            73.9701666,
            15.269425
          ],
          [
            73.9700116,
            15.2695233
          ],
          [
            73.9698966,
            15.2694683
          ],
          [
            73.9700283,
            15.2695316
          ],
          [
            73.9700516,
            15.2695433
          ],
          [
            73.970125,
            15.26947
          ],
          [
            73.969995,
            15.26954
          ],
          [
            73.969955,
            15.2695316
          ],
          [
            73.969995,
            15.2694933
          ],
          [
            73.969995,
            15.26953
          ],
          [
            73.9700766,
            15.26953
          ],
          [
            73.97015,
            15.2696516
          ],
          [
            73.9700683,
            15.2695616
          ],
          [
            73.9700683,
            15.2696016
          ],
          [
            73.9700683,
            15.269535
          ],
          [
            73.9701666,
            15.2695366
          ],
          [
            73.9701016,
            15.2697016
          ],
          [
            73.970125,
            15.2696566
          ],
          [
            73.9700933,
            15.2694016
          ],
          [
            73.9701333,
            15.2696366
          ],
          [
            73.9701416,
            15.26953
          ],
          [
            73.96993,
            15.269625
          ],
          [
            73.970035,
            15.2695666
          ],
          [
            73.9700433,
            15.2693683
          ],
          [
            73.969995,
            15.2697466
          ],
          [
            73.97002,
            15.2696466
          ],
          [
            73.969955,
            15.2695066
          ],
          [
            73.9701083,
            15.2694566
          ],
          [
            73.969995,
            15.2695766
          ],
          [
            73.9700433,
            15.2692016
          ],
          [
            73.970085,
            15.269235
          ],
          [
            73.970085,
            15.2692999
          ],
          [
            73.9700033,
            15.2693866
          ],
          [
            73.9700116,
            15.269395
          ],
          [
            73.9700283,
            15.2693516
          ],
          [
            73.9699866,
            15.269395
          ],
          [
            73.97015,
            15.2693833
          ],
          [
            73.970305,
            15.2692549
          ],
          [
            73.9702233,
            15.2692933
          ],
          [
            73.9701416,
            15.269425
          ],
          [
            73.9701333,
            15.26935
          ],
          [
            73.969995,
            15.2694383
          ],
          [
            73.97006,
            15.2693983
          ],
          [
            73.9699866,
            15.2694016
          ],
          [
            73.97002,
            15.2693966
          ],
          [
            73.9700116,
            15.2694066
          ],
          [
            73.9700033,
            15.2694033
          ],
          [
            73.9699866,
            15.26935
          ],
          [
            73.9699866,
            15.2693883
          ],
          [
            73.9700283,
            15.26944
          ],
          [
            73.9700433,
            15.26944
          ],
          [
            73.969955,
            15.26937
          ],
          [
            73.9701583,
            15.2693983
          ],
          [
            73.9701333,
            15.2693416
          ],
          [
            73.970085,
            15.269395
          ],
          [
            73.970085,
            15.26943
          ],
          [
            73.9700433,
            15.2694066
          ],
          [
            73.9701733,
            15.2694166
          ],
          [
            73.97015,
            15.26941
          ],
          [
            73.9699216,
            15.26945
          ],
          [
            73.9699383,
            15.2694483
          ],
          [
            73.97002,
            15.269425
          ],
          [
            73.9700116,
            15.2694416
          ],
          [
            73.9700033,
            15.2694066
          ],
          [
            73.969995,
            15.269425
          ],
          [
            73.9697433,
            15.2695233
          ],
          [
            73.969955,
            15.2693749
          ],
          [
            73.969955,
            15.2694483
          ],
          [
            73.969995,
            15.2694016
          ],
          [
            73.9702883,
            15.2693316
          ],
          [
            73.9702633,
            15.2693433
          ],
          [
            73.9702966,
            15.2693333
          ],
          [
            73.9702883,
            15.2693016
          ],
          [
            73.9700933,
            15.2693966
          ],
          [
            73.9698083,
            15.269505
          ],
          [
            73.9699783,
            15.2694349
          ],
          [
            73.9699466,
            15.2693666
          ],
          [
            73.9700116,
            15.269385
          ],
          [
            73.9710766,
            15.2694866
          ],
          [
            73.9702316,
            15.269385
          ],
          [
            73.9700433,
            15.2692933
          ],
          [
            73.970035,
            15.2692866
          ],
          [
            73.9700116,
            15.2693299
          ],
          [
            73.97002,
            15.26934
          ],
          [
            73.97002,
            15.2693733
          ],
          [
            73.96997,
            15.2693916
          ],
          [
            73.96997,
            15.269315
          ],
          [
            73.96993,
            15.2693566
          ],
          [
            73.9698966,
            15.2694383
          ],
          [
            73.9699133,
            15.2694266
          ],
          [
            73.9700283,
            15.269315
          ],
          [
            73.97006,
            15.269395
          ],
          [
            73.9700033,
            15.2693983
          ],
          [
            73.969865,
            15.2693833
          ],
          [
            73.9700933,
            15.2693316
          ],
          [
            73.9703533,
            15.269205
          ],
          [
            73.9703366,
            15.269205
          ],
          [
            73.97006,
            15.2693966
          ],
          [
            73.970035,
            15.269395
          ],
          [
            73.969995,
            15.2694266
          ],
          [
            73.9699783,
            15.269395
          ],
          [
            73.9699466,
            15.2692549
          ],
          [
            73.9699466,
            15.269355
          ],
          [
            73.9700033,
            15.2693483
          ],
          [
            73.9701166,
            15.2693116
          ],
          [
            73.9700433,
            15.2693883
          ],
          [
            73.970035,
            15.269395
          ],
          [
            73.9699783,
            15.26941
          ],
          [
            73.970035,
            15.2693783
          ],
          [
            73.96997,
            15.2694066
          ],
          [
            73.969955,
            15.2694316
          ],
          [
            73.97006,
            15.2694033
          ],
          [
            73.9701733,
            15.269475
          ],
          [
            73.9700933,
            15.2694216
          ],
          [
            73.970085,
            15.269295
          ],
          [
            73.9701083,
            15.2693283
          ],
          [
            73.97015,
            15.2693316
          ],
          [
            73.9700933,
            15.26936
          ],
          [
            73.97002,
            15.2693283
          ],
          [
            73.9699633,
            15.2692999
          ],
          [
            73.96984,
            15.26927
          ],
          [
            73.9698966,
            15.2692566
          ],
          [
            73.9700766,
            15.2693299
          ],
          [
            73.9699783,
            15.269325
          ],
          [
            73.9700766,
            15.26925
          ],
          [
            73.97006,
            15.2692399
          ],
          [
            73.9700116,
            15.2692916
          ],
          [
            73.9700933,
            15.2692283
          ],
          [
            73.9701166,
            15.269275
          ],
          [
            73.9700116,
            15.2693283
          ],
          [
            73.970085,
            15.2692416
          ],
          [
            73.9701166,
            15.26925
          ],
          [
            73.9700516,
            15.269445
          ],
          [
            73.9701333,
            15.2695116
          ],
          [
            73.970085,
            15.2693216
          ],
          [
            73.9700766,
            15.2693483
          ],
          [
            73.97002,
            15.2693299
          ],
          [
            73.9700116,
            15.269325
          ],
          [
            73.97002,
            15.2693416
          ],
          [
            73.9700283,
            15.2693333
          ],
          [
            73.97028,
            15.26938
          ],
          [
            73.9701733,
            15.2693749
          ],
          [
            73.9702066,
            15.2693683
          ],
          [
            73.9702316,
            15.269355
          ],
          [
            73.970085,
            15.2694333
          ],
          [
            73.970035,
            15.2694666
          ],
          [
            73.9701816,
            15.269365
          ],
          [
            73.97019,
            15.2693766
          ],
          [
            73.9701166,
            15.2694349
          ],
          [
            73.9701333,
            15.2694266
          ],
          [
            73.9700433,
            15.2693983
          ],
          [
            73.9700033,
            15.2694616
          ],
          [
            73.9700433,
            15.269485
          ],
          [
            73.970125,
            15.2694199
          ],
          [
            73.9700033,
            15.2694433
          ],
          [
            73.97006,
            15.2692833
          ],
          [
            73.9701016,
            15.2692816
          ],
          [
            73.9701583,
            15.2695966
          ],
          [
            73.9702233,
            15.269515
          ],
          [
            73.9701983,
            15.2695266
          ],
          [
            73.9700766,
            15.2694333
          ],
          [
            73.970125,
            15.2693316
          ],
          [
            73.970125,
            15.2693333
          ],
          [
            73.9699866,
            15.2693616
          ],
          [
            73.969955,
            15.2693883
          ],
          [
            73.9700283,
            15.2694966
          ],
          [
            73.9701416,
            15.2694666
          ],
          [
            73.9701816,
            15.26946
          ],
          [
            73.970085,
            15.2693916
          ],
          [
            73.9700433,
            15.2694383
          ],
          [
            73.9701733,
            15.26941
          ],
          [
            73.9699783,
            15.2696266
          ],
          [
            73.9701583,
            15.2696599
          ],
          [
            73.970085,
            15.269495
          ],
          [
            73.970125,
            15.2694666
          ],
          [
            73.9700283,
            15.2694033
          ],
          [
            73.9700033,
            15.269425
          ],
          [
            73.969955,
            15.2695266
          ],
          [
            73.9699783,
            15.2695033
          ],
          [
            73.9704099,
            15.2691716
          ],
          [
            73.96984,
            15.2694766
          ],
          [
            73.9704016,
            15.2690716
          ],
          [
            73.9703616,
            15.269125
          ],
          [
            73.9701983,
            15.2694983
          ],
          [
            73.9701816,
            15.26954
          ],
          [
            73.9701333,
            15.2695783
          ],
          [
            73.9702716,
            15.2695366
          ],
          [
            73.9702316,
            15.269495
          ],
          [
            73.9700433,
            15.2695533
          ],
          [
            73.97019,
            15.26943
          ],
          [
            73.9700683,
            15.26949
          ],
          [
            73.970305,
            15.2691083
          ],
          [
            73.9701733,
            15.2693233
          ],
          [
            73.9702066,
            15.2694799
          ],
          [
            73.9702233,
            15.2695249
          ],
          [
            73.9703199,
            15.2693866
          ],
          [
            73.970255,
            15.26943
          ],
          [
            73.9701083,
            15.2695666
          ],
          [
            73.9701016,
            15.2695
          ],
          [
            73.9701666,
            15.269385
          ],
          [
            73.970125,
            15.2694516
          ],
          [
            73.9700766,
            15.26947
          ],
          [
            73.9701416,
            15.2694166
          ],
          [
            73.9701083,
            15.26944
          ],
          [
            73.9701016,
            15.2695133
          ],
          [
            73.970085,
            15.26947
          ],
          [
            73.97015,
            15.2694416
          ],
          [
            73.9702466,
            15.2693433
          ],
          [
            73.9701666,
            15.2694316
          ]
        ]
      },
      "properties": {
        "Vehicle_No": "GA 07 G 2317-MRG(EMERGENCY RESCUE TENDER)",
        "Vehicle_Name": "5035",
        "Branch": "Fire Station Margao",
        "created": "10-01-2026 05:30:33+05:30",
        "lastUpdated": "10-01-2026 18:12:00+05:30"
      }
    },
    {
      "type": "Feature",
      "geometry": {
        "type": "LineString",
        "coordinates": [
          [
            73.8513016,
            15.3887316
          ],
          [
            73.8489183,
            15.3904833
          ],
          [
            73.8484216,
            15.3900933
          ],
          [
            73.849715,
            15.39351
          ],
          [
            73.85345,
            15.391425
          ],
          [
            73.8578283,
            15.3901666
          ],
          [
            73.86097,
            15.3940433
          ],
          [
            73.8607833,
            15.398025
          ],
          [
            73.8656166,
            15.4017716
          ],
          [
            73.8714683,
            15.396025
          ],
          [
            73.8794266,
            15.3973799
          ],
          [
            73.8884433,
            15.4009983
          ],
          [
            73.8927416,
            15.40338
          ],
          [
            73.8931883,
            15.4053583
          ],
          [
            73.8931483,
            15.4053483
          ],
          [
            73.8931483,
            15.4053266
          ],
          [
            73.8931966,
            15.4053216
          ],
          [
            73.8930833,
            15.40424
          ],
          [
            73.8928716,
            15.40345
          ],
          [
            73.882535,
            15.398405
          ],
          [
            73.8784833,
            15.3970333
          ],
          [
            73.8700116,
            15.3996333
          ],
          [
            73.864795,
            15.4017066
          ],
          [
            73.8608483,
            15.3978183
          ],
          [
            73.8606116,
            15.3968933
          ],
          [
            73.8606033,
            15.3968783
          ],
          [
            73.8605716,
            15.3969666
          ],
          [
            73.8606933,
            15.39765
          ],
          [
            73.8616783,
            15.4004416
          ],
          [
            73.8558016,
            15.400165
          ],
          [
            73.8489983,
            15.3984483
          ],
          [
            73.845125,
            15.39748
          ],
          [
            73.8470216,
            15.3917066
          ],
          [
            73.8493483,
            15.3912949
          ],
          [
            73.8495683,
            15.3933916
          ],
          [
            73.8529616,
            15.392895
          ],
          [
            73.8540766,
            15.3901083
          ],
          [
            73.851905,
            15.3888916
          ],
          [
            73.85131,
            15.3888116
          ],
          [
            73.8513266,
            15.3887599
          ],
          [
            73.8512933,
            15.3888383
          ],
          [
            73.8513266,
            15.388765
          ],
          [
            73.8513183,
            15.3887666
          ],
          [
            73.851375,
            15.3886866
          ],
          [
            73.848625,
            15.390125
          ],
          [
            73.8485516,
            15.3902466
          ],
          [
            73.8469966,
            15.391695
          ],
          [
            73.8467533,
            15.392005
          ],
          [
            73.853785,
            15.400675
          ],
          [
            73.8596183,
            15.3978316
          ],
          [
            73.8659916,
            15.4018633
          ],
          [
            73.8701666,
            15.399395
          ],
          [
            73.8782466,
            15.396915
          ],
          [
            73.8853916,
            15.3996383
          ],
          [
            73.8900066,
            15.4013766
          ],
          [
            73.8931883,
            15.40499
          ],
          [
            73.8931066,
            15.4053733
          ],
          [
            73.893115,
            15.4053566
          ]
        ]
      },
      "properties": {
        "Vehicle_No": "GA 07 G 1570-VAS(QUICK RESPONSE FIRE TENDER)",
        "Vehicle_Name": "5035",
        "Branch": "Fire Station Vasco",
        "created": "10-01-2026 05:30:37+05:30",
        "lastUpdated": "10-01-2026 15:58:19+05:30"
      }
    },
    {
      "type": "Feature",
      "geometry": {
        "type": "LineString",
        "coordinates": [
          [
            73.85184,
            15.38871
          ],
          [
            73.849935,
            15.3896499
          ],
          [
            73.8476733,
            15.3888816
          ],
          [
            73.848845,
            15.39323
          ],
          [
            73.8529466,
            15.3928916
          ],
          [
            73.8571283,
            15.388235
          ],
          [
            73.8591716,
            15.3878516
          ],
          [
            73.8651199,
            15.3870383
          ],
          [
            73.876285,
            15.3870216
          ],
          [
            73.8834233,
            15.3784216
          ],
          [
            73.8920166,
            15.3722983
          ],
          [
            73.8915116,
            15.3718216
          ],
          [
            73.8979899,
            15.3675766
          ],
          [
            73.8938316,
            15.36417
          ],
          [
            73.8928633,
            15.3624333
          ],
          [
            73.8897549,
            15.355285
          ],
          [
            73.8937666,
            15.3499166
          ],
          [
            73.8944333,
            15.3491816
          ],
          [
            73.8976066,
            15.345245
          ],
          [
            73.89943,
            15.342855
          ],
          [
            73.89974,
            15.33976
          ],
          [
            73.8971349,
            15.3424166
          ],
          [
            73.895305,
            15.3454016
          ],
          [
            73.8939049,
            15.3482266
          ],
          [
            73.892415,
            15.3496483
          ],
          [
            73.8923416,
            15.3496783
          ],
          [
            73.89231,
            15.3497116
          ],
          [
            73.891935,
            15.3505716
          ],
          [
            73.8919683,
            15.350575
          ],
          [
            73.89244,
            15.34875
          ],
          [
            73.8940016,
            15.3475383
          ],
          [
            73.8960766,
            15.344755
          ],
          [
            73.8974683,
            15.3412866
          ],
          [
            73.8997799,
            15.3399
          ],
          [
            73.8991866,
            15.3432133
          ],
          [
            73.89677,
            15.3465266
          ],
          [
            73.8943283,
            15.3493716
          ],
          [
            73.8921633,
            15.3526266
          ],
          [
            73.8897616,
            15.35547
          ],
          [
            73.889225,
            15.3601333
          ],
          [
            73.894475,
            15.365195
          ],
          [
            73.8955,
            15.3663233
          ],
          [
            73.896615,
            15.369915
          ],
          [
            73.8919766,
            15.37162
          ],
          [
            73.8904616,
            15.372705
          ],
          [
            73.883635,
            15.378035
          ],
          [
            73.8750649,
            15.3867916
          ],
          [
            73.86967,
            15.3861533
          ],
          [
            73.863835,
            15.38736
          ],
          [
            73.8561199,
            15.388935
          ],
          [
            73.8530916,
            15.3900966
          ],
          [
            73.8514166,
            15.3887433
          ],
          [
            73.851335,
            15.38901
          ],
          [
            73.85105,
            15.38902
          ],
          [
            73.8510333,
            15.3890283
          ],
          [
            73.8509933,
            15.3890383
          ]
        ]
      },
      "properties": {
        "Vehicle_No": "GA 07 G 4101-VAS(MS WATER TENDER)",
        "Vehicle_Name": "5035",
        "Branch": "Fire Station Vasco",
        "created": "10-01-2026 05:29:47+05:30",
        "lastUpdated": "10-01-2026 11:39:57+05:30"
      }
    },
    {
      "type": "Feature",
      "geometry": {
        "type": "LineString",
        "coordinates": [
          [
            73.851245,
            15.3888067
          ],
          [
            73.85122,
            15.388855
          ],
          [
            73.8512283,
            15.388835
          ],
          [
            73.851245,
            15.3888617
          ],
          [
            73.8512367,
            15.3888617
          ],
          [
            73.851245,
            15.388865
          ],
          [
            73.8512533,
            15.3887717
          ],
          [
            73.8513433,
            15.3886817
          ],
          [
            73.8513583,
            15.3887133
          ],
          [
            73.8514167,
            15.3887283
          ],
          [
            73.8514233,
            15.38876
          ],
          [
            73.8513183,
            15.3887783
          ],
          [
            73.84917,
            15.3904317
          ],
          [
            73.8461433,
            15.38675
          ],
          [
            73.8358483,
            15.385555
          ],
          [
            73.8310383,
            15.386725
          ],
          [
            73.8196367,
            15.3856917
          ],
          [
            73.8114983,
            15.383995
          ],
          [
            73.80835,
            15.3866667
          ],
          [
            73.8043617,
            15.395345
          ],
          [
            73.7970217,
            15.3955867
          ],
          [
            73.79397,
            15.4008117
          ],
          [
            73.7940267,
            15.4011867
          ],
          [
            73.7943117,
            15.4018217
          ],
          [
            73.7946133,
            15.3969417
          ],
          [
            73.8002117,
            15.3952433
          ],
          [
            73.8070317,
            15.392595
          ],
          [
            73.8095783,
            15.3841733
          ],
          [
            73.818115,
            15.3846983
          ],
          [
            73.8229567,
            15.3893817
          ],
          [
            73.8292883,
            15.3878883
          ],
          [
            73.8420333,
            15.3860433
          ],
          [
            73.8439133,
            15.38631
          ],
          [
            73.8474767,
            15.38864
          ],
          [
            73.8491217,
            15.39084
          ],
          [
            73.848885,
            15.3929583
          ],
          [
            73.8509367,
            15.3933917
          ],
          [
            73.8537183,
            15.3909167
          ],
          [
            73.8525633,
            15.3900333
          ],
          [
            73.8521083,
            15.38913
          ],
          [
            73.8513433,
            15.388835
          ],
          [
            73.85109,
            15.3889917
          ],
          [
            73.8509683,
            15.38903
          ],
          [
            73.8510817,
            15.389095
          ],
          [
            73.8511067,
            15.389115
          ]
        ]
      },
      "properties": {
        "Vehicle_No": "GA 07 G 0819-VAS(WATER/FOAM TENDER)",
        "Vehicle_Name": "4G",
        "Branch": "Fire Station Vasco",
        "created": "10-01-2026 05:30:29+05:30",
        "lastUpdated": "10-01-2026 17:15:27+05:30"
      }
    },
    {
      "type": "Feature",
      "geometry": {
        "type": "LineString",
        "coordinates": [
          [
            73.9701816,
            15.26958
          ],
          [
            73.9702233,
            15.2694883
          ]
        ]
      },
      "properties": {
        "Vehicle_No": "GA 07 G 7100-MRG(WATER BOUSER)",
        "Vehicle_Name": "5035",
        "Branch": "Fire Station Margao",
        "created": "10-01-2026 05:30:05+05:30",
        "lastUpdated": "10-01-2026 05:31:27+05:30"
      }
    },
    {
      "type": "Feature",
      "geometry": {
        "type": "LineString",
        "coordinates": [
          [
            73.970435,
            15.2694016
          ],
          [
            73.9726733,
            15.2735
          ],
          [
            73.9735266,
            15.2751233
          ],
          [
            73.9764083,
            15.2788433
          ],
          [
            73.9783283,
            15.2824333
          ],
          [
            73.9796866,
            15.2842566
          ],
          [
            73.9789883,
            15.2854616
          ],
          [
            73.97889,
            15.28551
          ],
          [
            73.97806,
            15.2871749
          ],
          [
            73.9752283,
            15.2932033
          ],
          [
            73.9716466,
            15.2979366
          ],
          [
            73.9751133,
            15.3032049
          ],
          [
            73.9787683,
            15.3090916
          ],
          [
            73.9837966,
            15.3140383
          ],
          [
            73.9847166,
            15.3215766
          ],
          [
            73.9896166,
            15.32668
          ],
          [
            73.9979166,
            15.336465
          ],
          [
            73.9998133,
            15.3371433
          ],
          [
            74.00109,
            15.344755
          ],
          [
            74.002775,
            15.34944
          ],
          [
            74.0040033,
            15.3523816
          ],
          [
            74.0022383,
            15.3573966
          ],
          [
            73.999675,
            15.3619666
          ],
          [
            74.0034266,
            15.366375
          ],
          [
            74.00354,
            15.3664066
          ],
          [
            74.0077633,
            15.3680783
          ],
          [
            74.0107266,
            15.3734016
          ],
          [
            74.0148116,
            15.3812933
          ],
          [
            74.0146816,
            15.3842283
          ],
          [
            74.0221433,
            15.39318
          ],
          [
            74.024545,
            15.3952516
          ],
          [
            74.0274816,
            15.4022233
          ],
          [
            74.0282233,
            15.406755
          ],
          [
            74.028735,
            15.4129666
          ],
          [
            74.0390133,
            15.4187333
          ],
          [
            74.0447266,
            15.424315
          ],
          [
            74.0522216,
            15.4217733
          ],
          [
            74.05944,
            15.4315566
          ],
          [
            74.0600666,
            15.43701
          ],
          [
            74.0640216,
            15.4437766
          ],
          [
            74.0593016,
            15.4446883
          ],
          [
            74.0519449,
            15.44494
          ],
          [
            74.04987,
            15.45027
          ],
          [
            74.0476566,
            15.4599583
          ],
          [
            74.0474683,
            15.461515
          ],
          [
            74.0407633,
            15.4714816
          ],
          [
            74.03619,
            15.4819583
          ],
          [
            74.0334466,
            15.4871216
          ],
          [
            74.0291416,
            15.4914516
          ],
          [
            74.0213866,
            15.4984716
          ],
          [
            74.0211999,
            15.5034016
          ],
          [
            74.0144933,
            15.5146183
          ],
          [
            74.0130366,
            15.5190716
          ],
          [
            74.0114983,
            15.5215033
          ],
          [
            74.0095216,
            15.53043
          ],
          [
            74.0113449,
            15.5338966
          ],
          [
            74.0104816,
            15.5405316
          ],
          [
            74.0127933,
            15.5442183
          ],
          [
            74.016195,
            15.5474366
          ],
          [
            74.0149249,
            15.55409
          ],
          [
            74.0148933,
            15.557995
          ],
          [
            74.0132166,
            15.5605833
          ],
          [
            74.0111083,
            15.5628283
          ],
          [
            74.0087883,
            15.5653733
          ],
          [
            74.0024083,
            15.56802
          ],
          [
            73.9990233,
            15.5715866
          ],
          [
            73.9939783,
            15.5748099
          ],
          [
            73.987435,
            15.576585
          ],
          [
            73.98073,
            15.5770133
          ],
          [
            73.973095,
            15.5790816
          ],
          [
            73.9726733,
            15.5792066
          ],
          [
            73.9642016,
            15.5828333
          ],
          [
            73.95682,
            15.5857083
          ],
          [
            73.95341,
            15.5873533
          ],
          [
            73.9503749,
            15.5875766
          ],
          [
            73.9487149,
            15.5881283
          ],
          [
            73.9475416,
            15.5885516
          ],
          [
            73.9473383,
            15.5887233
          ],
          [
            73.9466633,
            15.5895866
          ],
          [
            73.9466633,
            15.5895899
          ],
          [
            73.9466316,
            15.5893716
          ],
          [
            73.9466883,
            15.5894633
          ],
          [
            73.9468416,
            15.589415
          ],
          [
            73.9468416,
            15.5894883
          ],
          [
            73.9467933,
            15.5893966
          ],
          [
            73.9468016,
            15.589415
          ],
          [
            73.9467933,
            15.5894233
          ],
          [
            73.9459066,
            15.5902483
          ],
          [
            73.9438233,
            15.5871433
          ],
          [
            73.94113,
            15.5840216
          ],
          [
            73.93488,
            15.582235
          ],
          [
            73.9289383,
            15.58184
          ],
          [
            73.9258633,
            15.58022
          ],
          [
            73.9203199,
            15.5798666
          ],
          [
            73.9154866,
            15.581705
          ],
          [
            73.915625,
            15.5815933
          ],
          [
            73.9156333,
            15.581575
          ],
          [
            73.9119216,
            15.5833399
          ],
          [
            73.9024583,
            15.594835
          ],
          [
            73.89851,
            15.5972933
          ],
          [
            73.8961666,
            15.5979
          ],
          [
            73.8920416,
            15.59576
          ],
          [
            73.8879549,
            15.5945533
          ],
          [
            73.887215,
            15.5938333
          ],
          [
            73.8871833,
            15.5938216
          ],
          [
            73.8854733,
            15.5931533
          ],
          [
            73.8829266,
            15.5904566
          ],
          [
            73.8826416,
            15.5901666
          ],
          [
            73.8782716,
            15.5932416
          ],
          [
            73.874105,
            15.5938449
          ],
          [
            73.8720616,
            15.5899683
          ],
          [
            73.8704099,
            15.5895566
          ],
          [
            73.868775,
            15.5882016
          ],
          [
            73.8677416,
            15.584885
          ],
          [
            73.8668299,
            15.5816166
          ],
          [
            73.86556,
            15.5778283
          ],
          [
            73.8640216,
            15.573045
          ],
          [
            73.863395,
            15.5695216
          ],
          [
            73.8614583,
            15.5649233
          ],
          [
            73.8631266,
            15.5618283
          ],
          [
            73.8663,
            15.5601183
          ],
          [
            73.86814,
            15.5576583
          ],
          [
            73.8680016,
            15.5571433
          ],
          [
            73.86801,
            15.55733
          ],
          [
            73.8680583,
            15.5573683
          ],
          [
            73.86814,
            15.5573216
          ],
          [
            73.8683183,
            15.5582766
          ],
          [
            73.8682216,
            15.55835
          ],
          [
            73.866935,
            15.5597133
          ],
          [
            73.8642583,
            15.5615566
          ],
          [
            73.861735,
            15.5635066
          ],
          [
            73.8631183,
            15.5689716
          ],
          [
            73.8637533,
            15.572935
          ],
          [
            73.8651283,
            15.5777183
          ],
          [
            73.8669916,
            15.5823283
          ],
          [
            73.86805,
            15.58582
          ],
          [
            73.8684166,
            15.5872916
          ],
          [
            73.8706466,
            15.5896883
          ],
          [
            73.8724033,
            15.5899083
          ],
          [
            73.8729816,
            15.5905883
          ],
          [
            73.8745516,
            15.594265
          ],
          [
            73.8798666,
            15.5926883
          ],
          [
            73.8829433,
            15.59031
          ],
          [
            73.8871183,
            15.5937066
          ],
          [
            73.8892416,
            15.59561
          ],
          [
            73.8937983,
            15.5958433
          ],
          [
            73.8963866,
            15.5989416
          ],
          [
            73.8939283,
            15.6049516
          ],
          [
            73.8939366,
            15.6050233
          ],
          [
            73.8939866,
            15.6050616
          ],
          [
            73.894645,
            15.6061116
          ],
          [
            73.8994633,
            15.6050666
          ],
          [
            73.9016599,
            15.604785
          ],
          [
            73.90275,
            15.6088316
          ],
          [
            73.901635,
            15.615315
          ],
          [
            73.9010583,
            15.61832
          ],
          [
            73.9030433,
            15.6193283
          ],
          [
            73.9058916,
            15.6198183
          ],
          [
            73.9119716,
            15.619295
          ],
          [
            73.9187016,
            15.6190916
          ],
          [
            73.925325,
            15.61594
          ],
          [
            73.92959,
            15.6122983
          ],
          [
            73.934,
            15.6056116
          ],
          [
            73.9379066,
            15.6011583
          ],
          [
            73.9435383,
            15.5953983
          ],
          [
            73.9460766,
            15.591645
          ],
          [
            73.945915,
            15.5896533
          ],
          [
            73.9466066,
            15.5895733
          ],
          [
            73.9471183,
            15.58895
          ],
          [
            73.9498699,
            15.5880616
          ],
          [
            73.953125,
            15.5875433
          ],
          [
            73.9577633,
            15.5854616
          ],
          [
            73.9628016,
            15.58329
          ],
          [
            73.9675783,
            15.5818483
          ],
          [
            73.9696783,
            15.5810033
          ],
          [
            73.9898266,
            15.575675
          ],
          [
            73.9980633,
            15.572225
          ],
          [
            74.0031983,
            15.5677916
          ],
          [
            74.0079016,
            15.56614
          ],
          [
            74.0106533,
            15.563615
          ],
          [
            74.012565,
            15.5613466
          ],
          [
            74.01455,
            15.5584266
          ],
          [
            74.0150966,
            15.5545199
          ],
          [
            74.0159416,
            15.5516216
          ],
          [
            74.014225,
            15.5460116
          ],
          [
            74.0124833,
            15.5423866
          ],
          [
            74.0112066,
            15.5360399
          ],
          [
            74.0120766,
            15.5317816
          ],
          [
            74.0100266,
            15.5306883
          ],
          [
            74.0090733,
            15.5280066
          ],
          [
            74.0099533,
            15.5233016
          ],
          [
            74.0132983,
            15.5185299
          ],
          [
            74.0151283,
            15.5121
          ],
          [
            74.0207849,
            15.5040349
          ],
          [
            74.0215083,
            15.4981683
          ],
          [
            74.022745,
            15.4970616
          ],
          [
            74.0332849,
            15.4873216
          ],
          [
            74.0357016,
            15.4827349
          ],
          [
            74.039055,
            15.4755
          ],
          [
            74.0452466,
            15.4648766
          ],
          [
            74.0477133,
            15.4597166
          ],
          [
            74.04825,
            15.4532833
          ],
          [
            74.0504883,
            15.4478466
          ],
          [
            74.0553549,
            15.444725
          ],
          [
            74.062395,
            15.444545
          ],
          [
            74.06346,
            15.4407533
          ],
          [
            74.059985,
            15.4354933
          ],
          [
            74.056625,
            15.4273966
          ],
          [
            74.0517166,
            15.4212183
          ],
          [
            74.0463533,
            15.424435
          ],
          [
            74.0412516,
            15.4208133
          ],
          [
            74.0267416,
            15.40918
          ],
          [
            74.0245366,
            15.3950166
          ],
          [
            74.0223466,
            15.3931783
          ],
          [
            74.014885,
            15.3841916
          ],
          [
            74.0153316,
            15.37418
          ],
          [
            74.012475,
            15.3735833
          ],
          [
            74.00979,
            15.36989
          ],
          [
            74.0097416,
            15.369895
          ],
          [
            74.0097,
            15.3698733
          ],
          [
            74.006055,
            15.367545
          ],
          [
            74.0010166,
            15.3656183
          ],
          [
            73.9996183,
            15.3626233
          ],
          [
            74.0023349,
            15.35637
          ],
          [
            74.0040766,
            15.35217
          ],
          [
            74.0032233,
            15.35032
          ],
          [
            74.002735,
            15.3488749
          ],
          [
            74.0017416,
            15.3462466
          ],
          [
            74.0011466,
            15.3399516
          ],
          [
            73.9937583,
            15.334475
          ],
          [
            73.98955,
            15.32511
          ],
          [
            73.9885166,
            15.3232283
          ],
          [
            73.9840083,
            15.3199683
          ],
          [
            73.9837,
            15.3151666
          ],
          [
            73.97845,
            15.3088533
          ],
          [
            73.9746833,
            15.3026716
          ],
          [
            73.97229,
            15.2974616
          ],
          [
            73.9761149,
            15.2915583
          ],
          [
            73.978695,
            15.2865216
          ],
          [
            73.98016,
            15.2826666
          ],
          [
            73.980045,
            15.28215
          ],
          [
            73.9802333,
            15.2816949
          ],
          [
            73.9787116,
            15.2716333
          ],
          [
            73.9770666,
            15.2677266
          ],
          [
            73.9768716,
            15.2677533
          ],
          [
            73.9701416,
            15.2693016
          ],
          [
            73.97019,
            15.2693683
          ],
          [
            73.9704666,
            15.269355
          ],
          [
            73.97028,
            15.2718583
          ],
          [
            73.9674316,
            15.2713033
          ],
          [
            73.9632316,
            15.2716716
          ],
          [
            73.9631016,
            15.27515
          ],
          [
            73.960995,
            15.2779533
          ],
          [
            73.9603183,
            15.28044
          ],
          [
            73.9560633,
            15.2812116
          ],
          [
            73.956755,
            15.2829916
          ],
          [
            73.955795,
            15.2855483
          ],
          [
            73.95468,
            15.2897883
          ],
          [
            73.9530033,
            15.2953983
          ],
          [
            73.9540366,
            15.2950566
          ],
          [
            73.95411,
            15.2950216
          ],
          [
            73.9540933,
            15.29502
          ],
          [
            73.9535566,
            15.295805
          ],
          [
            73.95354,
            15.2957933
          ],
          [
            73.953995,
            15.2925766
          ],
          [
            73.95481,
            15.2886816
          ],
          [
            73.956095,
            15.2854233
          ],
          [
            73.9572016,
            15.2831316
          ],
          [
            73.9579433,
            15.2815116
          ],
          [
            73.9606683,
            15.2804916
          ],
          [
            73.9613683,
            15.27817
          ],
          [
            73.96333,
            15.2749366
          ],
          [
            73.9638183,
            15.2726683
          ],
          [
            73.966195,
            15.2716383
          ],
          [
            73.9685783,
            15.27172
          ],
          [
            73.9700283,
            15.2696266
          ],
          [
            73.9705483,
            15.2694533
          ],
          [
            73.9706133,
            15.26945
          ],
          [
            73.9706383,
            15.26943
          ],
          [
            73.97028,
            15.27134
          ],
          [
            73.9660066,
            15.2716166
          ],
          [
            73.9646816,
            15.27169
          ],
          [
            73.9634683,
            15.2730083
          ],
          [
            73.96333,
            15.274855
          ],
          [
            73.9620516,
            15.2775133
          ],
          [
            73.9618983,
            15.2776166
          ],
          [
            73.9601733,
            15.27889
          ]
        ]
      },
      "properties": {
        "Vehicle_No": "GA 07 G 1568-MRG(QUICK RESPONSE )",
        "Vehicle_Name": "5035",
        "Branch": "Fire Station Margao",
        "created": "10-01-2026 05:29:58+05:30",
        "lastUpdated": "10-01-2026 18:12:45+05:30"
      }
    },
    {
      "type": "Feature",
      "geometry": {
        "type": "LineString",
        "coordinates": [
          [
            74.0423333,
            15.5467066
          ]
        ]
      },
      "properties": {
        "Vehicle_No": "GA 07 G 6101-MRG(WATER TENDER)",
        "Vehicle_Name": "5035",
        "Branch": "Fire Station Margao",
        "created": "10-01-2026 05:29:54+05:30",
        "lastUpdated": "10-01-2026 05:29:54+05:30"
      }
    },
    {
      "type": "Feature",
      "geometry": {
        "type": "LineString",
        "coordinates": [
          [
            73.9697583,
            15.269515
          ],
          [
            73.9696616,
            15.269385
          ],
          [
            73.9703616,
            15.2697949
          ],
          [
            73.9701666,
            15.2695883
          ],
          [
            73.9700516,
            15.2694533
          ],
          [
            73.9700433,
            15.2693833
          ],
          [
            73.9700283,
            15.26935
          ],
          [
            73.97006,
            15.2693583
          ],
          [
            73.9700283,
            15.2694166
          ],
          [
            73.9700283,
            15.26943
          ],
          [
            73.97002,
            15.2694766
          ],
          [
            73.970035,
            15.2694866
          ],
          [
            73.9700516,
            15.2694933
          ],
          [
            73.9701016,
            15.2694666
          ],
          [
            73.9701166,
            15.2694583
          ],
          [
            73.97006,
            15.2694716
          ],
          [
            73.97006,
            15.2694883
          ],
          [
            73.9700683,
            15.26949
          ]
        ]
      },
      "properties": {
        "Vehicle_No": "GA 07 G 1001-MRG(AERIAL LADDER PLATFORM)",
        "Vehicle_Name": "5035",
        "Branch": "Fire Station Margao",
        "created": "10-01-2026 05:29:38+05:30",
        "lastUpdated": "10-01-2026 11:29:48+05:30"
      }
    },
    {
      "type": "Feature",
      "geometry": {
        "type": "LineString",
        "coordinates": [
          [
            74.0027883,
            15.4027844
          ]
        ]
      },
      "properties": {
        "Vehicle_No": "GA 07 G 0820-BIC(WATER TEDNER)",
        "Vehicle_Name": "5026",
        "Branch": "Fire Station Bicholim",
        "created": "10-01-2026 05:30:35+05:30",
        "lastUpdated": "10-01-2026 05:30:35+05:30"
      }
    },
    {
      "type": "Feature",
      "geometry": {
        "type": "LineString",
        "coordinates": [
          [
            73.913965,
            15.500225
          ],
          [
            73.9140633,
            15.5003166
          ],
          [
            73.9140216,
            15.5003233
          ],
          [
            73.9140216,
            15.5003383
          ],
          [
            73.9140133,
            15.5003383
          ],
          [
            73.9140133,
            15.5003333
          ],
          [
            73.91399,
            15.5003133
          ],
          [
            73.91399,
            15.50033
          ],
          [
            73.9139966,
            15.500325
          ],
          [
            73.91399,
            15.500305
          ],
          [
            73.91399,
            15.500315
          ],
          [
            73.9139966,
            15.50033
          ],
          [
            73.9139733,
            15.50033
          ],
          [
            73.91399,
            15.5003116
          ],
          [
            73.9140133,
            15.500335
          ],
          [
            73.9153966,
            15.4970866
          ],
          [
            73.919555,
            15.4936366
          ],
          [
            73.923015,
            15.48856
          ],
          [
            73.9236983,
            15.47947
          ],
          [
            73.92504,
            15.4781033
          ],
          [
            73.9266283,
            15.4729533
          ],
          [
            73.9229333,
            15.4660983
          ],
          [
            73.9239983,
            15.46033
          ],
          [
            73.9251466,
            15.4537066
          ],
          [
            73.9228516,
            15.4514716
          ],
          [
            73.9224033,
            15.4465066
          ],
          [
            73.919905,
            15.44435
          ],
          [
            73.9146166,
            15.4441216
          ],
          [
            73.9127116,
            15.44355
          ],
          [
            73.9045249,
            15.4409933
          ],
          [
            73.8996666,
            15.4399533
          ],
          [
            73.8939616,
            15.439185
          ],
          [
            73.89113,
            15.4395533
          ],
          [
            73.89349,
            15.436235
          ],
          [
            73.89733,
            15.431635
          ],
          [
            73.898625,
            15.4267083
          ],
          [
            73.8984783,
            15.4265183
          ],
          [
            73.89825,
            15.426635
          ],
          [
            73.8982583,
            15.42663
          ],
          [
            73.8982833,
            15.4265833
          ],
          [
            73.8983566,
            15.426505
          ],
          [
            73.8980066,
            15.4296933
          ],
          [
            73.89733,
            15.4315466
          ],
          [
            73.894125,
            15.4359866
          ],
          [
            73.8910233,
            15.4392883
          ],
          [
            73.8934983,
            15.4391766
          ],
          [
            73.8985033,
            15.4398983
          ],
          [
            73.9028733,
            15.44034
          ],
          [
            73.90677,
            15.4414516
          ],
          [
            73.9114916,
            15.4430333
          ],
          [
            73.9141433,
            15.4440066
          ],
          [
            73.9177733,
            15.4436283
          ],
          [
            73.9215733,
            15.4448583
          ],
          [
            73.9223966,
            15.4471516
          ],
          [
            73.9230466,
            15.45169
          ],
          [
            73.92526,
            15.4543683
          ],
          [
            73.9240716,
            15.4592666
          ],
          [
            73.923185,
            15.4639016
          ],
          [
            73.924895,
            15.468945
          ],
          [
            73.9260333,
            15.47689
          ],
          [
            73.9247566,
            15.4785116
          ],
          [
            73.9227049,
            15.482355
          ],
          [
            73.9229816,
            15.48809
          ],
          [
            73.9156583,
            15.496675
          ],
          [
            73.9154216,
            15.4970866
          ],
          [
            73.9136883,
            15.4990216
          ],
          [
            73.9138016,
            15.4997583
          ],
          [
            73.914185,
            15.5002366
          ],
          [
            73.914135,
            15.5002566
          ],
          [
            73.9141516,
            15.5002299
          ],
          [
            73.9140783,
            15.5001833
          ]
        ]
      },
      "properties": {
        "Vehicle_No": "GA 07 G 5101-OLG(MS WATER TENDER)",
        "Vehicle_Name": "5035",
        "Branch": "Fire Station Old Goa",
        "created": "10-01-2026 05:30:26+05:30",
        "lastUpdated": "10-01-2026 12:25:18+05:30"
      }
    },
    {
      "type": "Feature",
      "geometry": {
        "type": "LineString",
        "coordinates": [
          [
            73.946435,
            15.5893183
          ],
          [
            73.9465649,
            15.58904
          ],
          [
            73.9465649,
            15.58905
          ],
          [
            73.9463866,
            15.5890183
          ],
          [
            73.94633,
            15.5890149
          ],
          [
            73.94633,
            15.5890016
          ],
          [
            73.9466383,
            15.58917
          ],
          [
            73.9465816,
            15.5888383
          ],
          [
            73.9465166,
            15.5892633
          ],
          [
            73.9462733,
            15.5889533
          ],
          [
            73.94668,
            15.5895533
          ],
          [
            73.9467933,
            15.5895749
          ],
          [
            73.94677,
            15.5895633
          ],
          [
            73.9466316,
            15.5897183
          ],
          [
            73.9468266,
            15.5895533
          ],
          [
            73.9466966,
            15.58935
          ],
          [
            73.9465816,
            15.5894849
          ],
          [
            73.9465583,
            15.589465
          ],
          [
            73.9465733,
            15.5894166
          ],
          [
            73.9466066,
            15.5891283
          ],
          [
            73.94677,
            15.5893733
          ],
          [
            73.9466549,
            15.5892166
          ],
          [
            73.9466966,
            15.5889716
          ],
          [
            73.9466883,
            15.5890383
          ],
          [
            73.94668,
            15.5891233
          ],
          [
            73.9467766,
            15.5891866
          ],
          [
            73.9467033,
            15.5891133
          ],
          [
            73.946615,
            15.5891316
          ],
          [
            73.9467283,
            15.589135
          ],
          [
            73.9468666,
            15.589135
          ],
          [
            73.9468833,
            15.5891033
          ],
          [
            73.9467116,
            15.5889933
          ],
          [
            73.9467366,
            15.589095
          ],
          [
            73.9467366,
            15.5891583
          ],
          [
            73.9467366,
            15.5892316
          ],
          [
            73.9467366,
            15.5892416
          ],
          [
            73.9467366,
            15.5892583
          ],
          [
            73.9467533,
            15.5892983
          ],
          [
            73.9467533,
            15.5893183
          ],
          [
            73.9467366,
            15.589295
          ],
          [
            73.94672,
            15.5892966
          ],
          [
            73.94672,
            15.589305
          ],
          [
            73.94672,
            15.5893066
          ],
          [
            73.94672,
            15.5893083
          ],
          [
            73.9467283,
            15.5893
          ],
          [
            73.9467116,
            15.5893283
          ],
          [
            73.9467033,
            15.5893183
          ],
          [
            73.9466883,
            15.5893233
          ],
          [
            73.9466883,
            15.5893366
          ],
          [
            73.9466233,
            15.5894716
          ],
          [
            73.9467449,
            15.5892766
          ],
          [
            73.94668,
            15.5890683
          ],
          [
            73.9465166,
            15.5889483
          ],
          [
            73.9465333,
            15.5889666
          ],
          [
            73.9465649,
            15.5893983
          ],
          [
            73.94668,
            15.5895299
          ],
          [
            73.9465733,
            15.5895083
          ],
          [
            73.9465333,
            15.5892849
          ],
          [
            73.9465499,
            15.5892433
          ],
          [
            73.946525,
            15.5891516
          ],
          [
            73.9465733,
            15.589225
          ],
          [
            73.9465649,
            15.5893083
          ],
          [
            73.9465583,
            15.5892966
          ],
          [
            73.9464433,
            15.5882
          ],
          [
            73.9467116,
            15.5881433
          ],
          [
            73.9465499,
            15.588115
          ],
          [
            73.9472333,
            15.5883949
          ],
          [
            73.9476316,
            15.5882283
          ],
          [
            73.9479566,
            15.5881633
          ],
          [
            73.947965,
            15.588195
          ],
          [
            73.9467616,
            15.58934
          ],
          [
            73.946525,
            15.5896666
          ],
          [
            73.9469483,
            15.589475
          ],
          [
            73.9467616,
            15.5893916
          ],
          [
            73.946395,
            15.5890933
          ],
          [
            73.9465583,
            15.5895183
          ],
          [
            73.9463216,
            15.5896916
          ],
          [
            73.9466883,
            15.589605
          ],
          [
            73.94642,
            15.5886433
          ],
          [
            73.9462,
            15.5887233
          ],
          [
            73.9460933,
            15.5888633
          ],
          [
            73.946085,
            15.588845
          ],
          [
            73.9464683,
            15.5890883
          ],
          [
            73.94642,
            15.589125
          ],
          [
            73.9464933,
            15.58914
          ],
          [
            73.9463866,
            15.5890599
          ],
          [
            73.9465983,
            15.5890733
          ],
          [
            73.9465583,
            15.5890866
          ],
          [
            73.9464599,
            15.5890033
          ],
          [
            73.9464433,
            15.5889416
          ],
          [
            73.9464116,
            15.5889316
          ],
          [
            73.9463216,
            15.588705
          ],
          [
            73.9463783,
            15.5886183
          ],
          [
            73.946395,
            15.58871
          ],
          [
            73.9464266,
            15.5889133
          ],
          [
            73.9464266,
            15.58912
          ],
          [
            73.9467116,
            15.5896233
          ],
          [
            73.9467449,
            15.5895016
          ],
          [
            73.9466883,
            15.5894733
          ],
          [
            73.946485,
            15.58903
          ],
          [
            73.9463533,
            15.5890116
          ],
          [
            73.94642,
            15.5892416
          ],
          [
            73.9465333,
            15.5894716
          ],
          [
            73.94668,
            15.589795
          ],
          [
            73.9462966,
            15.588975
          ],
          [
            73.9459883,
            15.588465
          ],
          [
            73.9459966,
            15.5886533
          ],
          [
            73.9456049,
            15.58859
          ],
          [
            73.9458733,
            15.5888466
          ],
          [
            73.946135,
            15.58905
          ],
          [
            73.9461266,
            15.5891216
          ],
          [
            73.946215,
            15.58923
          ],
          [
            73.946135,
            15.5892133
          ],
          [
            73.946135,
            15.589115
          ],
          [
            73.946135,
            15.58907
          ],
          [
            73.9460933,
            15.5891833
          ],
          [
            73.9459883,
            15.5890466
          ],
          [
            73.9461183,
            15.5890666
          ],
          [
            73.9461266,
            15.5890833
          ],
          [
            73.9461183,
            15.58914
          ],
          [
            73.9461266,
            15.5891866
          ],
          [
            73.94615,
            15.5891566
          ],
          [
            73.9461833,
            15.58919
          ],
          [
            73.9461583,
            15.5892533
          ],
          [
            73.9473716,
            15.58864
          ],
          [
            73.9501949,
            15.588145
          ],
          [
            73.95114,
            15.5880033
          ],
          [
            73.9551599,
            15.5862833
          ],
          [
            73.959375,
            15.5848116
          ],
          [
            73.9653233,
            15.5826966
          ],
          [
            73.9698316,
            15.5810533
          ],
          [
            73.9706133,
            15.58045
          ],
          [
            73.966285,
            15.5736616
          ],
          [
            73.9680333,
            15.5697833
          ],
          [
            73.97251,
            15.5632216
          ],
          [
            73.9759433,
            15.5610283
          ],
          [
            73.97767,
            15.5570233
          ],
          [
            73.982885,
            15.5594983
          ],
          [
            73.9830966,
            15.5592116
          ],
          [
            73.983105,
            15.5592083
          ],
          [
            73.983105,
            15.5592066
          ],
          [
            73.983105,
            15.5592033
          ],
          [
            73.983105,
            15.5592016
          ],
          [
            73.9834383,
            15.5592083
          ],
          [
            73.9834316,
            15.5591966
          ],
          [
            73.9834316,
            15.5591916
          ],
          [
            73.9834316,
            15.5591933
          ],
          [
            73.9834383,
            15.5591933
          ],
          [
            73.9834383,
            15.5591916
          ],
          [
            73.9834316,
            15.5591916
          ],
          [
            73.9834316,
            15.55919
          ],
          [
            73.9834383,
            15.5591916
          ],
          [
            73.9834316,
            15.55919
          ],
          [
            73.9834383,
            15.5591916
          ],
          [
            73.9834716,
            15.5592016
          ],
          [
            73.9837,
            15.5592266
          ],
          [
            73.9836916,
            15.55922
          ],
          [
            73.9836916,
            15.5592166
          ],
          [
            73.982755,
            15.559625
          ],
          [
            73.982625,
            15.559575
          ],
          [
            73.9805016,
            15.5585366
          ],
          [
            73.9805666,
            15.5585199
          ],
          [
            73.9831383,
            15.559755
          ],
          [
            73.9845299,
            15.559825
          ],
          [
            73.98514,
            15.5598733
          ],
          [
            73.9854,
            15.5598416
          ],
          [
            73.988305,
            15.5623549
          ],
          [
            73.9884516,
            15.5633583
          ],
          [
            73.9955566,
            15.5666916
          ],
          [
            73.9993333,
            15.5699416
          ],
          [
            74.000725,
            15.56938
          ],
          [
            73.99659,
            15.5731033
          ],
          [
            73.99423,
            15.5746833
          ],
          [
            73.99427,
            15.5747049
          ],
          [
            73.9942633,
            15.5747016
          ],
          [
            73.99427,
            15.5747083
          ],
          [
            73.9942783,
            15.5747216
          ],
          [
            73.9942866,
            15.5747233
          ],
          [
            73.9942783,
            15.5747266
          ],
          [
            73.9923983,
            15.5753333
          ],
          [
            73.9865633,
            15.576505
          ],
          [
            73.9798266,
            15.5770083
          ],
          [
            73.9696616,
            15.5811666
          ],
          [
            73.968685,
            15.5814216
          ],
          [
            73.9606366,
            15.58412
          ],
          [
            73.957145,
            15.5856133
          ],
          [
            73.9526283,
            15.58772
          ],
          [
            73.9500166,
            15.5879299
          ],
          [
            73.9475916,
            15.5886283
          ],
          [
            73.946615,
            15.589325
          ],
          [
            73.94668,
            15.5894883
          ],
          [
            73.94672,
            15.5893983
          ],
          [
            73.946435,
            15.5890183
          ],
          [
            73.9444666,
            15.5880833
          ],
          [
            73.9423833,
            15.5863283
          ],
          [
            73.9407799,
            15.5833666
          ],
          [
            73.9386966,
            15.5767216
          ],
          [
            73.93798,
            15.572845
          ],
          [
            73.9294266,
            15.5686683
          ],
          [
            73.9291833,
            15.56814
          ],
          [
            73.9273266,
            15.5663133
          ],
          [
            73.8887283,
            15.558285
          ],
          [
            73.8887283,
            15.5582516
          ],
          [
            73.8887133,
            15.5582566
          ],
          [
            73.8886966,
            15.5582883
          ],
          [
            73.888655,
            15.5583033
          ],
          [
            73.8887199,
            15.5582616
          ],
          [
            73.9389733,
            15.5743916
          ],
          [
            73.93894,
            15.57702
          ],
          [
            73.9402583,
            15.5801733
          ],
          [
            73.9419433,
            15.5851466
          ],
          [
            73.944515,
            15.588145
          ],
          [
            73.946005,
            15.5895166
          ],
          [
            73.9466633,
            15.5894666
          ],
          [
            73.9466466,
            15.5894966
          ],
          [
            73.9462233,
            15.588895
          ],
          [
            73.9462566,
            15.58884
          ],
          [
            73.9465499,
            15.5890133
          ],
          [
            73.9464033,
            15.58901
          ],
          [
            73.9462483,
            15.5888833
          ],
          [
            73.9461666,
            15.5889233
          ],
          [
            73.9464933,
            15.5890933
          ],
          [
            73.946485,
            15.5893333
          ],
          [
            73.946135,
            15.59149
          ],
          [
            73.9427566,
            15.5963866
          ],
          [
            73.9369216,
            15.6021966
          ],
          [
            73.9356116,
            15.6052899
          ],
          [
            73.9415116,
            15.6046849
          ],
          [
            73.9438966,
            15.6048316
          ],
          [
            73.9443283,
            15.6056216
          ],
          [
            73.9455733,
            15.6063166
          ],
          [
            73.9439933,
            15.6073216
          ],
          [
            73.944075,
            15.6076766
          ],
          [
            73.9440266,
            15.607725
          ],
          [
            73.9440183,
            15.6074366
          ],
          [
            73.9440183,
            15.6074233
          ],
          [
            73.9440183,
            15.6074383
          ],
          [
            73.9440266,
            15.6074316
          ],
          [
            73.9440516,
            15.60721
          ],
          [
            73.9450933,
            15.60599
          ],
          [
            73.9442383,
            15.6054633
          ],
          [
            73.94261,
            15.604555
          ],
          [
            73.9453933,
            15.602805
          ],
          [
            73.9483566,
            15.6003583
          ],
          [
            73.9534266,
            15.5928366
          ],
          [
            73.9590083,
            15.5884516
          ],
          [
            73.9605883,
            15.5841266
          ],
          [
            73.958765,
            15.5851616
          ],
          [
            73.953695,
            15.5871316
          ],
          [
            73.950415,
            15.5875033
          ],
          [
            73.9465166,
            15.5892266
          ],
          [
            73.9466466,
            15.589335
          ],
          [
            73.9465649,
            15.5892766
          ],
          [
            73.9465649,
            15.5893433
          ],
          [
            73.9467033,
            15.5894116
          ],
          [
            73.9467366,
            15.58938
          ],
          [
            73.9464933,
            15.5894366
          ],
          [
            73.9464033,
            15.58847
          ],
          [
            73.946785,
            15.58893
          ],
          [
            73.94668,
            15.58951
          ],
          [
            73.9465649,
            15.5892066
          ],
          [
            73.94642,
            15.5887666
          ],
          [
            73.9463699,
            15.5888433
          ],
          [
            73.9463533,
            15.5891016
          ],
          [
            73.9465416,
            15.58918
          ],
          [
            73.9466383,
            15.5894883
          ],
          [
            73.9464266,
            15.588975
          ],
          [
            73.94642,
            15.5889783
          ],
          [
            73.9462483,
            15.5887633
          ],
          [
            73.9463383,
            15.5889833
          ],
          [
            73.9463783,
            15.588965
          ],
          [
            73.9462733,
            15.58904
          ]
        ]
      },
      "properties": {
        "Vehicle_No": "GA 07 G 3101-BIC(MS WATER TENDER)",
        "Vehicle_Name": "5035",
        "Branch": "Fire Station Bicholim",
        "created": "10-01-2026 05:29:49+05:30",
        "lastUpdated": "10-01-2026 18:08:35+05:30"
      }
    },
    {
      "type": "Feature",
      "geometry": {
        "type": "LineString",
        "coordinates": [
          [
            73.9467033,
            15.5894333
          ],
          [
            73.9465333,
            15.58941
          ],
          [
            73.9466066,
            15.5894533
          ],
          [
            73.9465733,
            15.5894266
          ],
          [
            73.95223,
            15.5877783
          ],
          [
            73.954305,
            15.5868016
          ],
          [
            73.959065,
            15.58502
          ],
          [
            73.9676683,
            15.5817733
          ],
          [
            73.9740966,
            15.5787633
          ],
          [
            73.97701,
            15.57784
          ],
          [
            73.98562,
            15.5766283
          ],
          [
            73.9913,
            15.5753016
          ],
          [
            73.9975666,
            15.5725666
          ],
          [
            74.0032966,
            15.5669883
          ],
          [
            74.0044916,
            15.5661149
          ],
          [
            74.0064533,
            15.5641966
          ],
          [
            74.0069816,
            15.5631333
          ],
          [
            74.0065099,
            15.5611516
          ],
          [
            74.0065266,
            15.561285
          ],
          [
            74.0065099,
            15.5613683
          ],
          [
            74.006795,
            15.5609216
          ],
          [
            74.0089683,
            15.55969
          ],
          [
            74.0127116,
            15.55998
          ],
          [
            74.01442,
            15.5586466
          ],
          [
            74.0155999,
            15.55768
          ],
          [
            74.0154533,
            15.5560766
          ],
          [
            74.0156583,
            15.5524616
          ],
          [
            74.0138016,
            15.5455683
          ],
          [
            74.0117099,
            15.541345
          ],
          [
            74.0112149,
            15.5343
          ],
          [
            74.00892,
            15.5300883
          ],
          [
            74.0106116,
            15.522455
          ],
          [
            74.0135416,
            15.5177783
          ],
          [
            74.01521,
            15.5117
          ],
          [
            74.0203366,
            15.5049116
          ],
          [
            74.0212316,
            15.5031433
          ],
          [
            74.0251783,
            15.495685
          ],
          [
            74.0339266,
            15.4861083
          ],
          [
            74.03575,
            15.4825933
          ],
          [
            74.0396816,
            15.4741183
          ],
          [
            74.0456133,
            15.4643416
          ],
          [
            74.0474116,
            15.4583983
          ],
          [
            74.04904,
            15.4519566
          ],
          [
            74.0507733,
            15.4461816
          ],
          [
            74.0594233,
            15.4448133
          ],
          [
            74.06412,
            15.4437133
          ],
          [
            74.0630933,
            15.4400433
          ],
          [
            74.0600833,
            15.4360133
          ],
          [
            74.0588533,
            15.4299833
          ],
          [
            74.0551916,
            15.42571
          ],
          [
            74.0523933,
            15.4219833
          ],
          [
            74.041715,
            15.4215733
          ],
          [
            74.0405116,
            15.4200016
          ],
          [
            74.0252766,
            15.4109166
          ],
          [
            74.0201666,
            15.408765
          ],
          [
            74.0118566,
            15.4084333
          ],
          [
            74.0059166,
            15.4055033
          ],
          [
            74.0033283,
            15.4031633
          ],
          [
            74.0026616,
            15.4028233
          ],
          [
            74.00267,
            15.402815
          ],
          [
            74.0026616,
            15.4028216
          ],
          [
            74.00345,
            15.4040383
          ],
          [
            74.0034416,
            15.404035
          ],
          [
            74.0030516,
            15.4055466
          ],
          [
            74.0091466,
            15.407485
          ],
          [
            74.0121016,
            15.4087183
          ],
          [
            74.0181566,
            15.4084916
          ],
          [
            74.0236566,
            15.4097783
          ],
          [
            74.0327716,
            15.4137716
          ],
          [
            74.0409416,
            15.4205116
          ],
          [
            74.047315,
            15.4244066
          ],
          [
            74.0524416,
            15.42233
          ],
          [
            74.0565833,
            15.4273316
          ],
          [
            74.0593666,
            15.43317
          ],
          [
            74.0602783,
            15.4388
          ],
          [
            74.0639966,
            15.4423133
          ],
          [
            74.0620033,
            15.4445083
          ],
          [
            74.0529616,
            15.444895
          ],
          [
            74.0495933,
            15.45109
          ],
          [
            74.0472566,
            15.4575233
          ],
          [
            74.04755,
            15.459135
          ],
          [
            74.0461433,
            15.4637166
          ],
          [
            74.0404949,
            15.4721683
          ],
          [
            74.0349366,
            15.4840983
          ],
          [
            74.0341466,
            15.4856066
          ],
          [
            74.0301183,
            15.49068
          ],
          [
            74.0244133,
            15.4962683
          ],
          [
            74.0214433,
            15.49835
          ],
          [
            74.0189933,
            15.5075566
          ],
          [
            74.0150966,
            15.511995
          ],
          [
            74.0132983,
            15.5184849
          ],
          [
            74.0098233,
            15.5249516
          ],
          [
            74.00852,
            15.5296633
          ],
          [
            74.012045,
            15.5322733
          ],
          [
            74.0108966,
            15.53746
          ],
          [
            74.0127849,
            15.543585
          ],
          [
            74.0156983,
            15.546875
          ],
          [
            74.0156899,
            15.55216
          ],
          [
            74.0150883,
            15.5579433
          ],
          [
            74.0140216,
            15.5594666
          ],
          [
            74.0127283,
            15.5599483
          ],
          [
            74.0087566,
            15.55987
          ],
          [
            74.007845,
            15.5601066
          ],
          [
            74.0064866,
            15.56113
          ],
          [
            74.007055,
            15.5632216
          ],
          [
            74.0034916,
            15.5669416
          ],
          [
            74.0028733,
            15.5670533
          ],
          [
            74.000765,
            15.5693583
          ],
          [
            73.9972733,
            15.5727233
          ],
          [
            73.9872483,
            15.576515
          ],
          [
            73.9841966,
            15.57701
          ],
          [
            73.9772383,
            15.5777216
          ],
          [
            73.9728433,
            15.579175
          ],
          [
            73.9701166,
            15.5809083
          ],
          [
            73.9629483,
            15.5832799
          ],
          [
            73.958585,
            15.58525
          ],
          [
            73.9535883,
            15.5872266
          ],
          [
            73.9503666,
            15.5875716
          ],
          [
            73.948055,
            15.58836
          ],
          [
            73.9465816,
            15.5896133
          ],
          [
            73.9466316,
            15.5895383
          ]
        ]
      },
      "properties": {
        "Vehicle_No": "GA 07 G 1941-BIC(QUICK RESPONSE)",
        "Vehicle_Name": "5035",
        "Branch": "Fire Station Bicholim",
        "created": "10-01-2026 05:29:55+05:30",
        "lastUpdated": "10-01-2026 12:30:32+05:30"
      }
    },
    {
      "type": "Feature",
      "geometry": {
        "type": "LineString",
        "coordinates": [
          [
            73.8478433,
            15.3892083
          ]
        ]
      },
      "properties": {
        "Vehicle_No": "GA 07 G 2319-VAS (EMERGENCY RESCUE TENDER)",
        "Vehicle_Name": "5035",
        "Branch": "Fire Station Vasco",
        "created": "10-01-2026 05:30:24+05:30",
        "lastUpdated": "10-01-2026 05:30:24+05:30"
      }
    },
    {
      "type": "Feature",
      "geometry": {
        "type": "LineString",
        "coordinates": [
          [
            74.138965,
            15.5310216
          ],
          [
            74.1363283,
            15.5300516
          ],
          [
            74.134375,
            15.529495
          ],
          [
            74.12898,
            15.5271933
          ],
          [
            74.1274166,
            15.52668
          ],
          [
            74.1229333,
            15.5263649
          ],
          [
            74.11285,
            15.5259033
          ],
          [
            74.1092766,
            15.5264066
          ],
          [
            74.1054766,
            15.5270666
          ],
          [
            74.098445,
            15.53056
          ],
          [
            74.093855,
            15.5345583
          ],
          [
            74.0901449,
            15.5379266
          ]
        ]
      },
      "properties": {
        "Vehicle_No": "GA 07 G 3737-VAP(WATER TENDER)",
        "Vehicle_Name": "5035",
        "Branch": "Fire Station Valpoi",
        "created": "10-01-2026 05:30:06+05:30",
        "lastUpdated": "10-01-2026 18:12:37+05:30"
      }
    },
    {
      "type": "Feature",
      "geometry": {
        "type": "LineString",
        "coordinates": [
          [
            74.0028883,
            15.4028216
          ],
          [
            74.0028883,
            15.4027216
          ],
          [
            74.0029216,
            15.4027483
          ],
          [
            74.0029466,
            15.4027083
          ],
          [
            74.0029466,
            15.4027033
          ],
          [
            74.0029383,
            15.402725
          ]
        ]
      },
      "properties": {
        "Vehicle_No": "GA 07 G 2318-PND(EMERGENCY RESCUE TENDER)",
        "Vehicle_Name": "5035",
        "Branch": "Fire Station Ponda",
        "created": "10-01-2026 05:30:36+05:30",
        "lastUpdated": "10-01-2026 11:02:42+05:30"
      }
    },
    {
      "type": "Feature",
      "geometry": {
        "type": "LineString",
        "coordinates": [
          [
            73.9073083,
            15.4141016
          ]
        ]
      },
      "properties": {
        "Vehicle_No": "GA 07 G 2004-PND(QUICK RESPONSE)",
        "Vehicle_Name": "5035",
        "Branch": "Fire Station Ponda",
        "created": "30-12-2025 13:47:09+05:30",
        "lastUpdated": "30-12-2025 13:47:09+05:30"
      }
    },
    {
      "type": "Feature",
      "geometry": {
        "type": "LineString",
        "coordinates": [
          [
            74.003515,
            15.402455
          ],
          [
            74.0026199,
            15.4027283
          ],
          [
            74.0027099,
            15.402725
          ],
          [
            74.0027183,
            15.402765
          ],
          [
            74.0027666,
            15.4027783
          ],
          [
            74.00275,
            15.4028566
          ],
          [
            74.003565,
            15.4023599
          ],
          [
            74.0035566,
            15.4023483
          ],
          [
            74.0035,
            15.402375
          ],
          [
            74.003345,
            15.4024483
          ],
          [
            74.0039066,
            15.403575
          ],
          [
            74.0080816,
            15.4072883
          ],
          [
            74.0108316,
            15.4081616
          ],
          [
            74.0282966,
            15.4128933
          ],
          [
            74.0336433,
            15.4141716
          ],
          [
            74.044255,
            15.4241683
          ],
          [
            74.0531416,
            15.42299
          ],
          [
            74.0578133,
            15.4287416
          ],
          [
            74.0599366,
            15.4353583
          ],
          [
            74.0598233,
            15.4369816
          ],
          [
            74.0638916,
            15.442195
          ],
          [
            74.0625083,
            15.44528
          ],
          [
            74.0611983,
            15.4489766
          ],
          [
            74.060075,
            15.44998
          ],
          [
            74.0588616,
            15.4509983
          ],
          [
            74.06132,
            15.4489666
          ],
          [
            74.0623366,
            15.4461533
          ],
          [
            74.0599766,
            15.4449516
          ],
          [
            74.0577233,
            15.445625
          ],
          [
            74.0572183,
            15.4464016
          ],
          [
            74.0571866,
            15.4463433
          ],
          [
            74.0571866,
            15.4463483
          ],
          [
            74.0572183,
            15.4463616
          ],
          [
            74.0572266,
            15.4463649
          ],
          [
            74.057055,
            15.44512
          ],
          [
            74.0563883,
            15.445125
          ],
          [
            74.0564133,
            15.44514
          ],
          [
            74.063225,
            15.440265
          ],
          [
            74.06123,
            15.43963
          ],
          [
            74.06005,
            15.438265
          ],
          [
            74.0600099,
            15.4382616
          ],
          [
            74.0600099,
            15.4382666
          ],
          [
            74.0588049,
            15.4298366
          ],
          [
            74.05494,
            15.4250716
          ],
          [
            74.0526366,
            15.422355
          ],
          [
            74.0496016,
            15.4228533
          ],
          [
            74.041935,
            15.4219883
          ],
          [
            74.0394616,
            15.4190366
          ],
          [
            74.029395,
            15.4130783
          ],
          [
            74.0234366,
            15.4095316
          ],
          [
            74.0157966,
            15.4084
          ],
          [
            74.0120366,
            15.4084
          ],
          [
            74.0111,
            15.4080966
          ],
          [
            74.0065099,
            15.4057
          ],
          [
            74.0035,
            15.403505
          ],
          [
            74.0027433,
            15.4031316
          ],
          [
            74.002735,
            15.4031599
          ]
        ]
      },
      "properties": {
        "Vehicle_No": "GA 07 G 9101-PND(WATER TENDER)",
        "Vehicle_Name": "5035",
        "Branch": "Fire Station Ponda",
        "created": "10-01-2026 05:29:58+05:30",
        "lastUpdated": "10-01-2026 13:25:11+05:30"
      }
    },
    {
      "type": "Feature",
      "geometry": {
        "type": "LineString",
        "coordinates": [
          [
            73.95428,
            15.419715
          ],
          [
            74.00297,
            15.4026766
          ]
        ]
      },
      "properties": {
        "Vehicle_No": "GA 07 G 9797-PND(WATER BOUSER)",
        "Vehicle_Name": "5035",
        "Branch": "Fire Station Ponda",
        "created": "08-01-2026 15:17:01+05:30",
        "lastUpdated": "10-01-2026 08:53:37+05:30"
      }
    },
    {
      "type": "Feature",
      "geometry": {
        "type": "LineString",
        "coordinates": [
          [
            74.0440433,
            15.02363
          ]
        ]
      },
      "properties": {
        "Vehicle_No": "GA 07 G 6363-CAN(WATER TENDER)",
        "Vehicle_Name": "5035",
        "Branch": "Fire Station Canacona",
        "created": "09-01-2026 18:46:41+05:30",
        "lastUpdated": "09-01-2026 18:46:41+05:30"
      }
    },
    {
      "type": "Feature",
      "geometry": {
        "type": "LineString",
        "coordinates": [
          [
            74.0440666,
            15.0236566
          ],
          [
            74.0391516,
            15.0101516
          ],
          [
            74.0418616,
            15.0085533
          ],
          [
            74.0460283,
            15.0076316
          ],
          [
            74.04716,
            15.00727
          ],
          [
            74.0472083,
            15.0072733
          ],
          [
            74.0503666,
            15.0072366
          ],
          [
            74.058065,
            15.006625
          ],
          [
            74.0662433,
            15.0074366
          ],
          [
            74.07076,
            15.0082566
          ],
          [
            74.0775883,
            15.00341
          ],
          [
            74.0813966,
            15.0021633
          ],
          [
            74.0816816,
            15.00205
          ],
          [
            74.08169,
            15.0020183
          ],
          [
            74.0865633,
            14.9983766
          ],
          [
            74.0872799,
            14.9976383
          ],
          [
            74.09537,
            14.99325
          ],
          [
            74.0994949,
            14.9906366
          ]
        ]
      },
      "properties": {
        "Vehicle_No": "GA 07 G 1567-CAN(QUICK RESPONSE FT)",
        "Vehicle_Name": "5035",
        "Branch": "Fire Station Canacona",
        "created": "09-01-2026 20:57:05+05:30",
        "lastUpdated": "10-01-2026 09:59:24+05:30"
      }
    },
    {
      "type": "Feature",
      "geometry": {
        "type": "LineString",
        "coordinates": [
          [
            73.93558,
            15.369835
          ],
          [
            73.9355066,
            15.3702133
          ],
          [
            73.9354983,
            15.3702533
          ],
          [
            73.9267416,
            15.37029
          ],
          [
            73.926155,
            15.364305
          ],
          [
            73.9280116,
            15.3547666
          ],
          [
            73.9274499,
            15.35016
          ],
          [
            73.924195,
            15.348205
          ],
          [
            73.9141283,
            15.347125
          ],
          [
            73.9011966,
            15.3452783
          ],
          [
            73.896485,
            15.3466366
          ],
          [
            73.8949633,
            15.3481766
          ],
          [
            73.892025,
            15.3527083
          ],
          [
            73.8920816,
            15.3526483
          ],
          [
            73.8928866,
            15.3513383
          ],
          [
            73.89397,
            15.3498466
          ],
          [
            73.892635,
            15.3488466
          ],
          [
            73.8921633,
            15.350495
          ],
          [
            73.891765,
            15.3509783
          ],
          [
            73.8917316,
            15.3510416
          ],
          [
            73.8919516,
            15.3505649
          ],
          [
            73.8928716,
            15.34874
          ],
          [
            73.895215,
            15.3479266
          ],
          [
            73.8974766,
            15.3454116
          ],
          [
            73.9014233,
            15.3453466
          ],
          [
            73.9101233,
            15.346685
          ],
          [
            73.9203533,
            15.3478033
          ],
          [
            73.9254633,
            15.3487833
          ],
          [
            73.9273516,
            15.3499233
          ],
          [
            73.9281983,
            15.356865
          ],
          [
            73.9272133,
            15.363645
          ],
          [
            73.9275466,
            15.3648083
          ],
          [
            73.9276033,
            15.36842
          ],
          [
            73.93042,
            15.3691633
          ],
          [
            73.93575,
            15.3679466
          ],
          [
            73.9356366,
            15.36969
          ],
          [
            73.9355066,
            15.369655
          ],
          [
            73.9355633,
            15.3697
          ],
          [
            73.9336183,
            15.3705133
          ],
          [
            73.9404783,
            15.3687583
          ],
          [
            73.942115,
            15.3651333
          ],
          [
            73.944425,
            15.3633816
          ],
          [
            73.94423,
            15.3603616
          ],
          [
            73.9428949,
            15.3581466
          ],
          [
            73.9394366,
            15.3578666
          ],
          [
            73.9351966,
            15.3549616
          ],
          [
            73.9315916,
            15.35094
          ],
          [
            73.9315999,
            15.3509466
          ],
          [
            73.9315999,
            15.3509433
          ],
          [
            73.9309733,
            15.3527433
          ],
          [
            73.92815,
            15.3556066
          ],
          [
            73.9245116,
            15.34838
          ],
          [
            73.9240483,
            15.3482033
          ],
          [
            73.9153149,
            15.3472166
          ],
          [
            73.9075033,
            15.3463783
          ],
          [
            73.9007483,
            15.3451783
          ],
          [
            73.8973883,
            15.3457199
          ],
          [
            73.89226,
            15.3522666
          ],
          [
            73.8921466,
            15.3524766
          ],
          [
            73.890365,
            15.3542883
          ],
          [
            73.8892983,
            15.35634
          ],
          [
            73.8891599,
            15.359925
          ],
          [
            73.8935466,
            15.3638116
          ],
          [
            73.8951083,
            15.3661749
          ],
          [
            73.8976966,
            15.3670166
          ],
          [
            73.8931883,
            15.3715266
          ],
          [
            73.8934083,
            15.3723283
          ],
          [
            73.8996983,
            15.3739433
          ],
          [
            73.9082683,
            15.3771533
          ],
          [
            73.9142333,
            15.3783633
          ],
          [
            73.9229983,
            15.37638
          ],
          [
            73.9251133,
            15.3761583
          ],
          [
            73.9256833,
            15.3761166
          ],
          [
            73.9278316,
            15.3756066
          ],
          [
            73.9316899,
            15.3753866
          ],
          [
            73.93247,
            15.37162
          ],
          [
            73.938705,
            15.3692849
          ],
          [
            73.9415933,
            15.3682633
          ],
          [
            73.9357183,
            15.369675
          ],
          [
            73.9355066,
            15.3695916
          ],
          [
            73.9353433,
            15.3695116
          ],
          [
            73.9356033,
            15.3694666
          ],
          [
            73.9358566,
            15.36911
          ],
          [
            73.9361566,
            15.3694783
          ]
        ]
      },
      "properties": {
        "Vehicle_No": "GA 07 G 1569-VRN(QUICK RESPONSE)",
        "Vehicle_Name": "5035",
        "Branch": "Fire Station Verna",
        "created": "10-01-2026 05:30:31+05:30",
        "lastUpdated": "10-01-2026 16:22:55+05:30"
      }
    },
    {
      "type": "Feature",
      "geometry": {
        "type": "LineString",
        "coordinates": [
          [
            73.93597,
            15.3698933
          ],
          [
            73.9360266,
            15.3698383
          ],
          [
            73.9266933,
            15.3676466
          ],
          [
            73.92644,
            15.3654533
          ],
          [
            73.9285233,
            15.3601016
          ],
          [
            73.928515,
            15.3562933
          ],
          [
            73.8915933,
            15.351385
          ],
          [
            73.8916016,
            15.3513916
          ],
          [
            73.8915933,
            15.351385
          ],
          [
            73.8915933,
            15.3513916
          ],
          [
            73.8915533,
            15.3513283
          ],
          [
            73.8915366,
            15.3513116
          ],
          [
            73.89152,
            15.3513383
          ],
          [
            73.8915283,
            15.3513516
          ],
          [
            73.8915683,
            15.3513716
          ],
          [
            73.8915683,
            15.3513649
          ],
          [
            73.8915766,
            15.3513666
          ],
          [
            73.8915766,
            15.3513616
          ],
          [
            73.8915766,
            15.3513533
          ],
          [
            73.891585,
            15.3513516
          ],
          [
            73.891585,
            15.3513633
          ],
          [
            73.8915766,
            15.3513633
          ],
          [
            73.8915766,
            15.3514183
          ],
          [
            73.8915933,
            15.3514583
          ],
          [
            73.8915933,
            15.3514066
          ],
          [
            73.8915766,
            15.35138
          ],
          [
            73.8915766,
            15.3513566
          ],
          [
            73.891585,
            15.3513383
          ],
          [
            73.891585,
            15.3513666
          ],
          [
            73.8915766,
            15.3513116
          ],
          [
            73.8915683,
            15.3513199
          ],
          [
            73.8915933,
            15.3513483
          ],
          [
            73.891585,
            15.351355
          ],
          [
            73.8915683,
            15.3513533
          ],
          [
            73.891585,
            15.35138
          ],
          [
            73.8915766,
            15.3513533
          ],
          [
            73.8915683,
            15.3513583
          ],
          [
            73.8915683,
            15.3513633
          ],
          [
            73.8915366,
            15.3513666
          ],
          [
            73.8915283,
            15.3513983
          ],
          [
            73.8915616,
            15.3513766
          ],
          [
            73.8915766,
            15.3513583
          ],
          [
            73.8915766,
            15.3513833
          ],
          [
            73.8915683,
            15.3513633
          ],
          [
            73.8915366,
            15.351345
          ],
          [
            73.89152,
            15.3514033
          ],
          [
            73.8915933,
            15.35137
          ],
          [
            73.891585,
            15.3513583
          ],
          [
            73.891585,
            15.3513566
          ],
          [
            73.8915766,
            15.351375
          ],
          [
            73.8913983,
            15.3517516
          ],
          [
            73.8913,
            15.3518866
          ],
          [
            73.89126,
            15.3519266
          ],
          [
            73.89056,
            15.352975
          ],
          [
            73.890315,
            15.3533033
          ],
          [
            73.8897866,
            15.3539466
          ],
          [
            73.8881183,
            15.3560783
          ],
          [
            73.8880133,
            15.356215
          ],
          [
            73.8892016,
            15.35653
          ],
          [
            73.8904866,
            15.3542233
          ],
          [
            73.8944666,
            15.3492633
          ],
          [
            73.8953616,
            15.3477933
          ],
          [
            73.903125,
            15.345815
          ],
          [
            73.90507,
            15.3461733
          ],
          [
            73.9224033,
            15.34804
          ],
          [
            73.9273116,
            15.3494916
          ],
          [
            73.9280766,
            15.3558733
          ],
          [
            73.9283283,
            15.3589083
          ],
          [
            73.9263516,
            15.3618983
          ],
          [
            73.9259283,
            15.362795
          ],
          [
            73.9268066,
            15.3636233
          ],
          [
            73.9276616,
            15.3679216
          ],
          [
            73.9312833,
            15.3691933
          ],
          [
            73.9358066,
            15.36805
          ],
          [
            73.93562,
            15.3697433
          ],
          [
            73.93558,
            15.3697716
          ],
          [
            73.9354416,
            15.3697366
          ],
          [
            73.9359533,
            15.3698016
          ],
          [
            73.9362866,
            15.3694133
          ]
        ]
      },
      "properties": {
        "Vehicle_No": "GA 07 G 9909-VRN(ADVANCE MULTI-PURPOSE)",
        "Vehicle_Name": "5035",
        "Branch": "Fire Station Verna",
        "created": "10-01-2026 05:30:17+05:30",
        "lastUpdated": "10-01-2026 16:05:52+05:30"
      }
    },
    {
      "type": "Feature",
      "geometry": {
        "type": "LineString",
        "coordinates": [
          [
            74.13864,
            15.530995
          ],
          [
            74.1392666,
            15.52967
          ],
          [
            74.1402583,
            15.52797
          ],
          [
            74.1391766,
            15.530335
          ],
          [
            74.13877,
            15.5309716
          ],
          [
            74.1388099,
            15.5310816
          ],
          [
            74.1379483,
            15.5316916
          ],
          [
            74.1365149,
            15.5304416
          ],
          [
            74.1351883,
            15.5294166
          ],
          [
            74.1329833,
            15.529345
          ],
          [
            74.13059,
            15.5284316
          ],
          [
            74.1264483,
            15.5262816
          ],
          [
            74.12474,
            15.52608
          ],
          [
            74.1247233,
            15.5261
          ],
          [
            74.1217366,
            15.5272366
          ],
          [
            74.1217366,
            15.5271916
          ],
          [
            74.1244216,
            15.52619
          ],
          [
            74.13033,
            15.5283466
          ],
          [
            74.1358066,
            15.5294816
          ],
          [
            74.1364249,
            15.5303066
          ],
          [
            74.136955,
            15.5309666
          ],
          [
            74.1383383,
            15.531795
          ],
          [
            74.1387616,
            15.5309699
          ],
          [
            74.1387616,
            15.5310083
          ],
          [
            74.1388099,
            15.531055
          ],
          [
            74.1388016,
            15.5313116
          ]
        ]
      },
      "properties": {
        "Vehicle_No": "GA 07 G 1942-VAP(QUICK RESPONSE)",
        "Vehicle_Name": "5035",
        "Branch": "Fire Station Valpoi",
        "created": "10-01-2026 05:30:12+05:30",
        "lastUpdated": "10-01-2026 11:35:08+05:30"
      }
    },
    {
      "type": "Feature",
      "geometry": {
        "type": "LineString",
        "coordinates": [
          [
            74.10363,
            15.2598433
          ],
          [
            74.1036616,
            15.2603333
          ],
          [
            74.1037033,
            15.2603
          ],
          [
            74.1037116,
            15.2607633
          ],
          [
            74.1037033,
            15.2606649
          ],
          [
            74.103865,
            15.261015
          ]
        ]
      },
      "properties": {
        "Vehicle_No": "GA 07 G 2003-CUR(QUICK RESPONSE)",
        "Vehicle_Name": "5035",
        "Branch": "Fire Station Curchorem",
        "created": "10-01-2026 05:30:36+05:30",
        "lastUpdated": "10-01-2026 15:16:22+05:30"
      }
    },
    {
      "type": "Feature",
      "geometry": {
        "type": "LineString",
        "coordinates": [
          [
            74.1038166,
            15.260435
          ]
        ]
      },
      "properties": {
        "Vehicle_No": "GA 07 G 7447-CUR(EMERGENCY RESCUE)",
        "Vehicle_Name": "5035",
        "Branch": "Fire Station Curchorem",
        "created": "10-01-2026 05:30:09+05:30",
        "lastUpdated": "10-01-2026 05:30:09+05:30"
      }
    },
    {
      "type": "Feature",
      "geometry": {
        "type": "LineString",
        "coordinates": [
          [
            74.103695,
            15.2603916
          ],
          [
            74.107455,
            15.25812
          ],
          [
            74.1100666,
            15.2578616
          ],
          [
            74.1119799,
            15.2547083
          ],
          [
            74.1141516,
            15.249835
          ],
          [
            74.1167399,
            15.2473833
          ],
          [
            74.1173266,
            15.2468499
          ],
          [
            74.1269783,
            15.2384483
          ],
          [
            74.1269533,
            15.2373233
          ],
          [
            74.1269783,
            15.2372049
          ],
          [
            74.1269783,
            15.2375566
          ],
          [
            74.1235183,
            15.238855
          ],
          [
            74.122355,
            15.240365
          ],
          [
            74.1218183,
            15.241225
          ],
          [
            74.1141516,
            15.249635
          ],
          [
            74.1134433,
            15.2512416
          ],
          [
            74.1104,
            15.25782
          ],
          [
            74.1099683,
            15.2577499
          ],
          [
            74.1061116,
            15.2580833
          ],
          [
            74.1036533,
            15.2606283
          ],
          [
            74.1037433,
            15.2604
          ],
          [
            74.1037516,
            15.2604133
          ],
          [
            74.1035966,
            15.2603733
          ],
          [
            74.1035316,
            15.2603783
          ],
          [
            74.1035649,
            15.2603616
          ],
          [
            74.1036216,
            15.2603633
          ],
          [
            74.1036783,
            15.2604066
          ],
          [
            74.1037183,
            15.2604133
          ]
        ]
      },
      "properties": {
        "Vehicle_No": "GA 07 G 7557-CUR(WATER TENDER)",
        "Vehicle_Name": "5035",
        "Branch": "Fire Station Curchorem",
        "created": "10-01-2026 05:30:30+05:30",
        "lastUpdated": "10-01-2026 11:56:29+05:30"
      }
    },
    {
      "type": "Feature",
      "geometry": {
        "type": "LineString",
        "coordinates": [
          [
            74.103735,
            15.2603366
          ]
        ]
      },
      "properties": {
        "Vehicle_No": "GA 07 G 7667-CUR(WATER BOUSER)",
        "Vehicle_Name": "5035",
        "Branch": "Fire Station Curchorem",
        "created": "10-01-2026 05:30:39+05:30",
        "lastUpdated": "10-01-2026 05:30:39+05:30"
      }
    },
    {
      "type": "Feature",
      "geometry": {
        "type": "LineString",
        "coordinates": [
          [
            73.9723383,
            15.4630833
          ],
          [
            73.972265,
            15.4625867
          ],
          [
            73.9726,
            15.463065
          ],
          [
            73.972615,
            15.4631067
          ],
          [
            73.97216,
            15.46265
          ],
          [
            73.9722417,
            15.463035
          ],
          [
            73.97225,
            15.46288
          ],
          [
            73.97225,
            15.4630333
          ],
          [
            73.972265,
            15.4630683
          ],
          [
            73.9717367,
            15.4626267
          ],
          [
            73.9717617,
            15.4628883
          ],
          [
            73.9725667,
            15.463195
          ],
          [
            73.9725833,
            15.4631933
          ],
          [
            73.972705,
            15.46282
          ],
          [
            73.9727383,
            15.4627917
          ],
          [
            73.9725267,
            15.4630533
          ],
          [
            73.9726067,
            15.462935
          ],
          [
            73.9726317,
            15.4622967
          ],
          [
            73.9724117,
            15.4626483
          ],
          [
            73.9724033,
            15.4630033
          ],
          [
            73.9725267,
            15.4631983
          ],
          [
            73.9728683,
            15.462985
          ],
          [
            73.9727867,
            15.462985
          ],
          [
            73.972135,
            15.4631883
          ],
          [
            73.97251,
            15.4630817
          ],
          [
            73.97268,
            15.463225
          ],
          [
            73.973055,
            15.463455
          ],
          [
            73.9727533,
            15.4632483
          ],
          [
            73.9729417,
            15.463895
          ],
          [
            73.9723883,
            15.4631817
          ],
          [
            73.9726883,
            15.46298
          ],
          [
            73.972485,
            15.4628667
          ],
          [
            73.9739183,
            15.4625367
          ],
          [
            73.9738283,
            15.4626917
          ],
          [
            73.97015,
            15.4635633
          ],
          [
            73.9733717,
            15.4623033
          ],
          [
            73.973405,
            15.462315
          ],
          [
            73.9723717,
            15.4629583
          ],
          [
            73.97299,
            15.4630033
          ],
          [
            73.9724533,
            15.46272
          ],
          [
            73.9728833,
            15.4625983
          ],
          [
            73.9725017,
            15.4631233
          ],
          [
            73.9726317,
            15.46275
          ],
          [
            73.9723467,
            15.4631483
          ],
          [
            73.9724117,
            15.463175
          ],
          [
            73.9724367,
            15.46251
          ],
          [
            73.972485,
            15.4630317
          ],
          [
            73.9734367,
            15.4630133
          ],
          [
            73.9737067,
            15.4629217
          ],
          [
            73.972745,
            15.4629333
          ],
          [
            73.9726567,
            15.4622633
          ],
          [
            73.9724767,
            15.46321
          ],
          [
            73.9725583,
            15.4632683
          ],
          [
            73.972705,
            15.4632133
          ],
          [
            73.9730633,
            15.4632433
          ],
          [
            73.97264,
            15.4632767
          ],
          [
            73.97264,
            15.4632683
          ],
          [
            73.972575,
            15.46297
          ],
          [
            73.97273,
            15.4631917
          ],
          [
            73.9725667,
            15.46301
          ],
          [
            73.9726733,
            15.4632317
          ],
          [
            73.972965,
            15.46316
          ],
          [
            73.97264,
            15.4629767
          ],
          [
            73.97264,
            15.4629667
          ],
          [
            73.9726233,
            15.4633333
          ],
          [
            73.9726233,
            15.4633283
          ],
          [
            73.9727133,
            15.4628583
          ],
          [
            73.9726967,
            15.46301
          ],
          [
            73.9723467,
            15.4631167
          ],
          [
            73.9724367,
            15.4632617
          ]
        ]
      },
      "properties": {
        "Vehicle_No": "GA 07 G 4989-KUN(WATER TENDER)",
        "Vehicle_Name": "G-100",
        "Branch": "Fire Station Kundaim",
        "created": "10-01-2026 05:29:01+05:30",
        "lastUpdated": "10-01-2026 18:10:26+05:30"
      }
    },
    {
      "type": "Feature",
      "geometry": {
        "type": "LineString",
        "coordinates": [
          [
            73.7939594,
            15.5329339
          ],
          [
            73.794,
            15.5332472
          ],
          [
            73.7940094,
            15.53324
          ],
          [
            73.794105,
            15.532905
          ]
        ]
      },
      "properties": {
        "Vehicle_No": "GA 07 G 2242-PIL(WATER TENDER)",
        "Vehicle_Name": "5026",
        "Branch": "Fire Station Pilerne",
        "created": "10-01-2026 05:30:14+05:30",
        "lastUpdated": "10-01-2026 14:10:45+05:30"
      }
    },
    {
      "type": "Feature",
      "geometry": {
        "type": "LineString",
        "coordinates": [
          [
            73.80874,
            15.5898033
          ],
          [
            73.8087733,
            15.5897867
          ],
          [
            73.8092617,
            15.5910967
          ],
          [
            73.810245,
            15.59066
          ],
          [
            73.81058,
            15.5903583
          ],
          [
            73.81053,
            15.5902783
          ],
          [
            73.809375,
            15.58926
          ],
          [
            73.80988,
            15.5901733
          ],
          [
            73.8094483,
            15.5910133
          ],
          [
            73.8087967,
            15.5911317
          ],
          [
            73.8068283,
            15.5920433
          ],
          [
            73.80559,
            15.5928383
          ],
          [
            73.80284,
            15.5938433
          ],
          [
            73.8001467,
            15.5943233
          ],
          [
            73.79895,
            15.5958
          ],
          [
            73.794515,
            15.5956417
          ],
          [
            73.7886967,
            15.5971517
          ],
          [
            73.7815183,
            15.5976617
          ],
          [
            73.7766283,
            15.5931817
          ],
          [
            73.771915,
            15.5913183
          ],
          [
            73.7673333,
            15.5902933
          ],
          [
            73.76447,
            15.5885517
          ],
          [
            73.76062,
            15.5877
          ],
          [
            73.757455,
            15.586525
          ],
          [
            73.7542483,
            15.585305
          ],
          [
            73.7511317,
            15.5866367
          ],
          [
            73.7517817,
            15.5917417
          ],
          [
            73.75149,
            15.5950333
          ],
          [
            73.7499517,
            15.5964233
          ],
          [
            73.7482667,
            15.5973817
          ],
          [
            73.7456783,
            15.597925
          ],
          [
            73.744515,
            15.59571
          ],
          [
            73.7436683,
            15.5914533
          ],
          [
            73.7408683,
            15.58522
          ],
          [
            73.7400883,
            15.5852167
          ],
          [
            73.7378667,
            15.5836283
          ],
          [
            73.7380133,
            15.5817167
          ],
          [
            73.7377367,
            15.5838567
          ],
          [
            73.73864,
            15.5847833
          ],
          [
            73.7428383,
            15.5856183
          ],
          [
            73.74296,
            15.585625
          ],
          [
            73.7430183,
            15.5856717
          ],
          [
            73.7435067,
            15.5856917
          ],
          [
            73.7418867,
            15.5864933
          ],
          [
            73.74353,
            15.591255
          ],
          [
            73.74449,
            15.5956183
          ],
          [
            73.7431317,
            15.598685
          ],
          [
            73.740495,
            15.5994067
          ],
          [
            73.7405917,
            15.5989333
          ],
          [
            73.7404867,
            15.599015
          ],
          [
            73.7404533,
            15.599015
          ],
          [
            73.742545,
            15.5989483
          ],
          [
            73.7444417,
            15.5971767
          ],
          [
            73.7441317,
            15.592795
          ],
          [
            73.7423183,
            15.58807
          ],
          [
            73.7416017,
            15.5836733
          ],
          [
            73.7424483,
            15.5823017
          ],
          [
            73.7471767,
            15.5820867
          ],
          [
            73.746485,
            15.577135
          ],
          [
            73.7445633,
            15.5764283
          ],
          [
            73.7417567,
            15.5752983
          ],
          [
            73.7417067,
            15.57521
          ],
          [
            73.7417067,
            15.5752467
          ],
          [
            73.7462817,
            15.5768433
          ],
          [
            73.747705,
            15.5785867
          ],
          [
            73.7477133,
            15.5820583
          ],
          [
            73.749015,
            15.58345
          ],
          [
            73.7525467,
            15.5842833
          ],
          [
            73.7540117,
            15.5851217
          ],
          [
            73.75708,
            15.58631
          ],
          [
            73.7577467,
            15.5871283
          ],
          [
            73.7589267,
            15.5874417
          ],
          [
            73.7555017,
            15.585945
          ],
          [
            73.7527183,
            15.58431
          ],
          [
            73.7490717,
            15.5837083
          ],
          [
            73.74847,
            15.58219
          ],
          [
            73.7472,
            15.5779167
          ],
          [
            73.746565,
            15.5771733
          ],
          [
            73.7462733,
            15.5767317
          ],
          [
            73.7469967,
            15.5761133
          ],
          [
            73.747005,
            15.576075
          ],
          [
            73.74637,
            15.5764567
          ],
          [
            73.74642,
            15.5764533
          ],
          [
            73.747445,
            15.5805667
          ],
          [
            73.749275,
            15.5822
          ],
          [
            73.7500333,
            15.5840367
          ],
          [
            73.7542317,
            15.58535
          ],
          [
            73.75817,
            15.587215
          ],
          [
            73.760205,
            15.587715
          ],
          [
            73.76246,
            15.587875
          ],
          [
            73.7674233,
            15.5903233
          ],
          [
            73.7696133,
            15.59066
          ],
          [
            73.774105,
            15.5921033
          ],
          [
            73.778955,
            15.5959133
          ],
          [
            73.7830233,
            15.59745
          ],
          [
            73.78776,
            15.59726
          ],
          [
            73.79786,
            15.5952633
          ],
          [
            73.7991367,
            15.596645
          ],
          [
            73.8017083,
            15.5941117
          ],
          [
            73.8057783,
            15.59278
          ],
          [
            73.809,
            15.5910383
          ],
          [
            73.8087233,
            15.5898867
          ],
          [
            73.8087,
            15.5898883
          ],
          [
            73.8094733,
            15.591025
          ],
          [
            73.809815,
            15.5909467
          ],
          [
            73.8100267,
            15.5909283
          ],
          [
            73.8075283,
            15.5843667
          ],
          [
            73.8075117,
            15.5843183
          ],
          [
            73.8075433,
            15.5843133
          ],
          [
            73.8064283,
            15.5846267
          ],
          [
            73.806405,
            15.584585
          ],
          [
            73.8064533,
            15.5845283
          ]
        ]
      },
      "properties": {
        "Vehicle_No": "GA 07 G 0681-MAP(QUICK RESPONSE)",
        "Vehicle_Name": "AT 5036A-4G",
        "Branch": "Fire Station Mapusa",
        "created": "10-01-2026 05:30:38+05:30",
        "lastUpdated": "10-01-2026 16:48:41+05:30"
      }
    },
    {
      "type": "Feature",
      "geometry": {
        "type": "LineString",
        "coordinates": [
          [
            73.7974239,
            15.7164939
          ]
        ]
      },
      "properties": {
        "Vehicle_No": "GA 07 G 0307-PER(QUICK RESPONSE)",
        "Vehicle_Name": "AT5032-4G",
        "Branch": "Fire Station Pernem",
        "created": "23-10-2025 15:19:09+05:30",
        "lastUpdated": "23-10-2025 15:19:09+05:30"
      }
    },
    {
      "type": "Feature",
      "geometry": {
        "type": "LineString",
        "coordinates": [
          [
            73.7976661,
            15.7164317
          ],
          [
            73.7976544,
            15.7163933
          ],
          [
            73.7975911,
            15.71638
          ],
          [
            73.7975817,
            15.7163839
          ],
          [
            73.7975639,
            15.7163933
          ],
          [
            73.7975539,
            15.7163983
          ],
          [
            73.7975506,
            15.7164044
          ],
          [
            73.7975522,
            15.716405
          ],
          [
            73.79755,
            15.716405
          ],
          [
            73.79755,
            15.7164028
          ],
          [
            73.7975528,
            15.7164017
          ],
          [
            73.7975472,
            15.7164022
          ],
          [
            73.7975406,
            15.716405
          ],
          [
            73.7975372,
            15.7164089
          ],
          [
            73.7975361,
            15.7164061
          ],
          [
            73.7975356,
            15.7164061
          ],
          [
            73.7975378,
            15.7164089
          ],
          [
            73.7975372,
            15.7164111
          ],
          [
            73.7975417,
            15.7164167
          ],
          [
            73.7975433,
            15.7164178
          ],
          [
            73.797545,
            15.7164211
          ],
          [
            73.7975411,
            15.7164244
          ],
          [
            73.7975372,
            15.7164267
          ],
          [
            73.7975333,
            15.7164317
          ],
          [
            73.79753,
            15.7164339
          ],
          [
            73.7975278,
            15.7164344
          ],
          [
            73.7975267,
            15.7164389
          ],
          [
            73.7975306,
            15.7164417
          ],
          [
            73.7975394,
            15.7164444
          ],
          [
            73.7975417,
            15.7164428
          ],
          [
            73.797545,
            15.7164411
          ],
          [
            73.7975478,
            15.71644
          ],
          [
            73.7975522,
            15.7164378
          ],
          [
            73.7975522,
            15.7164394
          ],
          [
            73.7975544,
            15.7164411
          ],
          [
            73.7975617,
            15.7164344
          ],
          [
            73.7975656,
            15.7164317
          ],
          [
            73.7975672,
            15.7164328
          ],
          [
            73.7975711,
            15.7164267
          ],
          [
            73.7975517,
            15.716415
          ],
          [
            73.7975394,
            15.7164028
          ],
          [
            73.7975378,
            15.716395
          ],
          [
            73.7975328,
            15.7163989
          ],
          [
            73.7975306,
            15.7164017
          ],
          [
            73.7975256,
            15.7164039
          ],
          [
            73.7975256,
            15.71641
          ],
          [
            73.7975267,
            15.7164144
          ],
          [
            73.7975239,
            15.7164172
          ],
          [
            73.797525,
            15.7164183
          ],
          [
            73.7975222,
            15.7164194
          ],
          [
            73.797515,
            15.7164267
          ],
          [
            73.7975133,
            15.7164294
          ],
          [
            73.7975128,
            15.7164306
          ],
          [
            73.7975089,
            15.7164489
          ],
          [
            73.7980389,
            15.7171089
          ],
          [
            73.8016506,
            15.7164444
          ],
          [
            73.8047389,
            15.7157094
          ],
          [
            73.8083978,
            15.7131989
          ],
          [
            73.8117794,
            15.7120761
          ],
          [
            73.8123694,
            15.7115189
          ],
          [
            73.8123517,
            15.7114417
          ],
          [
            73.79883,
            15.7166539
          ],
          [
            73.797885,
            15.7168517
          ],
          [
            73.797625,
            15.7164444
          ],
          [
            73.79747,
            15.7164628
          ],
          [
            73.7974978,
            15.7164617
          ],
          [
            73.7976778,
            15.7163939
          ],
          [
            73.7935256,
            15.7299106
          ],
          [
            73.8197528,
            15.7391006
          ],
          [
            73.805055,
            15.7360678
          ],
          [
            73.8031694,
            15.7352117
          ],
          [
            73.7961306,
            15.7274089
          ],
          [
            73.7983117,
            15.7210911
          ],
          [
            73.7989406,
            15.717265
          ],
          [
            73.7977706,
            15.7164128
          ],
          [
            73.7975539,
            15.7164111
          ],
          [
            73.7974467,
            15.7164306
          ],
          [
            73.7975417,
            15.7164256
          ]
        ]
      },
      "properties": {
        "Vehicle_No": "GA 07 G 2101-PER(MS WATER TENDER)",
        "Vehicle_Name": "AT5032-4G",
        "Branch": "Fire Station Pernem",
        "created": "10-01-2026 05:29:44+05:30",
        "lastUpdated": "10-01-2026 14:18:30+05:30"
      }
    },
    {
      "type": "Feature",
      "geometry": {
        "type": "LineString",
        "coordinates": [
          [
            73.7974961,
            15.7165433
          ],
          [
            73.7974489,
            15.7166017
          ],
          [
            73.7974261,
            15.7165983
          ],
          [
            73.7974222,
            15.7166061
          ],
          [
            73.7974383,
            15.7165889
          ],
          [
            73.797445,
            15.7165872
          ],
          [
            73.7974578,
            15.71658
          ],
          [
            73.7974689,
            15.7165733
          ],
          [
            73.7974706,
            15.7165689
          ],
          [
            73.7974761,
            15.7165622
          ],
          [
            73.7974828,
            15.71656
          ],
          [
            73.79749,
            15.7165567
          ],
          [
            73.7974967,
            15.7165578
          ],
          [
            73.7975011,
            15.7165583
          ],
          [
            73.7975022,
            15.7165578
          ],
          [
            73.7975161,
            15.7165561
          ],
          [
            73.7975461,
            15.7165489
          ],
          [
            73.7978506,
            15.7167367
          ],
          [
            73.79381,
            15.7184844
          ],
          [
            73.7889289,
            15.7224483
          ],
          [
            73.7872228,
            15.7226483
          ],
          [
            73.7823272,
            15.7264094
          ],
          [
            73.7771944,
            15.7266767
          ],
          [
            73.771135,
            15.7281633
          ],
          [
            73.76868,
            15.7299856
          ],
          [
            73.7649456,
            15.7323072
          ],
          [
            73.7594233,
            15.7320167
          ],
          [
            73.7560294,
            15.7296456
          ],
          [
            73.752045,
            15.7274511
          ],
          [
            73.7505778,
            15.719385
          ],
          [
            73.7509544,
            15.7141617
          ],
          [
            73.7470522,
            15.7133344
          ],
          [
            73.7397722,
            15.7170133
          ],
          [
            73.7362078,
            15.7180611
          ],
          [
            73.7323222,
            15.7193056
          ],
          [
            73.7311228,
            15.7139544
          ],
          [
            73.7293167,
            15.7110267
          ],
          [
            73.7248361,
            15.7099089
          ],
          [
            73.7248217,
            15.7098906
          ],
          [
            73.723245,
            15.7092028
          ],
          [
            73.7207539,
            15.7073194
          ],
          [
            73.7207117,
            15.7067833
          ],
          [
            73.7194517,
            15.7036011
          ],
          [
            73.7180117,
            15.6995622
          ],
          [
            73.7166461,
            15.6952928
          ],
          [
            73.7143422,
            15.6909161
          ],
          [
            73.7125711,
            15.6886828
          ],
          [
            73.7151739,
            15.6883433
          ],
          [
            73.719265,
            15.6884933
          ],
          [
            73.7240361,
            15.6881583
          ],
          [
            73.7279167,
            15.689065
          ],
          [
            73.7313994,
            15.6904917
          ],
          [
            73.7342344,
            15.6943567
          ],
          [
            73.7371089,
            15.696445
          ],
          [
            73.7392728,
            15.698925
          ],
          [
            73.7431106,
            15.7010589
          ],
          [
            73.7456233,
            15.702895
          ],
          [
            73.7495789,
            15.7075406
          ],
          [
            73.7506106,
            15.7092272
          ],
          [
            73.7510894,
            15.7127411
          ],
          [
            73.7508133,
            15.7145744
          ],
          [
            73.750345,
            15.7162339
          ],
          [
            73.7514156,
            15.7226583
          ],
          [
            73.752595,
            15.72853
          ],
          [
            73.7562639,
            15.7294117
          ],
          [
            73.7590189,
            15.7317356
          ],
          [
            73.7614933,
            15.7327333
          ],
          [
            73.7659172,
            15.731555
          ],
          [
            73.77159,
            15.7279372
          ],
          [
            73.7724644,
            15.7274544
          ],
          [
            73.7758222,
            15.7260656
          ],
          [
            73.7793933,
            15.7265694
          ],
          [
            73.784225,
            15.7252444
          ],
          [
            73.7882844,
            15.7224244
          ],
          [
            73.7911194,
            15.7195433
          ],
          [
            73.7940094,
            15.7186461
          ],
          [
            73.7976333,
            15.7176722
          ],
          [
            73.7978111,
            15.7166256
          ],
          [
            73.7975583,
            15.7164806
          ],
          [
            73.7975572,
            15.7164917
          ],
          [
            73.7975556,
            15.7164961
          ],
          [
            73.7975617,
            15.7165117
          ],
          [
            73.7975067,
            15.7165067
          ],
          [
            73.7975533,
            15.7164756
          ],
          [
            73.7985044,
            15.7174433
          ],
          [
            73.8016806,
            15.7164467
          ],
          [
            73.80834,
            15.7132483
          ],
          [
            73.81148,
            15.7121228
          ],
          [
            73.8123656,
            15.7115606
          ],
          [
            73.8124006,
            15.7114889
          ],
          [
            73.8110456,
            15.7125111
          ],
          [
            73.8084411,
            15.7162139
          ],
          [
            73.8061433,
            15.7173044
          ],
          [
            73.8054461,
            15.7172772
          ],
          [
            73.8054628,
            15.7172639
          ],
          [
            73.8054678,
            15.7172744
          ],
          [
            73.8054383,
            15.7172883
          ],
          [
            73.8054139,
            15.717205
          ],
          [
            73.8056394,
            15.7175528
          ],
          [
            73.8082117,
            15.717235
          ],
          [
            73.8102094,
            15.7133194
          ],
          [
            73.8104828,
            15.7125322
          ],
          [
            73.8048406,
            15.7156572
          ],
          [
            73.7989989,
            15.7166678
          ],
          [
            73.797495,
            15.7164528
          ],
          [
            73.7975306,
            15.7164839
          ],
          [
            73.79753,
            15.7164883
          ],
          [
            73.7975278,
            15.7164894
          ],
          [
            73.7974828,
            15.716555
          ],
          [
            73.7975017,
            15.71648
          ]
        ]
      },
      "properties": {
        "Vehicle_No": "GA 07 G 4600-PER(MINI RESCUE TENDER)",
        "Vehicle_Name": "AT 5032-4G",
        "Branch": "Fire Station Pernem",
        "created": "10-01-2026 05:30:34+05:30",
        "lastUpdated": "10-01-2026 14:44:20+05:30"
      }
    },
    {
      "type": "Feature",
      "geometry": {
        "type": "LineString",
        "coordinates": [
          [
            73.81732,
            15.4878589
          ],
          [
            73.8171611,
            15.4870772
          ],
          [
            73.8171878,
            15.487035
          ],
          [
            73.8172111,
            15.4870567
          ],
          [
            73.8172661,
            15.4870778
          ],
          [
            73.8172528,
            15.4870928
          ],
          [
            73.8179517,
            15.487865
          ],
          [
            73.8174356,
            15.4871594
          ],
          [
            73.8173156,
            15.4872206
          ],
          [
            73.8172756,
            15.4870978
          ],
          [
            73.8177756,
            15.4869222
          ],
          [
            73.817055,
            15.4871833
          ],
          [
            73.8178133,
            15.487745
          ],
          [
            73.8175094,
            15.48733
          ],
          [
            73.8154028,
            15.4884617
          ],
          [
            73.81092,
            15.4845394
          ],
          [
            73.8097233,
            15.4828783
          ],
          [
            73.8083967,
            15.47469
          ],
          [
            73.8069217,
            15.4683167
          ],
          [
            73.8034383,
            15.459815
          ],
          [
            73.80386,
            15.4575828
          ],
          [
            73.8040533,
            15.4581944
          ],
          [
            73.8040333,
            15.4582117
          ],
          [
            73.8040011,
            15.45823
          ],
          [
            73.8040056,
            15.458235
          ],
          [
            73.8040133,
            15.4582306
          ],
          [
            73.8040111,
            15.4582272
          ],
          [
            73.8040028,
            15.45825
          ],
          [
            73.8040144,
            15.4582417
          ],
          [
            73.8040167,
            15.4582478
          ],
          [
            73.8040294,
            15.4582556
          ],
          [
            73.8040222,
            15.4582456
          ],
          [
            73.8040194,
            15.4582328
          ],
          [
            73.8040206,
            15.458225
          ],
          [
            73.8040189,
            15.4582267
          ],
          [
            73.8040128,
            15.4582283
          ],
          [
            73.8040106,
            15.4582378
          ],
          [
            73.8040222,
            15.4582367
          ],
          [
            73.8040233,
            15.4582383
          ],
          [
            73.804025,
            15.4582378
          ],
          [
            73.8040311,
            15.4582339
          ],
          [
            73.80404,
            15.45823
          ],
          [
            73.8040433,
            15.4582239
          ],
          [
            73.8040422,
            15.4582244
          ],
          [
            73.80404,
            15.4582233
          ],
          [
            73.8040383,
            15.4582222
          ],
          [
            73.8040311,
            15.4582244
          ],
          [
            73.80402,
            15.4582267
          ],
          [
            73.8040089,
            15.4582289
          ],
          [
            73.8040083,
            15.4582228
          ],
          [
            73.80408,
            15.4582533
          ],
          [
            73.804375,
            15.45804
          ],
          [
            73.8035983,
            15.4583206
          ],
          [
            73.8039683,
            15.4615006
          ],
          [
            73.8069572,
            15.4675467
          ],
          [
            73.8085261,
            15.474445
          ],
          [
            73.8086489,
            15.4813244
          ],
          [
            73.8111111,
            15.4854517
          ],
          [
            73.8143217,
            15.4892661
          ],
          [
            73.817585,
            15.4930456
          ],
          [
            73.8187561,
            15.4939156
          ],
          [
            73.8216444,
            15.4922428
          ],
          [
            73.8236106,
            15.4886967
          ],
          [
            73.8280228,
            15.487635
          ],
          [
            73.8296,
            15.4878039
          ],
          [
            73.829655,
            15.4878244
          ],
          [
            73.829755,
            15.4878133
          ],
          [
            73.8296989,
            15.4877394
          ],
          [
            73.8296361,
            15.4877717
          ],
          [
            73.8297906,
            15.4875589
          ],
          [
            73.8298189,
            15.48757
          ],
          [
            73.829815,
            15.4875622
          ],
          [
            73.8298272,
            15.4875383
          ],
          [
            73.8297006,
            15.4877139
          ],
          [
            73.8287417,
            15.4874844
          ],
          [
            73.8257139,
            15.4878278
          ],
          [
            73.82088,
            15.4901039
          ],
          [
            73.8212228,
            15.4930511
          ],
          [
            73.8200433,
            15.4898556
          ],
          [
            73.8185583,
            15.4879828
          ],
          [
            73.8183228,
            15.4875722
          ],
          [
            73.8182306,
            15.4874561
          ],
          [
            73.8172478,
            15.4870067
          ],
          [
            73.8172594,
            15.4871111
          ]
        ]
      },
      "properties": {
        "Vehicle_No": "GA 07 G 7272-PNJ(WATER TENDER)",
        "Vehicle_Name": "AT-5032-4G",
        "Branch": "Fire Station Panaji",
        "created": "10-01-2026 05:29:54+05:30",
        "lastUpdated": "10-01-2026 15:03:55+05:30"
      }
    },
    {
      "type": "Feature",
      "geometry": {
        "type": "LineString",
        "coordinates": [
          [
            74.0209994,
            15.1861878
          ],
          [
            74.0209972,
            15.1862061
          ],
          [
            74.0209911,
            15.1862322
          ],
          [
            74.0210222,
            15.1863078
          ],
          [
            74.0210417,
            15.1862761
          ],
          [
            74.0210356,
            15.1862667
          ],
          [
            74.0210389,
            15.1862594
          ],
          [
            74.0209467,
            15.1861233
          ],
          [
            74.0185183,
            15.1851589
          ],
          [
            74.0140111,
            15.1845522
          ],
          [
            74.0103378,
            15.1844339
          ],
          [
            74.0067028,
            15.1833106
          ],
          [
            74.0009817,
            15.1814822
          ],
          [
            73.9985683,
            15.1789944
          ],
          [
            73.9945767,
            15.1804767
          ],
          [
            73.9931711,
            15.1806661
          ],
          [
            73.9847989,
            15.1810072
          ],
          [
            73.9756283,
            15.1800078
          ],
          [
            73.9732072,
            15.1801861
          ],
          [
            73.9714167,
            15.1797139
          ],
          [
            73.9730156,
            15.1752844
          ],
          [
            73.9637278,
            15.1768689
          ],
          [
            73.962755,
            15.17727
          ],
          [
            73.958575,
            15.1807033
          ],
          [
            73.9512056,
            15.1827772
          ],
          [
            73.9472039,
            15.1849617
          ],
          [
            73.9467317,
            15.1840394
          ],
          [
            73.9473017,
            15.1806911
          ],
          [
            73.9475783,
            15.17546
          ],
          [
            73.9437517,
            15.1715094
          ],
          [
            73.9464522,
            15.1630144
          ],
          [
            73.9496161,
            15.1591639
          ],
          [
            73.9497783,
            15.15893
          ],
          [
            73.9497744,
            15.15893
          ],
          [
            73.9497706,
            15.1589294
          ],
          [
            73.9497683,
            15.1589294
          ],
          [
            73.9497656,
            15.1589278
          ],
          [
            73.9497639,
            15.1589256
          ],
          [
            73.94976,
            15.1589267
          ],
          [
            73.9497589,
            15.1589244
          ],
          [
            73.9497578,
            15.1589239
          ],
          [
            73.94977,
            15.1589094
          ],
          [
            73.9495594,
            15.1592433
          ],
          [
            73.945535,
            15.1640883
          ],
          [
            73.9451544,
            15.1650594
          ],
          [
            73.944625,
            15.17406
          ],
          [
            73.9468039,
            15.1750289
          ],
          [
            73.9477267,
            15.1801917
          ],
          [
            73.9468094,
            15.1831328
          ],
          [
            73.9484528,
            15.1842494
          ],
          [
            73.9512889,
            15.18272
          ],
          [
            73.9559867,
            15.1812544
          ],
          [
            73.9608222,
            15.17837
          ],
          [
            73.9663933,
            15.175905
          ],
          [
            73.9721272,
            15.1753383
          ],
          [
            73.9719244,
            15.1779678
          ],
          [
            73.9725217,
            15.1802522
          ],
          [
            73.9733883,
            15.1801483
          ],
          [
            73.9765256,
            15.1801194
          ],
          [
            73.9808217,
            15.1799611
          ],
          [
            73.9865583,
            15.1812583
          ],
          [
            73.9924972,
            15.1809756
          ],
          [
            73.9964872,
            15.1797244
          ],
          [
            73.9981667,
            15.17942
          ],
          [
            74.0007194,
            15.1812961
          ],
          [
            74.0046389,
            15.1829967
          ],
          [
            74.0099294,
            15.1843983
          ],
          [
            74.0131733,
            15.1843522
          ],
          [
            74.0168961,
            15.1848122
          ],
          [
            74.0205517,
            15.1860189
          ],
          [
            74.0210511,
            15.1861983
          ],
          [
            74.02114,
            15.186215
          ],
          [
            74.0210728,
            15.1862083
          ]
        ]
      },
      "properties": {
        "Vehicle_No": "GA07G2384- Cuncolim",
        "Vehicle_Name": "AT 5032-4G",
        "Branch": "Fire Station Cuncolim",
        "created": "10-01-2026 05:28:59+05:30",
        "lastUpdated": "10-01-2026 14:32:27+05:30"
      }
    },
    {
      "type": "Feature",
      "geometry": {
        "type": "LineString",
        "coordinates": [
          [
            73.7975583,
            15.7164167
          ],
          [
            73.7981367,
            15.7138617
          ],
          [
            73.7989983,
            15.7100583
          ],
          [
            73.8007733,
            15.705815
          ],
          [
            73.7941483,
            15.6900533
          ],
          [
            73.790315,
            15.68539
          ],
          [
            73.786125,
            15.6809633
          ],
          [
            73.78383,
            15.6762383
          ],
          [
            73.7815267,
            15.673205
          ],
          [
            73.7808917,
            15.671025
          ],
          [
            73.7767083,
            15.6664467
          ],
          [
            73.773365,
            15.66357
          ],
          [
            73.76914,
            15.659825
          ],
          [
            73.7653567,
            15.6556417
          ],
          [
            73.7650317,
            15.650555
          ],
          [
            73.7611483,
            15.6492433
          ],
          [
            73.75905,
            15.651075
          ],
          [
            73.7390383,
            15.6610183
          ],
          [
            73.735465,
            15.6616167
          ],
          [
            73.72662,
            15.6633833
          ],
          [
            73.7241783,
            15.6645617
          ],
          [
            73.7208167,
            15.6672667
          ],
          [
            73.717465,
            15.6691567
          ],
          [
            73.7161217,
            15.669895
          ],
          [
            73.71591,
            15.6695667
          ],
          [
            73.71591,
            15.669545
          ],
          [
            73.7155433,
            15.671185
          ],
          [
            73.7163733,
            15.6726933
          ],
          [
            73.7182367,
            15.6729167
          ],
          [
            73.7223233,
            15.6726567
          ],
          [
            73.72531,
            15.6719983
          ],
          [
            73.728605,
            15.6713967
          ],
          [
            73.73151,
            15.6707067
          ],
          [
            73.736165,
            15.671685
          ],
          [
            73.7392333,
            15.67391
          ],
          [
            73.7435133,
            15.6761533
          ],
          [
            73.74825,
            15.6785233
          ],
          [
            73.7494383,
            15.6796067
          ],
          [
            73.74987,
            15.6801783
          ],
          [
            73.75249,
            15.68162
          ],
          [
            73.7578933,
            15.6872767
          ],
          [
            73.7608317,
            15.6906917
          ],
          [
            73.7638517,
            15.6886733
          ],
          [
            73.765845,
            15.6921083
          ],
          [
            73.76674,
            15.6943383
          ],
          [
            73.7694417,
            15.696885
          ],
          [
            73.7725583,
            15.698535
          ],
          [
            73.7762783,
            15.6998817
          ],
          [
            73.7804683,
            15.700015
          ],
          [
            73.7829183,
            15.697865
          ],
          [
            73.791015,
            15.6916333
          ],
          [
            73.7937017,
            15.69049
          ],
          [
            73.7954833,
            15.6917683
          ],
          [
            73.7980067,
            15.6950133
          ],
          [
            73.7997567,
            15.6974667
          ],
          [
            73.801375,
            15.699695
          ],
          [
            73.7988117,
            15.7089133
          ],
          [
            73.7977133,
            15.7147967
          ],
          [
            73.7977867,
            15.716475
          ],
          [
            73.7975667,
            15.716535
          ],
          [
            73.79755,
            15.716535
          ],
          [
            73.7975183,
            15.7165117
          ],
          [
            73.797615,
            15.7163617
          ],
          [
            73.7982183,
            15.714695
          ],
          [
            73.799145,
            15.7091517
          ],
          [
            73.80022,
            15.7067317
          ],
          [
            73.79773,
            15.69465
          ],
          [
            73.7957117,
            15.6911383
          ],
          [
            73.796485,
            15.6916083
          ],
          [
            73.796485,
            15.691595
          ],
          [
            73.7964767,
            15.691605
          ],
          [
            73.796485,
            15.691605
          ],
          [
            73.7967533,
            15.6933333
          ],
          [
            73.796745,
            15.6933283
          ],
          [
            73.7967367,
            15.6933283
          ],
          [
            73.7961583,
            15.6925817
          ],
          [
            73.79615,
            15.6925667
          ],
          [
            73.7961583,
            15.69256
          ],
          [
            73.7970533,
            15.6937667
          ],
          [
            73.8000167,
            15.6976967
          ],
          [
            73.7987717,
            15.70952
          ],
          [
            73.7980633,
            15.7117633
          ],
          [
            73.79795,
            15.714135
          ],
          [
            73.79795,
            15.7141617
          ],
          [
            73.79795,
            15.71416
          ],
          [
            73.7979417,
            15.7141567
          ],
          [
            73.7976233,
            15.7164733
          ],
          [
            73.7975583,
            15.7165033
          ],
          [
            73.7975017,
            15.7165
          ],
          [
            73.7975417,
            15.7164767
          ],
          [
            73.7976,
            15.7163933
          ],
          [
            73.7978183,
            15.7192683
          ],
          [
            73.7976233,
            15.7240617
          ],
          [
            73.793855,
            15.728575
          ],
          [
            73.7959967,
            15.7335817
          ],
          [
            73.801285,
            15.73384
          ],
          [
            73.80621,
            15.7364417
          ],
          [
            73.8074467,
            15.7322617
          ],
          [
            73.8119217,
            15.730035
          ],
          [
            73.8144367,
            15.729745
          ],
          [
            73.8145267,
            15.7286867
          ],
          [
            73.8145433,
            15.7286517
          ],
          [
            73.8144617,
            15.72866
          ],
          [
            73.81447,
            15.7286517
          ],
          [
            73.8143317,
            15.7300533
          ],
          [
            73.8089117,
            15.7314317
          ],
          [
            73.808505,
            15.7305133
          ],
          [
            73.81171,
            15.726945
          ],
          [
            73.81189,
            15.7225283
          ],
          [
            73.80979,
            15.715115
          ],
          [
            73.8134517,
            15.7101417
          ],
          [
            73.8153317,
            15.7083
          ],
          [
            73.815315,
            15.7083117
          ],
          [
            73.8153083,
            15.7083033
          ],
          [
            73.8142333,
            15.7092583
          ],
          [
            73.8110767,
            15.712475
          ],
          [
            73.80778,
            15.7134567
          ],
          [
            73.80205,
            15.716315
          ],
          [
            73.7978683,
            15.71667
          ],
          [
            73.7975267,
            15.7165117
          ],
          [
            73.79751,
            15.7164633
          ],
          [
            73.797535,
            15.7164533
          ]
        ]
      },
      "properties": {
        "Vehicle_No": "GA07G2507 - PER Mid Size (Water Tender)",
        "Vehicle_Name": "5035",
        "Branch": "Fire Station Pernem",
        "created": "10-01-2026 05:30:09+05:30",
        "lastUpdated": "10-01-2026 16:56:56+05:30"
      }
    },
    {
      "type": "Feature",
      "geometry": {
        "type": "LineString",
        "coordinates": [
          [
            74.138525,
            15.5309217
          ]
        ]
      },
      "properties": {
        "Vehicle_No": "GA07G2505 - VAP Mid Size (Water Tender)",
        "Vehicle_Name": "5035",
        "Branch": "Fire Station Valpoi",
        "created": "10-01-2026 05:30:31+05:30",
        "lastUpdated": "10-01-2026 05:30:31+05:30"
      }
    },
    {
      "type": "Feature",
      "geometry": {
        "type": "LineString",
        "coordinates": [
          [
            73.9467283,
            15.5895833
          ],
          [
            73.9457433,
            15.5920667
          ],
          [
            73.9413417,
            15.5977417
          ],
          [
            73.935905,
            15.6031417
          ],
          [
            73.9328133,
            15.60743
          ],
          [
            73.9269783,
            15.6144633
          ],
          [
            73.9228683,
            15.6170667
          ],
          [
            73.9122717,
            15.6195333
          ],
          [
            73.9127517,
            15.622225
          ],
          [
            73.9139317,
            15.6302167
          ],
          [
            73.9198817,
            15.6359767
          ],
          [
            73.9229733,
            15.63798
          ],
          [
            73.9394367,
            15.6681567
          ],
          [
            73.93903,
            15.6701617
          ],
          [
            73.9388017,
            15.6858283
          ],
          [
            73.9353683,
            15.6886817
          ],
          [
            73.92749,
            15.6903933
          ],
          [
            73.92684,
            15.68648
          ],
          [
            73.9240717,
            15.685465
          ],
          [
            73.8999667,
            15.6843767
          ],
          [
            73.8997717,
            15.6819617
          ],
          [
            73.8997567,
            15.6819633
          ],
          [
            73.9005133,
            15.6799783
          ],
          [
            73.9008783,
            15.6794317
          ],
          [
            73.899585,
            15.68371
          ],
          [
            73.8998133,
            15.6857917
          ],
          [
            73.8998133,
            15.6857933
          ],
          [
            73.9003017,
            15.684955
          ],
          [
            73.9027583,
            15.6860183
          ],
          [
            73.9036867,
            15.68625
          ],
          [
            73.9182133,
            15.6876717
          ],
          [
            73.9188633,
            15.68698
          ],
          [
            73.928215,
            15.6924233
          ],
          [
            73.9328283,
            15.6911133
          ],
          [
            73.937825,
            15.6868933
          ],
          [
            73.940235,
            15.6804233
          ],
          [
            73.9373783,
            15.6742967
          ],
          [
            73.9389817,
            15.6701317
          ],
          [
            73.939095,
            15.66923
          ],
          [
            73.9384683,
            15.657255
          ],
          [
            73.9381433,
            15.65575
          ],
          [
            73.9196133,
            15.6359317
          ],
          [
            73.9143067,
            15.63113
          ],
          [
            73.9132167,
            15.6280267
          ],
          [
            73.9121583,
            15.6205667
          ],
          [
            73.9154217,
            15.6194383
          ],
          [
            73.9247483,
            15.6162217
          ],
          [
            73.93147,
            15.6095017
          ],
          [
            73.93357,
            15.60617
          ],
          [
            73.937435,
            15.60167
          ],
          [
            73.9415533,
            15.5975583
          ],
          [
            73.94576,
            15.59017
          ],
          [
            73.9466233,
            15.5891683
          ],
          [
            73.9466067,
            15.5893583
          ],
          [
            73.9466233,
            15.589455
          ],
          [
            73.946485,
            15.589325
          ],
          [
            73.946565,
            15.5894233
          ],
          [
            73.9486983,
            15.5882367
          ],
          [
            73.9497967,
            15.5890083
          ],
          [
            73.9536383,
            15.592555
          ],
          [
            73.9533767,
            15.59254
          ],
          [
            73.950985,
            15.59409
          ],
          [
            73.9482183,
            15.6004433
          ],
          [
            73.9455317,
            15.6025933
          ],
          [
            73.9455483,
            15.6025833
          ],
          [
            73.9423333,
            15.6043767
          ],
          [
            73.9423183,
            15.604465
          ],
          [
            73.9438883,
            15.60487
          ],
          [
            73.9439283,
            15.60486
          ],
          [
            73.943905,
            15.60485
          ],
          [
            73.9439217,
            15.6048567
          ],
          [
            73.9425783,
            15.6045517
          ],
          [
            73.9452633,
            15.6029033
          ],
          [
            73.9490483,
            15.5968267
          ],
          [
            73.955705,
            15.59164
          ],
          [
            73.9608067,
            15.5850383
          ],
          [
            73.95975,
            15.5845983
          ],
          [
            73.9560383,
            15.5858983
          ],
          [
            73.95249,
            15.5877
          ],
          [
            73.948975,
            15.5881767
          ],
          [
            73.9465733,
            15.589215
          ],
          [
            73.9466233,
            15.5893633
          ],
          [
            73.946615,
            15.589325
          ]
        ]
      },
      "properties": {
        "Vehicle_No": "GA07G2504 - BIC Mid Size (Water Tender)",
        "Vehicle_Name": "5035",
        "Branch": "Fire Station Bicholim",
        "created": "10-01-2026 05:30:40+05:30",
        "lastUpdated": "10-01-2026 15:40:44+05:30"
      }
    },
    {
      "type": "Feature",
      "geometry": {
        "type": "LineString",
        "coordinates": [
          [
            73.8086017,
            15.58997
          ],
          [
            73.8098633,
            15.5910133
          ],
          [
            73.8092117,
            15.5889717
          ],
          [
            73.8055833,
            15.5859817
          ],
          [
            73.8011467,
            15.58205
          ],
          [
            73.7973967,
            15.5788317
          ],
          [
            73.793725,
            15.574155
          ],
          [
            73.79222,
            15.57276
          ],
          [
            73.790055,
            15.5710817
          ],
          [
            73.7861983,
            15.566355
          ],
          [
            73.7836267,
            15.5639767
          ],
          [
            73.7798017,
            15.5602617
          ],
          [
            73.7747567,
            15.55633
          ],
          [
            73.7747317,
            15.55633
          ],
          [
            73.77474,
            15.5563317
          ],
          [
            73.7747317,
            15.5563333
          ],
          [
            73.77474,
            15.556335
          ],
          [
            73.7746833,
            15.5563033
          ],
          [
            73.7771,
            15.5589517
          ],
          [
            73.7805183,
            15.5609417
          ],
          [
            73.78566,
            15.5655733
          ],
          [
            73.7864017,
            15.56677
          ],
          [
            73.7959467,
            15.5772217
          ],
          [
            73.8009283,
            15.5819383
          ],
          [
            73.80162,
            15.582565
          ],
          [
            73.80691,
            15.5871533
          ],
          [
            73.8090733,
            15.5890883
          ],
          [
            73.8099367,
            15.590825
          ],
          [
            73.8088867,
            15.58995
          ],
          [
            73.8088867,
            15.5899517
          ],
          [
            73.8087567,
            15.5898717
          ]
        ]
      },
      "properties": {
        "Vehicle_No": "GA07G2503- MAP Mid Size (Water Tender)",
        "Vehicle_Name": "5035",
        "Branch": "Fire Station Mapusa",
        "created": "10-01-2026 05:30:01+05:30",
        "lastUpdated": "10-01-2026 14:03:41+05:30"
      }
    },
    {
      "type": "Feature",
      "geometry": {
        "type": "LineString",
        "coordinates": [
          [
            73.8171217,
            15.4870917
          ],
          [
            73.8174233,
            15.4869767
          ],
          [
            73.817065,
            15.48699
          ],
          [
            73.81473,
            15.4894833
          ],
          [
            73.8168783,
            15.4920267
          ],
          [
            73.8164717,
            15.4924483
          ],
          [
            73.8160233,
            15.4930417
          ],
          [
            73.8159833,
            15.4929317
          ],
          [
            73.8159833,
            15.492945
          ],
          [
            73.8170983,
            15.4928617
          ],
          [
            73.817,
            15.49278
          ],
          [
            73.8170167,
            15.4927833
          ],
          [
            73.817,
            15.492775
          ]
        ]
      },
      "properties": {
        "Vehicle_No": "GA07G2502 - FFHQ Mid Size (Water Tender)",
        "Vehicle_Name": "5035",
        "Branch": "Fire Force Headquarters",
        "created": "10-01-2026 05:30:01+05:30",
        "lastUpdated": "10-01-2026 11:08:24+05:30"
      }
    }
  ]
}